Time,Open,High,Low,Latest,Change,%Change,Volume
"2026-03-04 23:45",25054.5,25066,25033,25034.75,-20.75,-0.08%,1799
"2026-03-04 23:30",25077.5,25081,25052.5,25055.5,-21.75,-0.09%,1034
"2026-03-04 23:15",25088.75,25090.5,25067.75,25077.25,-11.75,-0.05%,1104
"2026-03-04 23:00",25103.25,25104.5,25084,25089,-13.5,-0.05%,885
"2026-03-04 22:45",25082.5,25106.75,25082,25102.5,20.25,+0.08%,1141
"2026-03-04 22:30",25088.75,25095.75,25066.75,25082.25,-6.5,-0.03%,1071
"2026-03-04 22:15",25074.5,25088.75,25066.75,25088.75,15,+0.06%,1058
"2026-03-04 22:00",25046.75,25083.75,25031.75,25073.75,25.5,+0.10%,1893
"2026-03-04 21:45",25040,25070.75,25030.5,25048.25,7,+0.03%,1812
"2026-03-04 21:30",25048.5,25062,25025.25,25041.25,-6.25,-0.02%,2909
"2026-03-04 21:15",25079.75,25086.5,25029.75,25047.5,-31.,-0.12%,2056
"2026-03-04 21:00",25090.75,25101.5,25074.5,25078.5,-12.75,-0.05%,1430
"2026-03-04 20:45",25087,25125.5,25078,25091.25,4,+0.02%,2385
"2026-03-04 20:30",25070,25094.75,25050,25087.25,19.25,+0.08%,1900
"2026-03-04 20:15",25083.75,25094,25056.5,25068,-17.25,-0.07%,1705
"2026-03-04 20:00",25070.75,25095,25060.25,25085.25,14.25,+0.06%,2229
"2026-03-04 19:45",25087.25,25121.5,25044,25071,-15.,-0.06%,4819
"2026-03-04 19:30",25140,25174.75,25072,25086,-54.75,-0.22%,5719
"2026-03-04 19:15",25196.25,25197.5,25134.25,25140.75,-56.5,-0.22%,3977
"2026-03-04 19:00",25209.75,25217.5,25184.5,25197.25,-11.,-0.04%,1939
"2026-03-04 18:45",25213,25221,25198.5,25208.25,-3.5,-0.01%,1417
"2026-03-04 18:30",25213,25228.75,25202,25211.75,-0.5,0.00%,2115
"2026-03-04 18:15",25200,25250,25198.75,25212.25,13.5,+0.05%,4064
"2026-03-04 18:00",25171,25203.5,25160.25,25198.75,27,+0.11%,2041
"2026-03-04 17:45",25180.25,25190.75,25166,25171.75,-8.25,-0.03%,1648
"2026-03-04 17:30",25152,25185,25145,25180,28.5,+0.11%,1330
"2026-03-04 17:15",25170.5,25172.5,25143.5,25151.5,-20.,-0.08%,1388
"2026-03-04 17:00",25156.5,25177.25,25140,25171.5,33.5,+0.13%,2200
"2026-03-04 15:45",25136.25,25153.5,25127.75,25138,1.5,+0.01%,1558
"2026-03-04 15:30",25139.5,25145,25130,25136.5,-2.75,-0.01%,1162
"2026-03-04 15:15",25151.5,25163.25,25114,25139.25,-12.,-0.05%,4471
"2026-03-04 15:00",25120,25156.25,25092.5,25151.25,31.25,+0.12%,13191
"2026-03-04 14:45",25164.25,25165.75,25113.5,25120,-44.25,-0.18%,26571
"2026-03-04 14:30",25150.75,25167.75,25135.75,25164.25,13,+0.05%,7212
"2026-03-04 14:15",25150.25,25155.25,25124,25151.25,1.25,0.00%,10558
"2026-03-04 14:00",25188.75,25195.25,25147.25,25150,-39.,-0.15%,8238
"2026-03-04 13:45",25191.25,25201.75,25180.25,25189,-2.25,-0.01%,4836
"2026-03-04 13:30",25194.75,25207,25183.5,25191.25,-3.25,-0.01%,5335
"2026-03-04 13:15",25209.5,25216.25,25189.25,25194.5,-15.25,-0.06%,5700
"2026-03-04 13:00",25192.75,25217.75,25186.25,25209.75,17.25,+0.07%,7454
"2026-03-04 12:45",25201,25214.25,25178.75,25192.5,-7.75,-0.03%,8982
"2026-03-04 12:30",25172,25213.75,25170.5,25200.25,28.5,+0.11%,10984
"2026-03-04 12:15",25162.5,25174.75,25140.5,25171.75,8.5,+0.03%,6642
"2026-03-04 12:00",25170,25183,25157.25,25163.25,-5.5,-0.02%,7096
"2026-03-04 11:45",25152.5,25181.5,25150.25,25168.75,15.25,+0.06%,8741
"2026-03-04 11:30",25133.25,25173.5,25105,25153.5,20.75,+0.08%,11744
"2026-03-04 11:15",25156.25,25166,25131,25132.75,-23.75,-0.09%,8270
"2026-03-04 11:00",25146.25,25174.25,25132.25,25156.5,11,+0.04%,8626
"2026-03-04 10:45",25160,25170.5,25139.25,25145.5,-14.25,-0.06%,12310
"2026-03-04 10:30",25105.75,25168.5,25097.25,25159.75,54,+0.22%,16063
"2026-03-04 10:15",25071,25121.25,25051,25105.75,35.5,+0.14%,15134
"2026-03-04 10:00",25127.25,25158.25,25059,25070.25,-57.25,-0.23%,19584
"2026-03-04 09:45",25062.25,25132.5,25036.75,25127.5,66,+0.26%,18235
"2026-03-04 09:30",25139.25,25148.5,25060.75,25061.5,-77.5,-0.31%,22241
"2026-03-04 09:15",24978,25146.25,24973.75,25139,160.75,+0.64%,30640
"2026-03-04 09:00",24922.75,25009.75,24891.5,24978.25,59,+0.24%,30045
"2026-03-04 08:45",24849.25,24944,24826,24919.25,66,+0.27%,25199
"2026-03-04 08:30",24853.5,24970.25,24837.25,24853.25,0.25,0.00%,43767
"2026-03-04 08:15",24896,24911.5,24846.5,24853,-44.,-0.18%,6624
"2026-03-04 08:00",24889.5,24904.5,24866,24897,7.75,+0.03%,4233
"2026-03-04 07:45",24902.75,24918.25,24875.5,24889.25,-15.,-0.06%,5841
"2026-03-04 07:30",24882.75,24925,24860.25,24904.25,22.25,+0.09%,6418
"2026-03-04 07:15",24918,24926.75,24863.25,24882,-36.,-0.14%,5258
"2026-03-04 07:00",24800.5,24930.25,24795.5,24918,117.25,+0.47%,9001
"2026-03-04 06:45",24782.25,24803.25,24758.25,24800.75,17,+0.07%,2671
"2026-03-04 06:30",24732.25,24794.25,24720.5,24783.75,52.5,+0.21%,4090
"2026-03-04 06:15",24829.5,24829.5,24728,24731.25,-96.75,-0.39%,4975
"2026-03-04 06:00",24806.25,24844.25,24804.25,24828,22.5,+0.09%,3246
"2026-03-04 05:45",24815,24836.25,24801.25,24805.5,-12.,-0.05%,2875
"2026-03-04 05:30",24864.5,24872.5,24816.25,24817.5,-46.5,-0.19%,2703
"2026-03-04 05:15",24860,24895,24855.75,24864,5,+0.02%,3309
"2026-03-04 05:00",24842.75,24875,24839.5,24859,16.5,+0.07%,3748
"2026-03-04 04:45",24833.25,24854.5,24812.25,24842.5,9.75,+0.04%,2571
"2026-03-04 04:30",24806,24845.25,24805.25,24832.75,27.5,+0.11%,2281
"2026-03-04 04:15",24851.25,24866.25,24795.25,24805.25,-45.,-0.18%,4932
"2026-03-04 04:00",24754.25,24860,24734.25,24850.25,95.5,+0.39%,7577
"2026-03-04 03:45",24733.5,24771.25,24726.25,24754.75,20.75,+0.08%,2928
"2026-03-04 03:30",24707.25,24745.5,24694.75,24734,27.25,+0.11%,2676
"2026-03-04 03:15",24692.5,24720.75,24685.5,24706.75,13.5,+0.05%,2227
"2026-03-04 03:00",24648.25,24708,24621,24693.25,49.25,+0.20%,2675
"2026-03-04 02:45",24667,24678,24632.25,24644,-20.,-0.08%,1638
"2026-03-04 02:30",24629.75,24668.5,24619.75,24664,34.25,+0.14%,2050
"2026-03-04 02:15",24669.75,24688.25,24611.5,24629.75,-39.25,-0.16%,2770
"2026-03-04 02:00",24657,24675.75,24635.75,24669,12,+0.05%,3864
"2026-03-04 01:45",24655.75,24677.75,24642,24657,0.75,0.00%,2085
"2026-03-04 01:30",24602.5,24665.5,24597.5,24656.25,55.25,+0.22%,2963
"2026-03-04 01:15",24540.75,24615.25,24535.5,24601,58,+0.24%,2623
"2026-03-04 01:00",24570.25,24585,24537.5,24543,-29.25,-0.12%,2108
"2026-03-04 00:45",24572.25,24575.5,24547,24572.25,-0.5,0.00%,1472
"2026-03-04 00:30",24547,24590,24541,24572.75,25.5,+0.10%,2300
"2026-03-04 00:15",24517.25,24549.25,24499,24547.25,29.75,+0.12%,2796
"2026-03-04 00:00",24573.5,24573.5,24511.5,24517.5,-56.75,-0.23%,2043
"2026-03-03 23:45",24597.75,24606.75,24570,24574.25,-23.25,-0.09%,1193
"2026-03-03 23:30",24557,24617.75,24541,24597.5,40,+0.16%,1739
"2026-03-03 23:15",24565.25,24593.75,24532.5,24557.5,-7.5,-0.03%,1824
"2026-03-03 23:00",24590.75,24613,24562,24565,-23.25,-0.09%,1691
"2026-03-03 22:45",24599,24607.5,24575,24588.25,-10.,-0.04%,1166
"2026-03-03 22:30",24591.75,24605.5,24566,24598.25,5,+0.02%,1822
"2026-03-03 22:15",24621.75,24637.25,24586,24593.25,-29.75,-0.12%,1693
"2026-03-03 22:00",24600.25,24644.75,24594,24623,23.75,+0.10%,2490
"2026-03-03 21:45",24566.25,24600.75,24550.5,24599.25,34,+0.14%,2238
"2026-03-03 21:30",24568.25,24573,24525,24565.25,-4.25,-0.02%,3361
"2026-03-03 21:15",24593.75,24603.5,24555.5,24569.5,-23.75,-0.10%,2410
"2026-03-03 21:00",24637,24638,24586,24593.25,-43.75,-0.18%,2760
"2026-03-03 20:45",24624.5,24666.75,24623.25,24637,12.75,+0.05%,2153
"2026-03-03 20:30",24621.75,24629.5,24588,24624.25,1.75,+0.01%,2867
"2026-03-03 20:15",24642.25,24667.5,24619,24622.5,-21.5,-0.09%,2004
"2026-03-03 20:00",24676.5,24703.25,24633.75,24644,-32.,-0.13%,2635
"2026-03-03 19:45",24710.25,24713.75,24645.5,24676,-33.,-0.13%,2946
"2026-03-03 19:30",24651.75,24721.5,24630.75,24709,56,+0.23%,3354
"2026-03-03 19:15",24704.75,24719.5,24637.5,24653,-52.,-0.21%,3616
"2026-03-03 19:00",24749,24772.25,24691,24705,-42.5,-0.17%,2746
"2026-03-03 18:45",24699.25,24766,24699.25,24747.5,47.5,+0.19%,3057
"2026-03-03 18:30",24768.25,24770.5,24688.75,24700,-66.75,-0.27%,3054
"2026-03-03 18:15",24737.5,24803.5,24732.25,24766.75,29.75,+0.12%,3193
"2026-03-03 18:00",24702,24744.5,24676,24737,34,+0.14%,2880
"2026-03-03 17:45",24719.75,24742,24698,24703,-17.25,-0.07%,1156
"2026-03-03 17:30",24708.5,24733,24700.5,24720.25,13.5,+0.05%,899
"2026-03-03 17:15",24747.75,24759.5,24702.25,24706.75,-39.5,-0.16%,2224
"2026-03-03 17:00",24710.75,24765,24669.75,24746.25,36.5,+0.15%,3469
"2026-03-03 15:45",24720,24727.25,24707.75,24709.75,-11.25,-0.05%,1355
"2026-03-03 15:30",24723.5,24731.25,24691.5,24721,-2.5,-0.01%,2900
"2026-03-03 15:15",24736.75,24746.75,24717,24723.5,-14.,-0.06%,2028
"2026-03-03 15:00",24757.25,24758.25,24727,24737.5,-19.75,-0.08%,7882
"2026-03-03 14:45",24767.5,24780,24718,24757.25,-10.75,-0.04%,24592
"2026-03-03 14:30",24782.25,24807.75,24755.75,24768,-14.75,-0.06%,9091
"2026-03-03 14:15",24773.75,24790.25,24741.5,24782.75,8.25,+0.03%,9935
"2026-03-03 14:00",24787.25,24821.75,24773.5,24774.5,-12.75,-0.05%,9895
"2026-03-03 13:45",24820.75,24850,24766,24787.25,-32.5,-0.13%,12663
"2026-03-03 13:30",24759.5,24822.75,24709.5,24819.75,60.5,+0.24%,16938
"2026-03-03 13:15",24768.5,24802.75,24752,24759.25,-7.25,-0.03%,8736
"2026-03-03 13:00",24799.5,24813.5,24730.25,24766.5,-33.75,-0.14%,10748
"2026-03-03 12:45",24803,24824.5,24771,24800.25,-2.25,-0.01%,10380
"2026-03-03 12:30",24746.25,24832.5,24742,24802.5,55.75,+0.23%,14666
"2026-03-03 12:15",24680,24772.25,24674.5,24746.75,67.75,+0.27%,13764
"2026-03-03 12:00",24641,24704,24640.75,24679,37.5,+0.15%,10843
"2026-03-03 11:45",24692,24699,24624.5,24641.5,-51.25,-0.21%,9077
"2026-03-03 11:30",24705.25,24707.5,24602.5,24692.75,-12.,-0.05%,11081
"2026-03-03 11:15",24656,24712.25,24631.75,24704.75,48.25,+0.20%,11723
"2026-03-03 11:00",24671,24691.5,24620.5,24656.5,-15.5,-0.06%,14781
"2026-03-03 10:45",24647.25,24724.75,24644.75,24672,24.5,+0.10%,20182
"2026-03-03 10:30",24618,24653.75,24563.25,24647.5,28.75,+0.12%,19593
"2026-03-03 10:15",24573,24642.5,24570,24618.75,46.75,+0.19%,19452
"2026-03-03 10:00",24447.25,24592,24436.5,24572,125.25,+0.51%,23678
"2026-03-03 09:45",24415.5,24460,24373,24446.75,31.5,+0.13%,20823
"2026-03-03 09:30",24358.75,24472.75,24356.25,24415.25,56.75,+0.23%,24779
"2026-03-03 09:15",24501.25,24518.5,24352,24358.5,-142.5,-0.58%,26960
"2026-03-03 09:00",24489,24562.5,24459.75,24501,11.75,+0.05%,32002
"2026-03-03 08:45",24532,24614.25,24480.25,24489.25,-43.75,-0.18%,33610
"2026-03-03 08:30",24535,24661.25,24502.5,24533,-2.,-0.01%,52320
"2026-03-03 08:15",24478.25,24543.5,24471.25,24535,56.25,+0.23%,8939
"2026-03-03 08:00",24497,24507,24456,24478.75,-17.25,-0.07%,5948
"2026-03-03 07:45",24496,24501,24447.75,24496,0.5,0.00%,6174
"2026-03-03 07:30",24530.25,24532.75,24474.25,24495.5,-34.25,-0.14%,7744
"2026-03-03 07:15",24550.5,24575.5,24515,24529.75,-19.75,-0.08%,4658
"2026-03-03 07:00",24584,24590,24528.5,24549.5,-34.,-0.14%,4085
"2026-03-03 06:45",24582,24606.75,24557.25,24583.5,2.25,+0.01%,3925
"2026-03-03 06:30",24570.5,24591.5,24549.75,24581.25,9.75,+0.04%,4245
"2026-03-03 06:15",24556.25,24601.25,24535.5,24571.5,16.25,+0.07%,5234
"2026-03-03 06:00",24487,24576,24478.5,24555.25,66.75,+0.27%,5888
"2026-03-03 05:45",24497.75,24514.25,24471,24488.5,-9.5,-0.04%,3589
"2026-03-03 05:30",24457.75,24508.25,24455.5,24498,43,+0.18%,4346
"2026-03-03 05:15",24428.25,24486.75,24370,24455,26.5,+0.11%,6106
"2026-03-03 05:00",24450.25,24478.25,24423,24428.5,-24.25,-0.10%,3645
"2026-03-03 04:45",24468.25,24483,24400.25,24452.75,-16.25,-0.07%,5238
"2026-03-03 04:30",24436.5,24470.25,24393,24469,32.25,+0.13%,7981
"2026-03-03 04:15",24447.5,24480,24433.75,24436.75,-14.75,-0.06%,3708
"2026-03-03 04:00",24454,24484,24422,24451.5,-2.25,-0.01%,5629
"2026-03-03 03:45",24500.25,24503,24444,24453.75,-46.5,-0.19%,6295
"2026-03-03 03:30",24520,24543.25,24495,24500.25,-20.,-0.08%,4293
"2026-03-03 03:15",24558.5,24561,24509,24520.25,-39.75,-0.16%,3672
"2026-03-03 03:00",24516.25,24581.75,24515.25,24560,43.5,+0.18%,6266
"2026-03-03 02:45",24538.75,24548,24505,24516.5,-22.5,-0.09%,5153
"2026-03-03 02:30",24598,24621.5,24506.75,24539,-59.75,-0.24%,8930
"2026-03-03 02:15",24638,24662,24597.75,24598.75,-39.25,-0.16%,6362
"2026-03-03 02:00",24674.75,24694.5,24634,24638,-38.,-0.15%,5813
"2026-03-03 01:45",24700.5,24713.5,24668.5,24676,-25.,-0.10%,2502
"2026-03-03 01:30",24703.75,24713.5,24676.5,24701,-2.75,-0.01%,2683
"2026-03-03 01:15",24738.25,24758,24692.75,24703.75,-34.5,-0.14%,2914
"2026-03-03 01:00",24753.25,24767.5,24721,24738.25,-15.75,-0.06%,3490
"2026-03-03 00:45",24757.75,24765.25,24737,24754,-4.5,-0.02%,1933
"2026-03-03 00:30",24795.25,24800,24757.75,24758.5,-38.75,-0.16%,1868
"2026-03-03 00:15",24763.25,24797.75,24736,24797.25,33.75,+0.14%,2107
"2026-03-03 00:00",24765.25,24789.25,24743,24763.5,-2.,-0.01%,2313
"2026-03-02 23:45",24776.25,24784.5,24744,24765.5,-10.5,-0.04%,2290
"2026-03-02 23:30",24811.5,24811.5,24771.75,24776,-37.25,-0.15%,2532
"2026-03-02 23:15",24810.25,24822.25,24799,24813.25,4.5,+0.02%,1289
"2026-03-02 23:00",24811.25,24829,24796.75,24808.75,-1.5,-0.01%,1625
"2026-03-02 22:45",24819.5,24825,24788.75,24810.25,-8.,-0.03%,2021
"2026-03-02 22:30",24816,24830.5,24800,24818.25,3,+0.01%,1672
"2026-03-02 22:15",24835.75,24846.25,24800.75,24815.25,-20.,-0.08%,1723
"2026-03-02 22:00",24846.5,24864,24822.5,24835.25,-10.75,-0.04%,1425
"2026-03-02 21:45",24865,24880,24839,24846,-17.25,-0.07%,1317
"2026-03-02 21:30",24823.25,24873.25,24804.25,24863.25,40,+0.16%,2376
"2026-03-02 21:15",24852.75,24860.5,24816,24823.25,-28.5,-0.11%,1350
"2026-03-02 21:00",24862.75,24883.25,24833.25,24851.75,-9.5,-0.04%,1658
"2026-03-02 20:45",24860.75,24877.75,24850.75,24861.25,-0.75,0.00%,1528
"2026-03-02 20:30",24837.25,24879.25,24831,24862,24.5,+0.10%,2687
"2026-03-02 20:15",24857,24859,24806.5,24837.5,-16.,-0.06%,3224
"2026-03-02 20:00",24874,24878.25,24835,24853.5,-19.25,-0.08%,3265
"2026-03-02 19:45",24910.5,24914,24869,24872.75,-37.,-0.15%,1733
"2026-03-02 19:30",24923.25,24934,24893,24909.75,-13.75,-0.06%,2059
"2026-03-02 19:15",24944.25,24960,24921.25,24923.5,-19.25,-0.08%,1919
"2026-03-02 19:00",24931.75,24956.5,24904,24942.75,11.25,+0.05%,2275
"2026-03-02 18:45",24947.25,24952,24925,24931.5,-15.,-0.06%,1010
"2026-03-02 18:30",24942,24948.25,24930.75,24946.5,7,+0.03%,914
"2026-03-02 18:15",24948,24957.25,24927,24939.5,-8.,-0.03%,1762
"2026-03-02 18:00",24972.5,24982.25,24939.5,24947.5,-23.5,-0.09%,2054
"2026-03-02 17:45",24947.25,24978.75,24947,24971,23.5,+0.09%,1276
"2026-03-02 17:30",24963,24971.5,24944.25,24947.5,-13.25,-0.05%,1185
"2026-03-02 17:15",24973.25,24977.25,24947,24960.75,-11.25,-0.05%,1787
"2026-03-02 17:00",25002.75,25011,24965,24972,-23.75,-0.10%,2560
"2026-03-02 15:45",25005.25,25006.5,24978.5,24995.75,-9.5,-0.04%,1746
"2026-03-02 15:30",24996.25,25007.75,24992.5,25005.25,7.75,+0.03%,1072
"2026-03-02 15:15",24998,25000.75,24984.25,24997.5,0.25,0.00%,1809
"2026-03-02 15:00",25022.25,25028.75,24976.5,24997.25,-26.,-0.10%,10027
"2026-03-02 14:45",25008,25062.75,24996.5,25023.25,14.5,+0.06%,24439
"2026-03-02 14:30",24967.5,25015.75,24962,25008.75,42.5,+0.17%,10174
"2026-03-02 14:15",24967.25,25020.75,24946.75,24966.25,-1.5,-0.01%,16921
"2026-03-02 14:00",25082.5,25090.5,24959,24967.75,-115.,-0.46%,23382
"2026-03-02 13:45",25077,25101,25076.25,25082.75,6,+0.02%,6639
"2026-03-02 13:30",25079.75,25098.25,25068.5,25076.75,-2.5,-0.01%,10349
"2026-03-02 13:15",25049.5,25089,25049,25079.25,30.25,+0.12%,16022
"2026-03-02 13:00",24972,25055.25,24966.25,25049,76.5,+0.31%,10527
"2026-03-02 12:45",25021,25021.75,24968.5,24972.5,-49.25,-0.20%,8835
"2026-03-02 12:30",25036.25,25039.5,24999.75,25021.75,-14.25,-0.06%,9032
"2026-03-02 12:15",25048.5,25050.75,25013.5,25036,-13.5,-0.05%,7928
"2026-03-02 12:00",25066,25074.75,25036.5,25049.5,-16.25,-0.06%,7316
"2026-03-02 11:45",25046.5,25075.75,25036.5,25065.75,19.75,+0.08%,7215
"2026-03-02 11:30",25044,25056.25,25026.25,25046,1,0.00%,8912
"2026-03-02 11:15",25030.75,25076.5,25029.5,25045,14.5,+0.06%,11285
"2026-03-02 11:00",25033.75,25040.5,25007.5,25030.5,-3.,-0.01%,9914
"2026-03-02 10:45",25014,25044.25,24994.75,25033.5,20,+0.08%,17641
"2026-03-02 10:30",24866.5,25019.25,24861,25013.5,146,+0.59%,20316
"2026-03-02 10:15",24972.5,24975.75,24852,24867.5,-104.75,-0.42%,16094
"2026-03-02 10:00",24923.75,24991.25,24892.5,24972.25,47.75,+0.19%,13911
"2026-03-02 09:45",24938.75,24958.5,24877.5,24924.5,-14.5,-0.06%,15348
"2026-03-02 09:30",24881,24940.75,24842,24939,57.25,+0.23%,17718
"2026-03-02 09:15",24931.5,24946,24857,24881.75,-48.75,-0.20%,19245
"2026-03-02 09:00",24862,24947.75,24802,24930.5,68.5,+0.28%,24113
"2026-03-02 08:45",24836,24898.5,24809.5,24862,23.75,+0.10%,25583
"2026-03-02 08:30",24644.5,24885,24605,24838.25,193.5,+0.79%,42937
"2026-03-02 08:15",24631.75,24649.25,24608,24644.75,11.75,+0.05%,5224
"2026-03-02 08:00",24621.5,24652,24607.75,24633,12.25,+0.05%,4387
"2026-03-02 07:45",24656.75,24675,24592.75,24620.75,-35.75,-0.14%,5065
"2026-03-02 07:30",24701.75,24710.25,24655,24656.5,-44.25,-0.18%,4031
"2026-03-02 07:15",24649.5,24739.25,24645.25,24700.75,52.25,+0.21%,7216
"2026-03-02 07:00",24630,24663.25,24621.5,24648.5,19.5,+0.08%,3436
"2026-03-02 06:45",24640.5,24664,24609.75,24629,-11.,-0.04%,3330
"2026-03-02 06:30",24634,24655.5,24628,24640,6,+0.02%,2314
"2026-03-02 06:15",24659.75,24659.75,24630.75,24634,-27.,-0.11%,2871
"2026-03-02 06:00",24685.75,24705.5,24636.75,24661,-27.,-0.11%,3250
"2026-03-02 05:45",24681,24729,24670,24688,6.25,+0.03%,4742
"2026-03-02 05:30",24655.75,24689,24655.75,24681.75,26,+0.11%,2053
"2026-03-02 05:15",24646,24671,24635,24655.75,10.5,+0.04%,1617
"2026-03-02 05:00",24657.75,24668.75,24636.75,24645.25,-12.5,-0.05%,1897
"2026-03-02 04:45",24680.5,24683.75,24640.75,24657.75,-23.,-0.09%,1511
"2026-03-02 04:30",24657.25,24684.5,24654,24680.75,24,+0.10%,2014
"2026-03-02 04:15",24647,24673,24632.5,24656.75,10.25,+0.04%,1940
"2026-03-02 04:00",24628.5,24684.25,24625.5,24646.5,17.5,+0.07%,5236
"2026-03-02 03:45",24636.25,24638.5,24610.25,24629,-6.75,-0.03%,1759
"2026-03-02 03:30",24638.75,24654.25,24612,24635.75,-1.75,-0.01%,3434
"2026-03-02 03:15",24617.75,24652.5,24617.75,24637.5,20.25,+0.08%,3837
"2026-03-02 03:00",24562.25,24633.5,24552,24617.25,53.75,+0.22%,4787
"2026-03-02 02:45",24554.5,24591,24544,24563.5,9.25,+0.04%,3790
"2026-03-02 02:30",24487.75,24569.25,24485.25,24554.25,64.5,+0.26%,4341
"2026-03-02 02:15",24529.5,24537.25,24477,24489.75,-41.,-0.17%,4467
"2026-03-02 02:00",24542,24556,24483,24530.75,-9.75,-0.04%,7517
"2026-03-02 01:45",24577.25,24577.25,24531,24540.5,-36.5,-0.15%,2846
"2026-03-02 01:30",24566.25,24583.5,24547,24577,9.75,+0.04%,2457
"2026-03-02 01:15",24541.25,24588.25,24533.5,24567.25,26.25,+0.11%,3609
"2026-03-02 01:00",24588,24602.5,24533,24541,-49.75,-0.20%,4546
"2026-03-02 00:45",24621,24622.25,24528,24590.75,-30.,-0.12%,5300
"2026-03-02 00:30",24669.75,24679.25,24616.75,24620.75,-47.5,-0.19%,2646
"2026-03-02 00:15",24692.5,24698.75,24633.5,24668.25,-22.75,-0.09%,2991
"2026-03-02 00:00",24675.75,24703,24674.5,24691,13.75,+0.06%,1622
"2026-03-01 23:45",24733.5,24738.25,24672,24677.25,-57.5,-0.23%,2290
"2026-03-01 23:30",24731.75,24749.25,24725.5,24734.75,5.75,+0.02%,1052
"2026-03-01 23:15",24741.75,24757.5,24718,24729,-14.25,-0.06%,1514
"2026-03-01 23:00",24759,24769.5,24730.25,24743.25,-16.75,-0.07%,1447
"2026-03-01 22:45",24792.5,24796.25,24757.5,24760,-33.,-0.13%,1225
"2026-03-01 22:30",24800,24817.75,24793,24793,-6.5,-0.03%,1180
"2026-03-01 22:15",24796.25,24809.5,24740.75,24799.5,2.75,+0.01%,3420
"2026-03-01 22:00",24792.75,24798.25,24778.25,24796.75,5.25,+0.02%,976
"2026-03-01 21:45",24799,24814,24787,24791.5,-3.75,-0.02%,1012
"2026-03-01 21:30",24823,24823,24785.25,24795.25,-24.5,-0.10%,1274
"2026-03-01 21:15",24817.25,24835.5,24805.75,24819.75,0.75,0.00%,1161
"2026-03-01 21:00",24821.25,24828,24802.75,24819,-2.,-0.01%,969
"2026-03-01 20:45",24837.75,24842.25,24796.5,24821,-17.,-0.07%,1931
"2026-03-01 20:30",24811,24847.25,24804,24838,28.5,+0.11%,1398
"2026-03-01 20:15",24838.75,24845.5,24807.75,24809.5,-29.,-0.12%,1529
"2026-03-01 20:00",24864,24873.75,24823,24838.5,-23.25,-0.09%,2287
"2026-03-01 19:45",24870.75,24873.25,24853,24861.75,-7.25,-0.03%,2042
"2026-03-01 19:30",24870.5,24901.25,24862.25,24869,-0.5,0.00%,3327
"2026-03-01 19:15",24876.25,24883.75,24847.75,24869.5,-4.25,-0.02%,3246
"2026-03-01 19:00",24785.5,24893.25,24772.5,24873.75,87.75,+0.35%,7501
"2026-03-01 18:45",24757.25,24796.25,24756.5,24786,32.5,+0.13%,3819
"2026-03-01 18:30",24732,24756.5,24714,24753.5,20.5,+0.08%,2732
"2026-03-01 18:15",24756.25,24758.75,24712.75,24733,-25.5,-0.10%,3354
"2026-03-01 18:00",24739.25,24778.5,24723,24758.5,16.5,+0.07%,3369
"2026-03-01 17:45",24771.25,24779.25,24725.25,24742,-29.25,-0.12%,2927
"2026-03-01 17:30",24764.75,24776.25,24714.5,24771.25,6,+0.02%,3556
"2026-03-01 17:15",24775.5,24801.25,24751,24765.25,-11.75,-0.05%,3238
"2026-03-01 17:00",24682.5,24815,24635.5,24777,-175.75,-0.70%,10554
"2026-02-27 15:45",24963.25,24964.75,24942.25,24952.75,-9.75,-0.04%,1974
"2026-02-27 15:30",24961.25,24978.25,24959.25,24962.5,2,+0.01%,2421
"2026-02-27 15:15",24976.75,24980.25,24939.25,24960.5,-16.,-0.06%,4230
"2026-02-27 15:00",24998.25,24998.75,24962,24976.5,-22.,-0.09%,12818
"2026-02-27 14:45",24935.25,25022.75,24929.75,24998.5,63,+0.25%,36980
"2026-02-27 14:30",24978.5,24985.75,24921.75,24935.5,-43.25,-0.17%,14053
"2026-02-27 14:15",24968.5,25004.5,24964.75,24978.75,10,+0.04%,12529
"2026-02-27 14:00",24894.25,24968.75,24893.5,24968.75,73.5,+0.30%,11096
"2026-02-27 13:45",24886.75,24904.25,24880,24895.25,8.75,+0.04%,5871
"2026-02-27 13:30",24906.25,24919.5,24873,24886.5,-20.25,-0.08%,8192
"2026-02-27 13:15",24910.25,24922,24898,24906.75,-2.5,-0.01%,6014
"2026-02-27 13:00",24902.5,24963,24897.25,24909.25,6.5,+0.03%,11380
"2026-02-27 12:45",24912.25,24924,24886,24902.75,-9.25,-0.04%,8045
"2026-02-27 12:30",24911,24931.25,24888,24912,1,0.00%,8857
"2026-02-27 12:15",24912.5,24920,24874.75,24911,-3.25,-0.01%,10970
"2026-02-27 12:00",24945,24955.25,24911.25,24914.25,-31.25,-0.13%,7958
"2026-02-27 11:45",24934.75,24953.75,24914,24945.5,11.75,+0.05%,8782
"2026-02-27 11:30",24952.5,24994,24925.25,24933.75,-19.,-0.08%,15899
"2026-02-27 11:15",24961.25,24967.25,24900.25,24952.75,-8.,-0.03%,15583
"2026-02-27 11:00",24969.25,25036.75,24956.5,24960.75,-8.,-0.03%,13330
"2026-02-27 10:45",24936,25005.75,24931.5,24968.75,32.75,+0.13%,12892
"2026-02-27 10:30",24969,25009.75,24932.5,24936,-32.,-0.13%,12008
"2026-02-27 10:15",24988.75,25013.75,24954.5,24968,-20.75,-0.08%,12863
"2026-02-27 10:00",24983.5,25021.5,24943.25,24988.75,6,+0.02%,15155
"2026-02-27 09:45",24999.25,25017.25,24922.5,24982.75,-15.75,-0.06%,18961
"2026-02-27 09:30",24971,25007.25,24928,24998.5,27.25,+0.11%,15942
"2026-02-27 09:15",24954.25,24997.5,24921.25,24971.25,18,+0.07%,18591
"2026-02-27 09:00",24879.5,24993.5,24866.5,24953.25,73.25,+0.29%,25257
"2026-02-27 08:45",24845.25,24938.5,24816.25,24880,35.75,+0.14%,29121
"2026-02-27 08:30",24815.25,24909,24782,24844.25,30,+0.12%,40427
"2026-02-27 08:15",24844,24844.75,24796,24814.25,-30.5,-0.12%,9069
"2026-02-27 08:00",24871,24878,24831.5,24844.75,-25.75,-0.10%,4935
"2026-02-27 07:45",24840,24879.25,24832.25,24870.5,30.75,+0.12%,7334
"2026-02-27 07:30",24881.25,24883.25,24793.75,24839.75,-40.5,-0.16%,13006
"2026-02-27 07:15",24911.75,24924,24874,24880.25,-30.25,-0.12%,4513
"2026-02-27 07:00",24919.5,24942.75,24905.25,24910.5,-11.25,-0.05%,3264
"2026-02-27 06:45",24927.25,24938,24898,24921.75,-6.25,-0.03%,4272
"2026-02-27 06:30",24974.25,24985.5,24925.75,24928,-45.75,-0.18%,2551
"2026-02-27 06:15",24977.5,24994,24971.5,24973.75,-3.,-0.01%,1815
"2026-02-27 06:00",24952.75,24979.5,24921.25,24976.75,22.75,+0.09%,3928
"2026-02-27 05:45",24939.25,24958.75,24931.25,24954,15.75,+0.06%,2715
"2026-02-27 05:30",24991,25002.5,24928.75,24938.25,-52.75,-0.21%,2967
"2026-02-27 05:15",24994.25,25007.75,24986.75,24991,-3.25,-0.01%,1740
"2026-02-27 05:00",25000.25,25012.75,24986.25,24994.25,-7.,-0.03%,1334
"2026-02-27 04:45",25035.75,25035.75,24984.75,25001.25,-34.5,-0.14%,1970
"2026-02-27 04:30",25017.5,25045,25017,25035.75,18,+0.07%,2348
"2026-02-27 04:15",24987.5,25021.75,24987.25,25017.75,30,+0.12%,1928
"2026-02-27 04:00",25030,25032.75,24966.75,24987.75,-41.5,-0.17%,3085
"2026-02-27 03:45",25031,25047.5,25024.5,25029.25,-1.75,-0.01%,1729
"2026-02-27 03:30",25078,25078.5,25030,25031,-47.5,-0.19%,1605
"2026-02-27 03:15",25080.75,25098.75,25067.5,25078.5,-2.5,-0.01%,2336
"2026-02-27 03:00",25067.75,25088.75,25050.5,25081,13.75,+0.05%,1942
"2026-02-27 02:45",25056.25,25070.75,25052.5,25067.25,10.25,+0.04%,888
"2026-02-27 02:30",25057.25,25076.5,25046.25,25057,1,0.00%,1080
"2026-02-27 02:15",25047.5,25071.25,25038.25,25056,8,+0.03%,1653
"2026-02-27 02:00",25072.5,25089.75,25045.75,25048,-26.5,-0.11%,2151
"2026-02-27 01:45",25071.5,25079,25063.75,25074.5,3.5,+0.01%,887
"2026-02-27 01:30",25070.5,25075,25061.25,25071,0,0.00%,1022
"2026-02-27 01:15",25046,25073.25,25045.5,25071,23.25,+0.09%,1167
"2026-02-27 01:00",25033,25054.75,25032.75,25047.75,15.75,+0.06%,1183
"2026-02-27 00:45",25032.5,25037.25,25022,25032,0.75,0.00%,573
"2026-02-27 00:30",25004.25,25036.75,25003,25031.25,25.25,+0.10%,1002
"2026-02-27 00:15",25015,25018.25,24991.75,25006,-8.5,-0.03%,1254
"2026-02-27 00:00",25040,25046.25,25010.25,25014.5,-25.,-0.10%,1079
"2026-02-26 23:45",25055.75,25061,25035.5,25039.5,-15.,-0.06%,756
"2026-02-26 23:30",25055.25,25059.5,25048,25054.5,-1.,0.00%,563
"2026-02-26 23:15",25045.75,25057.25,25045,25055.5,8.75,+0.03%,836
"2026-02-26 23:00",25024.75,25047.25,25024,25046.75,23,+0.09%,875
"2026-02-26 22:45",25032.25,25032.25,25020.5,25023.75,-8.75,-0.03%,249
"2026-02-26 22:30",25027.25,25034.5,25017.25,25032.5,5,+0.02%,720
"2026-02-26 22:15",25024.75,25030,25012,25027.5,3.25,+0.01%,569
"2026-02-26 22:00",25026.5,25036.25,25023,25024.25,-0.5,0.00%,829
"2026-02-26 21:45",25017.25,25034.25,25011.75,25024.75,7,+0.03%,711
"2026-02-26 21:30",25015,25023.5,25001.75,25017.75,2.75,+0.01%,911
"2026-02-26 21:15",25027.25,25032.25,25011.25,25015,-11.75,-0.05%,852
"2026-02-26 21:00",25032,25036,25024,25026.75,-5.,-0.02%,896
"2026-02-26 20:45",25007.25,25033.25,25002.75,25031.75,25,+0.10%,1055
"2026-02-26 20:30",25015,25016.5,24993.5,25006.75,-9.5,-0.04%,1151
"2026-02-26 20:15",24998.5,25019,24997.75,25016.25,17.25,+0.07%,787
"2026-02-26 20:00",24994.5,25017.25,24985.25,24999,7.25,+0.03%,1599
"2026-02-26 19:45",24976,25003.5,24971,24991.75,15.5,+0.06%,1152
"2026-02-26 19:30",24987.25,25006.5,24972.75,24976.25,-12.75,-0.05%,2058
"2026-02-26 19:15",25003.75,25018.25,24986.75,24989,-14.5,-0.06%,1815
"2026-02-26 19:00",24986,25006,24975.75,25003.5,17.5,+0.07%,1865
"2026-02-26 18:45",24960,24996.25,24954.75,24986,25.75,+0.10%,2118
"2026-02-26 18:30",24998.5,25003.25,24958,24960.25,-38.75,-0.16%,2182
"2026-02-26 18:15",25010.5,25026.5,24994,24999,-12.75,-0.05%,1606
"2026-02-26 18:00",24995,25021.25,24981.25,25011.75,16.5,+0.07%,2253
"2026-02-26 17:45",24991.25,25004,24975,24995.25,5,+0.02%,2006
"2026-02-26 17:30",25023.25,25023.5,24984.75,24990.25,-31.75,-0.13%,2005
"2026-02-26 17:15",25018.5,25038,25010,25022,4.75,+0.02%,2371
"2026-02-26 17:00",25024.25,25030,24955,25017.25,-10.75,-0.04%,5195
"2026-02-26 15:45",25049.5,25052,25024.75,25028,-22.5,-0.09%,2739
"2026-02-26 15:30",25068.25,25072,25047.5,25050.5,-17.5,-0.07%,2006
"2026-02-26 15:15",25070,25075.5,25062.25,25068,-2.,-0.01%,1896
"2026-02-26 15:00",25083,25090,25058,25070,-13.,-0.05%,9355
"2026-02-26 14:45",25065.25,25086.75,25040.25,25083,17.75,+0.07%,23324
"2026-02-26 14:30",25028.75,25072.75,25027.5,25065.25,35.5,+0.14%,9734
"2026-02-26 14:15",25037,25053.5,25024,25029.75,-7.5,-0.03%,9211
"2026-02-26 14:00",25062.75,25094.75,25036.75,25037.25,-25.75,-0.10%,10147
"2026-02-26 13:45",25064.25,25099,25061.25,25063,-0.5,0.00%,9945
"2026-02-26 13:30",25048.75,25078.25,25039.5,25063.5,15.25,+0.06%,7697
"2026-02-26 13:15",25059.75,25086.25,25040.25,25048.25,-11.25,-0.04%,11455
"2026-02-26 13:00",25002,25072,24988.25,25059.5,58,+0.23%,11558
"2026-02-26 12:45",24999.75,25030.75,24977.25,25001.5,2,+0.01%,9679
"2026-02-26 12:30",24918.75,25014,24908.25,24999.5,79.75,+0.32%,16782
"2026-02-26 12:15",24908,24935.75,24890.5,24919.75,11.5,+0.05%,10168
"2026-02-26 12:00",24935.25,24939,24888.75,24908.25,-26.5,-0.11%,12681
"2026-02-26 11:45",24944.25,24953.5,24912,24934.75,-9.75,-0.04%,11384
"2026-02-26 11:30",24966.75,25008,24942.25,24944.5,-23.5,-0.09%,11372
"2026-02-26 11:15",24967,24977.5,24953,24968,1.5,+0.01%,9027
"2026-02-26 11:00",24963.75,25009.25,24960,24966.5,3,+0.01%,10730
"2026-02-26 10:45",25001.75,25029.5,24954.25,24963.5,-38.,-0.15%,16896
"2026-02-26 10:30",25058.75,25070,24997,25001.5,-57.25,-0.23%,16055
"2026-02-26 10:15",25047.5,25085.5,25027.75,25058.75,11.75,+0.05%,14760
"2026-02-26 10:00",24999.5,25051,24985.5,25047,48.25,+0.19%,17993
"2026-02-26 09:45",24989.5,25026.75,24979.25,24998.75,9.25,+0.04%,22980
"2026-02-26 09:30",24933,25000.75,24861.75,24989.5,57.25,+0.23%,34254
"2026-02-26 09:15",25067,25067.25,24885,24932.25,-134.,-0.53%,47459
"2026-02-26 09:00",25193.5,25210.75,25064,25066.25,-126.75,-0.50%,36291
"2026-02-26 08:45",25265.25,25266,25181.25,25193,-73.5,-0.29%,34263
"2026-02-26 08:30",25342,25342,25224.5,25266.5,-74.75,-0.29%,48036
"2026-02-26 08:15",25377.75,25384.75,25341,25341.25,-37.,-0.15%,5718
"2026-02-26 08:00",25383,25398.75,25367,25378.25,-5.5,-0.02%,3365
"2026-02-26 07:45",25387.5,25415.25,25380.5,25383.75,-3.5,-0.01%,3781
"2026-02-26 07:30",25398.25,25402.75,25386,25387.25,-11.,-0.04%,2365
"2026-02-26 07:15",25377.25,25399.25,25373,25398.25,20.75,+0.08%,2437
"2026-02-26 07:00",25372.75,25380,25361.25,25377.5,3.5,+0.01%,1470
"2026-02-26 06:45",25386.25,25386.75,25370,25374,-13.25,-0.05%,983
"2026-02-26 06:30",25386.75,25390.75,25369.25,25387.25,0.5,0.00%,1187
"2026-02-26 06:15",25364.25,25389,25363.25,25386.75,21.75,+0.09%,1170
"2026-02-26 06:00",25361.75,25379,25360.25,25365,3,+0.01%,1091
"2026-02-26 05:45",25357.5,25369.5,25350.75,25362,5.25,+0.02%,1036
"2026-02-26 05:30",25362.75,25370,25356.25,25356.75,-8.25,-0.03%,729
"2026-02-26 05:15",25354.25,25369.5,25350,25365,8.5,+0.03%,774
"2026-02-26 05:00",25357.5,25363.25,25345.25,25356.5,0,0.00%,830
"2026-02-26 04:45",25369.25,25369.25,25347.5,25356.5,-11.5,-0.05%,979
"2026-02-26 04:30",25363.5,25373.25,25353.25,25368,4.5,+0.02%,914
"2026-02-26 04:15",25383.5,25385.5,25362.25,25363.5,-19.5,-0.08%,906
"2026-02-26 04:00",25379.25,25388.25,25373.75,25383,4.5,+0.02%,753
"2026-02-26 03:45",25394,25401.5,25377.25,25378.5,-15.,-0.06%,1461
"2026-02-26 03:30",25379.25,25398.5,25375.25,25393.5,13.75,+0.05%,1271
"2026-02-26 03:15",25372.75,25380.25,25364,25379.75,7.75,+0.03%,1248
"2026-02-26 03:00",25349.75,25372,25346,25372,22,+0.09%,1137
"2026-02-26 02:45",25353.5,25360,25343.25,25350,-5.75,-0.02%,1230
"2026-02-26 02:30",25372.75,25375,25350,25355.75,-16.25,-0.06%,997
"2026-02-26 02:15",25365.5,25392.25,25363,25372,7,+0.03%,2418
"2026-02-26 02:00",25348,25367.25,25344,25365,17.75,+0.07%,1619
"2026-02-26 01:45",25360,25364.75,25345.5,25347.25,-13.25,-0.05%,1110
"2026-02-26 01:30",25341,25361.5,25339.25,25360.5,19.25,+0.08%,1034
"2026-02-26 01:15",25346.75,25355.75,25328.75,25341.25,-6.25,-0.02%,997
"2026-02-26 01:00",25327.25,25351,25326.25,25347.5,20,+0.08%,1397
"2026-02-26 00:45",25335.5,25345,25322.25,25327.5,-7.25,-0.03%,1018
"2026-02-26 00:30",25319,25340.5,25316.75,25334.75,14.75,+0.06%,1089
"2026-02-26 00:15",25333,25333.5,25316.75,25320,-13.,-0.05%,708
"2026-02-26 00:00",25308,25333,25307,25333,25,+0.10%,1196
"2026-02-25 23:45",25299,25309.75,25295.5,25308,10.5,+0.04%,649
"2026-02-25 23:30",25295.5,25300,25291.75,25297.5,1.75,+0.01%,481
"2026-02-25 23:15",25285,25303.75,25283.5,25295.75,10.5,+0.04%,629
"2026-02-25 23:00",25299.5,25301.75,25283.25,25285.25,-15.,-0.06%,963
"2026-02-25 22:45",25299.75,25306.25,25296.75,25300.25,0,0.00%,357
"2026-02-25 22:30",25299.5,25305.75,25293.25,25300.25,1.5,+0.01%,485
"2026-02-25 22:15",25300.75,25304.25,25295.25,25298.75,-2.25,-0.01%,496
"2026-02-25 22:00",25300.5,25310.5,25295.75,25301,-0.75,0.00%,789
"2026-02-25 21:45",25312.25,25318.25,25298.5,25301.75,-11.25,-0.04%,689
"2026-02-25 21:30",25305.25,25323.5,25303.75,25313,7,+0.03%,805
"2026-02-25 21:15",25301.5,25311.25,25300.25,25306,4.75,+0.02%,492
"2026-02-25 21:00",25306.75,25312.25,25294.75,25301.25,-6.75,-0.03%,679
"2026-02-25 20:45",25294.75,25309.5,25294.75,25308,13.5,+0.05%,641
"2026-02-25 20:30",25300,25303.5,25288.75,25294.5,-5.75,-0.02%,778
"2026-02-25 20:15",25294.75,25312,25294.75,25300.25,6.75,+0.03%,849
"2026-02-25 20:00",25315.5,25319.25,25291,25293.5,-22.75,-0.09%,1266
"2026-02-25 19:45",25308,25319.75,25304.75,25316.25,8.75,+0.03%,1042
"2026-02-25 19:30",25273.75,25313,25264.75,25307.5,33.25,+0.13%,1936
"2026-02-25 19:15",25312.25,25314.75,25273.75,25274.25,-37.25,-0.15%,2300
"2026-02-25 19:00",25316.25,25320,25288.75,25311.5,-4.25,-0.02%,2460
"2026-02-25 18:45",25309.75,25324.25,25308,25315.75,6.5,+0.03%,1416
"2026-02-25 18:30",25337.75,25341.5,25302,25309.25,-27.75,-0.11%,2246
"2026-02-25 18:15",25331.75,25340,25318.25,25337,5.5,+0.02%,1721
"2026-02-25 18:00",25315.75,25338,25304.5,25331.5,14.25,+0.06%,2758
"2026-02-25 17:45",25308.25,25333.25,25301.5,25317.25,8,+0.03%,2754
"2026-02-25 17:30",25383.5,25387.5,25274.75,25309.25,-74.25,-0.29%,5100
"2026-02-25 17:15",25380,25392.75,25361.25,25383.5,3,+0.01%,1896
"2026-02-25 17:00",25388.25,25418.25,25365.5,25380.5,-81.25,-0.32%,4312
"2026-02-25 15:45",25460,25471.5,25436.25,25461.75,2.75,+0.01%,4771
"2026-02-25 15:30",25395.5,25494.75,25382,25459,63.5,+0.25%,12257
"2026-02-25 15:15",25391,25423.75,25370,25395.5,3.75,+0.01%,2842
"2026-02-25 15:00",25384,25407,25371.25,25391.75,8.25,+0.03%,10571
"2026-02-25 14:45",25374,25396.5,25369,25383.5,9.5,+0.04%,23867
"2026-02-25 14:30",25366.75,25384,25352,25374,7.25,+0.03%,11458
"2026-02-25 14:15",25370.75,25374,25359.5,25366.75,-4.,-0.02%,5755
"2026-02-25 14:00",25368.5,25376.5,25364.75,25370.75,2,+0.01%,4086
"2026-02-25 13:45",25366,25375.5,25364.25,25368.75,2.5,+0.01%,3587
"2026-02-25 13:30",25371.25,25378.5,25365.75,25366.25,-4.75,-0.02%,4276
"2026-02-25 13:15",25366,25378,25364,25371,5.25,+0.02%,4521
"2026-02-25 13:00",25350.25,25374,25349.5,25365.75,15.25,+0.06%,6400
"2026-02-25 12:45",25351,25356,25347.75,25350.5,-0.25,0.00%,2919
"2026-02-25 12:30",25339.5,25354,25334.25,25350.75,11.5,+0.05%,4213
"2026-02-25 12:15",25344.5,25346,25336.5,25339.25,-5.5,-0.02%,4040
"2026-02-25 12:00",25352.75,25358,25341.25,25344.75,-7.5,-0.03%,5887
"2026-02-25 11:45",25334,25355,25330.5,25352.25,18.5,+0.07%,8048
"2026-02-25 11:30",25321,25340.75,25315,25333.75,12.5,+0.05%,6554
"2026-02-25 11:15",25339.25,25339.75,25319.5,25321.25,-17.75,-0.07%,5041
"2026-02-25 11:00",25316.75,25341,25310.5,25339,22.5,+0.09%,8591
"2026-02-25 10:45",25321,25333.25,25313.75,25316.5,-4.25,-0.02%,8236
"2026-02-25 10:30",25300.5,25327.5,25293.25,25320.75,20,+0.08%,10231
"2026-02-25 10:15",25298.75,25304.75,25282.75,25300.75,1.5,+0.01%,9521
"2026-02-25 10:00",25295.25,25310.75,25283.5,25299.25,4,+0.02%,11609
"2026-02-25 09:45",25298,25314.5,25264.5,25295.25,-2.75,-0.01%,15732
"2026-02-25 09:30",25334,25341.5,25284.5,25298,-36.25,-0.14%,16724
"2026-02-25 09:15",25308,25340.75,25282.75,25334.25,25.25,+0.10%,20516
"2026-02-25 09:00",25343,25361.75,25303.25,25309,-34.25,-0.14%,19693
"2026-02-25 08:45",25272.25,25353.25,25271,25343.25,72,+0.28%,30267
"2026-02-25 08:30",25160.25,25279,25156.75,25271.25,110.75,+0.44%,37102
"2026-02-25 08:15",25156.25,25164.25,25129.75,25160.5,4.25,+0.02%,7758
"2026-02-25 08:00",25150.75,25177.5,25145,25156.25,6,+0.02%,6302
"2026-02-25 07:45",25134,25165.75,25132.75,25150.25,15.5,+0.06%,2852
"2026-02-25 07:30",25143.75,25144.25,25123.75,25134.75,-8.25,-0.03%,2239
"2026-02-25 07:15",25147.75,25148.75,25131.5,25143,-6.25,-0.02%,1648
"2026-02-25 07:00",25139.25,25153,25133.75,25149.25,10.75,+0.04%,1564
"2026-02-25 06:45",25130.75,25146.75,25129.75,25138.5,8,+0.03%,1581
"2026-02-25 06:30",25132.75,25143,25123,25130.5,-2.75,-0.01%,1652
"2026-02-25 06:15",25111.75,25150,25110,25133.25,21.25,+0.08%,3091
"2026-02-25 06:00",25124.5,25131.5,25105,25112,-12.75,-0.05%,1923
"2026-02-25 05:45",25109.5,25128.5,25107.75,25124.75,16,+0.06%,1777
"2026-02-25 05:30",25081.5,25110.25,25081.5,25108.75,27.75,+0.11%,1560
"2026-02-25 05:15",25079.5,25085,25071.25,25081,1.25,0.00%,551
"2026-02-25 05:00",25074.25,25081.25,25068.5,25079.75,6.5,+0.03%,566
"2026-02-25 04:45",25087.5,25088.25,25067.25,25073.25,-14.5,-0.06%,757
"2026-02-25 04:30",25077.25,25094.75,25073,25087.75,11.5,+0.05%,753
"2026-02-25 04:15",25072.25,25082.5,25065.5,25076.25,5.25,+0.02%,961
"2026-02-25 04:00",25082.75,25086,25066.25,25071,-11.5,-0.05%,820
"2026-02-25 03:45",25082.25,25087.75,25072.25,25082.5,0.5,0.00%,979
"2026-02-25 03:30",25070,25083,25064,25082,13.5,+0.05%,597
"2026-02-25 03:15",25079.5,25082.75,25064.25,25068.5,-12.5,-0.05%,881
"2026-02-25 03:00",25072.5,25087.25,25055.25,25081,6.5,+0.03%,1317
"2026-02-25 02:45",25076.25,25083.75,25064,25074.5,-1.75,-0.01%,881
"2026-02-25 02:30",25075.75,25080.25,25061.75,25076.25,1.25,0.00%,899
"2026-02-25 02:15",25056.75,25090,25048.75,25075,18.25,+0.07%,1540
"2026-02-25 02:00",25036.5,25077.5,25036.5,25056.75,20.75,+0.08%,2253
"2026-02-25 01:45",25027,25042.25,25026.25,25036,8.5,+0.03%,663
"2026-02-25 01:30",25040.25,25042.75,25017.5,25027.5,-14.25,-0.06%,1078
"2026-02-25 01:15",25042.25,25048.25,25035.25,25041.75,0.5,0.00%,437
"2026-02-25 01:00",25043,25053.5,25035,25041.25,-0.5,0.00%,741
"2026-02-25 00:45",25044.5,25046.5,25037.5,25041.75,-3.,-0.01%,462
"2026-02-25 00:30",25040,25058.75,25036.5,25044.75,3.75,+0.01%,558
"2026-02-25 00:15",25043.75,25058.75,25040.5,25041,-4.5,-0.02%,727
"2026-02-25 00:00",25041.5,25046,25032,25045.5,4.75,+0.02%,668
"2026-02-24 23:45",25041.5,25057.25,25037,25040.75,-0.5,0.00%,748
"2026-02-24 23:30",25042,25046.75,25030.75,25041.25,0,0.00%,810
"2026-02-24 23:15",25054.25,25055.5,25035,25041.25,-13.25,-0.05%,656
"2026-02-24 23:00",25051.75,25067.5,25046.25,25054.5,4.25,+0.02%,687
"2026-02-24 22:45",25057,25061,25046.5,25050.25,-5.5,-0.02%,503
"2026-02-24 22:30",25053.5,25063,25053,25055.75,1.75,+0.01%,566
"2026-02-24 22:15",25041.25,25054,25034.5,25054,12,+0.05%,895
"2026-02-24 22:00",25066.75,25067.75,25035,25042,-24.75,-0.10%,1056
"2026-02-24 21:45",25057.25,25081.25,25047.5,25066.75,8.75,+0.03%,1165
"2026-02-24 21:30",25070,25076.5,24994,25058,-11.5,-0.05%,3995
"2026-02-24 21:15",25079,25082.5,25054.75,25069.5,-10.5,-0.04%,1562
"2026-02-24 21:00",25106.75,25109.5,25076.75,25080,-27.5,-0.11%,1373
"2026-02-24 20:45",25096,25109.5,25092,25107.5,11.5,+0.05%,825
"2026-02-24 20:30",25102,25114.5,25092.75,25096,-5.,-0.02%,1502
"2026-02-24 20:15",25102.75,25105.25,25082.25,25101,-1.,0.00%,1318
"2026-02-24 20:00",25103,25110.5,25091.25,25102,-1.5,-0.01%,1129
"2026-02-24 19:45",25094,25113.25,25092.25,25103.5,10.5,+0.04%,1511
"2026-02-24 19:30",25079.5,25103,25073,25093,12.5,+0.05%,1387
"2026-02-24 19:15",25090,25108.25,25071.5,25080.5,-9.25,-0.04%,2557
"2026-02-24 19:00",25071.25,25095,25061.5,25089.75,18.75,+0.07%,2467
"2026-02-24 18:45",25061.25,25075,25047.5,25071,10,+0.04%,1935
"2026-02-24 18:30",25029,25063,25018.5,25061,32.5,+0.13%,1458
"2026-02-24 18:15",25028.75,25044.25,25021.25,25028.5,-0.5,0.00%,1193
"2026-02-24 18:00",25044.5,25045.25,25028.25,25029,-14.5,-0.06%,1116
"2026-02-24 17:45",25030,25051,25027.5,25043.5,10.5,+0.04%,1216
"2026-02-24 17:30",25022,25038,25017.25,25033,9.5,+0.04%,759
"2026-02-24 17:15",25019,25028.5,25009.25,25023.5,3.5,+0.01%,832
"2026-02-24 17:00",25016.25,25030.25,24992,25020,3.75,+0.01%,1634
"2026-02-24 15:45",25018,25022.5,25012.5,25016.25,-2.25,-0.01%,1796
"2026-02-24 15:30",25023.75,25028.75,25018.5,25018.5,-5.25,-0.02%,1131
"2026-02-24 15:15",25019.5,25027.75,25014.25,25023.75,4.25,+0.02%,1669
"2026-02-24 15:00",25030,25037.75,25003.25,25019.5,-10.5,-0.04%,10020
"2026-02-24 14:45",25030.5,25072,25022,25030,-0.25,0.00%,27199
"2026-02-24 14:30",24998.75,25032,24994.75,25030.25,31.5,+0.13%,9319
"2026-02-24 14:15",25004,25024.75,24995.75,24998.75,-5.75,-0.02%,9641
"2026-02-24 14:00",25021.75,25028.75,25000.5,25004.5,-17.,-0.07%,7041
"2026-02-24 13:45",25019.5,25060.25,25013.5,25021.5,2.75,+0.01%,11819
"2026-02-24 13:30",25003,25030.5,25000.25,25018.75,16,+0.06%,6221
"2026-02-24 13:15",25015,25015.5,24988.5,25002.75,-12.25,-0.05%,8210
"2026-02-24 13:00",25030,25037.25,25008.5,25015,-15.,-0.06%,6378
"2026-02-24 12:45",25039,25044.25,25022.5,25030,-8.75,-0.03%,5372
"2026-02-24 12:30",25019.75,25051,25011.5,25038.75,19.5,+0.08%,9350
"2026-02-24 12:15",25043,25045,25015.5,25019.25,-23.75,-0.09%,8692
"2026-02-24 12:00",25046,25078.75,25038.75,25043,-3.,-0.01%,9742
"2026-02-24 11:45",25041.25,25064,25032,25046,4,+0.02%,7058
"2026-02-24 11:30",25060.25,25070,25038,25042,-18.75,-0.07%,7336
"2026-02-24 11:15",25055.5,25074.25,25043.25,25060.75,5.5,+0.02%,8956
"2026-02-24 11:00",25028.75,25076.25,25021.25,25055.25,26.5,+0.11%,14087
"2026-02-24 10:45",24988.75,25040.75,24986.5,25028.75,39.5,+0.16%,12289
"2026-02-24 10:30",25015.25,25016.25,24969.25,24989.25,-25.,-0.10%,14427
"2026-02-24 10:15",25033.25,25040.75,24994.25,25014.25,-19.5,-0.08%,12429
"2026-02-24 10:00",24976.5,25047.25,24974.25,25033.75,57.25,+0.23%,16403
"2026-02-24 09:45",25017.5,25019.5,24967.5,24976.5,-40.75,-0.16%,13725
"2026-02-24 09:30",25011.25,25031,24986.75,25017.25,5.5,+0.02%,22543
"2026-02-24 09:15",24866,25014.5,24853.75,25011.75,146,+0.59%,27208
"2026-02-24 09:00",24878.5,24923.75,24819.5,24865.75,-11.5,-0.05%,28506
"2026-02-24 08:45",24911.25,24964.25,24861.25,24877.25,-33.5,-0.13%,38151
"2026-02-24 08:30",24805,24913,24694.5,24910.75,106,+0.43%,53329
"2026-02-24 08:15",24853,24854.5,24797.25,24804.75,-48.,-0.19%,5772
"2026-02-24 08:00",24876.75,24878.75,24844.75,24852.75,-24.5,-0.10%,3399
"2026-02-24 07:45",24872.5,24892,24870,24877.25,5.5,+0.02%,3176
"2026-02-24 07:30",24857.5,24876.75,24838.25,24871.75,14.75,+0.06%,2928
"2026-02-24 07:15",24826,24858.5,24823.5,24857,30,+0.12%,2495
"2026-02-24 07:00",24816.75,24841.25,24814.25,24827,10.75,+0.04%,3474
"2026-02-24 06:45",24818,24824,24795.25,24816.25,-3.25,-0.01%,2686
"2026-02-24 06:30",24840,24847.25,24800,24819.5,-21.25,-0.09%,3567
"2026-02-24 06:15",24871.75,24873.5,24834,24840.75,-31.5,-0.13%,2140
"2026-02-24 06:00",24832.5,24902.25,24828.5,24872.25,39.25,+0.16%,6267
"2026-02-24 05:45",24819,24834,24812,24833,14,+0.06%,1028
"2026-02-24 05:30",24822,24828.25,24808.75,24819,-3.25,-0.01%,1111
"2026-02-24 05:15",24825.5,24832.75,24814.25,24822.25,-2.25,-0.01%,1062
"2026-02-24 05:00",24842.5,24853.25,24822.75,24824.5,-17.5,-0.07%,1291
"2026-02-24 04:45",24843.5,24843.75,24825.75,24842,-1.75,-0.01%,571
"2026-02-24 04:30",24841.5,24847,24826.5,24843.75,3.75,+0.02%,959
"2026-02-24 04:15",24842.75,24848.5,24834.5,24840,-2.5,-0.01%,1004
"2026-02-24 04:00",24847,24865.5,24842.25,24842.5,-4.,-0.02%,1482
"2026-02-24 03:45",24830,24848,24822.25,24846.5,18,+0.07%,1007
"2026-02-24 03:30",24825,24830,24794.25,24828.5,3.25,+0.01%,1933
"2026-02-24 03:15",24837.25,24843,24820.75,24825.25,-12.25,-0.05%,1541
"2026-02-24 03:00",24791.25,24838.5,24788.25,24837.5,45.75,+0.18%,2019
"2026-02-24 02:45",24786,24797.75,24761,24791.75,4.25,+0.02%,1851
"2026-02-24 02:30",24809,24821.25,24776,24787.5,-19.75,-0.08%,1462
"2026-02-24 02:15",24792,24817.5,24773.5,24807.25,14,+0.06%,2731
"2026-02-24 02:00",24834,24834,24783.5,24793.25,-40.,-0.16%,3259
"2026-02-24 01:45",24835.5,24846,24830.5,24833.25,-2.,-0.01%,621
"2026-02-24 01:30",24861,24868.5,24831.75,24835.25,-24.5,-0.10%,774
"2026-02-24 01:15",24858.25,24862,24846,24859.75,2,+0.01%,608
"2026-02-24 01:00",24837.5,24860.75,24835.25,24857.75,20,+0.08%,1177
"2026-02-24 00:45",24839.25,24844,24830.25,24837.75,-1.75,-0.01%,411
"2026-02-24 00:30",24832.75,24843,24824,24839.5,6.75,+0.03%,637
"2026-02-24 00:15",24836,24850,24822.75,24832.75,-4.25,-0.02%,873
"2026-02-24 00:00",24840.5,24853.25,24834.75,24837,-4.,-0.02%,956
"2026-02-23 23:45",24854,24855.25,24825.75,24841,-14.75,-0.06%,1276
"2026-02-23 23:30",24861.5,24861.5,24843.5,24855.75,-7.75,-0.03%,820
"2026-02-23 23:15",24882.75,24883.5,24854.5,24863.5,-18.5,-0.07%,976
"2026-02-23 23:00",24876,24888.25,24869.25,24882,6,+0.02%,827
"2026-02-23 22:45",24872.25,24880.25,24870.25,24876,4.75,+0.02%,421
"2026-02-23 22:30",24878,24884,24867.25,24871.25,-6.,-0.02%,629
"2026-02-23 22:15",24874.25,24882,24865.75,24877.25,2.5,+0.01%,696
"2026-02-23 22:00",24874,24880.75,24870.25,24874.75,1.5,+0.01%,533
"2026-02-23 21:45",24873.75,24877.5,24868.75,24873.25,-1.,0.00%,512
"2026-02-23 21:30",24878.25,24880.5,24869.75,24874.25,-4.,-0.02%,649
"2026-02-23 21:15",24872.5,24884.25,24870,24878.25,4.75,+0.02%,1513
"2026-02-23 21:00",24869.75,24875.75,24866.75,24873.5,3.75,+0.02%,760
"2026-02-23 20:45",24863.25,24874,24858.25,24869.75,5.5,+0.02%,964
"2026-02-23 20:30",24863,24879,24859.25,24864.25,1.75,+0.01%,1617
"2026-02-23 20:15",24836.25,24868,24832.5,24862.5,26.25,+0.11%,1529
"2026-02-23 20:00",24822,24840.25,24816.75,24836.25,14.25,+0.06%,828
"2026-02-23 19:45",24828.25,24829.25,24812.25,24822,-5.75,-0.02%,786
"2026-02-23 19:30",24820.5,24835.5,24798.75,24827.75,6.75,+0.03%,1807
"2026-02-23 19:15",24805.5,24829,24795,24821,16.5,+0.07%,1674
"2026-02-23 19:00",24815.5,24818.25,24795.25,24804.5,-11.5,-0.05%,1330
"2026-02-23 18:45",24805,24823.5,24800,24816,11,+0.04%,1414
"2026-02-23 18:30",24780.75,24807,24776.75,24805,23.75,+0.10%,1072
"2026-02-23 18:15",24799.5,24818.5,24773.5,24781.25,-18.75,-0.08%,1919
"2026-02-23 18:00",24789,24811.25,24782,24800,12,+0.05%,2291
"2026-02-23 17:45",24811,24818,24784.75,24788,-24.75,-0.10%,1703
"2026-02-23 17:30",24805.75,24826.75,24802.5,24812.75,6,+0.02%,1514
"2026-02-23 17:15",24798.75,24806.75,24784.25,24806.75,11,+0.04%,1145
"2026-02-23 17:00",24788,24815,24767,24795.75,9.5,+0.04%,2557
"2026-02-23 15:45",24784.75,24796.5,24777,24786.25,1.75,+0.01%,1594
"2026-02-23 15:30",24779.25,24791.25,24778.25,24784.5,5,+0.02%,1179
"2026-02-23 15:15",24781.75,24783.5,24770,24779.5,-2.,-0.01%,1776
"2026-02-23 15:00",24768.5,24786.75,24758,24781.5,13.5,+0.05%,11585
"2026-02-23 14:45",24730.5,24772.75,24710.75,24768,37.25,+0.15%,30290
"2026-02-23 14:30",24707,24751.5,24704.5,24730.75,24.25,+0.10%,13305
"2026-02-23 14:15",24685,24714.75,24684.5,24706.5,21,+0.09%,9768
"2026-02-23 14:00",24692,24705.75,24678.75,24685.5,-6.5,-0.03%,10343
"2026-02-23 13:45",24698,24716,24684.75,24692,-6.25,-0.03%,10660
"2026-02-23 13:30",24714.25,24730.25,24683.75,24698.25,-16.5,-0.07%,11097
"2026-02-23 13:15",24741.75,24753.25,24708.75,24714.75,-28.5,-0.12%,8704
"2026-02-23 13:00",24727.75,24755,24721.75,24743.25,15.75,+0.06%,10322
"2026-02-23 12:45",24785.75,24801.75,24720,24727.5,-57.5,-0.23%,13364
"2026-02-23 12:30",24810.5,24819.75,24776.75,24785,-25.5,-0.10%,10422
"2026-02-23 12:15",24784.5,24820.25,24780,24810.5,26.5,+0.11%,11767
"2026-02-23 12:00",24744.5,24788.5,24739,24784,39.25,+0.16%,9614
"2026-02-23 11:45",24701.5,24755.5,24693.75,24744.75,43.75,+0.18%,13423
"2026-02-23 11:30",24742.5,24745.75,24677.5,24701,-42.,-0.17%,14943
"2026-02-23 11:15",24732.75,24761.5,24732,24743,9.75,+0.04%,7970
"2026-02-23 11:00",24735,24763.75,24725.25,24733.25,-1.5,-0.01%,11243
"2026-02-23 10:45",24765,24770,24727.5,24734.75,-29.5,-0.12%,12794
"2026-02-23 10:30",24777.75,24789.25,24748.75,24764.25,-13.75,-0.06%,13894
"2026-02-23 10:15",24683,24781.75,24668,24778,95,+0.38%,21673
"2026-02-23 10:00",24743.25,24757,24668,24683,-60.25,-0.24%,30034
"2026-02-23 09:45",24829,24852,24738.75,24743.25,-85.5,-0.34%,26241
"2026-02-23 09:30",24871,24900.5,24816.25,24828.75,-42.75,-0.17%,20672
"2026-02-23 09:15",24874.5,24930,24857.5,24871.5,-2.25,-0.01%,21130
"2026-02-23 09:00",24912.75,24952.25,24840.5,24873.75,-39.5,-0.16%,30254
"2026-02-23 08:45",24881,24965.25,24857.75,24913.25,31.5,+0.13%,30752
"2026-02-23 08:30",24981,25040,24879,24881.75,-99.5,-0.40%,47089
"2026-02-23 08:15",24961,24982.5,24937.75,24981.25,20.75,+0.08%,5537
"2026-02-23 08:00",24935,24961.25,24931.5,24960.5,25.75,+0.10%,2516
"2026-02-23 07:45",24949.75,24954.5,24926.5,24934.75,-15.5,-0.06%,3109
"2026-02-23 07:30",24927.25,24950.5,24910,24950.25,23.5,+0.09%,2924
"2026-02-23 07:15",24916.25,24936.25,24912.5,24926.75,9.75,+0.04%,1923
"2026-02-23 07:00",24903.75,24938,24887.25,24917,12.25,+0.05%,2574
"2026-02-23 06:45",24920.5,24926.75,24893,24904.75,-17.25,-0.07%,2020
"2026-02-23 06:30",24910.25,24924,24883.75,24922,11.75,+0.05%,2230
"2026-02-23 06:15",24920.5,24921.5,24901.25,24910.25,-10.25,-0.04%,1615
"2026-02-23 06:00",24928.25,24943.5,24910,24920.5,-9.,-0.04%,1926
"2026-02-23 05:45",24948.25,24951,24907.25,24929.5,-18.75,-0.08%,2255
"2026-02-23 05:30",24967.75,24970,24945.75,24948.25,-19.5,-0.08%,1073
"2026-02-23 05:15",24977.75,24987.25,24964.75,24967.75,-9.25,-0.04%,813
"2026-02-23 05:00",24970.75,24980,24959.5,24977,7.5,+0.03%,836
"2026-02-23 04:45",24977.25,24977.75,24962.75,24969.5,-7.75,-0.03%,753
"2026-02-23 04:30",24969.5,24985.75,24959,24977.25,7.25,+0.03%,1129
"2026-02-23 04:15",24991.5,24992,24945,24970,-21.25,-0.09%,2564
"2026-02-23 04:00",24985.5,25002.75,24980,24991.25,7.75,+0.03%,983
"2026-02-23 03:45",24997,25000.5,24980,24983.5,-12.75,-0.05%,996
"2026-02-23 03:30",24994.5,25004,24975,24996.25,2,+0.01%,1765
"2026-02-23 03:15",24995.25,24996.25,24973,24994.25,-0.25,0.00%,1821
"2026-02-23 03:00",24931,24998.5,24930.75,24994.5,64.75,+0.26%,3503
"2026-02-23 02:45",24884.75,24934.5,24883.75,24929.75,46.5,+0.19%,1920
"2026-02-23 02:30",24900.25,24905.75,24878.25,24883.25,-15.75,-0.06%,1118
"2026-02-23 02:15",24906,24907.25,24887,24899,-5.25,-0.02%,842
"2026-02-23 02:00",24898.75,24913.5,24877.5,24904.25,6.25,+0.03%,1970
"2026-02-23 01:45",24907,24912,24897.5,24898,-10.,-0.04%,715
"2026-02-23 01:30",24901.5,24911,24891.75,24908,4.25,+0.02%,895
"2026-02-23 01:15",24910.25,24914.75,24894,24903.75,-6.,-0.02%,1711
"2026-02-23 01:00",24868.5,24913.75,24863.25,24909.75,42.75,+0.17%,2633
"2026-02-23 00:45",24858,24869.5,24853,24867,9.5,+0.04%,647
"2026-02-23 00:30",24845.5,24864.5,24841,24857.5,10.25,+0.04%,869
"2026-02-23 00:15",24853,24854.5,24843.75,24847.25,-7.,-0.03%,516
"2026-02-23 00:00",24838.5,24854.75,24832.25,24854.25,16,+0.06%,806
"2026-02-22 23:45",24835.25,24844.25,24824.75,24838.25,3,+0.01%,787
"2026-02-22 23:30",24827,24843.25,24822.75,24835.25,7.5,+0.03%,1270
"2026-02-22 23:15",24819.25,24828.25,24807.25,24827.75,7.75,+0.03%,1015
"2026-02-22 23:00",24833.5,24835,24816.25,24820,-14.25,-0.06%,691
"2026-02-22 22:45",24825,24834.25,24819.5,24834.25,10.25,+0.04%,633
"2026-02-22 22:30",24831.25,24839.5,24811,24824,-6.5,-0.03%,934
"2026-02-22 22:15",24842,24842.25,24821.25,24830.5,-13.,-0.05%,731
"2026-02-22 22:00",24842.5,24853,24828,24843.5,1.75,+0.01%,974
"2026-02-22 21:45",24838.5,24844,24830.25,24841.75,3,+0.01%,535
"2026-02-22 21:30",24833.5,24839.5,24813.25,24838.75,5.25,+0.02%,1576
"2026-02-22 21:15",24848.75,24850,24815.25,24833.5,-15.5,-0.06%,1909
"2026-02-22 21:00",24839.5,24863.5,24839.5,24849,10,+0.04%,1775
"2026-02-22 20:45",24839,24842.5,24831.5,24839,-0.5,0.00%,751
"2026-02-22 20:30",24831.75,24845,24828.5,24839.5,7.5,+0.03%,1535
"2026-02-22 20:15",24818,24840,24808,24832,14,+0.06%,2045
"2026-02-22 20:00",24844.25,24857.25,24815,24818,-26.25,-0.11%,3155
"2026-02-22 19:45",24872.75,24881.75,24832.5,24844.25,-29.,-0.12%,2715
"2026-02-22 19:30",24858.75,24874,24842.25,24873.25,14.5,+0.06%,2161
"2026-02-22 19:15",24863.5,24882.75,24852.5,24858.75,-5.25,-0.02%,2854
"2026-02-22 19:00",24853.75,24876,24839.25,24864,11.25,+0.05%,4301
"2026-02-22 18:45",24883.25,24900,24848.5,24852.75,-31.,-0.12%,3385
"2026-02-22 18:30",24906.75,24907.75,24877,24883.75,-24.,-0.10%,2502
"2026-02-22 18:15",24934.5,24950.5,24884,24907.75,-25.75,-0.10%,3176
"2026-02-22 18:00",24970,24971,24927.5,24933.5,-37.5,-0.15%,3035
"2026-02-22 17:45",24941.5,24983,24936.75,24971,30.5,+0.12%,2602
"2026-02-22 17:30",24979.5,24990,24936.5,24940.5,-39.5,-0.16%,3240
"2026-02-22 17:15",25049.75,25057.75,24968.25,24980,-71.75,-0.29%,3202
"2026-02-22 17:00",25033.75,25059.75,25017,25051.75,-25.75,-0.10%,2490
"2026-02-20 15:45",25074.5,25081,25069.25,25077.5,3.5,+0.01%,1181
"2026-02-20 15:30",25067.75,25079.25,25066.5,25074,5.5,+0.02%,1136
"2026-02-20 15:15",25078.5,25078.5,25066.5,25068.5,-10.,-0.04%,1358
"2026-02-20 15:00",25075,25088,25064.25,25078.5,3.5,+0.01%,10469
"2026-02-20 14:45",25059.5,25079.25,25035,25075,15.5,+0.06%,20894
"2026-02-20 14:30",25021.25,25060.5,25018,25059.5,39.25,+0.16%,7406
"2026-02-20 14:15",25066.75,25069.5,25014.25,25020.25,-47.25,-0.19%,6863
"2026-02-20 14:00",25023,25077.25,25016,25067.5,44.5,+0.18%,9139
"2026-02-20 13:45",25039.25,25063.75,25018,25023,-15.5,-0.06%,7587
"2026-02-20 13:30",25054,25077.5,25034.25,25038.5,-14.25,-0.06%,7026
"2026-02-20 13:15",25062.75,25085.5,25037.25,25052.75,-10.,-0.04%,8549
"2026-02-20 13:00",25098.5,25118.75,25059.25,25062.75,-35.,-0.14%,9849
"2026-02-20 12:45",25070.5,25122.25,25047,25097.75,26.75,+0.11%,15832
"2026-02-20 12:30",24966.25,25076.25,24928,25071,106.25,+0.43%,23346
"2026-02-20 12:15",25003.25,25004,24929.25,24964.75,-38.5,-0.15%,16217
"2026-02-20 12:00",25034.25,25045.5,24991.75,25003.25,-31.,-0.12%,12724
"2026-02-20 11:45",24962.75,25043.75,24941,25034.25,71.25,+0.29%,16911
"2026-02-20 11:30",24926.75,24972.75,24912,24963,36.75,+0.15%,18132
"2026-02-20 11:15",24982.75,24982.75,24879.25,24926.25,-56.,-0.22%,25820
"2026-02-20 11:00",25098.5,25109.25,24980.75,24982.25,-115.75,-0.46%,18333
"2026-02-20 10:45",25092.5,25130.5,25089,25098,5.25,+0.02%,14807
"2026-02-20 10:30",24977.5,25109.5,24967.25,25092.75,115.25,+0.46%,17550
"2026-02-20 10:15",25078,25085.75,24975.5,24977.5,-98.25,-0.39%,20412
"2026-02-20 10:00",25118.25,25139.5,25070.25,25075.75,-43.,-0.17%,17066
"2026-02-20 09:45",25061,25127,25026,25118.75,58.25,+0.23%,23178
"2026-02-20 09:30",24974.5,25067.75,24908,25060.5,86.5,+0.35%,23977
"2026-02-20 09:15",24928,25037.75,24860.75,24974,46,+0.18%,28561
"2026-02-20 09:00",24900.5,25083,24858.25,24928,30.5,+0.12%,44810
"2026-02-20 08:45",24926,24957.5,24852,24897.5,-28.5,-0.11%,29612
"2026-02-20 08:30",24715.25,24948.5,24678.5,24926,210.5,+0.85%,44412
"2026-02-20 08:15",24737,24738.75,24696.75,24715.5,-22.25,-0.09%,9470
"2026-02-20 08:00",24769.75,24784,24728,24737.75,-31.5,-0.13%,4601
"2026-02-20 07:45",24745.25,24773,24722.5,24769.25,24.5,+0.10%,5693
"2026-02-20 07:30",24856,24863,24724.75,24744.75,-112.75,-0.45%,11201
"2026-02-20 07:15",24825,24864,24824.25,24857.5,33.75,+0.14%,2907
"2026-02-20 07:00",24828,24833.75,24816,24823.75,-5.25,-0.02%,1843
"2026-02-20 06:45",24802.75,24831.25,24792,24829,25,+0.10%,2514
"2026-02-20 06:30",24807.5,24820,24791,24804,-3.75,-0.02%,2362
"2026-02-20 06:15",24840.25,24849.5,24799.25,24807.75,-31.25,-0.13%,2582
"2026-02-20 06:00",24829,24842.5,24805,24839,8.5,+0.03%,2641
"2026-02-20 05:45",24862.5,24863.25,24811.25,24830.5,-30.5,-0.12%,2924
"2026-02-20 05:30",24878,24888,24850,24861,-18.25,-0.07%,1274
"2026-02-20 05:15",24866.5,24885.75,24856,24879.25,10.5,+0.04%,1343
"2026-02-20 05:00",24902.5,24902.5,24840.75,24868.75,-33.25,-0.13%,3649
"2026-02-20 04:45",24925.5,24936.25,24900.75,24902,-22.75,-0.09%,1199
"2026-02-20 04:30",24927.5,24937.25,24917.25,24924.75,-2.5,-0.01%,727
"2026-02-20 04:15",24940.75,24946.75,24919.75,24927.25,-13.25,-0.05%,979
"2026-02-20 04:00",24935.75,24945,24923.5,24940.5,3.25,+0.01%,1008
"2026-02-20 03:45",24959.5,24960,24931.75,24937.25,-20.75,-0.08%,1072
"2026-02-20 03:30",24975,24982,24950.5,24958,-18.25,-0.07%,1275
"2026-02-20 03:15",24961,24984.75,24959.25,24976.25,17,+0.07%,2101
"2026-02-20 03:00",24936.5,24962,24932.5,24959.25,22.5,+0.09%,1845
"2026-02-20 02:45",24922.5,24942.5,24917,24936.75,15.25,+0.06%,840
"2026-02-20 02:30",24929.5,24931.5,24898,24921.5,-7.75,-0.03%,1194
"2026-02-20 02:15",24911.25,24931,24896.75,24929.25,18,+0.07%,1117
"2026-02-20 02:00",24921.25,24935.25,24906,24911.25,-10.25,-0.04%,1647
"2026-02-20 01:45",24937.75,24938.5,24907.5,24921.5,-16.,-0.06%,1140
"2026-02-20 01:30",24940.25,24945.75,24923.5,24937.5,-4.25,-0.02%,1117
"2026-02-20 01:15",24948.5,24952.5,24939,24941.75,-6.25,-0.03%,909
"2026-02-20 01:00",24942.75,24954.5,24938,24948,5,+0.02%,901
"2026-02-20 00:45",24936.75,24944.25,24930.75,24943,6,+0.02%,599
"2026-02-20 00:30",24944.5,24945.25,24933.25,24937,-8.25,-0.03%,536
"2026-02-20 00:15",24953,24956,24943.75,24945.25,-8.,-0.03%,514
"2026-02-20 00:00",24944,24953.75,24940,24953.25,10.25,+0.04%,698
"2026-02-19 23:45",24936.25,24948.5,24932.5,24943,6.5,+0.03%,810
"2026-02-19 23:30",24926,24946.25,24925,24936.5,11.25,+0.05%,1409
"2026-02-19 23:15",24907.75,24926,24904.75,24925.25,17.75,+0.07%,579
"2026-02-19 23:00",24903,24916.25,24901,24907.5,6.75,+0.03%,757
"2026-02-19 22:45",24902.75,24909,24896.75,24900.75,-1.25,-0.01%,390
"2026-02-19 22:30",24903,24903.25,24893.25,24902,-1.5,-0.01%,429
"2026-02-19 22:15",24912.5,24913.75,24893.25,24903.5,-8.5,-0.03%,559
"2026-02-19 22:00",24889.25,24912.5,24885.5,24912,21,+0.08%,931
"2026-02-19 21:45",24890.5,24902.75,24888.25,24891,0.5,0.00%,449
"2026-02-19 21:30",24902.5,24906,24889,24890.5,-11.5,-0.05%,502
"2026-02-19 21:15",24905.75,24911,24900,24902,-2.5,-0.01%,414
"2026-02-19 21:00",24897.75,24908.75,24894.25,24904.5,7.5,+0.03%,664
"2026-02-19 20:45",24889.75,24902.25,24878,24897,7.25,+0.03%,861
"2026-02-19 20:30",24889.75,24907.5,24888.5,24889.75,1.25,+0.01%,924
"2026-02-19 20:15",24894.25,24901.75,24884.25,24888.5,-5.25,-0.02%,1175
"2026-02-19 20:00",24908.25,24934,24891.75,24893.75,-13.,-0.05%,1787
"2026-02-19 19:45",24900,24919,24892,24906.75,6.25,+0.03%,1447
"2026-02-19 19:30",24917,24925.75,24898.25,24900.5,-21.25,-0.09%,1004
"2026-02-19 19:15",24931,24931.5,24906.75,24921.75,-11.25,-0.05%,1590
"2026-02-19 19:00",24901.5,24936,24897.75,24933,32,+0.13%,1864
"2026-02-19 18:45",24897.5,24908.25,24897.5,24901,3.25,+0.01%,917
"2026-02-19 18:30",24889.5,24912.5,24889.25,24897.75,7.75,+0.03%,1850
"2026-02-19 18:15",24887.5,24896.5,24859,24890,0.25,0.00%,2230
"2026-02-19 18:00",24878.25,24894,24858.5,24889.75,12.5,+0.05%,1471
"2026-02-19 17:45",24872.25,24885.25,24865.25,24877.25,5,+0.02%,951
"2026-02-19 17:30",24860.25,24889.25,24859,24872.25,12.75,+0.05%,1116
"2026-02-19 17:15",24845.25,24867.25,24845.25,24859.5,15,+0.06%,1004
"2026-02-19 17:00",24837.75,24853,24826,24844.5,8.5,+0.03%,1530
"2026-02-19 15:45",24829.25,24841,24828.75,24836,6.25,+0.03%,1336
"2026-02-19 15:30",24848.75,24848.75,24829,24829.75,-18.75,-0.08%,1873
"2026-02-19 15:15",24852,24870,24831.75,24848.5,-4.25,-0.02%,3299
"2026-02-19 15:00",24863.5,24871.5,24851.25,24852.75,-10.75,-0.04%,8361
"2026-02-19 14:45",24808.5,24866,24804.75,24863.5,55.75,+0.22%,21574
"2026-02-19 14:30",24787,24817.25,24783,24807.75,19.25,+0.08%,7770
"2026-02-19 14:15",24795.5,24809.5,24777.5,24788.5,-6.75,-0.03%,7883
"2026-02-19 14:00",24781.25,24820.75,24781,24795.25,13.25,+0.05%,8848
"2026-02-19 13:45",24773.25,24792.75,24751.5,24782,8.5,+0.03%,9924
"2026-02-19 13:30",24808.75,24825.5,24756,24773.5,-35.5,-0.14%,10421
"2026-02-19 13:15",24824.25,24849.25,24794.75,24809,-14.75,-0.06%,6814
"2026-02-19 13:00",24840.75,24846.5,24813.75,24823.75,-18.25,-0.07%,7873
"2026-02-19 12:45",24783.75,24849,24783,24842,56.25,+0.23%,9842
"2026-02-19 12:30",24787.5,24803.75,24766,24785.75,-3.,-0.01%,9715
"2026-02-19 12:15",24831.25,24833,24749,24788.75,-42.75,-0.17%,14999
"2026-02-19 12:00",24779.5,24839.25,24767,24831.5,51.5,+0.21%,11167
"2026-02-19 11:45",24841.75,24843.5,24764.75,24780,-60.,-0.24%,16406
"2026-02-19 11:30",24859,24871,24835.75,24840,-20.,-0.08%,8921
"2026-02-19 11:15",24846,24904.75,24826,24860,14.5,+0.06%,11754
"2026-02-19 11:00",24844.25,24853,24810,24845.5,1.75,+0.01%,10762
"2026-02-19 10:45",24842,24873,24801.25,24843.75,1,0.00%,17257
"2026-02-19 10:30",24874.25,24921,24839.75,24842.75,-30.,-0.12%,13984
"2026-02-19 10:15",24907.75,24959.5,24872.5,24872.75,-34.,-0.14%,16981
"2026-02-19 10:00",24925,24933.75,24852.25,24906.75,-17.5,-0.07%,14127
"2026-02-19 09:45",24921,24932.5,24862.25,24924.25,4,+0.02%,14734
"2026-02-19 09:30",24858.5,24944.5,24849,24920.25,61.75,+0.25%,17061
"2026-02-19 09:15",24877.5,24930.75,24856,24858.5,-18.75,-0.08%,20027
"2026-02-19 09:00",24880,24956.5,24848.25,24877.25,-4.25,-0.02%,28685
"2026-02-19 08:45",24847,24920,24777,24881.5,35.5,+0.14%,29665
"2026-02-19 08:30",24833.75,24883.5,24763,24846,12.25,+0.05%,42373
"2026-02-19 08:15",24848.75,24874,24830,24833.75,-14.5,-0.06%,5614
"2026-02-19 08:00",24855,24866,24828,24848.25,-5.25,-0.02%,3455
"2026-02-19 07:45",24849,24880.75,24836,24853.5,4,+0.02%,3174
"2026-02-19 07:30",24832,24881,24798,24849.5,17.75,+0.07%,5902
"2026-02-19 07:15",24850.75,24855.25,24810.5,24831.75,-18.25,-0.07%,2996
"2026-02-19 07:00",24869,24878,24843.5,24850,-18.,-0.07%,1937
"2026-02-19 06:45",24890.5,24895,24867,24868,-23.,-0.09%,1453
"2026-02-19 06:30",24879.5,24895.5,24865.25,24891,10.25,+0.04%,1737
"2026-02-19 06:15",24860.25,24897,24848,24880.75,20.5,+0.08%,1910
"2026-02-19 06:00",24877.75,24880.5,24815,24860.25,-18.25,-0.07%,3269
"2026-02-19 05:45",24867.5,24881,24843.75,24878.5,9.5,+0.04%,1605
"2026-02-19 05:30",24874.5,24885.75,24861,24869,-5.25,-0.02%,1020
"2026-02-19 05:15",24871.25,24882.75,24857.75,24874.25,3.75,+0.02%,1295
"2026-02-19 05:00",24855,24878,24836.25,24870.5,16.25,+0.07%,1536
"2026-02-19 04:45",24859.5,24870.25,24838,24854.25,-5.25,-0.02%,1669
"2026-02-19 04:30",24839.75,24865,24825,24859.5,19.25,+0.08%,2476
"2026-02-19 04:15",24838,24868.75,24831.25,24840.25,1.75,+0.01%,1944
"2026-02-19 04:00",24892.5,24902.75,24836,24838.5,-55.75,-0.22%,3572
"2026-02-19 03:45",24899.25,24901.5,24850.5,24894.25,-4.,-0.02%,3140
"2026-02-19 03:30",24934.5,24948.5,24892.25,24898.25,-35.5,-0.14%,2768
"2026-02-19 03:15",24966.5,24972.25,24928.75,24933.75,-34.25,-0.14%,2043
"2026-02-19 03:00",24955,24973,24941.5,24968,13.75,+0.06%,1889
"2026-02-19 02:45",25009.5,25010.25,24946,24954.25,-56.,-0.22%,2731
"2026-02-19 02:30",25040,25049,25005,25010.25,-29.,-0.12%,1709
"2026-02-19 02:15",25030.5,25054,25030,25039.25,7.25,+0.03%,1489
"2026-02-19 02:00",25019.75,25042.5,25011.75,25032,11.25,+0.04%,1676
"2026-02-19 01:45",25030.75,25037.75,25018.25,25020.75,-10.25,-0.04%,776
"2026-02-19 01:30",25041.25,25047.25,25023.5,25031,-10.25,-0.04%,915
"2026-02-19 01:15",25024.75,25045,25019,25041.25,15.25,+0.06%,922
"2026-02-19 01:00",25019.5,25029,25008,25026,7.5,+0.03%,920
"2026-02-19 00:45",25003.75,25023.5,24997,25018.5,15,+0.06%,728
"2026-02-19 00:30",24998.25,25016.5,24998,25003.5,4.75,+0.02%,1436
"2026-02-19 00:15",24994.5,24999.75,24989.5,24998.75,3.5,+0.01%,330
"2026-02-19 00:00",24996,25004,24988.25,24995.25,-1.25,-0.01%,701
"2026-02-18 23:45",24982.5,25005.5,24982.25,24996.5,13.25,+0.05%,906
"2026-02-18 23:30",24973.25,24988.25,24973,24983.25,9.75,+0.04%,623
"2026-02-18 23:15",24956.5,24975.5,24954.75,24973.5,17,+0.07%,574
"2026-02-18 23:00",24957,24963.5,24940.75,24956.5,0.5,0.00%,745
"2026-02-18 22:45",24972.5,24975.25,24953.5,24956,-17.,-0.07%,597
"2026-02-18 22:30",24974,24983.25,24969,24973,-0.5,0.00%,414
"2026-02-18 22:15",24987.5,24994.25,24973,24973.5,-15.25,-0.06%,520
"2026-02-18 22:00",24985.5,24992.75,24982.25,24988.75,4.75,+0.02%,443
"2026-02-18 21:45",24978,24988,24966,24984,5.75,+0.02%,680
"2026-02-18 21:30",24994.5,24999.5,24970.5,24978.25,-17.25,-0.07%,779
"2026-02-18 21:15",24985,24996.75,24979,24995.5,11.25,+0.05%,619
"2026-02-18 21:00",24980,24990,24975.5,24984.25,5.5,+0.02%,515
"2026-02-18 20:45",24981.75,24988.25,24970,24978.75,-2.5,-0.01%,582
"2026-02-18 20:30",24983.25,24985.25,24970,24981.25,-1.25,-0.01%,451
"2026-02-18 20:15",24974,24985.25,24969.5,24982.5,10.5,+0.04%,586
"2026-02-18 20:00",24972.75,24978.5,24953.5,24972,-0.5,0.00%,983
"2026-02-18 19:45",24952.5,24973.5,24939.25,24972.5,19.25,+0.08%,993
"2026-02-18 19:30",24962,24971.25,24937.75,24953.25,-8.25,-0.03%,986
"2026-02-18 19:15",24989.5,24994.25,24959,24961.5,-30.5,-0.12%,1316
"2026-02-18 19:00",24946.75,24994.5,24939.75,24992,44,+0.18%,1716
"2026-02-18 18:45",24934.75,24948.5,24930.75,24948,14.5,+0.06%,774
"2026-02-18 18:30",24927.5,24951.25,24921,24933.5,8.5,+0.03%,1020
"2026-02-18 18:15",24954.25,24958.5,24916.25,24925,-28.25,-0.11%,1855
"2026-02-18 18:00",24964.5,24974,24943.5,24953.25,-11.25,-0.05%,1385
"2026-02-18 17:45",24971,24986,24962.25,24964.5,-8.,-0.03%,1006
"2026-02-18 17:30",24982,24989,24967.75,24972.5,-8.25,-0.03%,887
"2026-02-18 17:15",24991.75,24993.75,24966.5,24980.75,-10.5,-0.04%,1184
"2026-02-18 17:00",24943.5,24995,24942.25,24991.25,54.75,+0.22%,2160
"2026-02-18 15:45",24944,24950.75,24926.5,24936.5,-7.75,-0.03%,1389
"2026-02-18 15:30",24938.25,24947.75,24937,24944.25,5.5,+0.02%,1102
"2026-02-18 15:15",24943.75,24944.25,24928.75,24938.75,-5.5,-0.02%,1694
"2026-02-18 15:00",24957.25,24967,24932,24944.25,-13.25,-0.05%,9159
"2026-02-18 14:45",24942.5,24998,24936,24957.5,15.5,+0.06%,27071
"2026-02-18 14:30",24875.5,24951.75,24870.75,24942,66.5,+0.27%,13619
"2026-02-18 14:15",24876.75,24892,24856,24875.5,-1.5,-0.01%,12402
"2026-02-18 14:00",24884,24920.75,24865,24877,-6.,-0.02%,13965
"2026-02-18 13:45",24926,24951.5,24862,24883,-42.5,-0.17%,15665
"2026-02-18 13:30",24992.5,25000.25,24913.25,24925.5,-66.25,-0.27%,19558
"2026-02-18 13:15",25008.5,25023.5,24985.25,24991.75,-17.,-0.07%,11123
"2026-02-18 13:00",25025.75,25036.75,25005.25,25008.75,-18.75,-0.07%,10826
"2026-02-18 12:45",25029.25,25048.5,24981.75,25027.5,-2.,-0.01%,12465
"2026-02-18 12:30",25063.25,25076.75,25009.5,25029.5,-33.5,-0.13%,12046
"2026-02-18 12:15",25083.5,25092.75,25051,25063,-20.5,-0.08%,8991
"2026-02-18 12:00",25097.75,25127.25,25079.5,25083.5,-14.75,-0.06%,8309
"2026-02-18 11:45",25079,25114.25,25075.5,25098.25,19,+0.08%,7699
"2026-02-18 11:30",25089.5,25102.25,25069.75,25079.25,-10.75,-0.04%,7732
"2026-02-18 11:15",25083,25114.25,25079.75,25090,6.75,+0.03%,7619
"2026-02-18 11:00",25061.25,25128.25,25058.75,25083.25,21.75,+0.09%,15368
"2026-02-18 10:45",25104.5,25110.75,25057.5,25061.5,-42.75,-0.17%,12642
"2026-02-18 10:30",25094,25117.25,25086.5,25104.25,10.75,+0.04%,9762
"2026-02-18 10:15",25098.75,25109.75,25077.25,25093.5,-4.75,-0.02%,10353
"2026-02-18 10:00",25086.5,25115.75,25082,25098.25,11.5,+0.05%,11539
"2026-02-18 09:45",25064.75,25099.75,25052.25,25086.75,22,+0.09%,14196
"2026-02-18 09:30",25057.25,25081.25,25021.5,25064.75,6.75,+0.03%,15872
"2026-02-18 09:15",25043,25074,25032.75,25058,16,+0.06%,20699
"2026-02-18 09:00",24941,25049.5,24937.5,25042,101.25,+0.41%,33821
"2026-02-18 08:45",24850.75,24958.5,24792,24940.75,90.25,+0.36%,38083
"2026-02-18 08:30",24809.5,24868.75,24752,24850.5,41.5,+0.17%,49142
"2026-02-18 08:15",24832.25,24848.25,24809,24809,-23.25,-0.09%,4599
"2026-02-18 08:00",24828.75,24842,24808.5,24832.25,4.25,+0.02%,3392
"2026-02-18 07:45",24849,24854,24817.25,24828,-19.75,-0.08%,4306
"2026-02-18 07:30",24896,24921.75,24834.5,24847.75,-47.5,-0.19%,5377
"2026-02-18 07:15",24889.25,24901.25,24867,24895.25,5.75,+0.02%,2478
"2026-02-18 07:00",24890.5,24899.75,24867.75,24889.5,0,0.00%,1994
"2026-02-18 06:45",24884.25,24896.75,24866,24889.5,5,+0.02%,2021
"2026-02-18 06:30",24902,24903.75,24844,24884.5,-16.25,-0.07%,4370
"2026-02-18 06:15",24957.75,24962.5,24899.5,24900.75,-57.25,-0.23%,2797
"2026-02-18 06:00",24894.5,24960,24894.25,24958,63,+0.25%,4991
"2026-02-18 05:45",24894.5,24905.75,24890,24895,0.25,0.00%,1020
"2026-02-18 05:30",24907.5,24916.5,24889.75,24894.75,-12.75,-0.05%,1657
"2026-02-18 05:15",24902.5,24926.75,24902,24907.5,4,+0.02%,1054
"2026-02-18 05:00",24921.75,24928,24896.5,24903.5,-18.25,-0.07%,1067
"2026-02-18 04:45",24925.75,24931.75,24913.75,24921.75,-3.75,-0.02%,1281
"2026-02-18 04:30",24933.75,24940.5,24917,24925.5,-7.5,-0.03%,1181
"2026-02-18 04:15",24931,24937.75,24924.5,24933,1.25,+0.01%,557
"2026-02-18 04:00",24910,24938,24908,24931.75,22.75,+0.09%,1717
"2026-02-18 03:45",24937,24938,24905.5,24909,-27.25,-0.11%,1585
"2026-02-18 03:30",24920,24941.5,24917,24936.25,16.5,+0.07%,1657
"2026-02-18 03:15",24914.5,24925.25,24903,24919.75,5,+0.02%,1149
"2026-02-18 03:00",24903.25,24926.75,24899.75,24914.75,11.25,+0.05%,2115
"2026-02-18 02:45",24897.25,24909.75,24890,24903.5,7.5,+0.03%,1406
"2026-02-18 02:30",24896.5,24916,24890,24896,0.5,0.00%,1787
"2026-02-18 02:15",24865.25,24915.25,24864,24895.5,30,+0.12%,4100
"2026-02-18 02:00",24833.5,24880,24833.5,24865.5,30.75,+0.12%,3416
"2026-02-18 01:45",24839.75,24842,24826,24834.75,-5.,-0.02%,588
"2026-02-18 01:30",24822.25,24839.75,24819.75,24839.75,17.5,+0.07%,812
"2026-02-18 01:15",24811,24823,24802,24822.25,10.25,+0.04%,602
"2026-02-18 01:00",24823,24828.75,24806.5,24812,-11.5,-0.05%,695
"2026-02-18 00:45",24838.75,24846.75,24823.5,24823.5,-16.,-0.06%,605
"2026-02-18 00:30",24824.75,24841.25,24812.5,24839.5,14.75,+0.06%,893
"2026-02-18 00:15",24816.25,24830.75,24815.5,24824.75,7,+0.03%,815
"2026-02-18 00:00",24826,24829,24809,24817.75,-7.75,-0.03%,808
"2026-02-17 23:45",24830,24833.25,24820,24825.5,-4.75,-0.02%,585
"2026-02-17 23:30",24831,24847,24827,24830.25,-0.5,0.00%,554
"2026-02-17 23:15",24833,24840,24829.25,24830.75,-3.,-0.01%,362
"2026-02-17 23:00",24835,24838,24823.25,24833.75,-2.5,-0.01%,633
"2026-02-17 22:45",24837.5,24838.75,24827.25,24836.25,-0.5,0.00%,766
"2026-02-17 22:30",24812.75,24840,24811,24836.75,23.25,+0.09%,1353
"2026-02-17 22:15",24803.5,24818.25,24796.75,24813.5,10.75,+0.04%,697
"2026-02-17 22:00",24794,24814,24783.25,24802.75,8.5,+0.03%,1300
"2026-02-17 21:45",24765.75,24798.75,24765.25,24794.25,28.75,+0.12%,1261
"2026-02-17 21:30",24747.75,24769.5,24746,24765.5,18,+0.07%,523
"2026-02-17 21:15",24747.5,24750,24736.5,24747.5,0.5,0.00%,663
"2026-02-17 21:00",24758.75,24770,24743.5,24747,-11.,-0.04%,629
"2026-02-17 20:45",24764.5,24770.75,24754,24758,-6.5,-0.03%,592
"2026-02-17 20:30",24749.25,24769.75,24749.25,24764.5,15.25,+0.06%,786
"2026-02-17 20:15",24756.5,24761.25,24736,24749.25,-7.,-0.03%,647
"2026-02-17 20:00",24745.75,24762,24742.75,24756.25,11.75,+0.05%,839
"2026-02-17 19:45",24730.25,24746.25,24716.75,24744.5,14.5,+0.06%,716
"2026-02-17 19:30",24721,24732,24709.5,24730,11.75,+0.05%,683
"2026-02-17 19:15",24717.5,24742,24713.5,24718.25,-0.25,0.00%,762
"2026-02-17 19:00",24724.75,24732,24709.5,24718.5,-8.5,-0.03%,1732
"2026-02-17 18:45",24736.25,24738.5,24714,24727,-8.75,-0.04%,1691
"2026-02-17 18:30",24739.75,24752.75,24729.25,24735.75,-3.,-0.01%,1406
"2026-02-17 18:15",24748.5,24754.75,24711.25,24738.75,-7.25,-0.03%,1706
"2026-02-17 18:00",24711.25,24750,24708.5,24746,35,+0.14%,1699
"2026-02-17 17:45",24724.5,24730,24700.75,24711,-14.5,-0.06%,1489
"2026-02-17 17:30",24744.5,24755.5,24713.75,24725.5,-18.,-0.07%,1992
"2026-02-17 17:15",24737.5,24761.75,24723.5,24743.5,6.5,+0.03%,1361
"2026-02-17 17:00",24773.75,24783.25,24728,24737,-31.25,-0.13%,1892
"2026-02-17 15:45",24766.5,24775,24757.75,24768.25,1.5,+0.01%,1277
"2026-02-17 15:30",24787,24788.75,24755.25,24766.75,-22.25,-0.09%,2943
"2026-02-17 15:15",24777.75,24818.5,24777.75,24789,11.5,+0.05%,5639
"2026-02-17 15:00",24776.75,24795.25,24765.5,24777.5,1,0.00%,7596
"2026-02-17 14:45",24782.25,24786.75,24739.5,24776.5,-5.75,-0.02%,23187
"2026-02-17 14:30",24773,24795.75,24735.75,24782.25,8.75,+0.04%,14383
"2026-02-17 14:15",24812,24818.25,24765.75,24773.5,-38.25,-0.15%,13846
"2026-02-17 14:00",24815,24841.75,24795,24811.75,-3.25,-0.01%,11440
"2026-02-17 13:45",24872.5,24875.5,24807.75,24815,-58.,-0.23%,10411
"2026-02-17 13:30",24836.5,24889.75,24828.75,24873,36.75,+0.15%,10654
"2026-02-17 13:15",24851.25,24867.25,24832,24836.25,-15.5,-0.06%,10644
"2026-02-17 13:00",24845.5,24863.5,24826.5,24851.75,6.75,+0.03%,11306
"2026-02-17 12:45",24825.75,24874.75,24812.75,24845,19,+0.08%,11589
"2026-02-17 12:30",24768.25,24854.75,24750.5,24826,57.75,+0.23%,14771
"2026-02-17 12:15",24673.25,24785.25,24651.75,24768.25,95,+0.39%,17464
"2026-02-17 12:00",24698,24704,24649.25,24673.25,-24.25,-0.10%,11827
"2026-02-17 11:45",24648.5,24706,24608.75,24697.5,48,+0.19%,17317
"2026-02-17 11:30",24755.75,24759.25,24646.5,24649.5,-105.5,-0.43%,13200
"2026-02-17 11:15",24701.5,24756,24668.5,24755,52.25,+0.21%,10862
"2026-02-17 11:00",24759,24764.5,24685.5,24702.75,-56.5,-0.23%,10488
"2026-02-17 10:45",24734.75,24788,24721.75,24759.25,24,+0.10%,12530
"2026-02-17 10:30",24726.5,24780,24693.25,24735.25,7.5,+0.03%,17823
"2026-02-17 10:15",24773.25,24796.75,24722.25,24727.75,-46.,-0.19%,21133
"2026-02-17 10:00",24599.25,24787,24593.25,24773.75,173.5,+0.71%,24394
"2026-02-17 09:45",24512,24603.75,24503.75,24600.25,89,+0.36%,26259
"2026-02-17 09:30",24526,24543.25,24449.25,24511.25,-16.25,-0.07%,28244
"2026-02-17 09:15",24499.25,24641,24495.5,24527.5,28.75,+0.12%,30219
"2026-02-17 09:00",24483.75,24571.5,24462.25,24498.75,13,+0.05%,29173
"2026-02-17 08:45",24701.25,24711.5,24475,24485.75,-215.,-0.87%,42143
"2026-02-17 08:30",24659.25,24815.75,24605.75,24700.75,42.5,+0.17%,42973
"2026-02-17 08:15",24651.25,24669.5,24633,24658.25,7.75,+0.03%,4273
"2026-02-17 08:00",24613,24671.25,24611.5,24650.5,38.5,+0.16%,4691
"2026-02-17 07:45",24602,24705.25,24578,24612,11.5,+0.05%,10021
"2026-02-17 07:30",24607.75,24610.5,24577,24600.5,-4.5,-0.02%,2561
"2026-02-17 07:15",24549,24622.5,24535,24605,56.25,+0.23%,5665
"2026-02-17 07:00",24584.25,24590.75,24518,24548.75,-35.75,-0.15%,5550
"2026-02-17 06:45",24607.5,24610.25,24577.75,24584.5,-22.5,-0.09%,1993
"2026-02-17 06:30",24620.25,24621,24596.75,24607,-12.,-0.05%,1520
"2026-02-17 06:15",24652.75,24659.75,24616.5,24619,-32.,-0.13%,1598
"2026-02-17 06:00",24622.75,24666.75,24609.25,24651,27.25,+0.11%,2090
"2026-02-17 05:45",24612,24638,24606.75,24623.75,11.75,+0.05%,1253
"2026-02-17 05:30",24618.75,24629.75,24600.25,24612,-6.75,-0.03%,1319
"2026-02-17 05:15",24599.75,24619.25,24572.25,24618.75,19,+0.08%,2112
"2026-02-17 05:00",24606.75,24623,24586,24599.75,-7.75,-0.03%,1482
"2026-02-17 04:45",24607.25,24624.5,24590,24607.5,-0.75,0.00%,1456
"2026-02-17 04:30",24661,24661,24602.25,24608.25,-53.25,-0.22%,2409
"2026-02-17 04:15",24663.25,24668.75,24647,24661.5,0,0.00%,851
"2026-02-17 04:00",24687.5,24697.5,24658.25,24661.5,-25.25,-0.10%,832
"2026-02-17 03:45",24684.25,24695.5,24672,24686.75,4.25,+0.02%,756
"2026-02-17 03:30",24673,24693.75,24667.25,24682.5,11.5,+0.05%,1324
"2026-02-17 03:15",24641.75,24673,24637,24671,25.5,+0.10%,1275
"2026-02-17 03:00",24641.25,24680,24636.75,24645.5,6,+0.02%,2646
"2026-02-17 02:45",24642.5,24653.75,24623.75,24639.5,-2.75,-0.01%,1783
"2026-02-17 02:30",24686.25,24690,24636.5,24642.25,-44.25,-0.18%,1960
"2026-02-17 02:15",24705,24706,24674.25,24686.5,-18.75,-0.08%,2026
"2026-02-17 02:00",24659.75,24726.75,24651.5,24705.25,45.25,+0.18%,3818
"2026-02-17 01:45",24628,24663.75,24622.25,24660,32,+0.13%,2306
"2026-02-17 01:30",24594.75,24635,24584,24628,36.5,+0.15%,1555
"2026-02-17 01:15",24600,24616.25,24584.5,24591.5,-9.,-0.04%,1457
"2026-02-17 01:00",24628,24630.25,24596.5,24600.5,-26.75,-0.11%,1147
"2026-02-17 00:45",24629.5,24641,24619.75,24627.25,-2.,-0.01%,1004
"2026-02-17 00:30",24610.25,24639,24602,24629.25,19,+0.08%,1380
"2026-02-17 00:15",24621.25,24625.75,24607.5,24610.25,-9.75,-0.04%,698
"2026-02-17 00:00",24582.75,24633.75,24582.75,24620,37.25,+0.15%,1453
"2026-02-16 23:45",24600,24611.25,24575,24582.75,-15.5,-0.06%,1537
"2026-02-16 23:30",24600.25,24602.5,24558.25,24598.25,-0.25,0.00%,1509
"2026-02-16 23:15",24600.75,24604.25,24567.5,24598.5,-2.25,-0.01%,1724
"2026-02-16 23:00",24623.75,24626,24599.25,24600.75,-22.75,-0.09%,740
"2026-02-16 22:45",24610,24624.75,24608.75,24623.5,14.75,+0.06%,684
"2026-02-16 22:30",24624.25,24625,24593,24608.75,-15.5,-0.06%,873
"2026-02-16 22:15",24619,24627.75,24609,24624.25,4,+0.02%,603
"2026-02-16 22:00",24611,24630,24606.75,24620.25,11,+0.04%,1049
"2026-02-16 21:45",24607.75,24613,24584.25,24609.25,3,+0.01%,1439
"2026-02-16 21:30",24622,24622.5,24573.25,24606.25,-16.75,-0.07%,2850
"2026-02-16 21:15",24617,24642.5,24610,24623,7,+0.03%,1563
"2026-02-16 21:00",24662,24665.5,24594.75,24616,-46.,-0.19%,3570
"2026-02-16 20:45",24674.5,24679.25,24651.75,24662,-13.,-0.05%,1930
"2026-02-16 20:30",24675.5,24684.25,24657.25,24675,0,0.00%,1407
"2026-02-16 20:15",24668.75,24686,24651.75,24675,6.5,+0.03%,1802
"2026-02-16 20:00",24666.5,24680.25,24617.5,24668.5,-0.5,0.00%,4986
"2026-02-16 19:45",24775.75,24780,24651,24669,-105.25,-0.42%,6271
"2026-02-16 19:30",24782.75,24797,24763.75,24774.25,-8.,-0.03%,1951
"2026-02-16 19:15",24819.5,24822.75,24777.25,24782.25,-37.,-0.15%,1064
"2026-02-16 19:00",24790.5,24824.25,24788,24819.25,31,+0.13%,1889
"2026-02-16 18:45",24806.5,24808.5,24774.25,24788.25,-17.25,-0.07%,1249
"2026-02-16 18:30",24824.75,24830,24791.75,24805.5,-20.75,-0.08%,1925
"2026-02-16 18:15",24806.25,24834.75,24797,24826.25,20,+0.08%,1866
"2026-02-16 18:00",24818.75,24828,24784,24806.25,-11.5,-0.05%,1943
"2026-02-16 17:45",24812,24842.5,24802.25,24817.75,7,+0.03%,1882
"2026-02-16 17:30",24777.5,24817,24777.5,24810.75,33,+0.13%,1807
"2026-02-16 17:15",24775,24781.75,24767.5,24777.75,2.75,+0.01%,823
"2026-02-16 17:00",24746.25,24781.5,24739,24775,27.75,+0.11%,1591
"2026-02-16 11:45",24758.75,24770.75,24734.75,24747.25,-10.,-0.04%,1795
"2026-02-16 11:30",24744,24765.5,24743.75,24757.25,14,+0.06%,1842
"2026-02-16 11:15",24725,24746,24717.25,24743.25,17.75,+0.07%,1412
"2026-02-16 11:00",24728,24741.5,24713.5,24725.5,-3.25,-0.01%,2206
"2026-02-16 10:45",24703.5,24733.75,24697.5,24728.75,27.25,+0.11%,2361
"2026-02-16 10:30",24727.5,24741.75,24670.75,24701.5,-26.,-0.11%,5140
"2026-02-16 10:15",24752,24753.5,24697,24727.5,-24.,-0.10%,4111
"2026-02-16 10:00",24692.25,24752.25,24683.75,24751.5,59.25,+0.24%,3816
"2026-02-16 09:45",24686.25,24731.5,24678.5,24692.25,6.25,+0.03%,4545
"2026-02-16 09:30",24709,24723,24682.75,24686,-23.75,-0.10%,5855
"2026-02-16 09:15",24757.75,24772,24709.75,24709.75,-48.,-0.19%,4895
"2026-02-16 09:00",24768,24797.5,24755.75,24757.75,-10.25,-0.04%,4346
"2026-02-16 08:45",24723.5,24782.75,24692.75,24768,44.75,+0.18%,7150
"2026-02-16 08:30",24762.75,24776.5,24711.5,24723.25,-40.75,-0.16%,8193
"2026-02-16 08:15",24784,24792,24754.75,24764,-20.,-0.08%,4444
"2026-02-16 08:00",24844.25,24844.25,24783.25,24784,-60.25,-0.24%,3021
"2026-02-16 07:45",24860.75,24864.5,24844.25,24844.25,-15.5,-0.06%,686
"2026-02-16 07:30",24863,24875.75,24852.75,24859.75,-4.75,-0.02%,713
"2026-02-16 07:15",24859,24866.75,24856,24864.5,5.25,+0.02%,444
"2026-02-16 07:00",24869.75,24871.5,24853.75,24859.25,-10.25,-0.04%,467
"2026-02-16 06:45",24855,24870.75,24852.25,24869.5,14.5,+0.06%,362
"2026-02-16 06:30",24877.5,24877.5,24853,24855,-22.75,-0.09%,661
"2026-02-16 06:15",24858.25,24880.5,24847.75,24877.75,19.25,+0.08%,698
"2026-02-16 06:00",24863.25,24864,24849,24858.5,-4.75,-0.02%,489
"2026-02-16 05:45",24867.25,24874.75,24860,24863.25,-4.25,-0.02%,305
"2026-02-16 05:30",24869,24872.75,24851,24867.5,-1.5,-0.01%,559
"2026-02-16 05:15",24858.5,24873,24852.25,24869,9.5,+0.04%,589
"2026-02-16 05:00",24878.5,24879.25,24842.5,24859.5,-18.75,-0.08%,859
"2026-02-16 04:45",24896,24899.75,24868.25,24878.25,-16.75,-0.07%,709
"2026-02-16 04:30",24886.75,24898,24871,24895,9.5,+0.04%,678
"2026-02-16 04:15",24890,24894,24879,24885.5,-5.25,-0.02%,498
"2026-02-16 04:00",24909.75,24911.5,24881.5,24890.75,-20.5,-0.08%,835
"2026-02-16 03:45",24909.75,24917,24906.5,24911.25,2,+0.01%,475
"2026-02-16 03:30",24909,24919,24907.75,24909.25,-1.5,-0.01%,501
"2026-02-16 03:15",24900,24922.25,24892.75,24910.75,11.5,+0.05%,1033
"2026-02-16 03:00",24895.75,24903.75,24888,24899.25,4.5,+0.02%,638
"2026-02-16 02:45",24880.75,24904,24878.75,24894.75,13,+0.05%,1026
"2026-02-16 02:30",24873.75,24882.75,24852.75,24881.75,7.75,+0.03%,947
"2026-02-16 02:15",24867,24897.5,24864.5,24874,6.5,+0.03%,989
"2026-02-16 02:00",24862.25,24884.25,24841,24867.5,6,+0.02%,1389
"2026-02-16 01:45",24868,24869.75,24855.75,24861.5,-6.25,-0.03%,445
"2026-02-16 01:30",24853.5,24874,24847.25,24867.75,14.5,+0.06%,605
"2026-02-16 01:15",24859,24864,24843,24853.25,-4.5,-0.02%,668
"2026-02-16 01:00",24822.25,24859,24821.5,24857.75,34,+0.14%,1011
"2026-02-16 00:45",24820,24827.25,24816.75,24823.75,4.25,+0.02%,344
"2026-02-16 00:30",24809.75,24821.25,24799.5,24819.5,8,+0.03%,500
"2026-02-16 00:15",24812,24814,24793.75,24811.5,0.25,0.00%,581
"2026-02-16 00:00",24811,24819,24805.75,24811.25,0.25,0.00%,398
"2026-02-15 23:45",24797.25,24813,24794.25,24811,12.75,+0.05%,482
"2026-02-15 23:30",24826,24827.5,24794.25,24798.25,-28.5,-0.11%,546
"2026-02-15 23:15",24826.75,24828,24817,24826.75,1.5,+0.01%,248
"2026-02-15 23:00",24825.25,24826.5,24813.75,24825.25,-0.25,0.00%,336
"2026-02-15 22:45",24824.75,24834,24821.25,24825.5,-0.75,0.00%,202
"2026-02-15 22:30",24837,24840,24822.75,24826.25,-10.5,-0.04%,296
"2026-02-15 22:15",24829,24839.75,24820,24836.75,8.25,+0.03%,356
"2026-02-15 22:00",24824.25,24838.75,24822.5,24828.5,5,+0.02%,599
"2026-02-15 21:45",24815.25,24825.25,24812,24823.5,8.75,+0.04%,337
"2026-02-15 21:30",24817,24820.5,24808.25,24814.75,-2.75,-0.01%,431
"2026-02-15 21:15",24830.25,24836.5,24815,24817.5,-12.5,-0.05%,718
"2026-02-15 21:00",24832.75,24835.5,24823.5,24830,-2.,-0.01%,417
"2026-02-15 20:45",24842,24844.5,24827.5,24832,-11.25,-0.05%,524
"2026-02-15 20:30",24845,24850.5,24838,24843.25,-1.,0.00%,312
"2026-02-15 20:15",24846.25,24853.75,24841.25,24844.25,-3.,-0.01%,534
"2026-02-15 20:00",24860.5,24872.5,24838.25,24847.25,-13.75,-0.06%,926
"2026-02-15 19:45",24836.5,24868.75,24831.75,24861,23.25,+0.09%,1004
"2026-02-15 19:30",24835.25,24843,24827.75,24837.75,2.5,+0.01%,490
"2026-02-15 19:15",24832.5,24843,24831.75,24835.25,2,+0.01%,407
"2026-02-15 19:00",24835,24847,24822.25,24833.25,-1.,0.00%,857
"2026-02-15 18:45",24832.25,24848,24827.25,24834.25,1.25,+0.01%,681
"2026-02-15 18:30",24838.75,24849.25,24832,24833,-7.25,-0.03%,561
"2026-02-15 18:15",24842,24847,24825.75,24840.25,0,0.00%,919
"2026-02-15 18:00",24831.75,24847.75,24810.5,24840.25,4,+0.02%,1414
"2026-02-15 17:45",24819.5,24838.75,24793.25,24836.25,19.25,+0.08%,1052
"2026-02-15 17:30",24818.75,24830.75,24796.5,24817,-1.,0.00%,1138
"2026-02-15 17:15",24798.5,24830,24795,24818,18,+0.07%,1633
"2026-02-15 17:00",24789.75,24834.75,24754.5,24800,26.5,+0.11%,3183
"2026-02-13 15:45",24783.25,24791.5,24771,24773.5,-9.25,-0.04%,1365
"2026-02-13 15:30",24782.5,24795,24781,24782.75,1,0.00%,1011
"2026-02-13 15:15",24798.75,24801.25,24776.25,24781.75,-17.,-0.07%,2078
"2026-02-13 15:00",24802.5,24828,24776,24798.75,-3.25,-0.01%,10891
"2026-02-13 14:45",24749.25,24812,24745,24802,52,+0.21%,28361
"2026-02-13 14:30",24766,24786.25,24731.75,24750,-14.75,-0.06%,21141
"2026-02-13 14:15",24824,24853,24754.75,24764.75,-59.25,-0.24%,14841
"2026-02-13 14:00",24852.25,24890.5,24823.25,24824,-28.75,-0.12%,10680
"2026-02-13 13:45",24907.5,24935,24848.75,24852.75,-55.75,-0.22%,11097
"2026-02-13 13:30",24924.5,24949.25,24888.25,24908.5,-15.5,-0.06%,10134
"2026-02-13 13:15",24947.5,24968.5,24912,24924,-23.25,-0.09%,8191
"2026-02-13 13:00",24940.5,24965.75,24921,24947.25,7.5,+0.03%,8751
"2026-02-13 12:45",24949.5,24984,24923,24939.75,-9.,-0.04%,9279
"2026-02-13 12:30",24955,24995.5,24940,24948.75,-6.,-0.02%,8772
"2026-02-13 12:15",24942.75,24991.5,24932.5,24954.75,11.25,+0.05%,10922
"2026-02-13 12:00",24939,24962.5,24900.75,24943.5,5,+0.02%,11832
"2026-02-13 11:45",24965.25,24982.5,24932.25,24938.5,-27.,-0.11%,10196
"2026-02-13 11:30",24950.25,24993.5,24943,24965.5,15.5,+0.06%,9664
"2026-02-13 11:15",24952,24969.75,24907.5,24950,-2.,-0.01%,11466
"2026-02-13 11:00",24894.25,24959.75,24883.5,24952,57.5,+0.23%,11253
"2026-02-13 10:45",24889,24934.5,24866.75,24894.5,5.25,+0.02%,12842
"2026-02-13 10:30",24851,24892.5,24810.5,24889.25,38,+0.15%,12971
"2026-02-13 10:15",24840.75,24869.25,24762.75,24851.25,10.75,+0.04%,16017
"2026-02-13 10:00",24811,24888.75,24800.5,24840.5,30.25,+0.12%,16698
"2026-02-13 09:45",24774.75,24846,24721,24810.25,36.75,+0.15%,21035
"2026-02-13 09:30",24848.75,24928.5,24767.5,24773.5,-75.,-0.30%,25229
"2026-02-13 09:15",24759.75,24870.5,24718,24848.5,89.25,+0.36%,27380
"2026-02-13 09:00",24697.5,24834,24692.25,24759.25,60.25,+0.24%,33908
"2026-02-13 08:45",24715,24849.5,24681,24699,-17.,-0.07%,50996
"2026-02-13 08:30",24743,24799.75,24578.75,24716,-26.,-0.11%,63044
"2026-02-13 08:15",24742.75,24756.5,24713.5,24742,-0.25,0.00%,8157
"2026-02-13 08:00",24780.75,24820,24718,24742.25,-39.25,-0.16%,8467
"2026-02-13 07:45",24774.5,24812.25,24729.5,24781.5,6.25,+0.03%,9189
"2026-02-13 07:30",24706,24823.25,24695.5,24775.25,69,+0.28%,17372
"2026-02-13 07:15",24636.5,24719,24620.5,24706.25,74.75,+0.30%,5990
"2026-02-13 07:00",24694,24719.25,24625.75,24631.5,-64.,-0.26%,6076
"2026-02-13 06:45",24723,24734.75,24667.25,24695.5,-27.,-0.11%,4352
"2026-02-13 06:30",24707.75,24730.5,24703.25,24722.5,14.5,+0.06%,1861
"2026-02-13 06:15",24684.25,24724.5,24670.5,24708,23.5,+0.10%,2295
"2026-02-13 06:00",24721.5,24745.75,24676.5,24684.5,-36.75,-0.15%,3560
"2026-02-13 05:45",24673.75,24723,24660.25,24721.25,48.5,+0.20%,2351
"2026-02-13 05:30",24663,24701,24624,24672.75,7.25,+0.03%,4215
"2026-02-13 05:15",24671.75,24696,24650.5,24665.5,-6.75,-0.03%,4185
"2026-02-13 05:00",24730.75,24738.5,24670,24672.25,-57.5,-0.23%,3963
"2026-02-13 04:45",24759,24768.25,24727.5,24729.75,-29.,-0.12%,2204
"2026-02-13 04:30",24788.5,24793.25,24752.5,24758.75,-29.5,-0.12%,1513
"2026-02-13 04:15",24786.5,24799.5,24776,24788.25,2.75,+0.01%,1366
"2026-02-13 04:00",24773.25,24790.25,24759.5,24785.5,11.5,+0.05%,1821
"2026-02-13 03:45",24789.25,24808,24766,24774,-15.25,-0.06%,2582
"2026-02-13 03:30",24795.5,24805.5,24784.5,24789.25,-6.25,-0.03%,2025
"2026-02-13 03:15",24755.25,24807,24754.5,24795.5,38.75,+0.16%,2338
"2026-02-13 03:00",24775.5,24779.25,24732,24756.75,-18.5,-0.07%,2390
"2026-02-13 02:45",24750,24785.5,24750,24775.25,27.5,+0.11%,2420
"2026-02-13 02:30",24743,24760.5,24716,24747.75,3,+0.01%,2277
"2026-02-13 02:15",24732.25,24748,24675,24744.75,12.5,+0.05%,3986
"2026-02-13 02:00",24746.75,24776,24723.25,24732.25,-14.75,-0.06%,3822
"2026-02-13 01:45",24727.75,24750.5,24715,24747,20.25,+0.08%,1445
"2026-02-13 01:30",24739,24747,24719.5,24726.75,-11.75,-0.05%,1687
"2026-02-13 01:15",24736,24762.25,24734.75,24738.5,2.5,+0.01%,1785
"2026-02-13 01:00",24713.5,24744.75,24711.25,24736,21.75,+0.09%,2722
"2026-02-13 00:45",24665.5,24724.5,24656.5,24714.25,50,+0.20%,1980
"2026-02-13 00:30",24686.75,24688.5,24642.25,24664.25,-22.25,-0.09%,2917
"2026-02-13 00:15",24720.75,24731,24677.5,24686.5,-32.25,-0.13%,2354
"2026-02-13 00:00",24711.75,24731,24704.75,24718.75,6.25,+0.03%,1256
"2026-02-12 23:45",24712,24736.75,24697.75,24712.5,0,0.00%,1495
"2026-02-12 23:30",24707.5,24729.75,24690.75,24712.5,5.5,+0.02%,2312
"2026-02-12 23:15",24750.25,24753.5,24704.75,24707,-43.5,-0.18%,2223
"2026-02-12 23:00",24757.75,24771,24747.75,24750.5,-6.75,-0.03%,936
"2026-02-12 22:45",24760,24768,24753,24757.25,-3.25,-0.01%,829
"2026-02-12 22:30",24783.5,24787.75,24758.25,24760.5,-23.5,-0.09%,819
"2026-02-12 22:15",24769,24802.5,24768.75,24784,15.25,+0.06%,1131
"2026-02-12 22:00",24750.5,24768.75,24744.5,24768.75,18.5,+0.07%,845
"2026-02-12 21:45",24783.25,24787.25,24745.25,24750.25,-32.5,-0.13%,1216
"2026-02-12 21:30",24775.5,24796.5,24774.25,24782.75,6.5,+0.03%,829
"2026-02-12 21:15",24803.5,24808.75,24769.5,24776.25,-26.75,-0.11%,1325
"2026-02-12 21:00",24803.75,24820.75,24797.25,24803,0.25,0.00%,679
"2026-02-12 20:45",24806.25,24810.5,24794,24802.75,-3.75,-0.02%,960
"2026-02-12 20:30",24813.75,24832.25,24804,24806.5,-6.5,-0.03%,1385
"2026-02-12 20:15",24820,24820.5,24794,24813,-6.5,-0.03%,1395
"2026-02-12 20:00",24788.25,24825.5,24788.25,24819.5,33.25,+0.13%,2001
"2026-02-12 19:45",24794.75,24821.25,24765,24786.25,-9.25,-0.04%,2460
"2026-02-12 19:30",24796.75,24812.25,24780.75,24795.5,-1.25,-0.01%,2058
"2026-02-12 19:15",24806,24820,24770.5,24796.75,-9.5,-0.04%,3680
"2026-02-12 19:00",24731.25,24816.5,24730.25,24806.25,75,+0.30%,3432
"2026-02-12 18:45",24742.5,24755.25,24709.75,24731.25,-11.5,-0.05%,4616
"2026-02-12 18:30",24781.25,24796,24740.5,24742.75,-38.75,-0.16%,3106
"2026-02-12 18:15",24845.75,24847,24765.5,24781.5,-62.25,-0.25%,4426
"2026-02-12 18:00",24820,24864.75,24801.5,24843.75,19.75,+0.08%,3011
"2026-02-12 17:45",24787.25,24835.25,24777.5,24824,36.5,+0.15%,1980
"2026-02-12 17:30",24842.25,24849.5,24744.75,24787.5,-53.5,-0.22%,5466
"2026-02-12 17:15",24835.5,24856.75,24822.25,24841,5.25,+0.02%,2002
"2026-02-12 17:00",24842.25,24849,24797.75,24835.75,13.75,+0.06%,3255
"2026-02-12 15:45",24824.25,24839.75,24817.75,24822,-1.75,-0.01%,2186
"2026-02-12 15:30",24823.25,24833.75,24819.5,24823.75,0.5,0.00%,2902
"2026-02-12 15:15",24804.25,24823.25,24797.25,24823.25,18.75,+0.08%,3139
"2026-02-12 15:00",24764.5,24806.75,24743.75,24804.5,41,+0.17%,13454
"2026-02-12 14:45",24803.5,24808.25,24721.5,24763.5,-40.5,-0.16%,39236
"2026-02-12 14:30",24804.5,24834.5,24783,24804,-1.5,-0.01%,15282
"2026-02-12 14:15",24872,24873.5,24797,24805.5,-66.,-0.27%,14159
"2026-02-12 14:00",24899.75,24912.75,24843.25,24871.5,-27.,-0.11%,13007
"2026-02-12 13:45",24915.75,24943.75,24884.25,24898.5,-17.,-0.07%,14879
"2026-02-12 13:30",24870.75,24938,24870.5,24915.5,43.75,+0.18%,13216
"2026-02-12 13:15",24868.25,24928,24866.25,24871.75,3.25,+0.01%,15350
"2026-02-12 13:00",24906.25,24923.75,24846.5,24868.5,-37.,-0.15%,13348
"2026-02-12 12:45",24907.75,24929.75,24876,24905.5,-2.5,-0.01%,13555
"2026-02-12 12:30",24842.25,24911.25,24824.75,24908,66.25,+0.27%,15417
"2026-02-12 12:15",24854.25,24862,24802.25,24841.75,-13.5,-0.05%,15671
"2026-02-12 12:00",24825.5,24881.75,24800.25,24855.25,30,+0.12%,16411
"2026-02-12 11:45",24900,24915,24823.75,24825.25,-73.5,-0.30%,14811
"2026-02-12 11:30",24871,24940.75,24862.25,24898.75,27.5,+0.11%,15015
"2026-02-12 11:15",24858,24924,24834,24871.25,12.5,+0.05%,17889
"2026-02-12 11:00",24878,24903.75,24831.25,24858.75,-19.75,-0.08%,19657
"2026-02-12 10:45",24876.25,24902,24843,24878.5,3.25,+0.01%,18435
"2026-02-12 10:30",24819,24921.75,24805.75,24875.25,56.5,+0.23%,33668
"2026-02-12 10:15",24939.75,24950.75,24811.25,24818.75,-121.75,-0.49%,32647
"2026-02-12 10:00",25011,25031.75,24928.25,24940.5,-69.75,-0.28%,31342
"2026-02-12 09:45",25086,25121.25,25006.5,25010.25,-77.,-0.31%,27151
"2026-02-12 09:30",25232.5,25253.75,25082,25087.25,-145.,-0.57%,25810
"2026-02-12 09:15",25232.5,25260.25,25194,25232.25,-0.5,0.00%,19056
"2026-02-12 09:00",25208.25,25251.5,25169.75,25232.75,24.5,+0.10%,28764
"2026-02-12 08:45",25309,25323.75,25186.25,25208.25,-100.,-0.40%,35352
"2026-02-12 08:30",25346.25,25392.5,25304,25308.25,-38.5,-0.15%,36225
"2026-02-12 08:15",25367.5,25380.5,25346,25346.75,-21.25,-0.08%,4589
"2026-02-12 08:00",25396.25,25400.25,25365.25,25368,-27.75,-0.11%,3112
"2026-02-12 07:45",25412,25413.75,25380.75,25395.75,-16.,-0.06%,3629
"2026-02-12 07:30",25342.75,25419.75,25331.25,25411.75,69.5,+0.27%,5737
"2026-02-12 07:15",25328.5,25344.25,25320.25,25342.25,13.75,+0.05%,1944
"2026-02-12 07:00",25356.25,25358.5,25327.75,25328.5,-28.25,-0.11%,2047
"2026-02-12 06:45",25364.25,25373.5,25351.75,25356.75,-8.25,-0.03%,1387
"2026-02-12 06:30",25364,25384,25363.25,25365,0,0.00%,1564
"2026-02-12 06:15",25354.75,25368,25348,25365,10.5,+0.04%,1028
"2026-02-12 06:00",25365.75,25369,25343,25354.5,-12.,-0.05%,1087
"2026-02-12 05:45",25344.5,25369.5,25344.5,25366.5,21.5,+0.08%,893
"2026-02-12 05:30",25366.25,25370.5,25342.5,25345,-22.5,-0.09%,745
"2026-02-12 05:15",25356.25,25370.25,25353,25367.5,11.75,+0.05%,750
"2026-02-12 05:00",25349.75,25360.5,25338.25,25355.75,6,+0.02%,1145
"2026-02-12 04:45",25343,25351,25340,25349.75,7,+0.03%,678
"2026-02-12 04:30",25342.25,25351.75,25338.5,25342.75,2.25,+0.01%,721
"2026-02-12 04:15",25342.5,25349.75,25334,25340.5,-2.75,-0.01%,823
"2026-02-12 04:00",25354.75,25374,25341,25343.25,-12.5,-0.05%,1517
"2026-02-12 03:45",25344.25,25358.5,25330,25355.75,12.5,+0.05%,938
"2026-02-12 03:30",25349,25361.5,25341,25343.25,-6.25,-0.02%,752
"2026-02-12 03:15",25356.75,25364.25,25348.5,25349.5,-7.,-0.03%,794
"2026-02-12 03:00",25352.75,25363.5,25341.75,25356.5,3,+0.01%,1062
"2026-02-12 02:45",25331.25,25360.5,25328.25,25353.5,22.5,+0.09%,890
"2026-02-12 02:30",25344.5,25350.75,25324.75,25331,-14.75,-0.06%,1135
"2026-02-12 02:15",25350,25362,25339.75,25345.75,-4.75,-0.02%,972
"2026-02-12 02:00",25350.25,25369.25,25339,25350.5,-0.5,0.00%,2257
"2026-02-12 01:45",25351,25354.75,25342,25351,0.25,0.00%,634
"2026-02-12 01:30",25351.25,25359.25,25346.25,25350.75,-0.5,0.00%,875
"2026-02-12 01:15",25333.5,25357.25,25329,25351.25,18.25,+0.07%,957
"2026-02-12 01:00",25319.25,25336.75,25313,25333,13.25,+0.05%,1161
"2026-02-12 00:45",25298.25,25323.5,25292,25319.75,20.75,+0.08%,1109
"2026-02-12 00:30",25322,25332.5,25295,25299,-21.25,-0.08%,1193
"2026-02-12 00:15",25336.5,25344.5,25312.5,25320.25,-16.5,-0.07%,865
"2026-02-12 00:00",25338.5,25343.75,25321.25,25336.75,-0.25,0.00%,744
"2026-02-11 23:45",25336,25341.25,25330,25337,0.75,0.00%,562
"2026-02-11 23:30",25333,25344.75,25327.75,25336.25,2,+0.01%,473
"2026-02-11 23:15",25336.25,25343.5,25332.5,25334.25,-1.75,-0.01%,585
"2026-02-11 23:00",25328,25338.5,25327.5,25336,9.5,+0.04%,469
"2026-02-11 22:45",25318.5,25331.5,25317,25326.5,8.25,+0.03%,457
"2026-02-11 22:30",25338,25338,25316.25,25318.25,-19.75,-0.08%,636
"2026-02-11 22:15",25311.75,25339.5,25309,25338,26,+0.10%,1286
"2026-02-11 22:00",25311.5,25313.5,25303,25312,2,+0.01%,592
"2026-02-11 21:45",25320.75,25320.75,25309,25310,-9.5,-0.04%,465
"2026-02-11 21:30",25306.25,25320.5,25303.75,25319.5,13.25,+0.05%,847
"2026-02-11 21:15",25298.5,25306.25,25282,25306.25,8.75,+0.03%,797
"2026-02-11 21:00",25292.5,25304,25286.75,25297.5,4,+0.02%,620
"2026-02-11 20:45",25275.25,25299.25,25269,25293.5,18.75,+0.07%,825
"2026-02-11 20:30",25283,25287,25271.75,25274.75,-7.25,-0.03%,562
"2026-02-11 20:15",25288.75,25293.5,25268.75,25282,-6.25,-0.02%,1063
"2026-02-11 20:00",25301.75,25310.5,25287.25,25288.25,-12.75,-0.05%,958
"2026-02-11 19:45",25302.75,25310.5,25290,25301,-1.,0.00%,976
"2026-02-11 19:30",25280.25,25314.75,25274,25302,19.25,+0.08%,1680
"2026-02-11 19:15",25266,25288.25,25242.5,25282.75,14.75,+0.06%,1328
"2026-02-11 19:00",25266.25,25278,25254,25268,2.75,+0.01%,1095
"2026-02-11 18:45",25270.75,25272.25,25260,25265.25,-5.25,-0.02%,674
"2026-02-11 18:30",25231,25273,25229.25,25270.5,40.25,+0.16%,1398
"2026-02-11 18:15",25231.25,25239.25,25214.25,25230.25,-0.75,0.00%,1285
"2026-02-11 18:00",25233.25,25254.75,25221.25,25231,-4.25,-0.02%,1487
"2026-02-11 17:45",25236.75,25246.25,25226,25235.25,-2.25,-0.01%,919
"2026-02-11 17:30",25239.25,25242.25,25206,25237.5,-1.75,-0.01%,2210
"2026-02-11 17:15",25252.25,25271,25237.25,25239.25,-14.5,-0.06%,1131
"2026-02-11 17:00",25289,25296.5,25250,25253.75,-25.,-0.10%,1671
"2026-02-11 15:45",25279.75,25292,25277.25,25278.75,-0.5,0.00%,1610
"2026-02-11 15:30",25288,25296.25,25278.75,25279.25,-7.25,-0.03%,1301
"2026-02-11 15:15",25276.25,25298,25274,25286.5,10.75,+0.04%,2024
"2026-02-11 15:00",25278.75,25308,25268,25275.75,-2.75,-0.01%,7705
"2026-02-11 14:45",25305,25321.5,25273.75,25278.5,-26.,-0.10%,19541
"2026-02-11 14:30",25285,25320,25271.75,25304.5,19.75,+0.08%,8870
"2026-02-11 14:15",25307.5,25322.5,25284,25284.75,-22.5,-0.09%,6446
"2026-02-11 14:00",25308.75,25320.75,25297,25307.25,-1.75,-0.01%,5088
"2026-02-11 13:45",25342.25,25344.25,25281.75,25309,-33.,-0.13%,9474
"2026-02-11 13:30",25349,25356.5,25327.75,25342,-6.75,-0.03%,6752
"2026-02-11 13:15",25316,25360.5,25316,25348.75,32.25,+0.13%,8824
"2026-02-11 13:00",25302,25326,25257.75,25316.5,15.25,+0.06%,9980
"2026-02-11 12:45",25271,25312.5,25255,25301.25,30.5,+0.12%,9568
"2026-02-11 12:30",25277,25287.5,25254.5,25270.75,-5.75,-0.02%,8886
"2026-02-11 12:15",25210.5,25280.25,25200.75,25276.5,65.75,+0.26%,10859
"2026-02-11 12:00",25264.5,25277.25,25205,25210.75,-53.,-0.21%,11723
"2026-02-11 11:45",25304.75,25325,25255.25,25263.75,-40.25,-0.16%,10189
"2026-02-11 11:30",25290,25312.5,25263,25304,14.5,+0.06%,10624
"2026-02-11 11:15",25212.75,25298.25,25197.75,25289.5,77,+0.31%,13501
"2026-02-11 11:00",25180.75,25224.25,25141.75,25212.5,31.75,+0.13%,12618
"2026-02-11 10:45",25229.25,25242,25177.75,25180.75,-47.75,-0.19%,9090
"2026-02-11 10:30",25193,25256.75,25175,25228.5,35.5,+0.14%,13426
"2026-02-11 10:15",25258.75,25275,25192.75,25193,-65.,-0.26%,13679
"2026-02-11 10:00",25244.25,25264.25,25181.75,25258,14,+0.06%,14700
"2026-02-11 09:45",25180.75,25271.5,25133.25,25244,63.25,+0.25%,24037
"2026-02-11 09:30",25077,25192.75,25068.75,25180.75,103.5,+0.41%,24966
"2026-02-11 09:15",25187.75,25195,25058.25,25077.25,-111.,-0.44%,37885
"2026-02-11 09:00",25306.5,25343.25,25141.75,25188.25,-117.,-0.46%,35459
"2026-02-11 08:45",25391.25,25436.75,25290,25305.25,-85.25,-0.34%,28648
"2026-02-11 08:30",25418.5,25465.25,25339.25,25390.5,-28.25,-0.11%,42883
"2026-02-11 08:15",25419.25,25440.75,25407.75,25418.75,-0.5,0.00%,6108
"2026-02-11 08:00",25443.5,25446.5,25410,25419.25,-25.,-0.10%,6964
"2026-02-11 07:45",25343.5,25452,25343,25444.25,102,+0.40%,12518
"2026-02-11 07:30",25251.25,25367.75,25238.75,25342.25,104.25,+0.41%,11807
"2026-02-11 07:15",25250.5,25270.5,25238,25238,-10.5,-0.04%,1886
"2026-02-11 07:00",25245.75,25256,25236.25,25248.5,1,0.00%,1302
"2026-02-11 06:45",25246.75,25248.5,25222.75,25247.5,0.25,0.00%,1453
"2026-02-11 06:30",25253.75,25259.25,25238,25247.25,-5.5,-0.02%,1565
"2026-02-11 06:15",25272.25,25274.25,25250.5,25252.75,-20.75,-0.08%,1314
"2026-02-11 06:00",25210,25276,25206,25273.5,64.5,+0.26%,3130
"2026-02-11 05:45",25221.75,25238.25,25207.25,25209,-14.,-0.06%,1477
"2026-02-11 05:30",25248.5,25250,25213.5,25223,-24.75,-0.10%,2074
"2026-02-11 05:15",25216.75,25248,25215.5,25247.75,31.5,+0.12%,1272
"2026-02-11 05:00",25207.5,25232.5,25205.75,25216.25,8.75,+0.03%,1647
"2026-02-11 04:45",25188.25,25207.5,25166.75,25207.5,17.5,+0.07%,1624
"2026-02-11 04:30",25190.75,25195.5,25175.75,25190,-0.25,0.00%,1128
"2026-02-11 04:15",25163.5,25198,25159.75,25190.25,28.5,+0.11%,1484
"2026-02-11 04:00",25204.25,25206,25146.25,25161.75,-43.5,-0.17%,4657
"2026-02-11 03:45",25215,25230,25205,25205.25,-8.,-0.03%,1267
"2026-02-11 03:30",25255.75,25257.25,25204,25213.25,-41.25,-0.16%,1872
"2026-02-11 03:15",25259.75,25262.75,25236.5,25254.5,-4.5,-0.02%,1378
"2026-02-11 03:00",25250,25279,25242,25259,8.75,+0.03%,1586
"2026-02-11 02:45",25259.5,25262.25,25248.75,25250.25,-7.25,-0.03%,804
"2026-02-11 02:30",25238.25,25265.5,25238.25,25257.5,20.5,+0.08%,1095
"2026-02-11 02:15",25227.5,25246.75,25209.75,25237,9.75,+0.04%,2183
"2026-02-11 02:00",25271,25278.5,25225,25227.25,-43.75,-0.17%,1869
"2026-02-11 01:45",25272.5,25285.5,25263.25,25271,-0.5,0.00%,580
"2026-02-11 01:30",25284.25,25284.5,25260.75,25271.5,-12.25,-0.05%,743
"2026-02-11 01:15",25256,25290,25255.25,25283.75,27.5,+0.11%,807
"2026-02-11 01:00",25270.25,25287,25253,25256.25,-14.5,-0.06%,1431
"2026-02-11 00:45",25279.25,25279.25,25267.5,25270.75,-7.,-0.03%,659
"2026-02-11 00:30",25275.5,25286,25271,25277.75,3,+0.01%,553
"2026-02-11 00:15",25290.75,25291.5,25273.5,25274.75,-16.25,-0.06%,923
"2026-02-11 00:00",25287.75,25316,25287,25291,3.5,+0.01%,1234
"2026-02-10 23:45",25285,25292.5,25278.75,25287.5,1,0.00%,613
"2026-02-10 23:30",25304.5,25306.75,25284.75,25286.5,-18.25,-0.07%,1267
"2026-02-10 23:15",25315,25325.75,25302.75,25304.75,-9.5,-0.04%,515
"2026-02-10 23:00",25305.5,25319.75,25302.5,25314.25,7.5,+0.03%,694
"2026-02-10 22:45",25304,25314.25,25302,25306.75,4.25,+0.02%,489
"2026-02-10 22:30",25314.25,25317.5,25295.75,25302.5,-11.25,-0.04%,664
"2026-02-10 22:15",25323.5,25332.5,25313,25313.75,-10.5,-0.04%,723
"2026-02-10 22:00",25338.5,25340,25320.5,25324.25,-13.5,-0.05%,611
"2026-02-10 21:45",25332.5,25345.5,25331.25,25337.75,5.5,+0.02%,1003
"2026-02-10 21:30",25323,25335.25,25317,25332.25,9.5,+0.04%,705
"2026-02-10 21:15",25314.25,25325.75,25303.25,25322.75,8.75,+0.03%,714
"2026-02-10 21:00",25322.25,25325.25,25310,25314,-8.25,-0.03%,590
"2026-02-10 20:45",25310.25,25327.5,25310,25322.25,13,+0.05%,607
"2026-02-10 20:30",25319.75,25324.25,25306.75,25309.25,-11.,-0.04%,658
"2026-02-10 20:15",25318.75,25330,25313,25320.25,2.5,+0.01%,972
"2026-02-10 20:00",25315.75,25321.75,25308,25317.75,1.5,+0.01%,952
"2026-02-10 19:45",25314,25326.25,25313.5,25316.25,2.5,+0.01%,906
"2026-02-10 19:30",25305,25317.75,25300.25,25313.75,7.5,+0.03%,1003
"2026-02-10 19:15",25310.5,25314.75,25301.75,25306.25,-4.,-0.02%,668
"2026-02-10 19:00",25291,25312.5,25290.25,25310.25,19.75,+0.08%,1197
"2026-02-10 18:45",25289.25,25297,25285.75,25290.5,1,0.00%,487
"2026-02-10 18:30",25277.75,25295.5,25276.5,25289.5,12.75,+0.05%,624
"2026-02-10 18:15",25280.5,25283.25,25266.25,25276.75,-3.5,-0.01%,761
"2026-02-10 18:00",25273.5,25286.25,25272,25280.25,7.5,+0.03%,714
"2026-02-10 17:45",25280.25,25284.5,25271.75,25272.75,-6.75,-0.03%,729
"2026-02-10 17:30",25277.5,25282,25267.75,25279.5,0.5,0.00%,823
"2026-02-10 17:15",25278.75,25287.75,25276.75,25279,1.5,+0.01%,733
"2026-02-10 17:00",25259,25278.75,25252.75,25277.5,20.25,+0.08%,1374
"2026-02-10 15:45",25244,25258,25241.75,25257.25,12.5,+0.05%,1365
"2026-02-10 15:30",25232.5,25245.5,25231,25244.75,13.25,+0.05%,1333
"2026-02-10 15:15",25235,25239,25226,25231.5,-3.25,-0.01%,1168
"2026-02-10 15:00",25219.75,25240,25208,25234.75,15,+0.06%,7635
"2026-02-10 14:45",25248,25265.75,25198.25,25219.75,-28.5,-0.11%,26233
"2026-02-10 14:30",25254.25,25268.5,25228.5,25248.25,-6.,-0.02%,8650
"2026-02-10 14:15",25251.25,25275.25,25244,25254.25,2.75,+0.01%,8406
"2026-02-10 14:00",25292.5,25296.75,25245.25,25251.5,-43.,-0.17%,8898
"2026-02-10 13:45",25282,25304.5,25275.75,25294.5,13.25,+0.05%,6233
"2026-02-10 13:30",25299.75,25313,25274.5,25281.25,-18.75,-0.07%,6720
"2026-02-10 13:15",25300.25,25305.25,25275,25300,-1.,0.00%,6634
"2026-02-10 13:00",25312.5,25323.25,25285.25,25301,-11.5,-0.05%,10141
"2026-02-10 12:45",25297,25322.75,25275.75,25312.5,15.25,+0.06%,11216
"2026-02-10 12:30",25292,25308,25270.75,25297.25,4.75,+0.02%,15114
"2026-02-10 12:15",25345.5,25349.25,25288.5,25292.5,-53.5,-0.21%,14075
"2026-02-10 12:00",25383.5,25386,25341.75,25346,-37.75,-0.15%,8111
"2026-02-10 11:45",25376,25397.75,25375.75,25383.75,7.25,+0.03%,6220
"2026-02-10 11:30",25367.25,25382.25,25353,25376.5,8.75,+0.03%,6245
"2026-02-10 11:15",25365,25385.5,25356,25367.75,3,+0.01%,9610
"2026-02-10 11:00",25327.25,25369.5,25304,25364.75,37.75,+0.15%,10734
"2026-02-10 10:45",25330,25366.75,25316.25,25327,-3.,-0.01%,11614
"2026-02-10 10:30",25350.25,25363.75,25324,25330,-21.25,-0.08%,12924
"2026-02-10 10:15",25376,25394.75,25331.25,25351.25,-25.25,-0.10%,15217
"2026-02-10 10:00",25375,25400.25,25350.5,25376.5,1.5,+0.01%,11211
"2026-02-10 09:45",25412.75,25429.75,25348,25375,-37.75,-0.15%,14442
"2026-02-10 09:30",25400.5,25438.75,25382.75,25412.75,11.25,+0.04%,14474
"2026-02-10 09:15",25390.5,25427.5,25362.5,25401.5,11,+0.04%,19984
"2026-02-10 09:00",25392.5,25447.25,25357.75,25390.5,-1.75,-0.01%,24862
"2026-02-10 08:45",25310,25407.5,25255.75,25392.25,83,+0.33%,27853
"2026-02-10 08:30",25376.5,25410,25265.25,25309.25,-67.,-0.26%,39567
"2026-02-10 08:15",25382.75,25398,25375.5,25376.25,-6.75,-0.03%,4824
"2026-02-10 08:00",25372.75,25385.75,25367.25,25383,10.25,+0.04%,3184
"2026-02-10 07:45",25350.5,25374.75,25348.25,25372.75,22.5,+0.09%,3366
"2026-02-10 07:30",25329.75,25355.5,25301.5,25350.25,20.25,+0.08%,5079
"2026-02-10 07:15",25321,25342,25306,25330,10.25,+0.04%,3282
"2026-02-10 07:00",25339,25341.75,25292.25,25319.75,-19.5,-0.08%,4278
"2026-02-10 06:45",25374.75,25376,25337,25339.25,-36.75,-0.14%,3173
"2026-02-10 06:30",25414.75,25421.5,25358,25376,-38.75,-0.15%,2895
"2026-02-10 06:15",25392.25,25415,25390.25,25414.75,22.75,+0.09%,1567
"2026-02-10 06:00",25369.75,25397.25,25369.25,25392,22,+0.09%,1506
"2026-02-10 05:45",25360.5,25373.75,25358,25370,10,+0.04%,901
"2026-02-10 05:30",25354.25,25368,25351.75,25360,7.25,+0.03%,1013
"2026-02-10 05:15",25346.75,25363.5,25346.25,25352.75,6,+0.02%,1249
"2026-02-10 05:00",25355,25355.25,25334,25346.75,-8.5,-0.03%,1486
"2026-02-10 04:45",25352.5,25374.25,25349.25,25355.25,1.75,+0.01%,1284
"2026-02-10 04:30",25362.25,25363,25343,25353.5,-9.25,-0.04%,1335
"2026-02-10 04:15",25363.75,25367.5,25348,25362.75,-1.,0.00%,1508
"2026-02-10 04:00",25363.75,25366.5,25341.75,25363.75,-0.25,0.00%,1466
"2026-02-10 03:45",25387.75,25387.75,25354.25,25364,-22.75,-0.09%,1267
"2026-02-10 03:30",25395.5,25398.25,25384.25,25386.75,-9.5,-0.04%,989
"2026-02-10 03:15",25378.5,25407.5,25378.5,25396.25,18.5,+0.07%,2174
"2026-02-10 03:00",25335,25383.5,25334.25,25377.75,43.5,+0.17%,1779
"2026-02-10 02:45",25330.25,25349,25326,25334.25,3,+0.01%,1144
"2026-02-10 02:30",25341.25,25353,25329.75,25331.25,-10.5,-0.04%,1369
"2026-02-10 02:15",25362.75,25366.75,25334,25341.75,-21.75,-0.09%,1494
"2026-02-10 02:00",25349.75,25367,25322.75,25363.5,15,+0.06%,2251
"2026-02-10 01:45",25336.75,25349,25329,25348.5,11.25,+0.04%,664
"2026-02-10 01:30",25331.25,25343.5,25326.75,25337.25,4.75,+0.02%,633
"2026-02-10 01:15",25323.25,25340,25315.75,25332.5,8.75,+0.03%,919
"2026-02-10 01:00",25314.25,25336,25307,25323.75,10.5,+0.04%,1326
"2026-02-10 00:45",25302.5,25313.75,25291.75,25313.25,10.5,+0.04%,879
"2026-02-10 00:30",25318.5,25327,25296,25302.75,-16.75,-0.07%,870
"2026-02-10 00:15",25330.25,25332.75,25310,25319.5,-10.5,-0.04%,1124
"2026-02-10 00:00",25352.5,25354.25,25326.25,25330,-21.75,-0.09%,798
"2026-02-09 23:45",25338,25358.25,25334,25351.75,14.5,+0.06%,869
"2026-02-09 23:30",25314.25,25356.5,25311.75,25337.25,22,+0.09%,1561
"2026-02-09 23:15",25333.75,25334.5,25312,25315.25,-18.25,-0.07%,814
"2026-02-09 23:00",25345.25,25347,25328.5,25333.5,-11.,-0.04%,867
"2026-02-09 22:45",25324.5,25348,25322,25344.5,20.25,+0.08%,1205
"2026-02-09 22:30",25321,25328.25,25314.5,25324.25,2.5,+0.01%,639
"2026-02-09 22:15",25314,25323,25309,25321.75,8.25,+0.03%,551
"2026-02-09 22:00",25299,25320,25298.75,25313.5,13.25,+0.05%,682
"2026-02-09 21:45",25295,25310.25,25291.75,25300.25,5.25,+0.02%,754
"2026-02-09 21:30",25290,25313.75,25287.25,25295,5.25,+0.02%,865
"2026-02-09 21:15",25286.25,25303.25,25278.5,25289.75,3.5,+0.01%,1135
"2026-02-09 21:00",25307,25309.25,25282.25,25286.25,-20.,-0.08%,819
"2026-02-09 20:45",25305,25315.5,25296.5,25306.25,1.25,0.00%,864
"2026-02-09 20:30",25320.25,25323,25287.25,25305,-15.75,-0.06%,1633
"2026-02-09 20:15",25323.25,25333.25,25308.75,25320.75,-1.,0.00%,990
"2026-02-09 20:00",25334,25336,25309,25321.75,-13.,-0.05%,1064
"2026-02-09 19:45",25333,25352,25318.75,25334.75,2,+0.01%,1647
"2026-02-09 19:30",25317,25338,25300,25332.75,15.75,+0.06%,2950
"2026-02-09 19:15",25332,25340.25,25313.5,25317,-14.5,-0.06%,1744
"2026-02-09 19:00",25335.5,25342,25325.25,25331.5,-3.75,-0.01%,1260
"2026-02-09 18:45",25316,25342.5,25310,25335.25,19.5,+0.08%,1640
"2026-02-09 18:30",25326.75,25335,25314.25,25315.75,-10.75,-0.04%,1324
"2026-02-09 18:15",25318,25335.5,25316.75,25326.5,8.75,+0.03%,1303
"2026-02-09 18:00",25344.75,25362.75,25315,25317.75,-26.5,-0.10%,1977
"2026-02-09 17:45",25363.5,25364.75,25328,25344.25,-19.75,-0.08%,1388
"2026-02-09 17:30",25352.5,25373,25336,25364,11.25,+0.04%,1637
"2026-02-09 17:15",25357,25361,25341,25352.75,-5.,-0.02%,1250
"2026-02-09 17:00",25363,25395.5,25345.25,25357.75,-3.75,-0.01%,1724
"2026-02-09 15:45",25370.25,25372.5,25358.75,25361.5,-8.5,-0.03%,1475
"2026-02-09 15:30",25364.75,25371.75,25362,25370,4.75,+0.02%,1097
"2026-02-09 15:15",25372,25373.75,25352.75,25365.25,-6.5,-0.03%,1859
"2026-02-09 15:00",25338.25,25374.75,25334.25,25371.75,34,+0.13%,8714
"2026-02-09 14:45",25366.25,25392.25,25332.25,25337.75,-29.,-0.11%,21869
"2026-02-09 14:30",25364,25378.5,25334,25366.75,2.5,+0.01%,12863
"2026-02-09 14:15",25400.5,25401.5,25354.75,25364.25,-36.5,-0.14%,9349
"2026-02-09 14:00",25399.25,25413,25393.5,25400.75,1.75,+0.01%,5402
"2026-02-09 13:45",25416,25420.5,25397,25399,-17.25,-0.07%,5117
"2026-02-09 13:30",25418.75,25428.75,25412.75,25416.25,-2.,-0.01%,5642
"2026-02-09 13:15",25395.75,25423.25,25391.75,25418.25,22.25,+0.09%,6922
"2026-02-09 13:00",25370,25398.25,25363.75,25396,26.5,+0.10%,6772
"2026-02-09 12:45",25380.75,25388.75,25363.5,25369.5,-12.,-0.05%,5593
"2026-02-09 12:30",25342.5,25387.5,25330.5,25381.5,38.75,+0.15%,9185
"2026-02-09 12:15",25373.75,25381.25,25312,25342.75,-30.25,-0.12%,13279
"2026-02-09 12:00",25355,25381.75,25344,25373,17.75,+0.07%,10092
"2026-02-09 11:45",25380.25,25386.75,25349.5,25355.25,-24.5,-0.10%,8296
"2026-02-09 11:30",25384.5,25401.25,25373,25379.75,-4.25,-0.02%,8682
"2026-02-09 11:15",25407.75,25415,25378.5,25384,-23.75,-0.09%,9453
"2026-02-09 11:00",25390.75,25416.5,25382.75,25407.75,16.75,+0.07%,10362
"2026-02-09 10:45",25365,25404,25364.5,25391,26.5,+0.10%,14174
"2026-02-09 10:30",25355.75,25366.25,25340,25364.5,8.75,+0.03%,10438
"2026-02-09 10:15",25331.75,25358.25,25313.75,25355.75,22.75,+0.09%,11621
"2026-02-09 10:00",25311.5,25335.25,25305.75,25333,20.75,+0.08%,12855
"2026-02-09 09:45",25264.5,25329,25257.75,25312.25,47.75,+0.19%,15164
"2026-02-09 09:30",25182.75,25275.5,25181.5,25264.5,83,+0.33%,15889
"2026-02-09 09:15",25214.25,25254,25166,25181.5,-31.25,-0.12%,17163
"2026-02-09 09:00",25112.25,25219.25,25102.75,25212.75,99.5,+0.40%,20704
"2026-02-09 08:45",25150.5,25188.5,25092.25,25113.25,-37.,-0.15%,28781
"2026-02-09 08:30",25057.75,25152.25,24955.5,25150.25,92.5,+0.37%,48242
"2026-02-09 08:15",25073.5,25081.5,25037.75,25057.75,-15.25,-0.06%,7677
"2026-02-09 08:00",25080,25094.25,25054.75,25073,-6.,-0.02%,4471
"2026-02-09 07:45",25107.75,25115,25074.25,25079,-28.,-0.11%,3232
"2026-02-09 07:30",25120.75,25123.5,25094.25,25107,-14.75,-0.06%,2623
"2026-02-09 07:15",25138,25155.75,25114.5,25121.75,-15.75,-0.06%,2614
"2026-02-09 07:00",25101,25152.5,25100,25137.5,36.5,+0.15%,3607
"2026-02-09 06:45",25078,25102,25072.75,25101,22.5,+0.09%,1633
"2026-02-09 06:30",25091,25104,25073.5,25078.5,-12.5,-0.05%,2111
"2026-02-09 06:15",25095.5,25096.5,25061.75,25091,-5.75,-0.02%,1469
"2026-02-09 06:00",25049.25,25100.25,25015.25,25096.75,49.25,+0.20%,3525
"2026-02-09 05:45",25050.75,25063.25,25033.75,25047.5,-2.5,-0.01%,1546
"2026-02-09 05:30",25064.75,25071.75,25042.75,25050,-15.75,-0.06%,1447
"2026-02-09 05:15",25033.5,25070.75,25027.5,25065.75,31.5,+0.13%,1722
"2026-02-09 05:00",25045.75,25058.5,25018.75,25034.25,-9.75,-0.04%,1812
"2026-02-09 04:45",24984.25,25055,24978.75,25044,59.25,+0.24%,4188
"2026-02-09 04:30",25039.5,25041,24968.5,24984.75,-53.75,-0.21%,6198
"2026-02-09 04:15",25067.25,25067.25,25035,25038.5,-27.75,-0.11%,2326
"2026-02-09 04:00",25088.25,25093.75,25049.75,25066.25,-22.75,-0.09%,2553
"2026-02-09 03:45",25131.25,25138,25073,25089,-42.,-0.17%,2937
"2026-02-09 03:30",25155.75,25162.5,25115,25131,-25.75,-0.10%,1873
"2026-02-09 03:15",25158.75,25170.5,25144.25,25156.75,-3.75,-0.01%,1309
"2026-02-09 03:00",25160.5,25185.25,25157,25160.5,-0.5,0.00%,1411
"2026-02-09 02:45",25172.5,25186,25160.75,25161,-11.,-0.04%,1115
"2026-02-09 02:30",25180,25189.75,25148.25,25172,-9.25,-0.04%,1885
"2026-02-09 02:15",25200.5,25211.25,25175.25,25181.25,-20.25,-0.08%,1712
"2026-02-09 02:00",25158.25,25215.25,25154.5,25201.5,41.75,+0.17%,2815
"2026-02-09 01:45",25145.25,25174.5,25145.25,25159.75,15.25,+0.06%,1049
"2026-02-09 01:30",25139.5,25151.75,25120.75,25144.5,3.25,+0.01%,1316
"2026-02-09 01:15",25155.75,25172,25132,25141.25,-15.75,-0.06%,1766
"2026-02-09 01:00",25167,25181.25,25153.5,25157,-9.75,-0.04%,1142
"2026-02-09 00:45",25182,25198.75,25156.5,25166.75,-16.5,-0.07%,1530
"2026-02-09 00:30",25166.75,25200.75,25164.5,25183.25,16.5,+0.07%,1181
"2026-02-09 00:15",25193,25194,25159,25166.75,-28.,-0.11%,1470
"2026-02-09 00:00",25216,25222,25164,25194.75,-20.5,-0.08%,2505
"2026-02-08 23:45",25198.75,25219.75,25191,25215.25,16.75,+0.07%,836
"2026-02-08 23:30",25210.25,25228,25196,25198.5,-11.5,-0.05%,1374
"2026-02-08 23:15",25195.75,25222.25,25195.75,25210,14.75,+0.06%,872
"2026-02-08 23:00",25187.5,25201,25176.5,25195.25,8.25,+0.03%,888
"2026-02-08 22:45",25197.75,25203.75,25179.5,25187,-12.75,-0.05%,923
"2026-02-08 22:30",25213.75,25213.75,25193,25199.75,-14.25,-0.06%,918
"2026-02-08 22:15",25214.75,25220,25205.75,25214,-0.5,0.00%,678
"2026-02-08 22:00",25189.5,25223,25188.75,25214.5,25.25,+0.10%,1045
"2026-02-08 21:45",25209,25219,25188.75,25189.25,-19.25,-0.08%,961
"2026-02-08 21:30",25215,25228.5,25191.5,25208.5,-6.5,-0.03%,1745
"2026-02-08 21:15",25224.75,25235.75,25215,25215,-11.25,-0.04%,796
"2026-02-08 21:00",25228,25242,25217.75,25226.25,-1.5,-0.01%,759
"2026-02-08 20:45",25259,25261.75,25221.25,25227.75,-30.5,-0.12%,1116
"2026-02-08 20:30",25226.25,25263.75,25225.25,25258.25,32,+0.13%,1270
"2026-02-08 20:15",25227.25,25241.75,25213,25226.25,-1.75,-0.01%,963
"2026-02-08 20:00",25216.5,25251,25208.75,25228,10.25,+0.04%,1794
"2026-02-08 19:45",25230.75,25234.75,25194.5,25217.75,-11.75,-0.05%,2307
"2026-02-08 19:30",25236,25262.5,25220,25229.5,-6.75,-0.03%,1689
"2026-02-08 19:15",25246,25261.75,25235,25236.25,-9.,-0.04%,1657
"2026-02-08 19:00",25263.75,25266,25237.75,25245.25,-17.5,-0.07%,2492
"2026-02-08 18:45",25297,25299,25258,25262.75,-34.,-0.13%,1866
"2026-02-08 18:30",25294.5,25329.5,25288.75,25296.75,2.25,+0.01%,1561
"2026-02-08 18:15",25329.75,25346.5,25292.25,25294.5,-34.25,-0.14%,2813
"2026-02-08 18:00",25275,25334.75,25269.25,25328.75,52,+0.21%,4332
"2026-02-08 17:45",25273.5,25294.5,25263,25276.75,5.75,+0.02%,2049
"2026-02-08 17:30",25236.75,25279,25223.25,25271,35.5,+0.14%,2111
"2026-02-08 17:15",25244.75,25266,25234.25,25235.5,-10.75,-0.04%,1515
"2026-02-08 17:00",25153.75,25258.5,25153.75,25246.25,138.5,+0.55%,2626
"2026-02-06 15:45",25109.25,25112,25090,25107.75,-2.,-0.01%,2395
"2026-02-06 15:30",25111.25,25113.75,25098.5,25109.75,-1.5,-0.01%,2136
"2026-02-06 15:15",25128,25134.75,25108.5,25111.25,-16.75,-0.07%,2698
"2026-02-06 15:00",25146,25164,25122.75,25128,-18.75,-0.07%,12077
"2026-02-06 14:45",25149,25222,25142,25146.75,-2.75,-0.01%,34494
"2026-02-06 14:30",25109.5,25150.25,25099.5,25149.5,39.75,+0.16%,10723
"2026-02-06 14:15",25097.25,25127,25096.25,25109.75,13,+0.05%,7980
"2026-02-06 14:00",25070.25,25104.25,25052.75,25096.75,26,+0.10%,6667
"2026-02-06 13:45",25077,25106.25,25069.25,25070.75,-5.75,-0.02%,5916
"2026-02-06 13:30",25105.5,25108.75,25074.75,25076.5,-28.5,-0.11%,5992
"2026-02-06 13:15",25075.5,25107.25,25065.25,25105,29.5,+0.12%,6692
"2026-02-06 13:00",25084.25,25101.75,25075,25075.5,-9.,-0.04%,5574
"2026-02-06 12:45",25095.25,25110.25,25081.75,25084.5,-11.,-0.04%,5459
"2026-02-06 12:30",25089.75,25107,25080.25,25095.5,5.5,+0.02%,6437
"2026-02-06 12:15",25098,25120,25074,25090,-7.25,-0.03%,9248
"2026-02-06 12:00",25092.75,25124,25091.75,25097.25,5,+0.02%,9190
"2026-02-06 11:45",25071.25,25108.75,25071,25092.25,21.5,+0.09%,9685
"2026-02-06 11:30",25070,25098,25037,25070.75,1.5,+0.01%,12621
"2026-02-06 11:15",25042.25,25074.25,25026,25069.25,27.75,+0.11%,10620
"2026-02-06 11:00",25001,25056.25,24986.5,25041.5,40.75,+0.16%,12212
"2026-02-06 10:45",25025,25040.5,24979,25000.75,-24.5,-0.10%,11431
"2026-02-06 10:30",25006.75,25051.75,25003.5,25025.25,18.5,+0.07%,19337
"2026-02-06 10:15",25002.25,25036.25,24974.75,25006.75,4,+0.02%,16800
"2026-02-06 10:00",24895.25,25004.75,24880.5,25002.75,107,+0.43%,20995
"2026-02-06 09:45",24925,24962.25,24819.75,24895.75,-28.5,-0.11%,24009
"2026-02-06 09:30",24904.5,24947,24859.75,24924.25,21,+0.08%,20931
"2026-02-06 09:15",24769.75,24916.25,24743.25,24903.25,133,+0.54%,31598
"2026-02-06 09:00",24856.75,24870.25,24758.25,24770.25,-80.5,-0.32%,38257
"2026-02-06 08:45",24926.75,24984,24849.5,24850.75,-76.5,-0.31%,34610
"2026-02-06 08:30",24760.5,24930,24700.75,24927.25,166.75,+0.67%,59967
"2026-02-06 08:15",24795.5,24809.25,24748,24760.5,-34.5,-0.14%,6808
"2026-02-06 08:00",24797,24817.75,24775.25,24795,-4.75,-0.02%,4101
"2026-02-06 07:45",24807.75,24821,24776.75,24799.75,-8.5,-0.03%,4443
"2026-02-06 07:30",24820.5,24851.75,24778.5,24808.25,-12.25,-0.05%,6198
"2026-02-06 07:15",24801.25,24848.75,24781.25,24820.5,19,+0.08%,4279
"2026-02-06 07:00",24782.75,24806.75,24758.25,24801.5,19.5,+0.08%,3794
"2026-02-06 06:45",24795.75,24810.75,24761,24782,-12.,-0.05%,2705
"2026-02-06 06:30",24793,24824,24775,24794,0,0.00%,2632
"2026-02-06 06:15",24800.25,24825.25,24783.5,24794,-6.75,-0.03%,3011
"2026-02-06 06:00",24854,24860.5,24800,24800.75,-54.25,-0.22%,3728
"2026-02-06 05:45",24843.75,24873.25,24825.5,24855,9.75,+0.04%,3178
"2026-02-06 05:30",24811,24862.5,24809.5,24845.25,33,+0.13%,3156
"2026-02-06 05:15",24826.25,24833.25,24803.5,24812.25,-14.5,-0.06%,2395
"2026-02-06 05:00",24793,24830.25,24789,24826.75,32,+0.13%,4584
"2026-02-06 04:45",24751.25,24798.5,24738.25,24794.75,43.25,+0.17%,2455
"2026-02-06 04:30",24719.5,24766,24712,24751.5,33,+0.13%,2395
"2026-02-06 04:15",24734.5,24753,24715,24718.5,-16.5,-0.07%,2058
"2026-02-06 04:00",24749.5,24749.5,24713.75,24735,-15.75,-0.06%,2488
"2026-02-06 03:45",24774.5,24774.5,24734.75,24750.75,-23.5,-0.09%,3114
"2026-02-06 03:30",24721.75,24783.75,24720,24774.25,52.5,+0.21%,5818
"2026-02-06 03:15",24657.5,24726.5,24632.5,24721.75,64,+0.26%,5576
"2026-02-06 03:00",24584,24660,24562.25,24657.75,74,+0.30%,3427
"2026-02-06 02:45",24568.75,24606,24537,24583.75,14.75,+0.06%,1901
"2026-02-06 02:30",24551,24590,24529.75,24569,18,+0.07%,2628
"2026-02-06 02:15",24572.25,24590.75,24549.75,24551,-22.,-0.09%,2186
"2026-02-06 02:00",24556.75,24590.25,24490.75,24573,15.75,+0.06%,3860
"2026-02-06 01:45",24545.5,24557.75,24528.5,24557.25,9.5,+0.04%,1655
"2026-02-06 01:30",24572.5,24578.25,24543.25,24547.75,-24.75,-0.10%,1434
"2026-02-06 01:15",24529.5,24577.25,24522.25,24572.5,44.5,+0.18%,1664
"2026-02-06 01:00",24546.75,24551,24506,24528,-19.75,-0.08%,1928
"2026-02-06 00:45",24559,24564.75,24540.25,24547.75,-9.75,-0.04%,1104
"2026-02-06 00:30",24595.75,24613.75,24547.75,24557.5,-39.25,-0.16%,1617
"2026-02-06 00:15",24593.75,24611.75,24581,24596.75,2,+0.01%,1148
"2026-02-06 00:00",24582,24610.25,24577,24594.75,12,+0.05%,1483
"2026-02-05 23:45",24557,24597.25,24544.25,24582.75,25.5,+0.10%,1671
"2026-02-05 23:30",24490,24561.25,24488,24557.25,66.25,+0.27%,1981
"2026-02-05 23:15",24465,24491.5,24454.25,24491,24.75,+0.10%,1509
"2026-02-05 23:00",24456,24469.25,24430.75,24466.25,11.75,+0.05%,1580
"2026-02-05 22:45",24468.25,24477,24425.25,24454.5,-13.5,-0.06%,1681
"2026-02-05 22:30",24493,24496.75,24443.5,24468,-23.5,-0.10%,1885
"2026-02-05 22:15",24509.25,24515.25,24486.25,24491.5,-17.,-0.07%,783
"2026-02-05 22:00",24527.5,24527.5,24496.25,24508.5,-19.75,-0.08%,868
"2026-02-05 21:45",24481,24534.5,24479.5,24528.25,46,+0.19%,1287
"2026-02-05 21:30",24522.25,24553,24472.25,24482.25,-40.25,-0.16%,2150
"2026-02-05 21:15",24535.75,24540.75,24503,24522.5,-13.75,-0.06%,1332
"2026-02-05 21:00",24534.25,24565.5,24524.5,24536.25,2,+0.01%,1608
"2026-02-05 20:45",24554.75,24558,24510.75,24534.25,-19.25,-0.08%,1639
"2026-02-05 20:30",24556.25,24579.5,24530,24553.5,-3.5,-0.01%,2342
"2026-02-05 20:15",24543,24567.75,24520.5,24557,12.75,+0.05%,2542
"2026-02-05 20:00",24531,24571,24530.25,24544.25,13,+0.05%,3692
"2026-02-05 19:45",24480.75,24536,24462.75,24531.25,52.5,+0.21%,3205
"2026-02-05 19:30",24365,24480.75,24365,24478.75,116.75,+0.48%,3619
"2026-02-05 19:15",24378,24392.75,24340.75,24362,-15.75,-0.06%,3115
"2026-02-05 19:00",24401,24439.25,24376,24377.75,-22.25,-0.09%,4648
"2026-02-05 18:45",24372.5,24409.25,24343.75,24400,27.5,+0.11%,3795
"2026-02-05 18:30",24368.25,24402.5,24348,24372.5,4,+0.02%,4206
"2026-02-05 18:15",24267.75,24376.75,24239.75,24368.5,100.25,+0.41%,6081
"2026-02-05 18:00",24334.75,24337,24260,24268.25,-67.75,-0.28%,4190
"2026-02-05 17:45",24349.5,24358.75,24294,24336,-15.25,-0.06%,4824
"2026-02-05 17:30",24425.75,24434.5,24342.5,24351.25,-74.5,-0.31%,3428
"2026-02-05 17:15",24434.25,24445,24358.75,24425.75,-7.25,-0.03%,3660
"2026-02-05 17:00",24416,24474,24395.25,24433,7.75,+0.03%,3953
"2026-02-05 15:45",24464.25,24485.25,24407.25,24425.25,-37.25,-0.15%,5592
"2026-02-05 15:30",24544.75,24547,24435,24462.5,-82.5,-0.34%,7180
"2026-02-05 15:15",24605,24614.25,24530,24545,-60.5,-0.25%,7586
"2026-02-05 15:00",24638.25,24720,24552.5,24605.5,-33.,-0.13%,21633
"2026-02-05 14:45",24614.5,24664,24567.75,24638.5,24.5,+0.10%,29841
"2026-02-05 14:30",24637.75,24679,24604.25,24614,-24.,-0.10%,16601
"2026-02-05 14:15",24748,24750.75,24630.5,24638,-110.5,-0.45%,15372
"2026-02-05 14:00",24711.75,24808,24692.75,24748.5,36.5,+0.15%,14045
"2026-02-05 13:45",24697,24716.75,24672.5,24712,15.25,+0.06%,10546
"2026-02-05 13:30",24765,24765,24682.75,24696.75,-67.25,-0.27%,13438
"2026-02-05 13:15",24802.25,24839.25,24759.5,24764,-38.25,-0.15%,11374
"2026-02-05 13:00",24700.25,24817,24684,24802.25,102,+0.41%,12622
"2026-02-05 12:45",24711.75,24725.5,24662,24700.25,-14.,-0.06%,10241
"2026-02-05 12:30",24732.5,24773.5,24693.5,24714.25,-18.5,-0.07%,10397
"2026-02-05 12:15",24772.5,24786.25,24710.5,24732.75,-40.5,-0.16%,11369
"2026-02-05 12:00",24783.75,24834.5,24746,24773.25,-9.,-0.04%,12127
"2026-02-05 11:45",24850,24887.5,24768,24782.25,-68.5,-0.28%,14250
"2026-02-05 11:30",24839.25,24877.25,24796,24850.75,12.75,+0.05%,12369
"2026-02-05 11:15",24772.25,24864.75,24722.25,24838,65.75,+0.27%,13897
"2026-02-05 11:00",24829.5,24833.75,24735.75,24772.25,-56.75,-0.23%,14829
"2026-02-05 10:45",24784,24856.5,24730.25,24829,45.5,+0.18%,22385
"2026-02-05 10:30",24780.25,24825,24760.5,24783.5,3.5,+0.01%,22366
"2026-02-05 10:15",24552.25,24783.5,24550.25,24780,228.75,+0.93%,28247
"2026-02-05 10:00",24635,24652.25,24543.25,24551.25,-82.75,-0.34%,20242
"2026-02-05 09:45",24675.75,24691.75,24568.25,24634,-43.5,-0.18%,24667
"2026-02-05 09:30",24578.5,24700.25,24552.75,24677.5,99.75,+0.41%,29001
"2026-02-05 09:15",24559,24664,24550,24577.75,18,+0.07%,34663
"2026-02-05 09:00",24769,24800.75,24557.25,24559.75,-209.5,-0.85%,41639
"2026-02-05 08:45",24913.5,24960.75,24759.5,24769.25,-144.25,-0.58%,35024
"2026-02-05 08:30",24770.25,24936,24652,24913.5,142.75,+0.58%,57959
"2026-02-05 08:15",24765.25,24779.5,24725.25,24770.75,7.75,+0.03%,10760
"2026-02-05 08:00",24768.25,24838.75,24735.5,24763,-4.75,-0.02%,8632
"2026-02-05 07:45",24816.25,24824.5,24758.75,24767.75,-47.75,-0.19%,7520
"2026-02-05 07:30",24793.25,24869.25,24763,24815.5,24,+0.10%,8990
"2026-02-05 07:15",24809,24825,24781.25,24791.5,-12.75,-0.05%,4882
"2026-02-05 07:00",24792.5,24839.25,24771.25,24804.25,10.75,+0.04%,6195
"2026-02-05 06:45",24788.5,24806,24707.5,24793.5,5.75,+0.02%,11420
"2026-02-05 06:30",24903.5,24917.75,24752.75,24787.75,-115.75,-0.46%,10620
"2026-02-05 06:15",25040.75,25047.25,24880.75,24903.5,-136.25,-0.54%,6696
"2026-02-05 06:00",25031.5,25056.5,25001.75,25039.75,11.5,+0.05%,1771
"2026-02-05 05:45",25012.5,25034.25,25005.75,25028.25,16,+0.06%,1487
"2026-02-05 05:30",25022,25032.75,24991,25012.25,-9.75,-0.04%,2436
"2026-02-05 05:15",25037,25065,25022,25022,-13.5,-0.05%,1596
"2026-02-05 05:00",25033.75,25041.75,25011.5,25035.5,1.75,+0.01%,1230
"2026-02-05 04:45",25037.5,25052.5,25030,25033.75,-3.75,-0.01%,1193
"2026-02-05 04:30",25086.25,25088.25,25026.75,25037.5,-47.25,-0.19%,1843
"2026-02-05 04:15",25079.5,25092,25065.25,25084.75,6,+0.02%,1488
"2026-02-05 04:00",25031,25079.75,25022.5,25078.75,48,+0.19%,1473
"2026-02-05 03:45",25033.75,25057.75,25011,25030.75,-1.25,0.00%,1731
"2026-02-05 03:30",25070,25096.75,25028.5,25032,-39.75,-0.16%,2131
"2026-02-05 03:15",25001.75,25072,24984.25,25071.75,70.5,+0.28%,2307
"2026-02-05 03:00",25000,25042.25,24978.75,25001.25,3,+0.01%,4110
"2026-02-05 02:45",25083,25083.5,24998,24998.25,-86.5,-0.34%,3892
"2026-02-05 02:30",25092.25,25113.5,25070,25084.75,-8.,-0.03%,2024
"2026-02-05 02:15",25098.75,25123.75,25078,25092.75,-5.5,-0.02%,2313
"2026-02-05 02:00",25043.75,25114,25043.25,25098.25,53.5,+0.21%,3662
"2026-02-05 01:45",25060,25089.75,25041.25,25044.75,-15.5,-0.06%,2015
"2026-02-05 01:30",25078.75,25088.75,25046.5,25060.25,-20.75,-0.08%,1271
"2026-02-05 01:15",25065.75,25089.75,25055.25,25081,16,+0.06%,1379
"2026-02-05 01:00",25072.5,25086.75,25061.75,25065,-8.,-0.03%,1059
"2026-02-05 00:45",25050.75,25077.25,25050.75,25073,22.5,+0.09%,1231
"2026-02-05 00:30",25026,25059.25,25021.75,25050.5,21.75,+0.09%,1344
"2026-02-05 00:15",25027.75,25052.75,25012,25028.75,1.5,+0.01%,1430
"2026-02-05 00:00",24996.75,25033.75,24992.5,25027.25,30.5,+0.12%,1165
"2026-02-04 23:45",25029.75,25036.5,24989.25,24996.75,-31.75,-0.13%,1217
"2026-02-04 23:30",25002.75,25045.5,24983.25,25028.5,26,+0.10%,1531
"2026-02-04 23:15",24986.75,25009.75,24963.75,25002.5,15.5,+0.06%,1152
"2026-02-04 23:00",25012,25023.5,24982.5,24987,-22.5,-0.09%,1198
"2026-02-04 22:45",25012.5,25027,25001,25009.5,-3.5,-0.01%,986
"2026-02-04 22:30",24949.25,25016.75,24940.75,25013,63,+0.25%,1830
"2026-02-04 22:15",24958.75,24959.75,24915.75,24950,-7.5,-0.03%,1987
"2026-02-04 22:00",24949,24985.25,24941,24957.5,10,+0.04%,1605
"2026-02-04 21:45",24997.25,24997.75,24929.75,24947.5,-52.75,-0.21%,2086
"2026-02-04 21:30",25016,25018.5,24958.5,25000.25,-13.5,-0.05%,2151
"2026-02-04 21:15",25007.25,25037,24979.5,25013.75,6.75,+0.03%,1847
"2026-02-04 21:00",24962,25019,24948.25,25007,45.25,+0.18%,3295
"2026-02-04 20:45",25070.75,25076.25,24959.75,24961.75,-110.25,-0.44%,3691
"2026-02-04 20:30",25059.5,25094.5,25055.75,25072,12.25,+0.05%,2479
"2026-02-04 20:15",25013,25064.25,24959.25,25059.75,46,+0.18%,4340
"2026-02-04 20:00",25124,25135,25011.25,25013.75,-109.,-0.43%,3278
"2026-02-04 19:45",25144.75,25153.5,25116.5,25122.75,-22.,-0.09%,876
"2026-02-04 19:30",25133,25152.25,25122.25,25144.75,17.75,+0.07%,1051
"2026-02-04 19:15",25152.5,25169,25109.75,25127,-27.,-0.11%,2434
"2026-02-04 19:00",25109.25,25159.25,25099.25,25154,46.75,+0.19%,2161
"2026-02-04 18:45",25127,25134.25,25106.5,25107.25,-21.25,-0.08%,1120
"2026-02-04 18:30",25114.5,25135.5,25102.25,25128.5,15.25,+0.06%,1147
"2026-02-04 18:15",25067,25121,25065.5,25113.25,46.75,+0.19%,2047
"2026-02-04 18:00",25067.5,25073.5,25030.75,25066.5,-0.5,0.00%,1708
"2026-02-04 17:45",25076.75,25102,25042,25067,-11.,-0.04%,1235
"2026-02-04 17:30",25093.75,25125,25064.5,25078,-17.5,-0.07%,1579
"2026-02-04 17:15",25072.5,25097.5,25062.75,25095.5,23,+0.09%,981
"2026-02-04 17:00",25061.75,25114,25055,25072.5,-43.75,-0.17%,2633
"2026-02-04 15:45",25152.5,25172.75,25108.25,25116.25,-37.5,-0.15%,4559
"2026-02-04 15:30",25042.25,25181.25,25036.25,25153.75,110.5,+0.44%,8230
"2026-02-04 15:15",25045.75,25058,24994.75,25043.25,-3.75,-0.01%,5554
"2026-02-04 15:00",24998,25063.5,24876,25047,52.5,+0.21%,19588
"2026-02-04 14:45",25064.75,25092.75,24979,24994.5,-70.5,-0.28%,23457
"2026-02-04 14:30",25059.25,25098.5,25039.5,25065,5.25,+0.02%,10185
"2026-02-04 14:15",25047.75,25089.5,25027.25,25059.75,12.25,+0.05%,11328
"2026-02-04 14:00",25106,25123.75,25020.5,25047.5,-58.75,-0.23%,14885
"2026-02-04 13:45",25025.75,25115.5,25011,25106.25,81.25,+0.32%,23459
"2026-02-04 13:30",24963.25,25044.25,24959.5,25025,61.5,+0.25%,17710
"2026-02-04 13:15",24904.25,24967.75,24890,24963.5,58.5,+0.23%,14258
"2026-02-04 13:00",24923.5,24941.5,24863.75,24905,-20.,-0.08%,16919
"2026-02-04 12:45",24887,24959.75,24833.75,24925,37.25,+0.15%,16793
"2026-02-04 12:30",24942,24944.25,24852.25,24887.75,-53.5,-0.21%,18197
"2026-02-04 12:15",24850.25,24950,24825,24941.25,90.5,+0.36%,15071
"2026-02-04 12:00",24873.75,24900,24819,24850.75,-23.5,-0.09%,18617
"2026-02-04 11:45",24850,24883.5,24783.5,24874.25,24,+0.10%,19679
"2026-02-04 11:30",24889,24947,24798.75,24850.25,-39.25,-0.16%,25346
"2026-02-04 11:15",25030.25,25042.5,24874,24889.5,-141.75,-0.57%,22182
"2026-02-04 11:00",25035.75,25057.5,24983.75,25031.25,-4.25,-0.02%,17574
"2026-02-04 10:45",24978.5,25043.75,24928,25035.5,56.5,+0.23%,22034
"2026-02-04 10:30",25130.75,25136.75,24975,24979,-152.5,-0.61%,20920
"2026-02-04 10:15",25111.25,25139.25,25041.5,25131.5,20,+0.08%,19704
"2026-02-04 10:00",25152.25,25171.5,25052.5,25111.5,-40.75,-0.16%,27137
"2026-02-04 09:45",25210.25,25220.75,25131.75,25152.25,-58.25,-0.23%,19187
"2026-02-04 09:30",25248,25271,25119.5,25210.5,-38.,-0.15%,34656
"2026-02-04 09:15",25219.5,25305,25180.25,25248.5,30,+0.12%,26431
"2026-02-04 09:00",25194.25,25260.5,25108,25218.5,24.25,+0.10%,45313
"2026-02-04 08:45",25333.75,25371.75,25186,25194.25,-136.25,-0.54%,32113
"2026-02-04 08:30",25385.5,25390,25230,25330.5,-55.5,-0.22%,50682
"2026-02-04 08:15",25348.75,25388.5,25333.5,25386,37.25,+0.15%,6175
"2026-02-04 08:00",25356.25,25361,25325,25348.75,-9.25,-0.04%,5314
"2026-02-04 07:45",25393,25393,25342,25358,-35.25,-0.14%,5036
"2026-02-04 07:30",25391.75,25418,25373.75,25393.25,-1.,0.00%,3853
"2026-02-04 07:15",25392,25408.75,25369.5,25394.25,4,+0.02%,2875
"2026-02-04 07:00",25406.25,25416.75,25374.25,25390.25,-15.5,-0.06%,2662
"2026-02-04 06:45",25416.5,25427.25,25396.75,25405.75,-9.75,-0.04%,2162
"2026-02-04 06:30",25430.5,25448,25398,25415.5,-15.,-0.06%,2104
"2026-02-04 06:15",25460.75,25465.25,25419.5,25430.5,-30.75,-0.12%,1559
"2026-02-04 06:00",25474.75,25490.5,25438.5,25461.25,-13.,-0.05%,1808
"2026-02-04 05:45",25463,25483.5,25455.25,25474.25,11.5,+0.05%,2443
"2026-02-04 05:30",25449.5,25479,25445.25,25462.75,13,+0.05%,1517
"2026-02-04 05:15",25444.5,25462.25,25440,25449.75,4,+0.02%,1087
"2026-02-04 05:00",25450.75,25459.25,25436.75,25445.75,-3.75,-0.01%,886
"2026-02-04 04:45",25444.25,25461.25,25434.5,25449.5,5.5,+0.02%,1503
"2026-02-04 04:30",25443.75,25466.25,25436.5,25444,0.5,0.00%,2148
"2026-02-04 04:15",25421,25449.25,25418.25,25443.5,21,+0.08%,2039
"2026-02-04 04:00",25402.25,25440,25395.25,25422.5,18.75,+0.07%,2088
"2026-02-04 03:45",25374.25,25407.25,25368,25403.75,30.25,+0.12%,1649
"2026-02-04 03:30",25382.75,25397.75,25354.5,25373.5,-8.75,-0.03%,1678
"2026-02-04 03:15",25413,25415.75,25358,25382.25,-31.25,-0.12%,3634
"2026-02-04 03:00",25427.75,25449.5,25408.25,25413.5,-13.,-0.05%,1823
"2026-02-04 02:45",25451.5,25455.75,25415.25,25426.5,-24.25,-0.10%,1889
"2026-02-04 02:30",25412.25,25452.5,25400.75,25450.75,38,+0.15%,2124
"2026-02-04 02:15",25493,25494.5,25410,25412.75,-80.75,-0.32%,2559
"2026-02-04 02:00",25502.25,25509.5,25459.25,25493.5,-9.5,-0.04%,2760
"2026-02-04 01:45",25503.5,25514.25,25499.5,25503,-2.25,-0.01%,1434
"2026-02-04 01:30",25490,25508.25,25474.75,25505.25,14,+0.05%,1526
"2026-02-04 01:15",25485.5,25499,25482,25491.25,5.25,+0.02%,1066
"2026-02-04 01:00",25470.75,25491,25469.25,25486,14.5,+0.06%,907
"2026-02-04 00:45",25476.5,25489.75,25467,25471.5,-4.75,-0.02%,1227
"2026-02-04 00:30",25456,25479,25447.75,25476.25,20.25,+0.08%,1233
"2026-02-04 00:15",25461.25,25463,25437,25456,-4.5,-0.02%,805
"2026-02-04 00:00",25442.5,25465.25,25435.5,25460.5,17.5,+0.07%,1089
"2026-02-03 23:45",25429.5,25443.25,25428.25,25443,13.5,+0.05%,581
"2026-02-03 23:30",25432,25435,25408.75,25429.5,-2.25,-0.01%,735
"2026-02-03 23:15",25422,25438.25,25421.5,25431.75,10.25,+0.04%,462
"2026-02-03 23:00",25434.5,25437,25416.5,25421.5,-12.25,-0.05%,583
"2026-02-03 22:45",25440.25,25442,25423.5,25433.75,-6.,-0.02%,631
"2026-02-03 22:30",25425,25448,25424,25439.75,16.5,+0.06%,771
"2026-02-03 22:15",25433,25435.5,25418,25423.25,-8.75,-0.03%,536
"2026-02-03 22:00",25433.5,25439.5,25425.25,25432,-1.25,0.00%,519
"2026-02-03 21:45",25431,25436,25411.5,25433.25,2.25,+0.01%,1022
"2026-02-03 21:30",25423,25451.75,25422,25431,7.5,+0.03%,963
"2026-02-03 21:15",25423.5,25436.5,25408,25423.5,-0.75,0.00%,1309
"2026-02-03 21:00",25412.75,25433,25402.25,25424.25,12,+0.05%,856
"2026-02-03 20:45",25422.75,25429.25,25399.5,25412.25,-10.,-0.04%,820
"2026-02-03 20:30",25423.25,25437.25,25406.5,25422.25,-3.25,-0.01%,1213
"2026-02-03 20:15",25456.25,25465,25414,25425.5,-30.,-0.12%,1313
"2026-02-03 20:00",25441.5,25473.75,25441,25455.5,14.75,+0.06%,1790
"2026-02-03 19:45",25432.25,25444,25414.5,25440.75,10.25,+0.04%,1041
"2026-02-03 19:30",25444.25,25454.75,25423.5,25430.5,-14.25,-0.06%,1389
"2026-02-03 19:15",25436,25452,25432,25444.75,7,+0.03%,1344
"2026-02-03 19:00",25377.5,25442.75,25377.5,25437.75,61.25,+0.24%,2829
"2026-02-03 18:45",25401.5,25411.25,25375.75,25376.5,-24.25,-0.10%,1256
"2026-02-03 18:30",25409.75,25429.5,25395.5,25400.75,-6.5,-0.03%,1045
"2026-02-03 18:15",25405.25,25435.75,25397.5,25407.25,3.5,+0.01%,1683
"2026-02-03 18:00",25427.75,25435,25390.25,25403.75,-24.25,-0.10%,1734
"2026-02-03 17:45",25397.5,25433.75,25389.25,25428,27,+0.11%,1242
"2026-02-03 17:30",25397.25,25402.75,25385,25401,6,+0.02%,825
"2026-02-03 17:15",25422,25442,25387.5,25395,-25.75,-0.10%,2131
"2026-02-03 17:00",25387.5,25422.5,25362,25420.75,-0.5,0.00%,3093
"2026-02-03 15:45",25415,25424,25401.25,25421.25,6.5,+0.03%,2839
"2026-02-03 15:30",25424.75,25427.75,25400.25,25414.75,-10.75,-0.04%,4237
"2026-02-03 15:15",25448.25,25477,25380.5,25425.5,-22.25,-0.09%,8820
"2026-02-03 15:00",25445.75,25472.25,25435.5,25447.75,2.25,+0.01%,12163
"2026-02-03 14:45",25392.75,25459,25385.75,25445.5,53.25,+0.21%,27903
"2026-02-03 14:30",25330.25,25422.25,25329.25,25392.25,61.5,+0.24%,16373
"2026-02-03 14:15",25308.75,25343,25284,25330.75,20.5,+0.08%,12662
"2026-02-03 14:00",25316.25,25326.75,25269.5,25310.25,-6.,-0.02%,11849
"2026-02-03 13:45",25269.5,25329,25234.5,25316.25,47,+0.19%,16366
"2026-02-03 13:30",25294.25,25324.5,25262.25,25269.25,-26.,-0.10%,15387
"2026-02-03 13:15",25323,25359.25,25278.5,25295.25,-27.5,-0.11%,20763
"2026-02-03 13:00",25245.5,25326,25219,25322.75,77.25,+0.31%,19872
"2026-02-03 12:45",25289.5,25296.25,25245.5,25245.5,-44.75,-0.18%,12874
"2026-02-03 12:30",25331,25331,25282.25,25290.25,-41.5,-0.16%,13032
"2026-02-03 12:15",25333.75,25367,25312.5,25331.75,-1.75,-0.01%,14300
"2026-02-03 12:00",25386.5,25423.5,25326,25333.5,-53.75,-0.21%,17563
"2026-02-03 11:45",25358.5,25427.75,25353.25,25387.25,29.25,+0.12%,16564
"2026-02-03 11:30",25414.25,25421.75,25345,25358,-57.,-0.22%,18637
"2026-02-03 11:15",25420,25466,25407.5,25415,-4.25,-0.02%,15575
"2026-02-03 11:00",25491.5,25502.5,25401.25,25419.25,-72.,-0.28%,21089
"2026-02-03 10:45",25504.25,25526.75,25467.75,25491.25,-12.75,-0.05%,16541
"2026-02-03 10:30",25497.5,25534.25,25478.5,25504,7,+0.03%,18760
"2026-02-03 10:15",25552.25,25574.25,25493.75,25497,-55.25,-0.22%,19661
"2026-02-03 10:00",25617.5,25619.75,25535,25552.25,-65.25,-0.25%,20601
"2026-02-03 09:45",25523.5,25631.5,25497.5,25617.5,93.75,+0.37%,28120
"2026-02-03 09:30",25546.5,25563.5,25481.5,25523.75,-22.25,-0.09%,25974
"2026-02-03 09:15",25553.5,25605,25470.25,25546,-8.,-0.03%,37671
"2026-02-03 09:00",25632.75,25646.75,25530,25554,-79.,-0.31%,47085
"2026-02-03 08:45",25752.5,25811.75,25623.25,25633,-119.75,-0.46%,39776
"2026-02-03 08:30",25934.75,25952.25,25723,25752.75,-181.25,-0.70%,51760
"2026-02-03 08:15",25956.5,25957,25927.5,25934,-22.,-0.08%,5301
"2026-02-03 08:00",25967,25976.75,25953.5,25956,-11.25,-0.04%,2399
"2026-02-03 07:45",25974.75,25982.75,25961.5,25967.25,-8.25,-0.03%,2196
"2026-02-03 07:30",25991.5,25999.5,25972.25,25975.5,-16.,-0.06%,2046
"2026-02-03 07:15",25989.5,25998.75,25975.75,25991.5,2.5,+0.01%,1679
"2026-02-03 07:00",25983,26003.5,25976.75,25989,7.25,+0.03%,1919
"2026-02-03 06:45",25985.5,25996.25,25978,25981.75,-2.75,-0.01%,1338
"2026-02-03 06:30",25986.25,25995.25,25982.25,25984.5,-1.75,-0.01%,1491
"2026-02-03 06:15",25968.75,25988.5,25959.5,25986.25,18.5,+0.07%,1816
"2026-02-03 06:00",25945.25,25968.5,25923.5,25967.75,22.25,+0.09%,2041
"2026-02-03 05:45",25954,25963.75,25942.5,25945.5,-6.,-0.02%,1195
"2026-02-03 05:30",25946.5,25956.5,25935,25951.5,5,+0.02%,1171
"2026-02-03 05:15",25954,25964,25942.25,25946.5,-9.,-0.03%,751
"2026-02-03 05:00",25955.75,25965.25,25940.25,25955.5,-0.25,0.00%,1164
"2026-02-03 04:45",25951.25,25964,25947,25955.75,4.25,+0.02%,730
"2026-02-03 04:30",25971,25971,25944.75,25951.5,-20.25,-0.08%,1248
"2026-02-03 04:15",25979,25986.25,25967,25971.75,-5.25,-0.02%,571
"2026-02-03 04:00",25970.5,25990,25967,25977,7.75,+0.03%,806
"2026-02-03 03:45",25969,25978.5,25959.25,25969.25,0.75,0.00%,732
"2026-02-03 03:30",25965,25979,25958.25,25968.5,5,+0.02%,987
"2026-02-03 03:15",25978.25,25987.25,25958.25,25963.5,-14.,-0.05%,1586
"2026-02-03 03:00",25977,26009.75,25975,25977.5,-0.25,0.00%,1622
"2026-02-03 02:45",25989,25996.25,25970.25,25977.75,-12.5,-0.05%,1155
"2026-02-03 02:30",26002.5,26004.5,25980.5,25990.25,-12.5,-0.05%,1313
"2026-02-03 02:15",26019.75,26024,26002.75,26002.75,-18.,-0.07%,1083
"2026-02-03 02:00",26012,26023.25,25990.5,26020.75,8.25,+0.03%,2492
"2026-02-03 01:45",26010.5,26027.75,26007.5,26012.5,1,0.00%,1540
"2026-02-03 01:30",25988,26012.25,25983.5,26011.5,23.75,+0.09%,988
"2026-02-03 01:15",25996.5,25999.25,25974.25,25987.75,-7.75,-0.03%,962
"2026-02-03 01:00",25991.25,26003.25,25985.5,25995.5,3.25,+0.01%,956
"2026-02-03 00:45",26003.75,26004,25988.75,25992.25,-10.5,-0.04%,737
"2026-02-03 00:30",25985.75,26007.25,25982.5,26002.75,16.75,+0.06%,1314
"2026-02-03 00:15",25995.5,26001.75,25986,25986,-9.75,-0.04%,887
"2026-02-03 00:00",25987.75,25996.5,25973.5,25995.75,9.5,+0.04%,991
"2026-02-02 23:45",25979.25,25996.75,25977.25,25986.25,7.5,+0.03%,744
"2026-02-02 23:30",25970,25981.75,25965.5,25978.75,10,+0.04%,535
"2026-02-02 23:15",25960,25978.75,25957,25968.75,9.75,+0.04%,636
"2026-02-02 23:00",25980.5,25986.25,25952,25959,-21.5,-0.08%,804
"2026-02-02 22:45",25980,25988,25975,25980.5,1,0.00%,642
"2026-02-02 22:30",25962,25983.25,25962,25979.5,18.75,+0.07%,710
"2026-02-02 22:15",25963.5,25965,25953,25960.75,-2.25,-0.01%,438
"2026-02-02 22:00",25955.75,25976.25,25955.5,25963,6.5,+0.03%,685
"2026-02-02 21:45",25960,25964.75,25946.25,25956.5,-3.75,-0.01%,766
"2026-02-02 21:30",25937.75,25961.25,25928,25960.25,21,+0.08%,907
"2026-02-02 21:15",25923.75,25944.25,25913,25939.25,16.75,+0.06%,899
"2026-02-02 21:00",25926.5,25948.25,25921,25922.5,-6.25,-0.02%,1032
"2026-02-02 20:45",25910.5,25935.25,25900.5,25928.75,17.25,+0.07%,1239
"2026-02-02 20:30",25924.75,25930.25,25900.75,25911.5,-15.25,-0.06%,1497
"2026-02-02 20:15",25924.75,25952,25922,25926.75,2.25,+0.01%,1156
"2026-02-02 20:00",25959,25960,25920.25,25924.5,-35.75,-0.14%,1531
"2026-02-02 19:45",25973.75,25975.5,25948,25960.25,-13.75,-0.05%,1011
"2026-02-02 19:30",25972.25,25977,25955.5,25974,0.25,0.00%,1259
"2026-02-02 19:15",25977.5,25990.75,25969.75,25973.75,-4.,-0.02%,1419
"2026-02-02 19:00",25954,25981.25,25952,25977.75,24.75,+0.10%,1415
"2026-02-02 18:45",25958,25959.5,25943.5,25953,-5.5,-0.02%,977
"2026-02-02 18:30",25972.25,25977.25,25951.25,25958.5,-14.75,-0.06%,1030
"2026-02-02 18:15",25941,25984.75,25935.5,25973.25,32.25,+0.12%,1780
"2026-02-02 18:00",25947.75,25955,25913.5,25941,-7.25,-0.03%,1680
"2026-02-02 17:45",25960.75,25968.5,25945.75,25948.25,-13.,-0.05%,1025
"2026-02-02 17:30",25937.75,25977,25932,25961.25,23,+0.09%,2281
"2026-02-02 17:15",25918.25,25940.5,25918.25,25938.25,21.75,+0.08%,993
"2026-02-02 17:00",25876.5,25935.75,25866.5,25916.5,43.25,+0.17%,2505
"2026-02-02 15:45",25872.5,25884.75,25866,25873.25,0.5,0.00%,1344
"2026-02-02 15:30",25884,25891.75,25870,25872.75,-11.75,-0.05%,1274
"2026-02-02 15:15",25876.5,25888.75,25863.5,25884.5,8.5,+0.03%,2479
"2026-02-02 15:00",25857,25896,25835.75,25876,19.25,+0.07%,11260
"2026-02-02 14:45",25848,25864.5,25831.75,25856.75,8.25,+0.03%,21432
"2026-02-02 14:30",25864,25867.5,25842.25,25848.5,-15.75,-0.06%,9589
"2026-02-02 14:15",25870,25897.25,25859.5,25864.25,-6.25,-0.02%,10546
"2026-02-02 14:00",25847.25,25900,25821.75,25870.5,23.5,+0.09%,17392
"2026-02-02 13:45",25906,25911.5,25841.5,25847,-59.25,-0.23%,10618
"2026-02-02 13:30",25922.25,25922.25,25894.5,25906.25,-15.75,-0.06%,7222
"2026-02-02 13:15",25931,25940,25919,25922,-9.,-0.03%,4622
"2026-02-02 13:00",25941.75,25945,25930.5,25931,-10.75,-0.04%,5217
"2026-02-02 12:45",25926,25949.5,25925,25941.75,15.75,+0.06%,6119
"2026-02-02 12:30",25912,25932.5,25907.5,25926,14.5,+0.06%,5826
"2026-02-02 12:15",25925.25,25928.5,25897.5,25911.5,-14.,-0.05%,6065
"2026-02-02 12:00",25923.75,25936.75,25923,25925.5,2,+0.01%,4554
"2026-02-02 11:45",25912,25941.75,25908,25923.5,12,+0.05%,6349
"2026-02-02 11:30",25915.5,25932.5,25901.25,25911.5,-4.,-0.02%,6460
"2026-02-02 11:15",25905.25,25920.75,25897.5,25915.5,10.25,+0.04%,7253
"2026-02-02 11:00",25893.5,25924.5,25888.5,25905.25,11.75,+0.05%,10429
"2026-02-02 10:45",25868.5,25905.25,25836,25893.5,25.5,+0.10%,11893
"2026-02-02 10:30",25892.75,25900.25,25858.5,25868,-25.,-0.10%,8730
"2026-02-02 10:15",25855.75,25898.75,25847.75,25893,37.5,+0.15%,12374
"2026-02-02 10:00",25840.25,25857,25803,25855.5,15,+0.06%,12657
"2026-02-02 09:45",25874.25,25875.25,25815.75,25840.5,-33.5,-0.13%,16745
"2026-02-02 09:30",25865.5,25906.5,25851.75,25874,8,+0.03%,17082
"2026-02-02 09:15",25874.5,25912.25,25857.25,25866,-8.25,-0.03%,22490
"2026-02-02 09:00",25746.75,25878,25733,25874.25,125,+0.49%,26221
"2026-02-02 08:45",25719.75,25799.5,25698.25,25749.25,29.25,+0.11%,30690
"2026-02-02 08:30",25542.5,25732.75,25539.75,25720,177.5,+0.69%,51135
"2026-02-02 08:15",25538.25,25547.25,25520.25,25542.5,3,+0.01%,5027
"2026-02-02 08:00",25529.75,25546.75,25520.25,25539.5,10.25,+0.04%,4759
"2026-02-02 07:45",25494,25540,25493.25,25529.25,34.5,+0.14%,3513
"2026-02-02 07:30",25476.75,25494.75,25457.75,25494.75,16.25,+0.06%,3079
"2026-02-02 07:15",25495,25501.75,25474.25,25478.5,-14.,-0.05%,2735
"2026-02-02 07:00",25486.75,25497.5,25456,25492.5,4.75,+0.02%,3330
"2026-02-02 06:45",25521.25,25527.25,25475.75,25487.75,-33.5,-0.13%,2420
"2026-02-02 06:30",25509.25,25524.25,25499.5,25521.25,11.5,+0.05%,2764
"2026-02-02 06:15",25476.5,25514.75,25473.75,25509.75,32.75,+0.13%,5018
"2026-02-02 06:00",25451,25483.25,25450,25477,24.75,+0.10%,2134
"2026-02-02 05:45",25465,25491.25,25446,25452.25,-13.75,-0.05%,2292
"2026-02-02 05:30",25456,25472.25,25440,25466,7.75,+0.03%,2060
"2026-02-02 05:15",25440.5,25458.5,25420,25458.25,18.5,+0.07%,1718
"2026-02-02 05:00",25407.75,25442.75,25401,25439.75,33.25,+0.13%,2085
"2026-02-02 04:45",25404.5,25420,25391.25,25406.5,2,+0.01%,1663
"2026-02-02 04:30",25447.5,25452.5,25400.25,25404.5,-44.25,-0.17%,2341
"2026-02-02 04:15",25446,25463.5,25439.5,25448.75,4.25,+0.02%,1252
"2026-02-02 04:00",25453.25,25473.5,25435.25,25444.5,-9.5,-0.04%,1935
"2026-02-02 03:45",25443.75,25459.25,25439,25454,10,+0.04%,1531
"2026-02-02 03:30",25436.75,25463,25432.5,25444,5.25,+0.02%,2026
"2026-02-02 03:15",25389,25458.5,25373,25438.75,50,+0.20%,3080
"2026-02-02 03:00",25401.5,25409,25355.75,25388.75,-13.,-0.05%,3874
"2026-02-02 02:45",25404.5,25426,25398.5,25401.75,-3.25,-0.01%,1923
"2026-02-02 02:30",25391,25419.5,25379.75,25405,14.5,+0.06%,2853
"2026-02-02 02:15",25371.25,25402.75,25361.75,25390.5,18.25,+0.07%,2985
"2026-02-02 02:00",25348.5,25394,25340.5,25372.25,23.75,+0.09%,3978
"2026-02-02 01:45",25294.75,25351,25294.25,25348.5,55.75,+0.22%,2712
"2026-02-02 01:30",25303,25321.75,25276.25,25292.75,-8.,-0.03%,2491
"2026-02-02 01:15",25277.5,25305,25255,25300.75,23.25,+0.09%,2101
"2026-02-02 01:00",25233,25307,25233,25277.5,45.5,+0.18%,5049
"2026-02-02 00:45",25225,25237.75,25187.5,25232,5.25,+0.02%,2255
"2026-02-02 00:30",25244,25257,25180.25,25226.75,-19.5,-0.08%,3250
"2026-02-02 00:15",25208.5,25250,25185.75,25246.25,40,+0.16%,3868
"2026-02-02 00:00",25250,25274,25205.5,25206.25,-44.5,-0.18%,2972
"2026-02-01 23:45",25253.5,25282.75,25235.75,25250.75,-3.25,-0.01%,2822
"2026-02-01 23:30",25274.25,25279.75,25246,25254,-19.75,-0.08%,3360
"2026-02-01 23:15",25310,25322,25266,25273.75,-36.25,-0.14%,2129
"2026-02-01 23:00",25341.5,25348.5,25286.5,25310,-31.75,-0.13%,3253
"2026-02-01 22:45",25368,25372.75,25335,25341.75,-26.25,-0.10%,2031
"2026-02-01 22:30",25309.5,25376,25307.25,25368,57.5,+0.23%,3184
"2026-02-01 22:15",25254.25,25332.25,25247.5,25310.5,56.5,+0.22%,4238
"2026-02-01 22:00",25281.5,25286.75,25216.25,25254,-24.75,-0.10%,5270
"2026-02-01 21:45",25299,25326,25262.75,25278.75,-19.75,-0.08%,4193
"2026-02-01 21:30",25333.75,25343.5,25282.5,25298.5,-34.25,-0.14%,4401
"2026-02-01 21:15",25339.5,25367,25325.5,25332.75,-7.25,-0.03%,3123
"2026-02-01 21:00",25366.75,25386.75,25315,25340,-27.75,-0.11%,3513
"2026-02-01 20:45",25426,25432.5,25357.25,25367.75,-60.,-0.24%,4007
"2026-02-01 20:30",25420.5,25448.75,25397.5,25427.75,6,+0.02%,1989
"2026-02-01 20:15",25422,25443,25396.25,25421.75,0,0.00%,2973
"2026-02-01 20:00",25408.25,25449.75,25386.25,25421.75,14.5,+0.06%,5926
"2026-02-01 19:45",25447.75,25457.25,25400,25407.25,-42.,-0.17%,6391
"2026-02-01 19:30",25527.5,25531.25,25440.5,25449.25,-77.5,-0.30%,5983
"2026-02-01 19:15",25494.5,25547,25480.75,25526.75,30.5,+0.12%,4153
"2026-02-01 19:00",25605.25,25637,25477,25496.25,-109.25,-0.43%,4748
"2026-02-01 18:45",25624.75,25634,25594.75,25605.5,-18.25,-0.07%,1582
"2026-02-01 18:30",25614,25645.75,25591,25623.75,11,+0.04%,2516
"2026-02-01 18:15",25582.75,25634.25,25579,25612.75,28.25,+0.11%,2868
"2026-02-01 18:00",25532.5,25607.25,25487,25584.5,51.75,+0.20%,4314
"2026-02-01 17:45",25548.25,25571.75,25528,25532.75,-11.75,-0.05%,2551
"2026-02-01 17:30",25433,25559.25,25418.5,25544.5,110.75,+0.44%,4471
"2026-02-01 17:15",25443.75,25465,25373.75,25433.75,-8.25,-0.03%,3755
"2026-02-01 17:00",25530,25537.25,25401.25,25442,-197.25,-0.77%,7446
"2026-01-30 15:45",25632.75,25650,25629.5,25639.25,6.25,+0.02%,2402
"2026-01-30 15:30",25650.25,25656.75,25629.75,25633,-17.5,-0.07%,1785
"2026-01-30 15:15",25647.75,25676.5,25644.5,25650.5,2,+0.01%,3062
"2026-01-30 15:00",25674.75,25707,25625.5,25648.5,-26.5,-0.10%,12504
"2026-01-30 14:45",25648.75,25731.75,25625,25675,25.75,+0.10%,37711
"2026-01-30 14:30",25595.75,25654.5,25591,25649.25,53.25,+0.21%,18225
"2026-01-30 14:15",25615.25,25615.5,25571.25,25596,-20.5,-0.08%,17516
"2026-01-30 14:00",25658.75,25682.75,25613.5,25616.5,-42.,-0.16%,13239
"2026-01-30 13:45",25693.25,25724.5,25652,25658.5,-34.75,-0.14%,14439
"2026-01-30 13:30",25716.5,25738,25672.5,25693.25,-23.5,-0.09%,16419
"2026-01-30 13:15",25743.25,25763,25715,25716.75,-27.25,-0.11%,14307
"2026-01-30 13:00",25741.25,25781.5,25726.5,25744,2.75,+0.01%,17028
"2026-01-30 12:45",25623.5,25771.75,25620.25,25741.25,117.25,+0.46%,19233
"2026-01-30 12:30",25671.5,25682.75,25597.25,25624,-47.25,-0.18%,15359
"2026-01-30 12:15",25671.25,25680,25568.75,25671.25,-1.25,0.00%,23735
"2026-01-30 12:00",25677.75,25715.25,25661,25672.5,-7.,-0.03%,13584
"2026-01-30 11:45",25742.5,25773.75,25678.25,25679.5,-62.25,-0.24%,15511
"2026-01-30 11:30",25782.5,25795.75,25700.25,25741.75,-40.5,-0.16%,17748
"2026-01-30 11:15",25702.75,25789.25,25688.25,25782.25,79.25,+0.31%,17061
"2026-01-30 11:00",25758.25,25763,25686,25703,-54.5,-0.21%,19057
"2026-01-30 10:45",25835.75,25838.25,25744.25,25757.5,-78.,-0.30%,16912
"2026-01-30 10:30",25798.75,25860,25784,25835.5,36.5,+0.14%,18055
"2026-01-30 10:15",25832.75,25833.75,25753.25,25799,-33.5,-0.13%,19217
"2026-01-30 10:00",25842,25869,25814,25832.5,-9.,-0.03%,14236
"2026-01-30 09:45",25892.75,25934,25824.25,25841.5,-52.25,-0.20%,19359
"2026-01-30 09:30",25794,25912.5,25770.75,25893.75,99.75,+0.39%,28804
"2026-01-30 09:15",25895.5,25919.25,25790.75,25794,-102.,-0.39%,21725
"2026-01-30 09:00",25826.5,25925.5,25810.25,25896,69,+0.27%,27150
"2026-01-30 08:45",25871,25930,25806.25,25827,-44.75,-0.17%,28040
"2026-01-30 08:30",25834.25,25940,25813.5,25871.75,38.25,+0.15%,45375
"2026-01-30 08:15",25833.75,25847.25,25805.5,25833.5,-1.,0.00%,5542
"2026-01-30 08:00",25825.75,25850,25808.5,25834.5,8.25,+0.03%,4468
"2026-01-30 07:45",25843.25,25853.25,25811.75,25826.25,-16.75,-0.06%,3847
"2026-01-30 07:30",25842.25,25875.5,25752.5,25843,-32.5,-0.13%,6718
"2026-01-30 07:15",25879.5,25888,25827.75,25875.5,-3.25,-0.01%,2586
"2026-01-30 07:00",25847,25885.75,25840.5,25878.75,32.25,+0.12%,2037
"2026-01-30 06:45",25850.5,25870.75,25821.75,25846.5,-3.25,-0.01%,2654
"2026-01-30 06:30",25867.25,25894.75,25846.75,25849.75,-17.,-0.07%,2315
"2026-01-30 06:15",25870.5,25884.75,25854.5,25866.75,-3.5,-0.01%,1954
"2026-01-30 06:00",25870.25,25905.25,25858.5,25870.25,-0.75,0.00%,3420
"2026-01-30 05:45",25831.25,25884,25788,25871,41,+0.16%,4172
"2026-01-30 05:30",25817.5,25845.25,25808.5,25830,12.25,+0.05%,2546
"2026-01-30 05:15",25805.25,25819.25,25793.5,25817.75,11.75,+0.05%,1719
"2026-01-30 05:00",25765.25,25807.5,25763.75,25806,41.25,+0.16%,1872
"2026-01-30 04:45",25776.25,25790,25756.5,25764.75,-9.75,-0.04%,1906
"2026-01-30 04:30",25727.5,25785,25727.25,25774.5,46.25,+0.18%,2448
"2026-01-30 04:15",25738.75,25749.5,25716.5,25728.25,-10.25,-0.04%,1971
"2026-01-30 04:00",25696.5,25741.75,25694,25738.5,41.75,+0.16%,2130
"2026-01-30 03:45",25706.25,25716.5,25649.75,25696.75,-10.25,-0.04%,4090
"2026-01-30 03:30",25706.5,25731,25693.75,25707,0.75,0.00%,1949
"2026-01-30 03:15",25718.75,25731.25,25688.75,25706.25,-10.25,-0.04%,2412
"2026-01-30 03:00",25768.75,25786.75,25712.75,25716.5,-52.25,-0.20%,2806
"2026-01-30 02:45",25728.25,25792.5,25716,25768.75,41.75,+0.16%,2904
"2026-01-30 02:30",25746.75,25746.75,25691.75,25727,-20.75,-0.08%,2346
"2026-01-30 02:15",25740.75,25771,25722.5,25747.75,7,+0.03%,2368
"2026-01-30 02:00",25710.5,25746.5,25682,25740.75,33.5,+0.13%,4062
"2026-01-30 01:45",25737,25746.75,25700,25707.25,-29.5,-0.11%,1981
"2026-01-30 01:30",25761.5,25780,25707.25,25736.75,-25.25,-0.10%,2667
"2026-01-30 01:15",25791.5,25793,25756.25,25762,-28.25,-0.11%,1528
"2026-01-30 01:00",25750.75,25804,25744.5,25790.25,38.75,+0.15%,1716
"2026-01-30 00:45",25787.25,25796.5,25737,25751.5,-37.25,-0.14%,2458
"2026-01-30 00:30",25782.75,25814,25770.5,25788.75,1.5,+0.01%,1648
"2026-01-30 00:15",25812,25812.5,25756.75,25787.25,-22.5,-0.09%,2335
"2026-01-30 00:00",25833.75,25838.5,25801.25,25809.75,-23.25,-0.09%,1645
"2026-01-29 23:45",25848.5,25862,25832.25,25833,-14.5,-0.06%,794
"2026-01-29 23:30",25867.25,25867.75,25844.75,25847.5,-20.75,-0.08%,739
"2026-01-29 23:15",25864.75,25873.75,25850,25868.25,2.25,+0.01%,793
"2026-01-29 23:00",25859.5,25887,25856.75,25866,8.5,+0.03%,917
"2026-01-29 22:45",25882.75,25888,25851.75,25857.5,-22.5,-0.09%,876
"2026-01-29 22:30",25880.25,25896,25875,25880,1,0.00%,621
"2026-01-29 22:15",25887.5,25896,25862.75,25879,-7.75,-0.03%,1218
"2026-01-29 22:00",25846.75,25886.75,25843.25,25886.75,39.75,+0.15%,932
"2026-01-29 21:45",25855.25,25874.5,25846.25,25847,-6.5,-0.03%,1073
"2026-01-29 21:30",25849,25879.5,25843.25,25853.5,4.5,+0.02%,1650
"2026-01-29 21:15",25856.75,25872.25,25827.75,25849,-6.5,-0.03%,2349
"2026-01-29 21:00",25843.75,25888,25840,25855.5,12.5,+0.05%,2913
"2026-01-29 20:45",25788.5,25847,25780.75,25843,54.5,+0.21%,2222
"2026-01-29 20:30",25754.5,25800.75,25736,25788.5,37,+0.14%,3027
"2026-01-29 20:15",25824.25,25842.25,25751.5,25751.5,-71.75,-0.28%,4149
"2026-01-29 20:00",25852.25,25866.25,25814.75,25823.25,-29.,-0.11%,2706
"2026-01-29 19:45",25824,25866.5,25809,25852.25,28.75,+0.11%,2858
"2026-01-29 19:30",25887,25888,25796.75,25823.5,-62.5,-0.24%,4311
"2026-01-29 19:15",25901.5,25909.25,25880,25886,-19.,-0.07%,1811
"2026-01-29 19:00",25931,25933.75,25895.75,25905,-25.,-0.10%,2168
"2026-01-29 18:45",25922.5,25948.5,25916.5,25930,8.75,+0.03%,995
"2026-01-29 18:30",25926,25993.75,25914.75,25921.25,-5.,-0.02%,3190
"2026-01-29 18:15",25955,25971.25,25907.25,25926.25,-28.25,-0.11%,3026
"2026-01-29 18:00",25972.5,25991.25,25938,25954.5,-17.75,-0.07%,2165
"2026-01-29 17:45",26004.75,26012,25956.5,25972.25,-31.,-0.12%,2027
"2026-01-29 17:30",25941.75,26020,25940,26003.25,62,+0.24%,2357
"2026-01-29 17:15",25907.75,25983,25882.75,25941.25,33.25,+0.13%,3373
"2026-01-29 17:00",25998.5,26010.5,25901,25908,-74.5,-0.29%,3627
"2026-01-29 15:45",25984,26001.25,25970.5,25982.5,-1.75,-0.01%,3098
"2026-01-29 15:30",25987.75,26050,25963.75,25984.25,-2.75,-0.01%,7823
"2026-01-29 15:15",25982,26024,25951,25987,4.25,+0.02%,3547
"2026-01-29 15:00",25991.5,26020,25967.75,25982.75,-8.75,-0.03%,11938
"2026-01-29 14:45",25921.5,26020,25912,25991.5,69.75,+0.27%,33248
"2026-01-29 14:30",25854,25926.5,25846.5,25921.75,67.75,+0.26%,12877
"2026-01-29 14:15",25868.5,25880.25,25851.5,25854,-15.,-0.06%,7831
"2026-01-29 14:00",25849.25,25881.25,25841.5,25869,20,+0.08%,7956
"2026-01-29 13:45",25857,25871.75,25834,25849,-8.,-0.03%,7062
"2026-01-29 13:30",25878.5,25887.25,25844.5,25857,-21.5,-0.08%,9759
"2026-01-29 13:15",25876,25898.5,25868,25878.5,2.25,+0.01%,7205
"2026-01-29 13:00",25836.25,25883.5,25820,25876.25,39.5,+0.15%,11202
"2026-01-29 12:45",25867.75,25878.75,25836,25836.75,-31.,-0.12%,8875
"2026-01-29 12:30",25846.25,25891.5,25820.75,25867.75,21.75,+0.08%,11408
"2026-01-29 12:15",25851.25,25856.75,25814,25846,-6.75,-0.03%,9564
"2026-01-29 12:00",25760.25,25861.25,25758.25,25852.75,92.25,+0.36%,15227
"2026-01-29 11:45",25837.5,25838,25749,25760.5,-76.,-0.29%,18219
"2026-01-29 11:30",25839.25,25878.75,25814.5,25836.5,-3.,-0.01%,14965
"2026-01-29 11:15",25800,25852.25,25791.25,25839.5,40,+0.16%,13523
"2026-01-29 11:00",25711.25,25810,25708.75,25799.5,88.25,+0.34%,15200
"2026-01-29 10:45",25709.25,25739.75,25684.25,25711.25,1.75,+0.01%,17678
"2026-01-29 10:30",25684,25733.25,25667.5,25709.5,25.5,+0.10%,18207
"2026-01-29 10:15",25662.75,25714.25,25652,25684,21.5,+0.08%,25120
"2026-01-29 10:00",25576.75,25666.75,25538,25662.5,85.75,+0.34%,29854
"2026-01-29 09:45",25625,25643.25,25536,25576.75,-47.,-0.18%,35241
"2026-01-29 09:30",25735.25,25753.25,25609.75,25623.75,-112.,-0.44%,33851
"2026-01-29 09:15",25721.5,25822.75,25720.25,25735.75,14.75,+0.06%,38368
"2026-01-29 09:00",25864.5,25868.25,25718.25,25721,-143.5,-0.55%,52753
"2026-01-29 08:45",25951.5,26008.25,25858,25864.5,-86.25,-0.33%,44969
"2026-01-29 08:30",26133.5,26175,25947,25950.75,-182.5,-0.70%,54676
"2026-01-29 08:15",26149,26161,26132,26133.25,-16.25,-0.06%,5710
"2026-01-29 08:00",26194.25,26196.75,26140.25,26149.5,-45.25,-0.17%,5447
"2026-01-29 07:45",26198,26202,26184,26194.75,-3.,-0.01%,2313
"2026-01-29 07:30",26173.25,26203.5,26158.75,26197.75,24.25,+0.09%,3020
"2026-01-29 07:15",26174.5,26176.5,26150.5,26173.5,-1.5,-0.01%,2397
"2026-01-29 07:00",26176,26188.25,26169.75,26175,-1.25,0.00%,1383
"2026-01-29 06:45",26162,26180,26156.5,26176.25,14.5,+0.06%,2065
"2026-01-29 06:30",26198.25,26200.25,26159,26161.75,-37.25,-0.14%,2070
"2026-01-29 06:15",26212.75,26216.75,26188.5,26199,-13.25,-0.05%,1496
"2026-01-29 06:00",26201,26221.75,26199,26212.25,12.25,+0.05%,1397
"2026-01-29 05:45",26193,26208.75,26191,26200,7.25,+0.03%,1227
"2026-01-29 05:30",26194.25,26203.75,26178.5,26192.75,-3.5,-0.01%,2191
"2026-01-29 05:15",26195,26202.75,26181,26196.25,1.5,+0.01%,1678
"2026-01-29 05:00",26191.75,26206.75,26175.25,26194.75,3,+0.01%,1874
"2026-01-29 04:45",26217,26224.25,26187,26191.75,-26.25,-0.10%,1409
"2026-01-29 04:30",26228.75,26230,26210.5,26218,-10.5,-0.04%,736
"2026-01-29 04:15",26204.75,26237,26204.5,26228.5,24,+0.09%,1440
"2026-01-29 04:00",26211,26220.5,26197.5,26204.5,-7.25,-0.03%,2361
"2026-01-29 03:45",26252.25,26252.25,26210,26211.75,-41.5,-0.16%,1638
"2026-01-29 03:30",26252,26265.75,26240.75,26253.25,0.5,0.00%,1363
"2026-01-29 03:15",26267.5,26270.75,26251.5,26252.75,-13.5,-0.05%,1022
"2026-01-29 03:00",26248.75,26273.25,26245,26266.25,17.5,+0.07%,1307
"2026-01-29 02:45",26260.75,26265.5,26233.25,26248.75,-13.,-0.05%,1465
"2026-01-29 02:30",26268.25,26271.25,26244.5,26261.75,-6.25,-0.02%,1492
"2026-01-29 02:15",26264.5,26280.5,26249.75,26268,2.5,+0.01%,1620
"2026-01-29 02:00",26255.5,26268.75,26226.5,26265.5,10.25,+0.04%,2525
"2026-01-29 01:45",26273.75,26275.5,26251.25,26255.25,-17.75,-0.07%,887
"2026-01-29 01:30",26249.75,26276.5,26245,26273,23,+0.09%,1170
"2026-01-29 01:15",26247,26250,26231.5,26250,3,+0.01%,738
"2026-01-29 01:00",26246.5,26258.5,26241,26247,0.25,0.00%,792
"2026-01-29 00:45",26246.75,26250.75,26231.75,26246.75,0.25,0.00%,767
"2026-01-29 00:30",26255.25,26262.75,26241.75,26246.5,-9.5,-0.04%,582
"2026-01-29 00:15",26262,26268.5,26248,26256,-7.,-0.03%,772
"2026-01-29 00:00",26233.25,26264.75,26232.5,26263,28.75,+0.11%,1144
"2026-01-28 23:45",26249,26249,26227.75,26234.25,-14.75,-0.06%,755
"2026-01-28 23:30",26232.25,26249.5,26230,26249,18.5,+0.07%,882
"2026-01-28 23:15",26217.25,26233,26216.75,26230.5,13.5,+0.05%,531
"2026-01-28 23:00",26227.75,26231.5,26210.25,26217,-11.,-0.04%,877
"2026-01-28 22:45",26224,26233.25,26220.25,26228,3.75,+0.01%,587
"2026-01-28 22:30",26215,26230,26215,26224.25,10,+0.04%,503
"2026-01-28 22:15",26202.5,26225.75,26201.5,26214.25,11.75,+0.04%,1236
"2026-01-28 22:00",26198,26204,26195.25,26202.5,3.75,+0.01%,553
"2026-01-28 21:45",26195.5,26199.75,26185.75,26198.75,3.5,+0.01%,721
"2026-01-28 21:30",26185,26196.5,26178,26195.25,11,+0.04%,911
"2026-01-28 21:15",26180.75,26194.25,26179.75,26184.25,4.5,+0.02%,967
"2026-01-28 21:00",26163,26181,26162,26179.75,17.25,+0.07%,997
"2026-01-28 20:45",26160.25,26175.25,26148,26162.5,1.25,0.00%,1382
"2026-01-28 20:30",26172,26177.25,26157.75,26161.25,-10.,-0.04%,947
"2026-01-28 20:15",26137.25,26177,26128,26171.25,36.75,+0.14%,1793
"2026-01-28 20:00",26129.25,26151.25,26122.75,26134.5,5.75,+0.02%,1550
"2026-01-28 19:45",26107.75,26130,26103,26128.75,21.5,+0.08%,1261
"2026-01-28 19:30",26112.25,26124.25,26091.5,26107.25,-3.75,-0.01%,2018
"2026-01-28 19:15",26147.75,26149.5,26085.5,26111,-36.75,-0.14%,2922
"2026-01-28 19:00",26164.25,26168.25,26141.25,26147.75,-16.,-0.06%,1831
"2026-01-28 18:45",26135.5,26163.75,26128,26163.75,27.75,+0.11%,1637
"2026-01-28 18:30",26170.5,26171,26126.5,26136,-35.,-0.13%,2091
"2026-01-28 18:15",26144.75,26171,26129,26171,25.5,+0.10%,2497
"2026-01-28 18:00",26173.25,26180.5,26104.25,26145.5,-24.75,-0.09%,4701
"2026-01-28 17:45",26187,26217.25,26160,26170.25,-17.25,-0.07%,3045
"2026-01-28 17:30",26209.5,26215,26176.25,26187.5,-21.25,-0.08%,2138
"2026-01-28 17:15",26161.75,26244,26160.5,26208.75,48.25,+0.18%,3513
"2026-01-28 17:00",26282.5,26296,26160.5,26160.5,-107.75,-0.41%,4114
"2026-01-28 15:45",26267,26287.75,26244,26268.25,1.75,+0.01%,3659
"2026-01-28 15:30",26263,26274.25,26245.25,26266.5,4,+0.02%,4890
"2026-01-28 15:15",26196,26264.75,26180.5,26262.5,65.5,+0.25%,9366
"2026-01-28 15:00",26149.5,26199.75,25993.25,26197,47.75,+0.18%,27553
"2026-01-28 14:45",26156.75,26188.5,26131.25,26149.25,-7.5,-0.03%,20822
"2026-01-28 14:30",26174.25,26182.25,26150,26156.75,-17.75,-0.07%,9350
"2026-01-28 14:15",26197,26210.5,26171.75,26174.5,-23.,-0.09%,9505
"2026-01-28 14:00",26161,26212.25,26153.5,26197.5,36.75,+0.14%,10606
"2026-01-28 13:45",26148.5,26210.25,26144.5,26160.75,12.75,+0.05%,16805
"2026-01-28 13:30",26121.75,26179,26112.75,26148,25.25,+0.10%,21268
"2026-01-28 13:15",26142.25,26171.75,26119.25,26122.75,-20.25,-0.08%,8756
"2026-01-28 13:00",26171,26195.5,26116,26143,-28.5,-0.11%,12335
"2026-01-28 12:45",26155.25,26180,26147.5,26171.5,16.5,+0.06%,6532
"2026-01-28 12:30",26160.5,26166.75,26145.25,26155,-4.75,-0.02%,5502
"2026-01-28 12:15",26159,26170.75,26152.5,26159.75,0.5,0.00%,5707
"2026-01-28 12:00",26140.5,26159.25,26122,26159.25,18.5,+0.07%,7725
"2026-01-28 11:45",26130.25,26165.5,26119.75,26140.75,10.25,+0.04%,9301
"2026-01-28 11:30",26127,26138.25,26110.5,26130.5,3.5,+0.01%,9057
"2026-01-28 11:15",26151.25,26163.5,26116.25,26127,-24.75,-0.09%,10292
"2026-01-28 11:00",26117.25,26155.75,26114,26151.75,35,+0.13%,11041
"2026-01-28 10:45",26122,26136.75,26100.75,26116.75,-5.75,-0.02%,11862
"2026-01-28 10:30",26182.5,26182.75,26121,26122.5,-60.25,-0.23%,12653
"2026-01-28 10:15",26183.75,26187.5,26149.5,26182.75,-1.,0.00%,10322
"2026-01-28 10:00",26162.5,26198.5,26162.25,26183.75,21,+0.08%,11114
"2026-01-28 09:45",26183.5,26191,26159.5,26162.75,-20.75,-0.08%,13657
"2026-01-28 09:30",26220.5,26236.5,26181.25,26183.5,-37.25,-0.14%,19260
"2026-01-28 09:15",26216.25,26254,26205,26220.75,4.5,+0.02%,18191
"2026-01-28 09:00",26253,26265.5,26212.5,26216.25,-37.25,-0.14%,21275
"2026-01-28 08:45",26285.5,26301,26230.5,26253.5,-31.5,-0.12%,24647
"2026-01-28 08:30",26252.5,26296,26213.75,26285,32,+0.12%,38571
"2026-01-28 08:15",26246.25,26262.5,26234.5,26253,7.5,+0.03%,6097
"2026-01-28 08:00",26273.5,26278.75,26243.25,26245.5,-28.,-0.11%,3779
"2026-01-28 07:45",26260.75,26285.25,26259.5,26273.5,13.25,+0.05%,3089
"2026-01-28 07:30",26278,26283,26255.25,26260.25,-18.25,-0.07%,3154
"2026-01-28 07:15",26269.75,26293.75,26267.75,26278.5,8.25,+0.03%,2096
"2026-01-28 07:00",26281.25,26306,26268.25,26270.25,-10.75,-0.04%,2318
"2026-01-28 06:45",26286,26301.5,26280.75,26281,-4.75,-0.02%,2017
"2026-01-28 06:30",26278,26296.5,26270.25,26285.75,8,+0.03%,1921
"2026-01-28 06:15",26292.75,26296.75,26264.75,26277.75,-12.75,-0.05%,2521
"2026-01-28 06:00",26319.25,26320.75,26265,26290.5,-28.25,-0.11%,3672
"2026-01-28 05:45",26313,26326.75,26306.25,26318.75,4.75,+0.02%,1580
"2026-01-28 05:30",26309.25,26318.75,26308.5,26314,5.25,+0.02%,971
"2026-01-28 05:15",26299.25,26310.75,26287.5,26308.75,9.5,+0.04%,1346
"2026-01-28 05:00",26317.25,26318.25,26295.5,26299.25,-17.5,-0.07%,1501
"2026-01-28 04:45",26308.5,26320.75,26300.25,26316.75,7.5,+0.03%,1432
"2026-01-28 04:30",26294.75,26316.5,26292.25,26309.25,14.75,+0.06%,1637
"2026-01-28 04:15",26287.25,26297,26277.25,26294.5,7.5,+0.03%,968
"2026-01-28 04:00",26285.25,26294,26272.5,26287,2.5,+0.01%,1035
"2026-01-28 03:45",26274.25,26290.5,26270,26284.5,10,+0.04%,1290
"2026-01-28 03:30",26262.25,26275,26252.5,26274.5,12,+0.05%,1651
"2026-01-28 03:15",26271,26279.25,26255,26262.5,-7.5,-0.03%,1807
"2026-01-28 03:00",26279.5,26284.5,26258,26270,-9.,-0.03%,2461
"2026-01-28 02:45",26303.25,26303.5,26271,26279,-25.,-0.10%,2090
"2026-01-28 02:30",26302,26314.75,26300,26304,1.5,+0.01%,1528
"2026-01-28 02:15",26303.5,26318.75,26276.75,26302.5,0.25,0.00%,2491
"2026-01-28 02:00",26315.5,26331.5,26300,26302.25,-13.75,-0.05%,1929
"2026-01-28 01:45",26319.25,26322.25,26308.5,26316,-3.,-0.01%,1197
"2026-01-28 01:30",26303.5,26321.5,26289,26319,15,+0.06%,1933
"2026-01-28 01:15",26322,26322.25,26301.25,26304,-17.5,-0.07%,825
"2026-01-28 01:00",26301.75,26324,26292,26321.5,18.75,+0.07%,2140
"2026-01-28 00:45",26316.25,26327.5,26300.5,26302.75,-14.,-0.05%,1514
"2026-01-28 00:30",26302.5,26349,26301.25,26316.75,14.5,+0.06%,3787
"2026-01-28 00:15",26305.25,26320.75,26295.5,26302.25,-3.25,-0.01%,2077
"2026-01-28 00:00",26246,26306.25,26246,26305.5,60,+0.23%,5852
"2026-01-27 23:45",26240,26248.75,26238.5,26245.5,6.25,+0.02%,944
"2026-01-27 23:30",26232,26241.75,26231,26239.25,8,+0.03%,704
"2026-01-27 23:15",26229.25,26233,26227,26231.25,4,+0.02%,552
"2026-01-27 23:00",26220.25,26230.5,26220.25,26227.25,7.25,+0.03%,705
"2026-01-27 22:45",26219.25,26220.5,26213.5,26220,1,0.00%,428
"2026-01-27 22:30",26225.5,26226.5,26217,26219,-6.25,-0.02%,453
"2026-01-27 22:15",26219.75,26227.5,26218.25,26225.25,5.5,+0.02%,654
"2026-01-27 22:00",26200.5,26223,26200.5,26219.75,20.75,+0.08%,1200
"2026-01-27 21:45",26195,26203,26192.5,26199,4,+0.02%,747
"2026-01-27 21:30",26203,26209.25,26194.75,26195,-8.25,-0.03%,933
"2026-01-27 21:15",26212.75,26216.25,26195.75,26203.25,-10.,-0.04%,938
"2026-01-27 21:00",26213.75,26218.75,26210.75,26213.25,-0.75,0.00%,524
"2026-01-27 20:45",26210.75,26221,26209,26214,3.25,+0.01%,613
"2026-01-27 20:30",26213.5,26219,26206.75,26210.75,-2.,-0.01%,618
"2026-01-27 20:15",26216.5,26220.25,26212.75,26212.75,-4.5,-0.02%,593
"2026-01-27 20:00",26204,26221.75,26203.75,26217.25,12,+0.05%,1136
"2026-01-27 19:45",26209,26217,26201.75,26205.25,-4.,-0.02%,1185
"2026-01-27 19:30",26224.25,26226,26208,26209.25,-14.75,-0.06%,1068
"2026-01-27 19:15",26223.5,26226,26215.5,26224,1,0.00%,1009
"2026-01-27 19:00",26206.75,26228.25,26206.75,26223,17,+0.06%,2035
"2026-01-27 18:45",26207,26208.5,26194.5,26206,-1.,0.00%,1389
"2026-01-27 18:30",26168.25,26207.75,26167.5,26207,38.75,+0.15%,3188
"2026-01-27 18:15",26157.25,26171.75,26153.5,26168.25,11,+0.04%,1564
"2026-01-27 18:00",26138.25,26162.25,26135.5,26157.25,19.75,+0.08%,1264
"2026-01-27 17:45",26139,26142.75,26136.5,26137.5,-1.75,-0.01%,468
"2026-01-27 17:30",26136.5,26140,26131.5,26139.25,2.75,+0.01%,498
"2026-01-27 17:15",26144.25,26146.75,26128.5,26136.5,-8.,-0.03%,1149
"2026-01-27 17:00",26111.25,26148,26111.25,26144.5,34.5,+0.13%,2538
"2026-01-27 15:45",26112.75,26118,26108,26110,-3.25,-0.01%,2079
"2026-01-27 15:30",26095.75,26114,26093.25,26113.25,17.75,+0.07%,1651
"2026-01-27 15:15",26079.25,26106,26079.25,26095.5,16.25,+0.06%,2976
"2026-01-27 15:00",26076,26088,26058.75,26079.25,3.25,+0.01%,9951
"2026-01-27 14:45",26091.5,26101.75,26068.25,26076,-15.5,-0.06%,23920
"2026-01-27 14:30",26096,26097.5,26084,26091.5,-4.75,-0.02%,8370
"2026-01-27 14:15",26110,26114.25,26094,26096.25,-13.75,-0.05%,7361
"2026-01-27 14:00",26092,26111.75,26083.75,26110,18.25,+0.07%,7222
"2026-01-27 13:45",26085.5,26098.5,26077.75,26091.75,6.25,+0.02%,5242
"2026-01-27 13:30",26092.75,26099.75,26078.5,26085.5,-7.25,-0.03%,6102
"2026-01-27 13:15",26086.5,26095,26084.25,26092.75,6,+0.02%,5184
"2026-01-27 13:00",26090,26090,26072.75,26086.75,-3.5,-0.01%,6745
"2026-01-27 12:45",26081.5,26097.75,26079.5,26090.25,9,+0.03%,5639
"2026-01-27 12:30",26076.75,26091.75,26076.25,26081.25,4.75,+0.02%,6833
"2026-01-27 12:15",26067.75,26085.5,26067,26076.5,8,+0.03%,7029
"2026-01-27 12:00",26062,26071.5,26038,26068.5,6.75,+0.03%,10972
"2026-01-27 11:45",26075.75,26077.5,26057.5,26061.75,-14.,-0.05%,5961
"2026-01-27 11:30",26083,26092,26069.75,26075.75,-7.75,-0.03%,8884
"2026-01-27 11:15",26070.25,26088.75,26050.25,26083.5,12.5,+0.05%,11393
"2026-01-27 11:00",26080,26085,26065,26071,-8.75,-0.03%,9220
"2026-01-27 10:45",26089.75,26096.5,26077,26079.75,-10.5,-0.04%,10998
"2026-01-27 10:30",26090.5,26099.75,26086.25,26090.25,-0.25,0.00%,7999
"2026-01-27 10:15",26098.25,26106.75,26088,26090.5,-7.5,-0.03%,9817
"2026-01-27 10:00",26078.5,26099.75,26073.25,26098,19.5,+0.07%,11501
"2026-01-27 09:45",26090.5,26098.5,26063.5,26078.5,-12.5,-0.05%,14692
"2026-01-27 09:30",26043,26095.5,26038.75,26091,48,+0.18%,17427
"2026-01-27 09:15",26060,26074.75,26038,26043,-16.75,-0.06%,16246
"2026-01-27 09:00",26052.5,26073.5,26021.5,26059.75,6.5,+0.02%,25748
"2026-01-27 08:45",25959.25,26058,25958.5,26053.25,94,+0.36%,28439
"2026-01-27 08:30",25982.75,26012.5,25917.25,25959.25,-23.25,-0.09%,44634
"2026-01-27 08:15",25994.25,26005.75,25981,25982.5,-12.75,-0.05%,5920
"2026-01-27 08:00",25990.5,26010,25990.5,25995.25,5.5,+0.02%,3110
"2026-01-27 07:45",26001.25,26008,25982.5,25989.75,-11.,-0.04%,2783
"2026-01-27 07:30",26002.5,26008,25993.75,26000.75,-2.5,-0.01%,2145
"2026-01-27 07:15",26015.75,26018,26001,26003.25,-12.75,-0.05%,1575
"2026-01-27 07:00",26003.75,26018,26002,26016,12,+0.05%,2089
"2026-01-27 06:45",26009.5,26012.75,26000,26004,-5.75,-0.02%,1081
"2026-01-27 06:30",25997.25,26018,25991,26009.75,13,+0.05%,2095
"2026-01-27 06:15",26015.5,26021,25995,25996.75,-19.25,-0.07%,1731
"2026-01-27 06:00",26031.5,26033.5,26010.25,26016,-16.,-0.06%,1695
"2026-01-27 05:45",26031.5,26043,26025.25,26032,0.75,0.00%,1825
"2026-01-27 05:30",26005,26033.5,26002.5,26031.25,26.25,+0.10%,2573
"2026-01-27 05:15",26003.5,26007.75,25992,26005,2.25,+0.01%,1005
"2026-01-27 05:00",26005.5,26008.75,25991.75,26002.75,-3.,-0.01%,1205
"2026-01-27 04:45",25994.5,26007.75,25993.5,26005.75,11.75,+0.05%,1388
"2026-01-27 04:30",25997,26000.25,25992,25994,-2.,-0.01%,766
"2026-01-27 04:15",25984,25999.75,25984,25996,12.75,+0.05%,734
"2026-01-27 04:00",25974,25992.5,25970,25983.25,9.5,+0.04%,955
"2026-01-27 03:45",25983.25,25986.25,25967.25,25973.75,-9.5,-0.04%,1199
"2026-01-27 03:30",25983,25989.25,25976.75,25983.25,-0.5,0.00%,896
"2026-01-27 03:15",25980.75,25994.75,25980,25983.75,1.5,+0.01%,997
"2026-01-27 03:00",25983.75,25992.75,25970,25982.25,-2.25,-0.01%,1901
"2026-01-27 02:45",25978,25989.75,25975.75,25984.5,7.75,+0.03%,1124
"2026-01-27 02:30",25981,25986,25967,25976.75,-3.75,-0.01%,1694
"2026-01-27 02:15",25990.75,26003,25974.5,25980.5,-9.75,-0.04%,1646
"2026-01-27 02:00",26006,26011.75,25981.25,25990.25,-16.,-0.06%,1872
"2026-01-27 01:45",26011,26011.25,25995.75,26006.25,-5.5,-0.02%,1037
"2026-01-27 01:30",25998.75,26020.5,25995.75,26011.75,12.75,+0.05%,1076
"2026-01-27 01:15",26004.75,26007.75,25992,25999,-6.,-0.02%,829
"2026-01-27 01:00",26002.5,26014,26000.5,26005,3.75,+0.01%,1100
"2026-01-27 00:45",26005,26008,25999,26001.25,-4.25,-0.02%,772
"2026-01-27 00:30",26024,26024.75,26003,26005.5,-19.,-0.07%,938
"2026-01-27 00:15",26018,26025.75,26015.25,26024.5,6.25,+0.02%,659
"2026-01-27 00:00",26007.75,26028.25,26007.5,26018.25,10,+0.04%,2018
"2026-01-26 23:45",25995.75,26009.75,25994.25,26008.25,12.5,+0.05%,964
"2026-01-26 23:30",25981.75,25996,25981.75,25995.75,15,+0.06%,763
"2026-01-26 23:15",25979.5,25981.5,25974,25980.75,2,+0.01%,464
"2026-01-26 23:00",25989,25990,25972,25978.75,-10.75,-0.04%,820
"2026-01-26 22:45",25990.75,25993.5,25988.25,25989.5,-0.75,0.00%,267
"2026-01-26 22:30",25986.25,25992.25,25986,25990.25,3.5,+0.01%,447
"2026-01-26 22:15",25990,25994.5,25982.25,25986.75,-4.,-0.02%,651
"2026-01-26 22:00",25975.75,26002.75,25971.5,25990.75,15.25,+0.06%,2055
"2026-01-26 21:45",25970.5,25979.5,25963.5,25975.5,4.5,+0.02%,801
"2026-01-26 21:30",25966.75,25975,25962.5,25971,4.5,+0.02%,726
"2026-01-26 21:15",25967.25,25973,25964.75,25966.5,-1.5,-0.01%,565
"2026-01-26 21:00",25970.5,25977,25967.25,25968,-3.25,-0.01%,800
"2026-01-26 20:45",25960.75,25975,25955.5,25971.25,10.5,+0.04%,1107
"2026-01-26 20:30",25949.25,25963.5,25943.5,25960.75,12,+0.05%,1268
"2026-01-26 20:15",25947.75,25957,25947,25948.75,1.25,0.00%,1196
"2026-01-26 20:00",25922,25951.25,25921.25,25947.5,25.5,+0.10%,1734
"2026-01-26 19:45",25918,25927,25915.5,25922,4,+0.02%,903
"2026-01-26 19:30",25910.75,25919.25,25910,25918,6.5,+0.03%,741
"2026-01-26 19:15",25909,25916.25,25905,25911.5,2.75,+0.01%,722
"2026-01-26 19:00",25898.5,25912.75,25895.25,25908.75,10,+0.04%,864
"2026-01-26 18:45",25895.5,25902.5,25893.75,25898.75,2.5,+0.01%,527
"2026-01-26 18:30",25889.75,25902.75,25885.5,25896.25,6.25,+0.02%,980
"2026-01-26 18:15",25885.5,25899.5,25884.5,25890,5.5,+0.02%,782
"2026-01-26 18:00",25890.5,25891.25,25875,25884.5,-6.,-0.02%,655
"2026-01-26 17:45",25882.75,25890.75,25877.75,25890.5,8.75,+0.03%,717
"2026-01-26 17:30",25879.25,25885,25871.25,25881.75,3,+0.01%,737
"2026-01-26 17:15",25867,25897,25866.75,25878.75,11.25,+0.04%,1662
"2026-01-26 17:00",25861.25,25868.75,25838.5,25867.5,6.25,+0.02%,1660
"2026-01-26 15:45",25867.25,25868,25851.75,25861.25,-6.,-0.02%,2141
"2026-01-26 15:30",25867.25,25869.25,25860.75,25867.25,-1.25,0.00%,1227
"2026-01-26 15:15",25855,25871,25854.25,25868.5,13.75,+0.05%,2682
"2026-01-26 15:00",25844.75,25856.5,25834,25854.75,9.75,+0.04%,10259
"2026-01-26 14:45",25884.75,25892.5,25840.5,25845,-40.,-0.15%,26431
"2026-01-26 14:30",25881,25895,25877.5,25885,4.25,+0.02%,7573
"2026-01-26 14:15",25881.75,25884,25866.5,25880.75,-1.25,0.00%,6929
"2026-01-26 14:00",25879,25890.5,25871.5,25882,3.5,+0.01%,6221
"2026-01-26 13:45",25904,25906.25,25877.75,25878.5,-25.25,-0.10%,7132
"2026-01-26 13:30",25900,25913.75,25890,25903.75,4.25,+0.02%,6250
"2026-01-26 13:15",25908,25912.5,25884.5,25899.5,-8.,-0.03%,6382
"2026-01-26 13:00",25898.25,25913.25,25892.5,25907.5,8.75,+0.03%,5775
"2026-01-26 12:45",25896,25905,25885,25898.75,3,+0.01%,6168
"2026-01-26 12:30",25907.25,25932.25,25892,25895.75,-11.75,-0.05%,9298
"2026-01-26 12:15",25881.25,25913.75,25874.75,25907.5,26,+0.10%,7465
"2026-01-26 12:00",25890.5,25897.75,25873.5,25881.5,-9.75,-0.04%,7481
"2026-01-26 11:45",25909,25909.5,25881.75,25891.25,-17.75,-0.07%,9031
"2026-01-26 11:30",25912.5,25915.5,25897.75,25909,-3.5,-0.01%,6805
"2026-01-26 11:15",25913.75,25927.5,25907,25912.5,-1.5,-0.01%,6272
"2026-01-26 11:00",25906.5,25936.5,25902.75,25914,7.75,+0.03%,8872
"2026-01-26 10:45",25897.75,25911,25888,25906.25,9,+0.03%,9255
"2026-01-26 10:30",25906,25928.5,25896.25,25897.25,-8.5,-0.03%,13187
"2026-01-26 10:15",25886,25909.5,25850.75,25905.75,19.5,+0.08%,15254
"2026-01-26 10:00",25881,25896.5,25866.75,25886.25,5,+0.02%,12816
"2026-01-26 09:45",25839.25,25898.5,25839,25881.25,41.25,+0.16%,15128
"2026-01-26 09:30",25846,25878,25834,25840,-5.75,-0.02%,17531
"2026-01-26 09:15",25839,25886.5,25829,25845.75,6.75,+0.03%,20816
"2026-01-26 09:00",25837,25849.5,25803,25839,1.75,+0.01%,18537
"2026-01-26 08:45",25816.75,25853.5,25803,25837.25,21,+0.08%,23143
"2026-01-26 08:30",25749,25827,25704.25,25816.25,67.75,+0.26%,34880
"2026-01-26 08:15",25722.25,25749.25,25714,25748.5,26.25,+0.10%,5454
"2026-01-26 08:00",25716.25,25738,25716.25,25722.25,6,+0.02%,3339
"2026-01-26 07:45",25674.25,25721.75,25672,25716.25,42.25,+0.16%,3152
"2026-01-26 07:30",25688.25,25693.5,25658,25674,-14.75,-0.06%,2812
"2026-01-26 07:15",25701.25,25707.25,25685.5,25688.75,-13.,-0.05%,1835
"2026-01-26 07:00",25688.5,25703.25,25676.5,25701.75,13.75,+0.05%,2418
"2026-01-26 06:45",25678.75,25691.25,25675.5,25688,8.25,+0.03%,1347
"2026-01-26 06:30",25690,25696,25678.25,25679.75,-10.75,-0.04%,1197
"2026-01-26 06:15",25706.75,25709,25682.75,25690.5,-16.25,-0.06%,1281
"2026-01-26 06:00",25669.5,25714.5,25668.75,25706.75,36.25,+0.14%,2232
"2026-01-26 05:45",25654.5,25673,25647.25,25670.5,18,+0.07%,776
"2026-01-26 05:30",25649.25,25661.5,25647.75,25652.5,4.25,+0.02%,688
"2026-01-26 05:15",25650.75,25659.25,25643.75,25648.25,-2.5,-0.01%,744
"2026-01-26 05:00",25651.5,25659.75,25641.75,25650.75,-0.5,0.00%,843
"2026-01-26 04:45",25656.75,25665.75,25649.75,25651.25,-5.75,-0.02%,958
"2026-01-26 04:30",25651,25674.5,25647.75,25657,6,+0.02%,1629
"2026-01-26 04:15",25638.5,25656.75,25626.5,25651,13.5,+0.05%,1904
"2026-01-26 04:00",25618.25,25640,25614.25,25637.5,19.25,+0.08%,1547
"2026-01-26 03:45",25616.5,25624.5,25582,25618.25,2.25,+0.01%,3669
"2026-01-26 03:30",25687.5,25689.75,25613,25616,-72.,-0.28%,3526
"2026-01-26 03:15",25705,25713.25,25687.25,25688,-17.25,-0.07%,1600
"2026-01-26 03:00",25727.75,25735,25703.75,25705.25,-22.25,-0.09%,1318
"2026-01-26 02:45",25723,25731,25713.75,25727.5,4.75,+0.02%,668
"2026-01-26 02:30",25728.25,25741.5,25718,25722.75,-6.25,-0.02%,1109
"2026-01-26 02:15",25711.5,25742,25704.75,25729,18.25,+0.07%,1617
"2026-01-26 02:00",25700.75,25720.75,25699.75,25710.75,10.75,+0.04%,1491
"2026-01-26 01:45",25693.75,25711,25688.25,25700,6,+0.02%,1267
"2026-01-26 01:30",25693.75,25699.75,25678.5,25694,0.5,0.00%,791
"2026-01-26 01:15",25685.25,25696,25675.5,25693.5,7.75,+0.03%,696
"2026-01-26 01:00",25669.5,25686,25666.75,25685.75,17.75,+0.07%,876
"2026-01-26 00:45",25672.5,25696,25665.75,25668,-4.5,-0.02%,1780
"2026-01-26 00:30",25694.25,25697,25668.5,25672.5,-21.25,-0.08%,1105
"2026-01-26 00:15",25687.5,25702,25683.5,25693.75,6.5,+0.03%,1060
"2026-01-26 00:00",25675.5,25689,25673.5,25687.25,13.25,+0.05%,1518
"2026-01-25 23:45",25665.5,25676,25659,25674,8.25,+0.03%,725
"2026-01-25 23:30",25663.75,25676,25657.25,25665.75,2,+0.01%,1031
"2026-01-25 23:15",25629.75,25668.5,25629.5,25663.75,33.5,+0.13%,1320
"2026-01-25 23:00",25635.75,25640.5,25627.25,25630.25,-5.75,-0.02%,344
"2026-01-25 22:45",25629.25,25641,25623.5,25636,6.75,+0.03%,660
"2026-01-25 22:30",25650.75,25659,25622.75,25629.25,-20.75,-0.08%,1693
"2026-01-25 22:15",25628,25651.5,25625,25650,21.5,+0.08%,1059
"2026-01-25 22:00",25634.5,25635.25,25623.5,25628.5,-6.25,-0.02%,736
"2026-01-25 21:45",25635,25642,25623,25634.75,0,0.00%,1898
"2026-01-25 21:30",25638.25,25645.5,25626,25634.75,-3.75,-0.01%,1423
"2026-01-25 21:15",25645.75,25646.5,25622,25638.5,-6.25,-0.02%,1834
"2026-01-25 21:00",25611,25657.5,25610.5,25644.75,35.5,+0.14%,2027
"2026-01-25 20:45",25619.25,25619.75,25595.25,25609.25,-10.25,-0.04%,1852
"2026-01-25 20:30",25649.75,25650.75,25616.5,25619.5,-29.25,-0.11%,1616
"2026-01-25 20:15",25655.5,25664.75,25641.5,25648.75,-9.,-0.04%,1199
"2026-01-25 20:00",25649.25,25665.75,25647.5,25657.75,8.25,+0.03%,1213
"2026-01-25 19:45",25646.5,25668.75,25641,25649.5,2.75,+0.01%,2005
"2026-01-25 19:30",25650,25654.5,25630.75,25646.75,-3.75,-0.01%,1827
"2026-01-25 19:15",25606.5,25661.75,25606,25650.5,44.25,+0.17%,3076
"2026-01-25 19:00",25582,25645,25571.25,25606.25,24.25,+0.09%,3698
"2026-01-25 18:45",25580.25,25594.75,25562.75,25582,1.75,+0.01%,1543
"2026-01-25 18:30",25606.5,25618.25,25566,25580.25,-26.75,-0.10%,2484
"2026-01-25 18:15",25579,25610,25572,25607,28.5,+0.11%,2175
"2026-01-25 18:00",25559.75,25596.5,25544.75,25578.5,19.5,+0.08%,2768
"2026-01-25 17:45",25498.25,25572.25,25495,25559,62,+0.24%,2988
"2026-01-25 17:30",25531.5,25544.75,25492.5,25497,-33.75,-0.13%,2513
"2026-01-25 17:15",25497,25542.25,25488,25530.75,33.25,+0.13%,2788
"2026-01-25 17:00",25585.5,25585.5,25365.25,25497.5,-183.,-0.71%,5117
"2026-01-23 15:45",25691,25693.75,25677.25,25680.5,-10.,-0.04%,1465
"2026-01-23 15:30",25687.5,25696.25,25683.5,25690.5,3,+0.01%,1562
"2026-01-23 15:15",25702.75,25703.25,25672.25,25687.5,-15.5,-0.06%,3446
"2026-01-23 15:00",25735.25,25738.25,25702.25,25703,-32.,-0.12%,7566
"2026-01-23 14:45",25731.25,25755.75,25713,25735,4,+0.02%,23369
"2026-01-23 14:30",25710.25,25733,25696,25731,20.5,+0.08%,9896
"2026-01-23 14:15",25725.25,25744.5,25708.75,25710.5,-14.,-0.05%,8947
"2026-01-23 14:00",25748,25751.5,25691.25,25724.5,-23.5,-0.09%,11585
"2026-01-23 13:45",25746.5,25754.5,25730.5,25748,2,+0.01%,6661
"2026-01-23 13:30",25745.5,25758.5,25719.5,25746,0.75,0.00%,9141
"2026-01-23 13:15",25747.5,25774.75,25744,25745.25,-2.,-0.01%,6902
"2026-01-23 13:00",25726.25,25768.25,25723.75,25747.25,21.75,+0.08%,9042
"2026-01-23 12:45",25731.75,25741.25,25714.25,25725.5,-5.75,-0.02%,7459
"2026-01-23 12:30",25752.75,25762.75,25725.25,25731.25,-21.75,-0.08%,9035
"2026-01-23 12:15",25730,25764.25,25727.5,25753,24,+0.09%,9589
"2026-01-23 12:00",25693.75,25759,25688.5,25729,35.25,+0.14%,15190
"2026-01-23 11:45",25729.75,25743,25683,25693.75,-36.25,-0.14%,19326
"2026-01-23 11:30",25798.5,25800.25,25722.25,25730,-68.25,-0.26%,13216
"2026-01-23 11:15",25804.75,25808,25780,25798.25,-7.,-0.03%,8416
"2026-01-23 11:00",25789,25805.25,25766.5,25805.25,16.25,+0.06%,11243
"2026-01-23 10:45",25812.25,25828.5,25784.5,25789,-23.75,-0.09%,12770
"2026-01-23 10:30",25791.25,25826,25761,25812.75,21.25,+0.08%,17860
"2026-01-23 10:15",25823.75,25829.5,25779.75,25791.5,-32.5,-0.13%,12323
"2026-01-23 10:00",25826.5,25845.75,25804.5,25824,-2.5,-0.01%,18076
"2026-01-23 09:45",25781.25,25827.5,25771.25,25826.5,45.5,+0.18%,17789
"2026-01-23 09:30",25747,25785.5,25745,25781,35,+0.14%,16449
"2026-01-23 09:15",25688,25763.5,25673.75,25746,57.75,+0.22%,26372
"2026-01-23 09:00",25668,25719.5,25661.5,25688.25,24.5,+0.10%,24773
"2026-01-23 08:45",25614.5,25668,25579.25,25663.75,49.25,+0.19%,21899
"2026-01-23 08:30",25608,25652.5,25562.5,25614.5,6.75,+0.03%,38659
"2026-01-23 08:15",25569.5,25612.25,25562.5,25607.75,37.75,+0.15%,6040
"2026-01-23 08:00",25570.75,25583.5,25556.75,25570,-0.75,0.00%,3686
"2026-01-23 07:45",25588.5,25589.5,25560.25,25570.75,-17.5,-0.07%,3838
"2026-01-23 07:30",25572.5,25605,25571.25,25588.25,15.25,+0.06%,3143
"2026-01-23 07:15",25624.75,25627,25572.25,25573,-51.25,-0.20%,2779
"2026-01-23 07:00",25628.75,25635.5,25615.75,25624.25,-4.5,-0.02%,1400
"2026-01-23 06:45",25617,25632.75,25613.75,25628.75,13,+0.05%,1767
"2026-01-23 06:30",25617.25,25624.5,25584,25615.75,-1.,0.00%,2512
"2026-01-23 06:15",25612.25,25618.75,25597,25616.75,5.25,+0.02%,1568
"2026-01-23 06:00",25606.5,25627.5,25599,25611.5,4.75,+0.02%,2595
"2026-01-23 05:45",25633,25634,25596.25,25606.75,-26.25,-0.10%,2484
"2026-01-23 05:30",25645.25,25658,25629,25633,-11.75,-0.05%,2075
"2026-01-23 05:15",25627,25646.25,25619.5,25644.75,18,+0.07%,1849
"2026-01-23 05:00",25574.75,25640,25571,25626.75,52.5,+0.21%,6644
"2026-01-23 04:45",25555.25,25574.75,25554,25574.25,18.25,+0.07%,1019
"2026-01-23 04:30",25561.75,25565,25550.75,25556,-6.75,-0.03%,1077
"2026-01-23 04:15",25554,25574.25,25550,25562.75,9.75,+0.04%,1258
"2026-01-23 04:00",25558.25,25574.75,25551.75,25553,-5.25,-0.02%,1606
"2026-01-23 03:45",25551.75,25572.75,25540.25,25558.25,4.25,+0.02%,2670
"2026-01-23 03:30",25603,25603,25546.25,25554,-48.75,-0.19%,2834
"2026-01-23 03:15",25599,25623,25594.75,25602.75,3.5,+0.01%,2012
"2026-01-23 03:00",25602.25,25629.5,25592.5,25599.25,-1.5,-0.01%,2611
"2026-01-23 02:45",25615,25628,25581,25600.75,-13.25,-0.05%,2489
"2026-01-23 02:30",25628.75,25635,25603.75,25614,-14.5,-0.06%,2366
"2026-01-23 02:15",25656.75,25671.25,25620.25,25628.5,-28.25,-0.11%,2946
"2026-01-23 02:00",25692,25692,25655.25,25656.75,-35.,-0.14%,2063
"2026-01-23 01:45",25704,25704,25682.25,25691.75,-12.75,-0.05%,1284
"2026-01-23 01:30",25718.75,25719.25,25699.25,25704.5,-13.5,-0.05%,834
"2026-01-23 01:15",25699.25,25724.75,25699.25,25718,18,+0.07%,921
"2026-01-23 01:00",25705.75,25712,25697,25700,-4.75,-0.02%,920
"2026-01-23 00:45",25705.25,25709.5,25703.25,25704.75,0,0.00%,344
"2026-01-23 00:30",25722.25,25726.5,25704,25704.75,-19.,-0.07%,826
"2026-01-23 00:15",25721.75,25731.25,25718,25723.75,1,0.00%,853
"2026-01-23 00:00",25713.5,25731.5,25712.75,25722.75,9.25,+0.04%,1135
"2026-01-22 23:45",25700,25714.5,25700,25713.5,13.25,+0.05%,501
"2026-01-22 23:30",25702.5,25708.25,25698.75,25700.25,-2.,-0.01%,447
"2026-01-22 23:15",25707.75,25712,25702.25,25702.25,-5.,-0.02%,377
"2026-01-22 23:00",25701.5,25710.25,25694,25707.25,7.25,+0.03%,626
"2026-01-22 22:45",25695.25,25707.5,25689.5,25700,4,+0.02%,646
"2026-01-22 22:30",25697.25,25706.5,25695.5,25696,-1.5,-0.01%,576
"2026-01-22 22:15",25698.25,25700.25,25684.25,25697.5,-0.75,0.00%,622
"2026-01-22 22:00",25696,25700.25,25689.25,25698.25,2.5,+0.01%,483
"2026-01-22 21:45",25700.75,25702,25691.75,25695.75,-5.75,-0.02%,380
"2026-01-22 21:30",25702.25,25704.25,25690,25701.5,-0.5,0.00%,1056
"2026-01-22 21:15",25694,25707.75,25694,25702,8,+0.03%,933
"2026-01-22 21:00",25668.25,25694.75,25667.75,25694,25.25,+0.10%,1040
"2026-01-22 20:45",25669.25,25673,25665,25668.75,0,0.00%,506
"2026-01-22 20:30",25676,25677.5,25667.5,25668.75,-8.25,-0.03%,509
"2026-01-22 20:15",25687.25,25689.5,25673,25677,-9.25,-0.04%,677
"2026-01-22 20:00",25686.75,25688.5,25675,25686.25,-0.5,0.00%,726
"2026-01-22 19:45",25669,25688,25666.75,25686.75,18.5,+0.07%,689
"2026-01-22 19:30",25664.25,25681,25660.75,25668.25,2.5,+0.01%,1404
"2026-01-22 19:15",25669.5,25682.75,25658.75,25665.75,-3.75,-0.01%,1703
"2026-01-22 19:00",25653.5,25676.5,25649.25,25669.5,15.25,+0.06%,1785
"2026-01-22 18:45",25645,25654.75,25639,25654.25,8.5,+0.03%,680
"2026-01-22 18:30",25626.75,25647.75,25622.5,25645.75,19,+0.07%,856
"2026-01-22 18:15",25626.75,25638.5,25619.25,25626.75,0.25,0.00%,1035
"2026-01-22 18:00",25616.75,25631.25,25597.5,25626.5,8.75,+0.03%,1076
"2026-01-22 17:45",25623.5,25629.25,25600.75,25617.75,-6.25,-0.02%,1317
"2026-01-22 17:30",25615.75,25629.25,25613,25624,9.75,+0.04%,866
"2026-01-22 17:15",25593,25621.75,25589.5,25614.25,23,+0.09%,1178
"2026-01-22 17:00",25605,25618,25575.5,25591.25,-38.75,-0.15%,2443
"2026-01-22 15:45",25642.25,25649.75,25609.75,25630,-12.,-0.05%,1886
"2026-01-22 15:30",25661.25,25662.5,25641.5,25642,-19.,-0.07%,1124
"2026-01-22 15:15",25644.75,25662.75,25642.5,25661,16.5,+0.06%,1956
"2026-01-22 15:00",25661.75,25676.5,25627.5,25644.5,-17.5,-0.07%,11046
"2026-01-22 14:45",25613.75,25665.75,25613.25,25662,48.25,+0.19%,26583
"2026-01-22 14:30",25608.75,25620.25,25584.75,25613.75,4.75,+0.02%,18969
"2026-01-22 14:15",25647.75,25664,25607.75,25609,-38.5,-0.15%,12553
"2026-01-22 14:00",25639.5,25653,25631,25647.5,7.75,+0.03%,11347
"2026-01-22 13:45",25675,25681.25,25634,25639.75,-34.75,-0.14%,11951
"2026-01-22 13:30",25709.75,25713.5,25670.75,25674.5,-34.75,-0.14%,9392
"2026-01-22 13:15",25701.25,25715.25,25692.25,25709.25,8.5,+0.03%,6010
"2026-01-22 13:00",25673.5,25710.75,25671.5,25700.75,27.25,+0.11%,9301
"2026-01-22 12:45",25692.75,25710,25667,25673.5,-19.5,-0.08%,8343
"2026-01-22 12:30",25698,25708.5,25689.75,25693,-4.75,-0.02%,6181
"2026-01-22 12:15",25695.5,25708.75,25683,25697.75,2.5,+0.01%,6840
"2026-01-22 12:00",25711.75,25723.5,25690.25,25695.25,-17.,-0.07%,11471
"2026-01-22 11:45",25700.75,25722,25698.5,25712.25,11.25,+0.04%,7079
"2026-01-22 11:30",25680.5,25710,25679.5,25701,21.75,+0.08%,9829
"2026-01-22 11:15",25688.75,25692.5,25656.75,25679.25,-9.25,-0.04%,9417
"2026-01-22 11:00",25668.75,25694,25652.5,25688.5,19,+0.07%,13823
"2026-01-22 10:45",25681.5,25700,25662.25,25669.5,-11.75,-0.05%,11045
"2026-01-22 10:30",25672.5,25690,25660.25,25681.25,8.75,+0.03%,10673
"2026-01-22 10:15",25653.5,25685.25,25639.5,25672.5,19,+0.07%,13299
"2026-01-22 10:00",25605.25,25660,25603.75,25653.5,47.5,+0.19%,15543
"2026-01-22 09:45",25645.75,25658.75,25602,25606,-39.5,-0.15%,17782
"2026-01-22 09:30",25592.75,25648.25,25572,25645.5,53.25,+0.21%,19150
"2026-01-22 09:15",25553.75,25610,25537.25,25592.25,38.75,+0.15%,28533
"2026-01-22 09:00",25582,25585,25536.75,25553.5,-24.5,-0.10%,26360
"2026-01-22 08:45",25646.5,25657,25554.25,25578,-68.25,-0.27%,36952
"2026-01-22 08:30",25729,25731.75,25612.5,25646.25,-82.75,-0.32%,46293
"2026-01-22 08:15",25718,25738.5,25710,25729,11.5,+0.04%,6699
"2026-01-22 08:00",25735.75,25739,25704.5,25717.5,-18.75,-0.07%,3816
"2026-01-22 07:45",25691.25,25739.75,25691.25,25736.25,45.25,+0.18%,5233
"2026-01-22 07:30",25702.5,25711.75,25678.25,25691,-12.5,-0.05%,4471
"2026-01-22 07:15",25691.5,25707.5,25691.5,25703.5,12.25,+0.05%,2166
"2026-01-22 07:00",25691.5,25708.5,25677.75,25691.25,-0.25,0.00%,2922
"2026-01-22 06:45",25684,25696.25,25676.5,25691.5,7.25,+0.03%,1325
"2026-01-22 06:30",25683.25,25691.25,25671.25,25684.25,0,0.00%,1611
"2026-01-22 06:15",25667.25,25690.75,25667.25,25684.25,16,+0.06%,1332
"2026-01-22 06:00",25674.75,25684,25659,25668.25,-6.75,-0.03%,2170
"2026-01-22 05:45",25678.25,25684.5,25673.25,25675,-3.,-0.01%,1079
"2026-01-22 05:30",25681.75,25703,25670.75,25678,-3.5,-0.01%,2343
"2026-01-22 05:15",25691.5,25697.25,25667,25681.5,-10.75,-0.04%,2092
"2026-01-22 05:00",25688.75,25714,25687.5,25692.25,4,+0.02%,1873
"2026-01-22 04:45",25687.25,25696,25683,25688.25,0,0.00%,878
"2026-01-22 04:30",25688.25,25698,25685.25,25688.25,0.25,0.00%,831
"2026-01-22 04:15",25686.25,25701.25,25670.5,25688,2.75,+0.01%,2628
"2026-01-22 04:00",25699.25,25703.75,25681.75,25685.25,-13.25,-0.05%,1214
"2026-01-22 03:45",25700.75,25712.75,25693.25,25698.5,-2.5,-0.01%,899
"2026-01-22 03:30",25694,25709.75,25689.5,25701,7,+0.03%,1014
"2026-01-22 03:15",25703.5,25715.75,25687.75,25694,-8.75,-0.03%,1895
"2026-01-22 03:00",25682.5,25706,25672.25,25702.75,19.5,+0.08%,2127
"2026-01-22 02:45",25665.5,25707.25,25656.75,25683.25,17.5,+0.07%,3436
"2026-01-22 02:30",25651.25,25674,25640.5,25665.75,14,+0.05%,2834
"2026-01-22 02:15",25620.25,25669.75,25616,25651.75,32.5,+0.13%,3955
"2026-01-22 02:00",25587.75,25626.75,25583,25619.25,30.75,+0.12%,3567
"2026-01-22 01:45",25588.25,25590,25562.75,25588.5,1,0.00%,1320
"2026-01-22 01:30",25535.25,25593.5,25534,25587.5,53,+0.21%,2302
"2026-01-22 01:15",25516,25536.25,25506.5,25534.5,19,+0.07%,1045
"2026-01-22 01:00",25539.25,25550.25,25499,25515.5,-24.25,-0.09%,1825
"2026-01-22 00:45",25526.5,25546.5,25517,25539.75,13.25,+0.05%,1492
"2026-01-22 00:30",25490,25526.75,25486.75,25526.5,37,+0.15%,1572
"2026-01-22 00:15",25488,25509.5,25483.75,25489.5,1.25,0.00%,1830
"2026-01-22 00:00",25533.5,25548,25486.5,25488.25,-46.,-0.18%,2262
"2026-01-21 23:45",25544,25551,25527.75,25534.25,-9.75,-0.04%,1313
"2026-01-21 23:30",25567.25,25568.75,25536.25,25544,-23.,-0.09%,1427
"2026-01-21 23:15",25567.25,25569,25562,25567,-1.,0.00%,529
"2026-01-21 23:00",25574.75,25577.25,25563.5,25568,-6.5,-0.03%,606
"2026-01-21 22:45",25568.5,25578,25566.25,25574.5,5.5,+0.02%,395
"2026-01-21 22:30",25574.75,25580,25567.75,25569,-6.25,-0.02%,373
"2026-01-21 22:15",25581.75,25582,25566,25575.25,-8.5,-0.03%,616
"2026-01-21 22:00",25589.75,25590.25,25579.25,25583.75,-5.75,-0.02%,522
"2026-01-21 21:45",25579.25,25592,25576.75,25589.5,10.5,+0.04%,467
"2026-01-21 21:30",25585,25588.25,25575.75,25579,-5.75,-0.02%,464
"2026-01-21 21:15",25582.75,25592,25574.75,25584.75,1.75,+0.01%,625
"2026-01-21 21:00",25568.25,25595,25568.25,25583,15,+0.06%,1142
"2026-01-21 20:45",25566.25,25575.25,25565,25568,1.5,+0.01%,643
"2026-01-21 20:30",25583.75,25583.75,25565,25566.5,-17.,-0.07%,857
"2026-01-21 20:15",25593.5,25594.75,25577.75,25583.5,-11.5,-0.04%,1137
"2026-01-21 20:00",25595.25,25602.5,25591,25595,0.5,0.00%,669
"2026-01-21 19:45",25598.25,25601,25586.75,25594.5,-4.25,-0.02%,984
"2026-01-21 19:30",25589.75,25599.75,25585.5,25598.75,8.25,+0.03%,1491
"2026-01-21 19:15",25563.75,25591.75,25560.75,25590.5,27.75,+0.11%,1639
"2026-01-21 19:00",25559.5,25565.25,25552.75,25562.75,4.25,+0.02%,924
"2026-01-21 18:45",25560,25567.5,25551.75,25558.5,-3.,-0.01%,894
"2026-01-21 18:30",25568,25578.5,25546.5,25561.5,-5.5,-0.02%,1521
"2026-01-21 18:15",25567,25583.25,25556,25567,-0.75,0.00%,1856
"2026-01-21 18:00",25553,25570.25,25538.5,25567.75,15.25,+0.06%,1569
"2026-01-21 17:45",25539.5,25559,25536,25552.5,12.5,+0.05%,873
"2026-01-21 17:30",25557.75,25557.75,25523.25,25540,-18.,-0.07%,1482
"2026-01-21 17:15",25545.25,25562.25,25544,25558,12.75,+0.05%,859
"2026-01-21 17:00",25529.5,25569.25,25529.5,25545.25,35.75,+0.14%,2017
"2026-01-21 15:45",25513.25,25513.25,25500,25509.5,-3.5,-0.01%,1652
"2026-01-21 15:30",25513,25515,25501,25513,0.5,0.00%,1291
"2026-01-21 15:15",25524.5,25530.75,25504.25,25512.5,-10.5,-0.04%,2557
"2026-01-21 15:00",25471.75,25528,25470.5,25523,51.5,+0.20%,10035
"2026-01-21 14:45",25483.25,25492.75,25446,25471.5,-12.,-0.05%,29437
"2026-01-21 14:30",25486.5,25515.75,25447.25,25483.5,-3.,-0.01%,20368
"2026-01-21 14:15",25588.75,25593,25485,25486.5,-102.,-0.40%,18653
"2026-01-21 14:00",25639,25653.5,25573.25,25588.5,-50.25,-0.20%,19025
"2026-01-21 13:45",25557.75,25648.25,25557.5,25638.75,81.25,+0.32%,31160
"2026-01-21 13:30",25430.25,25572.75,25421,25557.5,128,+0.50%,38412
"2026-01-21 13:15",25242,25457,25233.25,25429.5,187.5,+0.74%,24800
"2026-01-21 13:00",25282.25,25297,25232.75,25242,-41.25,-0.16%,12388
"2026-01-21 12:45",25219.5,25294.75,25204,25283.25,65.25,+0.26%,16129
"2026-01-21 12:30",25236,25257.75,25205.75,25218,-17.5,-0.07%,12929
"2026-01-21 12:15",25231,25242,25183.5,25235.5,5,+0.02%,13945
"2026-01-21 12:00",25244.75,25251.5,25150.75,25230.5,-15.75,-0.06%,21050
"2026-01-21 11:45",25182.25,25260.75,25166.75,25246.25,64.25,+0.26%,18643
"2026-01-21 11:30",25206,25218.25,25171.75,25182,-23.75,-0.09%,17744
"2026-01-21 11:15",25154.75,25231.75,25142,25205.75,52.75,+0.21%,25850
"2026-01-21 11:00",25229.75,25262.75,25144.25,25153,-76.25,-0.30%,26381
"2026-01-21 10:45",25294,25311.25,25220.5,25229.25,-65.,-0.26%,31800
"2026-01-21 10:30",25458,25460.25,25290.75,25294.25,-163.25,-0.64%,34356
"2026-01-21 10:15",25457,25478,25442.75,25457.5,0.25,0.00%,16223
"2026-01-21 10:00",25469.75,25494.25,25447,25457.25,-12.75,-0.05%,18548
"2026-01-21 09:45",25452,25488,25452,25470,18.5,+0.07%,20670
"2026-01-21 09:30",25380,25460.5,25378,25451.5,72,+0.28%,24567
"2026-01-21 09:15",25328.5,25386.75,25318,25379.5,52,+0.21%,26648
"2026-01-21 09:00",25323.5,25342.25,25294.75,25327.5,2.75,+0.01%,24270
"2026-01-21 08:45",25201,25339.25,25197.25,25324.75,123.75,+0.49%,31328
"2026-01-21 08:30",25196.5,25223.25,25127.5,25201,4,+0.02%,45485
"2026-01-21 08:15",25196.5,25258,25166.75,25197,-1.,0.00%,19351
"2026-01-21 08:00",25083,25213,25072.25,25198,113,+0.45%,21231
"2026-01-21 07:45",25049.25,25125.5,25046,25085,35.5,+0.14%,8718
"2026-01-21 07:30",25075.25,25078,25041,25049.5,-25.75,-0.10%,5665
"2026-01-21 07:15",25096,25100.5,25072,25075.25,-21.,-0.08%,3258
"2026-01-21 07:00",25086.5,25113.25,25070.25,25096.25,10.5,+0.04%,3305
"2026-01-21 06:45",25053,25089.75,25032.75,25085.75,32,+0.13%,3335
"2026-01-21 06:30",25071.25,25075.5,25041,25053.75,-17.5,-0.07%,2938
"2026-01-21 06:15",25059.5,25089.25,25048.25,25071.25,13.25,+0.05%,2918
"2026-01-21 06:00",25047,25071.25,25025,25058,12.5,+0.05%,4766
"2026-01-21 05:45",25118.5,25119,25040.5,25045.5,-72.5,-0.29%,5861
"2026-01-21 05:30",25144.25,25158,25109,25118,-24.,-0.10%,2468
"2026-01-21 05:15",25138.25,25159.25,25135,25142,3.25,+0.01%,2097
"2026-01-21 05:00",25153,25154.5,25134.25,25138.75,-14.5,-0.06%,1593
"2026-01-21 04:45",25183.25,25188,25151.5,25153.25,-29.25,-0.12%,1203
"2026-01-21 04:30",25177.5,25188.25,25171.5,25182.5,5.75,+0.02%,1257
"2026-01-21 04:15",25159.75,25183.25,25152,25176.75,18.5,+0.07%,1856
"2026-01-21 04:00",25129.5,25166,25121.75,25158.25,29.25,+0.12%,2404
"2026-01-21 03:45",25175.75,25176,25128.75,25129,-46.75,-0.19%,3073
"2026-01-21 03:30",25196,25196.25,25170.5,25175.75,-20.75,-0.08%,1933
"2026-01-21 03:15",25208.75,25216.5,25182.5,25196.5,-13.5,-0.05%,1617
"2026-01-21 03:00",25204.5,25225.25,25193,25210,5.25,+0.02%,2270
"2026-01-21 02:45",25225.5,25228.5,25203.5,25204.75,-20.5,-0.08%,1235
"2026-01-21 02:30",25221.25,25227.5,25208.25,25225.25,4.25,+0.02%,1100
"2026-01-21 02:15",25198.25,25234,25197.5,25221,23.75,+0.09%,1729
"2026-01-21 02:00",25212.5,25223.25,25194.25,25197.25,-16.25,-0.06%,1745
"2026-01-21 01:45",25230.75,25231.25,25205,25213.5,-17.75,-0.07%,1329
"2026-01-21 01:30",25240.5,25240.75,25229.5,25231.25,-9.25,-0.04%,832
"2026-01-21 01:15",25233.75,25246.5,25232.75,25240.5,7.5,+0.03%,1793
"2026-01-21 01:00",25196.25,25235.25,25193.25,25233,36.75,+0.15%,2253
"2026-01-21 00:45",25215.5,25215.5,25191.75,25196.25,-20.,-0.08%,1116
"2026-01-21 00:30",25220.25,25231.5,25212.75,25216.25,-3.,-0.01%,1488
"2026-01-21 00:15",25226,25228,25209.25,25219.25,-6.,-0.02%,1089
"2026-01-21 00:00",25219.75,25230.25,25213,25225.25,5,+0.02%,1479
"2026-01-20 23:45",25224.5,25225.25,25216,25220.25,-4.25,-0.02%,894
"2026-01-20 23:30",25210,25225.5,25210,25224.5,14,+0.06%,728
"2026-01-20 23:15",25217.25,25218.5,25200.75,25210.5,-7.5,-0.03%,937
"2026-01-20 23:00",25197.25,25220,25184.75,25218,21,+0.08%,1381
"2026-01-20 22:45",25201.75,25206.5,25193,25197,-3.75,-0.01%,700
"2026-01-20 22:30",25206,25212,25198,25200.75,-6.,-0.02%,895
"2026-01-20 22:15",25196.5,25213.25,25183,25206.75,10.5,+0.04%,1049
"2026-01-20 22:00",25196.75,25212,25194,25196.25,-1.25,0.00%,914
"2026-01-20 21:45",25203.25,25212.5,25186,25197.5,-6.5,-0.03%,1577
"2026-01-20 21:30",25222.25,25226.25,25201.75,25204,-17.25,-0.07%,1890
"2026-01-20 21:15",25204.75,25227.5,25202.75,25221.25,16,+0.06%,1967
"2026-01-20 21:00",25179.75,25207.75,25178.75,25205.25,26.25,+0.10%,1418
"2026-01-20 20:45",25187.5,25190,25179,25179,-8.5,-0.03%,724
"2026-01-20 20:30",25178,25191.5,25168,25187.5,9.25,+0.04%,1629
"2026-01-20 20:15",25205.75,25209,25177.25,25178.25,-28.75,-0.11%,1853
"2026-01-20 20:00",25202.25,25209,25193.5,25207,5,+0.02%,981
"2026-01-20 19:45",25213.5,25216.25,25201,25202,-10.5,-0.04%,1029
"2026-01-20 19:30",25211.5,25218.75,25197.5,25212.5,1.25,0.00%,1711
"2026-01-20 19:15",25201.5,25217.5,25197,25211.25,9,+0.04%,1984
"2026-01-20 19:00",25179,25203,25179,25202.25,23.25,+0.09%,1470
"2026-01-20 18:45",25173.25,25186,25171.5,25179,5,+0.02%,1863
"2026-01-20 18:30",25157.75,25183,25154,25174,17,+0.07%,1874
"2026-01-20 18:15",25142.25,25158.75,25132.75,25157,16,+0.06%,1062
"2026-01-20 18:00",25117.25,25150,25116.25,25141,24.5,+0.10%,1653
"2026-01-20 17:45",25161.5,25161.5,25103.5,25116.5,-45.5,-0.18%,2458
"2026-01-20 17:30",25155,25164.5,25150.75,25162,8.25,+0.03%,531
"2026-01-20 17:15",25159.75,25162.5,25150,25153.75,-5.75,-0.02%,785
"2026-01-20 17:00",25149.5,25175.25,25137.25,25159.5,16.75,+0.07%,2076
"2026-01-20 15:45",25133.25,25145.75,25131.25,25142.75,9.25,+0.04%,1925
"2026-01-20 15:30",25143.25,25143.5,25122.5,25133.5,-10.5,-0.04%,2093
"2026-01-20 15:15",25163,25165.5,25134.5,25144,-19.,-0.08%,2951
"2026-01-20 15:00",25142.5,25167.25,25127.25,25163,20,+0.08%,12160
"2026-01-20 14:45",25121,25143.75,25098,25143,22.25,+0.09%,34000
"2026-01-20 14:30",25129.25,25143,25104,25120.75,-8.75,-0.03%,16125
"2026-01-20 14:15",25122,25169.75,25116,25129.5,8,+0.03%,18313
"2026-01-20 14:00",25169.25,25169.25,25117.75,25121.5,-47.75,-0.19%,12224
"2026-01-20 13:45",25149.25,25177.25,25141.5,25169.25,19.5,+0.08%,11426
"2026-01-20 13:30",25161,25179.25,25128,25149.75,-11.5,-0.05%,16801
"2026-01-20 13:15",25193.5,25193.75,25149.25,25161.25,-31.75,-0.13%,12245
"2026-01-20 13:00",25199,25225,25179,25193,-6.25,-0.02%,11941
"2026-01-20 12:45",25209.25,25221,25170.5,25199.25,-10.75,-0.04%,14465
"2026-01-20 12:30",25247.5,25256,25201.75,25210,-37.75,-0.15%,14778
"2026-01-20 12:15",25284.25,25286.75,25244,25247.75,-37.25,-0.15%,8368
"2026-01-20 12:00",25293,25311.25,25274.75,25285,-7.75,-0.03%,9171
"2026-01-20 11:45",25291.75,25302.5,25257.5,25292.75,0.5,0.00%,14891
"2026-01-20 11:30",25339,25339,25291,25292.25,-47.,-0.19%,15816
"2026-01-20 11:15",25361,25371.25,25326.75,25339.25,-22.25,-0.09%,12289
"2026-01-20 11:00",25398.75,25406.75,25345.25,25361.5,-37.,-0.15%,14201
"2026-01-20 10:45",25353.75,25413.75,25335.75,25398.5,45,+0.18%,21046
"2026-01-20 10:30",25404.25,25429.75,25351,25353.5,-50.75,-0.20%,15808
"2026-01-20 10:15",25398.5,25407,25333.75,25404.25,5.25,+0.02%,17574
"2026-01-20 10:00",25363,25428.25,25358.25,25399,36.25,+0.14%,20445
"2026-01-20 09:45",25388.75,25392.75,25313.25,25362.75,-26.,-0.10%,23155
"2026-01-20 09:30",25361.75,25417,25347.75,25388.75,27.5,+0.11%,22688
"2026-01-20 09:15",25284,25363.5,25254.75,25361.25,76.75,+0.30%,25205
"2026-01-20 09:00",25322,25333,25260.25,25284.5,-40.25,-0.16%,24271
"2026-01-20 08:45",25333.75,25368.5,25267.25,25324.75,-9.25,-0.04%,36684
"2026-01-20 08:30",25243.5,25357.25,25233.75,25334,91.25,+0.36%,57702
"2026-01-20 08:15",25235,25253.25,25201.5,25242.75,7.75,+0.03%,8259
"2026-01-20 08:00",25211.75,25244,25206.5,25235,22.5,+0.09%,4748
"2026-01-20 07:45",25213.5,25236,25203.75,25212.5,-0.25,0.00%,5169
"2026-01-20 07:30",25248.5,25251,25181,25212.75,-34.5,-0.14%,12698
"2026-01-20 07:15",25226.5,25277.25,25223.5,25247.25,20.75,+0.08%,4784
"2026-01-20 07:00",25258,25273.75,25223,25226.5,-30.25,-0.12%,3966
"2026-01-20 06:45",25272.75,25283.75,25250.75,25256.75,-14.5,-0.06%,3753
"2026-01-20 06:30",25233.5,25276,25226.75,25271.25,37,+0.15%,2805
"2026-01-20 06:15",25247,25255.5,25213.25,25234.25,-14.,-0.06%,3508
"2026-01-20 06:00",25204.75,25254,25191.75,25248.25,42.75,+0.17%,3987
"2026-01-20 05:45",25194.75,25221,25182,25205.5,11.5,+0.05%,1717
"2026-01-20 05:30",25200.5,25204.75,25175.25,25194,-7.25,-0.03%,1858
"2026-01-20 05:15",25198.25,25228,25174.5,25201.25,3,+0.01%,2858
"2026-01-20 05:00",25174.75,25210.5,25172.75,25198.25,22.25,+0.09%,1951
"2026-01-20 04:45",25187.75,25198.75,25173.25,25176,-11.5,-0.05%,1469
"2026-01-20 04:30",25196.5,25204,25166.25,25187.5,-8.,-0.03%,2310
"2026-01-20 04:15",25163.75,25207.5,25162.5,25195.5,32.25,+0.13%,3387
"2026-01-20 04:00",25134.5,25168.25,25109.5,25163.25,29,+0.12%,2675
"2026-01-20 03:45",25127.5,25139.75,25095.25,25134.25,6.75,+0.03%,3748
"2026-01-20 03:30",25143.25,25144.5,25101.25,25127.5,-16.,-0.06%,4831
"2026-01-20 03:15",25176,25184.5,25130,25143.5,-33.5,-0.13%,4951
"2026-01-20 03:00",25201.75,25220.25,25167,25177,-24.,-0.10%,4396
"2026-01-20 02:45",25202.5,25226.75,25194.75,25201,-0.5,0.00%,3180
"2026-01-20 02:30",25235.75,25235.75,25166.75,25201.5,-35.75,-0.14%,5801
"2026-01-20 02:15",25260.75,25264.25,25225.25,25237.25,-22.,-0.09%,3292
"2026-01-20 02:00",25284,25288.25,25228,25259.25,-25.,-0.10%,5017
"2026-01-20 01:45",25272.75,25294.75,25257.25,25284.25,11,+0.04%,1741
"2026-01-20 01:30",25296.25,25301.25,25273,25273.25,-24.,-0.09%,1390
"2026-01-20 01:15",25287.25,25301.25,25256.75,25297.25,9.25,+0.04%,2622
"2026-01-20 01:00",25311,25320.5,25287.25,25288,-22.5,-0.09%,2571
"2026-01-20 00:45",25294,25314.25,25260,25310.5,17.25,+0.07%,2974
"2026-01-20 00:30",25303.5,25315.5,25269.5,25293.25,-9.5,-0.04%,3328
"2026-01-20 00:15",25352.75,25352.75,25293.75,25302.75,-50.25,-0.20%,3308
"2026-01-20 00:00",25382.5,25390.5,25343,25353,-30.5,-0.12%,1765
"2026-01-19 23:45",25384.25,25399.5,25382,25383.5,-2.,-0.01%,807
"2026-01-19 23:30",25408,25412.5,25380.25,25385.5,-21.,-0.08%,1034
"2026-01-19 23:15",25384.5,25412,25375.25,25406.5,23,+0.09%,927
"2026-01-19 23:00",25379.75,25392.75,25367.25,25383.5,2.75,+0.01%,1233
"2026-01-19 22:45",25393.5,25400.5,25370,25380.75,-12.,-0.05%,1196
"2026-01-19 22:30",25402.75,25410.25,25391.75,25392.75,-10.25,-0.04%,640
"2026-01-19 22:15",25397.5,25404.5,25391.75,25403,4.5,+0.02%,630
"2026-01-19 22:00",25409,25412,25393.75,25398.5,-11.5,-0.05%,833
"2026-01-19 21:45",25407.75,25420.75,25402.5,25410,1.75,+0.01%,838
"2026-01-19 21:30",25417.25,25420.25,25405.75,25408.25,-10.,-0.04%,864
"2026-01-19 21:15",25426.5,25430,25413.75,25418.25,-8.25,-0.03%,891
"2026-01-19 21:00",25424.75,25431.5,25413,25426.5,2,+0.01%,931
"2026-01-19 20:45",25430.25,25439.75,25423.5,25424.5,-4.25,-0.02%,999
"2026-01-19 20:30",25409,25432.75,25409,25428.75,22.75,+0.09%,1348
"2026-01-19 20:15",25416.75,25418,25391.5,25406,-10.75,-0.04%,1474
"2026-01-19 20:00",25420,25435.5,25412.75,25416.75,-3.5,-0.01%,1224
"2026-01-19 19:45",25418,25432.5,25415.25,25420.25,2.5,+0.01%,1023
"2026-01-19 19:30",25419.75,25427.25,25412.75,25417.75,-3.,-0.01%,1190
"2026-01-19 19:15",25393.75,25423.25,25388,25420.75,26.75,+0.11%,2261
"2026-01-19 19:00",25362.25,25398.5,25362.25,25394,32.75,+0.13%,2681
"2026-01-19 18:45",25399.5,25403.5,25350.5,25361.25,-37.5,-0.15%,1509
"2026-01-19 18:30",25332.5,25404.25,25329.25,25398.75,66.25,+0.26%,2368
"2026-01-19 18:15",25348.25,25351.25,25323.75,25332.5,-17.,-0.07%,1947
"2026-01-19 18:00",25379,25381.25,25344.5,25349.5,-28.5,-0.11%,1785
"2026-01-19 17:45",25385.25,25397.75,25372.75,25378,-7.75,-0.03%,772
"2026-01-19 17:30",25388.75,25401.5,25379.25,25385.75,-2.25,-0.01%,796
"2026-01-19 17:15",25374.75,25389.5,25367.25,25388,12.75,+0.05%,1274
"2026-01-19 17:00",25394.75,25405,25373,25375.25,-23.,-0.09%,1970
"2026-01-19 11:45",25408.75,25417.25,25396.25,25398.25,-10.,-0.04%,2146
"2026-01-19 11:30",25409,25413.75,25393.5,25408.25,-0.25,0.00%,2107
"2026-01-19 11:15",25389.5,25411.5,25385,25408.5,20.5,+0.08%,3046
"2026-01-19 11:00",25378.5,25398,25372,25388,9.75,+0.04%,3009
"2026-01-19 10:45",25371.25,25383.5,25371.25,25378.25,7.25,+0.03%,2587
"2026-01-19 10:30",25335.75,25375.75,25334.25,25371,34.5,+0.14%,4827
"2026-01-19 10:15",25380,25383.5,25325.5,25336.5,-43.,-0.17%,6547
"2026-01-19 10:00",25327.75,25379.5,25321,25379.5,52,+0.21%,6243
"2026-01-19 09:45",25322,25332.5,25301.5,25327.5,6.25,+0.02%,3791
"2026-01-19 09:30",25319,25334.25,25299,25321.25,3,+0.01%,5424
"2026-01-19 09:15",25323.5,25329.75,25287,25318.25,-5.,-0.02%,6006
"2026-01-19 09:00",25316,25344,25312.25,25323.25,7.25,+0.03%,5727
"2026-01-19 08:45",25245.75,25317.75,25236.5,25316,70.5,+0.28%,7545
"2026-01-19 08:30",25291.25,25297,25240.25,25245.5,-47.5,-0.19%,7723
"2026-01-19 08:15",25309.5,25314.75,25281.5,25293,-16.25,-0.06%,3140
"2026-01-19 08:00",25318.5,25347.75,25305.25,25309.25,-12.25,-0.05%,3389
"2026-01-19 07:45",25318.75,25333.75,25318,25321.5,0.75,0.00%,1468
"2026-01-19 07:30",25299,25330.5,25290.5,25320.75,20.75,+0.08%,1810
"2026-01-19 07:15",25319,25321,25283.75,25300,-19.25,-0.08%,2687
"2026-01-19 07:00",25329,25344,25318,25319.25,-9.75,-0.04%,1439
"2026-01-19 06:45",25339.5,25348.5,25324,25329,-10.75,-0.04%,1522
"2026-01-19 06:30",25304,25342.25,25294.25,25339.75,36,+0.14%,1979
"2026-01-19 06:15",25292.25,25308.5,25290,25303.75,11,+0.04%,1072
"2026-01-19 06:00",25290.25,25299,25271,25292.75,1.5,+0.01%,1408
"2026-01-19 05:45",25295.5,25300,25279.75,25291.25,-4.25,-0.02%,1078
"2026-01-19 05:30",25314,25317.75,25293,25295.5,-18.,-0.07%,1218
"2026-01-19 05:15",25282,25314.5,25278,25313.5,31.5,+0.12%,1341
"2026-01-19 05:00",25269,25283,25264.5,25282,12,+0.05%,1453
"2026-01-19 04:45",25274.25,25291.25,25265.25,25270,-3.5,-0.01%,1180
"2026-01-19 04:30",25305.75,25309,25269.5,25273.5,-32.75,-0.13%,1362
"2026-01-19 04:15",25297,25312.5,25287.25,25306.25,11,+0.04%,1289
"2026-01-19 04:00",25280.25,25298.75,25257.75,25295.25,14.5,+0.06%,2176
"2026-01-19 03:45",25284.75,25307.75,25262,25280.75,-2.25,-0.01%,2311
"2026-01-19 03:30",25324,25335.75,25272,25283,-41.75,-0.16%,3150
"2026-01-19 03:15",25347,25361.75,25299.5,25324.75,-21.75,-0.09%,3392
"2026-01-19 03:00",25391.75,25396,25336,25346.5,-44.5,-0.18%,1719
"2026-01-19 02:45",25379,25397.25,25373.25,25391,13,+0.05%,788
"2026-01-19 02:30",25382.25,25410.75,25378,25378,-4.25,-0.02%,1344
"2026-01-19 02:15",25356.25,25406.25,25350.75,25382.25,27.5,+0.11%,2417
"2026-01-19 02:00",25352.75,25380,25348,25354.75,3,+0.01%,2603
"2026-01-19 01:45",25327.75,25352.75,25327,25351.75,23,+0.09%,1695
"2026-01-19 01:30",25360,25369.25,25325.75,25328.75,-31.,-0.12%,2310
"2026-01-19 01:15",25382,25385.25,25359.75,25359.75,-22.,-0.09%,1657
"2026-01-19 01:00",25384.75,25392.5,25350,25381.75,-3.,-0.01%,2343
"2026-01-19 00:45",25405.75,25414,25381,25384.75,-20.25,-0.08%,839
"2026-01-19 00:30",25401,25414.25,25391.5,25405,3.75,+0.01%,1037
"2026-01-19 00:15",25409.25,25410,25396,25401.25,-7.,-0.03%,506
"2026-01-19 00:00",25393.25,25410.5,25390.5,25408.25,15,+0.06%,625
"2026-01-18 23:45",25405,25407.5,25393,25393.25,-11.,-0.04%,540
"2026-01-18 23:30",25415.25,25419,25397.25,25404.25,-10.75,-0.04%,725
"2026-01-18 23:15",25381.25,25415.75,25371,25415,34.25,+0.13%,1127
"2026-01-18 23:00",25380,25389.25,25374.5,25380.75,1,0.00%,720
"2026-01-18 22:45",25390,25390.5,25374.75,25379.75,-10.,-0.04%,396
"2026-01-18 22:30",25389.25,25395,25385,25389.75,1,0.00%,410
"2026-01-18 22:15",25377.5,25391.75,25373.5,25388.75,9.75,+0.04%,477
"2026-01-18 22:00",25388.25,25392.5,25371.75,25379,-8.,-0.03%,580
"2026-01-18 21:45",25388.25,25393.25,25363,25387,-0.75,0.00%,1321
"2026-01-18 21:30",25381.5,25395,25371.5,25387.75,6.5,+0.03%,1032
"2026-01-18 21:15",25402.25,25408.5,25368,25381.25,-21.,-0.08%,1664
"2026-01-18 21:00",25415.75,25418.25,25397.5,25402.25,-15.25,-0.06%,813
"2026-01-18 20:45",25414.75,25419.5,25408,25417.5,3.5,+0.01%,645
"2026-01-18 20:30",25412,25418.25,25407.5,25414,3,+0.01%,454
"2026-01-18 20:15",25415.75,25420,25407.75,25411,-5.,-0.02%,715
"2026-01-18 20:00",25399.25,25424.75,25392,25416,18.25,+0.07%,1705
"2026-01-18 19:45",25406,25411.75,25386.5,25397.75,-6.25,-0.02%,2014
"2026-01-18 19:30",25408.75,25422.75,25400.5,25404,-2.75,-0.01%,1157
"2026-01-18 19:15",25435.5,25452,25399,25406.75,-28.75,-0.11%,2067
"2026-01-18 19:00",25428.75,25440.5,25407,25435.5,8,+0.03%,1512
"2026-01-18 18:45",25437.75,25448.75,25422,25427.5,-9.75,-0.04%,1353
"2026-01-18 18:30",25388,25445,25373.25,25437.25,51,+0.20%,3021
"2026-01-18 18:15",25426.75,25428,25378.75,25386.25,-42.75,-0.17%,3585
"2026-01-18 18:00",25466.25,25470,25420.25,25429,-37.75,-0.15%,2130
"2026-01-18 17:45",25442,25468.75,25421.75,25466.75,26,+0.10%,1728
"2026-01-18 17:30",25440,25455,25430,25440.75,0.25,0.00%,1612
"2026-01-18 17:15",25440.75,25450,25404.25,25440.5,0.5,0.00%,2980
"2026-01-18 17:00",25471,25472,25396,25440,-241.25,-0.94%,5571
"2026-01-16 15:45",25683.5,25689.75,25680,25681.25,-1.75,-0.01%,1586
"2026-01-16 15:30",25686,25686,25680,25683,-3.25,-0.01%,769
"2026-01-16 15:15",25679.25,25688,25677.5,25686.25,7,+0.03%,1691
"2026-01-16 15:00",25684.25,25702.25,25671,25679.25,-5.25,-0.02%,10333
"2026-01-16 14:45",25708.25,25716,25681.5,25684.5,-24.,-0.09%,30011
"2026-01-16 14:30",25711.25,25722.5,25695.5,25708.5,-3.,-0.01%,12707
"2026-01-16 14:15",25722,25729.5,25710,25711.5,-10.75,-0.04%,6280
"2026-01-16 14:00",25715.75,25727,25704,25722.25,6,+0.02%,6641
"2026-01-16 13:45",25709.5,25729.25,25708,25716.25,6.75,+0.03%,6884
"2026-01-16 13:30",25681.75,25722.5,25678.75,25709.5,28.25,+0.11%,9013
"2026-01-16 13:15",25694.5,25701.5,25672.75,25681.25,-13.75,-0.05%,10581
"2026-01-16 13:00",25716.25,25748,25691.5,25695,-21.5,-0.08%,12126
"2026-01-16 12:45",25719,25726,25709.75,25716.5,-3.,-0.01%,4789
"2026-01-16 12:30",25719.5,25732.25,25710.5,25719.5,0,0.00%,4891
"2026-01-16 12:15",25693.25,25729.25,25693.25,25719.5,25.25,+0.10%,9178
"2026-01-16 12:00",25660.75,25703.25,25654,25694.25,34.25,+0.13%,9633
"2026-01-16 11:45",25700.5,25700.5,25657.75,25660,-40.75,-0.16%,9927
"2026-01-16 11:30",25700.5,25713.5,25676,25700.75,-0.75,0.00%,8771
"2026-01-16 11:15",25709,25717.25,25695.25,25701.5,-8.,-0.03%,7721
"2026-01-16 11:00",25716.5,25721.5,25700.75,25709.5,-7.,-0.03%,8898
"2026-01-16 10:45",25738,25752.75,25686.5,25716.5,-21.25,-0.08%,16476
"2026-01-16 10:30",25717,25743,25713.25,25737.75,21.5,+0.08%,12914
"2026-01-16 10:15",25690,25719.75,25679.75,25716.25,26.25,+0.10%,11557
"2026-01-16 10:00",25680.25,25705,25661,25690,9.5,+0.04%,16088
"2026-01-16 09:45",25623.25,25682.25,25600.5,25680.5,57.5,+0.22%,23208
"2026-01-16 09:30",25668.75,25674.75,25591.5,25623,-45.25,-0.18%,28675
"2026-01-16 09:15",25720.5,25729.5,25663.75,25668.25,-52.75,-0.21%,28591
"2026-01-16 09:00",25729,25765.5,25709.5,25721,-7.5,-0.03%,27497
"2026-01-16 08:45",25820.75,25844,25726.25,25728.5,-92.,-0.36%,28923
"2026-01-16 08:30",25868,25891,25819.75,25820.5,-48.,-0.19%,38638
"2026-01-16 08:15",25839.25,25878,25826.25,25868.5,29.5,+0.11%,11711
"2026-01-16 08:00",25826,25842,25823,25839,12.5,+0.05%,3298
"2026-01-16 07:45",25822.75,25835.5,25822,25826.5,3.75,+0.01%,2409
"2026-01-16 07:30",25823.25,25838.5,25808.75,25822.75,-1.5,-0.01%,3274
"2026-01-16 07:15",25816.5,25827,25802,25824.25,8.5,+0.03%,2661
"2026-01-16 07:00",25830.25,25834.25,25811,25815.75,-15.25,-0.06%,1871
"2026-01-16 06:45",25845.5,25853,25805.75,25831,-14.75,-0.06%,3195
"2026-01-16 06:30",25834,25847.25,25822.5,25845.75,11.75,+0.05%,1405
"2026-01-16 06:15",25836.75,25841,25820.75,25834,-3.,-0.01%,1119
"2026-01-16 06:00",25832.75,25843.75,25822,25837,3.75,+0.01%,1316
"2026-01-16 05:45",25850.5,25853.75,25825.75,25833.25,-18.,-0.07%,1612
"2026-01-16 05:30",25867.75,25868.5,25850.25,25851.25,-16.25,-0.06%,757
"2026-01-16 05:15",25862.25,25873.25,25860.25,25867.5,6,+0.02%,1383
"2026-01-16 05:00",25855.5,25863.5,25847,25861.5,6.5,+0.03%,713
"2026-01-16 04:45",25854.75,25864.25,25848.75,25855,0.5,0.00%,1340
"2026-01-16 04:30",25837.5,25857,25837,25854.5,17.75,+0.07%,1329
"2026-01-16 04:15",25826.5,25841.75,25823.25,25836.75,8.75,+0.03%,900
"2026-01-16 04:00",25815.5,25832.5,25810.25,25828,12.5,+0.05%,1021
"2026-01-16 03:45",25828,25831.5,25813.75,25815.5,-12.5,-0.05%,764
"2026-01-16 03:30",25839.75,25842.5,25823.5,25828,-11.5,-0.04%,743
"2026-01-16 03:15",25832.25,25840.75,25810,25839.5,7,+0.03%,1172
"2026-01-16 03:00",25816.25,25840,25816.25,25832.5,15.25,+0.06%,1006
"2026-01-16 02:45",25809.5,25834.25,25806,25817.25,6.5,+0.03%,1523
"2026-01-16 02:30",25817.5,25821,25795.5,25810.75,-6.5,-0.03%,1479
"2026-01-16 02:15",25828.25,25837,25813.25,25817.25,-9.75,-0.04%,1163
"2026-01-16 02:00",25823.5,25845.25,25823.25,25827,2.5,+0.01%,1417
"2026-01-16 01:45",25824.25,25838,25823,25824.5,0,0.00%,1023
"2026-01-16 01:30",25822.75,25825.5,25807.5,25824.5,2,+0.01%,817
"2026-01-16 01:15",25819.25,25829.75,25815.25,25822.5,2.75,+0.01%,604
"2026-01-16 01:00",25823.75,25827.5,25816.25,25819.75,-3.25,-0.01%,585
"2026-01-16 00:45",25817.25,25827,25816.25,25823,6,+0.02%,540
"2026-01-16 00:30",25812.5,25820.75,25809.5,25817,4.25,+0.02%,673
"2026-01-16 00:15",25811.5,25821,25807.25,25812.75,0.5,0.00%,595
"2026-01-16 00:00",25808,25815,25803.25,25812.25,4.5,+0.02%,611
"2026-01-15 23:45",25806.25,25810.75,25804.5,25807.75,1.5,+0.01%,373
"2026-01-15 23:30",25818.25,25820.25,25804.25,25806.25,-12.,-0.05%,719
"2026-01-15 23:15",25805.75,25820.25,25803.75,25818.25,11.75,+0.05%,695
"2026-01-15 23:00",25810,25814,25803,25806.5,-3.,-0.01%,612
"2026-01-15 22:45",25799.5,25811,25799.5,25809.5,10.25,+0.04%,342
"2026-01-15 22:30",25801.75,25803.5,25795.75,25799.25,-3.25,-0.01%,425
"2026-01-15 22:15",25792.75,25810,25790,25802.5,10.5,+0.04%,840
"2026-01-15 22:00",25787.25,25793.5,25784.75,25792,5.5,+0.02%,361
"2026-01-15 21:45",25788.75,25792.5,25784,25786.5,-2.75,-0.01%,424
"2026-01-15 21:30",25789.5,25795.75,25787.75,25789.25,-1.,0.00%,443
"2026-01-15 21:15",25791,25800,25788.25,25790.25,-0.75,0.00%,553
"2026-01-15 21:00",25787.75,25793.75,25785.5,25791,3.75,+0.01%,414
"2026-01-15 20:45",25790.5,25795.5,25786.5,25787.25,-2.75,-0.01%,499
"2026-01-15 20:30",25788.5,25797,25786.75,25790,0.5,0.00%,937
"2026-01-15 20:15",25785.75,25789.5,25780,25789.5,3.75,+0.01%,638
"2026-01-15 20:00",25769.75,25787,25762.5,25785.75,16.25,+0.06%,1063
"2026-01-15 19:45",25771.5,25775.75,25767.25,25769.5,-1.,0.00%,596
"2026-01-15 19:30",25760,25783.25,25759.5,25770.5,10,+0.04%,1586
"2026-01-15 19:15",25759.75,25767.75,25748.5,25760.5,0.5,0.00%,1459
"2026-01-15 19:00",25760,25776.5,25757.25,25760,-0.75,0.00%,1313
"2026-01-15 18:45",25756.75,25762.25,25752.5,25760.75,4.25,+0.02%,701
"2026-01-15 18:30",25749.5,25756.5,25747,25756.5,7,+0.03%,636
"2026-01-15 18:15",25738,25749.75,25737.25,25749.5,10.5,+0.04%,621
"2026-01-15 18:00",25741,25754,25731,25739,-2.5,-0.01%,1272
"2026-01-15 17:45",25732.75,25750.75,25728.75,25741.5,9,+0.03%,1008
"2026-01-15 17:30",25732.5,25735.5,25722.25,25732.5,0.25,0.00%,578
"2026-01-15 17:15",25723.5,25733.75,25720.75,25732.25,9,+0.03%,815
"2026-01-15 17:00",25720.5,25724.25,25704.25,25723.25,16.25,+0.06%,1327
"2026-01-15 15:45",25705.25,25709.5,25703,25707,1.75,+0.01%,1320
"2026-01-15 15:30",25699.5,25708,25695,25705.25,5.5,+0.02%,1180
"2026-01-15 15:15",25701.75,25706.75,25693.75,25699.75,-2.25,-0.01%,1649
"2026-01-15 15:00",25719,25727.25,25699.75,25702,-17.,-0.07%,9345
"2026-01-15 14:45",25711.25,25723,25676.5,25719,8,+0.03%,26100
"2026-01-15 14:30",25719,25726.25,25687,25711,-7.75,-0.03%,16245
"2026-01-15 14:15",25750.75,25751.25,25690.5,25718.75,-32.25,-0.13%,21139
"2026-01-15 14:00",25756,25771.75,25731,25751,-6.5,-0.03%,14482
"2026-01-15 13:45",25788.5,25799,25746.25,25757.5,-31.,-0.12%,14703
"2026-01-15 13:30",25799,25804.75,25753.25,25788.5,-11.5,-0.04%,22530
"2026-01-15 13:15",25839.5,25848.25,25791,25800,-40.,-0.15%,15191
"2026-01-15 13:00",25885,25885,25821.25,25840,-46.,-0.18%,14939
"2026-01-15 12:45",25895.5,25899.75,25878,25886,-9.,-0.03%,6315
"2026-01-15 12:30",25896.5,25911,25887.5,25895,-2.25,-0.01%,8093
"2026-01-15 12:15",25884,25898.25,25871.25,25897.25,13.25,+0.05%,6492
"2026-01-15 12:00",25853.25,25897.5,25848.75,25884,30.5,+0.12%,9872
"2026-01-15 11:45",25881,25894.75,25849.25,25853.5,-28.25,-0.11%,10422
"2026-01-15 11:30",25881,25889,25860,25881.75,1.25,0.00%,10201
"2026-01-15 11:15",25908,25912,25877.5,25880.5,-26.75,-0.10%,9738
"2026-01-15 11:00",25924.5,25938,25905.75,25907.25,-17.5,-0.07%,9121
"2026-01-15 10:45",25915.5,25937.25,25902.5,25924.75,9.75,+0.04%,12738
"2026-01-15 10:30",25904.75,25920,25882,25915,10,+0.04%,10625
"2026-01-15 10:15",25895,25932,25886.25,25905,10.5,+0.04%,13937
"2026-01-15 10:00",25884.5,25915.75,25877.25,25894.5,10.25,+0.04%,15481
"2026-01-15 09:45",25851.5,25888.5,25803.25,25884.25,32.5,+0.13%,30028
"2026-01-15 09:30",25863,25925.75,25849,25851.75,-11.,-0.04%,20923
"2026-01-15 09:15",25880.75,25915.75,25843.25,25862.75,-17.25,-0.07%,20700
"2026-01-15 09:00",25863.5,25892.5,25841.5,25880,16,+0.06%,22057
"2026-01-15 08:45",25926.75,25952.75,25843,25864,-62.75,-0.24%,32612
"2026-01-15 08:30",25925,25946.25,25853.5,25926.75,2,+0.01%,52860
"2026-01-15 08:15",25900.25,25951,25894.25,25924.75,24.5,+0.09%,11126
"2026-01-15 08:00",25893.75,25921,25891.25,25900.25,6.5,+0.03%,4928
"2026-01-15 07:45",25893.5,25916.75,25892.25,25893.75,0.5,0.00%,5001
"2026-01-15 07:30",25868.25,25894,25855.5,25893.25,24.5,+0.09%,5642
"2026-01-15 07:15",25860.75,25873.5,25852.25,25868.75,8,+0.03%,1869
"2026-01-15 07:00",25852,25869.75,25834,25860.75,8,+0.03%,3667
"2026-01-15 06:45",25833,25854.25,25830,25852.75,20,+0.08%,2440
"2026-01-15 06:30",25830.75,25833.5,25811.25,25832.75,2,+0.01%,1812
"2026-01-15 06:15",25829.5,25835.75,25815.75,25830.75,1.25,0.00%,2361
"2026-01-15 06:00",25841.25,25844.5,25827.75,25829.5,-13.,-0.05%,1782
"2026-01-15 05:45",25838,25855.75,25838,25842.5,4,+0.02%,1132
"2026-01-15 05:30",25833.25,25850.75,25830,25838.5,5.25,+0.02%,1435
"2026-01-15 05:15",25845.75,25847.5,25832.25,25833.25,-12.75,-0.05%,1310
"2026-01-15 05:00",25817.75,25848,25816.25,25846,29,+0.11%,2083
"2026-01-15 04:45",25823.75,25828.25,25812.25,25817,-6.25,-0.02%,900
"2026-01-15 04:30",25813.5,25823.25,25809,25823.25,10.25,+0.04%,830
"2026-01-15 04:15",25825.5,25826,25800,25813,-12.25,-0.05%,1783
"2026-01-15 04:00",25812.25,25830.25,25810.5,25825.25,12.5,+0.05%,1565
"2026-01-15 03:45",25828.5,25832.75,25806.75,25812.75,-15.5,-0.06%,2034
"2026-01-15 03:30",25804.5,25832.75,25804,25828.25,24.5,+0.09%,3236
"2026-01-15 03:15",25777.25,25808.25,25762.5,25803.75,27.75,+0.11%,3271
"2026-01-15 03:00",25737.5,25780.25,25733.25,25776,37.75,+0.15%,3025
"2026-01-15 02:45",25732,25742,25718.25,25738.25,7,+0.03%,1299
"2026-01-15 02:30",25712.25,25733.5,25710.25,25731.25,17.75,+0.07%,1382
"2026-01-15 02:15",25719.75,25731.25,25704.25,25713.5,-6.,-0.02%,2382
"2026-01-15 02:00",25689,25747.25,25673.75,25719.5,30.5,+0.12%,4092
"2026-01-15 01:45",25686,25700.5,25677.75,25689,3.5,+0.01%,1709
"2026-01-15 01:30",25683.75,25702.5,25681.25,25685.5,1.75,+0.01%,1073
"2026-01-15 01:15",25693.25,25697.5,25678.5,25683.75,-9.25,-0.04%,1220
"2026-01-15 01:00",25700.5,25708,25686.25,25693,-7.75,-0.03%,1331
"2026-01-15 00:45",25721.5,25722.25,25700,25700.75,-20.75,-0.08%,1415
"2026-01-15 00:30",25699.5,25723,25685.5,25721.5,22.25,+0.09%,2092
"2026-01-15 00:15",25645.25,25719.25,25644.75,25699.25,54,+0.21%,5156
"2026-01-15 00:00",25622,25655,25611.25,25645.25,22.5,+0.09%,2025
"2026-01-14 23:45",25637.5,25647.5,25619.25,25622.75,-14.25,-0.06%,1479
"2026-01-14 23:30",25611.5,25637,25608.75,25637,26.25,+0.10%,2125
"2026-01-14 23:15",25609,25619.5,25604.75,25610.75,2.5,+0.01%,1209
"2026-01-14 23:00",25578,25613.25,25576.5,25608.25,30,+0.12%,1440
"2026-01-14 22:45",25584.75,25586.75,25569.5,25578.25,-6.5,-0.03%,750
"2026-01-14 22:30",25591,25593,25576.25,25584.75,-5.5,-0.02%,831
"2026-01-14 22:15",25592.25,25599.75,25579.5,25590.25,-1.75,-0.01%,1114
"2026-01-14 22:00",25581.5,25594,25577.5,25592,10.5,+0.04%,824
"2026-01-14 21:45",25601,25604,25579.5,25581.5,-19.5,-0.08%,931
"2026-01-14 21:30",25597,25615.5,25588,25601,3.25,+0.01%,1182
"2026-01-14 21:15",25615,25624.75,25596,25597.75,-17.5,-0.07%,982
"2026-01-14 21:00",25609.75,25627.25,25609.75,25615.25,6.25,+0.02%,523
"2026-01-14 20:45",25606.5,25617.25,25597,25609,2.25,+0.01%,539
"2026-01-14 20:30",25607.75,25615,25595.75,25606.75,-0.25,0.00%,690
"2026-01-14 20:15",25627.5,25634.25,25605.5,25607,-20.,-0.08%,1058
"2026-01-14 20:00",25630.25,25632.75,25619.5,25627,-2.75,-0.01%,856
"2026-01-14 19:45",25606.25,25632.5,25603.5,25629.75,24.5,+0.10%,977
"2026-01-14 19:30",25614.75,25619.5,25562.5,25605.25,-9.25,-0.04%,3442
"2026-01-14 19:15",25620,25623.75,25604,25614.5,-5.75,-0.02%,1333
"2026-01-14 19:00",25602.5,25643,25601.5,25620.25,17,+0.07%,2476
"2026-01-14 18:45",25599.5,25610.75,25586,25603.25,4.25,+0.02%,1084
"2026-01-14 18:30",25594,25600,25594,25599,5.75,+0.02%,669
"2026-01-14 18:15",25602,25606.25,25587.25,25593.25,-9.75,-0.04%,998
"2026-01-14 18:00",25605,25610,25595.5,25603,-2.25,-0.01%,1025
"2026-01-14 17:45",25591,25609.75,25586.75,25605.25,13.25,+0.05%,773
"2026-01-14 17:30",25597.25,25610.75,25586.25,25592,-3.5,-0.01%,1288
"2026-01-14 17:15",25591.75,25603.25,25563.5,25595.5,3.75,+0.01%,1529
"2026-01-14 17:00",25593,25615.25,25578,25591.75,-20.25,-0.08%,1767
"2026-01-14 15:45",25620.5,25629,25553.25,25612,-8.25,-0.03%,4295
"2026-01-14 15:30",25621.5,25624.25,25604.25,25620.25,-1.25,0.00%,1706
"2026-01-14 15:15",25634.5,25635,25615.25,25621.5,-13.25,-0.05%,2098
"2026-01-14 15:00",25637,25659,25620.25,25634.75,-1.75,-0.01%,12633
"2026-01-14 14:45",25587,25644.25,25565.25,25636.5,50.25,+0.20%,34253
"2026-01-14 14:30",25564.5,25635.75,25563.25,25586.25,21.5,+0.08%,20437
"2026-01-14 14:15",25554,25567.5,25520,25564.75,10.75,+0.04%,11659
"2026-01-14 14:00",25500,25594,25460.5,25554,53.5,+0.21%,27348
"2026-01-14 13:45",25512.5,25534,25492.75,25500.5,-12.5,-0.05%,9044
"2026-01-14 13:30",25513.25,25532.25,25502.5,25513,-0.5,0.00%,7654
"2026-01-14 13:15",25500.5,25524.75,25492.75,25513.5,12.5,+0.05%,7586
"2026-01-14 13:00",25515.25,25517.5,25486,25501,-14.,-0.05%,11170
"2026-01-14 12:45",25464,25526,25453.5,25515,51.5,+0.20%,16088
"2026-01-14 12:30",25497.5,25507.5,25420.75,25463.5,-33.5,-0.13%,13912
"2026-01-14 12:15",25487.5,25500,25463,25497,9.25,+0.04%,9750
"2026-01-14 12:00",25449.75,25494.25,25444.75,25487.75,38,+0.15%,10047
"2026-01-14 11:45",25478,25509,25433.25,25449.75,-28.5,-0.11%,15258
"2026-01-14 11:30",25493.25,25493.25,25446.5,25478.25,-15.,-0.06%,11498
"2026-01-14 11:15",25494.75,25500.75,25435.5,25493.25,-2.25,-0.01%,14704
"2026-01-14 11:00",25459.5,25505.75,25443.25,25495.5,35.25,+0.14%,14434
"2026-01-14 10:45",25514.25,25514.25,25440,25460.25,-53.5,-0.21%,22620
"2026-01-14 10:30",25578.75,25592.25,25510.75,25513.75,-65.,-0.25%,17356
"2026-01-14 10:15",25499.75,25589.5,25490.25,25578.75,79.75,+0.31%,16919
"2026-01-14 10:00",25491.75,25536.5,25486.75,25499,7,+0.03%,16092
"2026-01-14 09:45",25557.75,25570.5,25469.5,25492,-66.25,-0.26%,30472
"2026-01-14 09:30",25612.5,25634.25,25548.75,25558.25,-54.75,-0.21%,27439
"2026-01-14 09:15",25674.75,25693.5,25608.75,25613,-60.75,-0.24%,27594
"2026-01-14 09:00",25586.25,25676,25530.5,25673.75,88.75,+0.35%,41894
"2026-01-14 08:45",25630.75,25674.5,25582,25585,-47.,-0.18%,35434
"2026-01-14 08:30",25739.75,25790.25,25620.75,25632,-108.5,-0.42%,57307
"2026-01-14 08:15",25748.25,25772.75,25733.5,25740.5,-7.75,-0.03%,6100
"2026-01-14 08:00",25754.25,25770.5,25734.25,25748.25,-6.5,-0.03%,3809
"2026-01-14 07:45",25746.5,25761.75,25732.5,25754.75,8.25,+0.03%,4306
"2026-01-14 07:30",25797.5,25805.5,25746,25746.5,-51.,-0.20%,5185
"2026-01-14 07:15",25765.75,25798,25752,25797.5,32,+0.12%,3301
"2026-01-14 07:00",25779,25784.75,25758,25765.5,-14.25,-0.06%,2231
"2026-01-14 06:45",25778.25,25781.25,25769.25,25779.75,1.25,0.00%,1176
"2026-01-14 06:30",25773.75,25784.5,25770.5,25778.5,3.75,+0.01%,1196
"2026-01-14 06:15",25750.75,25780,25748,25774.75,23.5,+0.09%,1913
"2026-01-14 06:00",25743,25751.5,25701.25,25751.25,8.25,+0.03%,3490
"2026-01-14 05:45",25747.25,25759.5,25739,25743,-3.,-0.01%,1145
"2026-01-14 05:30",25760,25769.25,25742.75,25746,-12.5,-0.05%,1353
"2026-01-14 05:15",25737.75,25766.5,25734.75,25758.5,20,+0.08%,1880
"2026-01-14 05:00",25737.75,25742.5,25714.25,25738.5,1,0.00%,2986
"2026-01-14 04:45",25753.5,25754,25712.25,25737.5,-14.25,-0.06%,3320
"2026-01-14 04:30",25770.5,25774.5,25737.5,25751.75,-18.75,-0.07%,3493
"2026-01-14 04:15",25834.25,25834.5,25756.25,25770.5,-62.75,-0.24%,4786
"2026-01-14 04:00",25852.75,25852.75,25829.5,25833.25,-18.75,-0.07%,1073
"2026-01-14 03:45",25854.25,25857.5,25835.75,25852,-1.75,-0.01%,876
"2026-01-14 03:30",25865.75,25869.75,25847.75,25853.75,-10.5,-0.04%,902
"2026-01-14 03:15",25874.25,25878,25860.5,25864.25,-8.75,-0.03%,743
"2026-01-14 03:00",25858.5,25879,25854.5,25873,15,+0.06%,1305
"2026-01-14 02:45",25854.5,25862,25840.25,25858,4.5,+0.02%,716
"2026-01-14 02:30",25865,25865.75,25840.25,25853.5,-11.25,-0.04%,1094
"2026-01-14 02:15",25863,25868.5,25851.75,25864.75,2,+0.01%,906
"2026-01-14 02:00",25862.25,25876,25858.75,25862.75,0,0.00%,992
"2026-01-14 01:45",25867.25,25868.5,25855.25,25862.75,-5.,-0.02%,464
"2026-01-14 01:30",25859.75,25871.75,25858.25,25867.75,8,+0.03%,475
"2026-01-14 01:15",25859.75,25866.25,25848.75,25859.75,0.75,0.00%,672
"2026-01-14 01:00",25861.25,25864,25851.25,25859,-0.5,0.00%,553
"2026-01-14 00:45",25857.25,25860.5,25843.25,25859.5,2,+0.01%,858
"2026-01-14 00:30",25851.25,25863.75,25835.5,25857.5,7.5,+0.03%,1179
"2026-01-14 00:15",25853.25,25855.5,25843.5,25850,-3.,-0.01%,510
"2026-01-14 00:00",25856.5,25859,25839,25853,-3.25,-0.01%,1077
"2026-01-13 23:45",25864.25,25864.25,25852.75,25856.25,-8.5,-0.03%,696
"2026-01-13 23:30",25864.5,25875,25861.25,25864.75,0.25,0.00%,683
"2026-01-13 23:15",25875.25,25877.5,25860.25,25864.5,-11.5,-0.04%,797
"2026-01-13 23:00",25881.5,25883.25,25869.75,25876,-6.,-0.02%,737
"2026-01-13 22:45",25891,25892,25873.25,25882,-9.,-0.03%,856
"2026-01-13 22:30",25900.75,25900.75,25890.75,25891,-9.75,-0.04%,411
"2026-01-13 22:15",25897.75,25903.75,25895.5,25900.75,2.25,+0.01%,479
"2026-01-13 22:00",25914.75,25919.25,25898.25,25898.5,-16.5,-0.06%,693
"2026-01-13 21:45",25921.25,25922.5,25913.75,25915,-6.75,-0.03%,500
"2026-01-13 21:30",25916.5,25925.75,25915.25,25921.75,5,+0.02%,601
"2026-01-13 21:15",25913.25,25920,25908.5,25916.75,5,+0.02%,581
"2026-01-13 21:00",25893,25917,25890,25911.75,17.75,+0.07%,893
"2026-01-13 20:45",25888.25,25895,25886.5,25894,5.5,+0.02%,203
"2026-01-13 20:30",25895.75,25896,25886.5,25888.5,-6.5,-0.03%,295
"2026-01-13 20:15",25890.25,25898.75,25878.5,25895,4.75,+0.02%,749
"2026-01-13 20:00",25885.5,25892.75,25876,25890.25,3.75,+0.01%,664
"2026-01-13 19:45",25901.25,25901.25,25879,25886.5,-14.75,-0.06%,1144
"2026-01-13 19:30",25920.25,25923,25895.75,25901.25,-19.75,-0.08%,922
"2026-01-13 19:15",25903.75,25924.5,25902.75,25921,18.25,+0.07%,852
"2026-01-13 19:00",25906.75,25917,25899,25902.75,-4.5,-0.02%,892
"2026-01-13 18:45",25913,25921.75,25906.5,25907.25,-6.,-0.02%,540
"2026-01-13 18:30",25923.25,25924.75,25907.75,25913.25,-8.75,-0.03%,564
"2026-01-13 18:15",25915.5,25923.25,25910.5,25922,6,+0.02%,632
"2026-01-13 18:00",25891,25923,25882.5,25916,25,+0.10%,1685
"2026-01-13 17:45",25896,25896.75,25888.75,25891,-6.75,-0.03%,411
"2026-01-13 17:30",25891.25,25902.5,25889.75,25897.75,6,+0.02%,424
"2026-01-13 17:15",25901.25,25903.5,25886.5,25891.75,-9.25,-0.04%,745
"2026-01-13 17:00",25900.75,25913.75,25891,25901,2.75,+0.01%,1218
"2026-01-13 15:45",25898.5,25903.75,25896,25898.25,-0.25,0.00%,921
"2026-01-13 15:30",25914.25,25914.25,25898.5,25898.5,-15.75,-0.06%,966
"2026-01-13 15:15",25910.75,25917.5,25906.5,25914.25,2.5,+0.01%,1540
"2026-01-13 15:00",25904.25,25926.5,25903.75,25911.75,8,+0.03%,10175
"2026-01-13 14:45",25844.5,25912,25836,25903.75,59.25,+0.23%,23475
"2026-01-13 14:30",25827.25,25847,25803.25,25844.5,17,+0.07%,12206
"2026-01-13 14:15",25841,25851.25,25825,25827.5,-13.25,-0.05%,7343
"2026-01-13 14:00",25866,25866.5,25838.5,25840.75,-25.5,-0.10%,8416
"2026-01-13 13:45",25857,25885.25,25844.25,25866.25,9.75,+0.04%,9503
"2026-01-13 13:30",25865.5,25873,25849,25856.5,-9.5,-0.04%,8243
"2026-01-13 13:15",25830.5,25871.25,25828.5,25866,35.75,+0.14%,13907
"2026-01-13 13:00",25840.25,25853,25821.25,25830.25,-9.5,-0.04%,10810
"2026-01-13 12:45",25866.5,25881.5,25833.75,25839.75,-26.5,-0.10%,11904
"2026-01-13 12:30",25873.75,25904,25863.5,25866.25,-7.75,-0.03%,9485
"2026-01-13 12:15",25903.25,25910.75,25865.25,25874,-30.,-0.12%,9775
"2026-01-13 12:00",25876.5,25904,25851.5,25904,26.75,+0.10%,16334
"2026-01-13 11:45",25927,25947.75,25857.75,25877.25,-49.75,-0.19%,17958
"2026-01-13 11:30",25966.5,25978.75,25914.5,25927,-39.25,-0.15%,14948
"2026-01-13 11:15",25993.25,25996,25944,25966.25,-27.25,-0.10%,15017
"2026-01-13 11:00",26008.75,26018.25,25992.25,25993.5,-15.,-0.06%,10317
"2026-01-13 10:45",25972.5,26025.75,25970.25,26008.5,35.5,+0.14%,18947
"2026-01-13 10:30",25904.5,25981,25893.75,25973,67.5,+0.26%,16293
"2026-01-13 10:15",25903.25,25924.5,25847.25,25905.5,2.5,+0.01%,17160
"2026-01-13 10:00",25894.5,25911.5,25881,25903,8.5,+0.03%,14005
"2026-01-13 09:45",25832.25,25904.75,25809.25,25894.5,62,+0.24%,22842
"2026-01-13 09:30",25841.75,25881.25,25819.25,25832.5,-10.25,-0.04%,23719
"2026-01-13 09:15",25914.5,25914.5,25812,25842.75,-72.,-0.28%,28872
"2026-01-13 09:00",25947.25,25969.75,25892.75,25914.75,-34.,-0.13%,29151
"2026-01-13 08:45",25990,26002.75,25941.25,25948.75,-42.5,-0.16%,29975
"2026-01-13 08:30",25950.5,26042.75,25930.75,25991.25,41,+0.16%,45201
"2026-01-13 08:15",25971,26000.5,25948,25950.25,-20.,-0.08%,6777
"2026-01-13 08:00",25970.25,25979.25,25960.75,25970.25,-1.,0.00%,4124
"2026-01-13 07:45",25989,25991.75,25944.25,25971.25,-17.75,-0.07%,7269
"2026-01-13 07:30",25912,26045.5,25905.5,25989,77.25,+0.30%,17132
"2026-01-13 07:15",25900,25912,25887,25911.75,11.75,+0.05%,2057
"2026-01-13 07:00",25895.25,25909,25888.5,25900,4.75,+0.02%,1471
"2026-01-13 06:45",25914.75,25917,25888.25,25895.25,-20.,-0.08%,1984
"2026-01-13 06:30",25915,25918.75,25909.5,25915.25,-0.25,0.00%,787
"2026-01-13 06:15",25904,25918.25,25903,25915.5,11,+0.04%,990
"2026-01-13 06:00",25901.25,25908.25,25888.5,25904.5,4,+0.02%,1217
"2026-01-13 05:45",25875,25900.75,25874.5,25900.5,26.25,+0.10%,1525
"2026-01-13 05:30",25889.75,25889.75,25870.5,25874.25,-14.25,-0.06%,1341
"2026-01-13 05:15",25883,25894.25,25880,25888.5,5.25,+0.02%,747
"2026-01-13 05:00",25878.5,25895.75,25876.5,25883.25,5.25,+0.02%,866
"2026-01-13 04:45",25884,25888,25875.75,25878,-6.25,-0.02%,710
"2026-01-13 04:30",25881.5,25896,25880.5,25884.25,2.75,+0.01%,783
"2026-01-13 04:15",25878.75,25890.25,25871.75,25881.5,3.25,+0.01%,1215
"2026-01-13 04:00",25908.75,25914.25,25876,25878.25,-31.5,-0.12%,1307
"2026-01-13 03:45",25898,25915.5,25893.5,25909.75,11,+0.04%,911
"2026-01-13 03:30",25923.25,25927.75,25893.5,25898.75,-25.,-0.10%,1000
"2026-01-13 03:15",25928,25936.75,25922.25,25923.75,-4.25,-0.02%,879
"2026-01-13 03:00",25907,25930.75,25907,25928,21.75,+0.08%,1460
"2026-01-13 02:45",25915.5,25915.5,25904.25,25906.25,-9.25,-0.04%,633
"2026-01-13 02:30",25919.5,25923.5,25895.5,25915.5,-2.5,-0.01%,1418
"2026-01-13 02:15",25901.75,25924.25,25901,25918,15,+0.06%,1123
"2026-01-13 02:00",25917.25,25921.75,25901.25,25903,-14.25,-0.05%,1202
"2026-01-13 01:45",25917,25923.75,25916.25,25917.25,0,0.00%,392
"2026-01-13 01:30",25914,25919.5,25909.25,25917.25,1.25,0.00%,478
"2026-01-13 01:15",25923.75,25925.25,25907.5,25916,-8.,-0.03%,651
"2026-01-13 01:00",25916.25,25924.25,25906.5,25924,7,+0.03%,955
"2026-01-13 00:45",25916,25932.75,25910.75,25917,0.25,0.00%,761
"2026-01-13 00:30",25918.25,25926,25911.5,25916.75,-0.75,0.00%,812
"2026-01-13 00:15",25912.25,25921,25909.5,25917.5,5,+0.02%,607
"2026-01-13 00:00",25902,25916,25900.75,25912.5,11,+0.04%,912
"2026-01-12 23:45",25897.5,25907.25,25896.5,25901.5,3,+0.01%,477
"2026-01-12 23:30",25905.5,25906.5,25883.75,25898.5,-6.75,-0.03%,938
"2026-01-12 23:15",25883,25906,25881.25,25905.25,22,+0.08%,859
"2026-01-12 23:00",25884.5,25888.75,25877.5,25883.25,-1.75,-0.01%,420
"2026-01-12 22:45",25872.5,25890.75,25869,25885,12.25,+0.05%,663
"2026-01-12 22:30",25884.5,25886.25,25870.25,25872.75,-11.5,-0.04%,516
"2026-01-12 22:15",25877.75,25891.75,25875.5,25884.25,6.25,+0.02%,720
"2026-01-12 22:00",25883.5,25886,25875,25878,-4.25,-0.02%,398
"2026-01-12 21:45",25867.75,25885,25862,25882.25,14,+0.05%,716
"2026-01-12 21:30",25885.5,25886.75,25861.5,25868.25,-17.5,-0.07%,968
"2026-01-12 21:15",25885.5,25892.25,25879.5,25885.75,0.5,0.00%,457
"2026-01-12 21:00",25877.75,25889.25,25867,25885.25,7,+0.03%,935
"2026-01-12 20:45",25887,25890.25,25874.25,25878.25,-9.,-0.03%,611
"2026-01-12 20:30",25878.75,25892.25,25876,25887.25,7.5,+0.03%,717
"2026-01-12 20:15",25892,25897,25875.5,25879.75,-11.,-0.04%,961
"2026-01-12 20:00",25879.75,25897.75,25877,25890.75,12,+0.05%,1537
"2026-01-12 19:45",25853.5,25891.25,25845.75,25878.75,25,+0.10%,2387
"2026-01-12 19:30",25873,25876.5,25846.5,25853.75,-18.75,-0.07%,1962
"2026-01-12 19:15",25874.5,25881.75,25871.5,25872.5,-2.25,-0.01%,843
"2026-01-12 19:00",25875,25881.75,25870.25,25874.75,-0.5,0.00%,972
"2026-01-12 18:45",25875.5,25882,25871.5,25875.25,-0.5,0.00%,814
"2026-01-12 18:30",25884,25888.5,25872.25,25875.75,-8.75,-0.03%,1516
"2026-01-12 18:15",25886.75,25897,25883.5,25884.5,-3.,-0.01%,962
"2026-01-12 18:00",25895.25,25898.25,25882,25887.5,-8.,-0.03%,1714
"2026-01-12 17:45",25917.75,25919,25893.5,25895.5,-23.5,-0.09%,2118
"2026-01-12 17:30",25928,25932,25913.75,25919,-9.,-0.03%,999
"2026-01-12 17:15",25930,25938.5,25926.75,25928,-1.75,-0.01%,835
"2026-01-12 17:00",25953.5,25954,25913.25,25929.75,-12.5,-0.05%,1879
"2026-01-12 15:45",25967.5,25968,25932.75,25942.25,-25.25,-0.10%,2991
"2026-01-12 15:30",25971,25971.5,25962.5,25967.5,-3.5,-0.01%,858
"2026-01-12 15:15",25959,25974,25953,25971,11.75,+0.05%,1725
"2026-01-12 15:00",25952.25,25964.5,25948.5,25959.25,7,+0.03%,6802
"2026-01-12 14:45",25979.5,25991,25950.5,25952.25,-27.5,-0.11%,21857
"2026-01-12 14:30",25991,25995.5,25974.25,25979.75,-12.5,-0.05%,8509
"2026-01-12 14:15",26002.5,26003,25986,25992.25,-10.25,-0.04%,6930
"2026-01-12 14:00",26015,26020.5,25997,26002.5,-12.25,-0.05%,7171
"2026-01-12 13:45",26006.5,26016.5,26004.25,26014.75,8,+0.03%,5335
"2026-01-12 13:30",25996.25,26016,25995.25,26006.75,10.75,+0.04%,8233
"2026-01-12 13:15",25981.25,26002.25,25977.25,25996,15,+0.06%,6496
"2026-01-12 13:00",25978.5,25983,25962,25981,2.5,+0.01%,6634
"2026-01-12 12:45",25981.75,25992.75,25974,25978.5,-3.25,-0.01%,4868
"2026-01-12 12:30",25991,25993.5,25978.5,25981.75,-9.25,-0.04%,4713
"2026-01-12 12:15",25985.5,25997.5,25975.5,25991,5.75,+0.02%,6677
"2026-01-12 12:00",25968.5,25992.5,25965,25985.25,17.25,+0.07%,9675
"2026-01-12 11:45",25959,25972.75,25956.5,25968,8.75,+0.03%,5521
"2026-01-12 11:30",25962.25,25962.75,25938.25,25959.25,-3.75,-0.01%,6132
"2026-01-12 11:15",25969.25,25970.75,25949.25,25963,-6.75,-0.03%,6394
"2026-01-12 11:00",25961,25974,25951.5,25969.75,8.75,+0.03%,8879
"2026-01-12 10:45",25933,25969.5,25922,25961,28.5,+0.11%,14672
"2026-01-12 10:30",25941.75,25952.75,25931.75,25932.5,-9.,-0.03%,7895
"2026-01-12 10:15",25946.25,25960,25929.25,25941.5,-5.25,-0.02%,12529
"2026-01-12 10:00",25915.5,25947.25,25901,25946.75,31.25,+0.12%,11735
"2026-01-12 09:45",25887.5,25920.5,25863.75,25915.5,28,+0.11%,13216
"2026-01-12 09:30",25921.75,25922.5,25874.5,25887.5,-34.,-0.13%,16996
"2026-01-12 09:15",25906,25933.5,25885.5,25921.5,15.75,+0.06%,17645
"2026-01-12 09:00",25901.25,25908,25867.5,25905.75,4.75,+0.02%,22333
"2026-01-12 08:45",25854,25924,25834,25901,47.5,+0.18%,27886
"2026-01-12 08:30",25746.25,25892.75,25743.5,25853.5,107.5,+0.42%,46437
"2026-01-12 08:15",25741.25,25750.75,25719.75,25746,4,+0.02%,6325
"2026-01-12 08:00",25743.75,25754.25,25731.75,25742,-1.5,-0.01%,3141
"2026-01-12 07:45",25744.5,25760,25739.5,25743.5,-1.,0.00%,2311
"2026-01-12 07:30",25754,25755,25737,25744.5,-10.,-0.04%,2175
"2026-01-12 07:15",25731,25763,25730.5,25754.5,23.5,+0.09%,2541
"2026-01-12 07:00",25752.5,25762,25728.25,25731,-21.75,-0.08%,2715
"2026-01-12 06:45",25742.75,25761.5,25736.25,25752.75,9.5,+0.04%,2372
"2026-01-12 06:30",25729,25747.75,25728.25,25743.25,14.25,+0.06%,2401
"2026-01-12 06:15",25732.25,25739.5,25722.75,25729,-4.25,-0.02%,1307
"2026-01-12 06:00",25718.5,25741.75,25713.5,25733.25,14.5,+0.06%,2233
"2026-01-12 05:45",25716.75,25724.5,25710,25718.75,2.25,+0.01%,969
"2026-01-12 05:30",25718.25,25723.25,25711,25716.5,-2.25,-0.01%,654
"2026-01-12 05:15",25728.5,25731,25713.5,25718.75,-9.75,-0.04%,1188
"2026-01-12 05:00",25707.5,25733,25705.25,25728.5,21.25,+0.08%,2015
"2026-01-12 04:45",25716.25,25717.5,25702,25707.25,-8.25,-0.03%,1433
"2026-01-12 04:30",25705.25,25723,25705,25715.5,11.25,+0.04%,1335
"2026-01-12 04:15",25691.5,25707,25686.25,25704.25,12.75,+0.05%,1120
"2026-01-12 04:00",25698.5,25702.25,25687,25691.5,-6.5,-0.03%,831
"2026-01-12 03:45",25675.5,25706.5,25675.5,25698,21.5,+0.08%,1880
"2026-01-12 03:30",25679.75,25684.75,25666,25676.5,-3.,-0.01%,1360
"2026-01-12 03:15",25696.25,25701,25671.75,25679.5,-16.25,-0.06%,1757
"2026-01-12 03:00",25660,25700.5,25660,25695.75,35.25,+0.14%,2808
"2026-01-12 02:45",25650,25673.5,25639,25660.5,8.5,+0.03%,2237
"2026-01-12 02:30",25677,25677.25,25632.75,25652,-24.75,-0.10%,3812
"2026-01-12 02:15",25716,25722.5,25659.25,25676.75,-39.25,-0.15%,4789
"2026-01-12 02:00",25731.75,25750,25715.5,25716,-15.5,-0.06%,2888
"2026-01-12 01:45",25726.5,25736,25723.25,25731.5,3.5,+0.01%,771
"2026-01-12 01:30",25733.5,25735,25723.75,25728,-5.5,-0.02%,706
"2026-01-12 01:15",25736,25739.75,25724.5,25733.5,-1.5,-0.01%,1014
"2026-01-12 01:00",25718,25746.25,25715.75,25735,18.25,+0.07%,1585
"2026-01-12 00:45",25713.75,25721.5,25711.5,25716.75,3.25,+0.01%,469
"2026-01-12 00:30",25710.25,25716.5,25705.5,25713.5,2.5,+0.01%,637
"2026-01-12 00:15",25717.75,25718.75,25698,25711,-6.75,-0.03%,935
"2026-01-12 00:00",25699.75,25726,25696.75,25717.75,19,+0.07%,1157
"2026-01-11 23:45",25689,25700.25,25676.25,25698.75,10.5,+0.04%,2029
"2026-01-11 23:30",25702.25,25702.25,25686.25,25688.25,-14.5,-0.06%,1516
"2026-01-11 23:15",25720,25722.5,25693.25,25702.75,-17.25,-0.07%,1864
"2026-01-11 23:00",25727,25742.5,25720,25720,-7.,-0.03%,950
"2026-01-11 22:45",25729.25,25732.75,25722.5,25727,-2.,-0.01%,503
"2026-01-11 22:30",25728.25,25738,25723.75,25729,0.25,0.00%,861
"2026-01-11 22:15",25724.75,25731.25,25715,25728.75,3.75,+0.01%,706
"2026-01-11 22:00",25738.25,25739.5,25718,25725,-12.75,-0.05%,966
"2026-01-11 21:45",25745.75,25747,25710.25,25737.75,-8.25,-0.03%,2739
"2026-01-11 21:30",25745.25,25753.25,25740.25,25746,0.75,0.00%,1170
"2026-01-11 21:15",25744.75,25752.5,25740.5,25745.25,0.25,0.00%,898
"2026-01-11 21:00",25748.25,25753.25,25738,25745,-3.,-0.01%,973
"2026-01-11 20:45",25754.75,25764.25,25740,25748,-7.,-0.03%,1686
"2026-01-11 20:30",25740.5,25759.25,25740.5,25755,13.5,+0.05%,1438
"2026-01-11 20:15",25744.5,25748.75,25731.5,25741.5,-3.5,-0.01%,3373
"2026-01-11 20:00",25777.5,25778.25,25743.5,25745,-33.5,-0.13%,2271
"2026-01-11 19:45",25770.25,25785,25767.25,25778.5,8.75,+0.03%,2320
"2026-01-11 19:30",25756.25,25770.75,25723.25,25769.75,12.5,+0.05%,3501
"2026-01-11 19:15",25782,25784.5,25748.75,25757.25,-24.5,-0.10%,2873
"2026-01-11 19:00",25789.75,25797,25760.5,25781.75,-7.75,-0.03%,4748
"2026-01-11 18:45",25806,25814.75,25780.25,25789.5,-16.5,-0.06%,2117
"2026-01-11 18:30",25861,25862.5,25772.5,25806,-55.75,-0.22%,5702
"2026-01-11 18:15",25861.25,25872,25855.25,25861.75,1.25,0.00%,1173
"2026-01-11 18:00",25893.25,25902.75,25856,25860.5,-33.75,-0.13%,2907
"2026-01-11 17:45",25903.75,25910.75,25894,25894.25,-11.5,-0.04%,829
"2026-01-11 17:30",25902.75,25912,25896.5,25905.75,3.25,+0.01%,874
"2026-01-11 17:15",25906.75,25913,25879.75,25902.5,-3.,-0.01%,1578
"2026-01-11 17:00",25949,25960,25870,25905.5,-26.25,-0.10%,3138
"2026-01-09 15:45",25925.75,25934.25,25923.25,25931.75,6,+0.02%,1679
"2026-01-09 15:30",25933.5,25933.75,25924.75,25925.75,-8.,-0.03%,1387
"2026-01-09 15:15",25932.75,25940.5,25929.5,25933.75,0.25,0.00%,1897
"2026-01-09 15:00",25933,25943,25924.25,25933.5,0.25,0.00%,9100
"2026-01-09 14:45",25960.75,25964.5,25930.25,25933.25,-27.75,-0.11%,20964
"2026-01-09 14:30",25967.25,25973.25,25954,25961,-6.5,-0.03%,8537
"2026-01-09 14:15",25966.25,25985.5,25964,25967.5,1,0.00%,7681
"2026-01-09 14:00",25954.25,25974,25949.5,25966.5,12,+0.05%,6363
"2026-01-09 13:45",25962.25,25972.75,25953.5,25954.5,-7.75,-0.03%,8305
"2026-01-09 13:30",25959.25,25963.75,25952.25,25962.25,3.25,+0.01%,4390
"2026-01-09 13:15",25954.5,25966.75,25954.25,25959,5.25,+0.02%,4592
"2026-01-09 13:00",25961.25,25963,25948,25953.75,-7.5,-0.03%,5978
"2026-01-09 12:45",25939.5,25967.75,25936.75,25961.25,22,+0.08%,9843
"2026-01-09 12:30",25908.5,25959.75,25906.75,25939.25,31.25,+0.12%,11455
"2026-01-09 12:15",25891,25909.25,25882,25908,16.75,+0.06%,7649
"2026-01-09 12:00",25923.5,25923.5,25886.25,25891.25,-32.25,-0.12%,12191
"2026-01-09 11:45",25910.5,25936,25905.75,25923.5,13.5,+0.05%,11292
"2026-01-09 11:30",25913,25926,25904,25910,-3.5,-0.01%,7679
"2026-01-09 11:15",25913,25922.5,25885.5,25913.5,0.25,0.00%,10164
"2026-01-09 11:00",25909.75,25926.25,25899,25913.25,3,+0.01%,10257
"2026-01-09 10:45",25868,25920.5,25867,25910.25,42,+0.16%,14805
"2026-01-09 10:30",25864.5,25879,25845,25868.25,3.75,+0.01%,12498
"2026-01-09 10:15",25891,25895,25859.5,25864.5,-26.5,-0.10%,12718
"2026-01-09 10:00",25811.75,25901.5,25810.75,25891,78.75,+0.31%,21898
"2026-01-09 09:45",25781,25815,25761.25,25812.25,31.5,+0.12%,23117
"2026-01-09 09:30",25854.5,25879,25780,25780.75,-73.5,-0.28%,27167
"2026-01-09 09:15",25747.25,25860.75,25732.25,25854.25,106.75,+0.41%,30309
"2026-01-09 09:00",25734,25763.75,25615.5,25747.5,12.75,+0.05%,36367
"2026-01-09 08:45",25751,25769.75,25671.25,25734.75,-17.,-0.07%,27710
"2026-01-09 08:30",25714,25790.25,25648.5,25751.75,37.25,+0.14%,47679
"2026-01-09 08:15",25768,25773.5,25700,25714.5,-53.5,-0.21%,10504
"2026-01-09 08:00",25805.25,25824.75,25753,25768,-36.75,-0.14%,8428
"2026-01-09 07:45",25794.5,25807.5,25782.75,25804.75,10.5,+0.04%,4706
"2026-01-09 07:30",25742.75,25805.75,25736.5,25794.25,52.5,+0.20%,8775
"2026-01-09 07:15",25741,25749.75,25726.5,25741.75,0.25,0.00%,2556
"2026-01-09 07:00",25749,25752.5,25732,25741.5,-7.25,-0.03%,1829
"2026-01-09 06:45",25728.25,25749.25,25728.25,25748.75,19.75,+0.08%,1251
"2026-01-09 06:30",25726.5,25730,25712,25729,2.5,+0.01%,1331
"2026-01-09 06:15",25737.5,25738.5,25720.75,25726.5,-11.25,-0.04%,1078
"2026-01-09 06:00",25740,25753.75,25736,25737.75,-2.75,-0.01%,1091
"2026-01-09 05:45",25765,25767.25,25738,25740.5,-25.,-0.10%,894
"2026-01-09 05:30",25745.25,25767.25,25744.25,25765.5,20,+0.08%,1593
"2026-01-09 05:15",25726.25,25748.75,25724,25745.5,19.75,+0.08%,897
"2026-01-09 05:00",25729,25735,25721.25,25725.75,-2.,-0.01%,859
"2026-01-09 04:45",25726,25735.5,25725.25,25727.75,2.25,+0.01%,708
"2026-01-09 04:30",25730.25,25735,25721.75,25725.5,-4.,-0.02%,655
"2026-01-09 04:15",25722.75,25738,25722.75,25729.5,7.75,+0.03%,699
"2026-01-09 04:00",25722.5,25729.5,25717,25721.75,0,0.00%,1013
"2026-01-09 03:45",25711.25,25725.25,25710.75,25721.75,10.75,+0.04%,1003
"2026-01-09 03:30",25696.5,25725,25696.5,25711,14.75,+0.06%,2017
"2026-01-09 03:15",25674,25696.75,25672,25696.25,23,+0.09%,739
"2026-01-09 03:00",25674.25,25681.5,25662.75,25673.25,-1.25,0.00%,888
"2026-01-09 02:45",25690.25,25690.5,25665.25,25674.5,-15.,-0.06%,1343
"2026-01-09 02:30",25690.75,25698.5,25670.5,25689.5,-1.,0.00%,1143
"2026-01-09 02:15",25689.5,25701.75,25682.75,25690.5,0.5,0.00%,1022
"2026-01-09 02:00",25673.75,25700,25671.5,25690,17.25,+0.07%,1528
"2026-01-09 01:45",25670.25,25681.25,25668.5,25672.75,1,0.00%,590
"2026-01-09 01:30",25657.5,25675.75,25652.25,25671.75,13,+0.05%,824
"2026-01-09 01:15",25687.25,25687.5,25653.75,25658.75,-28.5,-0.11%,883
"2026-01-09 01:00",25691.5,25691.75,25680,25687.25,-2.5,-0.01%,409
"2026-01-09 00:45",25693,25699.25,25687.5,25689.75,-4.5,-0.02%,325
"2026-01-09 00:30",25682,25696.5,25681.5,25694.25,13,+0.05%,496
"2026-01-09 00:15",25680.75,25683.25,25674.75,25681.25,-0.25,0.00%,345
"2026-01-09 00:00",25693.25,25702.5,25672.5,25681.5,-12.,-0.05%,648
"2026-01-08 23:45",25672.5,25695.25,25667.25,25693.5,22.5,+0.09%,748
"2026-01-08 23:30",25679.75,25680.5,25666.75,25671,-10.,-0.04%,416
"2026-01-08 23:15",25676,25683,25672.75,25681,5,+0.02%,417
"2026-01-08 23:00",25678.25,25689.5,25674,25676,-1.25,0.00%,911
"2026-01-08 22:45",25673.5,25680.75,25665.5,25677.25,5.75,+0.02%,478
"2026-01-08 22:30",25669.25,25676.5,25667.75,25671.5,1.5,+0.01%,347
"2026-01-08 22:15",25670,25673.25,25657,25670,0.25,0.00%,653
"2026-01-08 22:00",25675.25,25680.25,25664.75,25669.75,-4.75,-0.02%,447
"2026-01-08 21:45",25682,25684,25670.5,25674.5,-6.25,-0.02%,373
"2026-01-08 21:30",25672.75,25682.75,25666,25680.75,8.5,+0.03%,674
"2026-01-08 21:15",25684.25,25690.5,25671.5,25672.25,-12.,-0.05%,581
"2026-01-08 21:00",25682.75,25687.5,25669,25684.25,0.25,0.00%,672
"2026-01-08 20:45",25688.75,25694,25676.75,25684,-4.5,-0.02%,749
"2026-01-08 20:30",25688,25690.75,25673.5,25688.5,0.5,0.00%,795
"2026-01-08 20:15",25654.5,25690,25652.5,25688,34.5,+0.13%,1620
"2026-01-08 20:00",25651.5,25663.5,25649.5,25653.5,1.75,+0.01%,1053
"2026-01-08 19:45",25636.25,25654,25634.5,25651.75,13.75,+0.05%,1252
"2026-01-08 19:30",25637.75,25641.5,25627.5,25638,1,0.00%,1211
"2026-01-08 19:15",25667.75,25672.75,25630,25637,-31.5,-0.12%,1698
"2026-01-08 19:00",25666.5,25679.25,25663.5,25668.5,2.5,+0.01%,1051
"2026-01-08 18:45",25693.75,25693.75,25664.25,25666,-28.5,-0.11%,1245
"2026-01-08 18:30",25685.5,25695,25684,25694.5,9,+0.04%,955
"2026-01-08 18:15",25686.5,25695,25673.5,25685.5,-1.5,-0.01%,759
"2026-01-08 18:00",25675.25,25688,25672.25,25687,11.25,+0.04%,857
"2026-01-08 17:45",25686,25692,25671.75,25675.75,-10.5,-0.04%,842
"2026-01-08 17:30",25694.5,25698,25684.25,25686.25,-7.75,-0.03%,737
"2026-01-08 17:15",25710,25710.5,25692.5,25694,-15.5,-0.06%,751
"2026-01-08 17:00",25725,25727.25,25707,25709.5,-2.5,-0.01%,1205
"2026-01-08 15:45",25731.25,25735,25706.5,25712,-18.75,-0.07%,2043
"2026-01-08 15:30",25695.75,25741.75,25695.75,25730.75,34.5,+0.13%,2575
"2026-01-08 15:15",25689.5,25697.5,25685,25696.25,7,+0.03%,1198
"2026-01-08 15:00",25682.75,25701.75,25680.75,25689.25,6.75,+0.03%,7488
"2026-01-08 14:45",25679.5,25700,25670.5,25682.5,2.5,+0.01%,17022
"2026-01-08 14:30",25676,25699.25,25666.75,25680,3.75,+0.01%,10946
"2026-01-08 14:15",25655.25,25684,25639.25,25676.25,21.75,+0.08%,8580
"2026-01-08 14:00",25633.5,25656.25,25625.5,25654.5,20.25,+0.08%,8236
"2026-01-08 13:45",25620.75,25645.75,25617,25634.25,13.5,+0.05%,7675
"2026-01-08 13:30",25627.5,25645.75,25613,25620.75,-6.75,-0.03%,7211
"2026-01-08 13:15",25614.5,25648.25,25595,25627.5,13.25,+0.05%,10233
"2026-01-08 13:00",25631.25,25657.75,25613.25,25614.25,-17.5,-0.07%,9558
"2026-01-08 12:45",25659.5,25676.25,25624.5,25631.75,-27.75,-0.11%,7964
"2026-01-08 12:30",25658.5,25665.75,25648.25,25659.5,1.25,0.00%,5837
"2026-01-08 12:15",25626.25,25669.25,25619.25,25658.25,31.5,+0.12%,9423
"2026-01-08 12:00",25681,25684.75,25621.25,25626.75,-53.75,-0.21%,12055
"2026-01-08 11:45",25674,25703.75,25673,25680.5,7.25,+0.03%,8857
"2026-01-08 11:30",25636,25681.5,25634.5,25673.25,36.75,+0.14%,7957
"2026-01-08 11:15",25650.5,25680,25627,25636.5,-14.25,-0.06%,9964
"2026-01-08 11:00",25670.75,25674.5,25635,25650.75,-20.5,-0.08%,8858
"2026-01-08 10:45",25649.25,25679.5,25632.5,25671.25,22.5,+0.09%,13090
"2026-01-08 10:30",25624.5,25652.75,25583.75,25648.75,24,+0.09%,17357
"2026-01-08 10:15",25635.25,25669.75,25614.25,25624.75,-10.75,-0.04%,14747
"2026-01-08 10:00",25684.25,25686.5,25627.5,25635.5,-48.75,-0.19%,15171
"2026-01-08 09:45",25683,25692,25611,25684.25,1.25,0.00%,20460
"2026-01-08 09:30",25696.75,25705.25,25625,25683,-13.75,-0.05%,23576
"2026-01-08 09:15",25677.75,25713.5,25667.5,25696.75,19.25,+0.07%,20101
"2026-01-08 09:00",25603.75,25682,25569,25677.5,74.25,+0.29%,36372
"2026-01-08 08:45",25621.75,25676.25,25597.25,25603.25,-18.,-0.07%,40076
"2026-01-08 08:30",25786.5,25803,25614.25,25621.25,-164.75,-0.64%,54123
"2026-01-08 08:15",25794.25,25799,25773.75,25786,-8.5,-0.03%,4322
"2026-01-08 08:00",25799.5,25811,25781,25794.5,-5.,-0.02%,3092
"2026-01-08 07:45",25799.75,25801.25,25787.75,25799.5,0.5,0.00%,1738
"2026-01-08 07:30",25805.25,25818,25786,25799,-5.75,-0.02%,3049
"2026-01-08 07:15",25782.75,25810.25,25772.75,25804.75,22,+0.09%,2376
"2026-01-08 07:00",25766.5,25786.75,25758,25782.75,15.75,+0.06%,1293
"2026-01-08 06:45",25759.25,25777,25755,25767,8.75,+0.03%,937
"2026-01-08 06:30",25774,25774.75,25754.75,25758.25,-16.,-0.06%,1030
"2026-01-08 06:15",25760,25778,25759,25774.25,14.5,+0.06%,1303
"2026-01-08 06:00",25770.25,25774.5,25746.5,25759.75,-12.,-0.05%,1997
"2026-01-08 05:45",25774.25,25785,25767.75,25771.75,-2.5,-0.01%,855
"2026-01-08 05:30",25778.25,25786,25738.75,25774.25,-4.75,-0.02%,2833
"2026-01-08 05:15",25774,25785.75,25766.5,25779,5.5,+0.02%,601
"2026-01-08 05:00",25772.75,25781,25764,25773.5,1.25,0.00%,1242
"2026-01-08 04:45",25764.25,25774.25,25752.5,25772.25,7.75,+0.03%,769
"2026-01-08 04:30",25748,25768,25745.75,25764.5,16,+0.06%,905
"2026-01-08 04:15",25751,25756,25745.25,25748.5,-2.75,-0.01%,723
"2026-01-08 04:00",25769,25770,25744,25751.25,-18.75,-0.07%,950
"2026-01-08 03:45",25759.75,25770,25751,25770,10.75,+0.04%,1148
"2026-01-08 03:30",25770.25,25773.25,25755.75,25759.25,-10.25,-0.04%,900
"2026-01-08 03:15",25783.75,25783.75,25762.25,25769.5,-15.,-0.06%,1252
"2026-01-08 03:00",25780.75,25795.5,25772.25,25784.5,4,+0.02%,1038
"2026-01-08 02:45",25801.25,25801.5,25779,25780.5,-20.,-0.08%,1175
"2026-01-08 02:30",25787.5,25803.5,25777.25,25800.5,13.25,+0.05%,2046
"2026-01-08 02:15",25775.25,25787.5,25769.5,25787.25,11.25,+0.04%,1337
"2026-01-08 02:00",25749,25777.25,25747.5,25776,26.25,+0.10%,1884
"2026-01-08 01:45",25772.25,25773,25747.5,25749.75,-23.25,-0.09%,956
"2026-01-08 01:30",25757.75,25779.5,25741.75,25773,13.5,+0.05%,2051
"2026-01-08 01:15",25716.5,25805.25,25706.75,25759.5,44,+0.17%,5333
"2026-01-08 01:00",25705.75,25717.25,25680.5,25715.5,9.75,+0.04%,1565
"2026-01-08 00:45",25700,25710.25,25696.75,25705.75,6,+0.02%,1170
"2026-01-08 00:30",25675.25,25700.5,25672,25699.75,24.75,+0.10%,1615
"2026-01-08 00:15",25693,25695,25670,25675,-18.75,-0.07%,2250
"2026-01-08 00:00",25738.5,25742.5,25686.75,25693.75,-44.5,-0.17%,3105
"2026-01-07 23:45",25748,25752.5,25737.25,25738.25,-8.5,-0.03%,673
"2026-01-07 23:30",25763.5,25763.5,25743.25,25746.75,-16.75,-0.07%,1147
"2026-01-07 23:15",25760.25,25768,25759,25763.5,3.25,+0.01%,680
"2026-01-07 23:00",25779.25,25784.75,25759.25,25760.25,-18.25,-0.07%,825
"2026-01-07 22:45",25777,25781.5,25772.75,25778.5,3,+0.01%,339
"2026-01-07 22:30",25783.5,25785.75,25773.75,25775.5,-8.5,-0.03%,501
"2026-01-07 22:15",25783.5,25794,25775,25784,0.75,0.00%,625
"2026-01-07 22:00",25776.25,25785.5,25773.75,25783.25,6.5,+0.03%,437
"2026-01-07 21:45",25775.25,25781.75,25769.75,25776.75,1,0.00%,547
"2026-01-07 21:30",25784.75,25790.5,25774.5,25775.75,-8.5,-0.03%,797
"2026-01-07 21:15",25790.25,25793.75,25779.5,25784.25,-5.5,-0.02%,744
"2026-01-07 21:00",25786.5,25795.25,25777.75,25789.75,3.5,+0.01%,1038
"2026-01-07 20:45",25799.5,25800.75,25774,25786.25,-11.25,-0.04%,1706
"2026-01-07 20:30",25825.5,25827.5,25795.25,25797.5,-27.25,-0.11%,1325
"2026-01-07 20:15",25826.75,25832.75,25820,25824.75,-2.5,-0.01%,711
"2026-01-07 20:00",25837,25840.5,25826.25,25827.25,-10.5,-0.04%,776
"2026-01-07 19:45",25835,25840.25,25831.25,25837.75,3.25,+0.01%,603
"2026-01-07 19:30",25837.5,25837.5,25820.75,25834.5,-2.5,-0.01%,797
"2026-01-07 19:15",25820,25839,25819.25,25837,18.5,+0.07%,898
"2026-01-07 19:00",25842,25844.5,25817,25818.5,-24.,-0.09%,1365
"2026-01-07 18:45",25834.5,25843.5,25833.25,25842.5,9.25,+0.04%,743
"2026-01-07 18:30",25810.5,25835.75,25810,25833.25,22.75,+0.09%,1207
"2026-01-07 18:15",25822,25828.25,25805.75,25810.5,-11.5,-0.04%,1046
"2026-01-07 18:00",25822.75,25825.75,25815.25,25822,-0.75,0.00%,613
"2026-01-07 17:45",25832,25834,25818.75,25822.75,-10.75,-0.04%,574
"2026-01-07 17:30",25830,25835.25,25826,25833.5,3.5,+0.01%,400
"2026-01-07 17:15",25827.75,25837.75,25822.75,25830,3.5,+0.01%,781
"2026-01-07 17:00",25838.75,25849.75,25826,25826.5,-9.25,-0.04%,1896
"2026-01-07 15:45",25830.75,25839.25,25830,25835.75,5.25,+0.02%,2036
"2026-01-07 15:30",25830.25,25832.75,25827.25,25830.5,-0.5,0.00%,1167
"2026-01-07 15:15",25827,25835.5,25820,25831,3.5,+0.01%,2174
"2026-01-07 15:00",25835,25836,25822,25827.5,-7.5,-0.03%,7555
"2026-01-07 14:45",25833,25847,25818.25,25835,2.5,+0.01%,22000
"2026-01-07 14:30",25860.25,25862.25,25814.5,25832.5,-28.25,-0.11%,17264
"2026-01-07 14:15",25869.75,25887.5,25852.5,25860.75,-9.,-0.03%,14981
"2026-01-07 14:00",25902.75,25913.5,25864,25869.75,-33.,-0.13%,12432
"2026-01-07 13:45",25914.75,25917.75,25901,25902.75,-11.75,-0.05%,5695
"2026-01-07 13:30",25899.5,25921.25,25891.75,25914.5,15.25,+0.06%,9595
"2026-01-07 13:15",25919.25,25922,25890,25899.25,-20.,-0.08%,11969
"2026-01-07 13:00",25956,25956.25,25901,25919.25,-36.25,-0.14%,13540
"2026-01-07 12:45",25969.25,25979,25950.5,25955.5,-14.,-0.05%,7650
"2026-01-07 12:30",25930.5,25972.25,25929,25969.5,39.25,+0.15%,12249
"2026-01-07 12:15",25961.25,25961.75,25926,25930.25,-30.75,-0.12%,12615
"2026-01-07 12:00",25971,25972,25947.75,25961,-10.,-0.04%,8284
"2026-01-07 11:45",25994,25996.25,25960,25971,-22.75,-0.09%,11656
"2026-01-07 11:30",25984.5,25996.25,25975,25993.75,9.5,+0.04%,7781
"2026-01-07 11:15",25975.75,25990,25969.5,25984.25,8.25,+0.03%,8673
"2026-01-07 11:00",25969.75,25988.25,25964.25,25976,5.75,+0.02%,13908
"2026-01-07 10:45",25942.75,25971,25939.25,25970.25,27.75,+0.11%,17881
"2026-01-07 10:30",25895.25,25944.5,25890,25942.5,46.75,+0.18%,14197
"2026-01-07 10:15",25924.5,25929.25,25879.25,25895.75,-28.5,-0.11%,13405
"2026-01-07 10:00",25905.5,25927.5,25902.75,25924.25,19.25,+0.07%,11575
"2026-01-07 09:45",25854.75,25911.25,25851,25905,51,+0.20%,14006
"2026-01-07 09:30",25866,25902.25,25810.75,25854,-12.75,-0.05%,27853
"2026-01-07 09:15",25859.5,25875.75,25822.5,25866.75,7.5,+0.03%,18019
"2026-01-07 09:00",25857.25,25870.5,25812.25,25859.25,4.25,+0.02%,21480
"2026-01-07 08:45",25854.5,25880,25840.5,25855,0.25,0.00%,21079
"2026-01-07 08:30",25790.75,25864.25,25771,25854.75,64.5,+0.25%,37483
"2026-01-07 08:15",25772.5,25791.25,25763.25,25790.25,17.5,+0.07%,5275
"2026-01-07 08:00",25788.25,25789.25,25761.5,25772.75,-16.,-0.06%,3600
"2026-01-07 07:45",25790.25,25790.5,25772.25,25788.75,-2.,-0.01%,2544
"2026-01-07 07:30",25775.75,25793.75,25766,25790.75,15.75,+0.06%,3654
"2026-01-07 07:15",25762.75,25776,25762.75,25775,12,+0.05%,2114
"2026-01-07 07:00",25765,25768.75,25755.25,25763,-3.25,-0.01%,1545
"2026-01-07 06:45",25767,25778,25759.25,25766.25,-1.25,0.00%,1123
"2026-01-07 06:30",25774,25774.75,25753,25767.5,-7.,-0.03%,1745
"2026-01-07 06:15",25771.5,25782.25,25769.5,25774.5,2,+0.01%,1001
"2026-01-07 06:00",25768,25781.5,25762.5,25772.5,4.5,+0.02%,1564
"2026-01-07 05:45",25757.5,25768.5,25756.5,25768,10,+0.04%,852
"2026-01-07 05:30",25742.25,25764.5,25740.5,25758,16,+0.06%,1646
"2026-01-07 05:15",25744.5,25749.75,25739.25,25742,-2.75,-0.01%,649
"2026-01-07 05:00",25740.25,25748.75,25732,25744.75,5.25,+0.02%,849
"2026-01-07 04:45",25733.75,25740,25727.75,25739.5,6.5,+0.03%,763
"2026-01-07 04:30",25735.25,25741.5,25729.25,25733,-2.25,-0.01%,701
"2026-01-07 04:15",25758.75,25759,25734.25,25735.25,-23.5,-0.09%,869
"2026-01-07 04:00",25752.5,25762,25744,25758.75,5.75,+0.02%,937
"2026-01-07 03:45",25751,25757.75,25747.75,25753,2.25,+0.01%,583
"2026-01-07 03:30",25744.25,25755.25,25740.25,25750.75,6.5,+0.03%,1398
"2026-01-07 03:15",25744,25748,25727,25744.25,0.5,0.00%,1426
"2026-01-07 03:00",25753.75,25758.75,25732,25743.75,-10.,-0.04%,3088
"2026-01-07 02:45",25772,25775.75,25753.5,25753.75,-18.5,-0.07%,1057
"2026-01-07 02:30",25770.75,25775,25765,25772.25,2,+0.01%,1033
"2026-01-07 02:15",25775,25788,25768.75,25770.25,-4.25,-0.02%,963
"2026-01-07 02:00",25766,25778.75,25759.5,25774.5,8,+0.03%,1528
"2026-01-07 01:45",25769.5,25776.25,25765,25766.5,-2.25,-0.01%,469
"2026-01-07 01:30",25775,25775.75,25766.5,25768.75,-7.25,-0.03%,444
"2026-01-07 01:15",25772,25779.5,25771,25776,3.75,+0.01%,551
"2026-01-07 01:00",25768.75,25776.75,25764.75,25772.25,3,+0.01%,723
"2026-01-07 00:45",25772.5,25777.75,25768.25,25769.25,-2.25,-0.01%,708
"2026-01-07 00:30",25785.5,25792.75,25768.75,25771.5,-14.,-0.05%,785
"2026-01-07 00:15",25798.25,25799.75,25783.5,25785.5,-12.,-0.05%,726
"2026-01-07 00:00",25782.75,25798.5,25782.75,25797.5,14,+0.05%,617
"2026-01-06 23:45",25783,25786,25779,25783.5,0,0.00%,538
"2026-01-06 23:30",25785,25794.25,25782.75,25783.5,-1.,0.00%,560
"2026-01-06 23:15",25787.5,25790,25780.5,25784.5,-2.5,-0.01%,373
"2026-01-06 23:00",25785.75,25788.75,25775.5,25787,1.25,0.00%,824
"2026-01-06 22:45",25789.5,25794.75,25783.25,25785.75,-3.5,-0.01%,583
"2026-01-06 22:30",25781.5,25790,25780.5,25789.25,7.5,+0.03%,587
"2026-01-06 22:15",25791.25,25792.25,25781.25,25781.75,-9.25,-0.04%,695
"2026-01-06 22:00",25800,25804,25784.25,25791,-8.5,-0.03%,1233
"2026-01-06 21:45",25815.75,25819.75,25796.75,25799.5,-16.,-0.06%,960
"2026-01-06 21:30",25817.25,25819,25809.75,25815.5,-1.,0.00%,416
"2026-01-06 21:15",25813,25822,25812.5,25816.5,4,+0.02%,822
"2026-01-06 21:00",25807.25,25815.75,25806,25812.5,6.25,+0.02%,513
"2026-01-06 20:45",25810.75,25813,25801.75,25806.25,-4.5,-0.02%,495
"2026-01-06 20:30",25808.5,25812.5,25802.5,25810.75,1.5,+0.01%,758
"2026-01-06 20:15",25814.25,25817.75,25808.5,25809.25,-5.5,-0.02%,603
"2026-01-06 20:00",25815.75,25832.75,25810.25,25814.75,-2.75,-0.01%,1085
"2026-01-06 19:45",25818.75,25822.25,25811.75,25817.5,-1.5,-0.01%,615
"2026-01-06 19:30",25815.75,25829.75,25811.5,25819,3.5,+0.01%,1149
"2026-01-06 19:15",25831,25831,25812,25815.5,-15.75,-0.06%,1290
"2026-01-06 19:00",25828.75,25835,25826.75,25831.25,1.75,+0.01%,638
"2026-01-06 18:45",25823.75,25838.75,25823,25829.5,5,+0.02%,962
"2026-01-06 18:30",25831.5,25832,25819,25824.5,-7.,-0.03%,856
"2026-01-06 18:15",25831.75,25838,25827,25831.5,-0.5,0.00%,783
"2026-01-06 18:00",25825.25,25842.25,25820.75,25832,7.25,+0.03%,1776
"2026-01-06 17:45",25818.5,25831,25818.25,25824.75,5.75,+0.02%,782
"2026-01-06 17:30",25825,25825.25,25815.5,25819,-6.25,-0.02%,786
"2026-01-06 17:15",25828.75,25830.75,25820,25825.25,-3.5,-0.01%,606
"2026-01-06 17:00",25831.25,25844.75,25820.5,25828.75,-2.5,-0.01%,1709
"2026-01-06 15:45",25826,25833,25825,25831.25,5.25,+0.02%,1226
"2026-01-06 15:30",25822.75,25827.5,25818.5,25826,3.25,+0.01%,734
"2026-01-06 15:15",25820,25826.75,25819.5,25822.75,2.5,+0.01%,1244
"2026-01-06 15:00",25813.5,25826.25,25809.75,25820.25,6.75,+0.03%,7199
"2026-01-06 14:45",25829.25,25837.75,25811.75,25813.5,-15.5,-0.06%,22514
"2026-01-06 14:30",25810,25835.5,25807.75,25829,18.5,+0.07%,7447
"2026-01-06 14:15",25811.25,25824,25809.5,25810.5,-0.75,0.00%,6392
"2026-01-06 14:00",25807.75,25815.75,25801.25,25811.25,3.5,+0.01%,5635
"2026-01-06 13:45",25816.25,25818.75,25806,25807.75,-8.5,-0.03%,4767
"2026-01-06 13:30",25809,25821,25806.25,25816.25,7.25,+0.03%,6141
"2026-01-06 13:15",25807.5,25814.5,25801.5,25809,2,+0.01%,5894
"2026-01-06 13:00",25805,25810.25,25794,25807,2.25,+0.01%,7736
"2026-01-06 12:45",25783.5,25805.75,25782,25804.75,21,+0.08%,10086
"2026-01-06 12:30",25759.75,25785,25750,25783.75,24.25,+0.09%,8030
"2026-01-06 12:15",25763.5,25780.75,25757.75,25759.5,-4.25,-0.02%,7342
"2026-01-06 12:00",25759.75,25765,25745,25763.75,3.5,+0.01%,6587
"2026-01-06 11:45",25768.5,25772.5,25747.75,25760.25,-8.,-0.03%,7774
"2026-01-06 11:30",25735.5,25785.5,25734.25,25768.25,33.25,+0.13%,14449
"2026-01-06 11:15",25714.25,25744,25706.75,25735,21,+0.08%,11139
"2026-01-06 11:00",25696,25718.25,25674.5,25714,18.5,+0.07%,10127
"2026-01-06 10:45",25665.5,25701,25661.5,25695.5,31.25,+0.12%,10001
"2026-01-06 10:30",25676.75,25701,25658.75,25664.25,-12.,-0.05%,14542
"2026-01-06 10:15",25670.5,25707.75,25658.75,25676.25,6,+0.02%,15138
"2026-01-06 10:00",25687,25687.75,25639.25,25670.25,-17.25,-0.07%,21858
"2026-01-06 09:45",25723.25,25734.25,25673,25687.5,-36.,-0.14%,20387
"2026-01-06 09:30",25771.5,25773,25715.5,25723.5,-48.75,-0.19%,17911
"2026-01-06 09:15",25754,25779,25733.25,25772.25,18.25,+0.07%,16468
"2026-01-06 09:00",25753,25772.75,25726.5,25754,1,0.00%,23425
"2026-01-06 08:45",25666.25,25761.25,25662,25753,88.5,+0.34%,34248
"2026-01-06 08:30",25636,25677.75,25608,25664.5,28.75,+0.11%,42691
"2026-01-06 08:15",25615.75,25638.5,25608,25635.75,20.75,+0.08%,4453
"2026-01-06 08:00",25616.75,25618.75,25592.5,25615,-1.5,-0.01%,3689
"2026-01-06 07:45",25621.5,25625.5,25590.5,25616.5,-4.25,-0.02%,3619
"2026-01-06 07:30",25624,25637.25,25620.25,25620.75,-4.25,-0.02%,1302
"2026-01-06 07:15",25630.75,25642.25,25619.75,25625,-6.5,-0.03%,1202
"2026-01-06 07:00",25640.25,25650.5,25623.75,25631.5,-9.75,-0.04%,2473
"2026-01-06 06:45",25634,25649,25632,25641.25,8.25,+0.03%,1952
"2026-01-06 06:30",25615.5,25635,25611.5,25633,17,+0.07%,1189
"2026-01-06 06:15",25613.75,25617.25,25608,25616,2.5,+0.01%,580
"2026-01-06 06:00",25596,25617,25591.5,25613.5,16.75,+0.07%,1169
"2026-01-06 05:45",25596.5,25610.25,25590.5,25596.75,2,+0.01%,1155
"2026-01-06 05:30",25592.5,25597.5,25590.5,25594.75,2.75,+0.01%,509
"2026-01-06 05:15",25599.25,25602.25,25590.25,25592,-7.75,-0.03%,707
"2026-01-06 05:00",25593.5,25605.25,25592.25,25599.75,7.75,+0.03%,738
"2026-01-06 04:45",25591.5,25597,25584.25,25592,0.5,0.00%,708
"2026-01-06 04:30",25578.25,25594.5,25577,25591.5,11.25,+0.04%,438
"2026-01-06 04:15",25579.5,25583.75,25571.75,25580.25,0.5,0.00%,593
"2026-01-06 04:00",25585.5,25591.5,25576.25,25579.75,-7.,-0.03%,790
"2026-01-06 03:45",25587.75,25608,25580.5,25586.75,-1.5,-0.01%,2022
"2026-01-06 03:30",25569.5,25589.5,25564.25,25588.25,16.25,+0.06%,751
"2026-01-06 03:15",25577,25587.5,25560.75,25572,-6.75,-0.03%,1102
"2026-01-06 03:00",25572.5,25583,25557,25578.75,6.5,+0.03%,1874
"2026-01-06 02:45",25560,25578.25,25554.5,25572.25,13,+0.05%,1617
"2026-01-06 02:30",25553.75,25562.75,25527.5,25559.25,4.75,+0.02%,3324
"2026-01-06 02:15",25588.75,25593,25546.75,25554.5,-34.75,-0.14%,3457
"2026-01-06 02:00",25647.5,25647.75,25586.25,25589.25,-57.5,-0.22%,2549
"2026-01-06 01:45",25648.5,25649,25642.25,25646.75,-1.5,-0.01%,473
"2026-01-06 01:30",25653,25657.75,25646.5,25648.25,-4.75,-0.02%,435
"2026-01-06 01:15",25660,25660.5,25649.25,25653,-7.75,-0.03%,464
"2026-01-06 01:00",25669.5,25670,25654.5,25660.75,-7.5,-0.03%,541
"2026-01-06 00:45",25672.75,25673.25,25664.25,25668.25,-4.75,-0.02%,379
"2026-01-06 00:30",25661.75,25674.25,25660.5,25673,12,+0.05%,688
"2026-01-06 00:15",25656.25,25668,25654.75,25661,4,+0.02%,897
"2026-01-06 00:00",25643,25658.25,25641.75,25657,14.25,+0.06%,623
"2026-01-05 23:45",25643.25,25643.75,25638.5,25642.75,0.5,0.00%,345
"2026-01-05 23:30",25647.75,25650.5,25642,25642.25,-5.25,-0.02%,399
"2026-01-05 23:15",25651.25,25653.25,25646.25,25647.5,-3.25,-0.01%,402
"2026-01-05 23:00",25647,25651.75,25640.5,25650.75,4.5,+0.02%,582
"2026-01-05 22:45",25639.5,25648,25636.5,25646.25,7,+0.03%,487
"2026-01-05 22:30",25640.75,25645.25,25632.5,25639.25,-1.25,0.00%,1437
"2026-01-05 22:15",25637,25640.75,25633.75,25640.5,4,+0.02%,526
"2026-01-05 22:00",25620.75,25640,25620.5,25636.5,16.25,+0.06%,812
"2026-01-05 21:45",25626,25626.75,25616,25620.25,-6.25,-0.02%,537
"2026-01-05 21:30",25623,25627.25,25621,25626.5,4.25,+0.02%,425
"2026-01-05 21:15",25625,25627.5,25620.5,25622.25,-3.,-0.01%,381
"2026-01-05 21:00",25623.75,25629.25,25620.75,25625.25,1.75,+0.01%,549
"2026-01-05 20:45",25614.75,25625.5,25611.75,25623.5,9.5,+0.04%,706
"2026-01-05 20:30",25604,25616.75,25600.75,25614,10.5,+0.04%,788
"2026-01-05 20:15",25594.5,25608,25592.25,25603.5,9,+0.04%,614
"2026-01-05 20:00",25598,25606.25,25593.5,25594.5,-3.,-0.01%,718
"2026-01-05 19:45",25593.75,25602.75,25590.75,25597.5,5,+0.02%,776
"2026-01-05 19:30",25593.25,25598.5,25591,25592.5,-1.75,-0.01%,649
"2026-01-05 19:15",25571.25,25598.5,25566.25,25594.25,22.25,+0.09%,1126
"2026-01-05 19:00",25563.5,25579,25555.25,25572,8.75,+0.03%,1347
"2026-01-05 18:45",25559.75,25566.5,25558,25563.25,4.5,+0.02%,679
"2026-01-05 18:30",25571.75,25574.25,25552.25,25558.75,-13.5,-0.05%,1011
"2026-01-05 18:15",25556,25572.25,25554.25,25572.25,16.25,+0.06%,945
"2026-01-05 18:00",25566,25582.25,25555.5,25556,-9.5,-0.04%,1452
"2026-01-05 17:45",25571.25,25573.75,25560.75,25565.5,-4.75,-0.02%,993
"2026-01-05 17:30",25587.75,25588,25565.75,25570.25,-17.25,-0.07%,1087
"2026-01-05 17:15",25588.75,25591,25577.75,25587.5,-1.25,0.00%,651
"2026-01-05 17:00",25583,25598.75,25579,25588.75,10.5,+0.04%,1150
"2026-01-05 15:45",25579.75,25584.75,25576.25,25578.25,-1.,0.00%,771
"2026-01-05 15:30",25585.25,25588.5,25578.25,25579.25,-5.25,-0.02%,800
"2026-01-05 15:15",25579.25,25588.5,25576.75,25584.5,5.25,+0.02%,1268
"2026-01-05 15:00",25587,25590.75,25573.25,25579.25,-7.5,-0.03%,6481
"2026-01-05 14:45",25599.5,25613,25566,25586.75,-13.,-0.05%,23162
"2026-01-05 14:30",25600.5,25605.25,25590,25599.75,-0.75,0.00%,6102
"2026-01-05 14:15",25600,25605.25,25592.75,25600.5,0.75,0.00%,5142
"2026-01-05 14:00",25577,25604,25565,25599.75,22.25,+0.09%,8465
"2026-01-05 13:45",25562.5,25587.5,25562,25577.5,14.75,+0.06%,8694
"2026-01-05 13:30",25585.5,25591.25,25549.5,25562.75,-22.75,-0.09%,10427
"2026-01-05 13:15",25601,25604.75,25584,25585.5,-16.,-0.06%,5203
"2026-01-05 13:00",25612.75,25618.75,25592,25601.5,-11.25,-0.04%,6450
"2026-01-05 12:45",25618.25,25625.5,25605.75,25612.75,-5.25,-0.02%,5503
"2026-01-05 12:30",25605.25,25620.5,25589,25618,12.75,+0.05%,7887
"2026-01-05 12:15",25597.5,25607.5,25557,25605.25,7.5,+0.03%,14258
"2026-01-05 12:00",25627,25632.25,25588.25,25597.75,-29.,-0.11%,8984
"2026-01-05 11:45",25613.5,25635,25610.25,25626.75,12.5,+0.05%,7745
"2026-01-05 11:30",25629.5,25632.25,25607.5,25614.25,-15.,-0.06%,9694
"2026-01-05 11:15",25672,25673,25615.25,25629.25,-41.75,-0.16%,12169
"2026-01-05 11:00",25659,25673.5,25643.75,25671,12.75,+0.05%,11994
"2026-01-05 10:45",25680.5,25708,25657,25658.25,-22.25,-0.09%,11137
"2026-01-05 10:30",25683.25,25696.5,25662.75,25680.5,-3.,-0.01%,10754
"2026-01-05 10:15",25672.75,25690.5,25668.25,25683.5,11,+0.04%,9604
"2026-01-05 10:00",25665.25,25696.75,25651.25,25672.5,7.5,+0.03%,13346
"2026-01-05 09:45",25641,25671.75,25640.75,25665,23.75,+0.09%,12689
"2026-01-05 09:30",25674.25,25690.5,25637,25641.25,-31.75,-0.12%,16562
"2026-01-05 09:15",25639.5,25683.75,25625.75,25673,33.5,+0.13%,19375
"2026-01-05 09:00",25593.25,25654.75,25566,25639.5,39.75,+0.16%,23370
"2026-01-05 08:45",25602.25,25632.5,25559.75,25599.75,-2.25,-0.01%,30908
"2026-01-05 08:30",25642.5,25672.5,25538.5,25602,-40.75,-0.16%,55539
"2026-01-05 08:15",25607.25,25647,25606.5,25642.75,36,+0.14%,8081
"2026-01-05 08:00",25576,25616.75,25575.5,25606.75,30.75,+0.12%,5529
"2026-01-05 07:45",25546.75,25592.75,25545,25576,28.5,+0.11%,3201
"2026-01-05 07:30",25537.75,25564,25537.75,25547.5,10,+0.04%,2687
"2026-01-05 07:15",25562,25563,25520.25,25537.5,-24.5,-0.10%,2774
"2026-01-05 07:00",25558.25,25572.25,25545,25562,4.75,+0.02%,1817
"2026-01-05 06:45",25551.75,25563.5,25544.5,25557.25,6.25,+0.02%,1052
"2026-01-05 06:30",25560,25572.25,25545,25551,-8.5,-0.03%,1629
"2026-01-05 06:15",25568.25,25578.75,25557.5,25559.5,-11.,-0.04%,732
"2026-01-05 06:00",25567.5,25588.25,25562,25570.5,3,+0.01%,1687
"2026-01-05 05:45",25566.25,25577,25565.75,25567.5,0.75,0.00%,796
"2026-01-05 05:30",25548.25,25573.25,25548,25566.75,18.25,+0.07%,1271
"2026-01-05 05:15",25554.75,25567.75,25548.5,25548.5,-6.,-0.02%,905
"2026-01-05 05:00",25554.25,25563.25,25544,25554.5,0.75,0.00%,857
"2026-01-05 04:45",25542.25,25559,25542.25,25553.75,12.75,+0.05%,992
"2026-01-05 04:30",25544.5,25548.25,25534,25541,-3.25,-0.01%,768
"2026-01-05 04:15",25541.5,25555,25540,25544.25,3.5,+0.01%,1108
"2026-01-05 04:00",25512.25,25545.75,25511.25,25540.75,28.75,+0.11%,1039
"2026-01-05 03:45",25517,25523.5,25505.75,25512,-5.,-0.02%,732
"2026-01-05 03:30",25498,25524.5,25496,25517,17.5,+0.07%,999
"2026-01-05 03:15",25522.25,25529.75,25495.75,25499.5,-23.75,-0.09%,1192
"2026-01-05 03:00",25511.25,25532.25,25506.5,25523.25,11.25,+0.04%,1289
"2026-01-05 02:45",25521.75,25528,25507.5,25512,-10.,-0.04%,1083
"2026-01-05 02:30",25536.5,25544.75,25515.5,25522,-15.5,-0.06%,1503
"2026-01-05 02:15",25521.75,25556.75,25518,25537.5,17.5,+0.07%,2937
"2026-01-05 02:00",25478,25526.25,25467.75,25520,42,+0.16%,2141
"2026-01-05 01:45",25463.75,25483.5,25455,25478,13.75,+0.05%,843
"2026-01-05 01:30",25470.25,25483.5,25462,25464.25,-7.,-0.03%,847
"2026-01-05 01:15",25493.25,25493.5,25460.25,25471.25,-22.5,-0.09%,1194
"2026-01-05 01:00",25506.25,25509,25488.5,25493.75,-12.5,-0.05%,799
"2026-01-05 00:45",25489.25,25507.25,25488.25,25506.25,17.25,+0.07%,617
"2026-01-05 00:30",25479.75,25489.75,25468.75,25489,9.75,+0.04%,976
"2026-01-05 00:15",25495.75,25504.25,25478,25479.25,-16.,-0.06%,955
"2026-01-05 00:00",25494.5,25502,25491.25,25495.25,0,0.00%,717
"2026-01-04 23:45",25482,25497,25479.75,25495.25,13.25,+0.05%,837
"2026-01-04 23:30",25479.75,25484.5,25475.25,25482,3,+0.01%,433
"2026-01-04 23:15",25471.25,25482.75,25465.5,25479,8.75,+0.03%,622
"2026-01-04 23:00",25488,25488.5,25469,25470.25,-17.25,-0.07%,780
"2026-01-04 22:45",25481.25,25491.75,25481.25,25487.5,6.5,+0.03%,820
"2026-01-04 22:30",25462.25,25481,25461,25481,18.5,+0.07%,633
"2026-01-04 22:15",25460.5,25472.5,25457.75,25462.5,1.25,0.00%,537
"2026-01-04 22:00",25463.75,25465.25,25459,25461.25,-2.75,-0.01%,411
"2026-01-04 21:45",25465.75,25468.75,25457.5,25464,-1.,0.00%,555
"2026-01-04 21:30",25473.5,25473.75,25462.5,25465,-9.75,-0.04%,474
"2026-01-04 21:15",25472,25477.25,25467.25,25474.75,3,+0.01%,494
"2026-01-04 21:00",25474.25,25482.75,25471,25471.75,-2.25,-0.01%,707
"2026-01-04 20:45",25466,25480,25466,25474,6.75,+0.03%,645
"2026-01-04 20:30",25466.75,25471.5,25452.25,25467.25,1,0.00%,963
"2026-01-04 20:15",25470,25475,25460.75,25466.25,-3.25,-0.01%,579
"2026-01-04 20:00",25459.25,25483.25,25459,25469.5,11.25,+0.04%,1113
"2026-01-04 19:45",25477.5,25479.75,25452,25458.25,-20.,-0.08%,1502
"2026-01-04 19:30",25468.5,25486,25463.75,25478.25,9.5,+0.04%,1283
"2026-01-04 19:15",25464.75,25469.75,25450,25468.75,5.25,+0.02%,1274
"2026-01-04 19:00",25467,25487.5,25451.75,25463.5,-3.25,-0.01%,2733
"2026-01-04 18:45",25452.75,25471.25,25452.5,25466.75,13.5,+0.05%,1163
"2026-01-04 18:30",25470,25472.5,25434.75,25453.25,-16.,-0.06%,1494
"2026-01-04 18:15",25453.75,25479.5,25453.25,25469.25,15,+0.06%,1627
"2026-01-04 18:00",25459.25,25478.5,25448.25,25454.25,-2.75,-0.01%,2329
"2026-01-04 17:45",25433.25,25461.75,25417.5,25457,24.5,+0.10%,1786
"2026-01-04 17:30",25459,25461,25431.25,25432.5,-26.75,-0.11%,2133
"2026-01-04 17:15",25425,25463.25,25421.25,25459.25,37,+0.15%,2413
"2026-01-04 17:00",25431.75,25455.75,25406.5,25422.25,27.75,+0.11%,3431
"2026-01-02 15:45",25399,25399.75,25379.25,25394.5,-4.75,-0.02%,865
"2026-01-02 15:30",25395,25401.25,25394.25,25399.25,4.25,+0.02%,906
"2026-01-02 15:15",25396.75,25398.25,25391,25395,-1.5,-0.01%,1288
"2026-01-02 15:00",25385.25,25415,25381.5,25396.5,11.5,+0.05%,9564
"2026-01-02 14:45",25393.5,25404,25362,25385,-8.75,-0.03%,26832
"2026-01-02 14:30",25431.5,25440.25,25391.25,25393.75,-38.25,-0.15%,7724
"2026-01-02 14:15",25421.25,25450.5,25415.5,25432,11,+0.04%,7353
"2026-01-02 14:00",25399.5,25434.5,25387.5,25421,21.5,+0.08%,7757
"2026-01-02 13:45",25432.75,25444.25,25387.25,25399.5,-35.,-0.14%,10842
"2026-01-02 13:30",25410.75,25457,25409.75,25434.5,23.5,+0.09%,10472
"2026-01-02 13:15",25385.75,25420,25364,25411,24.75,+0.10%,9836
"2026-01-02 13:00",25294.5,25394.25,25288.5,25386.25,91.25,+0.36%,11701
"2026-01-02 12:45",25339.5,25351.75,25265.25,25295,-44.25,-0.17%,14089
"2026-01-02 12:30",25332.75,25347.75,25315.5,25339.25,6.75,+0.03%,5949
"2026-01-02 12:15",25315.75,25363.75,25305.25,25332.5,16,+0.06%,8195
"2026-01-02 12:00",25323.5,25352.25,25313,25316.5,-7.25,-0.03%,8695
"2026-01-02 11:45",25372.5,25384.5,25310.75,25323.75,-48.5,-0.19%,14041
"2026-01-02 11:30",25388.25,25400.75,25361,25372.25,-13.25,-0.05%,7443
"2026-01-02 11:15",25396.75,25405.5,25361.75,25385.5,-11.5,-0.05%,7222
"2026-01-02 11:00",25340.75,25403.25,25315.25,25397,56,+0.22%,11644
"2026-01-02 10:45",25364.75,25382,25303.5,25341,-25.,-0.10%,18050
"2026-01-02 10:30",25376,25427.25,25361.75,25366,-10.75,-0.04%,17658
"2026-01-02 10:15",25379,25406.25,25328.25,25376.75,-2.,-0.01%,20473
"2026-01-02 10:00",25375.75,25381.5,25293.75,25378.75,3.75,+0.01%,29701
"2026-01-02 09:45",25582,25593.5,25360.5,25375,-207.25,-0.81%,32179
"2026-01-02 09:30",25489.25,25604.5,25468,25582.25,92.75,+0.36%,24887
"2026-01-02 09:15",25603.75,25606.5,25457.25,25489.5,-114.5,-0.45%,37183
"2026-01-02 09:00",25733.75,25780,25593.5,25604,-129.,-0.50%,29139
"2026-01-02 08:45",25691,25803.75,25689.25,25733,42.25,+0.16%,30304
"2026-01-02 08:30",25687,25733.5,25638.25,25690.75,4.25,+0.02%,38487
"2026-01-02 08:15",25675.25,25697.75,25662.25,25686.5,11.5,+0.04%,5753
"2026-01-02 08:00",25692,25707,25673.75,25675,-17.75,-0.07%,3503
"2026-01-02 07:45",25694.25,25702,25679.25,25692.75,-1.5,-0.01%,2490
"2026-01-02 07:30",25697,25703,25688.25,25694.25,-3.5,-0.01%,1746
"2026-01-02 07:15",25703,25709,25688,25697.75,-4.75,-0.02%,1501
"2026-01-02 07:00",25703.25,25707.75,25696.25,25702.5,-0.5,0.00%,1271
"2026-01-02 06:45",25703.5,25705,25693.75,25703,-0.25,0.00%,1029
"2026-01-02 06:30",25695.25,25705.5,25687.5,25703.25,8.75,+0.03%,1114
"2026-01-02 06:15",25692.25,25701.75,25688,25694.5,2.75,+0.01%,1247
"2026-01-02 06:00",25726.25,25727.25,25680,25691.75,-35.5,-0.14%,3057
"2026-01-02 05:45",25727,25729.25,25716.5,25727.25,-0.5,0.00%,803
"2026-01-02 05:30",25717.25,25729,25717.25,25727.75,10.25,+0.04%,690
"2026-01-02 05:15",25734.75,25736.25,25714,25717.5,-17.5,-0.07%,1033
"2026-01-02 05:00",25730.25,25742.75,25729.5,25735,4.25,+0.02%,1090
"2026-01-02 04:45",25722.5,25736.5,25722,25730.75,8.25,+0.03%,783
"2026-01-02 04:30",25716.5,25723.5,25707.5,25722.5,5.5,+0.02%,967
"2026-01-02 04:15",25725.5,25736.25,25712.25,25717,-9.5,-0.04%,1021
"2026-01-02 04:00",25734,25737.25,25722.75,25726.5,-6.5,-0.03%,930
"2026-01-02 03:45",25730.25,25737,25721.75,25733,2.5,+0.01%,1179
"2026-01-02 03:30",25733.75,25734.5,25724,25730.5,-2.25,-0.01%,1108
"2026-01-02 03:15",25735,25736,25715.25,25732.75,-2.5,-0.01%,1175
"2026-01-02 03:00",25709,25740.5,25705.25,25735.25,25,+0.10%,2777
"2026-01-02 02:45",25693,25718.5,25690.75,25710.25,18.25,+0.07%,2021
"2026-01-02 02:30",25687.75,25696,25676,25692,4.5,+0.02%,1081
"2026-01-02 02:15",25689.75,25701,25679.25,25687.5,-1.5,-0.01%,2225
"2026-01-02 02:00",25637.75,25693,25637,25689,51.5,+0.20%,3422
"2026-01-02 01:45",25639.5,25643,25627,25637.5,-2.75,-0.01%,880
"2026-01-02 01:30",25637.25,25643.75,25634.75,25640.25,3,+0.01%,314
"2026-01-02 01:15",25631.25,25642.75,25624.75,25637.25,5.5,+0.02%,1034
"2026-01-02 01:00",25636.25,25647.5,25631.75,25631.75,-4.75,-0.02%,670
"2026-01-02 00:45",25646.75,25648.75,25635.5,25636.5,-10.25,-0.04%,528
"2026-01-02 00:30",25639.5,25650,25634.5,25646.75,7.25,+0.03%,767
"2026-01-02 00:15",25640.25,25643.75,25638.25,25639.5,-0.5,0.00%,348
"2026-01-02 00:00",25638.25,25644,25634,25640,1,0.00%,611
"2026-01-01 23:45",25622.75,25644,25622.75,25639,16.25,+0.06%,942
"2026-01-01 23:30",25631,25632,25621.5,25622.75,-7.5,-0.03%,671
"2026-01-01 23:15",25622.25,25633.25,25622,25630.25,7.5,+0.03%,588
"2026-01-01 23:00",25625.75,25627.75,25612.5,25622.75,-3.,-0.01%,814
"2026-01-01 22:45",25632.25,25633.75,25623.5,25625.75,-6.75,-0.03%,432
"2026-01-01 22:30",25629.25,25634.5,25617.25,25632.5,3.25,+0.01%,1050
"2026-01-01 22:15",25628,25638.25,25621.25,25629.25,0,0.00%,863
"2026-01-01 22:00",25625.5,25633.25,25619.5,25629.25,4,+0.02%,987
"2026-01-01 21:45",25619.75,25625.75,25613,25625.25,6.25,+0.02%,856
"2026-01-01 21:30",25604.5,25622.5,25596,25619,15,+0.06%,1528
"2026-01-01 21:15",25604.75,25606.5,25599,25604,-0.25,0.00%,449
"2026-01-01 21:00",25603.25,25608.75,25596,25604.25,0.5,0.00%,999
"2026-01-01 20:45",25589.5,25607.5,25586.5,25603.75,13.5,+0.05%,1173
"2026-01-01 20:30",25589.5,25595,25583.5,25590.25,0.25,0.00%,1007
"2026-01-01 20:15",25573,25595.25,25567.75,25590,17.25,+0.07%,1585
"2026-01-01 20:00",25555.25,25574,25555,25572.75,17.25,+0.07%,1443
"2026-01-01 19:45",25550.25,25556.25,25541.5,25555.5,6.5,+0.03%,1084
"2026-01-01 19:30",25532.25,25554,25531.5,25549,16.25,+0.06%,1445
"2026-01-01 19:15",25531.25,25535.5,25518,25532.75,3,+0.01%,1095
"2026-01-01 19:00",25511,25536,25510.25,25529.75,19,+0.07%,1229
"2026-01-01 18:45",25499.5,25514,25497,25510.75,11.5,+0.05%,654
"2026-01-01 18:30",25505,25508,25493.25,25499.25,-5.75,-0.02%,550
"2026-01-01 18:15",25485.25,25508.5,25483.5,25505,17.75,+0.07%,888
"2026-01-01 18:00",25497,25500,25473.75,25487.25,-9.75,-0.04%,898
"2026-01-01 17:45",25491.25,25504,25488.25,25497,5,+0.02%,741
"2026-01-01 17:30",25485,25498,25478.25,25492,8,+0.03%,768
"2026-01-01 17:15",25480.75,25494.75,25479,25484,3.5,+0.01%,992
"2026-01-01 17:00",25478.5,25491.25,25448.5,25480.5,45.75,+0.18%,2206
"2025-12-31 15:45",25443,25444.5,25429,25434.75,-8.25,-0.03%,2297
"2025-12-31 15:30",25445,25445.5,25436,25443,-2.,-0.01%,853
"2025-12-31 15:15",25459,25459,25440,25445,-14.,-0.05%,2155
"2025-12-31 15:00",25455,25471.5,25441,25459,3.75,+0.01%,11043
"2025-12-31 14:45",25505.25,25508.75,25444.5,25455.25,-50.,-0.20%,26962
"2025-12-31 14:30",25478,25513.5,25470.25,25505.25,27.25,+0.11%,9916
"2025-12-31 14:15",25498.5,25512.5,25471.75,25478,-20.75,-0.08%,8986
"2025-12-31 14:00",25535.75,25539.5,25484.5,25498.75,-37.,-0.14%,11676
"2025-12-31 13:45",25549.25,25556.25,25532,25535.75,-13.25,-0.05%,5751
"2025-12-31 13:30",25582,25585.25,25535.5,25549,-33.,-0.13%,12201
"2025-12-31 13:15",25620.25,25620.75,25580.5,25582,-37.75,-0.15%,6882
"2025-12-31 13:00",25614.5,25634.5,25614,25619.75,5.5,+0.02%,4121
"2025-12-31 12:45",25618,25629.5,25611.75,25614.25,-4.,-0.02%,5291
"2025-12-31 12:30",25603.5,25626.5,25596.5,25618.25,15,+0.06%,6105
"2025-12-31 12:15",25603,25604.75,25584.25,25603.25,0.5,0.00%,4361
"2025-12-31 12:00",25581.5,25603,25572.5,25602.75,21.25,+0.08%,4455
"2025-12-31 11:45",25594.5,25596,25571.75,25581.5,-12.75,-0.05%,5197
"2025-12-31 11:30",25587,25604.75,25583.25,25594.25,7,+0.03%,5170
"2025-12-31 11:15",25581,25592.5,25576.75,25587.25,6.5,+0.03%,4674
"2025-12-31 11:00",25605,25606.5,25568,25580.75,-24.25,-0.09%,7133
"2025-12-31 10:45",25579,25607.5,25572,25605,26.5,+0.10%,6577
"2025-12-31 10:30",25596.5,25597.75,25572,25578.5,-17.5,-0.07%,6894
"2025-12-31 10:15",25563,25597.5,25562.75,25596,33.25,+0.13%,6838
"2025-12-31 10:00",25554.25,25569,25552.75,25562.75,7.75,+0.03%,6997
"2025-12-31 09:45",25587.75,25588.5,25542.5,25555,-32.5,-0.13%,10430
"2025-12-31 09:30",25602.25,25608.75,25574,25587.5,-15.,-0.06%,7443
"2025-12-31 09:15",25603.5,25611,25568,25602.5,-0.5,0.00%,12268
"2025-12-31 09:00",25606.25,25618,25582.5,25603,-2.5,-0.01%,12298
"2025-12-31 08:45",25619.75,25635.25,25581.5,25605.5,-14.5,-0.06%,19706
"2025-12-31 08:30",25678.75,25692,25609.25,25620,-58.5,-0.23%,25205
"2025-12-31 08:15",25700.75,25702.75,25678.5,25678.5,-22.5,-0.09%,3286
"2025-12-31 08:00",25702.75,25716.75,25698.75,25701,-2.,-0.01%,2537
"2025-12-31 07:45",25675.5,25714.75,25672.75,25703,27.75,+0.11%,5026
"2025-12-31 07:30",25649,25675.5,25641.25,25675.25,28,+0.11%,2698
"2025-12-31 07:15",25629.25,25650,25628.5,25647.25,17.75,+0.07%,1398
"2025-12-31 07:00",25629.25,25634.75,25621.75,25629.5,0.5,0.00%,945
"2025-12-31 06:45",25622.5,25631.75,25620.25,25629,7,+0.03%,704
"2025-12-31 06:30",25622.5,25632,25620,25622,-0.75,0.00%,952
"2025-12-31 06:15",25607.25,25628.75,25607.25,25622.75,15.5,+0.06%,1020
"2025-12-31 06:00",25609.25,25615.5,25598.25,25607.25,-2.25,-0.01%,1164
"2025-12-31 05:45",25605.5,25611.75,25600,25609.5,5.25,+0.02%,750
"2025-12-31 05:30",25595.25,25605.5,25594,25604.25,8.5,+0.03%,525
"2025-12-31 05:15",25593.25,25599,25581.5,25595.75,2.75,+0.01%,603
"2025-12-31 05:00",25585,25595.75,25584.25,25593,8.5,+0.03%,483
"2025-12-31 04:45",25581.75,25585.75,25576.25,25584.5,2.5,+0.01%,312
"2025-12-31 04:30",25585.5,25591.5,25576,25582,-3.75,-0.01%,508
"2025-12-31 04:15",25573.75,25587,25573,25585.75,11.25,+0.04%,404
"2025-12-31 04:00",25569.25,25575.5,25561,25574.5,5,+0.02%,726
"2025-12-31 03:45",25572.5,25577.75,25567.5,25569.5,-2.25,-0.01%,475
"2025-12-31 03:30",25569.5,25580,25568.25,25571.75,1.5,+0.01%,413
"2025-12-31 03:15",25576.5,25583.25,25566.5,25570.25,-5.5,-0.02%,883
"2025-12-31 03:00",25558.5,25584.75,25555.75,25575.75,16.75,+0.07%,1684
"2025-12-31 02:45",25567.75,25571.75,25558.25,25559,-8.5,-0.03%,707
"2025-12-31 02:30",25577.75,25580.25,25552.5,25567.5,-10.75,-0.04%,1922
"2025-12-31 02:15",25588.25,25592,25577.75,25578.25,-10.75,-0.04%,964
"2025-12-31 02:00",25597.25,25603.5,25584,25589,-9.25,-0.04%,797
"2025-12-31 01:45",25606,25607.25,25591,25598.25,-6.5,-0.03%,566
"2025-12-31 01:30",25600.5,25609.75,25598.5,25604.75,5.25,+0.02%,838
"2025-12-31 01:15",25583.75,25600.5,25577,25599.5,16.25,+0.06%,885
"2025-12-31 01:00",25595.5,25602.25,25576.5,25583.25,-12.75,-0.05%,1014
"2025-12-31 00:45",25594.75,25597.25,25588.5,25596,1.75,+0.01%,442
"2025-12-31 00:30",25585,25595.75,25584.75,25594.25,9.25,+0.04%,447
"2025-12-31 00:15",25602.75,25603.75,25579.25,25585,-18.5,-0.07%,1098
"2025-12-31 00:00",25599,25606,25593,25603.5,4.5,+0.02%,532
"2025-12-30 23:45",25612,25613,25593.75,25599,-13.25,-0.05%,782
"2025-12-30 23:30",25621.25,25626.25,25608.25,25612.25,-8.75,-0.03%,520
"2025-12-30 23:15",25615.75,25623.75,25612.5,25621,5.75,+0.02%,384
"2025-12-30 23:00",25616.75,25624.25,25615.25,25615.25,-1.,0.00%,395
"2025-12-30 22:45",25620.75,25622,25614,25616.25,-4.25,-0.02%,345
"2025-12-30 22:30",25626.25,25629.75,25620,25620.5,-6.25,-0.02%,300
"2025-12-30 22:15",25628.25,25633.75,25624.5,25626.75,-1.,0.00%,528
"2025-12-30 22:00",25616.75,25628,25615.75,25627.75,12,+0.05%,384
"2025-12-30 21:45",25612.25,25616.75,25610,25615.75,4.5,+0.02%,338
"2025-12-30 21:30",25614.75,25615.75,25606.75,25611.25,-2.75,-0.01%,413
"2025-12-30 21:15",25628,25633.5,25614,25614,-13.5,-0.05%,394
"2025-12-30 21:00",25626.25,25632.5,25621.25,25627.5,1.25,0.00%,325
"2025-12-30 20:45",25623.75,25629.25,25605,25626.25,2.25,+0.01%,1153
"2025-12-30 20:30",25629.25,25635.75,25619.75,25624,-5.,-0.02%,899
"2025-12-30 20:15",25618.75,25631.25,25615,25629,10,+0.04%,618
"2025-12-30 20:00",25617.5,25629,25611.5,25619,1,0.00%,796
"2025-12-30 19:45",25616.25,25623.25,25611.5,25618,1.75,+0.01%,526
"2025-12-30 19:30",25618,25621.25,25608,25616.25,-2.75,-0.01%,674
"2025-12-30 19:15",25614.25,25624.5,25608,25619,3.75,+0.01%,1068
"2025-12-30 19:00",25614,25621.75,25588,25615.25,1,0.00%,2438
"2025-12-30 18:45",25635.5,25635.75,25604.75,25614.25,-21.5,-0.08%,2759
"2025-12-30 18:30",25647.25,25648.25,25634.5,25635.75,-12.25,-0.05%,533
"2025-12-30 18:15",25644.75,25650.75,25639.5,25648,3.75,+0.01%,498
"2025-12-30 18:00",25656.75,25657,25634,25644.25,-12.75,-0.05%,1020
"2025-12-30 17:45",25657.5,25658.25,25650.5,25657,0,0.00%,255
"2025-12-30 17:30",25664.5,25667.5,25643.75,25657,-7.75,-0.03%,1228
"2025-12-30 17:15",25662.25,25672,25660,25664.75,1.75,+0.01%,650
"2025-12-30 17:00",25683.25,25689.5,25657.25,25663,-13.,-0.05%,1465
"2025-12-30 15:45",25686.5,25688.5,25673.5,25676,-10.75,-0.04%,1010
"2025-12-30 15:30",25685.75,25688.5,25681.25,25686.75,1,0.00%,592
"2025-12-30 15:15",25686.5,25691.75,25683,25685.75,-0.25,0.00%,918
"2025-12-30 15:00",25678.25,25689.5,25669.75,25686,7.75,+0.03%,6042
"2025-12-30 14:45",25709.75,25710,25668.25,25678.25,-31.5,-0.12%,16012
"2025-12-30 14:30",25704.75,25715.25,25701.75,25709.75,5,+0.02%,4797
"2025-12-30 14:15",25692.5,25717.75,25690.75,25704.75,12,+0.05%,5948
"2025-12-30 14:00",25711.5,25713.25,25682.25,25692.75,-19.25,-0.07%,6863
"2025-12-30 13:45",25727,25727.5,25705.5,25712,-15.25,-0.06%,5877
"2025-12-30 13:30",25736,25741,25723.25,25727.25,-8.75,-0.03%,4597
"2025-12-30 13:15",25735.5,25743,25730.25,25736,0.5,0.00%,5061
"2025-12-30 13:00",25732.5,25736.25,25714.5,25735.5,3,+0.01%,6163
"2025-12-30 12:45",25729,25738.75,25724,25732.5,4.25,+0.02%,3680
"2025-12-30 12:30",25736.75,25744.25,25718,25728.25,-8.5,-0.03%,5830
"2025-12-30 12:15",25730.75,25739.5,25726.75,25736.75,6,+0.02%,4225
"2025-12-30 12:00",25728.75,25734.75,25707.5,25730.75,2,+0.01%,5847
"2025-12-30 11:45",25721.5,25733.25,25712,25728.75,7,+0.03%,5089
"2025-12-30 11:30",25721.5,25739,25716.5,25721.75,0.25,0.00%,6136
"2025-12-30 11:15",25708.75,25723.75,25699.5,25721.5,13,+0.05%,6384
"2025-12-30 11:00",25719.75,25723,25706.5,25708.5,-11.25,-0.04%,7859
"2025-12-30 10:45",25740,25742.5,25717,25719.75,-19.75,-0.08%,7265
"2025-12-30 10:30",25774,25776.5,25731.25,25739.5,-34.75,-0.13%,9890
"2025-12-30 10:15",25758.5,25793.75,25757.5,25774.25,16.25,+0.06%,9966
"2025-12-30 10:00",25744.5,25766,25739.5,25758,14,+0.05%,11499
"2025-12-30 09:45",25693.25,25753.25,25687.5,25744,52.75,+0.21%,14904
"2025-12-30 09:30",25697,25703.75,25681.5,25691.25,-6.25,-0.02%,7700
"2025-12-30 09:15",25696,25722.75,25686.25,25697.5,2,+0.01%,12827
"2025-12-30 09:00",25756,25761.5,25683.5,25695.5,-61.25,-0.24%,17324
"2025-12-30 08:45",25691,25774.75,25674.25,25756.75,65.5,+0.25%,25273
"2025-12-30 08:30",25692.75,25733.5,25681.75,25691.25,-1.75,-0.01%,24556
"2025-12-30 08:15",25720,25722.25,25688.75,25693,-27.25,-0.11%,3781
"2025-12-30 08:00",25714.25,25721.25,25704.75,25720.25,6.5,+0.03%,1739
"2025-12-30 07:45",25707.25,25715,25691.25,25713.75,7,+0.03%,2003
"2025-12-30 07:30",25733.25,25735.25,25695,25706.75,-27.,-0.10%,2821
"2025-12-30 07:15",25734.25,25744.75,25731,25733.75,-1.,0.00%,1104
"2025-12-30 07:00",25726.25,25742.25,25723.5,25734.75,8.25,+0.03%,957
"2025-12-30 06:45",25734,25736.5,25721.5,25726.5,-7.5,-0.03%,636
"2025-12-30 06:30",25728,25735,25712.25,25734,6,+0.02%,981
"2025-12-30 06:15",25737.75,25743.5,25724.75,25728,-9.25,-0.04%,664
"2025-12-30 06:00",25732.5,25741,25729,25737.25,4.75,+0.02%,748
"2025-12-30 05:45",25715,25736,25713.75,25732.5,18,+0.07%,761
"2025-12-30 05:30",25707,25715,25705,25714.5,7.5,+0.03%,531
"2025-12-30 05:15",25717.5,25717.5,25702.5,25707,-9.75,-0.04%,1002
"2025-12-30 05:00",25728.5,25728.5,25707.25,25716.75,-10.5,-0.04%,828
"2025-12-30 04:45",25738.25,25740.75,25718.75,25727.25,-12.75,-0.05%,781
"2025-12-30 04:30",25737.75,25741.75,25729.5,25740,2.25,+0.01%,570
"2025-12-30 04:15",25737.75,25745.75,25736.25,25737.75,-1.,0.00%,484
"2025-12-30 04:00",25738.75,25744.75,25733.5,25738.75,-0.25,0.00%,376
"2025-12-30 03:45",25738.5,25741.25,25730,25739,0.25,0.00%,489
"2025-12-30 03:30",25748.5,25752.25,25737.5,25738.75,-10.75,-0.04%,451
"2025-12-30 03:15",25737,25750.75,25736.75,25749.5,12.5,+0.05%,504
"2025-12-30 03:00",25739.5,25748.5,25729.25,25737,-1.75,-0.01%,887
"2025-12-30 02:45",25729.5,25741.25,25729,25738.75,10,+0.04%,643
"2025-12-30 02:30",25722,25735.25,25721,25728.75,6.75,+0.03%,558
"2025-12-30 02:15",25724.75,25730,25718,25722,-3.,-0.01%,547
"2025-12-30 02:00",25704.25,25729,25703,25725,21.25,+0.08%,971
"2025-12-30 01:45",25694.75,25706.25,25693,25703.75,9.5,+0.04%,371
"2025-12-30 01:30",25695.5,25696.75,25684.75,25694.25,-2.5,-0.01%,442
"2025-12-30 01:15",25712.25,25713,25684.75,25696.75,-15.,-0.06%,1063
"2025-12-30 01:00",25725.75,25726.5,25708,25711.75,-14.75,-0.06%,586
"2025-12-30 00:45",25726.5,25731.75,25724.5,25726.5,0.25,0.00%,255
"2025-12-30 00:30",25716.75,25729.25,25715.25,25726.25,10.75,+0.04%,346
"2025-12-30 00:15",25734.5,25735,25715.5,25715.5,-17.5,-0.07%,561
"2025-12-30 00:00",25744.5,25744.5,25728.25,25733,-11.5,-0.04%,419
"2025-12-29 23:45",25734,25748,25731.5,25744.5,10.5,+0.04%,322
"2025-12-29 23:30",25734,25737.25,25721,25734,-0.5,0.00%,732
"2025-12-29 23:15",25741.25,25744.25,25733.25,25734.5,-8.,-0.03%,580
"2025-12-29 23:00",25749.5,25755,25741,25742.5,-6.75,-0.03%,604
"2025-12-29 22:45",25749.5,25752.5,25746.25,25749.25,-1.,0.00%,272
"2025-12-29 22:30",25746.25,25752.25,25746,25750.25,4.5,+0.02%,316
"2025-12-29 22:15",25746.25,25751,25739.5,25745.75,-0.25,0.00%,415
"2025-12-29 22:00",25736.25,25749.5,25729,25746,11.5,+0.04%,759
"2025-12-29 21:45",25740.25,25740.25,25731,25734.5,-5.5,-0.02%,310
"2025-12-29 21:30",25723,25742,25722.75,25740,16.75,+0.07%,874
"2025-12-29 21:15",25712,25724,25712,25723.25,11.75,+0.05%,450
"2025-12-29 21:00",25711.5,25717.25,25709.5,25711.5,1.25,0.00%,348
"2025-12-29 20:45",25706.5,25711.5,25700.75,25710.25,4,+0.02%,435
"2025-12-29 20:30",25707.75,25713,25704.75,25706.25,-1.75,-0.01%,352
"2025-12-29 20:15",25717.5,25722.5,25708,25708,-9.,-0.03%,435
"2025-12-29 20:00",25724.5,25728.5,25716.25,25717,-7.,-0.03%,770
"2025-12-29 19:45",25716,25725.25,25706.5,25724,8.5,+0.03%,659
"2025-12-29 19:30",25707,25717.75,25702.5,25715.5,7.25,+0.03%,456
"2025-12-29 19:15",25713,25716.5,25703.75,25708.25,-6.25,-0.02%,435
"2025-12-29 19:00",25705,25715.25,25696.75,25714.5,10,+0.04%,731
"2025-12-29 18:45",25720.25,25727,25700.25,25704.5,-15.75,-0.06%,1047
"2025-12-29 18:30",25722.25,25723,25710,25720.25,-1.25,0.00%,453
"2025-12-29 18:15",25714.75,25724,25712,25721.5,6,+0.02%,432
"2025-12-29 18:00",25707.5,25716,25702,25715.5,8.25,+0.03%,604
"2025-12-29 17:45",25711.5,25712,25705.25,25707.25,-4.,-0.02%,454
"2025-12-29 17:30",25709.5,25725.75,25708,25711.25,1.75,+0.01%,894
"2025-12-29 17:15",25726.25,25727.75,25708.75,25709.5,-16.75,-0.07%,1057
"2025-12-29 17:00",25740,25747.75,25724.75,25726.25,-18.25,-0.07%,1241
"2025-12-29 15:45",25746.25,25747.75,25743.25,25744.5,-2.,-0.01%,788
"2025-12-29 15:30",25743.75,25748.5,25738.75,25746.5,3,+0.01%,649
"2025-12-29 15:15",25737.25,25744.25,25736.5,25743.5,6.25,+0.02%,971
"2025-12-29 15:00",25741.25,25744.75,25727.75,25737.25,-3.75,-0.01%,4893
"2025-12-29 14:45",25742,25757,25729.25,25741,-1.5,-0.01%,15732
"2025-12-29 14:30",25750,25758.5,25735.75,25742.5,-8.,-0.03%,5699
"2025-12-29 14:15",25756.5,25766.25,25749.25,25750.5,-6.5,-0.03%,4225
"2025-12-29 14:00",25765.75,25766,25749,25757,-8.5,-0.03%,5395
"2025-12-29 13:45",25734,25774.25,25733.75,25765.5,31,+0.12%,11742
"2025-12-29 13:30",25710.5,25739,25709,25734.5,23.75,+0.09%,6890
"2025-12-29 13:15",25688.25,25712.75,25686.25,25710.75,22.5,+0.09%,5208
"2025-12-29 13:00",25694,25697,25683.5,25688.25,-6.25,-0.02%,4553
"2025-12-29 12:45",25707.75,25710.25,25689.5,25694.5,-13.,-0.05%,5497
"2025-12-29 12:30",25702,25729,25700.25,25707.5,5.25,+0.02%,6293
"2025-12-29 12:15",25682.75,25710,25681,25702.25,19.5,+0.08%,5896
"2025-12-29 12:00",25699.25,25699.75,25680.5,25682.75,-17.25,-0.07%,5794
"2025-12-29 11:45",25678.25,25706,25676,25700,21.5,+0.08%,7591
"2025-12-29 11:30",25658.75,25682,25654.75,25678.5,20.25,+0.08%,6653
"2025-12-29 11:15",25683.5,25690.5,25648,25658.25,-25.,-0.10%,8395
"2025-12-29 11:00",25695.5,25707.75,25673,25683.25,-12.25,-0.05%,6450
"2025-12-29 10:45",25689.5,25710.75,25688.5,25695.5,6,+0.02%,6754
"2025-12-29 10:30",25704,25718.25,25680.25,25689.5,-15.,-0.06%,8839
"2025-12-29 10:15",25711,25712.25,25683.75,25704.5,-6.75,-0.03%,7226
"2025-12-29 10:00",25702.5,25717.5,25680,25711.25,8.5,+0.03%,10373
"2025-12-29 09:45",25754.75,25758.25,25674.25,25702.75,-52.5,-0.20%,18094
"2025-12-29 09:30",25745.25,25772.75,25737.75,25755.25,10.25,+0.04%,13195
"2025-12-29 09:15",25677.25,25750,25676.25,25745,68,+0.26%,14335
"2025-12-29 09:00",25723,25741.5,25661.75,25677,-47.5,-0.18%,17946
"2025-12-29 08:45",25793,25793.5,25711,25724.5,-69.75,-0.27%,21970
"2025-12-29 08:30",25706.75,25819,25664.25,25794.25,87.25,+0.34%,33195
"2025-12-29 08:15",25696.25,25712.75,25656.75,25707,11.25,+0.04%,7527
"2025-12-29 08:00",25694.75,25703,25680.5,25695.75,2.75,+0.01%,3011
"2025-12-29 07:45",25738.75,25741.75,25660.75,25693,-45.5,-0.18%,7263
"2025-12-29 07:30",25748.25,25748.75,25732.25,25738.5,-10.,-0.04%,1415
"2025-12-29 07:15",25751,25757.25,25737.5,25748.5,-2.25,-0.01%,1106
"2025-12-29 07:00",25745.5,25762.75,25734,25750.75,4.25,+0.02%,1725
"2025-12-29 06:45",25745.25,25754.75,25734.25,25746.5,0.75,0.00%,1071
"2025-12-29 06:30",25767,25772.75,25743.75,25745.75,-21.5,-0.08%,1349
"2025-12-29 06:15",25768.25,25776.75,25762.5,25767.25,-0.5,0.00%,660
"2025-12-29 06:00",25770.25,25773.25,25758.5,25767.75,-2.5,-0.01%,929
"2025-12-29 05:45",25770.25,25775.5,25764.5,25770.25,0.25,0.00%,789
"2025-12-29 05:30",25745,25773,25744.75,25770,25,+0.10%,800
"2025-12-29 05:15",25742.25,25748.5,25736,25745,2.5,+0.01%,963
"2025-12-29 05:00",25747,25756.5,25739,25742.5,-3.5,-0.01%,1079
"2025-12-29 04:45",25756,25757.5,25744,25746,-10.,-0.04%,540
"2025-12-29 04:30",25760.25,25763.25,25751.75,25756,-3.75,-0.01%,638
"2025-12-29 04:15",25762.25,25769.25,25750,25759.75,-1.25,0.00%,912
"2025-12-29 04:00",25762.5,25765.75,25748.25,25761,-1.5,-0.01%,708
"2025-12-29 03:45",25745.25,25764.5,25733.75,25762.5,16.5,+0.06%,1007
"2025-12-29 03:30",25768.25,25768.5,25744,25746,-22.5,-0.09%,1030
"2025-12-29 03:15",25760.25,25770.5,25757.75,25768.5,8,+0.03%,920
"2025-12-29 03:00",25739,25763.75,25738.75,25760.5,21.75,+0.08%,1731
"2025-12-29 02:45",25756.25,25757.5,25732,25738.75,-18.25,-0.07%,1846
"2025-12-29 02:30",25776.75,25783.5,25749.25,25757,-20.5,-0.08%,1505
"2025-12-29 02:15",25781.5,25795,25774,25777.5,-4.5,-0.02%,965
"2025-12-29 02:00",25800.5,25803.5,25778,25782,-18.,-0.07%,1378
"2025-12-29 01:45",25800.5,25806.75,25799,25800,-0.25,0.00%,396
"2025-12-29 01:30",25811,25812.5,25798.75,25800.25,-10.75,-0.04%,567
"2025-12-29 01:15",25794.75,25811,25785.25,25811,16.75,+0.06%,934
"2025-12-29 01:00",25816.25,25822.75,25791.25,25794.25,-22.,-0.09%,1664
"2025-12-29 00:45",25822.25,25824.25,25811.25,25816.25,-5.75,-0.02%,410
"2025-12-29 00:30",25836,25839.5,25817,25822,-13.75,-0.05%,654
"2025-12-29 00:15",25829,25842.75,25826.25,25835.75,8,+0.03%,665
"2025-12-29 00:00",25820.25,25833.25,25811,25827.75,7.75,+0.03%,1088
"2025-12-28 23:45",25826.25,25837.5,25818.5,25820,-4.,-0.02%,698
"2025-12-28 23:30",25822.5,25829.5,25819,25824,2.5,+0.01%,607
"2025-12-28 23:15",25830.75,25833.25,25817.75,25821.5,-9.25,-0.04%,953
"2025-12-28 23:00",25856,25856,25826,25830.75,-25.,-0.10%,1492
"2025-12-28 22:45",25867.5,25868,25853.75,25855.75,-11.5,-0.04%,390
"2025-12-28 22:30",25859,25867.5,25856.25,25867.25,7.5,+0.03%,442
"2025-12-28 22:15",25856.5,25861,25855.25,25859.75,2.5,+0.01%,483
"2025-12-28 22:00",25852.5,25858.25,25852.5,25857.25,4.5,+0.02%,358
"2025-12-28 21:45",25849,25854,25845,25852.75,3.75,+0.01%,304
"2025-12-28 21:30",25834,25854,25834,25849,17.25,+0.07%,689
"2025-12-28 21:15",25845,25845.25,25825,25831.75,-13.5,-0.05%,761
"2025-12-28 21:00",25844.25,25853.5,25842.5,25845.25,-0.75,0.00%,536
"2025-12-28 20:45",25844.5,25850,25844.25,25846,1,0.00%,568
"2025-12-28 20:30",25839,25846,25821,25845,6.25,+0.02%,1029
"2025-12-28 20:15",25844,25847,25836.5,25838.75,-5.,-0.02%,390
"2025-12-28 20:00",25842.5,25849.75,25840.25,25843.75,1.75,+0.01%,629
"2025-12-28 19:45",25845,25850,25837.5,25842,-1.,0.00%,695
"2025-12-28 19:30",25859.25,25864.5,25835.5,25843,-17.25,-0.07%,1439
"2025-12-28 19:15",25875,25878.25,25859.5,25860.25,-15.5,-0.06%,830
"2025-12-28 19:00",25890,25892.5,25872.75,25875.75,-15.5,-0.06%,696
"2025-12-28 18:45",25876,25893.75,25874.75,25891.25,15.25,+0.06%,1019
"2025-12-28 18:30",25861.25,25880.25,25858.25,25876,14.5,+0.06%,830
"2025-12-28 18:15",25857.75,25866.75,25853.75,25861.5,4.75,+0.02%,580
"2025-12-28 18:00",25870,25874.25,25856.25,25856.75,-13.75,-0.05%,886
"2025-12-28 17:45",25874.25,25877.25,25868,25870.5,-5.,-0.02%,387
"2025-12-28 17:30",25861.25,25879,25858.75,25875.5,14.75,+0.06%,833
"2025-12-28 17:15",25864,25869,25843,25860.75,-2.5,-0.01%,1321
"2025-12-28 17:00",25863.25,25877,25856.75,25863.25,7.25,+0.03%,1524
"2025-12-26 15:45",25859.25,25863,25850.75,25856,-3.25,-0.01%,974
"2025-12-26 15:30",25862.5,25862.5,25855.25,25859.25,-3.5,-0.01%,1209
"2025-12-26 15:15",25869,25869.75,25860.5,25862.75,-6.,-0.02%,812
"2025-12-26 15:00",25867,25874,25858.75,25868.75,2,+0.01%,4945
"2025-12-26 14:45",25878.5,25879.5,25853.5,25866.75,-11.75,-0.05%,14709
"2025-12-26 14:30",25873.5,25879.75,25870,25878.5,5,+0.02%,3847
"2025-12-26 14:15",25872.5,25878.25,25866,25873.5,1,0.00%,3682
"2025-12-26 14:00",25890.75,25892,25871.25,25872.5,-18.75,-0.07%,4818
"2025-12-26 13:45",25878,25896,25873.75,25891.25,13.75,+0.05%,6663
"2025-12-26 13:30",25881,25886.75,25873,25877.5,-3.75,-0.01%,3388
"2025-12-26 13:15",25890.25,25892,25878.75,25881.25,-9.,-0.03%,3610
"2025-12-26 13:00",25891.75,25899,25884.75,25890.25,-1.5,-0.01%,4025
"2025-12-26 12:45",25873.5,25893.25,25871.5,25891.75,17.5,+0.07%,4514
"2025-12-26 12:30",25869.5,25882,25869,25874.25,4.5,+0.02%,3760
"2025-12-26 12:15",25875.25,25876,25854.5,25869.75,-6.,-0.02%,5207
"2025-12-26 12:00",25871.75,25882.5,25871.25,25875.75,4,+0.02%,3481
"2025-12-26 11:45",25866,25875.25,25859.5,25871.75,5.5,+0.02%,4400
"2025-12-26 11:30",25880,25881.75,25860.25,25866.25,-14.,-0.05%,5550
"2025-12-26 11:15",25855.75,25880.75,25847.75,25880.25,23.75,+0.09%,6380
"2025-12-26 11:00",25873.5,25874.75,25855.25,25856.5,-17.25,-0.07%,5360
"2025-12-26 10:45",25887.25,25890.25,25873,25873.75,-13.5,-0.05%,5485
"2025-12-26 10:30",25881.75,25890,25876.25,25887.25,6,+0.02%,4182
"2025-12-26 10:15",25861.75,25886,25857,25881.25,19,+0.07%,7973
"2025-12-26 10:00",25899,25912,25859.5,25862.25,-37.25,-0.14%,10310
"2025-12-26 09:45",25881.5,25906,25877.75,25899.5,17.5,+0.07%,7796
"2025-12-26 09:30",25883.5,25898,25873.75,25882,-1.5,-0.01%,8933
"2025-12-26 09:15",25842.25,25886.5,25834.25,25883.5,42,+0.16%,12301
"2025-12-26 09:00",25881,25884,25836,25841.5,-39.5,-0.15%,16869
"2025-12-26 08:45",25928.5,25935.25,25871.75,25881,-48.75,-0.19%,14623
"2025-12-26 08:30",25899,25931.5,25864.5,25929.75,30.25,+0.12%,21758
"2025-12-26 08:15",25905,25912,25893.25,25899.5,-5.25,-0.02%,2588
"2025-12-26 08:00",25897,25906.5,25891.5,25904.75,8.25,+0.03%,1270
"2025-12-26 07:45",25917.75,25923.25,25890.75,25896.5,-20.75,-0.08%,1997
"2025-12-26 07:30",25894,25921.5,25893.75,25917.25,23,+0.09%,2037
"2025-12-26 07:15",25892.5,25902.75,25890.25,25894.25,2,+0.01%,1048
"2025-12-26 07:00",25890,25897.75,25886.75,25892.25,2.25,+0.01%,689
"2025-12-26 06:45",25895,25896.75,25887.25,25890,-5.,-0.02%,500
"2025-12-26 06:30",25884.25,25897,25881,25895,12,+0.05%,525
"2025-12-26 06:15",25874.75,25887.5,25872,25883,8,+0.03%,465
"2025-12-26 06:00",25876,25881,25869,25875,-1.5,-0.01%,406
"2025-12-26 05:45",25877.5,25879.25,25866.25,25876.5,-1.25,0.00%,677
"2025-12-26 05:30",25879.25,25883.5,25873.25,25877.75,-2.5,-0.01%,337
"2025-12-26 05:15",25885,25885.5,25879.25,25880.25,-4.75,-0.02%,267
"2025-12-26 05:00",25884.25,25888.5,25881.25,25885,2.75,+0.01%,266
"2025-12-26 04:45",25889.25,25889.75,25879.25,25882.25,-5.75,-0.02%,256
"2025-12-26 04:30",25883.5,25891,25880.5,25888,4.75,+0.02%,283
"2025-12-26 04:15",25886,25890.5,25880.5,25883.25,-2.75,-0.01%,301
"2025-12-26 04:00",25876.5,25899,25875.5,25886,10,+0.04%,921
"2025-12-26 03:45",25864.5,25878.5,25864.5,25876,11.75,+0.05%,485
"2025-12-26 03:30",25861.75,25867,25861.75,25864.25,2.75,+0.01%,182
"2025-12-26 03:15",25870.75,25870.75,25858.75,25861.5,-8.,-0.03%,392
"2025-12-26 03:00",25857.25,25871.5,25854.75,25869.5,12,+0.05%,661
"2025-12-26 02:45",25847.75,25861,25846.5,25857.5,10,+0.04%,423
"2025-12-26 02:30",25851.75,25852.25,25843.25,25847.5,-5.25,-0.02%,314
"2025-12-26 02:15",25850.75,25854.5,25846,25852.75,1.75,+0.01%,334
"2025-12-26 02:00",25859.5,25862,25844,25851,-9.25,-0.04%,637
"2025-12-26 01:45",25861.75,25864.25,25857.5,25860.25,-2.,-0.01%,213
"2025-12-26 01:30",25862,25871,25857.25,25862.25,-0.75,0.00%,497
"2025-12-26 01:15",25870,25870,25849.5,25863,-6.75,-0.03%,743
"2025-12-26 01:00",25871.5,25873.25,25864,25869.75,-2.,-0.01%,241
"2025-12-26 00:45",25878,25878,25868,25871.75,-6.25,-0.02%,297
"2025-12-26 00:30",25872.75,25880,25869.75,25878,5.75,+0.02%,397
"2025-12-26 00:15",25876.75,25879.25,25871,25872.25,-4.5,-0.02%,240
"2025-12-26 00:00",25876.5,25880.75,25874.25,25876.75,0.5,0.00%,181
"2025-12-25 23:45",25878,25880.5,25871,25876.25,-2.5,-0.01%,315
"2025-12-25 23:30",25885.25,25885.25,25876.5,25878.75,-7.,-0.03%,285
"2025-12-25 23:15",25881.5,25888.5,25879.75,25885.75,4.75,+0.02%,243
"2025-12-25 23:00",25879.5,25885.5,25877,25881,2.25,+0.01%,238
"2025-12-25 22:45",25881.5,25883.25,25878,25878.75,-3.5,-0.01%,231
"2025-12-25 22:30",25880,25882.25,25874.75,25882.25,1.25,0.00%,297
"2025-12-25 22:15",25882.25,25884.5,25878.5,25881,-1.,0.00%,278
"2025-12-25 22:00",25882.25,25883,25873.25,25882,-0.5,0.00%,464
"2025-12-25 21:45",25882.75,25886.5,25881.5,25882.5,-0.25,0.00%,287
"2025-12-25 21:30",25891.25,25895,25882.25,25882.75,-9.5,-0.04%,520
"2025-12-25 21:15",25898.25,25899.5,25891.5,25892.25,-6.25,-0.02%,228
"2025-12-25 21:00",25897,25903,25895.75,25898.5,2,+0.01%,252
"2025-12-25 20:45",25895.25,25898,25893,25896.5,0.5,0.00%,200
"2025-12-25 20:30",25884.5,25900,25884,25896,10.5,+0.04%,506
"2025-12-25 20:15",25893.5,25896.75,25882,25885.5,-7.75,-0.03%,402
"2025-12-25 20:00",25889.25,25894.5,25888.75,25893.25,3.25,+0.01%,272
"2025-12-25 19:45",25889,25896,25886.25,25890,0.25,0.00%,577
"2025-12-25 19:30",25898.75,25904,25881,25889.75,-9.25,-0.04%,744
"2025-12-25 19:15",25910.5,25916.5,25899,25899,-10.75,-0.04%,640
"2025-12-25 19:00",25903.75,25916.5,25901.25,25909.75,6.5,+0.03%,925
"2025-12-25 18:45",25903,25906.25,25895,25903.25,0,0.00%,575
"2025-12-25 18:30",25907.25,25909,25901,25903.25,-4.,-0.02%,457
"2025-12-25 18:15",25905,25910.5,25901.25,25907.25,2,+0.01%,445
"2025-12-25 18:00",25886.75,25908.25,25886.25,25905.25,17.5,+0.07%,926
"2025-12-25 17:45",25882.25,25888.25,25877.25,25887.75,5,+0.02%,293
"2025-12-25 17:30",25881.25,25891.5,25881.25,25882.75,0,0.00%,409
"2025-12-25 17:15",25892.75,25893.25,25871,25882.75,-9.25,-0.04%,593
"2025-12-25 17:00",25868,25898.25,25864.75,25892,27.25,+0.11%,1377
"2025-12-24 12:00",25877.5,25881.75,25852.5,25864.75,-13.,-0.05%,5262
"2025-12-24 11:45",25866.5,25892,25865.75,25877.75,11.5,+0.04%,10258
"2025-12-24 11:30",25874.75,25888,25865,25866.25,-8.25,-0.03%,6018
"2025-12-24 11:15",25880,25881,25864,25874.5,-5.75,-0.02%,6290
"2025-12-24 11:00",25876.5,25882.25,25872.75,25880.25,4,+0.02%,4272
"2025-12-24 10:45",25881,25885,25872,25876.25,-4.75,-0.02%,6107
"2025-12-24 10:30",25853.5,25884,25850.5,25881,27.5,+0.11%,10652
"2025-12-24 10:15",25850.75,25856.25,25839.25,25853.5,2.75,+0.01%,6298
"2025-12-24 10:00",25829,25852.25,25828,25850.75,22,+0.09%,8360
"2025-12-24 09:45",25824,25832.5,25819,25828.75,4.5,+0.02%,6332
"2025-12-24 09:30",25816,25826.75,25808.75,25824.25,8.75,+0.03%,7020
"2025-12-24 09:15",25828,25840.75,25803.75,25815.5,-12.75,-0.05%,11282
"2025-12-24 09:00",25809.5,25833.25,25804.5,25828.25,18.5,+0.07%,9484
"2025-12-24 08:45",25795.25,25811,25786.5,25809.75,14.75,+0.06%,9753
"2025-12-24 08:30",25795,25827.5,25784,25795,-0.75,0.00%,20167
"2025-12-24 08:15",25819.75,25820,25791,25795.75,-24.,-0.09%,3070
"2025-12-24 08:00",25822.75,25824.5,25809.75,25819.75,-2.75,-0.01%,1303
"2025-12-24 07:45",25821.25,25831.75,25817.25,25822.5,1.75,+0.01%,1496
"2025-12-24 07:30",25811.75,25825.75,25808,25820.75,8.75,+0.03%,1809
"2025-12-24 07:15",25806,25813.75,25805.5,25812,6,+0.02%,631
"2025-12-24 07:00",25815.75,25816,25800.5,25806,-9.75,-0.04%,936
"2025-12-24 06:45",25812.5,25817.5,25811.5,25815.75,3,+0.01%,385
"2025-12-24 06:30",25806,25815,25805.75,25812.75,6.75,+0.03%,572
"2025-12-24 06:15",25802.25,25816.5,25802.25,25806,4,+0.02%,846
"2025-12-24 06:00",25792.25,25803.25,25789,25802,10,+0.04%,435
"2025-12-24 05:45",25789.5,25792.25,25787,25792,3.25,+0.01%,173
"2025-12-24 05:30",25791.75,25794,25785.5,25788.75,-3.5,-0.01%,286
"2025-12-24 05:15",25798.75,25799,25787.5,25792.25,-6.5,-0.03%,389
"2025-12-24 05:00",25792.75,25800.5,25791,25798.75,6,+0.02%,228
"2025-12-24 04:45",25795.5,25797.25,25790.25,25792.75,-3.,-0.01%,264
"2025-12-24 04:30",25793.25,25797.25,25792.5,25795.75,2.25,+0.01%,214
"2025-12-24 04:15",25792.75,25799,25790.25,25793.5,1,0.00%,270
"2025-12-24 04:00",25798.75,25798.75,25787,25792.5,-6.25,-0.02%,412
"2025-12-24 03:45",25799.5,25800.25,25796.25,25798.75,-0.75,0.00%,136
"2025-12-24 03:30",25801.5,25804,25798.25,25799.5,-3.,-0.01%,246
"2025-12-24 03:15",25797.75,25807,25797.75,25802.5,5.25,+0.02%,522
"2025-12-24 03:00",25789.75,25797.75,25783.5,25797.25,7.75,+0.03%,590
"2025-12-24 02:45",25790.75,25795.25,25786.75,25789.5,-0.5,0.00%,249
"2025-12-24 02:30",25792.75,25796,25788,25790,-2.5,-0.01%,357
"2025-12-24 02:15",25793.75,25797,25788,25792.5,-1.,0.00%,321
"2025-12-24 02:00",25788.5,25795.75,25787.75,25793.5,5.75,+0.02%,465
"2025-12-24 01:45",25788.5,25792.5,25787,25787.75,-0.25,0.00%,213
"2025-12-24 01:30",25787,25792.5,25786,25788,2,+0.01%,305
"2025-12-24 01:15",25792.75,25793.5,25784.25,25786,-7.,-0.03%,369
"2025-12-24 01:00",25792.75,25796.25,25790.75,25793,0,0.00%,299
"2025-12-24 00:45",25796.75,25796.75,25790.25,25793,-3.75,-0.01%,176
"2025-12-24 00:30",25796,25798.5,25791.25,25796.75,-0.75,0.00%,279
"2025-12-24 00:15",25796.75,25800.5,25796.25,25797.5,0.5,0.00%,190
"2025-12-24 00:00",25791,25797,25791,25797,6.25,+0.02%,272
"2025-12-23 23:45",25791.25,25797.5,25790.5,25790.75,-5.5,-0.02%,296
"2025-12-23 23:30",25785.5,25799,25785,25796.25,9.25,+0.04%,539
"2025-12-23 23:15",25782,25788.25,25780,25787,4.5,+0.02%,274
"2025-12-23 23:00",25781.25,25787,25777.5,25782.5,2,+0.01%,420
"2025-12-23 22:45",25788,25789,25780.25,25780.5,-8.25,-0.03%,528
"2025-12-23 22:30",25790.75,25793.25,25785.25,25788.75,-2.25,-0.01%,304
"2025-12-23 22:15",25798.75,25798.75,25788.75,25791,-8.25,-0.03%,329
"2025-12-23 22:00",25796.25,25802.25,25794.75,25799.25,2.25,+0.01%,273
"2025-12-23 21:45",25800.75,25802.5,25795.75,25797,-3.25,-0.01%,263
"2025-12-23 21:30",25795.25,25802.5,25794.75,25800.25,4.25,+0.02%,390
"2025-12-23 21:15",25793.75,25796.75,25790.75,25796,2.5,+0.01%,324
"2025-12-23 21:00",25793,25795,25786.25,25793.5,0.25,0.00%,451
"2025-12-23 20:45",25787.5,25801,25787.25,25793.25,5.75,+0.02%,514
"2025-12-23 20:30",25799.25,25800.75,25782.75,25787.5,-12.25,-0.05%,1145
"2025-12-23 20:15",25810.25,25810.25,25797.5,25799.75,-10.25,-0.04%,571
"2025-12-23 20:00",25807,25812.25,25805.5,25810,2,+0.01%,399
"2025-12-23 19:45",25808.5,25812.5,25806,25808,-0.75,0.00%,349
"2025-12-23 19:30",25812.5,25819.5,25802,25808.75,-3.75,-0.01%,882
"2025-12-23 19:15",25816.5,25822.5,25812.5,25812.5,-5.,-0.02%,398
"2025-12-23 19:00",25816.5,25819.25,25809,25817.5,1.75,+0.01%,445
"2025-12-23 18:45",25819.75,25820,25813.25,25815.75,-3.5,-0.01%,261
"2025-12-23 18:30",25815.75,25821.75,25811.75,25819.25,4,+0.02%,366
"2025-12-23 18:15",25818.25,25820.75,25814.5,25815.25,-4.25,-0.02%,398
"2025-12-23 18:00",25810,25827,25808.5,25819.5,9.75,+0.04%,1195
"2025-12-23 17:45",25806.5,25811.25,25803.25,25809.75,2.75,+0.01%,350
"2025-12-23 17:30",25806.5,25811.75,25800.25,25807,-0.5,0.00%,522
"2025-12-23 17:15",25813.25,25814.25,25805.5,25807.5,-4.25,-0.02%,325
"2025-12-23 17:00",25815.75,25819.25,25801,25811.75,0.25,0.00%,1075
"2025-12-23 15:45",25812,25815.25,25801.75,25811.5,-0.5,0.00%,1220
"2025-12-23 15:30",25815.5,25818.5,25810.5,25812,-3.75,-0.01%,973
"2025-12-23 15:15",25810.25,25819.75,25808,25815.75,5.25,+0.02%,1447
"2025-12-23 15:00",25811.25,25822.5,25806.25,25810.5,-0.75,0.00%,6520
"2025-12-23 14:45",25797.25,25820.5,25792.25,25811.25,13.75,+0.05%,19089
"2025-12-23 14:30",25798,25804.25,25794.5,25797.5,-0.75,0.00%,4720
"2025-12-23 14:15",25798.75,25805.25,25793.75,25798.25,-0.25,0.00%,5082
"2025-12-23 14:00",25797,25806.25,25796.5,25798.5,1.25,0.00%,5844
"2025-12-23 13:45",25785.5,25800.5,25784.5,25797.25,11.75,+0.05%,5905
"2025-12-23 13:30",25786.25,25788,25782,25785.5,-1.,0.00%,3748
"2025-12-23 13:15",25786,25791.75,25784,25786.5,0.5,0.00%,5384
"2025-12-23 13:00",25774,25789,25772.5,25786,12,+0.05%,5350
"2025-12-23 12:45",25778,25778.25,25769.5,25774,-3.5,-0.01%,3837
"2025-12-23 12:30",25770.75,25780,25768.5,25777.5,6.75,+0.03%,4151
"2025-12-23 12:15",25769.5,25780.25,25765.75,25770.75,1.5,+0.01%,5894
"2025-12-23 12:00",25754.25,25771.5,25751.5,25769.25,14.5,+0.06%,5607
"2025-12-23 11:45",25761.5,25764.75,25750.75,25754.75,-6.75,-0.03%,5375
"2025-12-23 11:30",25766.25,25772.75,25754.5,25761.5,-4.25,-0.02%,7520
"2025-12-23 11:15",25769.25,25775,25763.5,25765.75,-3.25,-0.01%,4446
"2025-12-23 11:00",25774,25777.75,25761.25,25769,-4.25,-0.02%,7082
"2025-12-23 10:45",25752.25,25776.5,25751,25773.25,21.5,+0.08%,12027
"2025-12-23 10:30",25743.5,25753.75,25730.75,25751.75,8,+0.03%,7224
"2025-12-23 10:15",25733.75,25754.5,25729.75,25743.75,9.75,+0.04%,8754
"2025-12-23 10:00",25731.5,25749.5,25726.5,25734,2.75,+0.01%,12640
"2025-12-23 09:45",25712.5,25741,25702.25,25731.25,18.5,+0.07%,13033
"2025-12-23 09:30",25673.25,25717,25671.75,25712.75,39.5,+0.15%,13160
"2025-12-23 09:15",25649.25,25687.75,25647.75,25673.25,24.25,+0.09%,15816
"2025-12-23 09:00",25692.25,25694.75,25628.25,25649,-43.75,-0.17%,24009
"2025-12-23 08:45",25730,25751.25,25673.5,25692.75,-37.5,-0.15%,21660
"2025-12-23 08:30",25644.25,25738,25638,25730.25,85.5,+0.33%,35565
"2025-12-23 08:15",25624.25,25647,25623.25,25644.75,20.5,+0.08%,3236
"2025-12-23 08:00",25621,25634.5,25609,25624.25,4.5,+0.02%,4584
"2025-12-23 07:45",25639.25,25647.25,25610.5,25619.75,-19.25,-0.08%,3932
"2025-12-23 07:30",25674.75,25679,25608.25,25639,-32.25,-0.13%,6919
"2025-12-23 07:15",25671.75,25675.5,25661,25671.25,-1.5,-0.01%,967
"2025-12-23 07:00",25684.75,25687,25667.5,25672.75,-12.5,-0.05%,1194
"2025-12-23 06:45",25670.5,25685.75,25669.75,25685.25,14.75,+0.06%,695
"2025-12-23 06:30",25665.5,25680.25,25661,25670.5,4.25,+0.02%,896
"2025-12-23 06:15",25681,25684,25664.25,25666.25,-14.5,-0.06%,1053
"2025-12-23 06:00",25694.25,25702,25672,25680.75,-13.25,-0.05%,1240
"2025-12-23 05:45",25699,25701.25,25690,25694,-4.25,-0.02%,338
"2025-12-23 05:30",25696.5,25705,25693,25698.25,0.75,0.00%,428
"2025-12-23 05:15",25692.5,25701.5,25687,25697.5,5.25,+0.02%,637
"2025-12-23 05:00",25706.5,25709.5,25691,25692.25,-14.25,-0.06%,630
"2025-12-23 04:45",25705.25,25711,25702,25706.5,0.25,0.00%,529
"2025-12-23 04:30",25705,25710.75,25699.25,25706.25,-0.5,0.00%,729
"2025-12-23 04:15",25714,25714,25699,25706.75,-6.5,-0.03%,601
"2025-12-23 04:00",25718.5,25725,25713.25,25713.25,-5.5,-0.02%,532
"2025-12-23 03:45",25724.5,25726.5,25716,25718.75,-5.5,-0.02%,371
"2025-12-23 03:30",25716.25,25728.5,25716.25,25724.25,7.5,+0.03%,650
"2025-12-23 03:15",25698.25,25719,25698,25716.75,18.25,+0.07%,888
"2025-12-23 03:00",25690,25705.5,25688.75,25698.5,7.5,+0.03%,792
"2025-12-23 02:45",25694.75,25699,25685.25,25691,-2.5,-0.01%,610
"2025-12-23 02:30",25696.75,25704,25692.75,25693.5,-3.25,-0.01%,562
"2025-12-23 02:15",25696,25708.25,25691.25,25696.75,0.5,0.00%,985
"2025-12-23 02:00",25669.5,25698,25666.25,25696.25,25.5,+0.10%,1321
"2025-12-23 01:45",25672.25,25679.25,25667,25670.75,-1.25,0.00%,524
"2025-12-23 01:30",25673.75,25674.25,25662.5,25672,-1.5,-0.01%,374
"2025-12-23 01:15",25665.75,25676,25660.75,25673.5,8.5,+0.03%,550
"2025-12-23 01:00",25667.5,25673,25658,25665,-2.75,-0.01%,658
"2025-12-23 00:45",25665.75,25669,25657,25667.75,2.25,+0.01%,494
"2025-12-23 00:30",25658,25670.5,25653.25,25665.5,7.75,+0.03%,872
"2025-12-23 00:15",25672,25677.75,25656.25,25657.75,-15.25,-0.06%,933
"2025-12-23 00:00",25677.25,25681.25,25672,25673,-4.75,-0.02%,500
"2025-12-22 23:45",25689.5,25690,25677.5,25677.75,-12.,-0.05%,457
"2025-12-22 23:30",25696.5,25697,25688.25,25689.75,-5.75,-0.02%,321
"2025-12-22 23:15",25684.75,25698.5,25684.5,25695.5,10.75,+0.04%,552
"2025-12-22 23:00",25687.75,25691.25,25680,25684.75,-4.,-0.02%,626
"2025-12-22 22:45",25690.25,25691.75,25683,25688.75,-1.75,-0.01%,378
"2025-12-22 22:30",25703,25706.5,25687,25690.5,-12.75,-0.05%,760
"2025-12-22 22:15",25709.5,25713.5,25702.5,25703.25,-5.5,-0.02%,366
"2025-12-22 22:00",25711.25,25711.25,25700.5,25708.75,-3.5,-0.01%,569
"2025-12-22 21:45",25717.75,25719.25,25708.25,25712.25,-6.25,-0.02%,458
"2025-12-22 21:30",25718.75,25722,25716,25718.5,0.75,0.00%,260
"2025-12-22 21:15",25723.5,25724.25,25715.25,25717.75,-5.25,-0.02%,466
"2025-12-22 21:00",25723.5,25731.5,25718.5,25723,0,0.00%,732
"2025-12-22 20:45",25721.5,25724.75,25710.25,25723,2.25,+0.01%,737
"2025-12-22 20:30",25725.75,25731.75,25719.25,25720.75,-4.25,-0.02%,935
"2025-12-22 20:15",25729,25738.75,25721.25,25725,-3.,-0.01%,1238
"2025-12-22 20:00",25710.75,25729.75,25709.25,25728,17.5,+0.07%,729
"2025-12-22 19:45",25715.5,25716,25703,25710.5,-4.75,-0.02%,552
"2025-12-22 19:30",25710.25,25721.5,25695,25715.25,4.5,+0.02%,1300
"2025-12-22 19:15",25715.75,25721,25709.25,25710.75,-4.75,-0.02%,629
"2025-12-22 19:00",25722.5,25730,25709,25715.5,-6.5,-0.03%,901
"2025-12-22 18:45",25717,25724.25,25716.5,25722,4.5,+0.02%,364
"2025-12-22 18:30",25715,25722.75,25710.25,25717.5,1,0.00%,517
"2025-12-22 18:15",25714.75,25719.5,25710.25,25716.5,1.5,+0.01%,374
"2025-12-22 18:00",25713.5,25720.5,25709,25715,0.75,0.00%,578
"2025-12-22 17:45",25714,25719,25708,25714.25,-1.,0.00%,445
"2025-12-22 17:30",25714.5,25722.5,25710.25,25715.25,1,0.00%,626
"2025-12-22 17:15",25706.75,25715,25706.5,25714.25,6.75,+0.03%,332
"2025-12-22 17:00",25701,25717,25700.5,25707.5,7.25,+0.03%,1036
"2025-12-22 15:45",25699,25702,25693.5,25700.25,1.25,0.00%,681
"2025-12-22 15:30",25694.75,25700,25693.5,25699,4,+0.02%,776
"2025-12-22 15:15",25700.5,25702.5,25693.5,25695,-5.5,-0.02%,997
"2025-12-22 15:00",25688.25,25706.5,25688,25700.5,12.25,+0.05%,5758
"2025-12-22 14:45",25693.75,25703.5,25681.25,25688.25,-5.5,-0.02%,17988
"2025-12-22 14:30",25688.5,25699.25,25686.25,25693.75,5.5,+0.02%,5239
"2025-12-22 14:15",25682.5,25695,25679.25,25688.25,6,+0.02%,5685
"2025-12-22 14:00",25690.75,25694.25,25682.25,25682.25,-8.25,-0.03%,4815
"2025-12-22 13:45",25699.5,25704.25,25689.5,25690.5,-8.75,-0.03%,4603
"2025-12-22 13:30",25699.5,25712.25,25697.75,25699.25,-0.25,0.00%,6064
"2025-12-22 13:15",25682.5,25701.25,25678.5,25699.5,16.5,+0.06%,6102
"2025-12-22 13:00",25689.75,25692,25676.25,25683,-6.5,-0.03%,6137
"2025-12-22 12:45",25696,25699,25679,25689.5,-6.75,-0.03%,5970
"2025-12-22 12:30",25688.5,25700,25682.75,25696.25,7.75,+0.03%,5521
"2025-12-22 12:15",25690.5,25694,25673,25688.5,-2.5,-0.01%,9547
"2025-12-22 12:00",25721.25,25722.25,25690,25691,-30.,-0.12%,8399
"2025-12-22 11:45",25694,25727.25,25686.5,25721,27.25,+0.11%,10656
"2025-12-22 11:30",25699,25703.5,25689.25,25693.75,-5.25,-0.02%,6978
"2025-12-22 11:15",25699.5,25710.75,25695.25,25699,-0.5,0.00%,5984
"2025-12-22 11:00",25715,25718.75,25695.5,25699.5,-15.25,-0.06%,7163
"2025-12-22 10:45",25690.5,25714.75,25689.5,25714.75,24.75,+0.10%,7170
"2025-12-22 10:30",25711.75,25712.5,25690,25690,-21.75,-0.08%,10562
"2025-12-22 10:15",25706,25721.25,25702.5,25711.75,5.5,+0.02%,9745
"2025-12-22 10:00",25674.25,25708.25,25672.5,25706.25,31.75,+0.12%,10953
"2025-12-22 09:45",25677.5,25690,25660,25674.5,-2.5,-0.01%,12366
"2025-12-22 09:30",25688.5,25696.75,25628,25677,-10.75,-0.04%,19269
"2025-12-22 09:15",25678,25715,25674.5,25687.75,10.5,+0.04%,15281
"2025-12-22 09:00",25747,25754.75,25677,25677.25,-70.75,-0.27%,20165
"2025-12-22 08:45",25693,25758.5,25685.5,25748,54.75,+0.21%,23241
"2025-12-22 08:30",25780.75,25794.75,25672.25,25693.25,-87.25,-0.34%,44192
"2025-12-22 08:15",25760.25,25785.25,25757.5,25780.5,20,+0.08%,5074
"2025-12-22 08:00",25753,25768.75,25749.5,25760.5,8,+0.03%,3535
"2025-12-22 07:45",25737.25,25754,25734.75,25752.5,15.5,+0.06%,1945
"2025-12-22 07:30",25749.5,25749.75,25730.75,25737,-12.25,-0.05%,1913
"2025-12-22 07:15",25742.75,25757,25739.25,25749.25,7.5,+0.03%,1872
"2025-12-22 07:00",25736.75,25746,25732.25,25741.75,5,+0.02%,1520
"2025-12-22 06:45",25734.75,25737,25721.25,25736.75,1.75,+0.01%,1195
"2025-12-22 06:30",25728,25740.25,25720,25735,7.5,+0.03%,1249
"2025-12-22 06:15",25711.25,25731,25707.25,25727.5,15.75,+0.06%,1402
"2025-12-22 06:00",25700.25,25723.5,25696.25,25711.75,12,+0.05%,1209
"2025-12-22 05:45",25715,25715.5,25698.5,25699.75,-15.,-0.06%,938
"2025-12-22 05:30",25715.75,25718.25,25704.5,25714.75,-2.,-0.01%,635
"2025-12-22 05:15",25711,25719.25,25708,25716.75,5,+0.02%,557
"2025-12-22 05:00",25707.75,25717,25704,25711.75,4.5,+0.02%,583
"2025-12-22 04:45",25709.5,25713,25706,25707.25,-1.,0.00%,311
"2025-12-22 04:30",25714,25716.25,25707.5,25708.25,-5.,-0.02%,346
"2025-12-22 04:15",25718.25,25718.5,25710,25713.25,-5.,-0.02%,431
"2025-12-22 04:00",25712.5,25720.5,25707,25718.25,5.75,+0.02%,495
"2025-12-22 03:45",25714.25,25718.5,25711.25,25712.5,-2.5,-0.01%,385
"2025-12-22 03:30",25710.5,25725.75,25708,25715,4,+0.02%,1035
"2025-12-22 03:15",25703.5,25716,25701.75,25711,7.25,+0.03%,925
"2025-12-22 03:00",25687.5,25703.75,25683.25,25703.75,16,+0.06%,1030
"2025-12-22 02:45",25695.5,25702.75,25681,25687.75,-8.25,-0.03%,1106
"2025-12-22 02:30",25706.5,25710.25,25692,25696,-10.5,-0.04%,747
"2025-12-22 02:15",25703,25712.5,25701,25706.5,3,+0.01%,510
"2025-12-22 02:00",25703,25716.5,25696,25703.5,1.25,0.00%,1092
"2025-12-22 01:45",25699.75,25708,25693.25,25702.25,2.5,+0.01%,454
"2025-12-22 01:30",25699.25,25707,25697,25699.75,-0.5,0.00%,439
"2025-12-22 01:15",25700.25,25711,25694.25,25700.25,0.5,0.00%,757
"2025-12-22 01:00",25690.25,25701.25,25688.75,25699.75,9.75,+0.04%,743
"2025-12-22 00:45",25686.5,25699,25686.25,25690,3.5,+0.01%,509
"2025-12-22 00:30",25681,25691.75,25678,25686.5,5,+0.02%,489
"2025-12-22 00:15",25679.5,25684.25,25675.25,25681.5,1.5,+0.01%,382
"2025-12-22 00:00",25674.25,25687.75,25674,25680,5.5,+0.02%,443
"2025-12-21 23:45",25676,25679.75,25673.25,25674.5,-0.5,0.00%,303
"2025-12-21 23:30",25664.75,25677.75,25662.25,25675,10.25,+0.04%,535
"2025-12-21 23:15",25669.25,25672.5,25663,25664.75,-3.5,-0.01%,671
"2025-12-21 23:00",25680.25,25682.5,25668.25,25668.25,-13.,-0.05%,716
"2025-12-21 22:45",25684,25691.25,25679.5,25681.25,-3.25,-0.01%,483
"2025-12-21 22:30",25681.25,25685,25677.75,25684.5,4.25,+0.02%,345
"2025-12-21 22:15",25677,25683.5,25675.75,25680.25,3.25,+0.01%,465
"2025-12-21 22:00",25679,25687,25672,25677,-1.75,-0.01%,713
"2025-12-21 21:45",25679,25683.25,25675.25,25678.75,0.25,0.00%,384
"2025-12-21 21:30",25679,25681.75,25673.5,25678.5,-0.5,0.00%,687
"2025-12-21 21:15",25691.75,25692.75,25676.5,25679,-13.25,-0.05%,949
"2025-12-21 21:00",25695.75,25699.25,25690.5,25692.25,-3.25,-0.01%,614
"2025-12-21 20:45",25690.5,25696.75,25687,25695.5,5.25,+0.02%,441
"2025-12-21 20:30",25691.25,25698.5,25685.5,25690.25,-1.75,-0.01%,675
"2025-12-21 20:15",25686,25695,25684.25,25692,6.5,+0.03%,560
"2025-12-21 20:00",25689,25693,25680.75,25685.5,-3.25,-0.01%,905
"2025-12-21 19:45",25689.25,25695.75,25686.5,25688.75,-1.25,0.00%,685
"2025-12-21 19:30",25689.75,25697,25685,25690,0.75,0.00%,909
"2025-12-21 19:15",25682.75,25693.75,25678,25689.25,6.25,+0.02%,859
"2025-12-21 19:00",25654.75,25689,25653.75,25683,28.25,+0.11%,1885
"2025-12-21 18:45",25656.75,25661.5,25650.75,25654.75,-1.5,-0.01%,492
"2025-12-21 18:30",25651,25665.75,25651,25656.25,4.25,+0.02%,1662
"2025-12-21 18:15",25658.5,25663.75,25645,25652,-5.75,-0.02%,1589
"2025-12-21 18:00",25669.5,25682.75,25653.75,25657.75,-10.75,-0.04%,1596
"2025-12-21 17:45",25664,25675,25660,25668.5,4,+0.02%,1120
"2025-12-21 17:30",25647,25671.25,25645,25664.5,16.75,+0.07%,1422
"2025-12-21 17:15",25638,25651,25632.25,25647.75,9,+0.04%,1412
"2025-12-21 17:00",25635.25,25668,25635.25,25638.75,41.25,+0.16%,3992
"2025-12-19 15:45",25587.5,25599.25,25585.75,25597.5,10,+0.04%,1522
"2025-12-19 15:30",25587.25,25595.25,25583.5,25587.5,0,0.00%,2043
"2025-12-19 15:15",25581.25,25587.75,25572.75,25587.5,6.25,+0.02%,2346
"2025-12-19 15:00",25580.75,25595.75,25568,25581.25,0.5,0.00%,11410
"2025-12-19 14:45",25562,25593,25552.25,25580.75,19,+0.07%,34363
"2025-12-19 14:30",25582.25,25585.75,25549.75,25561.75,-20.75,-0.08%,8879
"2025-12-19 14:15",25575,25588.25,25569.5,25582.5,7.75,+0.03%,5829
"2025-12-19 14:00",25569.5,25583.25,25567.5,25574.75,5.75,+0.02%,6054
"2025-12-19 13:45",25581.75,25589.5,25568.5,25569,-12.25,-0.05%,5156
"2025-12-19 13:30",25577.5,25585.75,25571.5,25581.25,3.5,+0.01%,4853
"2025-12-19 13:15",25570.5,25583.5,25564,25577.75,7.25,+0.03%,4708
"2025-12-19 13:00",25551.5,25576.25,25550.5,25570.5,18.75,+0.07%,5855
"2025-12-19 12:45",25554.25,25564.5,25545,25551.75,-2.75,-0.01%,7006
"2025-12-19 12:30",25574.5,25579.25,25543.75,25554.5,-19.75,-0.08%,6851
"2025-12-19 12:15",25583.5,25590,25567.25,25574.25,-9.25,-0.04%,6715
"2025-12-19 12:00",25577.75,25592,25570.25,25583.5,5.25,+0.02%,7354
"2025-12-19 11:45",25568.75,25597.5,25563,25578.25,9.5,+0.04%,9727
"2025-12-19 11:30",25575,25579.75,25557.5,25568.75,-6.5,-0.03%,8792
"2025-12-19 11:15",25551.25,25580,25550,25575.25,24.75,+0.10%,12833
"2025-12-19 11:00",25505.25,25552.75,25502,25550.5,45.25,+0.18%,9033
"2025-12-19 10:45",25531.75,25539.5,25494.75,25505.25,-26.5,-0.10%,15487
"2025-12-19 10:30",25542,25565,25530.75,25531.75,-9.,-0.04%,12439
"2025-12-19 10:15",25527.5,25545.5,25516.5,25540.75,13.75,+0.05%,9992
"2025-12-19 10:00",25483,25560.5,25460,25527,44,+0.17%,18844
"2025-12-19 09:45",25506.75,25511.75,25468.5,25483,-24.,-0.09%,16395
"2025-12-19 09:30",25509,25554.5,25479.5,25507,-1.75,-0.01%,18608
"2025-12-19 09:15",25538.25,25556.75,25465.25,25508.75,-28.75,-0.11%,23133
"2025-12-19 09:00",25558.75,25600.25,25529,25537.5,-22.75,-0.09%,23796
"2025-12-19 08:45",25547.25,25573,25524,25560.25,12.75,+0.05%,32179
"2025-12-19 08:30",25361.25,25548.5,25357,25547.5,185.5,+0.73%,54972
"2025-12-19 08:15",25339.75,25383.25,25326,25362,22.75,+0.09%,14176
"2025-12-19 08:00",25323,25342,25298.25,25339.25,15.75,+0.06%,3613
"2025-12-19 07:45",25319,25332.5,25311,25323.5,4.5,+0.02%,1598
"2025-12-19 07:30",25313.5,25339.75,25292.25,25319,5,+0.02%,4689
"2025-12-19 07:15",25309,25318.25,25300.5,25314,5,+0.02%,1868
"2025-12-19 07:00",25280.25,25311.25,25273.75,25309,28.75,+0.11%,2538
"2025-12-19 06:45",25316,25325.75,25279,25280.25,-35.25,-0.14%,2231
"2025-12-19 06:30",25332.25,25340.5,25308.5,25315.5,-16.75,-0.07%,1551
"2025-12-19 06:15",25333.5,25344.75,25313.75,25332.25,-2.,-0.01%,1195
"2025-12-19 06:00",25341.75,25356.75,25313.25,25334.25,-6.5,-0.03%,2715
"2025-12-19 05:45",25356,25359.25,25331.5,25340.75,-15.25,-0.06%,890
"2025-12-19 05:30",25356,25365,25341,25356,1,0.00%,947
"2025-12-19 05:15",25346.25,25359.25,25332.25,25355,8.25,+0.03%,1183
"2025-12-19 05:00",25360.5,25362.75,25315.5,25346.75,-14.25,-0.06%,2064
"2025-12-19 04:45",25372.75,25382.5,25355,25361,-12.5,-0.05%,1000
"2025-12-19 04:30",25372.25,25379,25357.75,25373.5,-0.25,0.00%,770
"2025-12-19 04:15",25375.5,25383,25373.25,25373.75,-2.5,-0.01%,570
"2025-12-19 04:00",25383.25,25383.5,25354,25376.25,-7.5,-0.03%,1683
"2025-12-19 03:45",25377.5,25386,25370.75,25383.75,7,+0.03%,665
"2025-12-19 03:30",25389.25,25393.5,25374.5,25376.75,-11.5,-0.05%,963
"2025-12-19 03:15",25367.75,25391.25,25357.25,25388.25,21.5,+0.08%,977
"2025-12-19 03:00",25370,25386.5,25355.5,25366.75,-3.75,-0.01%,1474
"2025-12-19 02:45",25374,25387.25,25369,25370.5,-4.,-0.02%,1308
"2025-12-19 02:30",25345.5,25378.75,25345.25,25374.5,27.5,+0.11%,1350
"2025-12-19 02:15",25368,25380.5,25344.5,25347,-23.75,-0.09%,1424
"2025-12-19 02:00",25346.25,25377.25,25340.75,25370.75,22.5,+0.09%,2216
"2025-12-19 01:45",25336,25350.75,25321.25,25348.25,13.25,+0.05%,1091
"2025-12-19 01:30",25349.75,25350.75,25330.25,25335,-15.25,-0.06%,812
"2025-12-19 01:15",25363,25372.5,25345.5,25350.25,-11.,-0.04%,1497
"2025-12-19 01:00",25299,25366.75,25298.5,25361.25,63,+0.25%,2700
"2025-12-19 00:45",25275,25298.5,25266.75,25298.25,22.75,+0.09%,943
"2025-12-19 00:30",25286.75,25295,25271.5,25275.5,-12.25,-0.05%,893
"2025-12-19 00:15",25285.25,25293,25281.25,25287.75,2.75,+0.01%,692
"2025-12-19 00:00",25291.75,25305.25,25284,25285,-6.75,-0.03%,740
"2025-12-18 23:45",25306.25,25307.25,25288.25,25291.75,-14.5,-0.06%,566
"2025-12-18 23:30",25298,25312.75,25293.75,25306.25,8.75,+0.03%,692
"2025-12-18 23:15",25286,25298,25282,25297.5,11.25,+0.04%,666
"2025-12-18 23:00",25305.25,25309.25,25283.75,25286.25,-20.,-0.08%,686
"2025-12-18 22:45",25297.75,25312.75,25295.75,25306.25,8.75,+0.03%,781
"2025-12-18 22:30",25297,25306,25286.25,25297.5,-2.,-0.01%,624
"2025-12-18 22:15",25311.25,25315.25,25290,25299.5,-11.5,-0.05%,742
"2025-12-18 22:00",25308,25318.25,25299.25,25311,4,+0.02%,881
"2025-12-18 21:45",25309.75,25321.75,25301.75,25307,-3.25,-0.01%,1068
"2025-12-18 21:30",25289.75,25311.25,25280,25310.25,20,+0.08%,1486
"2025-12-18 21:15",25264.75,25314.75,25236,25290.25,25.5,+0.10%,2830
"2025-12-18 21:00",25251,25270.25,25241.75,25264.75,13,+0.05%,1045
"2025-12-18 20:45",25273.5,25276.25,25250,25251.75,-22.75,-0.09%,986
"2025-12-18 20:30",25273,25286.75,25258.25,25274.5,2.5,+0.01%,1290
"2025-12-18 20:15",25268.75,25278.75,25258.5,25272,2.25,+0.01%,746
"2025-12-18 20:00",25266.25,25279.5,25250.75,25269.75,3,+0.01%,1462
"2025-12-18 19:45",25229,25277.25,25220.5,25266.75,38.5,+0.15%,2340
"2025-12-18 19:30",25232,25243.25,25211.25,25228.25,-4.5,-0.02%,1604
"2025-12-18 19:15",25229.5,25244.5,25229,25232.75,2.75,+0.01%,778
"2025-12-18 19:00",25244,25245.5,25213,25230,-13.25,-0.05%,1406
"2025-12-18 18:45",25226.75,25251.75,25220.5,25243.25,15.5,+0.06%,1075
"2025-12-18 18:30",25237.25,25240.75,25221.25,25227.75,-8.75,-0.03%,940
"2025-12-18 18:15",25233.5,25246.25,25223,25236.5,3.25,+0.01%,1308
"2025-12-18 18:00",25257.25,25266.5,25229,25233.25,-23.75,-0.09%,1823
"2025-12-18 17:45",25231,25257.5,25229,25257,27.5,+0.11%,1427
"2025-12-18 17:30",25226,25239.25,25220,25229.5,3.5,+0.01%,921
"2025-12-18 17:15",25231,25245,25217,25226,-5.,-0.02%,1048
"2025-12-18 17:00",25240,25253,25209.75,25231,12,+0.05%,2198
"2025-12-18 15:45",25199.5,25223,25198,25219,20,+0.08%,1626
"2025-12-18 15:30",25217.5,25222,25196.5,25199,-18.5,-0.07%,1457
"2025-12-18 15:15",25209.5,25218,25204.5,25217.5,7.75,+0.03%,2040
"2025-12-18 15:00",25252,25257.25,25203.75,25209.75,-41.75,-0.17%,11186
"2025-12-18 14:45",25329.5,25343.5,25248,25251.5,-78.25,-0.31%,29289
"2025-12-18 14:30",25307.75,25333,25294.5,25329.75,22,+0.09%,11225
"2025-12-18 14:15",25288.5,25315.25,25264.5,25307.75,18.75,+0.07%,12741
"2025-12-18 14:00",25208.5,25290.25,25192.5,25289,80.75,+0.32%,14228
"2025-12-18 13:45",25240.25,25281.75,25193.75,25208.25,-33.,-0.13%,16876
"2025-12-18 13:30",25278,25284,25236.25,25241.25,-37.5,-0.15%,15064
"2025-12-18 13:15",25296.5,25297,25256.75,25278.75,-16.75,-0.07%,12732
"2025-12-18 13:00",25338,25340,25254,25295.5,-43.,-0.17%,21195
"2025-12-18 12:45",25371.25,25375.75,25333.25,25338.5,-33.25,-0.13%,14161
"2025-12-18 12:30",25362.75,25402.25,25362.5,25371.75,9.25,+0.04%,10704
"2025-12-18 12:15",25346.75,25376.25,25346.75,25362.5,14,+0.06%,8972
"2025-12-18 12:00",25355.5,25371.5,25317.25,25348.5,-6.75,-0.03%,13339
"2025-12-18 11:45",25341.5,25361.75,25302.25,25355.25,14.25,+0.06%,17864
"2025-12-18 11:30",25229,25341.25,25215.25,25341,111.5,+0.44%,20336
"2025-12-18 11:15",25232.75,25248,25184.5,25229.5,-4.,-0.02%,29031
"2025-12-18 11:00",25386.75,25386.75,25214.25,25233.5,-153.,-0.60%,30247
"2025-12-18 10:45",25392.5,25412,25378.25,25386.5,-6.75,-0.03%,12371
"2025-12-18 10:30",25353,25404.25,25350.75,25393.25,40.25,+0.16%,11858
"2025-12-18 10:15",25377.25,25405.5,25343.25,25353,-23.5,-0.09%,15444
"2025-12-18 10:00",25366.25,25412.5,25350.75,25376.5,10.75,+0.04%,17309
"2025-12-18 09:45",25381,25387,25356.5,25365.75,-15.25,-0.06%,17099
"2025-12-18 09:30",25323.5,25407.25,25308.75,25381,57.5,+0.23%,30100
"2025-12-18 09:15",25196.25,25337.75,25175.5,25323.5,126.5,+0.50%,32154
"2025-12-18 09:00",25277.5,25301,25174.75,25197,-80.5,-0.32%,27852
"2025-12-18 08:45",25197.25,25291.5,25161.25,25277.5,80,+0.32%,38271
"2025-12-18 08:30",25278.75,25329.5,25172.75,25197.5,-82.,-0.32%,49929
"2025-12-18 08:15",25260.75,25285,25249.75,25279.5,18.75,+0.07%,6762
"2025-12-18 08:00",25221.5,25274,25220,25260.75,37.75,+0.15%,6255
"2025-12-18 07:45",25249.25,25264,25212.5,25223,-26.,-0.10%,9003
"2025-12-18 07:30",25114.75,25253.5,25107.5,25249,134.75,+0.54%,16951
"2025-12-18 07:15",25108.75,25119.75,25100,25114.25,6,+0.02%,2917
"2025-12-18 07:00",25094.75,25112,25064.75,25108.25,14.5,+0.06%,3071
"2025-12-18 06:45",25102,25104.5,25085,25093.75,-9.5,-0.04%,1389
"2025-12-18 06:30",25096,25109,25091,25103.25,7.75,+0.03%,1304
"2025-12-18 06:15",25097.25,25111,25093.25,25095.5,-2.,-0.01%,1029
"2025-12-18 06:00",25101.5,25114.5,25090,25097.5,-2.5,-0.01%,1519
"2025-12-18 05:45",25083.5,25104,25080.75,25100,16.75,+0.07%,931
"2025-12-18 05:30",25086,25100.75,25081.75,25083.25,-4.5,-0.02%,749
"2025-12-18 05:15",25093.5,25102.5,25074.5,25087.75,-4.75,-0.02%,1016
"2025-12-18 05:00",25079,25094.25,25074.5,25092.5,13.25,+0.05%,739
"2025-12-18 04:45",25082,25086,25069.75,25079.25,-2.25,-0.01%,657
"2025-12-18 04:30",25084.75,25099.5,25073.25,25081.5,-2.75,-0.01%,1205
"2025-12-18 04:15",25076.75,25084.25,25065.5,25084.25,8.75,+0.03%,713
"2025-12-18 04:00",25096.75,25098.75,25072.25,25075.5,-21.,-0.08%,956
"2025-12-18 03:45",25077.75,25097.25,25077.75,25096.5,18.5,+0.07%,1526
"2025-12-18 03:30",25048.5,25081.75,25048.5,25078,29,+0.12%,1240
"2025-12-18 03:15",25044.25,25057.25,25031,25049,5.5,+0.02%,1127
"2025-12-18 03:00",25055,25065.75,25032.75,25043.5,-11.75,-0.05%,1321
"2025-12-18 02:45",25047,25073,25047,25055.25,10,+0.04%,2194
"2025-12-18 02:30",25020.25,25053,25017,25045.25,26.75,+0.11%,1201
"2025-12-18 02:15",25027.5,25047,25008.25,25018.5,-9.75,-0.04%,1499
"2025-12-18 02:00",25030.25,25035,25012.25,25028.25,-3.5,-0.01%,1527
"2025-12-18 01:45",25034.75,25037.75,25023.25,25031.75,-2.75,-0.01%,792
"2025-12-18 01:30",25034,25041.25,25023,25034.5,-0.25,0.00%,838
"2025-12-18 01:15",25019,25039.75,25017.75,25034.75,16.5,+0.07%,2665
"2025-12-18 01:00",24984,25025.75,24982.5,25018.25,35.25,+0.14%,2459
"2025-12-18 00:45",24979.5,24984.5,24953.75,24983,4,+0.02%,1254
"2025-12-18 00:30",24981.5,24990.5,24975,24979,-5.75,-0.02%,680
"2025-12-18 00:15",24976.5,24988.5,24971.25,24984.75,6.25,+0.03%,524
"2025-12-18 00:00",24984.75,24991.25,24973.75,24978.5,-6.75,-0.03%,765
"2025-12-17 23:45",24986.5,24992,24975.25,24985.25,-0.5,0.00%,560
"2025-12-17 23:30",24972.5,24992.75,24969.5,24985.75,13.75,+0.06%,914
"2025-12-17 23:15",24985.75,24989.5,24965.5,24972,-14.25,-0.06%,707
"2025-12-17 23:00",24986.75,24994.5,24977.75,24986.25,-1.75,-0.01%,711
"2025-12-17 22:45",24984,24991,24977.5,24988,4.25,+0.02%,700
"2025-12-17 22:30",24963.25,24989,24961.75,24983.75,20,+0.08%,818
"2025-12-17 22:15",24940.5,24967.75,24940.25,24963.75,22.25,+0.09%,552
"2025-12-17 22:00",24941.5,24968.25,24938.75,24941.5,0.5,0.00%,1234
"2025-12-17 21:45",24911.25,24951.25,24910.5,24941,30,+0.12%,947
"2025-12-17 21:30",24913.5,24932.25,24908.5,24911,-2.,-0.01%,1048
"2025-12-17 21:15",24926.5,24929.5,24902.25,24913,-14.,-0.06%,1816
"2025-12-17 21:00",24969.75,24972,24921.75,24927,-43.25,-0.17%,1524
"2025-12-17 20:45",24975,24979.5,24959.5,24970.25,-4.5,-0.02%,941
"2025-12-17 20:30",24971.25,24994.5,24970.25,24974.75,1.5,+0.01%,956
"2025-12-17 20:15",24978.75,25012.25,24969.25,24973.25,-4.75,-0.02%,1773
"2025-12-17 20:00",24965,25003.75,24956.75,24978,15.75,+0.06%,1774
"2025-12-17 19:45",24982.5,24996.75,24950.5,24962.25,-19.25,-0.08%,1612
"2025-12-17 19:30",24980,24989,24964,24981.5,1.25,+0.01%,1034
"2025-12-17 19:15",24974.5,24993.75,24960.5,24980.25,2.75,+0.01%,1094
"2025-12-17 19:00",24987.75,24993.75,24959.25,24977.5,-9.5,-0.04%,1537
"2025-12-17 18:45",24955.25,24998,24955,24987,32.5,+0.13%,1414
"2025-12-17 18:30",24955.75,24977.75,24943.25,24954.5,-1.75,-0.01%,1245
"2025-12-17 18:15",24944,24984,24938,24956.25,13.75,+0.06%,2897
"2025-12-17 18:00",24933.5,24951,24901.25,24942.5,10.5,+0.04%,2137
"2025-12-17 17:45",24970.75,24970.75,24925,24932,-37.,-0.15%,1248
"2025-12-17 17:30",24956,24977.5,24947.25,24969,13.75,+0.06%,1055
"2025-12-17 17:15",24965,24967.5,24932.75,24955.25,-8.25,-0.03%,1282
"2025-12-17 17:00",24983.5,24999,24957.25,24963.5,11.75,+0.05%,2010
"2025-12-17 15:45",24949.75,24974,24947,24951.75,0.75,0.00%,2160
"2025-12-17 15:30",24955.5,24966,24941,24951,-3.75,-0.02%,2226
"2025-12-17 15:15",24992.75,24993.25,24952,24954.75,-37.25,-0.15%,3169
"2025-12-17 15:00",24892.75,24995.75,24891.75,24992,100.5,+0.40%,15576
"2025-12-17 14:45",24969.25,24972,24887.75,24891.5,-76.75,-0.31%,27767
"2025-12-17 14:30",24955,24974,24933,24968.25,12.75,+0.05%,10782
"2025-12-17 14:15",24953,24976.5,24940,24955.5,1.5,+0.01%,6801
"2025-12-17 14:00",24975,24983.25,24942.25,24954,-21.5,-0.09%,8230
"2025-12-17 13:45",24958.75,24985.5,24947.75,24975.5,17.5,+0.07%,8644
"2025-12-17 13:30",24941.25,24966.75,24922,24958,16.75,+0.07%,11002
"2025-12-17 13:15",24954,24968.25,24935.5,24941.25,-13.25,-0.05%,8412
"2025-12-17 13:00",24956.5,24969.75,24934.75,24954.5,-3.25,-0.01%,9543
"2025-12-17 12:45",24964.25,24978.75,24933.75,24957.75,-7.75,-0.03%,11866
"2025-12-17 12:30",25010.25,25017.25,24938.25,24965.5,-45.,-0.18%,12937
"2025-12-17 12:15",25010.25,25026,24991.25,25010.5,-0.25,0.00%,10266
"2025-12-17 12:00",25022.25,25078,25008,25010.75,-11.25,-0.04%,11166
"2025-12-17 11:45",25009.75,25039.75,24984.5,25022,13,+0.05%,13703
"2025-12-17 11:30",25043,25085,25003.75,25009,-33.5,-0.13%,14850
"2025-12-17 11:15",24999.75,25079.5,24986.5,25042.5,42.5,+0.17%,17228
"2025-12-17 11:00",25035.25,25052.75,24981.75,25000,-34.5,-0.14%,19280
"2025-12-17 10:45",25040,25060.75,24985,25034.5,-6.25,-0.02%,21738
"2025-12-17 10:30",25068,25068,25000.25,25040.75,-27.5,-0.11%,23215
"2025-12-17 10:15",25026,25099.25,25009,25068.25,42.25,+0.17%,24194
"2025-12-17 10:00",25058.25,25122.5,25024,25026,-33.5,-0.13%,31311
"2025-12-17 09:45",25141,25159.25,25034.25,25059.5,-82.25,-0.33%,40777
"2025-12-17 09:30",25317.75,25331.5,25125,25141.75,-176.75,-0.70%,33301
"2025-12-17 09:15",25313.5,25345.75,25277.25,25318.5,4.75,+0.02%,22572
"2025-12-17 09:00",25332.25,25343,25279.25,25313.75,-19.25,-0.08%,26798
"2025-12-17 08:45",25317,25349,25245.5,25333,16.5,+0.07%,37874
"2025-12-17 08:30",25422.5,25447.75,25296.75,25316.5,-105.5,-0.41%,45728
"2025-12-17 08:15",25429.5,25450.5,25416.5,25422,-8.,-0.03%,5253
"2025-12-17 08:00",25464.75,25482,25429.5,25430,-34.5,-0.14%,3952
"2025-12-17 07:45",25445.75,25493,25436.5,25464.5,19.5,+0.08%,6892
"2025-12-17 07:30",25444,25449.75,25421,25445,0.25,0.00%,4101
"2025-12-17 07:15",25456,25475.25,25395,25444.75,-11.,-0.04%,9321
"2025-12-17 07:00",25486.75,25497,25440,25455.75,-31.,-0.12%,2819
"2025-12-17 06:45",25493.5,25508.5,25485.5,25486.75,-7.25,-0.03%,1477
"2025-12-17 06:30",25477.5,25496.5,25475.75,25494,16.5,+0.06%,1089
"2025-12-17 06:15",25495.25,25496.75,25477,25477.5,-19.5,-0.08%,731
"2025-12-17 06:00",25494.25,25498.5,25474,25497,2.25,+0.01%,1251
"2025-12-17 05:45",25490.5,25497,25477.25,25494.75,4.25,+0.02%,776
"2025-12-17 05:30",25474.75,25491.5,25474.75,25490.5,14.75,+0.06%,834
"2025-12-17 05:15",25472.75,25487.5,25467.25,25475.75,2,+0.01%,767
"2025-12-17 05:00",25483.5,25499,25469.75,25473.75,-9.,-0.04%,1184
"2025-12-17 04:45",25479.25,25489.5,25473.5,25482.75,4,+0.02%,922
"2025-12-17 04:30",25471.75,25491.75,25461.25,25478.75,9.25,+0.04%,1626
"2025-12-17 04:15",25477.25,25480.75,25462.75,25469.5,-8.75,-0.03%,1003
"2025-12-17 04:00",25462.75,25483,25455,25478.25,14.75,+0.06%,1114
"2025-12-17 03:45",25455.75,25470,25453.75,25463.5,8,+0.03%,1003
"2025-12-17 03:30",25431.75,25458,25427.5,25455.5,22.5,+0.09%,1293
"2025-12-17 03:15",25424.25,25445.25,25422,25433,9.5,+0.04%,1879
"2025-12-17 03:00",25415.25,25425.25,25401.75,25423.5,7.75,+0.03%,1064
"2025-12-17 02:45",25424.5,25436.5,25398,25415.75,-8.25,-0.03%,1213
"2025-12-17 02:30",25411.5,25425.5,25404.25,25424,12.5,+0.05%,1184
"2025-12-17 02:15",25408.25,25420,25393.5,25411.5,3,+0.01%,1212
"2025-12-17 02:00",25412.75,25415.75,25388.25,25408.5,-4.25,-0.02%,1767
"2025-12-17 01:45",25406.75,25429,25404.25,25412.75,7,+0.03%,792
"2025-12-17 01:30",25403.25,25418.5,25397.25,25405.75,0.5,0.00%,706
"2025-12-17 01:15",25423,25428,25395,25405.25,-17.5,-0.07%,1309
"2025-12-17 01:00",25394.25,25432.25,25381.25,25422.75,27,+0.11%,1710
"2025-12-17 00:45",25407.75,25412.5,25392,25395.75,-13.25,-0.05%,564
"2025-12-17 00:30",25401.75,25417.75,25391,25409,6.5,+0.03%,995
"2025-12-17 00:15",25401.75,25413,25388,25402.5,1,0.00%,1356
"2025-12-17 00:00",25352.25,25401.5,25351.5,25401.5,48.5,+0.19%,1690
"2025-12-16 23:45",25348.75,25357.25,25345,25353,5.75,+0.02%,808
"2025-12-16 23:30",25309.5,25348.5,25308,25347.25,38.25,+0.15%,949
"2025-12-16 23:15",25320,25323.5,25301.25,25309,-10.75,-0.04%,727
"2025-12-16 23:00",25312,25330,25291.75,25319.75,6.5,+0.03%,1319
"2025-12-16 22:45",25318.75,25327.5,25311.75,25313.25,-5.,-0.02%,743
"2025-12-16 22:30",25335.75,25340.25,25310.5,25318.25,-18.,-0.07%,925
"2025-12-16 22:15",25358.5,25362.25,25327.5,25336.25,-22.25,-0.09%,761
"2025-12-16 22:00",25351.5,25366.5,25345.25,25358.5,9.25,+0.04%,568
"2025-12-16 21:45",25365.5,25370.25,25341.25,25349.25,-16.25,-0.06%,774
"2025-12-16 21:30",25372,25375.75,25358,25365.5,-7.,-0.03%,620
"2025-12-16 21:15",25369.75,25380.25,25365.25,25372.5,0.75,0.00%,626
"2025-12-16 21:00",25360,25375.75,25358,25371.75,9,+0.04%,682
"2025-12-16 20:45",25364.75,25374,25354.5,25362.75,-3.25,-0.01%,676
"2025-12-16 20:30",25358.25,25372.75,25346.75,25366,7.5,+0.03%,1252
"2025-12-16 20:15",25339,25359.5,25331,25358.5,20.75,+0.08%,1205
"2025-12-16 20:00",25357.25,25359.75,25328,25337.75,-19.25,-0.08%,1402
"2025-12-16 19:45",25339,25359.5,25317.25,25357,18.75,+0.07%,1091
"2025-12-16 19:30",25332,25349,25311.25,25338.25,5,+0.02%,1101
"2025-12-16 19:15",25342.75,25349,25316,25333.25,-8.,-0.03%,1452
"2025-12-16 19:00",25306.75,25354.5,25306.75,25341.25,36,+0.14%,1716
"2025-12-16 18:45",25305.5,25327.75,25294,25305.25,-1.,0.00%,1341
"2025-12-16 18:30",25296.5,25320.25,25281.25,25306.25,8.75,+0.03%,1283
"2025-12-16 18:15",25287.5,25314.75,25279.25,25297.5,9,+0.04%,1479
"2025-12-16 18:00",25315,25316.5,25264.5,25288.5,-27.5,-0.11%,2157
"2025-12-16 17:45",25361.5,25361.75,25310,25316,-43.75,-0.17%,897
"2025-12-16 17:30",25336.5,25363,25330.5,25359.75,23,+0.09%,1014
"2025-12-16 17:15",25321,25339,25310.5,25336.75,19.75,+0.08%,661
"2025-12-16 17:00",25332,25356,25294.25,25317,-4.5,-0.02%,1889
"2025-12-16 15:45",25338.25,25342.25,25317.5,25321.5,-16.5,-0.07%,1369
"2025-12-16 15:30",25324.5,25342,25320.75,25338,14.5,+0.06%,1341
"2025-12-16 15:15",25344.75,25345.75,25308,25323.5,-20.5,-0.08%,3208
"2025-12-16 15:00",25372.25,25376,25336.75,25344,-28.25,-0.11%,11251
"2025-12-16 14:45",25420,25444,25372.25,25372.25,-48.,-0.19%,23660
"2025-12-16 14:30",25373.25,25439.25,25371.5,25420.25,46.75,+0.18%,14349
"2025-12-16 14:15",25334.25,25375.5,25330,25373.5,39.75,+0.16%,7413
"2025-12-16 14:00",25318.25,25369,25310.5,25333.75,15.25,+0.06%,9356
"2025-12-16 13:45",25316.75,25349.25,25297.5,25318.5,2.5,+0.01%,9512
"2025-12-16 13:30",25280.25,25326.5,25272.5,25316,35.25,+0.14%,10872
"2025-12-16 13:15",25239.25,25281.75,25224.75,25280.75,41.75,+0.17%,11484
"2025-12-16 13:00",25315.75,25317,25234.25,25239,-77.25,-0.31%,12723
"2025-12-16 12:45",25317.75,25350.25,25309.5,25316.25,-1.75,-0.01%,12656
"2025-12-16 12:30",25203.25,25321,25201.75,25318,114.5,+0.45%,15002
"2025-12-16 12:15",25225.75,25234.75,25189.75,25203.5,-22.25,-0.09%,9255
"2025-12-16 12:00",25200.5,25227.5,25171.75,25225.75,25.25,+0.10%,15976
"2025-12-16 11:45",25248.75,25268.5,25192.5,25200.5,-48.,-0.19%,14570
"2025-12-16 11:30",25272.75,25319.75,25234.25,25248.5,-23.75,-0.09%,11824
"2025-12-16 11:15",25340.25,25355,25257.5,25272.25,-67.75,-0.27%,11745
"2025-12-16 11:00",25335.75,25352.75,25280.5,25340,4.5,+0.02%,15293
"2025-12-16 10:45",25257.5,25340.25,25249.75,25335.5,79,+0.31%,16493
"2025-12-16 10:30",25232.25,25273.25,25214.25,25256.5,23.5,+0.09%,14045
"2025-12-16 10:15",25259.5,25265.25,25212.75,25233,-26.75,-0.11%,16147
"2025-12-16 10:00",25322,25344,25247,25259.75,-62.,-0.24%,15100
"2025-12-16 09:45",25255.75,25340,25230.75,25321.75,67,+0.27%,18317
"2025-12-16 09:30",25241.75,25289.5,25193.75,25254.75,13.75,+0.05%,21323
"2025-12-16 09:15",25325.25,25333.75,25178.75,25241,-84.25,-0.33%,25586
"2025-12-16 09:00",25394.5,25409,25305,25325.25,-68.25,-0.27%,23494
"2025-12-16 08:45",25267,25398.75,25205.25,25393.5,127.25,+0.50%,29273
"2025-12-16 08:30",25232,25350.5,25217.5,25266.25,34.25,+0.14%,34403
"2025-12-16 08:15",25254.75,25290.5,25225,25232,-23.5,-0.09%,6338
"2025-12-16 08:00",25252.5,25278,25225.75,25255.5,3.5,+0.01%,5338
"2025-12-16 07:45",25277.5,25313,25240.75,25252,-25.,-0.10%,6424
"2025-12-16 07:30",25289.5,25386.5,25275.75,25277,-11.25,-0.04%,10870
"2025-12-16 07:15",25283.5,25317.25,25263.25,25288.25,4.75,+0.02%,2546
"2025-12-16 07:00",25298,25308.75,25265.75,25283.5,-14.5,-0.06%,2221
"2025-12-16 06:45",25310.75,25319,25294.75,25298,-12.75,-0.05%,1380
"2025-12-16 06:30",25309.75,25324.25,25300.5,25310.75,1.25,0.00%,1539
"2025-12-16 06:15",25310,25320.25,25301.25,25309.5,-0.75,0.00%,1048
"2025-12-16 06:00",25294,25315,25280.5,25310.25,17.25,+0.07%,1711
"2025-12-16 05:45",25268.75,25294,25259.5,25293,23,+0.09%,1178
"2025-12-16 05:30",25250,25276,25238.75,25270,21,+0.08%,1027
"2025-12-16 05:15",25248.25,25249,25237,25249,1.25,0.00%,475
"2025-12-16 05:00",25246,25256.75,25237.75,25247.75,0.75,0.00%,560
"2025-12-16 04:45",25270.25,25274.5,25236.25,25247,-22.75,-0.09%,937
"2025-12-16 04:30",25236.5,25270.25,25221.5,25269.75,35,+0.14%,1380
"2025-12-16 04:15",25213.25,25237.75,25213,25234.75,22,+0.09%,1044
"2025-12-16 04:00",25182,25213.75,25168,25212.75,30.25,+0.12%,1010
"2025-12-16 03:45",25209.5,25213.75,25165.75,25182.5,-27.25,-0.11%,1409
"2025-12-16 03:30",25213.5,25227,25202.5,25209.75,-3.5,-0.01%,1277
"2025-12-16 03:15",25231,25231.5,25210.5,25213.25,-18.25,-0.07%,1063
"2025-12-16 03:00",25204,25231.5,25188.5,25231.5,28,+0.11%,1301
"2025-12-16 02:45",25192.5,25211.75,25192.5,25203.5,11,+0.04%,1674
"2025-12-16 02:30",25182.75,25192.5,25167.75,25192.5,8.5,+0.03%,1272
"2025-12-16 02:15",25160.75,25188.25,25148.75,25184,25.25,+0.10%,2024
"2025-12-16 02:00",25128,25165.75,25126.25,25158.75,31.25,+0.12%,2052
"2025-12-16 01:45",25079,25134.5,25078.5,25127.5,48.25,+0.19%,1444
"2025-12-16 01:30",25135.75,25136.25,25073.25,25079.25,-57.,-0.23%,2326
"2025-12-16 01:15",25125,25145.5,25124,25136.25,12,+0.05%,694
"2025-12-16 01:00",25133.75,25146.75,25124,25124.25,-8.75,-0.03%,744
"2025-12-16 00:45",25116,25133.75,25115.75,25133,15.75,+0.06%,631
"2025-12-16 00:30",25122.75,25123.75,25109,25117.25,-4.75,-0.02%,619
"2025-12-16 00:15",25128,25132.75,25110.75,25122,-4.25,-0.02%,659
"2025-12-16 00:00",25114,25136,25104,25126.25,13.75,+0.05%,1587
"2025-12-15 23:45",25132.25,25141.25,25104.75,25112.5,-19.5,-0.08%,1264
"2025-12-15 23:30",25140.75,25142.25,25125.5,25132,-9.5,-0.04%,992
"2025-12-15 23:15",25144,25156,25138,25141.5,-3.25,-0.01%,705
"2025-12-15 23:00",25164,25165,25140,25144.75,-19.75,-0.08%,908
"2025-12-15 22:45",25165.25,25175.5,25161.5,25164.5,-0.75,0.00%,554
"2025-12-15 22:30",25152,25170,25149,25165.25,13,+0.05%,719
"2025-12-15 22:15",25138.25,25156.5,25132.25,25152.25,13.25,+0.05%,488
"2025-12-15 22:00",25160,25163.75,25122,25139,-21.75,-0.09%,1093
"2025-12-15 21:45",25132.5,25169,25132.5,25160.75,28.75,+0.11%,1131
"2025-12-15 21:30",25131.25,25143.25,25103.5,25132,0.75,0.00%,1312
"2025-12-15 21:15",25137.25,25148,25118.25,25131.25,-6.25,-0.02%,981
"2025-12-15 21:00",25150.25,25165.75,25128,25137.5,-12.25,-0.05%,1301
"2025-12-15 20:45",25166,25173.25,25142,25149.75,-14.75,-0.06%,1255
"2025-12-15 20:30",25175.75,25179,25137.5,25164.5,-12.,-0.05%,1443
"2025-12-15 20:15",25164.75,25184.5,25153.25,25176.5,11,+0.04%,1048
"2025-12-15 20:00",25152.5,25170.5,25126,25165.5,12.5,+0.05%,1518
"2025-12-15 19:45",25120.25,25166.75,25116,25153,30.5,+0.12%,2148
"2025-12-15 19:30",25242,25251.25,25112.5,25122.5,-120.75,-0.48%,5193
"2025-12-15 19:15",25244.25,25259.75,25240.5,25243.25,-2.,-0.01%,730
"2025-12-15 19:00",25252.5,25262.75,25230.5,25245.25,-7.25,-0.03%,1554
"2025-12-15 18:45",25268,25280.25,25244.75,25252.5,-17.25,-0.07%,1096
"2025-12-15 18:30",25283.75,25294.25,25258,25269.75,-13.5,-0.05%,1385
"2025-12-15 18:15",25267.25,25289.25,25239.75,25283.25,15.25,+0.06%,2283
"2025-12-15 18:00",25307.25,25317.5,25258,25268,-38.25,-0.15%,1875
"2025-12-15 17:45",25321.5,25321.5,25280.25,25306.25,-16.25,-0.06%,1582
"2025-12-15 17:30",25341.75,25343.75,25301,25322.5,-18.75,-0.07%,1124
"2025-12-15 17:15",25360.25,25364.5,25334,25341.25,-19.,-0.07%,715
"2025-12-15 17:00",25345.75,25373.25,25345.75,25360.25,11.5,+0.05%,954
"2025-12-15 15:45",25346.75,25351,25341.75,25348.75,2,+0.01%,728
"2025-12-15 15:30",25334.5,25349,25334.25,25346.75,12,+0.05%,594
"2025-12-15 15:15",25347.25,25352.5,25333.5,25334.75,-12.,-0.05%,998
"2025-12-15 15:00",25335,25357.5,25326.75,25346.75,12,+0.05%,6204
"2025-12-15 14:45",25350.5,25372.75,25331,25334.75,-16.,-0.06%,14625
"2025-12-15 14:30",25370,25376.5,25342,25350.75,-19.,-0.07%,6013
"2025-12-15 14:15",25387.25,25402.25,25356.5,25369.75,-17.5,-0.07%,5925
"2025-12-15 14:00",25400.75,25407.75,25359.25,25387.25,-13.75,-0.05%,5472
"2025-12-15 13:45",25365.75,25405,25357,25401,34,+0.13%,4800
"2025-12-15 13:30",25386,25395.5,25359.5,25367,-19.5,-0.08%,4593
"2025-12-15 13:15",25390.75,25408.25,25373.75,25386.5,-4.5,-0.02%,4732
"2025-12-15 13:00",25402.5,25433.5,25391,25391,-11.5,-0.05%,5104
"2025-12-15 12:45",25365.5,25420,25361.5,25402.5,37,+0.15%,4869
"2025-12-15 12:30",25346.75,25372.75,25329.75,25365.5,18.75,+0.07%,5477
"2025-12-15 12:15",25402.5,25414,25333.5,25346.75,-54.25,-0.21%,6376
"2025-12-15 12:00",25379.5,25407,25351.25,25401,21,+0.08%,5486
"2025-12-15 11:45",25419,25430.5,25332.75,25380,-39.75,-0.16%,8295
"2025-12-15 11:30",25398.75,25436.75,25373,25419.75,21.5,+0.08%,5974
"2025-12-15 11:15",25405,25414,25377.25,25398.25,-7.,-0.03%,5784
"2025-12-15 11:00",25411.5,25427,25394,25405.25,-6.,-0.02%,5757
"2025-12-15 10:45",25386.25,25443,25366.5,25411.25,25,+0.10%,9319
"2025-12-15 10:30",25505.25,25511.25,25379,25386.25,-118.25,-0.46%,11622
"2025-12-15 10:15",25405.25,25517,25402.75,25504.5,98.25,+0.39%,9083
"2025-12-15 10:00",25404.5,25446,25371.5,25406.25,3.75,+0.01%,8777
"2025-12-15 09:45",25428,25447,25369.75,25402.5,-24.25,-0.10%,10968
"2025-12-15 09:30",25321.25,25427.5,25307,25426.75,106.75,+0.42%,17469
"2025-12-15 09:15",25426.5,25429.5,25285.75,25320,-107.5,-0.42%,22281
"2025-12-15 09:00",25479.25,25490.75,25414.5,25427.5,-52.,-0.20%,19988
"2025-12-15 08:45",25542.75,25565.25,25468.25,25479.5,-64.,-0.25%,19232
"2025-12-15 08:30",25666.75,25668,25541.25,25543.5,-123.25,-0.48%,22264
"2025-12-15 08:15",25652.75,25666.75,25631,25666.75,14,+0.05%,3903
"2025-12-15 08:00",25640,25655.25,25636.25,25652.75,13,+0.05%,2020
"2025-12-15 07:45",25615.75,25642.75,25615.5,25639.75,24.25,+0.09%,2042
"2025-12-15 07:30",25609.5,25619,25606.75,25615.5,8.75,+0.03%,1166
"2025-12-15 07:15",25615.25,25616.5,25595.25,25606.75,-7.25,-0.03%,1169
"2025-12-15 07:00",25611.25,25616,25608.5,25614,2.25,+0.01%,922
"2025-12-15 06:45",25615,25616.5,25609,25611.75,-2.75,-0.01%,1004
"2025-12-15 06:30",25592.75,25621,25591,25614.5,23,+0.09%,1139
"2025-12-15 06:15",25591.25,25611.75,25586.25,25591.5,1,0.00%,1237
"2025-12-15 06:00",25614.5,25614.75,25584.5,25590.5,-25.,-0.10%,1253
"2025-12-15 05:45",25609.25,25617.75,25607.75,25615.5,6.5,+0.03%,653
"2025-12-15 05:30",25604,25616.25,25604,25609,4.75,+0.02%,358
"2025-12-15 05:15",25592.75,25611.75,25590.5,25604.25,11.5,+0.04%,735
"2025-12-15 05:00",25596.5,25599.5,25588,25592.75,-3.,-0.01%,435
"2025-12-15 04:45",25592.5,25601.25,25591,25595.75,2,+0.01%,416
"2025-12-15 04:30",25595.5,25596.5,25583,25593.75,-2.25,-0.01%,775
"2025-12-15 04:15",25591.75,25601.5,25588.5,25596,4.5,+0.02%,672
"2025-12-15 04:00",25582,25592.75,25577,25591.5,6.75,+0.03%,652
"2025-12-15 03:45",25578.25,25593.5,25578.25,25584.75,6,+0.02%,670
"2025-12-15 03:30",25574.5,25584.75,25572,25578.75,5.25,+0.02%,719
"2025-12-15 03:15",25569,25579.25,25555.75,25573.5,5,+0.02%,829
"2025-12-15 03:00",25542,25571.75,25531,25568.5,27,+0.11%,1025
"2025-12-15 02:45",25543,25548.25,25536.25,25541.5,0,0.00%,496
"2025-12-15 02:30",25507.75,25547.25,25504,25541.5,35.75,+0.14%,1037
"2025-12-15 02:15",25492,25511.5,25486.5,25505.75,15.75,+0.06%,608
"2025-12-15 02:00",25509,25518.5,25487,25490,-18.,-0.07%,903
"2025-12-15 01:45",25503.25,25511.75,25493.5,25508,5.75,+0.02%,429
"2025-12-15 01:30",25503.5,25514,25495.75,25502.25,-3.75,-0.01%,823
"2025-12-15 01:15",25516,25523.75,25499,25506,-10.,-0.04%,644
"2025-12-15 01:00",25532,25541,25510.25,25516,-16.,-0.06%,484
"2025-12-15 00:45",25531.25,25537.25,25525.75,25532,1.25,0.00%,402
"2025-12-15 00:30",25519.5,25531,25509.75,25530.75,10.25,+0.04%,383
"2025-12-15 00:15",25513.5,25531.5,25513.25,25520.5,6,+0.02%,367
"2025-12-15 00:00",25533.5,25533.5,25507,25514.5,-20.25,-0.08%,434
"2025-12-14 23:45",25533.5,25539.75,25527.75,25534.75,-0.5,0.00%,263
"2025-12-14 23:30",25524.75,25536.25,25521.25,25535.25,8.5,+0.03%,198
"2025-12-14 23:15",25524.75,25527.25,25512,25526.75,1.5,+0.01%,278
"2025-12-14 23:00",25526.25,25529.5,25522.25,25525.25,-1.25,0.00%,228
"2025-12-14 22:45",25515.75,25533.5,25513.25,25526.5,11,+0.04%,448
"2025-12-14 22:30",25510.25,25515.75,25504.5,25515.5,6.25,+0.02%,237
"2025-12-14 22:15",25496.75,25513.75,25490.5,25509.25,12.75,+0.05%,556
"2025-12-14 22:00",25513.25,25517.25,25496.5,25496.5,-15.75,-0.06%,307
"2025-12-14 21:45",25504,25516.25,25504,25512.25,6.75,+0.03%,195
"2025-12-14 21:30",25505.5,25516.5,25503.25,25505.5,-1.75,-0.01%,376
"2025-12-14 21:15",25513.75,25515,25502.75,25507.25,-7.5,-0.03%,255
"2025-12-14 21:00",25520.25,25530.25,25507.25,25514.75,-4.25,-0.02%,503
"2025-12-14 20:45",25529,25533,25511,25519,-11.5,-0.05%,575
"2025-12-14 20:30",25529.5,25542,25527.5,25530.5,1.75,+0.01%,473
"2025-12-14 20:15",25524.75,25533.5,25516,25528.75,4.5,+0.02%,532
"2025-12-14 20:00",25518.75,25530.25,25517.5,25524.25,4.5,+0.02%,714
"2025-12-14 19:45",25505.75,25522,25502.25,25519.75,13.75,+0.05%,422
"2025-12-14 19:30",25493,25517.25,25492.5,25506,13,+0.05%,735
"2025-12-14 19:15",25488.5,25495,25481.5,25493,3.75,+0.01%,376
"2025-12-14 19:00",25489.5,25496.75,25476.5,25489.25,-0.75,0.00%,584
"2025-12-14 18:45",25474,25498,25473.25,25490,15.75,+0.06%,567
"2025-12-14 18:30",25461.75,25478,25461.75,25474.25,12.25,+0.05%,427
"2025-12-14 18:15",25461.5,25467.5,25444.75,25462,-1.,0.00%,1004
"2025-12-14 18:00",25446.75,25469.5,25443,25463,15,+0.06%,903
"2025-12-14 17:45",25436,25456,25426.25,25448,12.25,+0.05%,541
"2025-12-14 17:30",25424.75,25442.25,25422.25,25435.75,11.25,+0.04%,664
"2025-12-14 17:15",25409.25,25426.5,25399.75,25424.5,15.75,+0.06%,847
"2025-12-14 17:00",25463.25,25497.25,25385,25408.75,-50.25,-0.20%,2125
"2025-12-12 15:45",25460.5,25468.5,25458,25459,-5.5,-0.02%,108
"2025-12-12 15:30",25458.75,25469.5,25455,25464.5,4.5,+0.02%,187
"2025-12-12 15:15",25468.5,25474,25457.5,25460,-10.25,-0.04%,105
"2025-12-12 15:00",25467,25481.75,25455.25,25470.25,4.25,+0.02%,825
"2025-12-12 14:45",25435.75,25478,25426.5,25466,28.75,+0.11%,3476
"2025-12-12 14:30",25464.75,25468.25,25400.75,25437.25,-26.75,-0.11%,1060
"2025-12-12 14:15",25478.75,25494,25459.5,25464,-14.25,-0.06%,541
"2025-12-12 14:00",25501,25515.75,25478.25,25478.25,-21.5,-0.08%,423
"2025-12-12 13:45",25498,25506.25,25480,25499.75,4.5,+0.02%,244
"2025-12-12 13:30",25479.25,25515,25479.25,25495.25,15.25,+0.06%,320
"2025-12-12 13:15",25490.25,25507.25,25469.75,25480,-14.25,-0.06%,585
"2025-12-12 13:00",25535.75,25538.75,25487.75,25494.25,-39.5,-0.15%,482
"2025-12-12 12:45",25561,25579.25,25529,25533.75,-28.5,-0.11%,341
"2025-12-12 12:30",25591.5,25597,25551,25562.25,-29.25,-0.11%,328
"2025-12-12 12:15",25588.5,25623,25563,25591.5,4.75,+0.02%,444
"2025-12-12 12:00",25530.5,25614.25,25518.5,25586.75,59.75,+0.23%,810
"2025-12-12 11:45",25523.75,25565.75,25523.5,25527,-4.,-0.02%,481
"2025-12-12 11:30",25478,25542.5,25446.5,25531,55.5,+0.22%,465
"2025-12-12 11:15",25509.5,25555.75,25471.25,25475.5,-28.25,-0.11%,675
"2025-12-12 11:00",25426.75,25515,25421.25,25503.75,82.5,+0.32%,760
"2025-12-12 10:45",25436.5,25441,25390,25421.25,-18.25,-0.07%,683
"2025-12-12 10:30",25479.5,25479.5,25371.5,25439.5,-41.,-0.16%,890
"2025-12-12 10:15",25445.25,25482.5,25386,25480.5,34.25,+0.13%,1318
"2025-12-12 10:00",25492.75,25529,25408.25,25446.25,-49.75,-0.20%,1467
"2025-12-12 09:45",25636.5,25657.75,25470,25496,-143.25,-0.56%,1807
"2025-12-12 09:30",25576.25,25639.25,25553,25639.25,66.75,+0.26%,1470
"2025-12-12 09:15",25693.25,25711.75,25572.5,25572.5,-127.5,-0.50%,1183
"2025-12-12 09:00",25812.5,25815.75,25671.25,25700,-120.,-0.46%,1369
"2025-12-12 08:45",25814,25827.75,25761.75,25820,5,+0.02%,754
"2025-12-12 08:30",25818,25879,25787.75,25815,-3.5,-0.01%,3106
"2025-12-12 08:15",25863.25,25870.75,25818.5,25818.5,-45.25,-0.17%,270
"2025-12-12 08:00",25886.25,25890.75,25863.75,25863.75,-21.75,-0.08%,209
"2025-12-12 07:45",25842.5,25885.5,25840.75,25885.5,43.5,+0.17%,191
"2025-12-12 07:30",25849.75,25849.75,25838,25842,-5.25,-0.02%,131
"2025-12-12 07:15",25848.25,25858.75,25843,25847.25,0,0.00%,133
"2025-12-12 07:00",25824,25856.25,25820.25,25847.25,14.75,+0.06%,101
"2025-12-12 06:45",25815.25,25855,25811.25,25832.5,14.75,+0.06%,185
"2025-12-12 06:30",25833.5,25836,25817.75,25817.75,-19.75,-0.08%,112
"2025-12-12 06:15",25826.25,25842.25,25822.5,25837.5,6.75,+0.03%,75
"2025-12-12 06:00",25813.75,25831.5,25799.25,25830.75,22,+0.09%,90
"2025-12-12 05:45",25820.5,25820.5,25793.75,25808.75,-10.,-0.04%,131
"2025-12-12 05:30",25832.25,25839.25,25802.75,25818.75,-11.5,-0.04%,118
"2025-12-12 05:15",25841,25845.25,25830,25830.25,-4.25,-0.02%,54
"2025-12-12 05:00",25843,25844.25,25824.25,25834.5,-8.75,-0.03%,83
"2025-12-12 04:45",25844.5,25852.25,25840.5,25843.25,-1.5,-0.01%,99
"2025-12-12 04:30",25845.25,25848.25,25824.25,25844.75,2.25,+0.01%,139
"2025-12-12 04:15",25871.5,25871.5,25834,25842.5,-35.,-0.14%,99
"2025-12-12 04:00",25847,25879.5,25841.75,25877.5,32.25,+0.12%,113
"2025-12-12 03:45",25828.5,25852,25820.75,25845.25,15.25,+0.06%,47
"2025-12-12 03:30",25849.25,25855,25824.5,25830,-19.25,-0.07%,127
"2025-12-12 03:15",25900,25900,25849.25,25849.25,-45.5,-0.18%,81
"2025-12-12 03:00",25920.25,25924.75,25871.5,25894.75,-26.25,-0.10%,89
"2025-12-12 02:45",25924.25,25931,25910.5,25921,-3.25,-0.01%,32
"2025-12-12 02:30",25927,25939.5,25924.25,25924.25,-7.25,-0.03%,47
"2025-12-12 02:15",25933.75,25936.75,25927,25931.5,-3.,-0.01%,25
"2025-12-12 02:00",25925,25940.25,25911.5,25934.5,7,+0.03%,149
"2025-12-12 01:45",25927.25,25934,25925,25927.5,-4.75,-0.02%,49
"2025-12-12 01:30",25921.25,25932.25,25916.25,25932.25,9,+0.03%,32
"2025-12-12 01:15",25930.25,25930.25,25921,25923.25,-7.5,-0.03%,37
"2025-12-12 01:00",25932.75,25936.25,25928.75,25930.75,-10.75,-0.04%,34
"2025-12-12 00:45",25939.75,25941.5,25935.25,25941.5,1.5,+0.01%,18
"2025-12-12 00:30",25960.5,25960.75,25940,25940,-21.75,-0.08%,47
"2025-12-12 00:15",25952.25,25964.25,25952.25,25961.75,9.5,+0.04%,33
"2025-12-12 00:00",25951.25,25954.5,25948.25,25952.25,2.75,+0.01%,16
"2025-12-11 23:45",25951.75,25956,25947.5,25949.5,-3.5,-0.01%,25
"2025-12-11 23:30",25933.75,25955,25933.75,25953,20.25,+0.08%,44
"2025-12-11 23:15",25925.5,25933.75,25923,25932.75,7,+0.03%,25
"2025-12-11 23:00",25917,25930.75,25916.75,25925.75,9.5,+0.04%,31
"2025-12-11 22:45",25919.25,25924.5,25912.5,25916.25,-2.75,-0.01%,96
"2025-12-11 22:30",25916.5,25920,25915.5,25919,1.25,0.00%,214
"2025-12-11 22:15",25918,25920.25,25915.75,25917.75,1.75,+0.01%,234
"2025-12-11 22:00",25925.5,25929.5,25915.5,25916,-10.75,-0.04%,38
"2025-12-11 21:45",25940.5,25940.5,25923.75,25926.75,-9.75,-0.04%,13
"2025-12-11 21:30",25924.5,25937.75,25922.25,25936.5,12.25,+0.05%,11
"2025-12-11 21:15",25937.75,25937.75,25922.25,25924.25,-15.5,-0.06%,30
"2025-12-11 21:00",25954.25,25954.25,25935.75,25939.75,-11.25,-0.04%,12
"2025-12-11 20:45",25955.75,25955.75,25946.5,25951,-6.5,-0.03%,11
"2025-12-11 20:30",25951.25,25957.75,25945.75,25957.5,11.25,+0.04%,34
"2025-12-11 20:15",25955.25,25956.75,25945,25946.25,-10.25,-0.04%,44
"2025-12-11 20:00",25935,25958.5,25932.25,25956.5,19.75,+0.08%,55
"2025-12-11 19:45",25925.5,25936.75,25920.5,25936.75,10.25,+0.04%,21
"2025-12-11 19:30",25930,25932,25925.75,25926.5,-6.5,-0.03%,40
"2025-12-11 19:15",25914.5,25935.25,25914.5,25933,18.75,+0.07%,17
"2025-12-11 19:00",25906.25,25919.5,25905.75,25914.25,13.25,+0.05%,68
"2025-12-11 18:45",25920.5,25926.5,25900.25,25901,-18.25,-0.07%,76
"2025-12-11 18:30",25928.75,25942.25,25919.25,25919.25,-7.25,-0.03%,25
"2025-12-11 18:15",25909,25932,25909,25926.5,16.5,+0.06%,39
"2025-12-11 18:00",25925,25933,25900,25910,-20.,-0.08%,61
"2025-12-11 17:45",25937.75,25950,25927.75,25930,-9.25,-0.04%,54
"2025-12-11 17:30",25923.25,25939.25,25923.25,25939.25,17.25,+0.07%,65
"2025-12-11 17:15",25922.25,25934.75,25906.25,25922,10.25,+0.04%,31
"2025-12-11 17:00",25971,25990.75,25910,25911.75,-186.25,-0.71%,146
"2025-12-11 15:45",26054,26116.5,26054,26098,42,+0.16%,64
"2025-12-11 15:30",26078.5,26080,26048,26056,-18.5,-0.07%,46
"2025-12-11 15:15",26008,26090,26008,26074.5,70.25,+0.27%,217
"2025-12-11 15:00",25974.5,26007,25964.5,26004.25,29.5,+0.11%,177
"2025-12-11 14:45",25935.25,25977.25,25926.5,25974.75,40.5,+0.16%,285
"2025-12-11 14:30",25931.75,25937.5,25917.5,25934.25,-0.75,0.00%,86
"2025-12-11 14:15",25948.25,25955.75,25933.25,25935,-22.,-0.08%,114
"2025-12-11 14:00",25946.5,25962.75,25946.5,25957,9,+0.03%,104
"2025-12-11 13:45",25969.5,25979.75,25946.75,25948,-19.25,-0.07%,122
"2025-12-11 13:30",25955,25972.25,25953.75,25967.25,14.5,+0.06%,83
"2025-12-11 13:15",25928.5,25957,25928.5,25952.75,27.75,+0.11%,92
"2025-12-11 13:00",25896.75,25925,25892.75,25925,29.5,+0.11%,83
"2025-12-11 12:45",25937,25941,25887.5,25895.5,-36.75,-0.14%,117
"2025-12-11 12:30",25879.75,25937.75,25866.75,25932.25,55.25,+0.21%,116
"2025-12-11 12:15",25883.75,25899.75,25866.25,25877,-6.5,-0.03%,59
"2025-12-11 12:00",25847.25,25895.5,25844,25883.5,35.75,+0.14%,101
"2025-12-11 11:45",25900.75,25900.75,25835,25847.75,-46.75,-0.18%,73
"2025-12-11 11:30",25862,25902.5,25862,25894.5,32,+0.12%,116
"2025-12-11 11:15",25823,25890.5,25821.5,25862.5,32.5,+0.13%,173
"2025-12-11 11:00",25753,25838,25753,25830,72.75,+0.28%,227
"2025-12-11 10:45",25820.75,25844.25,25724.25,25757.25,-60.,-0.23%,259
"2025-12-11 10:30",25719.25,25834.5,25719.25,25817.25,96.5,+0.38%,242
"2025-12-11 10:15",25756.5,25778.5,25713.5,25720.75,-51.25,-0.20%,240
"2025-12-11 10:00",25786.5,25815.75,25753.25,25772,-15.75,-0.06%,220
"2025-12-11 09:45",25795.25,25816,25714.25,25787.75,-9.5,-0.04%,235
"2025-12-11 09:30",25856.25,25866.75,25780,25797.25,-58.25,-0.23%,278
"2025-12-11 09:15",25803.75,25883.75,25793,25855.5,42,+0.16%,287
"2025-12-11 09:00",25666,25822.5,25645.25,25813.5,145,+0.56%,415
"2025-12-11 08:45",25842.25,25845,25655,25668.5,-173.25,-0.67%,573
"2025-12-11 08:30",25901,25904.5,25814.75,25841.75,-64.75,-0.25%,626
"2025-12-11 08:15",25929.75,25935.75,25906.5,25906.5,-22.5,-0.09%,93
"2025-12-11 08:00",25904.75,25931,25899,25929,33.5,+0.13%,31
"2025-12-11 07:45",25897.25,25913.25,25892,25895.5,2.25,+0.01%,22
"2025-12-11 07:30",25925,25932.25,25890,25893.25,-41.5,-0.16%,55
"2025-12-11 07:15",25927,25936,25925.25,25934.75,3.75,+0.01%,13
"2025-12-11 07:00",25947,25947,25920.25,25931,-24.,-0.09%,50
"2025-12-11 06:45",25944,25955,25937.75,25955,10.5,+0.04%,20
"2025-12-11 06:30",25931.5,25955,25928.75,25944.5,12.5,+0.05%,41
"2025-12-11 06:15",25898.25,25933.25,25898.25,25932,32,+0.12%,85
"2025-12-11 06:00",25880.75,25900,25880.75,25900,22.5,+0.09%,11
"2025-12-11 05:45",25864.5,25884,25864.25,25877.5,23.5,+0.09%,19
"2025-12-11 05:30",25863.5,25863.5,25854,25854,-5.,-0.02%,8
"2025-12-11 05:15",25856.5,25861.25,25856,25859,-2.25,-0.01%,5
"2025-12-11 05:00",25853.5,25864,25853.25,25861.25,4.75,+0.02%,11
"2025-12-11 04:45",25850,25857.75,25850,25856.5,7.75,+0.03%,11
"2025-12-11 04:30",25858.25,25858.75,25845.25,25848.75,-13.25,-0.05%,60
"2025-12-11 04:15",25868.5,25872,25856.75,25862,-3.25,-0.01%,48
"2025-12-11 04:00",25862,25866.5,25839.25,25865.25,7,+0.03%,61
"2025-12-11 03:45",25843.5,25877.75,25843.5,25858.25,14.5,+0.06%,17
"2025-12-11 03:30",25840.5,25852,25834.5,25843.75,6.75,+0.03%,76
"2025-12-11 03:15",25830,25848,25823.75,25837,9.75,+0.04%,21
"2025-12-11 03:00",25799.75,25827.25,25799.75,25827.25,34.25,+0.13%,31
"2025-12-11 02:45",25741,25794.5,25741,25793,47.25,+0.18%,30
"2025-12-11 02:30",25742.25,25755.25,25734.75,25745.75,-3.25,-0.01%,16
"2025-12-11 02:15",25746.75,25756.25,25740,25749,-7.25,-0.03%,29
"2025-12-11 02:00",25774.75,25774.75,25737.5,25756.25,-38.75,-0.15%,27
"2025-12-11 01:45",25783.75,25795.25,25780,25795,5.5,+0.02%,46
"2025-12-11 01:30",25783,25793,25783,25789.5,17.75,+0.07%,6
"2025-12-11 01:15",25760.75,25771.75,25758.25,25771.75,12,+0.05%,6
"2025-12-11 01:00",25748.5,25759.75,25732.25,25759.75,-3.5,-0.01%,18
"2025-12-11 00:45",25761.5,25769.75,25750,25763.25,-1.75,-0.01%,20
"2025-12-11 00:30",25731,25765,25731,25765,39.25,+0.15%,56
"2025-12-11 00:15",25764,25764,25725.75,25725.75,-36.5,-0.14%,52
"2025-12-11 00:00",25771,25777.75,25758,25762.25,-10.25,-0.04%,31
"2025-12-10 23:45",25748.5,25775,25748.5,25772.5,19,+0.07%,35
"2025-12-10 23:30",25748,25753.75,25744.25,25753.5,6.5,+0.03%,19
"2025-12-10 23:15",25763,25763,25747,25747,-1.75,-0.01%,11
"2025-12-10 23:00",25762.75,25763.5,25748.75,25748.75,-16.25,-0.06%,41
"2025-12-10 22:45",25770,25776.75,25763,25765,-10.,-0.04%,14
"2025-12-10 22:30",25756.75,25775,25756.75,25775,14.75,+0.06%,13
"2025-12-10 22:15",25775,25779.5,25758,25760.25,-19.75,-0.08%,22
"2025-12-10 22:00",25742.25,25792.5,25736.25,25780,30.25,+0.12%,91
"2025-12-10 21:45",25724.5,25750.5,25718,25749.75,21.5,+0.08%,138
"2025-12-10 21:30",25725.25,25728.25,25692,25728.25,-4.,-0.02%,42
"2025-12-10 21:15",25695,25732.25,25693,25732.25,51.5,+0.20%,49
"2025-12-10 21:00",25803,25803,25644.5,25680.75,-123.,-0.48%,158
"2025-12-10 20:45",25834.75,25836.5,25780.75,25803.75,-31.5,-0.12%,122
"2025-12-10 20:30",25864,25864.25,25818,25835.25,-28.,-0.11%,79
"2025-12-10 20:15",25895.25,25895.25,25862.5,25863.25,-19.5,-0.08%,27
"2025-12-10 20:00",25915,25915,25882.75,25882.75,-31.5,-0.12%,23
"2025-12-10 19:45",25933.75,25933.75,25910,25914.25,-20.25,-0.08%,23
"2025-12-10 19:30",25932.25,25934.5,25929,25934.5,8.5,+0.03%,15
"2025-12-10 19:15",25930,25932.5,25915,25926,-2.,-0.01%,30
"2025-12-10 19:00",25925.25,25928.75,25918,25928,-8.5,-0.03%,8
"2025-12-10 18:45",25942,25942,25928,25936.5,-20.,-0.08%,27
"2025-12-10 18:30",25979,25979,25950,25956.5,-27.5,-0.11%,22
"2025-12-10 18:15",25978.25,25988,25978.25,25984,14,+0.05%,3
"2025-12-10 18:00",25981,25981,25970,25970,-18.,-0.07%,2
"2025-12-10 17:45",25990.5,25990.5,25988,25988,3.5,+0.01%,20
"2025-12-10 17:30",25986.25,25990.25,25984.5,25984.5,-2.5,-0.01%,10
"2025-12-10 17:15",25985.25,25990.75,25983.25,25987,-15.5,-0.06%,20
"2025-12-10 17:00",26047.5,26047.5,26000,26002.5,-57.5,-0.22%,49
"2025-12-10 15:45",26065,26065,26047.5,26060,9,+0.03%,10
"2025-12-10 15:30",26051,26051,26044,26051,-4.5,-0.02%,5
"2025-12-10 15:15",26042.25,26055.5,26041.25,26055.5,11.5,+0.04%,16
"2025-12-10 15:00",26058,26059.5,26018.25,26044,-12.25,-0.05%,79
"2025-12-10 14:45",26100.75,26105.25,26048,26056.25,-38.75,-0.15%,196
"2025-12-10 14:30",26092.75,26119.5,26091.25,26095,-1.,0.00%,97
"2025-12-10 14:15",26112.75,26123.5,26087.25,26096,-19.5,-0.07%,203
"2025-12-10 14:00",26090,26116.75,26046.75,26115.5,37,+0.14%,173
"2025-12-10 13:45",25931,26089,25931,26078.5,149.75,+0.58%,331
"2025-12-10 13:30",25923,26033,25868.75,25928.75,13.75,+0.05%,764
"2025-12-10 13:15",25954,25984.25,25884.25,25915,-29.,-0.11%,205
"2025-12-10 13:00",25881.25,25994.75,25881.25,25944,77.75,+0.30%,477
"2025-12-10 12:45",25868,25880.25,25856.5,25866.25,-8.,-0.03%,19
"2025-12-10 12:30",25854,25883,25850.75,25874.25,12.5,+0.05%,104
"2025-12-10 12:15",25906.75,25907.25,25854,25861.75,-45.75,-0.18%,35
"2025-12-10 12:00",25911.5,25912.5,25903,25907.5,-10.5,-0.04%,16
"2025-12-10 11:45",25887.5,25933.75,25887.5,25918,33,+0.13%,70
"2025-12-10 11:30",25876,25902,25873,25885,1.5,+0.01%,15
"2025-12-10 11:15",25886.5,25890.5,25872.25,25883.5,-3.,-0.01%,38
"2025-12-10 11:00",25903,25909.75,25879,25886.5,-24.75,-0.10%,32
"2025-12-10 10:45",25872,25911.25,25867.75,25911.25,28.5,+0.11%,40
"2025-12-10 10:30",25901.5,25903.75,25882.75,25882.75,-21.25,-0.08%,29
"2025-12-10 10:15",25866.25,25906.25,25861.75,25904,44.5,+0.17%,55
"2025-12-10 10:00",25817.75,25859.5,25785,25859.5,35.75,+0.14%,167
"2025-12-10 09:45",25838,25878.75,25807,25823.75,-24.25,-0.09%,145
"2025-12-10 09:30",25886.25,25893.75,25821,25848,-43.25,-0.17%,131
"2025-12-10 09:15",25874.75,25911,25874.75,25891.25,9.25,+0.04%,40
"2025-12-10 09:00",25877.5,25901,25862,25882,-10.,-0.04%,24
"2025-12-10 08:45",25893.5,25923.5,25846.75,25892,-6.,-0.02%,65
"2025-12-10 08:30",25889,25910.25,25825.5,25898,2,+0.01%,141
"2025-12-10 08:15",25917.75,25917.75,25896,25896,-18.25,-0.07%,37
"2025-12-10 08:00",25932.25,25936.25,25908,25914.25,-22.25,-0.09%,28
"2025-12-10 07:45",25930.25,25936.5,25930.25,25936.5,-2.,-0.01%,3
"2025-12-10 07:30",25967,25971.75,25935,25938.5,-19.5,-0.08%,8
"2025-12-10 07:15",25927,25967,25927,25958,37.5,+0.14%,18
"2025-12-10 07:00",25905.5,25920.5,25905.5,25920.5,27.25,+0.11%,4
"2025-12-10 06:45",25888.75,25893.25,25888.75,25893.25,8.25,+0.03%,3
"2025-12-10 06:30",25902.25,25902.25,25885,25885,-13.5,-0.05%,6
"2025-12-10 06:15",25892.75,25898.5,25888.25,25898.5,3,+0.01%,10
"2025-12-10 06:00",25912.5,25912.5,25895.5,25895.5,-28.,-0.11%,4
"2025-12-10 05:45",25927.25,25927.25,25923.5,25923.5,3.5,+0.01%,3
"2025-12-10 05:30",25914.25,25921.25,25912.25,25920,0,0.00%,15
"2025-12-10 05:15",25920.5,25920.75,25915.5,25920,-6.,-0.02%,8
"2025-12-10 05:00",25903.75,25946.25,25903.75,25926,2,+0.01%,43
"2025-12-10 04:45",25913.25,25924,25913.25,25924,10.5,+0.04%,8
"2025-12-10 04:30",25880,25913.5,25874,25913.5,24.5,+0.09%,38
"2025-12-10 04:15",25960.75,25960.75,25889,25889,-63.25,-0.24%,21
"2025-12-10 04:00",25964.75,25980,25952.25,25952.25,-14.5,-0.06%,13
"2025-12-10 03:45",25966.75,25966.75,25966.75,25966.75,5.5,+0.02%,1
"2025-12-10 03:30",25967.75,25967.75,25961.25,25961.25,-5.5,-0.02%,5
"2025-12-10 03:15",25966.25,25971.75,25965,25966.75,-5.25,-0.02%,7
"2025-12-10 03:00",25975.5,25984.75,25972,25972,-3.5,-0.01%,7
"2025-12-10 02:45",25977.75,25977.75,25960.5,25975.5,-0.75,0.00%,8
"2025-12-10 02:30",25979.75,25985,25976.25,25976.25,-16.75,-0.06%,4
"2025-12-10 02:15",25993,25993,25993,25993,-3.5,-0.01%,1
"2025-12-10 02:00",25984.5,26000.25,25978,25996.5,13,+0.05%,16
"2025-12-10 01:45",25979.5,25985,25979,25983.5,3.5,+0.01%,6
"2025-12-10 01:30",25970.5,25980,25970.5,25980,7.5,+0.03%,4
"2025-12-10 01:15",25971.25,25972.5,25971.25,25972.5,12,+0.05%,2
"2025-12-10 01:00",25963.5,25963.5,25956.25,25960.5,2.25,+0.01%,4
"2025-12-10 00:45",25958.25,25958.25,25958.25,25958.25,2.25,+0.01%,1
"2025-12-10 00:30",25967.25,25968.25,25956,25956,0.25,0.00%,5
"2025-12-10 00:15",25959,25959,25955.75,25955.75,-2.25,-0.01%,2
"2025-12-10 00:00",25937.25,25958,25937.25,25958,22,+0.08%,5
"2025-12-09 23:45",25939,25939,25935.5,25936,0.25,0.00%,3
"2025-12-09 23:30",25934,25936.5,25932.75,25935.75,5.5,+0.02%,4
"2025-12-09 23:15",25930.25,25930.25,25930.25,25930.25,3.25,+0.01%,1
"2025-12-09 23:00",25939.75,25939.75,25927,25927,-20.5,-0.08%,2
"2025-12-09 22:45",25947.5,25947.5,25947.5,25947.5,-7.75,-0.03%,1
"2025-12-09 22:30",25948,25965.5,25948,25955.25,19.5,+0.08%,18
"2025-12-09 22:15",25937,25937,25935.75,25935.75,-2.5,-0.01%,2
"2025-12-09 22:00",25937.5,25938.5,25937.5,25938.25,9.5,+0.04%,6
"2025-12-09 21:45",25920.5,25928.75,25920.5,25928.75,3,+0.01%,2
"2025-12-09 21:30",25928.75,25928.75,25925.75,25925.75,0.75,0.00%,5
"2025-12-09 21:15",25928.25,25928.25,25925,25925,-7.75,-0.03%,6
"2025-12-09 21:00",25934.5,25938.5,25932.75,25932.75,6.5,+0.03%,5
"2025-12-09 20:45",25928.25,25930.25,25926.25,25926.25,-2.75,-0.01%,4
"2025-12-09 20:30",25921.75,25930.25,25921.75,25929,3.25,+0.01%,8
"2025-12-09 20:15",25925.75,25925.75,25925.75,25925.75,12.75,+0.05%,1
"2025-12-09 20:00",25913,25913,25913,25913,4.75,+0.02%,1
"2025-12-09 19:45",25908.75,25913,25908.25,25908.25,2.5,+0.01%,4
"2025-12-09 19:30",25902.75,25905.75,25902.75,25905.75,6,+0.02%,4
"2025-12-09 19:00",25908.75,25908.75,25899.75,25899.75,-8.25,-0.03%,8
"2025-12-09 18:45",25915.75,25915.75,25908,25908,-15.,-0.06%,5
"2025-12-09 18:30",25927,25928.5,25922,25923,4.75,+0.02%,10
"2025-12-09 18:15",25936.5,25936.5,25918.25,25918.25,-27.25,-0.11%,7
"2025-12-09 18:00",25940.75,25945.5,25939.75,25945.5,20.5,+0.08%,3
"2025-12-09 17:45",25934.25,25934.5,25925,25925,-6.5,-0.03%,4
"2025-12-09 17:30",25931.5,25931.5,25931.5,25931.5,3,+0.01%,1
"2025-12-09 17:15",25926.75,25928.5,25926.75,25928.5,-11.5,-0.04%,2
"2025-12-09 17:00",25940,25940,25940,25940,4.5,+0.02%,1
"2025-12-09 15:45",25937,25937,25928.75,25935.5,0,0.00%,14
"2025-12-09 15:30",25935.5,25935.5,25935.5,25935.5,0.5,0.00%,1
"2025-12-09 15:15",25935,25935,25929.75,25935,-7.75,-0.03%,13
"2025-12-09 15:00",25956.75,25956.75,25940,25942.75,-14.5,-0.06%,33
"2025-12-09 14:45",25962.5,25975,25940,25957.25,-1.5,-0.01%,90
"2025-12-09 14:30",25954.25,25958.75,25944,25958.75,5,+0.02%,36
"2025-12-09 14:15",25960,25961.5,25951,25953.75,-3.,-0.01%,7
"2025-12-09 14:00",25953.5,25962.75,25953.5,25956.75,-3.25,-0.01%,8
"2025-12-09 13:45",25949.75,25961.25,25945.75,25960,3,+0.01%,17
"2025-12-09 13:30",25971.25,25971.25,25953.25,25957,-7.,-0.03%,10
"2025-12-09 13:15",25956,25970.5,25956,25964,11.25,+0.04%,23
"2025-12-09 13:00",25968.5,25968.5,25952.75,25952.75,-28.5,-0.11%,31
"2025-12-09 12:45",25949,25990,25949,25981.25,19.25,+0.07%,34
"2025-12-09 12:30",25978.75,25978.75,25960,25962,-22.,-0.08%,15
"2025-12-09 12:15",25973.75,25985.5,25971.75,25984,12.75,+0.05%,38
"2025-12-09 12:00",25970.5,25980,25964.75,25971.25,0.5,0.00%,47
"2025-12-09 11:45",25958,25970.75,25946,25970.75,10.75,+0.04%,15
"2025-12-09 11:30",25969.25,25969.25,25949.5,25960,-2.,-0.01%,19
"2025-12-09 11:15",25971.25,25971.5,25944.25,25962,-17.5,-0.07%,22
"2025-12-09 11:00",25958,25986.5,25953.5,25979.5,10.75,+0.04%,37
"2025-12-09 10:45",25938.25,25968.75,25930.25,25968.75,42.25,+0.16%,22
"2025-12-09 10:30",25941.25,25967,25926,25926.5,-18.25,-0.07%,77
"2025-12-09 10:15",25950.5,25962.5,25944.75,25944.75,1.75,+0.01%,98
"2025-12-09 10:00",25940,25955,25936.75,25943,7.75,+0.03%,36
"2025-12-09 09:45",25935.25,25936,25890,25935.25,5.25,+0.02%,49
"2025-12-09 09:30",25912.75,25930,25896.75,25930,14.5,+0.06%,28
"2025-12-09 09:15",25887.75,25915.5,25886.5,25915.5,30,+0.12%,8
"2025-12-09 09:00",25872.25,25919.5,25871.75,25885.5,9,+0.03%,46
"2025-12-09 08:45",25868,25886.75,25849,25876.5,11.75,+0.05%,52
"2025-12-09 08:30",25874.25,25898.5,25820,25864.75,4.25,+0.02%,160
"2025-12-09 08:15",25858.75,25860.5,25844,25860.5,0.5,0.00%,7
"2025-12-09 08:00",25865.25,25865.25,25860,25860,-8.5,-0.03%,3
"2025-12-09 07:45",25880,25880,25866,25868.5,-13.25,-0.05%,16
"2025-12-09 07:30",25890,25890,25870,25881.75,-23.25,-0.09%,7
"2025-12-09 07:15",25906,25907.5,25896.25,25905,-4.5,-0.02%,23
"2025-12-09 07:00",25908.25,25909.5,25896.75,25909.5,-1.5,-0.01%,26
"2025-12-09 06:30",25914,25916.25,25911,25911,-3.25,-0.01%,9
"2025-12-09 06:15",25918.75,25918.75,25909.75,25914.25,-11.5,-0.04%,16
"2025-12-09 06:00",25923.75,25925.75,25920,25925.75,2.75,+0.01%,7
"2025-12-09 05:45",25931,25931,25923,25923,0,0.00%,3
"2025-12-09 05:30",25914.25,25930.25,25914.25,25923,17.75,+0.07%,14
"2025-12-09 05:15",25890,25908.5,25890,25905.25,9.5,+0.04%,4
"2025-12-09 05:00",25911.75,25912,25895.75,25895.75,-27.25,-0.11%,5
"2025-12-09 04:45",25910.25,25923,25892.5,25923,13,+0.05%,9
"2025-12-09 04:30",25916.25,25916.25,25858.5,25910,-12.75,-0.05%,68
"2025-12-09 04:00",25911,25924,25908,25922.75,14.5,+0.06%,8
"2025-12-09 03:45",25915.75,25915.75,25908,25908.25,-2.,-0.01%,5
"2025-12-09 03:30",25921.25,25926,25903.5,25910.25,-5.,-0.02%,16
"2025-12-09 03:15",25915.25,25915.25,25915.25,25915.25,-12.75,-0.05%,1
"2025-12-09 03:00",25934.5,25934.5,25926.5,25928,-27.5,-0.11%,4
"2025-12-09 02:45",25957.5,25957.5,25955.5,25955.5,17.5,+0.07%,2
"2025-12-09 02:30",25945,25945.25,25938,25938,-11.,-0.04%,4
"2025-12-09 02:15",25956,25962,25949,25949,-3.75,-0.01%,3
"2025-12-09 02:00",25950,25956,25945,25952.75,2.75,+0.01%,9
"2025-12-09 01:45",25950,25950,25950,25950,11,+0.04%,1
"2025-12-09 01:30",25934,25939,25934,25939,0.75,0.00%,2
"2025-12-09 01:15",25938.25,25938.25,25938.25,25938.25,-9.,-0.03%,1
"2025-12-09 01:00",25942,25947.25,25939,25947.25,16.25,+0.06%,4
"2025-12-09 00:45",25937.5,25937.5,25926,25931,25.25,+0.10%,4
"2025-12-09 00:15",25905.75,25905.75,25905.75,25905.75,0.75,0.00%,3
"2025-12-09 00:00",25907.5,25911.5,25904.5,25905,-18.5,-0.07%,7
"2025-12-08 23:45",25932.5,25932.5,25923.5,25923.5,-0.25,0.00%,2
"2025-12-08 23:30",25922.5,25923.75,25920.75,25923.75,2,+0.01%,3
"2025-12-08 23:15",25930,25930,25921.75,25921.75,-22.75,-0.09%,11
"2025-12-08 22:30",25944.5,25944.5,25944.5,25944.5,-2.25,-0.01%,1
"2025-12-08 21:45",25946.75,25946.75,25946.75,25946.75,-6.,-0.02%,1
"2025-12-08 21:30",25952.75,25952.75,25952.75,25952.75,3.25,+0.01%,1
"2025-12-08 21:15",25949.5,25949.5,25949.5,25949.5,-0.75,0.00%,1
"2025-12-08 21:00",25939,25950.25,25939,25950.25,5.25,+0.02%,2
"2025-12-08 20:45",25946,25946,25945,25945,-8.25,-0.03%,2
"2025-12-08 20:15",25960,25960,25953.25,25953.25,7.25,+0.03%,2
"2025-12-08 20:00",25947,25947.75,25945.75,25946,0,0.00%,4
"2025-12-08 19:30",25959.5,25960.75,25946,25946,-30.25,-0.12%,9
"2025-12-08 19:15",25976.25,25976.25,25976.25,25976.25,-1.25,0.00%,1
"2025-12-08 19:00",25968.5,25977.5,25958,25977.5,2.5,+0.01%,11
"2025-12-08 18:45",25975,25975,25975,25975,8,+0.03%,1
"2025-12-08 18:30",25967,25967,25967,25967,-4.,-0.02%,1
"2025-12-08 18:15",25970,25971,25970,25971,-4.,-0.02%,2
"2025-12-08 18:00",25970,25975,25968.25,25975,-1.,0.00%,4
"2025-12-08 17:45",25972.25,25976,25972.25,25976,17.25,+0.07%,4
"2025-12-08 17:30",25950,25958.75,25946,25958.75,4.75,+0.02%,4
"2025-12-08 17:15",25953.5,25954,25950,25954,-4.,-0.02%,3
"2025-12-08 17:00",25960,25976.75,25956.75,25958,0.25,0.00%,16
"2025-12-08 15:45",25950.75,25959.5,25943,25957.75,5.5,+0.02%,7
"2025-12-08 15:30",25949,25952.25,25934.5,25952.25,27.5,+0.11%,23
"2025-12-08 15:15",25907,25924.75,25907,25924.75,4.75,+0.02%,8
"2025-12-08 15:00",25924.75,25924.75,25913,25920,3,+0.01%,15
"2025-12-08 14:45",25865.75,25922.5,25857.5,25917,54,+0.21%,135
"2025-12-08 14:30",25870,25870,25849,25863,-5.,-0.02%,37
"2025-12-08 14:15",25855,25868,25850,25868,16.5,+0.06%,42
"2025-12-08 14:00",25849.25,25851.5,25842,25851.5,6.5,+0.03%,8
"2025-12-08 13:45",25853.5,25870,25844.5,25845,-14.75,-0.06%,26
"2025-12-08 13:30",25851.75,25868,25851.75,25859.75,4.25,+0.02%,21
"2025-12-08 13:15",25839.75,25862,25839.75,25855.5,23.75,+0.09%,40
"2025-12-08 13:00",25836.5,25845,25825.25,25831.75,-4.5,-0.02%,36
"2025-12-08 12:45",25884.75,25885.25,25821.25,25836.25,-38.,-0.15%,52
"2025-12-08 12:30",25873.25,25892,25860.75,25874.25,-9.75,-0.04%,46
"2025-12-08 12:15",25932.75,25941.25,25884,25884,-52.,-0.20%,58
"2025-12-08 12:00",25931.5,25944.5,25913,25936,-0.25,0.00%,60
"2025-12-08 11:45",25874.75,25940,25867.25,25936.25,50.25,+0.19%,119
"2025-12-08 11:30",25868.5,25891.75,25868.25,25886,20.5,+0.08%,77
"2025-12-08 11:15",25884,25889.25,25847.75,25865.5,-4.25,-0.02%,33
"2025-12-08 11:00",25888.25,25894,25858.75,25869.75,-29.,-0.11%,64
"2025-12-08 10:45",25907.75,25907.75,25888.75,25898.75,-1.75,-0.01%,48
"2025-12-08 10:30",25915.5,25915.5,25890,25900.5,-14.5,-0.06%,28
"2025-12-08 10:15",25888,25916,25882.75,25915,28.75,+0.11%,62
"2025-12-08 10:00",25913.75,25916,25882.75,25886.25,-27.5,-0.11%,67
"2025-12-08 09:45",25950.75,25950.75,25902.75,25913.75,-25.75,-0.10%,87
"2025-12-08 09:30",25951.25,25973.25,25939.5,25939.5,-10.5,-0.04%,42
"2025-12-08 09:15",25984.75,25998,25918,25950,-42.,-0.16%,64
"2025-12-08 09:00",25999.25,26026,25991,25992,-5.,-0.02%,87
"2025-12-08 08:45",26057.5,26057.5,25978.75,25997,-60.75,-0.23%,72
"2025-12-08 08:30",26042,26106,26025,26057.75,10.25,+0.04%,158
"2025-12-08 08:15",26073.75,26073.75,26035.75,26047.5,-21.,-0.08%,28
"2025-12-08 08:00",26067.75,26077,26066,26068.5,11.25,+0.04%,11
"2025-12-08 07:45",26058.5,26067,26056,26057.25,1,0.00%,19
"2025-12-08 07:30",26050,26056.25,26041.75,26056.25,-4.75,-0.02%,21
"2025-12-08 07:15",26070,26085,26056.75,26061,-5.25,-0.02%,14
"2025-12-08 07:00",26057.5,26066.25,26054.25,26066.25,9.75,+0.04%,10
"2025-12-08 06:45",26061,26062.75,26056.5,26056.5,12.75,+0.05%,8
"2025-12-08 06:30",26039.5,26045.25,26039.5,26043.75,5,+0.02%,6
"2025-12-08 06:15",26040,26040,26038.75,26038.75,-0.25,0.00%,2
"2025-12-08 06:00",26021.75,26039,26019,26039,10.5,+0.04%,8
"2025-12-08 05:45",26030,26034.75,26028.5,26028.5,-5.75,-0.02%,3
"2025-12-08 05:30",26028,26034.25,26026.75,26034.25,3,+0.01%,36
"2025-12-08 05:15",26049,26049,26029.25,26031.25,-3.75,-0.01%,12
"2025-12-08 05:00",26040,26040,26035,26035,-15.75,-0.06%,3
"2025-12-08 04:45",26046.75,26050.75,26043,26050.75,-0.25,0.00%,9
"2025-12-08 04:30",26042,26051,26042,26051,21,+0.08%,4
"2025-12-08 04:15",26023.25,26030,26022.5,26030,0.75,0.00%,5
"2025-12-08 04:00",26030.5,26031,26019.25,26029.25,2.5,+0.01%,8
"2025-12-08 03:45",26038.25,26038.25,26026.75,26026.75,-16.5,-0.06%,3
"2025-12-08 03:30",26046.25,26046.25,26040,26043.25,-5.25,-0.02%,8
"2025-12-08 03:15",26044.5,26048.5,26043,26048.5,8,+0.03%,4
"2025-12-08 03:00",26028,26040.5,26028,26040.5,11.25,+0.04%,7
"2025-12-08 02:45",26030,26030,26024.75,26029.25,-17.75,-0.07%,8
"2025-12-08 02:30",26039.25,26047,26039.25,26047,10.5,+0.04%,3
"2025-12-08 02:15",26054.5,26054.5,26036.5,26036.5,-12.5,-0.05%,14
"2025-12-08 02:00",26049,26051.75,26049,26049,-12.25,-0.05%,3
"2025-12-08 01:45",26066.5,26066.5,26061.25,26061.25,-11.,-0.04%,3
"2025-12-08 01:30",26066.75,26077.25,26066.75,26072.25,2.5,+0.01%,10
"2025-12-08 01:15",26049.75,26069.75,26049.75,26069.75,27.5,+0.11%,11
"2025-12-08 01:00",26042.25,26042.25,26042.25,26042.25,-0.75,0.00%,1
"2025-12-08 00:45",26050.5,26051.75,26043,26043,-7.5,-0.03%,5
"2025-12-08 00:30",26061.5,26061.5,26050.5,26050.5,-12.,-0.05%,5
"2025-12-08 00:15",26060,26062.5,26060,26062.5,7.5,+0.03%,5
"2025-12-08 00:00",26048,26055,26045.5,26055,6,+0.02%,3
"2025-12-07 23:45",26055,26055,26043.25,26049,-3.25,-0.01%,9
"2025-12-07 23:30",26054.75,26055,26052.25,26052.25,-4.25,-0.02%,4
"2025-12-07 23:15",26055,26056.5,26054.75,26056.5,6.25,+0.02%,4
"2025-12-07 23:00",26050.25,26050.25,26050.25,26050.25,3.75,+0.01%,1
"2025-12-07 22:30",26052,26052,26046.5,26046.5,-1.,0.00%,2
"2025-12-07 22:00",26046.25,26047.5,26046.25,26047.5,1.5,+0.01%,3
"2025-12-07 21:30",26037.75,26046,26037.75,26046,6,+0.02%,4
"2025-12-07 21:15",26040,26040,26040,26040,5.5,+0.02%,1
"2025-12-07 21:00",26038,26038,26034.5,26034.5,10.5,+0.04%,3
"2025-12-07 20:30",26028,26031.75,26022.5,26024,-2.,-0.01%,10
"2025-12-07 20:15",26026,26026,26026,26026,6.5,+0.02%,1
"2025-12-07 20:00",26018.75,26019.5,26018.75,26019.5,0.25,0.00%,2
"2025-12-07 19:45",26015.75,26021.25,26015.75,26019.25,2.5,+0.01%,7
"2025-12-07 19:30",26008.75,26021,26008.75,26016.75,10.25,+0.04%,11
"2025-12-07 19:15",26004,26006.5,26002,26006.5,-8.75,-0.03%,18
"2025-12-07 19:00",25998,26015.75,25998,26015.25,11.75,+0.05%,9
"2025-12-07 18:45",25987.5,26003.5,25987.5,26003.5,22.5,+0.09%,4
"2025-12-07 18:15",25974.75,25981,25966,25981,19.5,+0.08%,4
"2025-12-07 18:00",25995,25995,25961.5,25961.5,-37.75,-0.15%,14
"2025-12-07 17:45",26002,26002,25999.25,25999.25,2,+0.01%,2
"2025-12-07 17:30",26006.25,26010.5,25997.25,25997.25,13.75,+0.05%,4
"2025-12-07 17:15",25986.5,25994.75,25983.5,25983.5,1.25,0.00%,10
"2025-12-07 17:00",25997.25,26026.5,25981.5,25982.25,-2.75,-0.01%,22
"2025-12-05 15:45",25986.75,25986.75,25985,25985,-3.,-0.01%,3
"2025-12-05 15:30",25986,25988,25986,25988,5.75,+0.02%,4
"2025-12-05 15:00",25977.75,25995.75,25977.75,25982.25,-6.,-0.02%,13
"2025-12-05 14:45",25954.5,25988.25,25936.25,25988.25,19.5,+0.08%,30
"2025-12-05 14:30",25973.75,25973.75,25965,25968.75,-7.25,-0.03%,5
"2025-12-05 14:15",25985.5,25991,25973.75,25976,6,+0.02%,11
"2025-12-05 14:00",25980,25984.75,25970,25970,-19.5,-0.08%,7
"2025-12-05 13:45",25961.5,25991.25,25957,25989.5,24,+0.09%,15
"2025-12-05 13:30",25975.25,25977.25,25965.5,25965.5,-9.5,-0.04%,12
"2025-12-05 13:15",25979,25979,25964,25975,-8.25,-0.03%,11
"2025-12-05 13:00",25978,25983.25,25978,25983.25,1.25,0.00%,3
"2025-12-05 12:45",25981.5,25986,25975,25982,-1.75,-0.01%,8
"2025-12-05 12:30",25996.5,26004,25983.75,25983.75,-14.,-0.05%,9
"2025-12-05 12:15",25976.75,25997.75,25956.5,25997.75,13,+0.05%,66
"2025-12-05 12:00",25984.5,25987.5,25975,25984.75,12.5,+0.05%,11
"2025-12-05 11:45",25944,25990.5,25944,25972.25,23.25,+0.09%,15
"2025-12-05 11:30",25945,25950.25,25918,25949,-3.,-0.01%,29
"2025-12-05 11:15",25953,25955,25940.25,25952,3.25,+0.01%,7
"2025-12-05 11:00",25976,25986,25948.25,25948.75,-34.5,-0.13%,34
"2025-12-05 10:45",25950,26010,25933.75,25983.25,44.75,+0.17%,62
"2025-12-05 10:30",25946.75,25948.5,25910,25938.5,-10.5,-0.04%,117
"2025-12-05 10:15",25958,25979.25,25936.75,25949,-11.,-0.04%,44
"2025-12-05 10:00",26010,26014,25960,25960,-28.25,-0.11%,55
"2025-12-05 09:45",26051.75,26084,25971,25988.25,-82.25,-0.32%,61
"2025-12-05 09:30",26099.25,26112,26068.75,26070.5,-16.,-0.06%,37
"2025-12-05 09:15",26105.5,26120,26083.75,26086.5,-25.5,-0.10%,43
"2025-12-05 09:00",26058,26112.5,26021,26112,64.25,+0.25%,113
"2025-12-05 08:45",25979,26054.75,25974.25,26047.75,90,+0.35%,112
"2025-12-05 08:30",25939.75,26027.75,25928.75,25957.75,33,+0.13%,114
"2025-12-05 08:15",25905,25928.5,25902,25924.75,27.25,+0.11%,25
"2025-12-05 08:00",25872.5,25897.5,25872.5,25897.5,33,+0.13%,10
"2025-12-05 07:45",25853.75,25873,25832.75,25864.5,2.75,+0.01%,57
"2025-12-05 07:30",25935.5,25935.5,25861.5,25861.75,-67.5,-0.26%,35
"2025-12-05 07:15",25956.75,25956.75,25929.25,25929.25,-27.5,-0.11%,8
"2025-12-05 07:00",25959,25959,25956,25956.75,-0.25,0.00%,5
"2025-12-05 06:45",25951.5,25957,25951.5,25957,-1.5,-0.01%,5
"2025-12-05 06:30",25963.5,25967.75,25958.5,25958.5,-1.25,0.00%,8
"2025-12-05 06:15",25965,25965.5,25959.75,25959.75,-10.5,-0.04%,15
"2025-12-05 06:00",25971,25985,25968.75,25970.25,1,0.00%,7
"2025-12-05 05:45",25969.25,25969.25,25969.25,25969.25,-4.25,-0.02%,1
"2025-12-05 05:30",25973,25973.5,25973,25973.5,1.25,0.00%,2
"2025-12-05 05:15",25975.25,25975.25,25972.25,25972.25,1.5,+0.01%,2
"2025-12-05 05:00",25977.75,25977.75,25970.75,25970.75,1.75,+0.01%,2
"2025-12-05 04:45",25981.75,25982,25969,25969,-8.5,-0.03%,3
"2025-12-05 04:15",25980,25980,25977.5,25977.5,6.25,+0.02%,5
"2025-12-05 03:15",25971.25,25971.25,25971.25,25971.25,-2.5,-0.01%,1
"2025-12-05 03:00",25975,25985.75,25973.75,25973.75,-12.75,-0.05%,3
"2025-12-05 02:45",25999,25999,25982,25986.5,-12.5,-0.05%,24
"2025-12-05 02:30",25997,25999,25997,25999,4.5,+0.02%,7
"2025-12-05 02:15",25991.75,26006,25991.75,25994.5,7.25,+0.03%,28
"2025-12-05 02:00",25976.75,25994,25976.75,25987.25,14.75,+0.06%,24
"2025-12-05 01:45",25972.5,25972.5,25972.5,25972.5,2.25,+0.01%,1
"2025-12-05 01:30",25977,25981.25,25970.25,25970.25,-7.5,-0.03%,11
"2025-12-05 01:15",25980,25980,25977.75,25977.75,14.75,+0.06%,2
"2025-12-05 01:00",25972.25,25972.25,25963,25963,-5.25,-0.02%,2
"2025-12-05 00:45",25969.5,25969.5,25968,25968.25,-3.5,-0.01%,5
"2025-12-05 00:30",25966,25971.75,25957.25,25971.75,-9.5,-0.04%,15
"2025-12-05 00:15",25977.5,25981.25,25977.5,25981.25,3.75,+0.01%,2
"2025-12-05 00:00",25978.25,25980,25977.25,25977.5,2.5,+0.01%,5
"2025-12-04 23:45",25968,25975,25968,25975,14,+0.05%,2
"2025-12-04 23:30",25961,25961,25961,25961,-5.,-0.02%,1
"2025-12-04 23:15",25967,25970,25966,25966,-6.25,-0.02%,4
"2025-12-04 23:00",25965,25972.25,25965,25972.25,7.25,+0.03%,3
"2025-12-04 22:45",25954,25965,25954,25965,6.25,+0.02%,4
"2025-12-04 22:30",25959,25962,25957.75,25958.75,-2.75,-0.01%,15
"2025-12-04 22:15",25964,25964,25961.5,25961.5,-3.25,-0.01%,3
"2025-12-04 22:00",25962.5,25964.75,25959,25964.75,9.75,+0.04%,3
"2025-12-04 21:45",25943.75,25955,25943.75,25955,15.5,+0.06%,5
"2025-12-04 21:30",25939.5,25939.5,25939.5,25939.5,-3.5,-0.01%,1
"2025-12-04 21:15",25948,25952.75,25943,25943,4.5,+0.02%,13
"2025-12-04 21:00",25943.25,25943.25,25938.5,25938.5,3.5,+0.01%,8
"2025-12-04 20:45",25948,25948,25935,25935,-13.,-0.05%,5
"2025-12-04 20:30",25953,25953,25947,25948,-12.,-0.05%,40
"2025-12-04 20:15",25945,25960,25938.5,25960,19.25,+0.07%,28
"2025-12-04 20:00",25933,25940.75,25933,25940.75,9.25,+0.04%,9
"2025-12-04 19:45",25928,25932.5,25928,25931.5,5,+0.02%,5
"2025-12-04 19:30",25922.5,25926.5,25917,25926.5,7.5,+0.03%,5
"2025-12-04 19:15",25913,25919,25913,25919,14,+0.05%,4
"2025-12-04 19:00",25912.5,25922,25905,25905,6.25,+0.02%,16
"2025-12-04 18:45",25898.75,25898.75,25898.75,25898.75,6.75,+0.03%,1
"2025-12-04 18:30",25891,25901.75,25891,25892,20.5,+0.08%,7
"2025-12-04 18:15",25871.5,25871.5,25871.5,25871.5,8.75,+0.03%,1
"2025-12-04 17:45",25861.5,25862.75,25861.5,25862.75,-12.25,-0.05%,2
"2025-12-04 17:30",25883.25,25883.25,25875,25875,-9.,-0.03%,3
"2025-12-04 17:15",25882.5,25884,25882.5,25884,-6.5,-0.03%,3
"2025-12-04 17:00",25892.5,25893.25,25890.5,25890.5,12.5,+0.05%,4
"2025-12-04 15:45",25873.75,25878,25873.75,25878,-4.,-0.02%,3
"2025-12-04 15:30",25882,25882,25882,25882,-4.25,-0.02%,1
"2025-12-04 15:15",25880,25886.25,25880,25886.25,16.25,+0.06%,3
"2025-12-04 15:00",25882.5,25882.5,25870,25870,-9.25,-0.04%,8
"2025-12-04 14:45",25817,25879.25,25817,25879.25,59.25,+0.23%,30
"2025-12-04 14:30",25812.5,25824.75,25812.5,25820,-6.5,-0.03%,27
"2025-12-04 14:15",25825.5,25826.5,25823,25826.5,-10.75,-0.04%,4
"2025-12-04 14:00",25830.25,25842,25801.25,25837.25,-11.25,-0.04%,12
"2025-12-04 13:45",25858,25858,25840.75,25848.5,21.25,+0.08%,11
"2025-12-04 13:30",25814.5,25850,25814.5,25827.25,37.25,+0.14%,10
"2025-12-04 13:15",25840,25840,25742.75,25790,-45.25,-0.18%,46
"2025-12-04 13:00",25855.5,25860.5,25835.25,25835.25,-16.25,-0.06%,28
"2025-12-04 12:45",25855,25859.25,25851.5,25851.5,-18.25,-0.07%,3
"2025-12-04 12:30",25871.75,25881,25863.75,25869.75,-3.,-0.01%,9
"2025-12-04 12:15",25864.75,25876,25856.5,25872.75,26.75,+0.10%,10
"2025-12-04 12:00",25866.25,25866.25,25835.25,25846,-19.75,-0.08%,15
"2025-12-04 11:45",25853.75,25865.75,25851,25865.75,10.75,+0.04%,3
"2025-12-04 11:30",25845.75,25864.25,25840,25855,-10.,-0.04%,14
"2025-12-04 11:15",25875,25876.5,25853.25,25865,14.5,+0.06%,10
"2025-12-04 11:00",25888,25895,25850.5,25850.5,-43.25,-0.17%,21
"2025-12-04 10:45",25826.25,25900,25822.75,25893.75,77.5,+0.30%,39
"2025-12-04 10:30",25830.25,25847,25816.25,25816.25,-0.75,0.00%,40
"2025-12-04 10:15",25803.25,25839.75,25803.25,25817,7.5,+0.03%,45
"2025-12-04 10:00",25820,25820,25757.25,25809.5,-17.25,-0.07%,161
"2025-12-04 09:45",25886,25886,25820,25826.75,-60.,-0.23%,24
"2025-12-04 09:30",25843.5,25886.75,25830,25886.75,45.75,+0.18%,35
"2025-12-04 09:15",25814.5,25841,25771.75,25841,11,+0.04%,49
"2025-12-04 09:00",25807,25830,25805,25830,23.5,+0.09%,120
"2025-12-04 08:45",25841.25,25850.25,25793.75,25806.5,-43.5,-0.17%,35
"2025-12-04 08:30",25962.25,25962.25,25808,25850,-113.75,-0.44%,161
"2025-12-04 08:15",25980,25980,25954.25,25963.75,-8.,-0.03%,19
"2025-12-04 08:00",25907.75,25978,25907.75,25971.75,90.25,+0.35%,25
"2025-12-04 07:45",25886.75,25886.75,25870,25881.5,1.5,+0.01%,4
"2025-12-04 07:30",25894.25,25894.25,25880,25880,-23.,-0.09%,6
"2025-12-04 07:15",25903,25903,25903,25903,-0.5,0.00%,1
"2025-12-04 07:00",25909.5,25909.5,25903.5,25903.5,-8.5,-0.03%,2
"2025-12-04 06:45",25914.75,25924.75,25912,25912,-5.5,-0.02%,5
"2025-12-04 06:30",25917.5,25917.5,25917.5,25917.5,0.75,0.00%,1
"2025-12-04 06:00",25915,25917,25915,25916.75,18.25,+0.07%,3
"2025-12-04 05:45",25900.75,25905.25,25898.5,25898.5,10.5,+0.04%,14
"2025-12-04 05:15",25888,25888,25888,25888,-6.,-0.02%,10
"2025-12-04 05:00",25891,25900,25891,25894,-1.25,0.00%,12
"2025-12-04 04:45",25903,25903,25895.25,25895.25,-35.25,-0.14%,5
"2025-12-04 04:15",25930.5,25930.5,25930.5,25930.5,4,+0.02%,2
"2025-12-04 04:00",25924.75,25926.5,25922.25,25926.5,-9.,-0.03%,5
"2025-12-04 03:45",25934.25,25935.5,25934.25,25935.5,-2.75,-0.01%,2
"2025-12-04 03:30",25897.75,25943,25897.75,25938.25,40.5,+0.16%,28
"2025-12-04 03:15",25862,25897.75,25861.75,25897.75,2.5,+0.01%,5
"2025-12-04 03:00",25895.25,25895.25,25895.25,25895.25,-4.5,-0.02%,1
"2025-12-04 02:45",25899.75,25899.75,25899.75,25899.75,31.75,+0.12%,1
"2025-12-04 02:30",25868,25868,25868,25868,-2.5,-0.01%,1
"2025-12-04 02:15",25872.75,25872.75,25870.5,25870.5,-10.5,-0.04%,3
"2025-12-04 02:00",25898.25,25898.25,25881,25881,-22.25,-0.09%,4
"2025-12-04 01:45",25910.5,25910.5,25903.25,25903.25,-3.75,-0.01%,2
"2025-12-04 01:30",25910,25910,25907,25907,-5.,-0.02%,3
"2025-12-04 01:15",25908,25912,25908,25912,-6.,-0.02%,4
"2025-12-04 01:00",25918,25918,25918,25918,18,+0.07%,1
"2025-12-04 00:30",25906.75,25906.75,25900,25900,-0.75,0.00%,2
"2025-12-04 00:15",25900.75,25900.75,25900.75,25900.75,-6.25,-0.02%,1
"2025-12-04 00:00",25907,25907,25907,25907,17.75,+0.07%,1
"2025-12-03 23:45",25889.25,25889.25,25889.25,25889.25,11.5,+0.04%,1
"2025-12-03 22:15",25877.75,25877.75,25877.75,25877.75,10.75,+0.04%,1
"2025-12-03 21:30",25867,25867,25867,25867,-21.75,-0.08%,1
"2025-12-03 21:00",25897.25,25897.25,25888.75,25888.75,-16.75,-0.06%,2
"2025-12-03 20:45",25904.5,25905.5,25904.5,25905.5,30,+0.12%,3
"2025-12-03 20:15",25875.5,25875.5,25875.5,25875.5,-0.25,0.00%,1
"2025-12-03 20:00",25895.5,25899,25875,25875.75,-14.25,-0.06%,9
"2025-12-03 19:45",25894.75,25894.75,25890,25890,-14.5,-0.06%,3
"2025-12-03 18:30",25904.5,25904.5,25904.5,25904.5,7.5,+0.03%,1
"2025-12-03 17:45",25899.5,25899.5,25895,25897,-3.5,-0.01%,4
"2025-12-03 17:30",25903.25,25905.75,25900.5,25900.5,3,+0.01%,4
"2025-12-03 17:15",25900.25,25901,25897.5,25897.5,0.5,0.00%,7
"2025-12-03 17:00",25897,25897,25897,25897,4.25,+0.02%,1
"2025-12-03 15:45",25887,25892.75,25887,25892.75,2.75,+0.01%,3
"2025-12-03 15:30",25890,25890,25890,25890,-13.75,-0.05%,3
"2025-12-03 15:15",25903.75,25903.75,25903.75,25903.75,3,+0.01%,1
"2025-12-03 15:00",25911.5,25916,25898.25,25900.75,-8.25,-0.03%,19
"2025-12-03 14:45",25926.5,25926.5,25900,25909,-16.5,-0.06%,27
"2025-12-03 14:30",25920.5,25925.5,25920.5,25925.5,-7.,-0.03%,2
"2025-12-03 14:15",25933.5,25933.5,25918.75,25932.5,3.25,+0.01%,9
"2025-12-03 14:00",25923,25933,25911.25,25929.25,10,+0.04%,35
"2025-12-03 13:45",25902.75,25920.75,25902.5,25919.25,17.5,+0.07%,10
"2025-12-03 13:30",25898,25901.75,25896.75,25901.75,3.75,+0.01%,5
"2025-12-03 13:15",25898,25902.25,25894.25,25898,0.75,0.00%,11
"2025-12-03 13:00",25877.75,25897.75,25877.75,25897.25,15,+0.06%,19
"2025-12-03 12:45",25900,25903,25882.25,25882.25,-20.25,-0.08%,11
"2025-12-03 12:30",25880,25902.5,25878.5,25902.5,41.25,+0.16%,33
"2025-12-03 12:15",25880,25880.75,25861.25,25861.25,-8.75,-0.03%,6
"2025-12-03 12:00",25875.75,25885.75,25870,25870,-1.,0.00%,22
"2025-12-03 11:45",25876,25885.5,25869.5,25871,1.5,+0.01%,14
"2025-12-03 11:30",25872.5,25872.5,25857.75,25869.5,2,+0.01%,7
"2025-12-03 11:15",25852.75,25880,25845.75,25867.5,20.75,+0.08%,27
"2025-12-03 11:00",25817.25,25846.75,25817.25,25846.75,36.75,+0.14%,52
"2025-12-03 10:45",25850,25859,25780,25810,-50.25,-0.19%,30
"2025-12-03 10:30",25836.25,25866,25836.25,25860.25,47.75,+0.18%,37
"2025-12-03 10:15",25794.5,25825.5,25794.5,25812.5,12.75,+0.05%,16
"2025-12-03 10:00",25838.75,25844.5,25781,25799.75,-14.75,-0.06%,16
"2025-12-03 09:45",25848.25,25850,25814.5,25814.5,-32.,-0.12%,21
"2025-12-03 09:30",25773.75,25852.5,25753.5,25846.5,69.5,+0.27%,57
"2025-12-03 09:15",25767.5,25809.25,25751,25777,10.75,+0.04%,21
"2025-12-03 09:00",25774.5,25822,25750.5,25766.25,28.25,+0.11%,62
"2025-12-03 08:45",25739,25753,25690.25,25738,9.5,+0.04%,93
"2025-12-03 08:30",25756.5,25780.75,25705.5,25728.5,-19.5,-0.08%,89
"2025-12-03 08:15",25693.75,25748.5,25693.75,25748,68,+0.26%,62
"2025-12-03 08:00",25900.25,25903.5,25678.5,25680,-222.,-0.86%,133
"2025-12-03 07:45",25906,25920.5,25902,25902,-9.,-0.03%,7
"2025-12-03 07:30",25910,25911,25907.75,25911,-7.,-0.03%,9
"2025-12-03 07:15",25926.75,25928.75,25898,25918,-5.,-0.02%,32
"2025-12-03 07:00",25915,25923,25915,25923,11,+0.04%,3
"2025-12-03 06:45",25913,25913,25912,25912,-3.5,-0.01%,11
"2025-12-03 06:30",25915.5,25915.5,25915.5,25915.5,16,+0.06%,1
"2025-12-03 06:15",25895.25,25903.25,25895.25,25899.5,15.5,+0.06%,3
"2025-12-03 06:00",25884,25884,25884,25884,-11.75,-0.05%,1
"2025-12-03 05:45",25895.75,25895.75,25895.75,25895.75,5.25,+0.02%,1
"2025-12-03 05:30",25890.5,25890.5,25890.5,25890.5,24,+0.09%,1
"2025-12-03 04:45",25866.5,25866.5,25866.5,25866.5,-7.75,-0.03%,1
"2025-12-03 04:30",25874.25,25874.25,25874.25,25874.25,-10.5,-0.04%,1
"2025-12-03 03:45",25884.75,25884.75,25884.75,25884.75,-1.75,-0.01%,1
"2025-12-03 03:30",25871,25891.5,25871,25886.5,13.25,+0.05%,16
"2025-12-03 03:15",25874,25874,25873.25,25873.25,-40.5,-0.16%,2
"2025-12-03 02:45",25904,25913.75,25904,25913.75,42.25,+0.16%,11
"2025-12-03 02:30",25871.5,25871.5,25871.5,25871.5,-8.5,-0.03%,1
"2025-12-03 02:15",25900.75,25900.75,25880,25880,-37.75,-0.15%,14
"2025-12-03 02:00",25917.75,25917.75,25917.75,25917.75,13.25,+0.05%,1
"2025-12-03 01:45",25909.5,25909.5,25904.5,25904.5,-3.5,-0.01%,3
"2025-12-03 01:30",25921,25921,25908,25908,-17.,-0.07%,3
"2025-12-03 01:15",25925,25925,25925,25925,4,+0.02%,1
"2025-12-03 01:00",25921,25921,25921,25921,13.25,+0.05%,1
"2025-12-03 00:45",25917.5,25917.5,25907.5,25907.75,-2.,-0.01%,4
"2025-12-03 00:30",25894.25,25912.25,25892.5,25909.75,5.5,+0.02%,19
"2025-12-03 00:15",25910,25910,25904.25,25904.25,-11.75,-0.05%,2
"2025-12-02 23:45",25916,25916,25916,25916,-3.,-0.01%,1
"2025-12-02 23:30",25919,25919,25919,25919,5.75,+0.02%,1
"2025-12-02 22:45",25913.25,25913.25,25913.25,25913.25,-16.75,-0.06%,1
"2025-12-02 21:30",25923.5,25930,25922,25930,14.75,+0.06%,5
"2025-12-02 21:15",25910,25915.25,25910,25915.25,8.5,+0.03%,2
"2025-12-02 21:00",25906.75,25906.75,25906.75,25906.75,-17.,-0.07%,1
"2025-12-02 20:15",25911,25923.75,25911,25923.75,16,+0.06%,4
"2025-12-02 20:00",25907.75,25907.75,25907.75,25907.75,18.5,+0.07%,1
"2025-12-02 19:45",25889.25,25889.25,25889.25,25889.25,-7.5,-0.03%,1
"2025-12-02 19:30",25893,25896.75,25893,25896.75,10.25,+0.04%,4
"2025-12-02 19:15",25886.5,25886.5,25886.5,25886.5,-1.5,-0.01%,1
"2025-12-02 19:00",25888,25888,25888,25888,7.25,+0.03%,1
"2025-12-02 18:45",25880,25890.25,25880,25880.75,25.25,+0.10%,3
"2025-12-02 18:30",25855.5,25855.5,25855.5,25855.5,15.5,+0.06%,1
"2025-12-02 18:15",25840,25840,25839,25840,-32.,-0.12%,3
"2025-12-02 17:00",25873,25873.25,25872,25872,30.25,+0.12%,3
"2025-12-02 15:45",25840,25841.75,25840,25841.75,-5.25,-0.02%,3
"2025-12-02 15:30",25847,25847,25847,25847,0,0.00%,1
"2025-12-02 15:00",25855.75,25860,25847,25847,-14.,-0.05%,13
"2025-12-02 14:45",25882,25887,25848,25861,0.25,0.00%,20
"2025-12-02 14:30",25891,25898,25860.75,25860.75,-18.75,-0.07%,9
"2025-12-02 14:15",25878.5,25885,25878.5,25879.5,-6.,-0.02%,5
"2025-12-02 14:00",25878,25885.5,25871,25885.5,-5.75,-0.02%,33
"2025-12-02 13:45",25840.25,25892,25840.25,25891.25,51,+0.20%,17
"2025-12-02 13:30",25842.75,25859.25,25835,25840.25,20.25,+0.08%,90
"2025-12-02 13:15",25861,25861.5,25820,25820,-36.,-0.14%,10
"2025-12-02 13:00",25841.5,25860,25841.5,25856,26,+0.10%,10
"2025-12-02 12:45",25801.5,25837,25801.5,25830,36,+0.14%,19
"2025-12-02 12:30",25799.5,25802.5,25785,25794,-9.,-0.03%,9
"2025-12-02 12:15",25804,25804.25,25803,25803,1.75,+0.01%,4
"2025-12-02 12:00",25769.5,25819.5,25769.5,25801.25,33.25,+0.13%,12
"2025-12-02 11:45",25851.75,25851.75,25768,25768,-80.25,-0.31%,11
"2025-12-02 11:30",25865.5,25868,25840.75,25848.25,-8.,-0.03%,17
"2025-12-02 11:15",25804.5,25864,25801.75,25856.25,60.25,+0.23%,41
"2025-12-02 11:00",25788,25798.25,25768,25796,34.25,+0.13%,23
"2025-12-02 10:45",25740,25780,25733,25761.75,2.75,+0.01%,22
"2025-12-02 10:30",25706,25774.75,25669,25759,53.5,+0.21%,49
"2025-12-02 10:15",25780,25801.75,25700.25,25705.5,-85.5,-0.33%,70
"2025-12-02 10:00",25899,25912.25,25779,25791,-116.,-0.45%,69
"2025-12-02 09:45",25867.75,25925.5,25867.75,25907,32,+0.12%,35
"2025-12-02 09:30",25827.75,25878.5,25786,25875,50.75,+0.20%,34
"2025-12-02 09:15",25892,25900,25824.25,25824.25,-37.75,-0.15%,18
"2025-12-02 09:00",25851.75,25904.75,25851.75,25862,12.75,+0.05%,87
"2025-12-02 08:45",25851.5,25860,25816.5,25849.25,4.75,+0.02%,49
"2025-12-02 08:30",25744.5,25861.75,25733.75,25844.5,101.5,+0.39%,91
"2025-12-02 08:15",25761.75,25766.25,25743,25743,-19.,-0.07%,8
"2025-12-02 08:00",25763,25775.75,25759.75,25762,21.5,+0.08%,14
"2025-12-02 07:45",25755.25,25755.25,25737.75,25740.5,-24.5,-0.10%,5
"2025-12-02 07:30",25737,25765,25737,25765,15.75,+0.06%,9
"2025-12-02 07:15",25746.25,25749.25,25746,25749.25,5.25,+0.02%,5
"2025-12-02 07:00",25744,25744,25743,25744,-8.5,-0.03%,22
"2025-12-02 06:45",25717,25752.5,25717,25752.5,32,+0.12%,9
"2025-12-02 06:30",25734.25,25734.25,25711,25720.5,-12.,-0.05%,14
"2025-12-02 06:15",25732.5,25732.5,25732.5,25732.5,7.5,+0.03%,1
"2025-12-02 06:00",25725.5,25725.75,25722.25,25725,-26.5,-0.10%,28
"2025-12-02 05:30",25756.75,25760.25,25743.25,25751.5,8.5,+0.03%,6
"2025-12-02 05:15",25747.5,25747.5,25743,25743,-3.,-0.01%,3
"2025-12-02 05:00",25738,25750,25735,25746,3,+0.01%,10
"2025-12-02 04:45",25730,25753.5,25730,25743,21.5,+0.08%,19
"2025-12-02 04:30",25713,25721.5,25709.5,25721.5,15.5,+0.06%,5
"2025-12-02 04:15",25701.25,25708,25695,25706,11.5,+0.04%,5
"2025-12-02 04:00",25699,25710,25694.5,25694.5,-4.5,-0.02%,6
"2025-12-02 03:45",25700.5,25700.5,25696.75,25699,17.75,+0.07%,3
"2025-12-02 03:30",25686.25,25686.25,25681.25,25681.25,-19.75,-0.08%,2
"2025-12-02 03:15",25688.25,25703,25688.25,25701,11,+0.04%,4
"2025-12-02 03:00",25672.5,25695.75,25672.5,25690,11.5,+0.04%,24
"2025-12-02 02:45",25650,25678.5,25650,25678.5,65.75,+0.26%,5
"2025-12-02 02:30",25611.75,25612.75,25611.75,25612.75,-2.25,-0.01%,8
"2025-12-02 02:15",25608,25615,25601,25615,18.75,+0.07%,10
"2025-12-02 02:00",25609.5,25613,25582,25596.25,-12.25,-0.05%,28
"2025-12-02 01:45",25608.5,25608.5,25608.5,25608.5,-26.25,-0.10%,1
"2025-12-02 01:15",25625.25,25634.75,25625.25,25634.75,3,+0.01%,11
"2025-12-02 01:00",25633.25,25633.25,25629,25631.75,1.75,+0.01%,12
"2025-12-02 00:45",25612.25,25630,25612.25,25630,22.5,+0.09%,4
"2025-12-02 00:30",25605.5,25609,25601,25607.5,14.5,+0.06%,4
"2025-12-02 00:15",25603.5,25603.5,25591,25593,-4.75,-0.02%,6
"2025-12-02 00:00",25620,25620,25597.75,25597.75,-29.25,-0.11%,3
"2025-12-01 23:45",25620,25628,25620,25627,2,+0.01%,3
"2025-12-01 23:30",25627,25627,25625,25625,2.25,+0.01%,2
"2025-12-01 23:15",25620.25,25624.5,25620.25,25622.75,0.25,0.00%,3
"2025-12-01 23:00",25622.5,25622.5,25622.5,25622.5,-21.25,-0.08%,1
"2025-12-01 22:45",25641.25,25643.75,25641.25,25643.75,0.5,0.00%,2
"2025-12-01 22:30",25643,25643.25,25643,25643.25,0.25,0.00%,2
"2025-12-01 22:00",25643,25643,25643,25643,-5.,-0.02%,1
"2025-12-01 21:45",25632.75,25652,25632.75,25648,47,+0.18%,3
"2025-12-01 21:30",25600.5,25601,25600.5,25601,-17.75,-0.07%,3
"2025-12-01 21:15",25640,25640,25618.75,25618.75,-43.,-0.17%,12
"2025-12-01 21:00",25670,25670,25661.75,25661.75,-12.,-0.05%,4
"2025-12-01 20:45",25673.75,25673.75,25670.25,25673.75,0.5,0.00%,3
"2025-12-01 20:30",25649.5,25673.25,25649.5,25673.25,19.5,+0.08%,3
"2025-12-01 20:15",25653.75,25653.75,25653.75,25653.75,16.25,+0.06%,1
"2025-12-01 20:00",25665,25665,25637.5,25637.5,-33.5,-0.13%,26
"2025-12-01 19:45",25669.75,25672.75,25669.75,25671,-1.75,-0.01%,3
"2025-12-01 19:30",25681,25681,25670,25672.75,-26.5,-0.10%,4
"2025-12-01 19:15",25698,25706,25698,25699.25,12.5,+0.05%,12
"2025-12-01 19:00",25669,25686.75,25669,25686.75,28,+0.11%,5
"2025-12-01 18:45",25658.75,25658.75,25658.75,25658.75,4.75,+0.02%,1
"2025-12-01 18:30",25654,25654,25654,25654,-3.25,-0.01%,1
"2025-12-01 18:00",25641.75,25657.25,25638,25657.25,-1.75,-0.01%,7
"2025-12-01 17:45",25659,25659,25659,25659,-8.5,-0.03%,1
"2025-12-01 17:15",25643,25667.5,25643,25667.5,35.25,+0.14%,3
"2025-12-01 17:00",25670.5,25670.5,25632.25,25632.25,-15.25,-0.06%,12
"2025-12-01 15:30",25647.5,25647.5,25647.5,25647.5,2.25,+0.01%,1
"2025-12-01 15:00",25655,25655,25645.25,25645.25,25.25,+0.10%,4
"2025-12-01 14:45",25653.75,25661.25,25620,25620,-48.5,-0.19%,21
"2025-12-01 14:30",25645,25669,25641.25,25668.5,23,+0.09%,29
"2025-12-01 14:15",25661,25661,25642,25645.5,-14.5,-0.06%,10
"2025-12-01 14:00",25625.25,25660,25624.25,25660,39.5,+0.15%,11
"2025-12-01 13:45",25631,25631,25620.5,25620.5,-24.75,-0.10%,5
"2025-12-01 13:30",25642.25,25649.75,25612.5,25645.25,-2.5,-0.01%,20
"2025-12-01 13:15",25670,25670,25643,25647.75,-54.25,-0.21%,8
"2025-12-01 13:00",25728,25728,25694,25702,-38.75,-0.15%,64
"2025-12-01 12:45",25722.25,25740.75,25719,25740.75,14,+0.05%,66
"2025-12-01 12:30",25726.75,25726.75,25726.75,25726.75,6,+0.02%,1
"2025-12-01 12:15",25720,25720.75,25710,25720.75,-12.25,-0.05%,12
"2025-12-01 12:00",25700,25736.25,25700,25733,17,+0.07%,8
"2025-12-01 11:45",25735,25746.75,25716,25716,-17.5,-0.07%,25
"2025-12-01 11:30",25715,25733.5,25705.75,25733.5,27,+0.11%,14
"2025-12-01 11:15",25696,25706.5,25685.25,25706.5,8,+0.03%,9
"2025-12-01 11:00",25690,25718,25690,25698.5,13.5,+0.05%,11
"2025-12-01 10:45",25685,25700,25680.25,25685,13.25,+0.05%,21
"2025-12-01 10:30",25645.5,25676.25,25640,25671.75,83,+0.32%,17
"2025-12-01 10:15",25575,25588.75,25575,25588.75,-12.25,-0.05%,3
"2025-12-01 10:00",25666,25666,25601,25601,-69.25,-0.27%,20
"2025-12-01 09:45",25585.75,25670.25,25585.75,25670.25,84.25,+0.33%,73
"2025-12-01 09:30",25565,25595,25550,25586,3.5,+0.01%,20
"2025-12-01 09:15",25600,25616.25,25576.5,25582.5,-22.5,-0.09%,28
"2025-12-01 09:00",25620,25637.25,25580.5,25605,9.5,+0.04%,46
"2025-12-01 08:45",25491,25626.75,25491,25595.5,95,+0.37%,68
"2025-12-01 08:30",25544.5,25570,25467,25500.5,-6.5,-0.03%,38
"2025-12-01 08:15",25541.75,25541.75,25507,25507,-34.,-0.13%,5
"2025-12-01 08:00",25515.25,25541,25514.25,25541,42.75,+0.17%,9
"2025-12-01 07:45",25508,25508,25498.25,25498.25,-0.25,0.00%,7
"2025-12-01 07:30",25488,25498.5,25488,25498.5,15,+0.06%,2
"2025-12-01 07:00",25471.75,25483.5,25471.75,25483.5,9.25,+0.04%,3
"2025-12-01 06:45",25483.25,25483.25,25463,25474.25,-19.75,-0.08%,20
"2025-12-01 06:30",25500,25500,25488,25494,-21.75,-0.09%,12
"2025-12-01 06:15",25522.25,25522.25,25515.75,25515.75,-4.25,-0.02%,2
"2025-12-01 06:00",25557.75,25557.75,25515.25,25520,-32.25,-0.13%,5
"2025-12-01 05:45",25545,25556.25,25545,25552.25,13,+0.05%,4
"2025-12-01 05:30",25539.25,25539.25,25539.25,25539.25,-17.75,-0.07%,1
"2025-12-01 05:15",25557,25557,25557,25557,-15.,-0.06%,1
"2025-12-01 04:45",25572,25572,25572,25572,-9.5,-0.04%,6
"2025-12-01 04:30",25581.5,25581.5,25581.5,25581.5,15.25,+0.06%,1
"2025-12-01 04:15",25572.5,25572.5,25566.25,25566.25,-3.75,-0.01%,3
"2025-12-01 04:00",25544,25570,25544,25570,42.5,+0.17%,43
"2025-12-01 03:45",25533,25533,25527.5,25527.5,-12.5,-0.05%,3
"2025-12-01 03:30",25567.25,25573.75,25540,25540,-31.,-0.12%,7
"2025-12-01 03:15",25571,25571,25571,25571,-24.,-0.09%,1
"2025-12-01 03:00",25575,25595,25575,25595,21,+0.08%,3
"2025-12-01 02:30",25578.75,25578.75,25574,25574,-6.5,-0.03%,3
"2025-12-01 02:15",25588,25593,25580.5,25580.5,17.5,+0.07%,5
"2025-12-01 02:00",25542,25565.75,25542,25563,35.5,+0.14%,5
"2025-12-01 01:45",25529.25,25529.25,25527.5,25527.5,1.5,+0.01%,2
"2025-12-01 01:30",25527.5,25527.5,25526,25526,15.75,+0.06%,2
"2025-12-01 01:00",25520.5,25520.5,25510.25,25510.25,-9.,-0.04%,2
"2025-12-01 00:45",25521,25522.5,25514.75,25519.25,-6.,-0.02%,12
"2025-12-01 00:30",25523.5,25525.25,25523.5,25525.25,8.25,+0.03%,3
"2025-12-01 00:15",25511.5,25517,25511.5,25517,13,+0.05%,11
"2025-12-01 00:00",25490,25504,25490,25504,25,+0.10%,4
"2025-11-30 23:45",25479,25479,25479,25479,26.75,+0.11%,1
"2025-11-30 23:30",25452.25,25452.25,25452.25,25452.25,-9.,-0.04%,1
"2025-11-30 23:15",25460,25461.25,25457,25461.25,-2.,-0.01%,5
"2025-11-30 23:00",25476.75,25476.75,25463.25,25463.25,-18.75,-0.07%,8
"2025-11-30 22:45",25498.75,25498.75,25480,25482,-28.,-0.11%,8
"2025-11-30 22:30",25510,25510,25510,25510,7,+0.03%,2
"2025-11-30 22:15",25503,25503,25503,25503,0,0.00%,1
"2025-11-30 22:00",25515,25517.25,25503,25503,-5.,-0.02%,6
"2025-11-30 21:45",25517,25517,25508,25508,4.75,+0.02%,3
"2025-11-30 21:30",25494.5,25503.25,25494.5,25503.25,8.75,+0.03%,2
"2025-11-30 21:15",25498,25498,25494.5,25494.5,-12.,-0.05%,2
"2025-11-30 21:00",25521.25,25527,25506.5,25506.5,-27.,-0.11%,4
"2025-11-30 20:45",25530,25535,25521.5,25533.5,-2.25,-0.01%,9
"2025-11-30 20:30",25552,25552,25535.75,25535.75,-0.25,0.00%,4
"2025-11-30 20:15",25553,25553,25536,25536,-19.,-0.07%,4
"2025-11-30 20:00",25568.25,25568.25,25555,25555,-16.5,-0.06%,4
"2025-11-30 19:45",25588,25588,25571.5,25571.5,-12.,-0.05%,4
"2025-11-30 19:30",25552.75,25583.5,25552.75,25583.5,11,+0.04%,5
"2025-11-30 19:15",25548.75,25576,25548.75,25572.5,19.5,+0.08%,6
"2025-11-30 19:00",25567.25,25578.25,25531.25,25553,-24.25,-0.09%,53
"2025-11-30 18:45",25579.5,25585,25565,25577.25,-30.75,-0.12%,39
"2025-11-30 18:30",25637.5,25637.5,25607.5,25608,-32.5,-0.13%,28
"2025-11-30 18:15",25665,25665,25624,25640.5,-14.5,-0.06%,19
"2025-11-30 18:00",25698.75,25698.75,25655,25655,-65.,-0.25%,13
"2025-11-30 17:45",25705.75,25720,25705.75,25720,20,+0.08%,4
"2025-11-30 17:30",25744,25744,25700,25700,-49.75,-0.19%,7
"2025-11-30 17:15",25755,25755,25749.75,25749.75,-1.,0.00%,2
"2025-11-30 17:00",25743.5,25779,25729.75,25750.75,18.75,+0.07%,13
"2025-11-28 12:00",25740.5,25750.75,25732,25732,-10.5,-0.04%,25
"2025-11-28 11:45",25685,25742.5,25683.75,25742.5,87,+0.34%,20
"2025-11-28 11:30",25668,25669.25,25650,25655.5,-25.,-0.10%,13
"2025-11-28 11:15",25680.5,25680.5,25680.5,25680.5,0,0.00%,1
"2025-11-28 11:00",25680.5,25680.5,25680.5,25680.5,9.25,+0.04%,1
"2025-11-28 10:45",25658,25685,25657,25671.25,10.25,+0.04%,23
"2025-11-28 10:30",25630,25670,25627.75,25661,14.5,+0.06%,15
"2025-11-28 10:15",25670,25670,25629.75,25646.5,-42.5,-0.17%,6
"2025-11-28 10:00",25662.25,25689,25654.25,25689,29,+0.11%,44
"2025-11-28 09:45",25650,25660,25650,25660,21.75,+0.08%,3
"2025-11-28 09:30",25623.25,25642.25,25623.25,25638.25,18.25,+0.07%,9
"2025-11-28 09:15",25645.5,25650,25620,25620,-15.,-0.06%,6
"2025-11-28 09:00",25638.25,25639.25,25635,25635,4,+0.02%,3
"2025-11-28 08:45",25608,25650,25608,25631,-1.,0.00%,24
"2025-11-28 08:30",25646.25,25675,25591.25,25632,7,+0.03%,15
"2025-11-28 08:15",25625,25632.25,25609,25625,-0.5,0.00%,8
"2025-11-28 07:45",25641.25,25641.25,25625.5,25625.5,-15.5,-0.06%,7
"2025-11-28 07:30",25648,25650,25637.25,25641,32,+0.12%,6
"2025-11-27 20:30",25608.75,25609,25608.75,25609,0.25,0.00%,3
"2025-11-27 20:00",25608.75,25608.75,25608.75,25608.75,1.75,+0.01%,1
"2025-11-27 19:30",25604,25607,25604,25607,9.5,+0.04%,2
"2025-11-27 18:45",25588,25597.5,25588,25597.5,0.75,0.00%,2
"2025-11-27 18:15",25605.25,25605.25,25596.75,25596.75,-5.25,-0.02%,3
"2025-11-27 18:00",25591.25,25602,25591.25,25602,17,+0.07%,9
"2025-11-27 17:45",25585,25585,25585,25585,4.5,+0.02%,2
"2025-11-27 17:15",25571.25,25580.5,25571.25,25580.5,0.5,0.00%,9
"2025-11-27 17:00",25579,25580,25579,25580,29.5,+0.12%,2
"2025-11-27 11:45",25550.5,25550.5,25550.5,25550.5,-1.5,-0.01%,1
"2025-11-27 10:30",25552,25552,25552,25552,-1.,0.00%,1
"2025-11-27 09:30",25550.5,25553,25550.5,25553,-2.,-0.01%,2
"2025-11-27 09:00",25555,25555,25555,25555,4.5,+0.02%,3
"2025-11-27 08:45",25550.5,25550.5,25550.5,25550.5,-1.75,-0.01%,1
"2025-11-27 08:30",25566.25,25566.25,25552.25,25552.25,-7.75,-0.03%,2
"2025-11-27 08:15",25560,25560,25560,25560,-2.25,-0.01%,1
"2025-11-27 07:30",25565,25565,25562.25,25562.25,12.25,+0.05%,2
"2025-11-27 07:15",25552,25552,25550,25550,-2.75,-0.01%,3
"2025-11-27 07:00",25552.75,25552.75,25552.75,25552.75,-6.,-0.02%,1
"2025-11-27 06:45",25558.75,25558.75,25558.75,25558.75,7,+0.03%,1
"2025-11-27 06:30",25560,25560,25551.75,25551.75,-8.25,-0.03%,3
"2025-11-27 06:15",25560,25560,25560,25560,0.5,0.00%,1
"2025-11-27 06:00",25559.5,25559.5,25559.5,25559.5,-3.5,-0.01%,5
"2025-11-27 05:45",25573.75,25573.75,25563,25563,-15.,-0.06%,3
"2025-11-27 05:30",25565,25578,25565,25578,15,+0.06%,2
"2025-11-27 05:15",25563,25563,25563,25563,-8.5,-0.03%,5
"2025-11-27 05:00",25575,25575,25568.5,25571.5,5.5,+0.02%,5
"2025-11-27 04:45",25565,25566,25565,25566,5,+0.02%,10
"2025-11-27 04:00",25555.75,25561,25555.75,25561,-14.75,-0.06%,3
"2025-11-27 03:45",25575.75,25575.75,25575.75,25575.75,-4.25,-0.02%,1
"2025-11-27 03:30",25578,25580,25578,25580,25.5,+0.10%,2
"2025-11-27 03:15",25554.5,25554.5,25554.5,25554.5,-5.5,-0.02%,1
"2025-11-27 03:00",25560,25560,25560,25560,4.5,+0.02%,1
"2025-11-27 02:45",25570.25,25570.25,25555.5,25555.5,-16.5,-0.06%,3
"2025-11-27 02:30",25572,25572,25572,25572,-1.,0.00%,1
"2025-11-27 02:15",25579,25579,25573,25573,23,+0.09%,3
"2025-11-27 02:00",25550,25550,25550,25550,-21.75,-0.09%,1
"2025-11-27 01:45",25571.75,25571.75,25571.75,25571.75,16.25,+0.06%,1
"2025-11-27 01:30",25555.5,25555.5,25555.5,25555.5,-3.75,-0.01%,1
"2025-11-27 01:00",25558.5,25560,25557.75,25559.25,-0.75,0.00%,13
"2025-11-27 00:45",25559,25562,25559,25560,-4.5,-0.02%,3
"2025-11-27 00:15",25564.5,25564.5,25564.5,25564.5,-25.5,-0.10%,1
"2025-11-26 23:00",25580,25590,25580,25590,8.75,+0.03%,4
"2025-11-26 22:30",25578,25581.25,25578,25581.25,16.25,+0.06%,3
"2025-11-26 22:00",25565,25565,25565,25565,0.5,0.00%,1
"2025-11-26 21:30",25564.5,25564.5,25564.5,25564.5,-11.25,-0.04%,1
"2025-11-26 21:15",25565,25575.75,25565,25575.75,9.75,+0.04%,2
"2025-11-26 21:00",25569.25,25570.25,25566,25566,-7.5,-0.03%,3
"2025-11-26 20:45",25579.25,25579.25,25573.5,25573.5,-2.75,-0.01%,2
"2025-11-26 20:30",25580.25,25580.25,25576.25,25576.25,-9.75,-0.04%,4
"2025-11-26 20:15",25586,25586,25586,25586,0,0.00%,1
"2025-11-26 20:00",25592.25,25592.25,25586,25586,14,+0.05%,9
"2025-11-26 19:00",25588,25588,25572,25572,-1.25,0.00%,2
"2025-11-26 18:45",25573.25,25573.25,25573.25,25573.25,-4.,-0.02%,1
"2025-11-26 18:15",25577.25,25577.25,25577.25,25577.25,-2.75,-0.01%,1
"2025-11-26 17:45",25585,25585,25580,25580,-1.25,0.00%,3
"2025-11-26 17:30",25578.25,25581.25,25578.25,25581.25,9.25,+0.04%,3
"2025-11-26 17:15",25568.75,25576.5,25568.75,25572,-0.5,0.00%,8
"2025-11-26 17:00",25583.25,25590.5,25572.5,25572.5,-2.5,-0.01%,36
"2025-11-26 15:15",25560.25,25575,25560.25,25575,5,+0.02%,14
"2025-11-26 15:00",25562.5,25570,25562.5,25570,18.5,+0.07%,14
"2025-11-26 14:45",25591.75,25591.75,25542.75,25551.5,-39.,-0.15%,36
"2025-11-26 14:30",25600,25600,25585,25590.5,-15.5,-0.06%,14
"2025-11-26 14:00",25595,25606,25595,25606,35,+0.14%,3
"2025-11-26 13:45",25571,25571,25571,25571,-0.25,0.00%,1
"2025-11-26 13:30",25605,25605,25568.5,25571.25,-23.75,-0.09%,18
"2025-11-26 13:15",25595,25595,25595,25595,20,+0.08%,1
"2025-11-26 13:00",25590.5,25590.5,25575,25575,15,+0.06%,2
"2025-11-26 12:30",25565,25565,25560,25560,-45.,-0.18%,2
"2025-11-26 12:15",25570,25605,25570,25605,43.5,+0.17%,3
"2025-11-26 12:00",25601.75,25602.25,25536.75,25561.5,-37.5,-0.15%,21
"2025-11-26 11:45",25600,25600,25599,25599,-11.,-0.04%,3
"2025-11-26 11:30",25601.25,25610,25600,25610,33.25,+0.13%,8
"2025-11-26 11:15",25569.75,25576.75,25567.75,25576.75,-3.25,-0.01%,3
"2025-11-26 11:00",25590,25590.25,25580,25580,-30.,-0.12%,4
"2025-11-26 10:45",25620.25,25620.25,25589,25610,-8.,-0.03%,19
"2025-11-26 10:30",25570,25628.5,25570,25618,27.5,+0.11%,42
"2025-11-26 10:15",25551,25590.5,25551,25590.5,36.75,+0.14%,24
"2025-11-26 10:00",25526.75,25553.75,25520,25553.75,33.75,+0.13%,16
"2025-11-26 09:45",25460,25522.75,25450,25520,37.75,+0.15%,18
"2025-11-26 09:30",25453.75,25499.75,25453.75,25482.25,35.75,+0.14%,13
"2025-11-26 09:15",25424.25,25455,25398.75,25446.5,8.5,+0.03%,24
"2025-11-26 09:00",25394.5,25468,25393.5,25438,13.5,+0.05%,23
"2025-11-26 08:45",25495,25530,25405.75,25424.5,-50.5,-0.20%,25
"2025-11-26 08:30",25474.25,25513.5,25445,25475,-5.,-0.02%,252
"2025-11-26 08:15",25446,25480,25446,25480,51,+0.20%,12
"2025-11-26 08:00",25453,25453,25429,25429,-27.,-0.11%,7
"2025-11-26 07:45",25456,25456,25456,25456,31.75,+0.12%,1
"2025-11-26 07:30",25451.75,25452.5,25424.25,25424.25,-16.75,-0.07%,7
"2025-11-26 07:15",25441.25,25444,25441,25441,1.25,0.00%,5
"2025-11-26 07:00",25428.75,25439.75,25428.75,25439.75,9.75,+0.04%,10
"2025-11-26 06:45",25414,25430,25414,25430,21.5,+0.08%,4
"2025-11-26 06:30",25378.75,25408.5,25378.75,25408.5,23.75,+0.09%,17
"2025-11-26 06:15",25387.75,25393.25,25384.25,25384.75,-5.5,-0.02%,12
"2025-11-26 06:00",25419.5,25419.5,25378.75,25390.25,-41.75,-0.16%,28
"2025-11-26 05:45",25457,25460.75,25432,25432,-11.,-0.04%,7
"2025-11-26 05:30",25443.75,25443.75,25443,25443,-21.,-0.08%,2
"2025-11-26 05:15",25450,25464,25450,25464,13.25,+0.05%,2
"2025-11-26 05:00",25442.5,25450.75,25439.25,25450.75,11.25,+0.04%,15
"2025-11-26 04:30",25425,25442,25425,25439.5,10.25,+0.04%,4
"2025-11-26 04:00",25406.75,25429.25,25406.75,25429.25,34.25,+0.13%,2
"2025-11-26 03:45",25405,25405,25395,25395,-16.25,-0.06%,9
"2025-11-26 03:30",25402.5,25411.25,25402.5,25411.25,11.25,+0.04%,14
"2025-11-26 03:15",25400,25400,25400,25400,-15.25,-0.06%,1
"2025-11-26 03:00",25417.25,25417.25,25415.25,25415.25,-14.75,-0.06%,2
"2025-11-26 02:45",25446.75,25446.75,25430,25430,-24.,-0.09%,2
"2025-11-26 02:15",25474.5,25474.5,25454,25454,-1.,0.00%,6
"2025-11-26 02:00",25456,25456.25,25453,25455,-12.25,-0.05%,6
"2025-11-26 01:45",25471,25476.5,25466.25,25467.25,-11.25,-0.04%,9
"2025-11-26 01:30",25480.5,25483.5,25478.5,25478.5,3.5,+0.01%,6
"2025-11-26 01:15",25470.5,25475,25470,25475,17.75,+0.07%,8
"2025-11-26 00:30",25455.25,25457.25,25455.25,25457.25,5.25,+0.02%,4
"2025-11-25 23:30",25452,25452,25452,25452,12.75,+0.05%,1
"2025-11-25 23:15",25445,25451,25439.25,25439.25,4,+0.02%,7
"2025-11-25 23:00",25421.25,25435.25,25421.25,25435.25,11.75,+0.05%,2
"2025-11-25 22:45",25417,25423.5,25417,25423.5,4.5,+0.02%,5
"2025-11-25 22:30",25423.75,25423.75,25419,25419,-7.25,-0.03%,3
"2025-11-25 22:15",25438,25438,25425,25426.25,-10.,-0.04%,6
"2025-11-25 22:00",25434.5,25440.25,25428.75,25436.25,1.25,0.00%,19
"2025-11-25 21:45",25430,25440.75,25430,25435,9.75,+0.04%,12
"2025-11-25 21:30",25430.5,25439,25425.25,25425.25,-2.75,-0.01%,9
"2025-11-25 21:15",25424.75,25430,25424.75,25428,0,0.00%,9
"2025-11-25 21:00",25436.5,25440,25428,25428,-3.,-0.01%,4
"2025-11-25 20:45",25425.75,25431,25425.75,25431,6,+0.02%,2
"2025-11-25 20:30",25420.5,25425,25408.5,25425,11,+0.04%,13
"2025-11-25 20:15",25420,25420,25414,25414,-4.5,-0.02%,6
"2025-11-25 20:00",25408.75,25418.5,25408.75,25418.5,15.25,+0.06%,2
"2025-11-25 19:45",25403.5,25403.5,25403.25,25403.25,-2.5,-0.01%,2
"2025-11-25 19:30",25398,25411,25398,25405.75,12.5,+0.05%,11
"2025-11-25 19:15",25398,25404.5,25390,25393.25,17.25,+0.07%,7
"2025-11-25 19:00",25376,25376,25376,25376,6,+0.02%,1
"2025-11-25 18:45",25370,25370,25370,25370,16,+0.06%,1
"2025-11-25 18:15",25354,25354,25354,25354,23,+0.09%,1
"2025-11-25 17:45",25331,25331,25331,25331,-4.,-0.02%,1
"2025-11-25 17:00",25317.5,25335.75,25317.5,25335,18,+0.07%,3
"2025-11-25 15:45",25315.25,25317,25315.25,25317,5.25,+0.02%,2
"2025-11-25 15:30",25318,25318,25311.75,25311.75,-8.25,-0.03%,2
"2025-11-25 15:15",25332.75,25332.75,25320,25320,-13.5,-0.05%,12
"2025-11-25 15:00",25345,25345,25330.75,25333.5,1.25,0.00%,15
"2025-11-25 14:45",25322.25,25388.25,25322.25,25332.25,-1.5,-0.01%,59
"2025-11-25 14:30",25308,25334.5,25308,25333.75,31.75,+0.13%,14
"2025-11-25 14:15",25278.75,25302,25278.75,25302,26.75,+0.11%,18
"2025-11-25 14:00",25280,25291,25275.25,25275.25,21.25,+0.08%,7
"2025-11-25 13:45",25230,25254,25230,25254,54,+0.21%,2
"2025-11-25 13:30",25233.5,25233.5,25200,25200,-31.5,-0.12%,12
"2025-11-25 13:15",25210,25234.75,25205,25231.5,-20.,-0.08%,12
"2025-11-25 13:00",25276,25279.5,25251.5,25251.5,-28.5,-0.11%,7
"2025-11-25 12:45",25270,25296.5,25270,25280,15.25,+0.06%,11
"2025-11-25 12:30",25275,25275,25264.75,25264.75,18.5,+0.07%,4
"2025-11-25 12:15",25248.5,25258.5,25240,25246.25,-6.75,-0.03%,17
"2025-11-25 12:00",25244.75,25263.25,25240.5,25253,-7.75,-0.03%,19
"2025-11-25 11:45",25292.5,25293.5,25260,25260.75,-19.,-0.08%,15
"2025-11-25 11:30",25250,25302.25,25250,25279.75,41,+0.16%,32
"2025-11-25 11:15",25199,25258,25192.5,25238.75,40.75,+0.16%,18
"2025-11-25 11:00",25170,25198,25147,25198,36,+0.14%,17
"2025-11-25 10:45",25103.25,25162,25095.75,25162,36,+0.14%,18
"2025-11-25 10:30",25101.25,25134,25097,25126,16.5,+0.07%,34
"2025-11-25 10:15",25031,25130,25031,25109.5,46,+0.18%,28
"2025-11-25 10:00",25051,25063.5,25023.5,25063.5,3,+0.01%,5
"2025-11-25 09:45",25098,25119.75,25010,25060.5,-27.25,-0.11%,41
"2025-11-25 09:30",25050,25087.75,25020,25087.75,67.75,+0.27%,41
"2025-11-25 09:15",24968,25022.25,24956.5,25020,20,+0.08%,50
"2025-11-25 09:00",25043.75,25043.75,24906,25000,-64.25,-0.26%,68
"2025-11-25 08:45",24942.75,25064.25,24848,25064.25,81,+0.32%,192
"2025-11-25 08:30",25086.5,25120,24973,24983.25,-123.25,-0.49%,109
"2025-11-25 08:15",25106.5,25106.5,25106.5,25106.5,0.25,0.00%,1
"2025-11-25 08:00",25133.75,25137,25106.25,25106.25,-21.5,-0.09%,12
"2025-11-25 07:45",25138.25,25160,25127,25127.75,-12.25,-0.05%,18
"2025-11-25 07:30",25188,25188,25140,25140,-49.75,-0.20%,16
"2025-11-25 07:15",25166.25,25189.75,25166.25,25189.75,26.5,+0.11%,9
"2025-11-25 07:00",25182.5,25182.5,25163.25,25163.25,8.25,+0.03%,6
"2025-11-25 06:45",25149.75,25158.75,25149.75,25155,-70.,-0.28%,3
"2025-11-25 06:30",25163,25225,25132,25225,46.25,+0.18%,23
"2025-11-25 06:15",25174,25178.75,25155,25178.75,0.75,0.00%,9
"2025-11-25 06:00",25119.5,25178,25119.5,25178,58,+0.23%,25
"2025-11-25 05:45",25104,25120,25101,25120,-5.,-0.02%,9
"2025-11-25 05:15",25125,25125,25125,25125,-9.5,-0.04%,1
"2025-11-25 04:45",25138.75,25138.75,25134.5,25134.5,3.5,+0.01%,2
"2025-11-25 04:30",25096.75,25131,25096.75,25131,52,+0.21%,6
"2025-11-25 03:30",25079.5,25079.5,25076.25,25079,-1.,0.00%,3
"2025-11-25 03:15",25131,25131,25080,25080,-49.,-0.19%,16
"2025-11-25 03:00",25115,25129,25115,25129,16,+0.06%,4
"2025-11-25 02:45",25137,25137,25110.25,25113,-49.,-0.19%,12
"2025-11-25 02:15",25162,25162,25162,25162,-17.,-0.07%,1
"2025-11-25 02:00",25179,25179,25179,25179,2.75,+0.01%,1
"2025-11-25 01:45",25176.25,25176.25,25176.25,25176.25,16.75,+0.07%,1
"2025-11-25 01:30",25152.75,25159.5,25147.75,25159.5,16.75,+0.07%,4
"2025-11-25 01:15",25142.75,25142.75,25142.75,25142.75,8.75,+0.03%,1
"2025-11-25 01:00",25132,25145.5,25132,25134,-11.5,-0.05%,3
"2025-11-25 00:45",25153.75,25154.75,25145.5,25145.5,-30.25,-0.12%,11
"2025-11-25 00:30",25163.5,25175.75,25161.75,25175.75,16,+0.06%,4
"2025-11-25 00:15",25156.5,25159.75,25155,25159.75,-12.75,-0.05%,6
"2025-11-24 23:45",25171,25174.75,25171,25172.5,-20.25,-0.08%,3
"2025-11-24 23:00",25187.75,25192.75,25186.25,25192.75,10.5,+0.04%,3
"2025-11-24 22:30",25182.25,25182.25,25182.25,25182.25,-10.5,-0.04%,1
"2025-11-24 22:15",25192.75,25192.75,25192.75,25192.75,7.5,+0.03%,1
"2025-11-24 22:00",25188.75,25188.75,25185.25,25185.25,18,+0.07%,2
"2025-11-24 21:45",25177,25177,25167.25,25167.25,-10.,-0.04%,3
"2025-11-24 21:30",25177.25,25177.25,25177.25,25177.25,-28.5,-0.11%,1
"2025-11-24 21:15",25205.75,25205.75,25205.75,25205.75,1.25,0.00%,1
"2025-11-24 21:00",25199.75,25204.5,25199.75,25204.5,6,+0.02%,2
"2025-11-24 20:45",25189.25,25198.5,25189.25,25198.5,-5.,-0.02%,21
"2025-11-24 20:15",25196,25203.5,25196,25203.5,25.5,+0.10%,3
"2025-11-24 20:00",25178.5,25178.5,25178,25178,-21.5,-0.09%,2
"2025-11-24 19:15",25196.5,25199.5,25196.5,25199.5,14.25,+0.06%,3
"2025-11-24 18:45",25185.25,25185.25,25185.25,25185.25,-4.75,-0.02%,1
"2025-11-24 18:30",25195,25196.5,25190,25190,10,+0.04%,3
"2025-11-24 18:15",25180.5,25180.5,25180,25180,-39.,-0.15%,3
"2025-11-24 17:45",25223.5,25223.5,25219,25219,0.25,0.00%,3
"2025-11-24 17:30",25214.25,25223.5,25207.75,25218.75,4.5,+0.02%,8
"2025-11-24 17:15",25214.25,25214.25,25214.25,25214.25,2.5,+0.01%,1
"2025-11-24 17:00",25211,25224.5,25206.5,25211.75,-1.25,0.00%,6
"2025-11-24 15:45",25218.75,25218.75,25213,25213,-14.,-0.06%,2
"2025-11-24 15:30",25227,25227,25227,25227,15,+0.06%,1
"2025-11-24 15:15",25207.5,25212,25207.5,25212,7,+0.03%,3
"2025-11-24 15:00",25198.75,25205,25187,25205,19,+0.08%,9
"2025-11-24 14:45",25204.5,25234.5,25180.25,25186,-5.75,-0.02%,33
"2025-11-24 14:30",25186.25,25203,25186.25,25191.75,5.5,+0.02%,13
"2025-11-24 14:15",25200,25207.75,25186.25,25186.25,-14.25,-0.06%,10
"2025-11-24 14:00",25200.5,25200.5,25200.5,25200.5,39.5,+0.16%,1
"2025-11-24 13:45",25160.25,25165,25145.75,25161,-19.,-0.08%,12
"2025-11-24 13:30",25170.25,25180,25166.25,25180,-1.,0.00%,15
"2025-11-24 13:15",25191,25194.25,25181,25181,-16.25,-0.06%,13
"2025-11-24 13:00",25186.5,25205,25186.5,25197.25,15.25,+0.06%,4
"2025-11-24 12:45",25185.25,25185.25,25181.75,25182,1,0.00%,4
"2025-11-24 12:30",25173,25183,25173,25181,-10.,-0.04%,3
"2025-11-24 12:15",25195,25195,25191,25191,-12.25,-0.05%,2
"2025-11-24 12:00",25183.25,25203.25,25183.25,25203.25,32.75,+0.13%,6
"2025-11-24 11:45",25173.5,25188,25165,25170.5,5,+0.02%,8
"2025-11-24 11:30",25155,25178.5,25155,25165.5,41,+0.16%,14
"2025-11-24 11:15",25111,25130,25110,25124.5,37.5,+0.15%,6
"2025-11-24 11:00",25112,25112,25087,25087,-3.,-0.01%,5
"2025-11-24 10:45",25133.5,25133.5,25088,25090,-17.75,-0.07%,22
"2025-11-24 10:30",25097.75,25110,25095,25107.75,-22.25,-0.09%,21
"2025-11-24 10:15",25120,25130,25112.25,25130,18.75,+0.07%,46
"2025-11-24 10:00",25064.75,25121.75,25064.75,25111.25,82,+0.33%,26
"2025-11-24 09:45",25061,25061,25022.75,25029.25,-15.75,-0.06%,15
"2025-11-24 09:30",24965,25047.75,24965,25045,48.75,+0.20%,19
"2025-11-24 09:15",24985.25,24996.25,24930.5,24996.25,11.25,+0.05%,24
"2025-11-24 09:00",24955,25020.25,24911.25,24985,64.25,+0.26%,88
"2025-11-24 08:45",24884,24923.75,24829.25,24920.75,30.75,+0.12%,34
"2025-11-24 08:30",24787.5,24960.5,24782,24890,117.75,+0.48%,82
"2025-11-24 08:15",24772,24772.25,24772,24772.25,-39.,-0.16%,2
"2025-11-24 08:00",24770,24811.25,24770,24811.25,62.75,+0.25%,5
"2025-11-24 07:45",24770,24775.25,24748.5,24748.5,-54.5,-0.22%,10
"2025-11-24 07:15",24789.25,24803,24787,24803,74.25,+0.30%,4
"2025-11-24 06:45",24741.25,24741.25,24728.75,24728.75,2.75,+0.01%,3
"2025-11-24 06:30",24731.25,24749.5,24718.75,24726,-5.,-0.02%,30
"2025-11-24 06:15",24687.25,24733.5,24687.25,24731,51,+0.21%,7
"2025-11-24 06:00",24695,24695,24673.5,24680,-27.5,-0.11%,19
"2025-11-24 05:45",24667.5,24707.5,24667.5,24707.5,42.5,+0.17%,4
"2025-11-24 05:30",24652,24665,24652,24665,-4.25,-0.02%,2
"2025-11-24 05:15",24665,24669.25,24665,24669.25,19.25,+0.08%,2
"2025-11-24 05:00",24650,24650,24650,24650,33.25,+0.14%,1
"2025-11-24 04:30",24635.75,24635.75,24616.75,24616.75,-27.25,-0.11%,5
"2025-11-24 04:15",24649.25,24671.75,24637.75,24644,9.25,+0.04%,4
"2025-11-24 04:00",24682.5,24682.5,24634.75,24634.75,-38.75,-0.16%,6
"2025-11-24 03:45",24673.5,24673.5,24673.5,24673.5,-9.75,-0.04%,1
"2025-11-24 03:30",24673,24683.25,24645,24683.25,63.75,+0.26%,3
"2025-11-24 03:15",24709,24709,24619.5,24619.5,-191.75,-0.77%,10
"2025-11-24 03:00",24811.25,24811.25,24811.25,24811.25,6.25,+0.03%,1
"2025-11-24 02:45",24789.25,24805,24786.25,24805,10.5,+0.04%,3
"2025-11-24 02:30",24794.5,24794.5,24794.5,24794.5,-12.5,-0.05%,1
"2025-11-24 02:15",24763.75,24807,24763.75,24807,89.25,+0.36%,4
"2025-11-24 02:00",24740,24740,24717.75,24717.75,-33.5,-0.14%,2
"2025-11-24 01:45",24764,24764,24751.25,24751.25,-0.75,0.00%,12
"2025-11-24 01:30",24752,24752,24752,24752,41.75,+0.17%,1
"2025-11-24 01:00",24704,24710.25,24704,24710.25,-8.25,-0.03%,3
"2025-11-24 00:45",24718.5,24718.5,24718.5,24718.5,-0.5,0.00%,1
"2025-11-24 00:30",24724.5,24724.5,24719,24719,-6.5,-0.03%,2
"2025-11-24 00:15",24725.5,24725.5,24725.5,24725.5,-23.5,-0.09%,1
"2025-11-24 00:00",24749,24749,24749,24749,4,+0.02%,1
"2025-11-23 23:45",24745,24745,24745,24745,-15.,-0.06%,1
"2025-11-23 23:15",24751.25,24760,24751.25,24760,10,+0.04%,3
"2025-11-23 23:00",24729.5,24750,24729.5,24750,42.5,+0.17%,4
"2025-11-23 22:45",24707.5,24707.5,24707.5,24707.5,-11.25,-0.05%,1
"2025-11-23 22:30",24715,24718.75,24715,24718.75,29,+0.12%,5
"2025-11-23 22:15",24694.75,24698,24689.5,24689.75,-4.75,-0.02%,7
"2025-11-23 22:00",24738,24738,24694.5,24694.5,-44.75,-0.18%,3
"2025-11-23 21:45",24735,24739.25,24735,24739.25,-10.75,-0.04%,3
"2025-11-23 21:30",24760,24760,24750,24750,-10.,-0.04%,4
"2025-11-23 21:15",24760,24760,24760,24760,-1.75,-0.01%,2
"2025-11-23 21:00",24766.25,24768.5,24761.75,24761.75,2.25,+0.01%,9
"2025-11-23 20:45",24755.25,24759.5,24755.25,24759.5,29.5,+0.12%,2
"2025-11-23 20:15",24730,24730,24730,24730,45,+0.18%,1
"2025-11-23 20:00",24705,24705,24685,24685,-18.75,-0.08%,2
"2025-11-23 19:45",24680,24703.75,24680,24703.75,11.75,+0.05%,2
"2025-11-23 19:30",24692,24692,24692,24692,-36.75,-0.15%,1
"2025-11-23 19:15",24719.25,24728.75,24719.25,24728.75,20.5,+0.08%,4
"2025-11-23 19:00",24680.25,24708.25,24675.25,24708.25,8.25,+0.03%,5
"2025-11-23 18:45",24700,24700,24700,24700,-1.,0.00%,5
"2025-11-23 18:30",24685,24718,24685,24701,19,+0.08%,3
"2025-11-23 18:15",24674.5,24682,24654.75,24682,-23.25,-0.09%,16
"2025-11-23 18:00",24704.5,24705.25,24704.5,24705.25,-23.,-0.09%,2
"2025-11-23 17:15",24720,24729,24714,24728.25,-26.25,-0.11%,4
"2025-11-23 17:00",24718.25,24773.5,24718.25,24754.5,168.75,+0.69%,67
"2025-11-21 15:45",24590,24590,24580.5,24585.75,-12.25,-0.05%,8
"2025-11-21 15:30",24573,24598,24573,24598,26.25,+0.11%,5
"2025-11-21 15:15",24571.75,24571.75,24571.75,24571.75,21.75,+0.09%,1
"2025-11-21 15:00",24581.25,24594.75,24547.5,24550,0,0.00%,10
"2025-11-21 14:45",24676.25,24676.25,24530,24550,-84.75,-0.34%,188
"2025-11-21 14:30",24624.5,24690.5,24603,24634.75,-15.75,-0.06%,10
"2025-11-21 14:15",24731.25,24731.25,24648.75,24650.5,-52.25,-0.21%,24
"2025-11-21 14:00",24725,24725.25,24702.75,24702.75,9,+0.04%,5
"2025-11-21 13:45",24738.5,24748.5,24688,24693.75,-70.,-0.28%,13
"2025-11-21 13:30",24810,24817,24763.75,24763.75,-56.25,-0.23%,37
"2025-11-21 13:15",24778,24835.25,24778,24820,44.5,+0.18%,16
"2025-11-21 13:00",24723.25,24804.5,24723.25,24775.5,46,+0.19%,25
"2025-11-21 12:45",24631.25,24800.25,24616,24729.5,99.5,+0.40%,40
"2025-11-21 12:30",24525,24630,24525,24630,141.25,+0.58%,20
"2025-11-21 12:15",24459.25,24512.75,24449.75,24488.75,-1.,0.00%,17
"2025-11-21 12:00",24580,24580,24478.5,24489.75,-100.,-0.41%,58
"2025-11-21 11:45",24650,24650,24588.75,24589.75,-47.5,-0.19%,16
"2025-11-21 11:30",24626.75,24655,24589,24637.25,47.5,+0.19%,27
"2025-11-21 11:15",24599.25,24630,24557,24589.75,-12.25,-0.05%,23
"2025-11-21 11:00",24619,24632.5,24558.5,24602,-15.25,-0.06%,97
"2025-11-21 10:45",24436,24617.25,24435.25,24617.25,151,+0.62%,40
"2025-11-21 10:30",24429.25,24472.5,24396,24466.25,50.25,+0.21%,29
"2025-11-21 10:15",24302,24416,24252.25,24416,103.5,+0.43%,21
"2025-11-21 10:00",24240.25,24323,24187.25,24312.5,45.75,+0.19%,34
"2025-11-21 09:45",24270,24340,24255.25,24266.75,-6.25,-0.03%,28
"2025-11-21 09:30",24273.25,24301.75,24177.75,24273,-15.,-0.06%,80
"2025-11-21 09:15",24342,24430,24279.25,24288,-42.25,-0.17%,46
"2025-11-21 09:00",24400,24450,24330.25,24330.25,-119.25,-0.49%,20
"2025-11-21 08:45",24414.25,24532.25,24350,24449.5,6,+0.02%,31
"2025-11-21 08:30",24498.5,24510.5,24416.5,24443.5,-6.25,-0.03%,24
"2025-11-21 08:15",24460,24460,24448.25,24449.75,-45.25,-0.18%,6
"2025-11-21 08:00",24481.5,24500.25,24467.75,24495,7,+0.03%,12
"2025-11-21 07:45",24510,24517.5,24474,24488,-22.,-0.09%,10
"2025-11-21 07:30",24471.25,24522.75,24471.25,24510,43.75,+0.18%,13
"2025-11-21 07:15",24509,24535.75,24450,24466.25,25.25,+0.10%,17
"2025-11-21 07:00",24449.75,24449.75,24394.25,24441,1,0.00%,8
"2025-11-21 06:45",24466.75,24501.75,24440,24440,13.25,+0.05%,33
"2025-11-21 06:30",24242,24431.5,24242,24426.75,216.75,+0.90%,101
"2025-11-21 06:15",24275,24275,24206.25,24210,-22.75,-0.09%,27
"2025-11-21 06:00",24279.5,24303.75,24220,24232.75,-51.5,-0.21%,7
"2025-11-21 05:45",24325.25,24337,24268,24284.25,-42.25,-0.17%,10
"2025-11-21 05:30",24344,24344,24326.5,24326.5,-46.,-0.19%,3
"2025-11-21 05:15",24400,24400,24372.5,24372.5,-16.,-0.07%,2
"2025-11-21 05:00",24338.25,24388.5,24334.5,24388.5,54,+0.22%,42
"2025-11-21 04:45",24289.25,24339.75,24289.25,24334.5,39.75,+0.16%,19
"2025-11-21 04:30",24157,24296.25,24157,24294.75,141.25,+0.58%,30
"2025-11-21 04:15",24213,24213,24153.5,24153.5,-65.5,-0.27%,30
"2025-11-21 04:00",24267.5,24267.5,24180,24219,-71.,-0.29%,113
"2025-11-21 03:45",24305.75,24330,24290,24290,-66.5,-0.27%,16
"2025-11-21 03:30",24377.5,24377.5,24356.5,24356.5,-21.5,-0.09%,8
"2025-11-21 03:15",24434,24434,24378,24378,-59.25,-0.24%,7
"2025-11-21 03:00",24443.75,24455.5,24437.25,24437.25,-21.5,-0.09%,3
"2025-11-21 02:45",24423.5,24458.75,24423.5,24458.75,48.5,+0.20%,5
"2025-11-21 02:30",24408.25,24410.25,24370,24410.25,22.25,+0.09%,10
"2025-11-21 02:15",24404.75,24404.75,24360,24388,-35.,-0.14%,13
"2025-11-21 02:00",24340,24426.25,24340,24423,97.25,+0.40%,14
"2025-11-21 01:45",24372.25,24372.25,24325.75,24325.75,-76.75,-0.31%,8
"2025-11-21 01:30",24408,24408,24402.5,24402.5,-24.75,-0.10%,2
"2025-11-21 01:15",24433.25,24442,24427.25,24427.25,-1.,0.00%,4
"2025-11-21 01:00",24428.25,24428.25,24428.25,24428.25,10.5,+0.04%,1
"2025-11-21 00:45",24425,24425,24417.75,24417.75,-2.25,-0.01%,2
"2025-11-21 00:30",24420,24420,24420,24420,4,+0.02%,3
"2025-11-21 00:15",24416,24416,24416,24416,1.75,+0.01%,1
"2025-11-21 00:00",24384.75,24414.25,24382.25,24414.25,23.5,+0.10%,13
"2025-11-20 23:45",24393,24400,24390.75,24390.75,-9.25,-0.04%,6
"2025-11-20 23:30",24385.75,24400,24385.75,24400,-39.,-0.16%,5
"2025-11-20 23:15",24429.5,24439,24429.5,24439,-1.,0.00%,2
"2025-11-20 23:00",24440,24440,24440,24440,20,+0.08%,1
"2025-11-20 22:45",24386.25,24420,24363,24420,38.5,+0.16%,14
"2025-11-20 22:30",24395.25,24395.25,24364,24381.5,-13.,-0.05%,8
"2025-11-20 22:15",24400,24400,24379.25,24394.5,-36.,-0.15%,19
"2025-11-20 22:00",24432.25,24435.5,24425.75,24430.5,-15.25,-0.06%,6
"2025-11-20 21:45",24464.25,24464.25,24445,24445.75,-19.25,-0.08%,9
"2025-11-20 21:30",24433,24475,24432,24465,40,+0.16%,10
"2025-11-20 21:15",24418,24425,24413.5,24425,7.5,+0.03%,5
"2025-11-20 21:00",24417.5,24417.5,24417.5,24417.5,-5.25,-0.02%,1
"2025-11-20 20:45",24446.5,24458,24422.75,24422.75,-31.25,-0.13%,27
"2025-11-20 20:30",24427.5,24454,24427.5,24454,13.5,+0.06%,4
"2025-11-20 20:15",24429.25,24440.5,24424,24440.5,29.75,+0.12%,7
"2025-11-20 20:00",24463.25,24463.25,24410.75,24410.75,-42.,-0.17%,14
"2025-11-20 19:45",24479,24479,24452.75,24452.75,-20.25,-0.08%,5
"2025-11-20 19:30",24468,24473,24446.5,24473,0,0.00%,14
"2025-11-20 19:15",24446.5,24473,24446.5,24473,26.5,+0.11%,4
"2025-11-20 19:00",24435.25,24446.5,24418.75,24446.5,9.75,+0.04%,5
"2025-11-20 18:45",24421,24436.75,24409.75,24436.75,-11.25,-0.05%,13
"2025-11-20 18:30",24444,24448,24444,24448,16.75,+0.07%,2
"2025-11-20 18:15",24435.75,24435.75,24431.25,24431.25,12.5,+0.05%,42
"2025-11-20 18:00",24371,24418.75,24366.5,24418.75,41,+0.17%,8
"2025-11-20 17:45",24396.75,24397,24377.75,24377.75,-0.75,0.00%,8
"2025-11-20 17:30",24359.25,24385,24349.75,24378.5,9,+0.04%,10
"2025-11-20 17:15",24347.25,24369.5,24347.25,24369.5,46.5,+0.19%,9
"2025-11-20 17:00",24336.25,24381.75,24274,24323,-9.5,-0.04%,41
"2025-11-20 15:45",24350,24350,24328.25,24332.5,-6.5,-0.03%,10
"2025-11-20 15:30",24360,24360,24339,24339,-27.75,-0.11%,5
"2025-11-20 15:15",24349.25,24366.75,24335.5,24366.75,4.75,+0.02%,16
"2025-11-20 15:00",24386.25,24386.25,24344,24362,-17.5,-0.07%,23
"2025-11-20 14:45",24421,24430.25,24350.25,24379.5,-36.25,-0.15%,66
"2025-11-20 14:30",24530.75,24530.75,24393.5,24415.75,-130.,-0.53%,97
"2025-11-20 14:15",24538.25,24595,24494.5,24545.75,4.75,+0.02%,47
"2025-11-20 14:00",24644.5,24644.5,24519.5,24541,-109.75,-0.45%,48
"2025-11-20 13:45",24575.75,24650.75,24524.75,24650.75,74.5,+0.30%,37
"2025-11-20 13:30",24581,24581,24510,24576.25,-21.5,-0.09%,51
"2025-11-20 13:15",24513.75,24618,24510,24597.75,82.75,+0.34%,37
"2025-11-20 13:00",24537.25,24540,24458.25,24515,-40.75,-0.17%,67
"2025-11-20 12:45",24584,24585.75,24500,24555.75,-34.25,-0.14%,46
"2025-11-20 12:30",24752.75,24761.75,24590,24590,-173.,-0.70%,24
"2025-11-20 12:15",24840.75,24840.75,24720.5,24763,-75.5,-0.30%,32
"2025-11-20 12:00",24645,24838.5,24641,24838.5,191,+0.77%,32
"2025-11-20 11:45",24570,24649.5,24570,24647.5,33.5,+0.14%,43
"2025-11-20 11:30",24736.25,24736.25,24560.5,24614,-86.,-0.35%,77
"2025-11-20 11:15",24700,24738,24622.25,24700,-50.,-0.20%,97
"2025-11-20 11:00",24827.5,24881.5,24679,24750,-47.75,-0.19%,96
"2025-11-20 10:45",24993.25,25040.25,24766.75,24797.75,-212.25,-0.85%,97
"2025-11-20 10:30",25150,25151.75,25000,25010,-155.5,-0.62%,60
"2025-11-20 10:15",25258,25258,25154,25165.5,-98.75,-0.39%,54
"2025-11-20 10:00",25408.75,25408.75,25264.25,25264.25,-156.,-0.61%,45
"2025-11-20 09:45",25539.25,25539.25,25420.25,25420.25,-119.,-0.47%,25
"2025-11-20 09:30",25527.75,25566,25508,25539.25,27.75,+0.11%,28
"2025-11-20 09:15",25440.75,25513.25,25426.25,25511.5,61.5,+0.24%,12
"2025-11-20 09:00",25550,25553.25,25450,25450,-82.5,-0.32%,25
"2025-11-20 08:45",25470.5,25540,25454.5,25532.5,41.5,+0.16%,27
"2025-11-20 08:30",25456.25,25491,25398.75,25491,27,+0.11%,63
"2025-11-20 08:15",25464,25464,25464,25464,3.25,+0.01%,1
"2025-11-20 08:00",25483.25,25483.25,25460.75,25460.75,-49.25,-0.19%,4
"2025-11-20 07:45",25490,25525,25490,25510,48.25,+0.19%,7
"2025-11-20 07:30",25460,25500,25448.75,25461.75,58,+0.23%,28
"2025-11-20 07:15",25429.25,25429.25,25397,25403.75,-22.5,-0.09%,3
"2025-11-20 07:00",25430,25437,25426.25,25426.25,26.25,+0.10%,3
"2025-11-20 06:45",25396.75,25400,25396.75,25400,25.25,+0.10%,61
"2025-11-20 06:30",25372,25374.75,25372,25374.75,22.75,+0.09%,2
"2025-11-20 06:15",25370,25370,25352,25352,24.25,+0.10%,3
"2025-11-20 06:00",25327.75,25327.75,25327.75,25327.75,-10.5,-0.04%,1
"2025-11-20 05:45",25384.25,25384.25,25338.25,25338.25,-39.75,-0.16%,7
"2025-11-20 05:30",25327.5,25385,25327.5,25378,65,+0.26%,5
"2025-11-20 05:15",25314,25314,25313,25313,-22.,-0.09%,2
"2025-11-20 05:00",25348,25348,25335,25335,-50.,-0.20%,2
"2025-11-20 04:45",25385,25385,25385,25385,40.5,+0.16%,1
"2025-11-20 04:30",25355,25355,25344.5,25344.5,15.25,+0.06%,22
"2025-11-20 04:15",25326.75,25329.25,25326.75,25329.25,22.5,+0.09%,3
"2025-11-20 04:00",25302.5,25306.75,25292,25306.75,-11.,-0.04%,36
"2025-11-20 03:45",25330,25330,25317.75,25317.75,-25.25,-0.10%,3
"2025-11-20 03:30",25329,25343,25329,25343,3,+0.01%,3
"2025-11-20 03:15",25368,25368,25340,25340,-57.,-0.22%,3
"2025-11-20 03:00",25395,25397,25381,25397,-11.,-0.04%,5
"2025-11-20 02:45",25408,25408,25408,25408,-2.,-0.01%,1
"2025-11-20 02:30",25405,25413.5,25402.75,25410,1,0.00%,5
"2025-11-20 02:15",25408,25421,25408,25409,8.5,+0.03%,3
"2025-11-20 02:00",25403.25,25403.25,25397.75,25400.5,-1.,0.00%,5
"2025-11-20 01:45",25401.5,25401.5,25401.5,25401.5,-19.5,-0.08%,1
"2025-11-20 01:30",25453.25,25467.25,25421,25421,-32.5,-0.13%,13
"2025-11-20 01:15",25456.25,25461,25453,25453.5,15.5,+0.06%,16
"2025-11-20 01:00",25437.75,25438,25437.75,25438,5.75,+0.02%,2
"2025-11-20 00:45",25432.25,25432.25,25432.25,25432.25,12.5,+0.05%,1
"2025-11-20 00:30",25419.75,25419.75,25419.75,25419.75,26,+0.10%,1
"2025-11-20 00:15",25420,25420,25393.75,25393.75,-40.25,-0.16%,6
"2025-11-20 00:00",25439,25445,25423,25434,1.25,0.00%,10
"2025-11-19 23:45",25422,25432.75,25422,25432.75,-1.25,0.00%,2
"2025-11-19 23:30",25436,25436,25434,25434,-16.5,-0.06%,2
"2025-11-19 23:15",25450,25456.5,25448.75,25450.5,-3.25,-0.01%,40
"2025-11-19 23:00",25467,25467,25453.75,25453.75,4.5,+0.02%,2
"2025-11-19 22:45",25443.5,25451.25,25443.5,25449.25,4.25,+0.02%,8
"2025-11-19 22:30",25439.75,25445,25439.75,25445,5,+0.02%,2
"2025-11-19 22:15",25424,25440,25417,25440,-2.,-0.01%,7
"2025-11-19 22:00",25440.25,25442,25440.25,25442,15.5,+0.06%,4
"2025-11-19 21:45",25410,25439.25,25410,25426.5,-21.5,-0.08%,3
"2025-11-19 21:30",25445,25448,25445,25448,10,+0.04%,6
"2025-11-19 21:00",25444,25444,25438,25438,10.25,+0.04%,6
"2025-11-19 20:45",25425.5,25427.75,25425.5,25427.75,12.75,+0.05%,2
"2025-11-19 20:30",25408,25415,25408,25415,5.5,+0.02%,2
"2025-11-19 20:15",25408,25409.5,25408,25409.5,-0.25,0.00%,2
"2025-11-19 20:00",25424.75,25424.75,25409.75,25409.75,10.25,+0.04%,2
"2025-11-19 19:45",25403.75,25403.75,25399.5,25399.5,-13.,-0.05%,2
"2025-11-19 19:30",25412.5,25412.5,25412.5,25412.5,2.5,+0.01%,1
"2025-11-19 19:15",25390,25410,25390,25410,22.5,+0.09%,5
"2025-11-19 19:00",25386,25387.5,25386,25387.5,4.25,+0.02%,2
"2025-11-19 18:45",25397,25397,25383.25,25383.25,-20.5,-0.08%,2
"2025-11-19 18:30",25399.5,25403.75,25399.5,25403.75,1,0.00%,6
"2025-11-19 18:15",25362,25402.75,25362,25402.75,55.25,+0.22%,7
"2025-11-19 18:00",25347.5,25347.5,25347.5,25347.5,-14.75,-0.06%,1
"2025-11-19 17:45",25350.5,25362.25,25350,25362.25,25.25,+0.10%,10
"2025-11-19 17:30",25320,25346.25,25318.5,25337,33.75,+0.13%,22
"2025-11-19 17:15",25346,25350,25303,25303.25,-24.75,-0.10%,10
"2025-11-19 17:00",25250,25328,25250,25328,119.5,+0.47%,21
"2025-11-19 15:45",25205.25,25215,25205.25,25208.5,3.25,+0.01%,54
"2025-11-19 15:30",25125.75,25214.75,25118.5,25205.25,115.25,+0.46%,99
"2025-11-19 15:15",24992,25160,24992,25090,109.25,+0.44%,30
"2025-11-19 15:00",24940,24980.75,24940,24980.75,-26.5,-0.11%,6
"2025-11-19 14:45",24985.25,25007.25,24983.75,25007.25,4,+0.02%,5
"2025-11-19 14:30",25029,25075.5,25003.25,25003.25,-6.,-0.02%,13
"2025-11-19 14:15",24982.75,25009.25,24977.25,25009.25,50.25,+0.20%,5
"2025-11-19 14:00",24931,24959,24931,24959,55,+0.22%,6
"2025-11-19 13:45",24848.5,24932.25,24848.5,24904,58.25,+0.23%,9
"2025-11-19 13:30",24860,24862.75,24825,24845.75,-4.25,-0.02%,33
"2025-11-19 13:15",24902,24902,24850,24850,-63.25,-0.25%,7
"2025-11-19 13:00",24939.75,24939.75,24895,24913.25,-35.25,-0.14%,9
"2025-11-19 12:45",24918,24952,24918,24948.5,66.5,+0.27%,8
"2025-11-19 12:30",24860,24965,24860,24882,13.5,+0.05%,22
"2025-11-19 12:15",24902,24902,24868.5,24868.5,-56.5,-0.23%,4
"2025-11-19 12:00",24900,24925,24868,24925,46.75,+0.19%,17
"2025-11-19 11:45",24838,24901.75,24838,24878.25,22.5,+0.09%,14
"2025-11-19 11:30",24874.75,24879.5,24765,24855.75,-19.5,-0.08%,27
"2025-11-19 11:15",24873.5,24885,24835.5,24875.25,5.5,+0.02%,15
"2025-11-19 11:00",24971.5,24971.5,24862,24869.75,-100.25,-0.40%,19
"2025-11-19 10:45",24920,24970,24914.75,24970,27,+0.11%,6
"2025-11-19 10:30",24955.25,24955.25,24904.5,24943,-11.,-0.04%,15
"2025-11-19 10:15",24967.75,25007.75,24917.5,24954,-25.,-0.10%,23
"2025-11-19 10:00",25022,25040.75,24967.25,24979,-43.5,-0.17%,46
"2025-11-19 09:45",25157.25,25160,25008,25022.5,-148.5,-0.59%,29
"2025-11-19 09:30",25200,25211,25155,25171,-50.5,-0.20%,52
"2025-11-19 09:15",25210,25227.75,25189.25,25221.5,22.5,+0.09%,25
"2025-11-19 09:00",25149.5,25206.5,25140,25199,50.5,+0.20%,45
"2025-11-19 08:45",25003.5,25150,25003.5,25148.5,147.5,+0.59%,41
"2025-11-19 08:30",24856,25001,24830,25001,113,+0.45%,25
"2025-11-19 08:15",24888,24888,24888,24888,-0.5,0.00%,1
"2025-11-19 08:00",24910,24910,24888.5,24888.5,-25.75,-0.10%,4
"2025-11-19 07:15",24914.25,24914.25,24914.25,24914.25,-5.75,-0.02%,1
"2025-11-19 07:00",24916,24920,24916,24920,-37.25,-0.15%,2
"2025-11-19 06:45",24964,24964,24957.25,24957.25,-18.75,-0.08%,2
"2025-11-19 06:30",24976,24976,24976,24976,19.75,+0.08%,1
"2025-11-19 06:15",24956.25,24956.25,24956.25,24956.25,20.75,+0.08%,1
"2025-11-19 06:00",24948,24948,24935.5,24935.5,-44.5,-0.18%,6
"2025-11-19 05:45",24979.75,24980,24979.75,24980,11.5,+0.05%,2
"2025-11-19 05:30",24951,24972,24951,24968.5,-11.5,-0.05%,3
"2025-11-19 05:15",24974.75,24980,24974.75,24980,-3.25,-0.01%,5
"2025-11-19 05:00",24953,24983.25,24952,24983.25,29,+0.12%,10
"2025-11-19 04:45",24953.25,24961.25,24953.25,24954.25,14.25,+0.06%,3
"2025-11-19 04:30",24950.25,24952.75,24939.25,24940,-18.25,-0.07%,5
"2025-11-19 04:15",24933.25,24958.25,24933.25,24958.25,38.25,+0.15%,2
"2025-11-19 04:00",24923,24931.75,24920,24920,-5.,-0.02%,4
"2025-11-19 03:45",24902.25,24925,24902.25,24925,49.5,+0.20%,8
"2025-11-19 03:30",24887.5,24896.75,24875.5,24875.5,-12.5,-0.05%,6
"2025-11-19 03:15",24882.25,24888,24882.25,24888,40.25,+0.16%,2
"2025-11-19 03:00",24848,24848,24847.75,24847.75,-0.75,0.00%,2
"2025-11-19 02:45",24848.5,24848.5,24848.5,24848.5,-50.5,-0.20%,1
"2025-11-19 02:30",24899,24899,24899,24899,16.25,+0.07%,1
"2025-11-19 02:15",24832,24882.75,24832,24882.75,21.25,+0.09%,3
"2025-11-19 02:00",24867.5,24867.5,24855.5,24861.5,-7.75,-0.03%,6
"2025-11-19 01:30",24844.25,24869.25,24844.25,24869.25,16.75,+0.07%,9
"2025-11-19 01:15",24860.75,24861.25,24852.25,24852.5,-20.,-0.08%,8
"2025-11-19 01:00",24847.25,24872.5,24847.25,24872.5,59.5,+0.24%,2
"2025-11-19 00:30",24813,24813,24813,24813,20.5,+0.08%,1
"2025-11-19 00:15",24792.5,24792.5,24792.5,24792.5,15.75,+0.06%,1
"2025-11-19 00:00",24794.5,24794.75,24776.75,24776.75,-23.25,-0.09%,7
"2025-11-18 23:45",24795.75,24805,24795.75,24800,85,+0.34%,3
"2025-11-18 23:30",24756.75,24756.75,24715,24715,-61.5,-0.25%,5
"2025-11-18 23:15",24776.5,24776.5,24776.5,24776.5,-3.,-0.01%,1
"2025-11-18 23:00",24779.5,24779.5,24779.5,24779.5,-30.,-0.12%,1
"2025-11-18 22:45",24793.25,24809.5,24793.25,24809.5,24.5,+0.10%,3
"2025-11-18 22:30",24777.5,24785,24759.75,24785,-21.,-0.08%,8
"2025-11-18 22:15",24779.25,24806,24777,24806,15.75,+0.06%,9
"2025-11-18 21:45",24814.75,24814.75,24790.25,24790.25,-26.,-0.10%,7
"2025-11-18 21:30",24813.25,24819.25,24813.25,24816.25,-12.5,-0.05%,4
"2025-11-18 21:15",24845,24845,24828.75,24828.75,-48.25,-0.19%,4
"2025-11-18 21:00",24877,24877,24877,24877,-18.,-0.07%,1
"2025-11-18 20:45",24895,24895,24895,24895,-5.,-0.02%,1
"2025-11-18 20:30",24880.25,24900,24880.25,24900,20,+0.08%,7
"2025-11-18 20:15",24880,24880,24880,24880,4.25,+0.02%,1
"2025-11-18 20:00",24860.25,24875.75,24856.5,24875.75,97.75,+0.39%,5
"2025-11-18 19:45",24835.25,24835.25,24778,24778,-93.,-0.37%,4
"2025-11-18 19:15",24824.25,24871,24824.25,24871,105,+0.42%,3
"2025-11-18 19:00",24793.25,24793.25,24766,24766,-22.,-0.09%,5
"2025-11-18 18:30",24768.75,24794.25,24768.75,24788,18.25,+0.07%,17
"2025-11-18 18:15",24794,24796.25,24756.75,24769.75,-24.,-0.10%,13
"2025-11-18 18:00",24800,24800,24793.75,24793.75,-51.,-0.21%,2
"2025-11-18 17:45",24857,24857,24837,24844.75,-10.,-0.04%,29
"2025-11-18 17:30",24850.25,24861,24850.25,24854.75,13.5,+0.05%,3
"2025-11-18 17:00",24802.25,24854,24802.25,24841.25,37.75,+0.15%,10
"2025-11-18 15:45",24803.5,24803.5,24803.5,24803.5,6.25,+0.03%,1
"2025-11-18 15:30",24789.5,24797.25,24785,24797.25,-2.75,-0.01%,4
"2025-11-18 15:15",24783.5,24800,24781.75,24800,-19.25,-0.08%,4
"2025-11-18 15:00",24818,24823.25,24779.5,24819.25,-17.25,-0.07%,14
"2025-11-18 14:45",24901,24935.5,24836.5,24836.5,-75.5,-0.30%,8
"2025-11-18 14:30",24930.5,24955,24912,24912,12,+0.05%,9
"2025-11-18 14:15",24966.75,24966.75,24900,24900,-75.,-0.30%,5
"2025-11-18 14:00",25025.25,25025.25,24959,24975,-24.25,-0.10%,15
"2025-11-18 13:45",25023.75,25023.75,24968,24999.25,-2.5,-0.01%,10
"2025-11-18 13:30",24954.75,25044.75,24946,25001.75,16.25,+0.07%,18
"2025-11-18 13:15",25000,25014,24956,24985.5,-28.75,-0.11%,7
"2025-11-18 13:00",24967.75,25014.25,24960,25014.25,43.25,+0.17%,15
"2025-11-18 12:45",25025,25052.25,24971,24971,-32.75,-0.13%,22
"2025-11-18 12:30",24990,25050,24990,25003.75,-18.,-0.07%,26
"2025-11-18 12:15",24985,25021.75,24985,25021.75,-14.,-0.06%,4
"2025-11-18 12:00",25022.25,25035.75,25021,25035.75,27.25,+0.11%,10
"2025-11-18 11:45",24941.5,25033.75,24938,25008.5,61.25,+0.25%,44
"2025-11-18 11:30",24776,24978.5,24761,24947.25,151.25,+0.61%,34
"2025-11-18 11:15",24828.25,24854.25,24796,24796,-84.25,-0.34%,9
"2025-11-18 11:00",24927.5,24927.5,24870,24880.25,1,0.00%,14
"2025-11-18 10:45",24916.25,24916.25,24876,24879.25,-25.75,-0.10%,30
"2025-11-18 10:30",24900.5,24925,24894,24905,-10.,-0.04%,12
"2025-11-18 10:15",24752.5,24915,24752.5,24915,123.75,+0.50%,16
"2025-11-18 10:00",24695.5,24800,24633.5,24791.25,82.25,+0.33%,49
"2025-11-18 09:45",24742.5,24760.75,24700.75,24709,-41.25,-0.17%,36
"2025-11-18 09:30",24834.5,24834.5,24713,24750.25,-60.75,-0.24%,53
"2025-11-18 09:15",24781.5,24856.75,24696.5,24811,28.5,+0.12%,70
"2025-11-18 09:00",24745.5,24810,24686.75,24782.5,4.25,+0.02%,101
"2025-11-18 08:45",24942.5,24983.75,24778.25,24778.25,-142.75,-0.57%,53
"2025-11-18 08:30",25000.5,25082.25,24912.25,24921,-39.5,-0.16%,55
"2025-11-18 08:15",24978.25,24985.5,24957.5,24960.5,-17.75,-0.07%,9
"2025-11-18 08:00",24980,25001,24970,24978.25,-31.,-0.12%,10
"2025-11-18 07:45",24975,25015,24975,25009.25,7.75,+0.03%,4
"2025-11-18 07:30",24985,25006.75,24985,25001.5,28.5,+0.11%,5
"2025-11-18 07:15",25015,25017.75,24970.5,24973,-36.5,-0.15%,10
"2025-11-18 07:00",24973,25009.5,24973,25009.5,65,+0.26%,7
"2025-11-18 06:45",24966,24976.25,24922.25,24944.5,-35.5,-0.14%,21
"2025-11-18 06:30",24995,25005.5,24980,24980,-15.,-0.06%,3
"2025-11-18 06:15",24979.5,25013.75,24974,24995,38.75,+0.16%,8
"2025-11-18 06:00",24988,24988,24956.25,24956.25,-87.25,-0.35%,5
"2025-11-18 05:45",25043.25,25043.5,25043.25,25043.5,-1.75,-0.01%,2
"2025-11-18 05:15",25045.25,25045.25,25045.25,25045.25,-41.25,-0.16%,1
"2025-11-18 05:00",25086.5,25086.5,25086.5,25086.5,6.25,+0.02%,1
"2025-11-18 04:45",25081.25,25081.25,25080.25,25080.25,22.75,+0.09%,4
"2025-11-18 04:15",25057.5,25057.5,25057.5,25057.5,8.75,+0.03%,1
"2025-11-18 04:00",25083,25093.5,25048.75,25048.75,-46.75,-0.19%,10
"2025-11-18 03:45",25083.75,25100,25083.75,25095.5,49.75,+0.20%,4
"2025-11-18 03:30",25033,25045.75,25033,25045.75,-4.5,-0.02%,6
"2025-11-18 03:15",25046.5,25050.25,25046.5,25050.25,-11.,-0.04%,2
"2025-11-18 03:00",25061.25,25061.25,25061.25,25061.25,-1.,0.00%,1
"2025-11-18 02:45",25045,25062.25,25045,25062.25,-22.75,-0.09%,3
"2025-11-18 02:30",25030.25,25103.25,25030.25,25085,93,+0.37%,12
"2025-11-18 02:15",25001.25,25013.5,24992,24992,-9.25,-0.04%,24
"2025-11-18 02:00",24972.25,25030,24972.25,25001.25,44.75,+0.18%,10
"2025-11-18 01:45",24973.25,24973.25,24949,24956.5,-16.5,-0.07%,3
"2025-11-18 01:30",24973,24973,24973,24973,26.25,+0.11%,1
"2025-11-18 01:15",24885.75,24946.75,24875.25,24946.75,60.5,+0.24%,8
"2025-11-18 01:00",24890,24890,24860.5,24886.25,-23.5,-0.09%,13
"2025-11-18 00:45",24906,24928.5,24904.25,24909.75,8.75,+0.04%,7
"2025-11-18 00:30",24961.5,24961.5,24901,24901,-57.5,-0.23%,44
"2025-11-18 00:15",24968,24970.75,24958.5,24958.5,-9.5,-0.04%,23
"2025-11-18 00:00",24981.5,24981.5,24968,24968,4.25,+0.02%,2
"2025-11-17 23:45",25002.25,25002.25,24963.75,24963.75,-21.,-0.08%,5
"2025-11-17 23:30",24991.25,24997.25,24984.75,24984.75,-6.5,-0.03%,5
"2025-11-17 23:15",24987.25,24991.25,24984.25,24991.25,-10.,-0.04%,3
"2025-11-17 23:00",24976,25010,24944,25001.25,9.25,+0.04%,14
"2025-11-17 22:45",24948,24992,24941,24992,48,+0.19%,11
"2025-11-17 22:30",24923.25,24944.25,24922.75,24944,30.75,+0.12%,12
"2025-11-17 22:15",24976,24976,24861.75,24913.25,-67.25,-0.27%,126
"2025-11-17 22:00",25023,25030.25,24980.5,24980.5,-62.25,-0.25%,31
"2025-11-17 21:45",25040,25045,25037.5,25042.75,-45.5,-0.18%,10
"2025-11-17 21:15",25081.75,25088.5,25080.5,25088.25,12.75,+0.05%,6
"2025-11-17 21:00",25086.5,25090,25074.75,25075.5,-59.,-0.23%,16
"2025-11-17 20:45",25140,25140,25134.5,25134.5,-17.,-0.07%,2
"2025-11-17 20:30",25171,25172.5,25151.5,25151.5,-26.5,-0.11%,6
"2025-11-17 20:15",25180,25187,25170,25178,-23.75,-0.09%,5
"2025-11-17 19:30",25190,25202,25190,25201.75,-1.75,-0.01%,3
"2025-11-17 19:15",25170,25203.5,25170,25203.5,42.25,+0.17%,3
"2025-11-17 19:00",25133.5,25161.25,25133.5,25161.25,71.25,+0.28%,2
"2025-11-17 18:30",25098,25104,25090,25090,-46.,-0.18%,7
"2025-11-17 18:15",25155.75,25155.75,25130,25136,-26.,-0.10%,11
"2025-11-17 17:45",25171.25,25171.75,25162,25162,-18.75,-0.07%,4
"2025-11-17 17:15",25149.75,25180.75,25146.25,25180.75,-4.25,-0.02%,5
"2025-11-17 17:00",25205,25205,25185,25185,34.5,+0.14%,3
"2025-11-17 15:45",25149,25150.5,25149,25150.5,5.5,+0.02%,4
"2025-11-17 15:15",25165.25,25170.25,25145,25145,-15.,-0.06%,6
"2025-11-17 15:00",25148,25160,25148,25160,39.75,+0.16%,4
"2025-11-17 14:45",25065,25137,25065,25120.25,78.5,+0.31%,50
"2025-11-17 14:30",25060,25060,25019.75,25041.75,-7.75,-0.03%,7
"2025-11-17 14:15",25027.75,25055.5,25020,25049.5,11,+0.04%,9
"2025-11-17 14:00",25000,25038.5,24995.75,25038.5,3,+0.01%,44
"2025-11-17 13:45",25045,25055.75,25022,25035.5,-24.5,-0.10%,20
"2025-11-17 13:30",25140,25140,25049.5,25060,-34.75,-0.14%,8
"2025-11-17 13:15",25121.75,25127.75,25094.75,25094.75,-40.5,-0.16%,7
"2025-11-17 13:00",25156.5,25162.5,25120.5,25135.25,-23.5,-0.09%,33
"2025-11-17 12:45",25259.25,25296.75,25150,25158.75,-96.,-0.38%,21
"2025-11-17 12:30",25220,25254.75,25220,25254.75,11.5,+0.05%,8
"2025-11-17 12:15",25229,25260,25226.75,25243.25,6.75,+0.03%,29
"2025-11-17 12:00",25257.25,25257.25,25215.75,25236.5,-31.5,-0.12%,24
"2025-11-17 11:45",25312.5,25328.75,25268,25268,-68.,-0.27%,33
"2025-11-17 11:30",25360.75,25360.75,25336,25336,-76.5,-0.30%,4
"2025-11-17 11:15",25396,25412.5,25390,25412.5,-13.25,-0.05%,4
"2025-11-17 11:00",25448.5,25450,25424.75,25425.75,-29.5,-0.12%,6
"2025-11-17 10:45",25407.25,25460,25397.75,25455.25,58.5,+0.23%,16
"2025-11-17 10:30",25330.5,25410,25330.5,25396.75,66.5,+0.26%,18
"2025-11-17 10:15",25245,25330.25,25204.75,25330.25,80.25,+0.32%,29
"2025-11-17 10:00",25345,25345,25250,25250,-80.5,-0.32%,11
"2025-11-17 09:45",25380.75,25400,25330.5,25330.5,5.5,+0.02%,12
"2025-11-17 09:30",25402.5,25407.25,25325,25325,-83.5,-0.33%,17
"2025-11-17 09:15",25383,25408.5,25322,25408.5,32.25,+0.13%,16
"2025-11-17 09:00",25469.5,25469.5,25325.5,25376.25,-88.75,-0.35%,27
"2025-11-17 08:45",25455,25506,25455,25465,13,+0.05%,19
"2025-11-17 08:30",25231.5,25452,25222.25,25452,204.5,+0.81%,106
"2025-11-17 08:15",25294,25306.25,25247.5,25247.5,-54.,-0.21%,9
"2025-11-17 08:00",25303.25,25303.25,25299,25301.5,-7.5,-0.03%,7
"2025-11-17 07:45",25296.75,25309,25271.75,25309,24.5,+0.10%,21
"2025-11-17 07:30",25333,25333,25284.5,25284.5,-65.5,-0.26%,22
"2025-11-17 07:15",25340.5,25350,25340.5,25350,22.25,+0.09%,2
"2025-11-17 07:00",25384,25384,25322.25,25327.75,-59.5,-0.23%,13
"2025-11-17 06:45",25393.75,25395.75,25381.5,25387.25,-13.5,-0.05%,10
"2025-11-17 06:30",25410,25410,25400,25400.75,-16.25,-0.06%,16
"2025-11-17 06:15",25424,25428.5,25416.25,25417,-6.,-0.02%,9
"2025-11-17 06:00",25412,25423,25412,25423,-48.5,-0.19%,3
"2025-11-17 05:30",25500,25500,25471.5,25471.5,-1.,0.00%,7
"2025-11-17 05:15",25472.5,25472.5,25472.5,25472.5,11.25,+0.04%,1
"2025-11-17 05:00",25446,25461.25,25433.5,25461.25,21.25,+0.08%,10
"2025-11-17 04:45",25462.75,25462.75,25440,25440,-34.5,-0.14%,10
"2025-11-17 04:30",25472.25,25498.5,25472,25474.5,-30.5,-0.12%,5
"2025-11-17 04:15",25531.75,25531.75,25497.75,25505,-29.,-0.11%,79
"2025-11-17 04:00",25531.25,25534,25531.25,25534,-7.75,-0.03%,2
"2025-11-17 03:45",25541.75,25541.75,25541.75,25541.75,-41.,-0.16%,1
"2025-11-17 03:00",25575,25583.5,25573.75,25582.75,-37.,-0.14%,4
"2025-11-17 02:45",25619.5,25619.75,25619.5,25619.75,27.25,+0.11%,2
"2025-11-17 02:15",25592.5,25592.5,25592.5,25592.5,-7.75,-0.03%,1
"2025-11-17 02:00",25596,25600.25,25589,25600.25,15.25,+0.06%,17
"2025-11-17 01:30",25585,25585,25585,25585,-0.5,0.00%,1
"2025-11-17 01:15",25548.75,25588.5,25548.75,25585.5,53.25,+0.21%,7
"2025-11-17 01:00",25500,25532.25,25500,25532.25,32.25,+0.13%,3
"2025-11-17 00:45",25492,25500,25491,25500,1.75,+0.01%,4
"2025-11-17 00:30",25507.25,25507.25,25498.25,25498.25,-30.25,-0.12%,3
"2025-11-17 00:15",25528.5,25528.5,25528.5,25528.5,23.5,+0.09%,1
"2025-11-16 23:45",25505,25505,25505,25505,-20.,-0.08%,1
"2025-11-16 23:30",25525,25525,25525,25525,-9.75,-0.04%,1
"2025-11-16 23:15",25534.75,25534.75,25534.75,25534.75,-1.25,0.00%,1
"2025-11-16 22:30",25536,25536,25536,25536,21.5,+0.08%,1
"2025-11-16 21:45",25514.5,25514.5,25514.5,25514.5,12.5,+0.05%,1
"2025-11-16 21:30",25502,25502,25502,25502,-20.75,-0.08%,2
"2025-11-16 21:15",25524.25,25524.25,25522.75,25522.75,-2.5,-0.01%,3
"2025-11-16 21:00",25530,25530,25525.25,25525.25,22.25,+0.09%,2
"2025-11-16 20:45",25503,25503,25503,25503,34.5,+0.14%,1
"2025-11-16 20:15",25504.25,25504.5,25468.5,25468.5,-17.25,-0.07%,3
"2025-11-16 20:00",25485.75,25485.75,25485.75,25485.75,3,+0.01%,1
"2025-11-16 19:45",25482.75,25482.75,25482.75,25482.75,-16.,-0.06%,1
"2025-11-16 19:15",25500.5,25500.5,25498.75,25498.75,26,+0.10%,3
"2025-11-16 19:00",25473,25473,25472.75,25472.75,-22.,-0.09%,2
"2025-11-16 18:45",25495,25495,25494.75,25494.75,3.5,+0.01%,2
"2025-11-16 18:30",25445,25492,25445,25491.25,57.25,+0.23%,8
"2025-11-16 18:15",25382,25434,25382,25434,34,+0.13%,2
"2025-11-16 18:00",25435.75,25440.75,25400,25400,-30.,-0.12%,6
"2025-11-16 17:45",25430,25430,25430,25430,15,+0.06%,1
"2025-11-16 17:30",25402,25415,25400,25415,61.25,+0.24%,4
"2025-11-16 17:00",25382.75,25382.75,25295,25353.75,-46.25,-0.18%,28
"2025-11-14 15:45",25400,25400,25400,25400,-13.5,-0.05%,1
"2025-11-14 15:15",25405,25417.5,25405,25413.5,17,+0.07%,5
"2025-11-14 15:00",25365,25396.5,25365,25396.5,54,+0.21%,5
"2025-11-14 14:45",25370.75,25378,25336.25,25342.5,-27.75,-0.11%,15
"2025-11-14 14:30",25407.5,25411,25370.25,25370.25,-38.,-0.15%,9
"2025-11-14 14:15",25440,25440,25408.25,25408.25,-43.25,-0.17%,2
"2025-11-14 14:00",25504,25504,25451.5,25451.5,-32.,-0.13%,3
"2025-11-14 13:45",25486,25499,25483.5,25483.5,41,+0.16%,3
"2025-11-14 13:30",25445.75,25445.75,25442.5,25442.5,-11.,-0.04%,2
"2025-11-14 13:15",25462.75,25462.75,25452.5,25453.5,23.25,+0.09%,5
"2025-11-14 13:00",25416.25,25430.25,25416.25,25430.25,-2.25,-0.01%,2
"2025-11-14 12:45",25354.25,25437,25354.25,25432.5,72,+0.28%,6
"2025-11-14 12:30",25427,25427,25355.5,25360.5,-55.5,-0.22%,9
"2025-11-14 12:15",25420,25420,25385,25416,-65.,-0.26%,7
"2025-11-14 12:00",25450,25481,25386.5,25481,22.5,+0.09%,17
"2025-11-14 11:45",25497,25497,25422.25,25458.5,-44.75,-0.18%,15
"2025-11-14 11:30",25503.75,25539,25501,25503.25,5.25,+0.02%,12
"2025-11-14 11:15",25519.75,25527.75,25495,25498,-32.,-0.13%,12
"2025-11-14 11:00",25500,25550.5,25480,25530,15,+0.06%,29
"2025-11-14 10:45",25452.25,25515,25452.25,25515,37.75,+0.15%,16
"2025-11-14 10:30",25485,25520,25467,25477.25,-31.75,-0.12%,29
"2025-11-14 10:15",25400,25526.75,25400,25509,109.75,+0.43%,36
"2025-11-14 10:00",25405,25415,25345,25399.25,-0.75,0.00%,21
"2025-11-14 09:45",25343.75,25440.5,25343.5,25400,62,+0.24%,37
"2025-11-14 09:30",25276.25,25350,25254.5,25338,75.25,+0.30%,21
"2025-11-14 09:15",25186,25276.25,25176.5,25262.75,127.75,+0.51%,38
"2025-11-14 09:00",25188,25231.25,25135,25135,-76.,-0.30%,28
"2025-11-14 08:45",25100,25211,25100,25211,115.25,+0.46%,35
"2025-11-14 08:30",24989.75,25100,24898.75,25095.75,115.75,+0.46%,70
"2025-11-14 08:15",25010,25010,24980,24980,-9.,-0.04%,8
"2025-11-14 08:00",25003.75,25005.25,24989,24989,29,+0.12%,4
"2025-11-14 07:45",24915,24990,24910,24960,32,+0.13%,18
"2025-11-14 07:30",24943.75,24976.75,24928,24928,-26.,-0.10%,21
"2025-11-14 07:15",24980,24980,24928.5,24954,-24.25,-0.10%,16
"2025-11-14 07:00",24985,24987.75,24978.25,24978.25,-1.75,-0.01%,5
"2025-11-14 06:45",24960,24994,24960,24980,27.25,+0.11%,10
"2025-11-14 06:30",25011.5,25011.5,24928.25,24952.75,-73.75,-0.29%,18
"2025-11-14 06:15",25016,25026.5,24993,25026.5,16.5,+0.07%,55
"2025-11-14 06:00",25046,25046,25010,25010,-73.,-0.29%,9
"2025-11-14 05:45",25063.5,25083,25040.25,25083,20,+0.08%,12
"2025-11-14 05:30",25094.75,25094.75,25063,25063,-32.5,-0.13%,4
"2025-11-14 05:15",25115.25,25115.25,25079.75,25095.5,-28.,-0.11%,15
"2025-11-14 05:00",25155,25155,25123.5,25123.5,-120.75,-0.48%,8
"2025-11-14 04:30",25233.75,25252.5,25233.75,25244.25,11.75,+0.05%,4
"2025-11-14 04:15",25232.5,25232.5,25232.5,25232.5,21,+0.08%,1
"2025-11-14 04:00",25211.5,25211.5,25211.5,25211.5,11.5,+0.05%,1
"2025-11-14 03:45",25198.25,25218,25198.25,25200,-20.5,-0.08%,4
"2025-11-14 03:30",25213.25,25220.75,25213.25,25220.5,-39.5,-0.16%,3
"2025-11-14 03:00",25270.5,25270.5,25260,25260,18.75,+0.07%,2
"2025-11-14 02:45",25177.75,25241.25,25174.5,25241.25,66.5,+0.26%,3
"2025-11-14 02:30",25214,25218,25171.25,25174.75,-81.5,-0.32%,5
"2025-11-14 01:45",25249.5,25256.25,25248.5,25256.25,21,+0.08%,3
"2025-11-14 01:30",25245.5,25246.5,25231,25235.25,9.75,+0.04%,30
"2025-11-14 01:15",25220,25240,25206,25225.5,-49.5,-0.20%,11
"2025-11-14 01:00",25317.5,25317.5,25265,25275,-52.5,-0.21%,8
"2025-11-14 00:45",25315.5,25327.5,25315,25327.5,42.5,+0.17%,3
"2025-11-14 00:30",25265,25285,25265,25285,-23.25,-0.09%,6
"2025-11-14 00:15",25310.75,25310.75,25308.25,25308.25,-37.,-0.15%,3
"2025-11-14 00:00",25360,25360,25338.25,25345.25,-14.75,-0.06%,7
"2025-11-13 23:45",25360,25360,25360,25360,50.25,+0.20%,3
"2025-11-13 23:30",25309.75,25309.75,25309.75,25309.75,-6.5,-0.03%,1
"2025-11-13 23:15",25250,25316.25,25250,25316.25,53.25,+0.21%,12
"2025-11-13 23:00",25295,25295,25263,25263,-27.,-0.11%,9
"2025-11-13 22:45",25332.5,25336,25290,25290,-22.5,-0.09%,6
"2025-11-13 22:30",25310.75,25334.25,25307.25,25312.5,-11.25,-0.04%,17
"2025-11-13 22:15",25348,25348,25321.25,25323.75,-21.25,-0.08%,12
"2025-11-13 22:00",25340,25345,25340,25345,-2.75,-0.01%,2
"2025-11-13 21:45",25372.75,25372.75,25347.75,25347.75,-35.75,-0.14%,5
"2025-11-13 21:30",25395,25395,25383.5,25383.5,-1.5,-0.01%,2
"2025-11-13 21:00",25400,25400,25380,25385,-5.,-0.02%,5
"2025-11-13 20:45",25398.25,25398.25,25390,25390,-8.,-0.03%,2
"2025-11-13 20:30",25404,25404,25398,25398,3,+0.01%,5
"2025-11-13 20:15",25395,25395,25395,25395,1.5,+0.01%,1
"2025-11-13 20:00",25385.75,25393.5,25379.5,25393.5,25.75,+0.10%,4
"2025-11-13 19:45",25367.75,25367.75,25367.75,25367.75,-22.25,-0.09%,2
"2025-11-13 19:30",25392,25395,25390,25390,11.25,+0.04%,4
"2025-11-13 19:15",25387,25390.5,25378.75,25378.75,-12.25,-0.05%,4
"2025-11-13 19:00",25369,25395,25369,25391,21,+0.08%,6
"2025-11-13 18:45",25368,25370,25368,25370,-21.5,-0.08%,3
"2025-11-13 18:30",25391.5,25391.5,25391.5,25391.5,26.5,+0.10%,2
"2025-11-13 18:00",25365.25,25365.25,25365,25365,-0.25,0.00%,2
"2025-11-13 17:45",25381.5,25381.5,25365,25365.25,-20.5,-0.08%,4
"2025-11-13 17:30",25385.75,25385.75,25385.75,25385.75,12,+0.05%,1
"2025-11-13 17:15",25379,25379,25373.75,25373.75,-1.25,0.00%,2
"2025-11-13 17:00",25372.5,25403.5,25372.5,25375,29,+0.11%,8
"2025-11-13 15:45",25345,25346,25345,25346,-24.25,-0.10%,4
"2025-11-13 15:30",25372.75,25372.75,25361,25370.25,-11.,-0.04%,3
"2025-11-13 15:15",25379.75,25381.25,25377.75,25381.25,-24.25,-0.10%,6
"2025-11-13 15:00",25400,25408,25390.25,25405.5,51.5,+0.20%,9
"2025-11-13 14:45",25350,25354,25301.25,25354,-16.5,-0.07%,6
"2025-11-13 14:30",25350.75,25400,25335.5,25370.5,49.25,+0.19%,16
"2025-11-13 14:15",25329.25,25329.25,25296.5,25321.25,0.25,0.00%,13
"2025-11-13 14:00",25309,25330,25309,25321,8.75,+0.03%,8
"2025-11-13 13:45",25340.5,25340.5,25264.25,25312.25,-18.,-0.07%,15
"2025-11-13 13:30",25382.25,25391.5,25330.25,25330.25,-44.75,-0.18%,23
"2025-11-13 13:15",25307.25,25375,25307.25,25375,92.75,+0.37%,9
"2025-11-13 13:00",25340,25340,25282.25,25282.25,-34.75,-0.14%,33
"2025-11-13 12:45",25322,25326,25308,25317,-0.25,0.00%,11
"2025-11-13 12:30",25323.25,25323.25,25275,25317.25,-19.5,-0.08%,15
"2025-11-13 12:15",25370,25383,25336.75,25336.75,-73.25,-0.29%,7
"2025-11-13 12:00",25400.25,25423.5,25389,25410,-17.,-0.07%,5
"2025-11-13 11:45",25433.75,25433.75,25411,25427,-42.5,-0.17%,5
"2025-11-13 11:30",25510,25510,25460,25469.5,-30.5,-0.12%,11
"2025-11-13 11:15",25454.25,25500,25454.25,25500,69.5,+0.27%,7
"2025-11-13 11:00",25453.25,25493,25420,25430.5,-22.,-0.09%,16
"2025-11-13 10:45",25430,25477.75,25424.5,25452.5,24.25,+0.10%,15
"2025-11-13 10:30",25494,25515.25,25428.25,25428.25,-44.25,-0.17%,19
"2025-11-13 10:15",25500.25,25501.25,25450,25472.5,2.5,+0.01%,26
"2025-11-13 10:00",25506.5,25520.75,25469,25470,-43.25,-0.17%,11
"2025-11-13 09:45",25549,25549,25455.75,25513.25,-38.5,-0.15%,49
"2025-11-13 09:30",25636.75,25636.75,25551.75,25551.75,-98.5,-0.38%,17
"2025-11-13 09:15",25740,25754.5,25650,25650.25,-76.25,-0.30%,19
"2025-11-13 09:00",25674,25730.5,25607.25,25726.5,78.5,+0.31%,16
"2025-11-13 08:45",25555,25680,25555,25648,96,+0.38%,46
"2025-11-13 08:30",25757,25757,25552,25552,-177.5,-0.69%,103
"2025-11-13 08:15",25730,25756.5,25729.5,25729.5,11.75,+0.05%,8
"2025-11-13 08:00",25757.75,25762.75,25700,25717.75,-50.,-0.19%,14
"2025-11-13 07:45",25780,25795,25767.75,25767.75,-15.25,-0.06%,4
"2025-11-13 07:30",25805.75,25805.75,25775,25783,-42.,-0.16%,11
"2025-11-13 07:15",25845,25845,25825,25825,-14.25,-0.06%,2
"2025-11-13 07:00",25839.25,25839.25,25839,25839.25,-40.75,-0.16%,3
"2025-11-13 06:30",25875.25,25880,25875.25,25880,51.25,+0.20%,2
"2025-11-13 06:00",25833.75,25833.75,25828.75,25828.75,-28.,-0.11%,2
"2025-11-13 05:45",25856.75,25856.75,25856.75,25856.75,9.5,+0.04%,1
"2025-11-13 05:30",25837.5,25847.25,25829.25,25847.25,-39.75,-0.15%,6
"2025-11-13 05:00",25887,25887,25887,25887,5.5,+0.02%,1
"2025-11-13 04:30",25885.25,25885.25,25881.5,25881.5,16.75,+0.06%,3
"2025-11-13 04:15",25864.75,25864.75,25864.75,25864.75,6,+0.02%,1
"2025-11-13 04:00",25858.75,25858.75,25858.75,25858.75,28.25,+0.11%,1
"2025-11-13 03:45",25840.5,25840.5,25830.5,25830.5,22.75,+0.09%,2
"2025-11-13 03:30",25825.5,25830.5,25799.5,25807.75,-43.25,-0.17%,15
"2025-11-13 03:15",25855.75,25860.75,25851,25851,-17.,-0.07%,3
"2025-11-13 03:00",25894.75,25894.75,25862.5,25868,-77.25,-0.30%,8
"2025-11-13 02:30",25945.25,25945.25,25945.25,25945.25,10.5,+0.04%,1
"2025-11-13 02:15",25921,25938,25919,25934.75,-0.75,0.00%,4
"2025-11-13 01:45",25950.75,25950.75,25935.5,25935.5,-30.5,-0.12%,3
"2025-11-13 01:30",25987.25,25987.25,25966,25966,-15.5,-0.06%,2
"2025-11-13 01:15",25981.5,25981.5,25981.5,25981.5,5.75,+0.02%,1
"2025-11-13 00:30",25975.75,25975.75,25975.75,25975.75,-1.5,-0.01%,1
"2025-11-12 23:15",25976,25977.25,25976,25977.25,19.25,+0.07%,2
"2025-11-12 22:45",25958,25958,25958,25958,8,+0.03%,1
"2025-11-12 22:30",25940.25,25950,25940.25,25950,18,+0.07%,3
"2025-11-12 21:45",25932,25932,25932,25932,-13.,-0.05%,1
"2025-11-12 21:30",25950,25950,25945,25945,5,+0.02%,2
"2025-11-12 21:15",25940,25940,25940,25940,32.25,+0.12%,1
"2025-11-12 21:00",25915,25915,25907.75,25907.75,-20.75,-0.08%,2
"2025-11-12 20:45",25924.25,25928.5,25924.25,25928.5,-11.5,-0.04%,2
"2025-11-12 20:30",25940,25940,25940,25940,-21.5,-0.08%,1
"2025-11-12 20:15",25961.5,25961.5,25961.5,25961.5,12.5,+0.05%,1
"2025-11-12 20:00",25964.25,25964.25,25949,25949,-5.5,-0.02%,2
"2025-11-12 19:45",25954.25,25954.5,25954.25,25954.5,-15.,-0.06%,2
"2025-11-12 19:30",25971,25971,25969.5,25969.5,16.5,+0.06%,2
"2025-11-12 19:15",25953.75,25970,25946,25953,-10.,-0.04%,19
"2025-11-12 19:00",25860,25979.5,25860,25963,138,+0.53%,18
"2025-11-12 18:45",25825,25825,25825,25825,-8.,-0.03%,1
"2025-11-12 18:30",25833,25833,25833,25833,-17.,-0.07%,1
"2025-11-12 18:00",25818.75,25850,25818.75,25850,72,+0.28%,4
"2025-11-12 17:45",25776,25778,25775.75,25778,-22.,-0.09%,7
"2025-11-12 17:30",25810,25810,25800,25800,-6.25,-0.02%,2
"2025-11-12 17:00",25845,25845,25806.25,25806.25,-108.75,-0.42%,3
"2025-11-12 15:00",25895,25915,25895,25915,36.75,+0.14%,3
"2025-11-12 14:45",25874.25,25907,25854.25,25878.25,-12.,-0.05%,24
"2025-11-12 14:30",25876.25,25890.25,25870.5,25890.25,22.5,+0.09%,6
"2025-11-12 14:15",25867.75,25867.75,25867.75,25867.75,43.5,+0.17%,1
"2025-11-12 14:00",25824.25,25824.25,25824.25,25824.25,-18.,-0.07%,2
"2025-11-12 13:45",25855.5,25855.5,25830,25842.25,-9.75,-0.04%,3
"2025-11-12 13:30",25818,25852,25818,25852,-1.,0.00%,5
"2025-11-12 13:15",25850,25860,25844.75,25853,-27.,-0.10%,7
"2025-11-12 12:45",25869.75,25880,25869.75,25880,-2.5,-0.01%,3
"2025-11-12 12:30",25885,25896.75,25870,25882.5,7.5,+0.03%,8
"2025-11-12 12:15",25880,25889.75,25870,25875,13.75,+0.05%,10
"2025-11-12 12:00",25872.5,25878,25850,25861.25,-18.5,-0.07%,14
"2025-11-12 11:45",25865.5,25879.75,25819,25879.75,10,+0.04%,15
"2025-11-12 11:30",25825,25891.25,25825,25869.75,61.25,+0.24%,23
"2025-11-12 11:15",25832.75,25835.75,25788.75,25808.5,-17.5,-0.07%,20
"2025-11-12 11:00",25785.25,25826,25785.25,25826,31,+0.12%,7
"2025-11-12 10:45",25801.75,25814.25,25759,25795,-32.,-0.12%,23
"2025-11-12 10:30",25868.25,25868.25,25820,25827,-9.75,-0.04%,11
"2025-11-12 10:15",25775,25836.75,25775,25836.75,74.25,+0.29%,15
"2025-11-12 10:00",25813.5,25819.75,25762.5,25762.5,-56.25,-0.22%,25
"2025-11-12 09:45",25846.75,25846.75,25803.25,25818.75,-36.5,-0.14%,22
"2025-11-12 09:30",25877.75,25885,25801,25855.25,-25.75,-0.10%,21
"2025-11-12 09:15",25857.75,25881,25840,25881,28,+0.11%,36
"2025-11-12 09:00",25849.75,25916.75,25849.75,25853,-0.75,0.00%,46
"2025-11-12 08:45",25912,25912,25833,25853.75,-56.25,-0.22%,62
"2025-11-12 08:30",26023,26023,25910,25910,-140.,-0.54%,31
"2025-11-12 08:15",26047,26050,26047,26050,-18.,-0.07%,2
"2025-11-12 07:30",26060,26068,26060,26068,-5.75,-0.02%,2
"2025-11-12 07:00",26059,26073.75,26059,26073.75,17.5,+0.07%,3
"2025-11-12 06:45",26043.25,26056.25,26043.25,26056.25,-4.75,-0.02%,2
"2025-11-12 06:30",26062.25,26063,26058.5,26061,-1.25,0.00%,5
"2025-11-12 06:15",26050.75,26062.25,26050.75,26062.25,17.25,+0.07%,4
"2025-11-12 06:00",25994.5,26054.5,25994.5,26045,45,+0.17%,21
"2025-11-12 05:45",26011.5,26011.5,26000,26000,-23.5,-0.09%,3
"2025-11-12 05:30",26023.5,26023.5,26023.5,26023.5,-32.75,-0.13%,1
"2025-11-12 04:45",26056.25,26056.25,26056.25,26056.25,4.75,+0.02%,2
"2025-11-12 04:30",26071.5,26071.5,26051.25,26051.5,-24.25,-0.09%,5
"2025-11-12 04:15",26086.25,26086.25,26073,26075.75,-8.5,-0.03%,5
"2025-11-12 04:00",26084.25,26084.25,26084.25,26084.25,-7.75,-0.03%,1
"2025-11-12 03:30",26074.5,26092,26074.5,26092,20.5,+0.08%,8
"2025-11-12 03:15",26060,26071.5,26060,26071.5,30.5,+0.12%,4
"2025-11-12 02:00",26041,26041,26041,26041,-12.,-0.05%,1
"2025-11-12 01:45",26053,26053,26053,26053,-24.75,-0.09%,1
"2025-11-12 01:30",26059,26077.75,26059,26077.75,19.75,+0.08%,8
"2025-11-12 01:15",26049,26058,26041,26058,12.75,+0.05%,8
"2025-11-12 01:00",26043,26045.25,26043,26045.25,16,+0.06%,3
"2025-11-12 00:30",26029.25,26029.25,26029.25,26029.25,2.5,+0.01%,2
"2025-11-12 00:15",26019.75,26026.75,26019.75,26026.75,6.75,+0.03%,2
"2025-11-12 00:00",26020,26020,26020,26020,5,+0.02%,1
"2025-11-11 23:45",26013.25,26015,26011.75,26015,15,+0.06%,3
"2025-11-11 23:30",26000,26000,26000,26000,4,+0.02%,1
"2025-11-11 23:15",25996,25996,25996,25996,8.25,+0.03%,3
"2025-11-11 23:00",25987.75,25987.75,25987.75,25987.75,17.75,+0.07%,1
"2025-11-11 22:30",25971.75,25971.75,25970,25970,-14.25,-0.05%,3
"2025-11-11 22:00",25984.25,25984.25,25984.25,25984.25,-16.5,-0.06%,1
"2025-11-11 21:45",26000.75,26000.75,26000.75,26000.75,19.5,+0.08%,1
"2025-11-11 21:30",25981.25,25981.25,25981.25,25981.25,1.25,0.00%,1
"2025-11-11 21:15",25980,25980,25980,25980,-7.5,-0.03%,1
"2025-11-11 21:00",25987.5,25987.5,25987.5,25987.5,4.5,+0.02%,1
"2025-11-11 20:45",25980,25983,25980,25983,-41.25,-0.16%,2
"2025-11-11 20:15",26018.25,26024.25,26018.25,26024.25,5.75,+0.02%,2
"2025-11-11 20:00",26000.25,26018.5,25997.25,26018.5,16,+0.06%,11
"2025-11-11 19:45",26000,26002.5,26000,26002.5,22.5,+0.09%,3
"2025-11-11 19:15",25980,25980,25976.75,25980,0,0.00%,3
"2025-11-11 19:00",25969.75,25980,25964.25,25980,36.25,+0.14%,5
"2025-11-11 18:45",25952,25955,25943.75,25943.75,-1.25,0.00%,3
"2025-11-11 18:30",25942.75,25945,25942.75,25945,8.75,+0.03%,2
"2025-11-11 18:15",25936.25,25936.25,25936.25,25936.25,0,0.00%,3
"2025-11-11 18:00",25936.25,25936.25,25936.25,25936.25,11.25,+0.04%,1
"2025-11-11 17:30",25925,25925,25925,25925,0.25,0.00%,1
"2025-11-11 17:15",25908.5,25924.75,25908.5,25924.75,-15.25,-0.06%,5
"2025-11-11 15:15",25940,25940,25940,25940,4,+0.02%,1
"2025-11-11 15:00",25926,25936,25926,25936,46,+0.18%,2
"2025-11-11 14:45",25922,25950,25888.25,25890,-32.25,-0.12%,18
"2025-11-11 14:30",25912.5,25926,25909.5,25922.25,2,+0.01%,6
"2025-11-11 14:15",25917.25,25923.75,25917.25,25920.25,-12.,-0.05%,3
"2025-11-11 14:00",25933.5,25933.5,25932.25,25932.25,7.75,+0.03%,2
"2025-11-11 13:45",25913.5,25931,25913.5,25924.5,9,+0.03%,5
"2025-11-11 13:30",25934.25,25934.25,25915.5,25915.5,-5.5,-0.02%,7
"2025-11-11 13:15",25918.5,25925.5,25917.75,25921,6.5,+0.03%,4
"2025-11-11 13:00",25941,25941,25910.75,25914.5,-43.75,-0.17%,7
"2025-11-11 12:45",25920.25,25958.25,25920.25,25958.25,45.75,+0.18%,10
"2025-11-11 12:30",25907,25922,25867.25,25912.5,7.75,+0.03%,20
"2025-11-11 12:15",25918.5,25932.5,25897.25,25904.75,4.5,+0.02%,15
"2025-11-11 12:00",25893.25,25901,25893.25,25900.25,15.25,+0.06%,5
"2025-11-11 11:45",25847.75,25889.5,25843,25885,40,+0.15%,22
"2025-11-11 11:30",25830.25,25845,25830.25,25845,20.5,+0.08%,3
"2025-11-11 11:15",25839.75,25858,25824.5,25824.5,20,+0.08%,12
"2025-11-11 11:00",25793,25825.5,25793,25804.5,34.5,+0.13%,19
"2025-11-11 10:45",25791.5,25799.75,25770,25770,-6.,-0.02%,5
"2025-11-11 10:30",25742.5,25795.75,25742.5,25776,3,+0.01%,17
"2025-11-11 10:15",25803,25844.5,25770,25773,-21.25,-0.08%,18
"2025-11-11 10:00",25776,25794.25,25776,25794.25,16.5,+0.06%,3
"2025-11-11 09:45",25776.75,25780.75,25750,25777.75,-19.25,-0.07%,10
"2025-11-11 09:30",25800,25800,25767,25797,-27.5,-0.11%,10
"2025-11-11 09:15",25833,25833,25798,25824.5,-15.5,-0.06%,11
"2025-11-11 09:00",25873,25878.75,25815.5,25840,-49.5,-0.19%,23
"2025-11-11 08:45",25878,25889.5,25832,25889.5,38.5,+0.15%,14
"2025-11-11 08:30",25878.5,25903,25851,25851,-36.25,-0.14%,16
"2025-11-11 08:15",25876,25887.25,25874.75,25887.25,31.75,+0.12%,6
"2025-11-11 08:00",25858.25,25858.5,25855.5,25855.5,6.5,+0.03%,3
"2025-11-11 07:45",25859.25,25859.25,25849,25849,-17.,-0.07%,3
"2025-11-11 07:30",25865.75,25872,25865.75,25866,23.5,+0.09%,5
"2025-11-11 07:15",25880.75,25880.75,25839.5,25842.5,-33.5,-0.13%,7
"2025-11-11 07:00",25876,25876,25876,25876,19,+0.07%,1
"2025-11-11 06:45",25854.25,25857,25849.25,25857,0.5,0.00%,9
"2025-11-11 06:30",25864.75,25864.75,25845.75,25856.5,-33.5,-0.13%,11
"2025-11-11 06:00",25890,25890,25890,25890,12.75,+0.05%,1
"2025-11-11 05:45",25879,25879,25877.25,25877.25,-2.75,-0.01%,2
"2025-11-11 05:30",25880,25880,25880,25880,-14.5,-0.06%,1
"2025-11-11 05:15",25902.25,25909.25,25894.5,25894.5,-1.5,-0.01%,11
"2025-11-11 05:00",25896,25896,25896,25896,6,+0.02%,1
"2025-11-11 04:30",25894.5,25894.5,25890,25890,9.75,+0.04%,2
"2025-11-11 04:15",25880.25,25880.25,25880.25,25880.25,13.25,+0.05%,1
"2025-11-11 03:45",25885,25885,25866.25,25867,-0.5,0.00%,6
"2025-11-11 03:30",25870.75,25873,25867.5,25867.5,-26.25,-0.10%,9
"2025-11-11 03:15",25893.75,25893.75,25893.75,25893.75,-22.75,-0.09%,1
"2025-11-11 03:00",25890,25916.5,25890,25916.5,18.5,+0.07%,3
"2025-11-11 02:30",25901,25901,25898,25898,-7.,-0.03%,3
"2025-11-11 02:15",25905,25905,25905,25905,-18.,-0.07%,1
"2025-11-11 01:15",25923,25923,25923,25923,-32.,-0.12%,1
"2025-11-11 00:15",25955,25955,25955,25955,20,+0.08%,1
"2025-11-11 00:00",25918,25935,25918,25935,13,+0.05%,5
"2025-11-10 23:45",25930,25930,25918,25922,-6.,-0.02%,6
"2025-11-10 23:30",25938.25,25938.25,25928,25928,3,+0.01%,3
"2025-11-10 23:15",25935,25935,25925,25925,-8.,-0.03%,5
"2025-11-10 23:00",25940,25940,25933,25933,-44.,-0.17%,5
"2025-11-10 22:45",25977,25977,25977,25977,-11.,-0.04%,1
"2025-11-10 22:30",25989.75,25989.75,25988,25988,15,+0.06%,2
"2025-11-10 22:15",25986.25,25986.25,25973,25973,-15.,-0.06%,11
"2025-11-10 22:00",25980,25988,25980,25988,-18.5,-0.07%,5
"2025-11-10 21:45",25993,26006.5,25993,26006.5,16.5,+0.06%,2
"2025-11-10 21:30",25988,25990,25987,25990,0,0.00%,4
"2025-11-10 21:15",25990,25992.25,25990,25990,-14.5,-0.06%,6
"2025-11-10 21:00",26004.5,26004.5,26004.5,26004.5,-4.,-0.02%,4
"2025-11-10 20:45",26008,26008.5,26008,26008.5,-0.5,0.00%,2
"2025-11-10 20:30",25990,26009,25990,26009,10.25,+0.04%,2
"2025-11-10 20:15",25998.75,25998.75,25998.75,25998.75,-2.75,-0.01%,1
"2025-11-10 20:00",25985.75,26017,25985.5,26001.5,-20.75,-0.08%,5
"2025-11-10 19:30",26022.25,26022.25,26022.25,26022.25,-3.25,-0.01%,2
"2025-11-10 19:15",26025.5,26025.5,26025.5,26025.5,14,+0.05%,1
"2025-11-10 19:00",26010.75,26011.5,26009,26011.5,13.25,+0.05%,5
"2025-11-10 18:45",25998.25,25998.25,25998.25,25998.25,-14.75,-0.06%,1
"2025-11-10 18:30",26013,26013,26013,26013,24.25,+0.09%,1
"2025-11-10 17:15",25988.75,25988.75,25988.75,25988.75,14.75,+0.06%,1
"2025-11-10 17:00",25985.25,25985.25,25974,25974,-25.,-0.10%,2
"2025-11-10 15:15",25999,25999,25999,25999,-1.,0.00%,1
"2025-11-10 15:00",26000,26000,26000,26000,20,+0.08%,2
"2025-11-10 14:45",26015,26025.25,25980,25980,-11.,-0.04%,21
"2025-11-10 14:30",25970,25999,25970,25991,8.75,+0.03%,11
"2025-11-10 14:15",25974,25982.25,25970,25982.25,-6.75,-0.03%,8
"2025-11-10 14:00",25979,25990,25979,25989,20.25,+0.08%,6
"2025-11-10 13:45",25968.75,25977.75,25967,25968.75,8.25,+0.03%,8
"2025-11-10 13:30",25955.5,25962,25945,25960.5,5.25,+0.02%,8
"2025-11-10 13:15",25934,25955.25,25933.75,25955.25,30.25,+0.12%,17
"2025-11-10 13:00",25930.25,25933.75,25925,25925,1,0.00%,7
"2025-11-10 12:45",25936.5,25936.5,25924,25924,-3.75,-0.01%,4
"2025-11-10 12:30",25920,25932,25920,25927.75,22.75,+0.09%,3
"2025-11-10 12:15",25920,25920,25905,25905,-7.75,-0.03%,9
"2025-11-10 12:00",25899.25,25915.25,25899.25,25912.75,20.5,+0.08%,15
"2025-11-10 11:45",25867.75,25892.25,25867.75,25892.25,33.75,+0.13%,8
"2025-11-10 11:30",25827.25,25875.5,25827.25,25858.5,38.5,+0.15%,6
"2025-11-10 11:15",25813.25,25820,25813.25,25820,37.75,+0.15%,9
"2025-11-10 11:00",25783,25826,25779.25,25782.25,-2.,-0.01%,21
"2025-11-10 10:45",25727,25784.25,25727,25784.25,57.25,+0.22%,12
"2025-11-10 10:30",25773,25775.5,25727,25727,-26.25,-0.10%,12
"2025-11-10 10:15",25765,25780,25750.25,25753.25,-28.25,-0.11%,6
"2025-11-10 10:00",25775,25797.5,25740,25781.5,-3.,-0.01%,37
"2025-11-10 09:45",25876.25,25880,25784.5,25784.5,-141.75,-0.55%,51
"2025-11-10 09:30",25920.75,25926.25,25920.75,25926.25,4.5,+0.02%,5
"2025-11-10 09:15",25890,25928,25878.25,25921.75,34.5,+0.13%,12
"2025-11-10 09:00",25898,25908.25,25887.25,25887.25,-12.75,-0.05%,6
"2025-11-10 08:45",25898.75,25900,25857.75,25900,7,+0.03%,25
"2025-11-10 08:30",25817,25900.5,25817,25893,93.25,+0.36%,46
"2025-11-10 08:15",25791.25,25808.75,25791.25,25799.75,5.75,+0.02%,4
"2025-11-10 08:00",25794,25794,25794,25794,-27.25,-0.11%,1
"2025-11-10 07:45",25796.75,25821.25,25796.75,25821.25,14.25,+0.06%,11
"2025-11-10 07:30",25815,25816.25,25800,25807,-3.,-0.01%,6
"2025-11-10 07:15",25810,25810,25810,25810,5.5,+0.02%,1
"2025-11-10 07:00",25808.75,25808.75,25797.25,25804.5,-5.5,-0.02%,7
"2025-11-10 06:45",25798,25810,25798,25810,17,+0.07%,2
"2025-11-10 06:30",25793,25793,25793,25793,5,+0.02%,1
"2025-11-10 06:15",25784.75,25788,25784.75,25788,-16.,-0.06%,2
"2025-11-10 06:00",25804,25804,25804,25804,-4.,-0.02%,1
"2025-11-10 05:45",25798.5,25808,25798.5,25808,30.5,+0.12%,8
"2025-11-10 05:15",25780.75,25788,25777.5,25777.5,-12.5,-0.05%,7
"2025-11-10 05:00",25799.75,25803.75,25790,25790,-14.,-0.05%,3
"2025-11-10 04:45",25798,25804,25798,25804,-12.25,-0.05%,3
"2025-11-10 04:00",25816.25,25816.25,25816.25,25816.25,-0.25,0.00%,1
"2025-11-10 03:45",25810.75,25819.25,25810.75,25816.5,16,+0.06%,42
"2025-11-10 03:30",25805.25,25806,25797.5,25800.5,-0.75,0.00%,5
"2025-11-10 03:15",25810,25831,25801.25,25801.25,-8.25,-0.03%,15
"2025-11-10 03:00",25788.75,25809.5,25788.75,25809.5,12.5,+0.05%,13
"2025-11-10 02:45",25781,25797,25781,25797,20.25,+0.08%,6
"2025-11-10 02:30",25766,25776.75,25766,25776.75,38.75,+0.15%,5
"2025-11-10 02:15",25736,25738,25736,25738,11.5,+0.04%,2
"2025-11-10 02:00",25737.5,25737.5,25726.5,25726.5,-31.5,-0.12%,11
"2025-11-10 01:45",25758,25758,25758,25758,-0.25,0.00%,4
"2025-11-10 01:30",25749.25,25758.25,25742,25758.25,17,+0.07%,13
"2025-11-10 01:15",25741.25,25741.25,25741.25,25741.25,-5.25,-0.02%,1
"2025-11-10 01:00",25729,25746.5,25729,25746.5,-17.75,-0.07%,2
"2025-11-10 00:45",25765,25765,25764.25,25764.25,20,+0.08%,2
"2025-11-10 00:30",25745,25745,25744.25,25744.25,10.25,+0.04%,2
"2025-11-10 00:15",25734,25734,25734,25734,-15.5,-0.06%,1
"2025-11-10 00:00",25749.5,25749.5,25749.5,25749.5,-2.25,-0.01%,1
"2025-11-09 23:45",25746,25752.5,25740,25751.75,12.75,+0.05%,5
"2025-11-09 23:30",25739,25739,25739,25739,-16.,-0.06%,1
"2025-11-09 23:15",25754.5,25755,25754.5,25755,5,+0.02%,4
"2025-11-09 23:00",25745,25750,25745,25750,25,+0.10%,3
"2025-11-09 22:45",25725,25725,25725,25725,0,0.00%,1
"2025-11-09 22:30",25734,25734,25725,25725,2.25,+0.01%,2
"2025-11-09 22:15",25722.75,25722.75,25722.75,25722.75,-21.25,-0.08%,1
"2025-11-09 22:00",25744,25744,25744,25744,11.75,+0.05%,1
"2025-11-09 21:45",25732.5,25732.5,25732.25,25732.25,-14.75,-0.06%,2
"2025-11-09 21:30",25742,25747,25742,25747,13.25,+0.05%,3
"2025-11-09 21:15",25728.25,25733.75,25728.25,25733.75,18.75,+0.07%,5
"2025-11-09 21:00",25715,25715,25715,25715,8.5,+0.03%,1
"2025-11-09 20:45",25706.5,25706.5,25706.5,25706.5,6.5,+0.03%,1
"2025-11-09 20:30",25684.5,25700,25684.5,25700,18.25,+0.07%,4
"2025-11-09 20:15",25685,25685,25681.75,25681.75,-3.25,-0.01%,4
"2025-11-09 20:00",25687.5,25690,25685,25685,-10.,-0.04%,4
"2025-11-09 19:45",25649.5,25695,25649.5,25695,42.25,+0.16%,7
"2025-11-09 19:30",25642.5,25652.75,25636,25652.75,7.75,+0.03%,3
"2025-11-09 19:15",25641,25656.75,25635,25645,6.5,+0.03%,10
"2025-11-09 19:00",25610,25638.5,25610,25638.5,38.5,+0.15%,6
"2025-11-09 18:45",25562,25600,25562,25600,34.5,+0.13%,4
"2025-11-09 18:30",25580,25582.75,25565.5,25565.5,-9.5,-0.04%,4
"2025-11-09 18:15",25585,25585,25565,25575,3,+0.01%,3
"2025-11-09 18:00",25578,25578,25525.25,25572,-27.,-0.11%,17
"2025-11-09 17:45",25581,25610,25581,25599,22,+0.09%,6
"2025-11-09 17:30",25561.5,25581.5,25557,25577,15.5,+0.06%,8
"2025-11-09 17:15",25593,25593,25561.5,25561.5,-24.5,-0.10%,8
"2025-11-09 17:00",25566.75,25627,25566.75,25586,115.5,+0.45%,32
"2025-11-07 15:45",25475,25480.5,25470.5,25470.5,10.5,+0.04%,4
"2025-11-07 15:30",25460,25460,25460,25460,8.25,+0.03%,1
"2025-11-07 15:15",25473.5,25473.5,25451.75,25451.75,-8.25,-0.03%,6
"2025-11-07 15:00",25429,25460,25425.75,25460,35,+0.14%,9
"2025-11-07 14:45",25356.25,25425,25327.5,25425,68.75,+0.27%,63
"2025-11-07 14:30",25350,25356.75,25340,25356.25,41.5,+0.16%,16
"2025-11-07 14:15",25344.5,25344.5,25287.5,25314.75,-53.,-0.21%,10
"2025-11-07 14:00",25366.5,25378.25,25320,25367.75,13.25,+0.05%,22
"2025-11-07 13:45",25340,25354.5,25305.75,25354.5,4.5,+0.02%,17
"2025-11-07 13:30",25224.75,25350,25224.5,25350,143.75,+0.57%,38
"2025-11-07 13:15",25196.75,25212,25196.75,25206.25,13,+0.05%,7
"2025-11-07 13:00",25168.5,25196.5,25166.5,25193.25,-0.5,0.00%,14
"2025-11-07 12:45",25164.5,25193.75,25115,25193.75,6.75,+0.03%,26
"2025-11-07 12:30",25178,25201.5,25148,25187,23,+0.09%,30
"2025-11-07 12:15",25129.5,25166.75,25110,25164,44.25,+0.18%,26
"2025-11-07 12:00",25108,25120,25075.75,25119.75,38.75,+0.15%,31
"2025-11-07 11:45",25065.75,25094,25020,25081,12,+0.05%,19
"2025-11-07 11:30",25101.5,25101.5,25055,25069,-1.5,-0.01%,13
"2025-11-07 11:15",25048.75,25108,25039.25,25070.5,49.25,+0.20%,23
"2025-11-07 11:00",24986,25021.25,24960.75,25021.25,49,+0.20%,10
"2025-11-07 10:45",25023.75,25023.75,24972.25,24972.25,-71.5,-0.29%,10
"2025-11-07 10:30",25038.75,25064.25,25012.25,25043.75,-20.25,-0.08%,26
"2025-11-07 10:15",25029,25084.75,25029,25064,24,+0.10%,16
"2025-11-07 10:00",25098.25,25098.25,25035.5,25040,-51.75,-0.21%,19
"2025-11-07 09:45",25102.5,25109.75,25085,25091.75,-30.,-0.12%,22
"2025-11-07 09:30",25216,25216,25120,25121.75,-88.75,-0.35%,25
"2025-11-07 09:15",25288.25,25297,25210.5,25210.5,-60.75,-0.24%,28
"2025-11-07 09:00",25255,25271.25,25140,25271.25,-8.25,-0.03%,30
"2025-11-07 08:45",25234,25291,25188.25,25279.5,39.5,+0.16%,54
"2025-11-07 08:30",25315,25326.5,25190.25,25240,-101.,-0.40%,89
"2025-11-07 08:15",25348.5,25348.5,25341,25341,-27.5,-0.11%,3
"2025-11-07 08:00",25364.5,25368.5,25357.25,25368.5,-30.25,-0.12%,21
"2025-11-07 07:45",25357.25,25398.75,25357.25,25398.75,72.75,+0.29%,4
"2025-11-07 07:30",25325.25,25358,25321.25,25326,-0.75,0.00%,9
"2025-11-07 07:15",25362.5,25399,25326.75,25326.75,-45.5,-0.18%,15
"2025-11-07 07:00",25342.5,25392,25342.5,25372.25,26.25,+0.10%,10
"2025-11-07 06:45",25352.25,25365.5,25345,25346,-40.5,-0.16%,6
"2025-11-07 06:30",25404,25404,25386.5,25386.5,-38.5,-0.15%,5
"2025-11-07 06:15",25450,25455,25421,25425,-16.,-0.06%,9
"2025-11-07 06:00",25448.5,25448.5,25441,25441,-7.5,-0.03%,2
"2025-11-07 05:45",25431.25,25448.5,25422.25,25448.5,103.5,+0.41%,5
"2025-11-07 05:30",25350,25350,25345,25345,-29.5,-0.12%,4
"2025-11-07 05:15",25365.75,25403.25,25363.75,25374.5,-13.,-0.05%,32
"2025-11-07 05:00",25445.25,25445.25,25387.5,25387.5,-97.75,-0.38%,14
"2025-11-07 04:30",25485.25,25485.25,25485.25,25485.25,29,+0.11%,1
"2025-11-07 04:15",25458,25458,25440.75,25456.25,-66.,-0.26%,63
"2025-11-07 04:00",25522.25,25522.25,25522.25,25522.25,4.5,+0.02%,1
"2025-11-07 03:45",25523.75,25523.75,25517.75,25517.75,3.25,+0.01%,2
"2025-11-07 03:30",25534,25537.75,25514.5,25514.5,-59.5,-0.23%,5
"2025-11-07 03:15",25574,25574,25574,25574,4,+0.02%,1
"2025-11-07 03:00",25562.25,25570,25550,25570,11,+0.04%,3
"2025-11-07 02:30",25551.5,25559,25551.5,25559,2,+0.01%,3
"2025-11-07 02:15",25590,25590,25557,25557,-53.75,-0.21%,14
"2025-11-07 02:00",25610.75,25610.75,25610.75,25610.75,7.75,+0.03%,1
"2025-11-07 01:45",25603,25603,25603,25603,7,+0.03%,1
"2025-11-07 01:30",25596,25596,25596,25596,17.25,+0.07%,1
"2025-11-07 01:15",25594.75,25599,25578.75,25578.75,-11.,-0.04%,6
"2025-11-07 01:00",25589.75,25589.75,25589.75,25589.75,12.5,+0.05%,1
"2025-11-07 00:45",25570,25579,25570,25577.25,-14.5,-0.06%,3
"2025-11-07 00:00",25592,25592,25591.75,25591.75,11.75,+0.05%,3
"2025-11-06 23:45",25572.75,25580,25572.75,25580,1.25,0.00%,3
"2025-11-06 23:30",25562,25578.75,25562,25578.75,13.75,+0.05%,7
"2025-11-06 23:15",25550,25565,25550,25565,27,+0.11%,4
"2025-11-06 23:00",25538,25538,25538,25538,44.25,+0.17%,1
"2025-11-06 22:30",25506.25,25506.25,25493.75,25493.75,-25.5,-0.10%,2
"2025-11-06 22:15",25503.75,25519.25,25503.75,25519.25,77.25,+0.30%,4
"2025-11-06 22:00",25452.5,25452.5,25425.75,25442,-31.75,-0.12%,66
"2025-11-06 21:45",25476,25491.5,25468,25473.75,-20.5,-0.08%,9
"2025-11-06 21:15",25484.5,25501,25484.5,25494.25,-2.,-0.01%,5
"2025-11-06 21:00",25535.5,25538.75,25496.25,25496.25,-27.,-0.11%,5
"2025-11-06 20:45",25523.25,25523.25,25523.25,25523.25,8.5,+0.03%,1
"2025-11-06 20:30",25514.75,25514.75,25514.75,25514.75,-6.75,-0.03%,3
"2025-11-06 20:00",25528,25530.75,25509.75,25521.5,4,+0.02%,5
"2025-11-06 19:45",25508.5,25517.5,25508.5,25517.5,9.25,+0.04%,2
"2025-11-06 19:30",25514.75,25514.75,25466.75,25508.25,-17.25,-0.07%,8
"2025-11-06 19:15",25530,25530,25525.5,25525.5,-63.25,-0.25%,6
"2025-11-06 19:00",25588.75,25588.75,25588.75,25588.75,-12.,-0.05%,1
"2025-11-06 18:30",25600.75,25600.75,25600.75,25600.75,50.25,+0.20%,1
"2025-11-06 18:00",25550.5,25550.5,25550.5,25550.5,-44.5,-0.17%,1
"2025-11-06 17:45",25590,25595,25588.5,25595,20,+0.08%,7
"2025-11-06 17:30",25575,25575,25575,25575,9.25,+0.04%,1
"2025-11-06 17:15",25565.75,25565.75,25565.75,25565.75,25,+0.10%,1
"2025-11-06 17:00",25536,25548.5,25536,25540.75,-15.,-0.06%,4
"2025-11-06 15:30",25555,25558,25555,25555.75,18.25,+0.07%,4
"2025-11-06 15:15",25533,25546.5,25533,25537.5,12.5,+0.05%,5
"2025-11-06 15:00",25509,25525.25,25505.5,25525,29.5,+0.12%,7
"2025-11-06 14:45",25535,25538.75,25495.5,25495.5,-117.5,-0.46%,20
"2025-11-06 14:30",25606,25615.5,25606,25613,-1.25,0.00%,11
"2025-11-06 14:15",25620,25620,25604.75,25614.25,-53.75,-0.21%,8
"2025-11-06 14:00",25665.5,25668.5,25645.5,25668,-12.,-0.05%,7
"2025-11-06 13:45",25657.5,25680,25625,25680,42.5,+0.17%,7
"2025-11-06 13:30",25681.5,25686,25637.5,25637.5,8.25,+0.03%,3
"2025-11-06 13:15",25626.25,25629.25,25626.25,25629.25,-19.,-0.07%,2
"2025-11-06 13:00",25595.5,25664.5,25595.5,25648.25,71.25,+0.28%,11
"2025-11-06 12:45",25615,25615,25570,25577,-42.25,-0.16%,5
"2025-11-06 12:30",25591,25627,25591,25619.25,32,+0.13%,5
"2025-11-06 12:15",25500,25593,25500,25587.25,87,+0.34%,8
"2025-11-06 12:00",25536.5,25539.25,25490.5,25500.25,-97.25,-0.38%,17
"2025-11-06 11:45",25576.5,25610.5,25576.5,25597.5,49.75,+0.19%,18
"2025-11-06 11:30",25491.25,25547.75,25491.25,25547.75,45.75,+0.18%,6
"2025-11-06 11:15",25510.75,25518.75,25480,25502,-45.,-0.18%,14
"2025-11-06 11:00",25514,25553.25,25496.75,25547,61.75,+0.24%,71
"2025-11-06 10:45",25494.75,25519.5,25485,25485.25,-16.5,-0.06%,8
"2025-11-06 10:30",25578.5,25582.25,25480.5,25501.75,-76.25,-0.30%,23
"2025-11-06 10:15",25582.25,25582.25,25540.25,25578,-18.,-0.07%,17
"2025-11-06 10:00",25597.25,25625,25574.75,25596,39.25,+0.15%,20
"2025-11-06 09:45",25604.25,25604.75,25556.75,25556.75,-35.75,-0.14%,22
"2025-11-06 09:30",25764.25,25764.25,25591.5,25592.5,-174.25,-0.68%,61
"2025-11-06 09:15",25670,25800,25666,25766.75,85.5,+0.33%,46
"2025-11-06 09:00",25752,25752,25672,25681.25,-100.75,-0.39%,68
"2025-11-06 08:45",25873,25924,25782,25782,-93.,-0.36%,43
"2025-11-06 08:30",25907.5,25919.25,25843.25,25875,-75.,-0.29%,46
"2025-11-06 08:15",25981,25981,25950,25950,-15.5,-0.06%,11
"2025-11-06 08:00",26027.25,26034,25958,25965.5,-67.25,-0.26%,14
"2025-11-06 07:45",26055,26055,26032.75,26032.75,-44.75,-0.17%,2
"2025-11-06 07:15",26058,26077.5,26058,26077.5,21.75,+0.08%,8
"2025-11-06 07:00",26052.25,26055.75,26052.25,26055.75,6.25,+0.02%,2
"2025-11-06 06:30",26049.5,26049.5,26049.5,26049.5,4,+0.02%,1
"2025-11-06 06:15",26039,26045.5,26035.25,26045.5,-1.75,-0.01%,5
"2025-11-06 06:00",26019.75,26047.25,26019.75,26047.25,29.25,+0.11%,7
"2025-11-06 05:45",26018,26018,26018,26018,-17.,-0.07%,1
"2025-11-06 05:30",26020.25,26035,26020.25,26035,3,+0.01%,2
"2025-11-06 05:15",26018,26032,26018,26032,6.75,+0.03%,2
"2025-11-06 04:45",26025.25,26025.25,26025.25,26025.25,1.25,0.00%,1
"2025-11-06 04:30",26038,26038,26024,26024,20,+0.08%,3
"2025-11-06 03:45",26004,26004,26004,26004,-1.25,0.00%,1
"2025-11-06 03:30",26005.25,26005.25,26005.25,26005.25,6.25,+0.02%,1
"2025-11-06 03:15",25999,25999,25999,25999,24.75,+0.10%,5
"2025-11-06 03:00",25956.75,25974.25,25956.75,25974.25,38.5,+0.15%,3
"2025-11-06 02:45",25935.75,25935.75,25935.75,25935.75,33.75,+0.13%,1
"2025-11-06 02:15",25901,25911,25901,25902,-6.25,-0.02%,4
"2025-11-06 02:00",25900,25911.25,25897.25,25908.25,2.5,+0.01%,7
"2025-11-06 01:45",25937.75,25941,25905.75,25905.75,-1.75,-0.01%,7
"2025-11-06 01:30",25930,25932,25907.5,25907.5,-56.,-0.22%,10
"2025-11-06 01:15",25940,25976,25940,25963.5,10.75,+0.04%,3
"2025-11-06 01:00",25952.75,25952.75,25952.75,25952.75,3.75,+0.01%,2
"2025-11-06 00:45",25950.75,25950.75,25949,25949,4.75,+0.02%,4
"2025-11-06 00:30",25945,25958.75,25941,25944.25,-19.25,-0.07%,7
"2025-11-05 23:45",25963.5,25963.5,25963.5,25963.5,-3.,-0.01%,1
"2025-11-05 23:30",25980.5,25982.75,25966.5,25966.5,-32.75,-0.13%,5
"2025-11-05 23:15",25999,25999.25,25999,25999.25,16.25,+0.06%,2
"2025-11-05 23:00",25983,25983,25983,25983,-13.75,-0.05%,1
"2025-11-05 22:45",25997,25997,25996.75,25996.75,-7.,-0.03%,2
"2025-11-05 22:30",26003.75,26003.75,26003.75,26003.75,5.25,+0.02%,1
"2025-11-05 22:15",25998.5,25998.5,25998.5,25998.5,24.5,+0.09%,1
"2025-11-05 22:00",25969.25,25974,25969.25,25974,4.75,+0.02%,2
"2025-11-05 21:45",25997.5,25997.5,25969.25,25969.25,-7.25,-0.03%,3
"2025-11-05 20:45",25976.5,25976.5,25976.5,25976.5,7.5,+0.03%,1
"2025-11-05 20:30",25926,25969,25925.75,25969,40,+0.15%,5
"2025-11-05 20:15",25911,25929,25907.75,25929,11.5,+0.04%,3
"2025-11-05 20:00",25917.5,25917.5,25917.5,25917.5,-38.75,-0.15%,1
"2025-11-05 19:15",25956.25,25956.25,25956.25,25956.25,15.75,+0.06%,1
"2025-11-05 19:00",25951,25951,25918.75,25940.5,-29.25,-0.11%,8
"2025-11-05 18:30",25952.25,25969.75,25952.25,25969.75,48.75,+0.19%,3
"2025-11-05 18:15",25986.25,25986.25,25921,25921,-97.,-0.37%,9
"2025-11-05 17:45",26018,26018,26018,26018,28,+0.11%,1
"2025-11-05 17:00",25990,25990,25990,25990,-1.75,-0.01%,2
"2025-11-05 15:15",25974.25,25991.75,25974.25,25991.75,21,+0.08%,5
"2025-11-05 15:00",25987.5,25995.25,25965,25970.75,-24.25,-0.09%,19
"2025-11-05 14:45",26073.5,26073.5,25995,25995,-72.75,-0.28%,24
"2025-11-05 14:30",26091.5,26091.5,26067.75,26067.75,-28.,-0.11%,17
"2025-11-05 14:15",26110,26110,26094,26095.75,-24.25,-0.09%,5
"2025-11-05 14:00",26114,26120,26114,26120,-10.,-0.04%,3
"2025-11-05 13:45",26125,26130,26118.5,26130,0.5,0.00%,5
"2025-11-05 13:30",26132,26133,26129.5,26129.5,13.5,+0.05%,7
"2025-11-05 13:15",26121.75,26125,26116,26116,-4.25,-0.02%,8
"2025-11-05 13:00",26119.25,26124.25,26105,26120.25,-11.25,-0.04%,11
"2025-11-05 12:45",26126,26133.5,26122.25,26131.5,11.75,+0.04%,19
"2025-11-05 12:30",26100,26120,26100,26119.75,28.75,+0.11%,9
"2025-11-05 12:15",26088.5,26091,26084.25,26091,10,+0.04%,7
"2025-11-05 12:00",26071.25,26081.5,26071.25,26081,8.75,+0.03%,10
"2025-11-05 11:45",26087.5,26092,26070,26072.25,-13.5,-0.05%,34
"2025-11-05 11:30",26060,26085.75,26056,26085.75,30.25,+0.12%,32
"2025-11-05 11:15",26021.5,26055.5,26021.5,26055.5,23.25,+0.09%,27
"2025-11-05 11:00",26037.75,26038.25,26008.5,26032.25,-6.75,-0.03%,26
"2025-11-05 10:45",26025,26050,26025,26039,9,+0.03%,33
"2025-11-05 10:30",26011,26030,25997.75,26030,22,+0.08%,16
"2025-11-05 10:15",25955,26010,25930,26008,53,+0.20%,40
"2025-11-05 10:00",25976.5,25990,25948.75,25955,-6.25,-0.02%,34
"2025-11-05 09:45",25968.25,25995,25961.25,25961.25,-10.75,-0.04%,31
"2025-11-05 09:30",25949.25,25990,25949.25,25972,15.25,+0.06%,33
"2025-11-05 09:15",25920.25,25956.75,25889,25956.75,39,+0.15%,20
"2025-11-05 09:00",25928,25970.5,25915,25917.75,-22.75,-0.09%,110
"2025-11-05 08:45",25789,25940.5,25789,25940.5,156.25,+0.61%,40
"2025-11-05 08:30",25813.75,25816.5,25754.5,25784.25,-24.75,-0.10%,46
"2025-11-05 08:15",25820,25820,25809,25809,-20.5,-0.08%,3
"2025-11-05 08:00",25829.5,25829.5,25829.5,25829.5,-17.5,-0.07%,1
"2025-11-05 07:45",25850,25850,25847,25847,-1.25,0.00%,2
"2025-11-05 07:30",25826.25,25848.25,25822.75,25848.25,32,+0.12%,6
"2025-11-05 07:15",25808.25,25816.25,25808.25,25816.25,21,+0.08%,10
"2025-11-05 07:00",25795.25,25795.25,25795.25,25795.25,19.5,+0.08%,1
"2025-11-05 06:45",25772.25,25775.75,25772.25,25775.75,-11.75,-0.05%,2
"2025-11-05 06:30",25770.5,25788,25770.5,25787.5,57,+0.22%,14
"2025-11-05 05:30",25730.5,25730.5,25730.5,25730.5,18.5,+0.07%,1
"2025-11-05 05:15",25712,25712,25712,25712,30.25,+0.12%,2
"2025-11-05 05:00",25665,25681.75,25665,25681.75,1.5,+0.01%,2
"2025-11-05 04:45",25724.75,25724.75,25680.25,25680.25,-111.25,-0.43%,10
"2025-11-05 04:00",25791.5,25791.5,25791.5,25791.5,14,+0.05%,1
"2025-11-05 03:15",25777.5,25777.5,25777.5,25777.5,-10.,-0.04%,1
"2025-11-05 03:00",25769.75,25808,25769.75,25787.5,13,+0.05%,4
"2025-11-05 02:45",25774.5,25774.5,25774.5,25774.5,1.75,+0.01%,1
"2025-11-05 02:00",25763.5,25772.75,25763.5,25772.75,11.75,+0.05%,2
"2025-11-05 01:45",25761,25761,25761,25761,1,0.00%,1
"2025-11-05 01:30",25760,25760,25760,25760,13.5,+0.05%,1
"2025-11-05 01:15",25746.5,25746.5,25746.5,25746.5,-21.5,-0.08%,2
"2025-11-05 01:00",25768,25768,25768,25768,-30.,-0.12%,1
"2025-11-05 00:45",25798,25798,25798,25798,0.75,0.00%,1
"2025-11-05 00:30",25789.5,25800.75,25789.5,25797.25,7.75,+0.03%,4
"2025-11-05 00:15",25796.25,25804.5,25789.5,25789.5,24.75,+0.10%,6
"2025-11-05 00:00",25725.25,25765,25716.25,25764.75,39.75,+0.15%,6
"2025-11-04 23:45",25730,25730,25725,25725,-56.25,-0.22%,3
"2025-11-04 23:30",25784.75,25784.75,25781.25,25781.25,3,+0.01%,2
"2025-11-04 23:15",25788,25788,25778.25,25778.25,-7.25,-0.03%,2
"2025-11-04 23:00",25738.5,25785.5,25738.5,25785.5,74.5,+0.29%,5
"2025-11-04 22:45",25724.5,25724.5,25710.75,25711,-29.5,-0.11%,5
"2025-11-04 22:30",25740.5,25740.5,25740.5,25740.5,14.25,+0.06%,1
"2025-11-04 22:15",25718.75,25726.25,25718.75,25726.25,-3.75,-0.01%,2
"2025-11-04 22:00",25750,25750,25730,25730,-31.5,-0.12%,2
"2025-11-04 21:45",25751,25770.5,25751,25761.5,25.25,+0.10%,11
"2025-11-04 21:30",25735,25736.25,25720,25736.25,22.25,+0.09%,6
"2025-11-04 21:15",25722.75,25722.75,25695.25,25714,-8.75,-0.03%,4
"2025-11-04 21:00",25686.25,25722.75,25686.25,25722.75,55,+0.21%,17
"2025-11-04 20:45",25636,25673,25636,25667.75,62.75,+0.25%,9
"2025-11-04 20:30",25576.5,25616.25,25565.25,25605,49.5,+0.19%,6
"2025-11-04 20:15",25565,25573,25555.5,25555.5,-45.25,-0.18%,10
"2025-11-04 20:00",25602,25615,25600.75,25600.75,6,+0.02%,5
"2025-11-04 19:45",25554.25,25594.75,25554.25,25594.75,18.75,+0.07%,4
"2025-11-04 19:30",25579,25579,25551,25576,-14.,-0.05%,4
"2025-11-04 19:15",25640.25,25642.25,25590,25590,-52.5,-0.20%,18
"2025-11-04 19:00",25650.75,25650.75,25618.25,25642.5,-34.,-0.13%,17
"2025-11-04 18:45",25673.5,25676.5,25670,25676.5,-3.5,-0.01%,3
"2025-11-04 18:30",25704,25704,25680,25680,-35.,-0.14%,6
"2025-11-04 18:15",25747.5,25747.5,25709,25715,-21.25,-0.08%,5
"2025-11-04 18:00",25758.75,25758.75,25727.5,25736.25,-54.75,-0.21%,9
"2025-11-04 17:30",25784.75,25791,25784.75,25791,2.75,+0.01%,3
"2025-11-04 17:15",25793,25793,25788.25,25788.25,0,0.00%,3
"2025-11-04 17:00",25793.25,25793.25,25773.25,25788.25,-54.25,-0.21%,11
"2025-11-04 15:45",25827.25,25842.5,25826,25842.5,22.5,+0.09%,4
"2025-11-04 15:30",25794.25,25820,25785,25820,20,+0.08%,7
"2025-11-04 15:15",25800,25810,25790,25800,-41.,-0.16%,5
"2025-11-04 15:00",25844,25844,25841,25841,1,0.00%,5
"2025-11-04 14:45",25895,25899,25808,25840,-50.25,-0.19%,32
"2025-11-04 14:30",25880,25890.25,25870.75,25890.25,11.5,+0.04%,7
"2025-11-04 14:15",25893.5,25900,25875,25878.75,12.5,+0.05%,10
"2025-11-04 14:00",25871.5,25871.5,25860.75,25866.25,1,0.00%,8
"2025-11-04 13:45",25845,25866.25,25845,25865.25,27.5,+0.11%,11
"2025-11-04 13:30",25912,25912,25837.75,25837.75,-84.,-0.32%,15
"2025-11-04 13:15",25917,25925.5,25907,25921.75,1.75,+0.01%,10
"2025-11-04 13:00",25917.25,25920,25916,25920,-20.25,-0.08%,3
"2025-11-04 12:45",25907.25,25940.25,25899,25940.25,30.25,+0.12%,7
"2025-11-04 12:30",25890,25910,25864.25,25910,30.5,+0.12%,13
"2025-11-04 12:15",25923.5,25923.5,25875,25879.5,-30.5,-0.12%,15
"2025-11-04 12:00",25937.25,25937.25,25908,25910,-19.,-0.07%,5
"2025-11-04 11:45",25950,25984.25,25926,25929,-6.,-0.02%,25
"2025-11-04 11:30",25960,25966,25925,25935,-30.,-0.12%,12
"2025-11-04 11:15",25957.25,25992,25906.25,25965,-3.5,-0.01%,47
"2025-11-04 11:00",25995,25995,25966,25968.5,-25.75,-0.10%,14
"2025-11-04 10:45",26022.75,26024,25994.25,25994.25,-57.25,-0.22%,5
"2025-11-04 10:30",26026.5,26051.5,26025,26051.5,37.5,+0.14%,6
"2025-11-04 10:15",26020,26020,26000,26014,-20.75,-0.08%,11
"2025-11-04 10:00",26076.5,26076.5,26023.5,26034.75,-14.5,-0.06%,52
"2025-11-04 09:45",26095,26100.75,26033.75,26049.25,-98.25,-0.38%,13
"2025-11-04 09:30",26121,26150,26110.25,26147.5,16.5,+0.06%,5
"2025-11-04 09:15",26118.25,26155,26118.25,26131,19.75,+0.08%,22
"2025-11-04 09:00",26134,26145,26101.5,26111.25,-23.75,-0.09%,18
"2025-11-04 08:45",26029.75,26135,26010,26135,95,+0.36%,42
"2025-11-04 08:30",25985.5,26040,25926.5,26040,45,+0.17%,36
"2025-11-04 08:15",25998,26011.25,25995,25995,12,+0.05%,9
"2025-11-04 08:00",25948,25983,25948,25983,3.25,+0.01%,4
"2025-11-04 07:45",25979.75,25979.75,25979.75,25979.75,6.75,+0.03%,1
"2025-11-04 07:30",25972.5,25973,25955,25973,6.75,+0.03%,5
"2025-11-04 07:15",25991.25,25995.75,25966.25,25966.25,-35.75,-0.14%,10
"2025-11-04 07:00",26008,26020,26002,26002,-29.,-0.11%,4
"2025-11-04 06:45",26014.5,26031,26014.5,26031,-17.25,-0.07%,3
"2025-11-04 06:30",26050,26050,26048.25,26048.25,0.75,0.00%,2
"2025-11-04 06:15",26030,26047.5,26030,26047.5,44,+0.17%,7
"2025-11-04 06:00",26020.25,26027.25,25998,26003.5,-32.5,-0.12%,12
"2025-11-04 05:45",26038.25,26042,26036,26036,-10.5,-0.04%,4
"2025-11-04 05:30",26035,26050,26032.25,26046.5,16.5,+0.06%,15
"2025-11-04 05:15",26030,26030,26030,26030,8,+0.03%,1
"2025-11-04 04:45",26023,26032,26018,26022,-3.,-0.01%,5
"2025-11-04 04:30",26000,26025,26000,26025,45,+0.17%,5
"2025-11-04 04:15",25946.75,25980,25946.75,25980,45.5,+0.18%,5
"2025-11-04 04:00",25928.25,25938,25911.5,25934.5,-4.25,-0.02%,8
"2025-11-04 03:45",25980.5,25990.5,25937,25938.75,-35.5,-0.14%,13
"2025-11-04 03:30",25983.25,25983.25,25974.25,25974.25,-26.,-0.10%,8
"2025-11-04 03:15",26009.75,26011,26000.25,26000.25,-10.,-0.04%,4
"2025-11-04 03:00",26035.25,26035.25,26006.25,26010.25,-26.,-0.10%,8
"2025-11-04 02:30",26042,26042,26036.25,26036.25,36.25,+0.14%,3
"2025-11-04 02:15",26000,26000,26000,26000,-11.25,-0.04%,1
"2025-11-04 02:00",26052,26052,26000,26011.25,-38.25,-0.15%,5
"2025-11-04 01:45",26035,26049.5,26035,26049.5,13.5,+0.05%,6
"2025-11-04 01:30",26050,26050,26036,26036,-4.,-0.02%,3
"2025-11-04 01:15",26009.5,26040,26009.5,26040,40,+0.15%,2
"2025-11-04 01:00",26020,26020,26000,26000,-41.25,-0.16%,6
"2025-11-04 00:45",26053,26053.5,26041.25,26041.25,15.5,+0.06%,3
"2025-11-04 00:30",26026,26026,26005.25,26025.75,-6.,-0.02%,13
"2025-11-04 00:15",26035.25,26036.25,26029.25,26031.75,10,+0.04%,5
"2025-11-04 00:00",26060,26067.75,26021.75,26021.75,-58.25,-0.22%,15
"2025-11-03 23:45",26090,26090,26080,26080,-9.5,-0.04%,2
"2025-11-03 23:30",26125,26125,26089.5,26089.5,-56.5,-0.22%,8
"2025-11-03 23:15",26170.25,26170.25,26146,26146,-26.5,-0.10%,9
"2025-11-03 23:00",26178,26180,26172.5,26172.5,-2.,-0.01%,10
"2025-11-03 22:45",26174.5,26174.5,26174.5,26174.5,1.5,+0.01%,1
"2025-11-03 22:30",26181,26181,26169.5,26173,-7.,-0.03%,9
"2025-11-03 22:15",26185.25,26185.25,26180,26180,-11.,-0.04%,2
"2025-11-03 22:00",26190,26197.75,26189.75,26191,-4.,-0.02%,4
"2025-11-03 21:45",26197,26197,26195,26195,-3.,-0.01%,2
"2025-11-03 21:30",26207.5,26209,26190,26198,-27.,-0.10%,6
"2025-11-03 21:00",26220,26225,26220,26225,18.75,+0.07%,2
"2025-11-03 20:45",26224,26224,26206.25,26206.25,-26.75,-0.10%,2
"2025-11-03 20:30",26233,26233,26233,26233,-7.,-0.03%,1
"2025-11-03 20:15",26250,26250,26240,26240,-16.5,-0.06%,2
"2025-11-03 20:00",26256.5,26256.5,26256.5,26256.5,-13.75,-0.05%,1
"2025-11-03 19:30",26270.25,26270.25,26270.25,26270.25,-11.,-0.04%,1
"2025-11-03 19:15",26281.25,26281.25,26281.25,26281.25,2.75,+0.01%,1
"2025-11-03 18:45",26279.75,26279.75,26278.5,26278.5,28.5,+0.11%,2
"2025-11-03 18:15",26267.5,26267.5,26250,26250,-75.,-0.28%,3
"2025-11-03 17:45",26325,26325,26325,26325,-15.25,-0.06%,1
"2025-11-03 17:30",26340.25,26340.25,26340.25,26340.25,-12.5,-0.05%,1
"2025-11-03 17:00",26353.75,26353.75,26352.75,26352.75,-19.75,-0.07%,2
"2025-11-03 15:45",26372.5,26372.5,26372.5,26372.5,0.5,0.00%,1
"2025-11-03 15:15",26376.25,26376.25,26372,26372,-25.25,-0.10%,2
"2025-11-03 15:00",26395,26435,26393.75,26397.25,45.25,+0.17%,8
"2025-11-03 14:45",26352,26352,26352,26352,-13.75,-0.05%,1
"2025-11-03 14:30",26361.5,26365.75,26349.25,26365.75,0.5,0.00%,3
"2025-11-03 14:15",26365.25,26365.25,26365.25,26365.25,-2.75,-0.01%,1
"2025-11-03 13:45",26363.75,26368,26360.75,26368,27.5,+0.10%,4
"2025-11-03 13:30",26376,26376,26340.5,26340.5,-23.5,-0.09%,2
"2025-11-03 13:15",26379,26379,26355,26364,-13.5,-0.05%,12
"2025-11-03 13:00",26395.25,26395.25,26371.25,26377.5,-23.75,-0.09%,9
"2025-11-03 12:45",26401,26401.25,26401,26401.25,-24.25,-0.09%,2
"2025-11-03 12:30",26417.5,26425.5,26417.5,26425.5,9.5,+0.04%,2
"2025-11-03 12:00",26419.75,26420,26416,26416,6.5,+0.02%,3
"2025-11-03 11:45",26415.25,26415.25,26409.5,26409.5,4.5,+0.02%,3
"2025-11-03 11:30",26373.75,26409.5,26373.75,26405,39.5,+0.15%,9
"2025-11-03 11:15",26396.25,26396.25,26354.75,26365.5,-27.5,-0.10%,7
"2025-11-03 11:00",26369,26393,26354,26393,3,+0.01%,13
"2025-11-03 10:45",26363,26390,26363,26390,27,+0.10%,16
"2025-11-03 10:30",26316.75,26363,26316.75,26363,37.25,+0.14%,8
"2025-11-03 10:15",26335.25,26357.5,26325.75,26325.75,-18.25,-0.07%,4
"2025-11-03 10:00",26352.25,26352.25,26327.5,26344,-21.75,-0.08%,5
"2025-11-03 09:45",26353.5,26365.75,26353.5,26365.75,10,+0.04%,4
"2025-11-03 09:30",26291.5,26361.75,26277,26355.75,56.5,+0.21%,13
"2025-11-03 09:15",26375,26375,26299.25,26299.25,-106.,-0.40%,18
"2025-11-03 09:00",26380,26405.25,26355.25,26405.25,-2.25,-0.01%,22
"2025-11-03 08:45",26429.75,26445,26388.25,26407.5,-12.5,-0.05%,19
"2025-11-03 08:30",26512.75,26530,26420,26420,-80.,-0.30%,25
"2025-11-03 08:15",26492,26500,26487,26500,20,+0.08%,7
"2025-11-03 08:00",26465,26501.25,26465,26480,48.25,+0.18%,10
"2025-11-03 07:45",26433.75,26433.75,26431.75,26431.75,-7.,-0.03%,2
"2025-11-03 07:30",26434,26438.75,26434,26438.75,38.75,+0.15%,2
"2025-11-03 07:00",26400,26400,26400,26400,-27.,-0.10%,1
"2025-11-03 06:30",26427,26427,26427,26427,7,+0.03%,1
"2025-11-03 06:15",26440,26440,26420,26420,-25.,-0.09%,2
"2025-11-03 06:00",26445,26445,26445,26445,10,+0.04%,2
"2025-11-03 05:45",26435,26435,26435,26435,16,+0.06%,1
"2025-11-03 05:30",26419.5,26419.5,26419,26419,-16.,-0.06%,2
"2025-11-03 05:15",26435,26435,26435,26435,5.5,+0.02%,1
"2025-11-03 05:00",26427.25,26431.5,26427.25,26429.5,24.5,+0.09%,11
"2025-11-03 04:45",26405,26405,26405,26405,-8.25,-0.03%,2
"2025-11-03 03:15",26389.25,26413.25,26389.25,26413.25,36.25,+0.14%,7
"2025-11-03 03:00",26377,26377,26377,26377,38.75,+0.15%,1
"2025-11-03 02:30",26338.25,26338.25,26338.25,26338.25,50.25,+0.19%,1
"2025-11-03 01:30",26288,26288,26288,26288,-8.5,-0.03%,1
"2025-11-03 01:00",26296.5,26296.5,26296.5,26296.5,-17.,-0.06%,1
"2025-11-03 00:30",26315.25,26316.25,26313.5,26313.5,17.25,+0.07%,5
"2025-11-03 00:15",26321.5,26321.5,26296.25,26296.25,-38.75,-0.15%,3
"2025-11-02 20:30",26350,26350,26335,26335,-38.5,-0.15%,2
"2025-11-02 20:15",26365,26373.5,26365,26373.5,26.5,+0.10%,3
"2025-11-02 20:00",26347,26347,26347,26347,-8.5,-0.03%,2
"2025-11-02 19:45",26351.75,26355.5,26351.75,26355.5,-12.75,-0.05%,3
"2025-11-02 19:15",26365,26368.25,26365,26368.25,-11.75,-0.04%,3
"2025-11-02 19:00",26380,26380,26380,26380,10,+0.04%,1
"2025-11-02 18:30",26370,26370,26370,26370,4.5,+0.02%,1
"2025-11-02 18:15",26365.5,26365.5,26365.5,26365.5,15.75,+0.06%,2
"2025-11-02 18:00",26360,26360,26349.75,26349.75,-2.25,-0.01%,2
"2025-11-02 17:45",26351,26352,26351,26352,4.25,+0.02%,2
"2025-11-02 17:30",26319,26347.75,26319,26347.75,28.5,+0.11%,5
"2025-11-02 17:15",26336,26336,26319.25,26319.25,3,+0.01%,4
"2025-11-02 17:00",26265.5,26316.25,26265.5,26316.25,68.25,+0.26%,5
"2025-10-31 15:00",26237.5,26248,26237.5,26248,-37.25,-0.14%,2
"2025-10-31 14:45",26347,26355.5,26274,26285.25,-67.25,-0.26%,25
"2025-10-31 14:30",26340.75,26380,26340.75,26352.5,-2.5,-0.01%,18
"2025-10-31 14:15",26292,26355,26292,26355,55,+0.21%,19
"2025-10-31 14:00",26282,26300,26282,26300,42,+0.16%,8
"2025-10-31 13:45",26259.25,26259.25,26233.25,26258,-21.5,-0.08%,7
"2025-10-31 13:30",26278,26279.5,26271,26279.5,9.75,+0.04%,3
"2025-10-31 13:15",26248,26273.25,26248,26269.75,27.75,+0.11%,6
"2025-10-31 13:00",26216,26254.5,26216,26242,26,+0.10%,7
"2025-10-31 12:45",26223.25,26232.75,26216,26216,21,+0.08%,7
"2025-10-31 12:30",26172,26205,26159.25,26195,14.25,+0.05%,13
"2025-10-31 12:15",26169.5,26183,26155,26180.75,2.5,+0.01%,21
"2025-10-31 12:00",26205,26207,26170,26178.25,-25.25,-0.10%,25
"2025-10-31 11:45",26248.25,26248.25,26200,26203.5,-41.5,-0.16%,20
"2025-10-31 11:30",26281.75,26281.75,26245,26245,-32.,-0.12%,2
"2025-10-31 11:15",26240,26277,26217.5,26277,16.75,+0.06%,11
"2025-10-31 11:00",26310,26313,26249.5,26260.25,-60.75,-0.23%,75
"2025-10-31 10:45",26378.75,26422.5,26320,26321,-46.75,-0.18%,79
"2025-10-31 10:30",26390.5,26390.5,26344,26367.75,-31.25,-0.12%,40
"2025-10-31 10:15",26418.75,26418.75,26399,26399,-23.5,-0.09%,16
"2025-10-31 10:00",26431.75,26431.75,26422.5,26422.5,4.5,+0.02%,2
"2025-10-31 09:45",26438,26438,26418,26418,-9.,-0.03%,4
"2025-10-31 09:30",26378,26427,26372,26427,61,+0.23%,11
"2025-10-31 09:15",26373.5,26373.5,26328.75,26366,10.25,+0.04%,18
"2025-10-31 09:00",26359.75,26372.25,26338.25,26355.75,5.75,+0.02%,26
"2025-10-31 08:45",26384.5,26386,26350,26350,-30.,-0.11%,21
"2025-10-31 08:30",26460,26460,26380,26380,-84.25,-0.32%,20
"2025-10-31 08:15",26464.25,26464.25,26464.25,26464.25,-0.75,0.00%,1
"2025-10-31 08:00",26467.5,26467.5,26464,26465,-20.25,-0.08%,6
"2025-10-31 07:45",26485.25,26485.25,26485.25,26485.25,7.75,+0.03%,1
"2025-10-31 07:30",26513,26513,26477.5,26477.5,-47.5,-0.18%,4
"2025-10-31 07:15",26513.25,26525,26513.25,26525,19.75,+0.07%,5
"2025-10-31 07:00",26498,26505.25,26498,26505.25,20.25,+0.08%,5
"2025-10-31 06:45",26475,26489,26475,26485,25,+0.09%,4
"2025-10-31 06:30",26465.5,26465.5,26460,26460,-8.,-0.03%,2
"2025-10-31 06:15",26468,26468,26468,26468,18,+0.07%,4
"2025-10-31 05:30",26450,26450,26450,26450,23,+0.09%,2
"2025-10-31 05:15",26434.75,26435,26427,26427,-20.75,-0.08%,3
"2025-10-31 05:00",26447.75,26447.75,26447.75,26447.75,-23.25,-0.09%,1
"2025-10-31 03:00",26471,26471,26471,26471,-8.,-0.03%,1
"2025-10-31 02:45",26479,26479,26479,26479,6.25,+0.02%,1
"2025-10-31 02:30",26454,26475,26453.5,26472.75,59,+0.22%,44
"2025-10-31 02:00",26413.75,26413.75,26413.75,26413.75,-36.75,-0.14%,1
"2025-10-31 01:30",26453,26453,26450.5,26450.5,19.5,+0.07%,2
"2025-10-31 01:15",26431,26431,26431,26431,6.5,+0.02%,1
"2025-10-31 01:00",26424.5,26424.5,26424.5,26424.5,-3.5,-0.01%,4
"2025-10-31 00:45",26428,26428,26428,26428,-17.25,-0.07%,1
"2025-10-31 00:30",26445.25,26445.25,26445.25,26445.25,-22.,-0.08%,1
"2025-10-30 23:00",26459.5,26471.5,26459.5,26467.25,15.75,+0.06%,58
"2025-10-30 22:45",26456,26462.25,26451.5,26451.5,19.5,+0.07%,41
"2025-10-30 22:30",26429,26432,26428,26432,4,+0.02%,22
"2025-10-30 22:15",26449.25,26449.25,26428,26428,-20.75,-0.08%,2
"2025-10-30 22:00",26448.75,26448.75,26448.75,26448.75,14.25,+0.05%,1
"2025-10-30 21:45",26434.5,26434.5,26434.5,26434.5,-15.5,-0.06%,1
"2025-10-30 21:30",26450,26450,26450,26450,-12.25,-0.05%,1
"2025-10-30 21:15",26467.5,26467.5,26462.25,26462.25,-3.5,-0.01%,2
"2025-10-30 21:00",26475,26475,26465.75,26465.75,-4.25,-0.02%,11
"2025-10-30 20:45",26465,26472,26465,26470,2,+0.01%,6
"2025-10-30 20:30",26460,26468,26460,26468,16.25,+0.06%,13
"2025-10-30 20:15",26444,26451.75,26444,26451.75,-9.,-0.03%,2
"2025-10-30 19:45",26457,26461.75,26457,26460.75,17.5,+0.07%,14
"2025-10-30 19:30",26451.5,26451.5,26443.25,26443.25,-6.75,-0.03%,3
"2025-10-30 19:15",26425,26450,26425,26450,41,+0.16%,2
"2025-10-30 19:00",26409,26409,26409,26409,-26.,-0.10%,1
"2025-10-30 18:45",26425,26435,26417.5,26435,27.5,+0.10%,4
"2025-10-30 18:30",26407.5,26407.5,26407.5,26407.5,13.75,+0.05%,1
"2025-10-30 18:15",26400.5,26400.5,26388.75,26393.75,-8.,-0.03%,6
"2025-10-30 18:00",26401.75,26401.75,26401.75,26401.75,-5.25,-0.02%,1
"2025-10-30 17:45",26415.75,26415.75,26404.75,26407,-14.25,-0.05%,5
"2025-10-30 17:30",26430,26430,26418,26421.25,-2.75,-0.01%,4
"2025-10-30 17:00",26435,26445,26416.75,26424,19,+0.07%,11
"2025-10-30 15:45",26395,26405,26389.5,26405,10.5,+0.04%,5
"2025-10-30 15:30",26288.5,26394.5,26203.25,26394.5,99.5,+0.38%,45
"2025-10-30 15:15",26270,26295,26270,26295,29.5,+0.11%,12
"2025-10-30 15:00",26130,26265.5,26130,26265.5,128.5,+0.49%,31
"2025-10-30 14:45",26152.5,26195.25,26137,26137,-41.,-0.16%,15
"2025-10-30 14:30",26200,26200,26176.25,26178,23,+0.09%,15
"2025-10-30 14:15",26205,26205,26146.25,26155,-57.,-0.22%,21
"2025-10-30 14:00",26242.75,26242.75,26212,26212,-36.75,-0.14%,14
"2025-10-30 13:45",26259.5,26269,26248.75,26248.75,8.75,+0.03%,8
"2025-10-30 13:30",26279.5,26279.5,26240,26240,-6.5,-0.02%,4
"2025-10-30 13:15",26260,26260,26246.5,26246.5,-23.5,-0.09%,9
"2025-10-30 13:00",26321,26321,26270,26270,-46.5,-0.18%,9
"2025-10-30 12:45",26330.5,26334.75,26316.5,26316.5,21.75,+0.08%,5
"2025-10-30 12:30",26303.75,26303.75,26294.75,26294.75,-30.25,-0.11%,2
"2025-10-30 12:15",26268.5,26325,26268.5,26325,48,+0.18%,6
"2025-10-30 12:00",26292.5,26294.25,26270,26277,-40.,-0.15%,6
"2025-10-30 11:45",26335,26336.5,26317,26317,-0.25,0.00%,3
"2025-10-30 11:30",26332.25,26338,26303.5,26317.25,-31.75,-0.12%,14
"2025-10-30 11:15",26353,26353,26349,26349,-7.25,-0.03%,2
"2025-10-30 11:00",26288,26356.25,26288,26356.25,104.25,+0.40%,20
"2025-10-30 10:45",26245,26258,26230,26252,-10.25,-0.04%,9
"2025-10-30 10:30",26294,26300,26239.5,26262.25,-60.25,-0.23%,25
"2025-10-30 10:15",26315,26327.75,26315,26322.5,-4.5,-0.02%,6
"2025-10-30 10:00",26288.25,26337,26288.25,26327,81,+0.31%,21
"2025-10-30 09:45",26310,26310,26242.25,26246,-95.,-0.36%,10
"2025-10-30 09:30",26307.75,26343.5,26289.75,26341,40.75,+0.15%,27
"2025-10-30 09:15",26343.75,26343.75,26282.75,26300.25,-60.,-0.23%,28
"2025-10-30 09:00",26405.75,26438.25,26333.25,26360.25,-25.5,-0.10%,29
"2025-10-30 08:45",26252,26405.75,26252,26385.75,148,+0.56%,19
"2025-10-30 08:30",26340.5,26348.25,26215,26237.75,-143.25,-0.54%,46
"2025-10-30 08:15",26368.25,26382,26368.25,26381,1,0.00%,4
"2025-10-30 08:00",26369.5,26390.25,26369.5,26380,-0.75,0.00%,8
"2025-10-30 07:45",26382,26395.75,26380.75,26380.75,2.75,+0.01%,3
"2025-10-30 07:30",26420,26435,26378,26378,-74.75,-0.28%,17
"2025-10-30 07:15",26452.75,26452.75,26452.75,26452.75,-80.,-0.30%,1
"2025-10-30 07:00",26527.25,26532.75,26527.25,26532.75,10.25,+0.04%,6
"2025-10-30 06:45",26524.25,26524.25,26522.5,26522.5,-16.25,-0.06%,2
"2025-10-30 06:15",26542,26542,26538.75,26538.75,63.75,+0.24%,2
"2025-10-30 04:30",26489.25,26489.25,26475,26475,-81.,-0.31%,2
"2025-10-30 04:00",26550,26556,26550,26556,48,+0.18%,2
"2025-10-30 03:30",26508,26508,26508,26508,-17.,-0.06%,1
"2025-10-30 03:15",26525,26525,26525,26525,-28.25,-0.11%,1
"2025-10-30 03:00",26553.25,26553.25,26553.25,26553.25,17.75,+0.07%,1
"2025-10-30 02:15",26535.5,26535.5,26535.5,26535.5,3.25,+0.01%,5
"2025-10-30 02:00",26461,26532.25,26461,26532.25,7.75,+0.03%,8
"2025-10-30 01:45",26513.5,26524.5,26513.5,26524.5,16,+0.06%,10
"2025-10-30 01:30",26503.5,26508.5,26503.5,26508.5,5,+0.02%,12
"2025-10-30 01:15",26492,26503.5,26492,26503.5,-18.,-0.07%,12
"2025-10-30 01:00",26512,26521.5,26512,26521.5,-33.,-0.12%,12
"2025-10-30 00:45",26532.5,26554.5,26532.5,26554.5,10,+0.04%,25
"2025-10-30 00:30",26568.5,26590,26544.5,26544.5,24.5,+0.09%,5
"2025-10-30 00:15",26520,26520,26520,26520,17,+0.06%,1
"2025-10-30 00:00",26500,26503,26497.5,26503,-2.5,-0.01%,3
"2025-10-29 23:30",26420,26546.25,26420,26505.5,65.5,+0.25%,13
"2025-10-29 23:15",26454,26515.75,26440,26440,-23.5,-0.09%,13
"2025-10-29 23:00",26578,26578,26463.5,26463.5,-190.5,-0.71%,9
"2025-10-29 22:45",26664.25,26670,26654,26654,-6.,-0.02%,3
"2025-10-29 22:30",26660,26660,26660,26660,13.5,+0.05%,1
"2025-10-29 22:15",26658,26658,26646.5,26646.5,-2.5,-0.01%,4
"2025-10-29 22:00",26635,26654.5,26635,26649,24.75,+0.09%,107
"2025-10-29 21:15",26620,26626.25,26615.75,26624.25,19.25,+0.07%,5
"2025-10-29 21:00",26580,26605,26580,26605,27.5,+0.10%,9
"2025-10-29 20:30",26562,26578,26562,26577.5,44,+0.17%,5
"2025-10-29 20:00",26545.75,26545.75,26533.5,26533.5,-16.,-0.06%,2
"2025-10-29 19:45",26549.5,26549.5,26549.5,26549.5,-12.5,-0.05%,1
"2025-10-29 19:30",26575,26575,26562,26562,1,0.00%,3
"2025-10-29 19:15",26545.5,26571.75,26545.5,26561,23.5,+0.09%,7
"2025-10-29 19:00",26520,26537.5,26520,26537.5,37.5,+0.14%,3
"2025-10-29 18:45",26480,26500,26480,26500,59.75,+0.23%,2
"2025-10-29 18:30",26454.75,26454.75,26440.25,26440.25,-59.75,-0.23%,3
"2025-10-29 18:15",26500,26500,26500,26500,26.75,+0.10%,1
"2025-10-29 17:45",26473.25,26473.25,26473.25,26473.25,23.25,+0.09%,1
"2025-10-29 17:15",26465,26465,26450,26450,-50.,-0.19%,2
"2025-10-29 17:00",26442,26500,26442,26500,8.75,+0.03%,5
"2025-10-29 15:45",26535.25,26535.25,26491.25,26491.25,-32.,-0.12%,5
"2025-10-29 15:30",26495,26523.25,26495,26523.25,30,+0.11%,3
"2025-10-29 15:15",26490,26510.75,26460,26493.25,-8.25,-0.03%,19
"2025-10-29 15:00",26563,26610,26441.5,26501.5,-20.75,-0.08%,38
"2025-10-29 14:45",26458.25,26540,26458.25,26522.25,67.25,+0.25%,30
"2025-10-29 14:30",26433,26475,26413.25,26455,-3.75,-0.01%,9
"2025-10-29 14:15",26454.5,26500,26445,26458.75,-21.5,-0.08%,18
"2025-10-29 14:00",26460,26480.25,26381,26480.25,25.75,+0.10%,25
"2025-10-29 13:45",26359.75,26470,26338.25,26454.5,122,+0.46%,65
"2025-10-29 13:30",26511,26538,26317,26332.5,-155.5,-0.59%,149
"2025-10-29 13:15",26473.5,26513,26473.5,26488,-2.,-0.01%,18
"2025-10-29 13:00",26533,26533,26470.5,26490,-27.,-0.10%,24
"2025-10-29 12:45",26517,26517,26517,26517,7,+0.03%,1
"2025-10-29 12:30",26506,26510,26506,26510,27.25,+0.10%,7
"2025-10-29 12:15",26494.5,26494.5,26482,26482.75,-38.,-0.14%,10
"2025-10-29 12:00",26521.5,26521.5,26520.75,26520.75,18.25,+0.07%,3
"2025-10-29 11:45",26519.75,26520,26502.5,26502.5,-14.5,-0.05%,7
"2025-10-29 11:30",26504,26517,26504,26517,31.25,+0.12%,9
"2025-10-29 11:15",26485.5,26485.75,26485.5,26485.75,13.25,+0.05%,2
"2025-10-29 11:00",26500,26500.25,26472.5,26472.5,-29.75,-0.11%,11
"2025-10-29 10:45",26491,26506.5,26487,26502.25,5.25,+0.02%,7
"2025-10-29 10:30",26512,26519,26492,26497,-40.5,-0.15%,19
"2025-10-29 10:15",26520,26537.5,26520,26537.5,20,+0.08%,11
"2025-10-29 10:00",26532.25,26536.25,26500,26517.5,-5.5,-0.02%,23
"2025-10-29 09:45",26534.75,26534.75,26518,26523,-10.25,-0.04%,10
"2025-10-29 09:30",26568,26568,26533.25,26533.25,-13.5,-0.05%,4
"2025-10-29 09:15",26550,26553.25,26546.75,26546.75,-4.5,-0.02%,3
"2025-10-29 09:00",26583,26586.5,26534.75,26551.25,-25.,-0.09%,16
"2025-10-29 08:45",26539,26577,26530,26576.25,39,+0.15%,22
"2025-10-29 08:30",26544,26544,26520,26537.25,6,+0.02%,9
"2025-10-29 08:15",26531.25,26531.25,26531.25,26531.25,-3.5,-0.01%,4
"2025-10-29 08:00",26534.75,26534.75,26534.75,26534.75,17.25,+0.07%,1
"2025-10-29 07:30",26517.5,26517.5,26517.5,26517.5,-1.75,-0.01%,1
"2025-10-29 07:15",26519.25,26519.25,26519.25,26519.25,-18.5,-0.07%,1
"2025-10-29 07:00",26537.75,26537.75,26537.75,26537.75,-16.5,-0.06%,1
"2025-10-29 06:30",26554.25,26554.25,26554.25,26554.25,2.75,+0.01%,1
"2025-10-29 06:15",26534.25,26551.5,26534.25,26551.5,36.5,+0.14%,4
"2025-10-29 05:45",26526,26526,26515,26515,-7.,-0.03%,2
"2025-10-29 05:15",26518,26522,26518,26522,21.5,+0.08%,3
"2025-10-29 05:00",26500.5,26500.5,26500.5,26500.5,9.25,+0.03%,1
"2025-10-29 04:45",26491.25,26491.25,26491.25,26491.25,-22.5,-0.08%,1
"2025-10-29 04:15",26504.5,26513.75,26504.5,26513.75,3.75,+0.01%,10
"2025-10-29 04:00",26523,26523.25,26510,26510,-14.,-0.05%,3
"2025-10-29 03:45",26524,26524,26524,26524,-16.,-0.06%,1
"2025-10-29 03:30",26540,26540,26540,26540,-19.25,-0.07%,1
"2025-10-29 03:15",26546.25,26561.75,26546.25,26559.25,10,+0.04%,3
"2025-10-29 03:00",26566.25,26566.25,26549.25,26549.25,-8.75,-0.03%,2
"2025-10-29 02:30",26558,26558,26558,26558,14.25,+0.05%,1
"2025-10-29 02:00",26540.25,26543.75,26540.25,26543.75,3.75,+0.01%,3
"2025-10-29 01:45",26536,26540,26536,26540,2,+0.01%,2
"2025-10-29 01:30",26549,26549,26538,26538,-1.,0.00%,2
"2025-10-29 01:15",26538,26539,26538,26539,7,+0.03%,2
"2025-10-29 01:00",26532,26532,26532,26532,14.25,+0.05%,1
"2025-10-29 00:30",26517.75,26517.75,26517.75,26517.75,2.75,+0.01%,2
"2025-10-29 00:15",26515,26515,26515,26515,9,+0.03%,1
"2025-10-28 23:45",26506,26506,26506,26506,-0.75,0.00%,1
"2025-10-28 23:30",26506.75,26506.75,26506.75,26506.75,23.75,+0.09%,1
"2025-10-28 23:00",26483,26483,26483,26483,-21.25,-0.08%,1
"2025-10-28 22:30",26490.5,26504.25,26490.5,26504.25,-0.75,0.00%,12
"2025-10-28 22:00",26502,26505,26502,26505,-9.,-0.03%,2
"2025-10-28 21:15",26500,26514,26500,26514,25,+0.09%,13
"2025-10-28 21:00",26478,26490,26478,26489,9,+0.03%,9
"2025-10-28 20:45",26454.75,26480,26454.75,26480,7.5,+0.03%,6
"2025-10-28 20:30",26465,26472.5,26465,26472.5,21.75,+0.08%,6
"2025-10-28 20:15",26450.75,26450.75,26450.75,26450.75,6.75,+0.03%,1
"2025-10-28 20:00",26440,26448.75,26440,26444,15.25,+0.06%,3
"2025-10-28 19:45",26428.75,26428.75,26428.75,26428.75,-12.5,-0.05%,1
"2025-10-28 19:30",26448.75,26448.75,26439,26441.25,9,+0.03%,3
"2025-10-28 17:00",26432.25,26432.25,26432.25,26432.25,7.25,+0.03%,1
"2025-10-28 15:30",26425,26425,26425,26425,0,0.00%,1
"2025-10-28 15:15",26425,26425,26425,26425,7.5,+0.03%,1
"2025-10-28 15:00",26420,26424.5,26417.5,26417.5,-9.5,-0.04%,3
"2025-10-28 14:45",26460,26460,26427,26427,-43.,-0.16%,12
"2025-10-28 14:30",26487,26490,26470,26470,-15.,-0.06%,10
"2025-10-28 14:15",26464,26485,26452.25,26485,20,+0.08%,15
"2025-10-28 14:00",26439.5,26465.25,26439.5,26465,19.75,+0.07%,5
"2025-10-28 13:45",26443,26445.25,26442.75,26445.25,8,+0.03%,3
"2025-10-28 13:30",26450,26450,26437.25,26437.25,-2.75,-0.01%,4
"2025-10-28 13:15",26421,26440,26421,26440,25,+0.09%,3
"2025-10-28 13:00",26416,26416,26415,26415,5.75,+0.02%,2
"2025-10-28 12:45",26400.5,26413.5,26398.5,26409.25,7,+0.03%,11
"2025-10-28 12:30",26402,26403,26402,26402.25,9.75,+0.04%,3
"2025-10-28 12:15",26381.5,26392.75,26378.5,26392.5,4.5,+0.02%,8
"2025-10-28 12:00",26368,26388,26365,26388,8.25,+0.03%,4
"2025-10-28 11:45",26377.75,26387.5,26376.5,26379.75,8.75,+0.03%,4
"2025-10-28 11:30",26352.25,26401.25,26344,26371,21,+0.08%,31
"2025-10-28 11:15",26333,26350,26332.75,26350,5.25,+0.02%,19
"2025-10-28 11:00",26324.25,26344.75,26324.25,26344.75,38.5,+0.15%,5
"2025-10-28 10:45",26305,26306.25,26304,26306.25,5.5,+0.02%,3
"2025-10-28 10:30",26290,26300.75,26267.25,26300.75,-6.25,-0.02%,20
"2025-10-28 10:15",26303.25,26307,26303.25,26307,7,+0.03%,2
"2025-10-28 10:00",26299,26311,26297.75,26300,10,+0.04%,17
"2025-10-28 09:45",26274,26300,26274,26290,12.5,+0.05%,7
"2025-10-28 09:30",26295.75,26303.75,26277.5,26277.5,-25.5,-0.10%,10
"2025-10-28 09:15",26313,26313,26300,26303,-24.75,-0.09%,9
"2025-10-28 09:00",26317.25,26330,26317,26327.75,4.5,+0.02%,7
"2025-10-28 08:45",26327,26340,26288,26323.25,-11.75,-0.04%,27
"2025-10-28 08:30",26318,26346.25,26317.75,26335,25,+0.10%,11
"2025-10-28 08:15",26300.75,26310,26297,26310,-3.75,-0.01%,6
"2025-10-28 08:00",26268.75,26313.75,26268.75,26313.75,50,+0.19%,6
"2025-10-28 07:45",26264,26264,26263.75,26263.75,-11.25,-0.04%,2
"2025-10-28 07:15",26275,26275,26275,26275,8,+0.03%,2
"2025-10-28 07:00",26267,26267,26267,26267,13,+0.05%,2
"2025-10-28 06:30",26249,26254,26249,26254,-1.75,-0.01%,5
"2025-10-28 06:15",26255.75,26255.75,26255.75,26255.75,10.75,+0.04%,1
"2025-10-28 05:30",26245,26245,26245,26245,3.75,+0.01%,2
"2025-10-28 05:15",26241.25,26241.25,26241.25,26241.25,3.25,+0.01%,1
"2025-10-28 05:00",26238,26238,26238,26238,17.25,+0.07%,1
"2025-10-28 04:30",26229.25,26235,26220.75,26220.75,-6.25,-0.02%,6
"2025-10-28 04:00",26226.75,26227,26226.75,26227,24.25,+0.09%,2
"2025-10-28 03:30",26210,26210,26202.75,26202.75,-1.5,-0.01%,5
"2025-10-28 03:00",26211.25,26211.25,26204.25,26204.25,-11.75,-0.04%,2
"2025-10-28 02:45",26221,26221,26216,26216,-12.5,-0.05%,2
"2025-10-28 02:00",26228.5,26228.5,26228.5,26228.5,11,+0.04%,1
"2025-10-28 01:45",26219,26219,26217.5,26217.5,-10.5,-0.04%,2
"2025-10-28 01:30",26235,26235,26228,26228,13.25,+0.05%,2
"2025-10-28 01:15",26214.75,26214.75,26214.75,26214.75,-4.25,-0.02%,1
"2025-10-28 00:45",26219,26219,26219,26219,8,+0.03%,1
"2025-10-28 00:00",26211,26211,26211,26211,-36.5,-0.14%,3
"2025-10-27 22:45",26247.5,26247.5,26247.5,26247.5,13,+0.05%,1
"2025-10-27 22:30",26236.25,26236.25,26234.5,26234.5,6.5,+0.02%,2
"2025-10-27 20:45",26228,26228,26228,26228,-3.,-0.01%,1
"2025-10-27 20:00",26228,26231,26227.75,26231,-14.75,-0.06%,3
"2025-10-27 19:00",26245.75,26245.75,26245.75,26245.75,-12.75,-0.05%,1
"2025-10-27 18:00",26258.5,26258.5,26258.5,26258.5,0.75,0.00%,1
"2025-10-27 17:30",26257.75,26257.75,26257.75,26257.75,2.75,+0.01%,1
"2025-10-27 17:00",26255,26255,26255,26255,-11.,-0.04%,1
"2025-10-27 15:45",26260,26266,26260,26266,9.5,+0.04%,5
"2025-10-27 15:30",26256.25,26256.5,26256.25,26256.5,23.5,+0.09%,3
"2025-10-27 15:15",26233,26233,26233,26233,1.5,+0.01%,1
"2025-10-27 15:00",26225,26231.5,26225,26231.5,3.25,+0.01%,3
"2025-10-27 14:45",26194.25,26230.75,26194.25,26228.25,34,+0.13%,36
"2025-10-27 14:30",26192,26194.25,26192,26194.25,17.25,+0.07%,5
"2025-10-27 14:15",26180,26182,26177,26177,-18.25,-0.07%,35
"2025-10-27 14:00",26190,26195.25,26189.75,26195.25,-0.75,0.00%,3
"2025-10-27 13:45",26194,26200,26185,26196,7,+0.03%,18
"2025-10-27 13:30",26184.25,26189,26179,26189,2.5,+0.01%,82
"2025-10-27 13:15",26187,26187,26186.5,26186.5,3.5,+0.01%,11
"2025-10-27 13:00",26182.25,26183,26182.25,26183,3,+0.01%,2
"2025-10-27 12:45",26179.25,26180,26179.25,26180,4.75,+0.02%,2
"2025-10-27 12:30",26175,26175.25,26175,26175.25,7.25,+0.03%,4
"2025-10-27 12:00",26168,26168,26168,26168,12,+0.05%,15
"2025-10-27 11:45",26156,26156,26156,26156,-7.,-0.03%,1
"2025-10-27 11:30",26162.5,26168.5,26159.5,26163,1.5,+0.01%,9
"2025-10-27 11:15",26161.5,26161.5,26161.5,26161.5,0.25,0.00%,1
"2025-10-27 11:00",26155.25,26161.25,26155.25,26161.25,16.25,+0.06%,3
"2025-10-27 10:45",26158.25,26158.25,26145,26145,-12.,-0.05%,6
"2025-10-27 10:30",26154,26157,26154,26157,13.25,+0.05%,2
"2025-10-27 10:15",26143.75,26143.75,26143.75,26143.75,-2.5,-0.01%,1
"2025-10-27 10:00",26127.25,26147,26127.25,26146.25,20.5,+0.08%,10
"2025-10-27 09:45",26132,26137.25,26120.5,26125.75,-12.25,-0.05%,6
"2025-10-27 09:30",26114.75,26139.5,26114.75,26138,18,+0.07%,7
"2025-10-27 09:15",26078,26126.75,26078,26120,0,0.00%,30
"2025-10-27 09:00",26109.25,26126.25,26106,26120,29.75,+0.11%,13
"2025-10-27 08:45",26095.5,26095.5,26076.5,26090.25,9.75,+0.04%,4
"2025-10-27 08:30",26108,26108,26072,26080.5,0.5,0.00%,25
"2025-10-27 08:15",26080,26080,26080,26080,-4.75,-0.02%,1
"2025-10-27 07:30",26079.75,26084.75,26079.75,26084.75,-3.25,-0.01%,2
"2025-10-27 07:15",26088,26088,26088,26088,-8.,-0.03%,1
"2025-10-27 07:00",26083.5,26096,26083.5,26096,26,+0.10%,4
"2025-10-27 06:45",26070,26070,26070,26070,-30.5,-0.12%,1
"2025-10-27 05:45",26098.5,26100.5,26098.5,26100.5,0.5,0.00%,3
"2025-10-27 05:30",26100,26100,26100,26100,12.5,+0.05%,1
"2025-10-27 05:00",26087.5,26087.5,26087.5,26087.5,7.5,+0.03%,2
"2025-10-27 04:45",26080,26080,26080,26080,33.25,+0.13%,1
"2025-10-27 02:45",26046.75,26046.75,26046.75,26046.75,-10.25,-0.04%,2
"2025-10-27 02:30",26057,26057,26057,26057,-1.5,-0.01%,2
"2025-10-27 02:15",26057.5,26058.5,26057.5,26058.5,13.5,+0.05%,5
"2025-10-27 02:00",26047.5,26047.5,26045,26045,7,+0.03%,3
"2025-10-27 01:45",26048,26048,26038,26038,-9.,-0.03%,4
"2025-10-27 01:30",26040,26051.25,26040,26047,-2.,-0.01%,5
"2025-10-27 01:15",26045,26049,26045,26049,6,+0.02%,12
"2025-10-27 01:00",26043,26043,26043,26043,13,+0.05%,1
"2025-10-27 00:15",26030,26030,26030,26030,14,+0.05%,3
"2025-10-27 00:00",26016,26016,26016,26016,2.25,+0.01%,4
"2025-10-26 23:30",26017,26017,26013.75,26013.75,1.25,0.00%,3
"2025-10-26 23:15",26015,26015,26012.5,26012.5,-6.5,-0.02%,2
"2025-10-26 23:00",26015.5,26019,26009,26019,0,0.00%,9
"2025-10-26 22:30",26021.75,26021.75,26019,26019,0,0.00%,4
"2025-10-26 22:15",26019,26019,26019,26019,9.25,+0.04%,1
"2025-10-26 22:00",26006,26009.75,26006,26009.75,29,+0.11%,2
"2025-10-26 21:15",25980.75,25980.75,25980.75,25980.75,3.75,+0.01%,1
"2025-10-26 21:00",25977,25977,25977,25977,0,0.00%,1
"2025-10-26 20:30",25977,25977,25977,25977,14.5,+0.06%,6
"2025-10-26 20:00",25966,25967.25,25962.5,25962.5,-22.5,-0.09%,3
"2025-10-26 19:45",25985,25985,25985,25985,-6.,-0.02%,2
"2025-10-26 19:30",25991,25991,25991,25991,6,+0.02%,1
"2025-10-26 19:15",25985,25985,25985,25985,-1.,0.00%,1
"2025-10-26 19:00",25986,25986,25986,25986,9.5,+0.04%,3
"2025-10-26 18:45",25976.5,25976.5,25976.5,25976.5,0.5,0.00%,1
"2025-10-26 17:45",25976,25976,25976,25976,-4.,-0.02%,3
"2025-10-26 17:30",25985,25985,25980,25980,-12.75,-0.05%,12
"2025-10-26 17:15",25961,25992.75,25961,25992.75,37.75,+0.15%,3
"2025-10-26 17:00",25931.25,26000,25931.25,25955,187,+0.73%,22
"2025-10-24 15:30",25768,25768,25768,25768,13,+0.05%,5
"2025-10-24 15:15",25755,25755,25755,25755,-17.25,-0.07%,1
"2025-10-24 15:00",25749.25,25772.25,25749.25,25772.25,12.25,+0.05%,5
"2025-10-24 14:45",25787.5,25787.5,25750,25760,-50.,-0.19%,8
"2025-10-24 14:15",25810,25810,25810,25810,-1.,0.00%,1
"2025-10-24 14:00",25794.75,25811,25794,25811,21,+0.08%,4
"2025-10-24 13:30",25794.75,25799.5,25790,25790,-3.75,-0.01%,6
"2025-10-24 13:15",25797.25,25799.5,25792.25,25793.75,-4.25,-0.02%,13
"2025-10-24 13:00",25796.5,25798.5,25785.75,25798,-2.,-0.01%,16
"2025-10-24 12:45",25807,25815,25800,25800,-4.25,-0.02%,19
"2025-10-24 12:30",25799,25807.5,25799,25804.25,8.25,+0.03%,11
"2025-10-24 12:15",25794.75,25805.25,25794,25796,6,+0.02%,7
"2025-10-24 12:00",25790,25790,25790,25790,-12.,-0.05%,2
"2025-10-24 11:45",25782.5,25805.5,25782.5,25802,24.25,+0.09%,9
"2025-10-24 11:30",25792.25,25792.25,25777.75,25777.75,-10.25,-0.04%,13
"2025-10-24 11:15",25795,25808.5,25788,25788,-2.,-0.01%,11
"2025-10-24 11:00",25782,25790,25770.5,25790,23.75,+0.09%,11
"2025-10-24 10:45",25762.25,25781.25,25761.5,25766.25,-7.75,-0.03%,9
"2025-10-24 10:30",25778.75,25778.75,25774,25774,-5.,-0.02%,2
"2025-10-24 10:15",25755,25790,25755,25779,26.25,+0.10%,15
"2025-10-24 10:00",25720,25752.75,25714,25752.75,56.75,+0.22%,60
"2025-10-24 09:45",25780,25780,25687.75,25696,-87.5,-0.34%,33
"2025-10-24 09:30",25756.5,25783.5,25756.5,25783.5,31,+0.12%,6
"2025-10-24 09:15",25774.75,25774.75,25752.5,25752.5,-35.75,-0.14%,4
"2025-10-24 09:00",25765.25,25788.25,25765.25,25788.25,20.25,+0.08%,8
"2025-10-24 08:45",25777.5,25777.5,25717,25768,22.5,+0.09%,18
"2025-10-24 08:30",25730,25776.75,25730,25745.5,30.5,+0.12%,16
"2025-10-24 08:15",25737,25742,25715,25715,-9.,-0.03%,8
"2025-10-24 08:00",25724,25724,25724,25724,4,+0.02%,1
"2025-10-24 07:45",25732,25732,25720,25720,11,+0.04%,2
"2025-10-24 07:30",25613,25777.5,25613,25709,83,+0.32%,91
"2025-10-24 07:15",25617.25,25626,25614,25626,-4.,-0.02%,38
"2025-10-24 07:00",25630,25630,25630,25630,1,0.00%,1
"2025-10-24 06:45",25629,25629,25629,25629,4,+0.02%,1
"2025-10-24 06:15",25625,25625,25625,25625,3.25,+0.01%,1
"2025-10-24 06:00",25621.75,25621.75,25621.75,25621.75,3.75,+0.01%,1
"2025-10-24 05:45",25619,25619,25618,25618,-11.75,-0.05%,2
"2025-10-24 05:30",25629.75,25629.75,25629.75,25629.75,1.75,+0.01%,1
"2025-10-24 04:45",25628,25628,25628,25628,-14.,-0.05%,1
"2025-10-24 04:30",25641.25,25642,25641.25,25642,17,+0.07%,3
"2025-10-24 04:15",25622.75,25625,25622.75,25625,17,+0.07%,2
"2025-10-24 03:45",25608,25608,25608,25608,20.25,+0.08%,1
"2025-10-24 02:45",25587.75,25587.75,25587.75,25587.75,-22.25,-0.09%,1
"2025-10-24 02:30",25610,25610,25610,25610,11,+0.04%,1
"2025-10-24 02:15",25600,25600,25596.5,25599,-27.75,-0.11%,5
"2025-10-24 01:15",25620,25626.75,25620,25626.75,10.5,+0.04%,4
"2025-10-24 01:00",25600,25616.25,25600,25616.25,22.75,+0.09%,9
"2025-10-24 00:15",25577,25593.5,25577,25593.5,16.75,+0.07%,11
"2025-10-23 23:30",25576,25576.75,25576,25576.75,0,0.00%,2
"2025-10-23 22:30",25576.75,25576.75,25576.75,25576.75,1.75,+0.01%,1
"2025-10-23 22:15",25575,25575,25575,25575,5,+0.02%,1
"2025-10-23 21:15",25570,25570,25570,25570,5,+0.02%,1
"2025-10-23 20:45",25566,25566.5,25565,25565,-5.,-0.02%,5
"2025-10-23 20:15",25570,25570,25570,25570,18,+0.07%,1
"2025-10-23 19:30",25548.75,25552,25548.75,25552,6.5,+0.03%,4
"2025-10-23 17:00",25540,25545.5,25540,25545.5,21.5,+0.08%,2
"2025-10-23 15:45",25524,25524,25524,25524,-14.5,-0.06%,2
"2025-10-23 15:30",25537,25538.5,25532.75,25538.5,26,+0.10%,5
"2025-10-23 15:00",25512.5,25512.5,25512.5,25512.5,16,+0.06%,5
"2025-10-23 14:45",25484.25,25497,25484.25,25496.5,-5.75,-0.02%,3
"2025-10-23 14:30",25512.25,25518,25502.25,25502.25,-15.,-0.06%,15
"2025-10-23 14:15",25524.75,25527.25,25517.25,25517.25,-8.5,-0.03%,6
"2025-10-23 14:00",25525,25526.75,25511.5,25525.75,13.75,+0.05%,11
"2025-10-23 13:45",25512,25512,25512,25512,-8.,-0.03%,1
"2025-10-23 13:15",25508.5,25520,25502.25,25520,10.25,+0.04%,3
"2025-10-23 13:00",25519,25519,25508.75,25509.75,-20.25,-0.08%,9
"2025-10-23 12:45",25516.25,25530,25516.25,25530,20.25,+0.08%,12
"2025-10-23 12:30",25474.75,25518.5,25474.75,25509.75,60.25,+0.24%,6
"2025-10-23 12:15",25460.75,25462.25,25449.5,25449.5,-38.25,-0.15%,8
"2025-10-23 12:00",25490,25490,25449.75,25487.75,6,+0.02%,25
"2025-10-23 11:45",25471.25,25485,25471.25,25481.75,44.25,+0.17%,6
"2025-10-23 11:15",25473,25473,25437.5,25437.5,-31.,-0.12%,15
"2025-10-23 11:00",25453,25468.5,25453,25468.5,26.25,+0.10%,10
"2025-10-23 10:45",25382.75,25457,25382.75,25442.25,72.25,+0.28%,12
"2025-10-23 10:30",25439,25450,25370,25370,-62.,-0.24%,15
"2025-10-23 10:15",25395.75,25432,25390,25432,2.75,+0.01%,11
"2025-10-23 10:00",25429.25,25429.25,25429.25,25429.25,17.5,+0.07%,1
"2025-10-23 09:45",25400.25,25445.5,25400.25,25411.75,-0.75,0.00%,7
"2025-10-23 09:30",25395.75,25435.5,25395.75,25412.5,21.5,+0.08%,18
"2025-10-23 09:15",25372.25,25410.75,25340,25391,3,+0.01%,15
"2025-10-23 09:00",25415,25415,25362.75,25388,-10.,-0.04%,13
"2025-10-23 08:45",25350,25425.5,25345.5,25398,66,+0.26%,38
"2025-10-23 08:30",25269.25,25332,25269.25,25332,82,+0.32%,11
"2025-10-23 08:15",25250,25250,25250,25250,54.25,+0.22%,1
"2025-10-23 08:00",25234.75,25234.75,25195.25,25195.75,-46.,-0.18%,17
"2025-10-23 07:45",25212,25241.75,25212,25241.75,31.75,+0.13%,2
"2025-10-23 07:30",25200,25210,25184.75,25210,-6.5,-0.03%,4
"2025-10-23 07:15",25206.75,25216.5,25191.75,25216.5,9.5,+0.04%,13
"2025-10-23 07:00",25207,25207,25207,25207,-10.5,-0.04%,1
"2025-10-23 06:45",25230.5,25230.5,25217.5,25217.5,-27.,-0.11%,2
"2025-10-23 06:30",25263.5,25263.5,25244.5,25244.5,-11.5,-0.05%,2
"2025-10-23 06:15",25256,25256,25256,25256,3.5,+0.01%,1
"2025-10-23 06:00",25268.5,25268.5,25236.75,25252.5,-37.5,-0.15%,4
"2025-10-23 05:45",25290.25,25290.25,25290,25290,0,0.00%,2
"2025-10-23 04:45",25290,25290,25290,25290,10,+0.04%,1
"2025-10-23 04:15",25295,25295,25280,25280,-32.25,-0.13%,2
"2025-10-23 04:00",25334,25334,25312.25,25312.25,-26.75,-0.11%,3
"2025-10-23 02:45",25339,25339,25339,25339,1.25,0.00%,1
"2025-10-23 02:30",25338,25338,25337.75,25337.75,21.25,+0.08%,2
"2025-10-23 02:15",25363,25363,25316.5,25316.5,-48.,-0.19%,3
"2025-10-23 02:00",25352,25364.5,25352,25364.5,15.5,+0.06%,2
"2025-10-23 01:45",25349,25349,25349,25349,17.25,+0.07%,1
"2025-10-23 01:15",25331.75,25331.75,25331.75,25331.75,-4.,-0.02%,1
"2025-10-23 00:45",25335.75,25335.75,25335.75,25335.75,19.75,+0.08%,1
"2025-10-23 00:30",25316,25316,25316,25316,6.5,+0.03%,1
"2025-10-23 00:15",25309.5,25309.5,25309.5,25309.5,-30.5,-0.12%,1
"2025-10-22 22:30",25340,25340,25340,25340,-5.,-0.02%,1
"2025-10-22 22:15",25345,25345,25345,25345,-8.75,-0.03%,1
"2025-10-22 22:00",25353.75,25353.75,25353.75,25353.75,3.75,+0.01%,1
"2025-10-22 21:45",25350,25350,25350,25350,13.75,+0.05%,1
"2025-10-22 20:45",25339.25,25339.25,25336.25,25336.25,-13.75,-0.05%,6
"2025-10-22 20:30",25330,25350,25330,25350,33.5,+0.13%,2
"2025-10-22 20:15",25316.5,25316.5,25316.5,25316.5,15.75,+0.06%,1
"2025-10-22 20:00",25295,25300.75,25295,25300.75,10.75,+0.04%,3
"2025-10-22 19:45",25286,25290,25286,25290,16.5,+0.07%,3
"2025-10-22 19:30",25280,25280,25269.5,25273.5,38.75,+0.15%,4
"2025-10-22 19:00",25210.5,25234.75,25200,25234.75,-61.75,-0.24%,5
"2025-10-22 18:30",25292.25,25296.5,25292.25,25296.5,-11.5,-0.05%,5
"2025-10-22 18:00",25310,25310,25306.25,25308,18,+0.07%,7
"2025-10-22 17:45",25290,25290,25290,25290,45.25,+0.18%,1
"2025-10-22 17:00",25244.75,25244.75,25244.75,25244.75,-40.25,-0.16%,1
"2025-10-22 15:45",25285,25285,25285,25285,10,+0.04%,1
"2025-10-22 15:30",25275,25275,25275,25275,-2.5,-0.01%,1
"2025-10-22 15:15",25288.25,25288.25,25275,25277.5,-18.75,-0.07%,16
"2025-10-22 15:00",25299,25320,25295,25296.25,27,+0.11%,34
"2025-10-22 14:45",25269.25,25269.25,25269.25,25269.25,-0.75,0.00%,1
"2025-10-22 14:30",25269.5,25300,25269.5,25270,15,+0.06%,35
"2025-10-22 14:15",25242,25255,25232.25,25255,31,+0.12%,13
"2025-10-22 14:00",25200,25250,25200,25224,39,+0.15%,6
"2025-10-22 13:45",25185,25185,25185,25185,31,+0.12%,1
"2025-10-22 13:15",25097.75,25186,25097.5,25154,50.25,+0.20%,108
"2025-10-22 13:00",25136.75,25139.75,25103.75,25103.75,18,+0.07%,8
"2025-10-22 12:45",25083.5,25100,25053,25085.75,-18.,-0.07%,7
"2025-10-22 12:30",25140.75,25156,25096,25103.75,-21.25,-0.08%,15
"2025-10-22 12:15",25175,25175,25125,25125,-71.25,-0.28%,3
"2025-10-22 12:00",25240,25240,25196.25,25196.25,-53.75,-0.21%,5
"2025-10-22 11:45",25274,25274,25242,25250,19,+0.08%,7
"2025-10-22 11:30",25298,25298,25121.75,25231,-51.25,-0.20%,49
"2025-10-22 11:15",25310,25328.25,25276.5,25282.25,-41.,-0.16%,9
"2025-10-22 11:00",25341,25341,25301,25323.25,-25.25,-0.10%,8
"2025-10-22 10:45",25338.25,25365.75,25338.25,25348.5,28.5,+0.11%,10
"2025-10-22 10:30",25250,25320,25250,25320,14.25,+0.06%,29
"2025-10-22 10:15",25380,25380,25275,25305.75,-84.25,-0.33%,19
"2025-10-22 10:00",25425,25430.25,25390,25390,-19.5,-0.08%,16
"2025-10-22 09:45",25304,25412.5,25304,25409.5,84.5,+0.33%,20
"2025-10-22 09:30",25374.25,25374.25,25325,25325,-42.5,-0.17%,12
"2025-10-22 09:15",25455,25493,25367.5,25367.5,-92.5,-0.36%,21
"2025-10-22 09:00",25518.25,25520,25460,25460,-57.5,-0.23%,11
"2025-10-22 08:45",25511.5,25532.5,25511.5,25517.5,10.5,+0.04%,10
"2025-10-22 08:30",25461.5,25507,25437.75,25507,-15.25,-0.06%,17
"2025-10-22 08:15",25522,25522.25,25522,25522.25,10.25,+0.04%,2
"2025-10-22 07:45",25506.25,25512,25506.25,25512,14,+0.05%,2
"2025-10-22 07:30",25498,25498,25498,25498,13.5,+0.05%,1
"2025-10-22 07:00",25475,25487.5,25470,25484.5,17.75,+0.07%,5
"2025-10-22 06:45",25466.75,25466.75,25466.75,25466.75,-5.5,-0.02%,1
"2025-10-22 06:30",25475.75,25475.75,25472.25,25472.25,-30.,-0.12%,2
"2025-10-22 06:15",25484.25,25502.25,25484.25,25502.25,6.75,+0.03%,2
"2025-10-22 06:00",25530,25530,25495.5,25495.5,-55.5,-0.22%,7
"2025-10-22 05:45",25551,25551,25551,25551,17.75,+0.07%,1
"2025-10-22 05:30",25533.25,25533.25,25533.25,25533.25,2.25,+0.01%,1
"2025-10-22 05:15",25524.75,25531,25524.75,25531,19,+0.07%,2
"2025-10-22 04:45",25512,25512,25512,25512,6.25,+0.02%,1
"2025-10-22 04:15",25505.75,25505.75,25505.75,25505.75,22,+0.09%,1
"2025-10-22 04:00",25483.75,25483.75,25483.75,25483.75,-35.5,-0.14%,1
"2025-10-22 03:30",25519,25519.25,25510,25519.25,14.25,+0.06%,4
"2025-10-22 03:15",25505,25505,25505,25505,-15.,-0.06%,1
"2025-10-22 03:00",25530,25530,25520,25520,-30.75,-0.12%,2
"2025-10-22 02:30",25550.75,25550.75,25550.75,25550.75,11,+0.04%,1
"2025-10-22 02:15",25539.75,25539.75,25539.75,25539.75,12.5,+0.05%,1
"2025-10-22 02:00",25525.25,25527.25,25525,25527.25,-58.,-0.23%,3
"2025-10-22 01:30",25585.25,25585.25,25585.25,25585.25,12.75,+0.05%,1
"2025-10-22 01:15",25572.5,25572.5,25572.5,25572.5,29,+0.11%,2
"2025-10-22 01:00",25543.5,25543.5,25543.5,25543.5,-15.25,-0.06%,1
"2025-10-22 00:30",25558.75,25558.75,25558.75,25558.75,-8.25,-0.03%,1
"2025-10-21 23:45",25563.25,25567,25561.25,25567,-6.,-0.02%,3
"2025-10-21 23:15",25573,25573,25573,25573,2.5,+0.01%,2
"2025-10-21 23:00",25540,25570.5,25540,25570.5,30.5,+0.12%,7
"2025-10-21 22:45",25540,25540,25540,25540,29,+0.11%,1
"2025-10-21 20:45",25511,25511,25511,25511,23,+0.09%,1
"2025-10-21 20:15",25488,25488,25488,25488,15,+0.06%,1
"2025-10-21 19:45",25473,25473,25473,25473,-13.75,-0.05%,1
"2025-10-21 19:30",25486.75,25486.75,25486.75,25486.75,4.5,+0.02%,1
"2025-10-21 19:15",25482.25,25482.25,25482.25,25482.25,-12.25,-0.05%,1
"2025-10-21 19:00",25494.5,25494.5,25494.5,25494.5,-3.25,-0.01%,1
"2025-10-21 18:45",25497.75,25497.75,25497.75,25497.75,16.25,+0.06%,1
"2025-10-21 15:00",25510.75,25510.75,25480,25481.5,-56.25,-0.22%,13
"2025-10-21 14:45",25569,25574.25,25537.75,25537.75,-19.75,-0.08%,4
"2025-10-21 14:15",25557.75,25557.75,25557.5,25557.5,-5.75,-0.02%,2
"2025-10-21 14:00",25553.5,25563.25,25551,25563.25,3.25,+0.01%,4
"2025-10-21 13:45",25555.25,25560,25555.25,25560,7.5,+0.03%,3
"2025-10-21 13:30",25565,25567,25550,25552.5,15.5,+0.06%,5
"2025-10-21 13:15",25537,25537,25537,25537,-15.5,-0.06%,1
"2025-10-21 13:00",25555.25,25565,25552.5,25552.5,-7.25,-0.03%,5
"2025-10-21 12:45",25555,25559.75,25555,25559.75,13.5,+0.05%,2
"2025-10-21 12:30",25540,25546.25,25520,25546.25,15.5,+0.06%,3
"2025-10-21 12:15",25542,25548.75,25509.25,25530.75,-6.,-0.02%,16
"2025-10-21 12:00",25515,25536.75,25515,25536.75,-6.5,-0.03%,8
"2025-10-21 11:45",25585.75,25594.25,25543.25,25543.25,-27.75,-0.11%,8
"2025-10-21 11:30",25588.5,25588.5,25571,25571,-7.25,-0.03%,5
"2025-10-21 11:15",25584,25584,25566.5,25578.25,-8.5,-0.03%,3
"2025-10-21 11:00",25564.5,25586.75,25564.5,25586.75,17.75,+0.07%,4
"2025-10-21 10:45",25548.25,25569,25547,25569,42,+0.16%,10
"2025-10-21 10:30",25532.75,25535.5,25505,25527,5.25,+0.02%,8
"2025-10-21 10:15",25519.75,25521.75,25497,25521.75,-22.25,-0.09%,4
"2025-10-21 10:00",25532.25,25546.75,25522,25544,5.75,+0.02%,15
"2025-10-21 09:45",25485.5,25538.25,25485.5,25538.25,47.75,+0.19%,18
"2025-10-21 09:30",25475.5,25496.75,25455,25490.5,24.25,+0.10%,10
"2025-10-21 09:15",25491,25520.5,25455,25466.25,-31.25,-0.12%,22
"2025-10-21 09:00",25460,25497.5,25460,25497.5,20,+0.08%,14
"2025-10-21 08:45",25495,25515.5,25470,25477.5,-33.,-0.13%,27
"2025-10-21 08:30",25510,25525.5,25480,25510.5,-17.5,-0.07%,13
"2025-10-21 08:15",25533,25533,25528,25528,3,+0.01%,5
"2025-10-21 08:00",25525,25525,25525,25525,-26.75,-0.10%,1
"2025-10-21 07:15",25560,25560,25551.75,25551.75,-1.75,-0.01%,2
"2025-10-21 07:00",25553.5,25553.5,25553.5,25553.5,5.25,+0.02%,1
"2025-10-21 06:45",25545.75,25552.25,25545.75,25548.25,0.75,0.00%,3
"2025-10-21 06:30",25543,25547.5,25540.5,25547.5,-2.5,-0.01%,3
"2025-10-21 06:15",25550,25550,25550,25550,24.5,+0.10%,1
"2025-10-21 05:45",25525.5,25525.5,25525.5,25525.5,15.5,+0.06%,1
"2025-10-21 05:15",25510,25510,25510,25510,-9.75,-0.04%,1
"2025-10-21 05:00",25519.75,25519.75,25519.75,25519.75,-10.25,-0.04%,1
"2025-10-21 04:30",25540.5,25540.5,25530,25530,-5.5,-0.02%,3
"2025-10-21 04:15",25535.5,25535.5,25535.5,25535.5,5,+0.02%,1
"2025-10-21 04:00",25515.75,25530.5,25515.75,25530.5,18.75,+0.07%,2
"2025-10-21 03:45",25511.75,25511.75,25511.75,25511.75,11.75,+0.05%,1
"2025-10-21 03:15",25507,25507,25500,25500,-15.,-0.06%,3
"2025-10-21 02:45",25515,25515,25515,25515,-10.,-0.04%,1
"2025-10-21 02:30",25525,25525,25525,25525,-10.,-0.04%,1
"2025-10-21 02:15",25535,25535,25535,25535,13.75,+0.05%,1
"2025-10-21 02:00",25520,25521.25,25520,25521.25,-2.75,-0.01%,2
"2025-10-21 01:15",25524,25524,25524,25524,-15.5,-0.06%,1
"2025-10-21 00:45",25539.5,25539.5,25539.5,25539.5,0,0.00%,1
"2025-10-21 00:00",25539.5,25539.5,25539.5,25539.5,-33.5,-0.13%,1
"2025-10-20 23:15",25573,25573,25573,25573,11.75,+0.05%,1
"2025-10-20 23:00",25572.25,25572.75,25561.25,25561.25,-11.75,-0.05%,4
"2025-10-20 22:45",25573,25573,25573,25573,-11.25,-0.04%,1
"2025-10-20 22:30",25584.25,25584.25,25584.25,25584.25,-21.75,-0.08%,1
"2025-10-20 21:30",25603.75,25606,25603.75,25606,14.75,+0.06%,5
"2025-10-20 21:00",25591.25,25591.25,25591.25,25591.25,-4.5,-0.02%,1
"2025-10-20 20:45",25595.75,25595.75,25595.75,25595.75,10.75,+0.04%,1
"2025-10-20 19:45",25585,25585,25585,25585,6.5,+0.03%,1
"2025-10-20 19:30",25578.5,25578.5,25578.5,25578.5,19.75,+0.08%,1
"2025-10-20 19:00",25558.75,25558.75,25558.75,25558.75,-5.25,-0.02%,1
"2025-10-20 18:45",25564,25564,25564,25564,-12.,-0.05%,1
"2025-10-20 18:15",25576,25576,25576,25576,-12.,-0.05%,1
"2025-10-20 18:00",25571,25590,25571,25588,38.75,+0.15%,3
"2025-10-20 17:00",25567,25567,25549.25,25549.25,-15.75,-0.06%,6
"2025-10-20 15:30",25565,25565,25565,25565,13,+0.05%,1
"2025-10-20 15:00",25549,25552,25549,25552,6.75,+0.03%,3
"2025-10-20 14:45",25557.5,25564,25545.25,25545.25,-20.25,-0.08%,5
"2025-10-20 14:30",25565.5,25565.5,25565.5,25565.5,16.75,+0.07%,1
"2025-10-20 14:15",25548.75,25548.75,25548.75,25548.75,-14.,-0.05%,1
"2025-10-20 13:45",25555.5,25562.75,25555.5,25562.75,-6.5,-0.03%,2
"2025-10-20 13:30",25583.5,25583.5,25569.25,25569.25,-15.75,-0.06%,2
"2025-10-20 13:15",25593.25,25593.25,25584.75,25585,-10.75,-0.04%,5
"2025-10-20 13:00",25595.75,25595.75,25595.75,25595.75,9.25,+0.04%,1
"2025-10-20 12:45",25586.5,25586.5,25586.5,25586.5,-9.75,-0.04%,1
"2025-10-20 12:30",25597,25597,25596.25,25596.25,11.25,+0.04%,5
"2025-10-20 12:15",25586,25599,25585,25585,6.5,+0.03%,4
"2025-10-20 12:00",25570,25584.5,25570,25578.5,13.5,+0.05%,12
"2025-10-20 11:45",25565,25565,25565,25565,8.25,+0.03%,1
"2025-10-20 11:30",25551.75,25556.75,25542,25556.75,-1.75,-0.01%,16
"2025-10-20 11:15",25555.25,25558.5,25545,25558.5,0.5,0.00%,8
"2025-10-20 11:00",25560.75,25568.5,25555.75,25558,13,+0.05%,6
"2025-10-20 10:45",25574.25,25590,25545,25545,-15.25,-0.06%,8
"2025-10-20 10:30",25569.25,25569.25,25560.25,25560.25,-5.,-0.02%,2
"2025-10-20 10:15",25562,25571,25558.75,25565.25,19.75,+0.08%,9
"2025-10-20 10:00",25560.75,25561,25545.5,25545.5,-16.75,-0.07%,4
"2025-10-20 09:45",25550,25565,25550,25562.25,22.75,+0.09%,16
"2025-10-20 09:30",25527.75,25539.5,25512.25,25539.5,17,+0.07%,7
"2025-10-20 09:15",25455,25522.5,25455,25522.5,32,+0.13%,5
"2025-10-20 09:00",25472,25496,25463.5,25490.5,38.5,+0.15%,14
"2025-10-20 08:45",25445.25,25473.75,25445.25,25452,-5.5,-0.02%,9
"2025-10-20 08:30",25401.25,25460,25401.25,25457.5,67.5,+0.27%,9
"2025-10-20 08:15",25390,25390,25390,25390,5,+0.02%,1
"2025-10-20 08:00",25384.5,25385,25384.5,25385,16.25,+0.06%,7
"2025-10-20 07:45",25350.5,25368.75,25350.5,25368.75,22.5,+0.09%,4
"2025-10-20 07:30",25346.25,25346.25,25346.25,25346.25,23.25,+0.09%,1
"2025-10-20 07:15",25323,25323,25323,25323,0.25,0.00%,1
"2025-10-20 07:00",25322.75,25322.75,25322.75,25322.75,-6.25,-0.02%,1
"2025-10-20 06:45",25329,25329,25329,25329,16.5,+0.07%,1
"2025-10-20 06:00",25312.5,25312.5,25312.5,25312.5,30.5,+0.12%,1
"2025-10-20 05:45",25295,25295,25282,25282,-31.,-0.12%,4
"2025-10-20 05:00",25313,25313,25313,25313,-16.25,-0.06%,1
"2025-10-20 04:30",25317.75,25329.25,25317.75,25329.25,-8.25,-0.03%,2
"2025-10-20 04:15",25337.5,25337.5,25337.5,25337.5,20.25,+0.08%,1
"2025-10-20 04:00",25317.25,25317.25,25317.25,25317.25,-18.,-0.07%,1
"2025-10-20 03:30",25335.25,25335.25,25335.25,25335.25,-19.25,-0.08%,1
"2025-10-20 02:45",25354.5,25354.5,25354.5,25354.5,-30.,-0.12%,1
"2025-10-20 02:30",25384.5,25384.5,25384.5,25384.5,49.75,+0.20%,1
"2025-10-20 01:00",25334.75,25334.75,25334.75,25334.75,-29.75,-0.12%,1
"2025-10-20 00:45",25363.75,25364.5,25363.75,25364.5,13.75,+0.05%,2
"2025-10-20 00:30",25350.75,25350.75,25350.75,25350.75,4.75,+0.02%,1
"2025-10-20 00:15",25346,25346,25346,25346,-2.5,-0.01%,1
"2025-10-19 23:45",25342,25348.5,25342,25348.5,3.5,+0.01%,2
"2025-10-19 23:30",25345,25345,25345,25345,5,+0.02%,1
"2025-10-19 23:00",25336.75,25340,25336.75,25340,1,0.00%,3
"2025-10-19 22:45",25317.75,25339,25317.75,25339,39,+0.15%,3
"2025-10-19 22:00",25300,25300,25300,25300,8,+0.03%,1
"2025-10-19 21:45",25295,25296.75,25292,25292,18.5,+0.07%,3
"2025-10-19 21:00",25273.5,25273.5,25273.5,25273.5,-13.5,-0.05%,1
"2025-10-19 20:45",25287,25287,25287,25287,-3.,-0.01%,1
"2025-10-19 20:30",25290,25290,25290,25290,-9.,-0.04%,1
"2025-10-19 20:15",25299,25299,25299,25299,6,+0.02%,1
"2025-10-19 20:00",25293,25293,25293,25293,7,+0.03%,3
"2025-10-19 19:45",25260,25288.25,25260,25286,31,+0.12%,6
"2025-10-19 19:30",25250,25255,25244,25255,36,+0.14%,3
"2025-10-19 19:15",25202.5,25230,25202.5,25219,-26.,-0.10%,6
"2025-10-19 18:15",25260,25260,25245,25245,-59.,-0.23%,2
"2025-10-19 17:45",25304,25304,25304,25304,17,+0.07%,1
"2025-10-19 17:30",25287,25287,25287,25287,50,+0.20%,1
"2025-10-17 14:45",25237,25237,25237,25237,2,+0.01%,1
"2025-10-17 14:30",25235,25235,25233,25235,-53.25,-0.21%,3
"2025-10-17 14:00",25253,25294.5,25253,25288.25,52.75,+0.21%,5
"2025-10-17 13:30",25239.75,25268.25,25235.5,25235.5,-13.25,-0.05%,6
"2025-10-17 13:15",25227,25265.5,25227,25248.75,28.75,+0.11%,6
"2025-10-17 13:00",25188.25,25220,25179.25,25220,55,+0.22%,18
"2025-10-17 12:45",25088.5,25181.25,25088.5,25165,13.5,+0.05%,12
"2025-10-17 12:30",25129.75,25151.5,25129.75,25151.5,36.5,+0.15%,5
"2025-10-17 12:15",25093.5,25115,25085,25115,-16.75,-0.07%,4
"2025-10-17 12:00",25125.25,25148,25100,25131.75,-8.25,-0.03%,12
"2025-10-17 11:45",25134.75,25201.75,25134.75,25140,-10.,-0.04%,14
"2025-10-17 11:30",25200,25210.25,25144,25150,-40.,-0.16%,19
"2025-10-17 11:15",25162,25190.75,25148.5,25190,28,+0.11%,13
"2025-10-17 11:00",25114,25165.75,25114,25162,61,+0.24%,14
"2025-10-17 10:45",25029.5,25101,25029.25,25101,92,+0.37%,10
"2025-10-17 10:30",24993.25,25021.5,24917.25,25009,24.25,+0.10%,13
"2025-10-17 10:15",24975,25005.5,24940.5,24984.75,-9.25,-0.04%,18
"2025-10-17 10:00",24999.75,25075,24992.25,24994,-6.,-0.02%,17
"2025-10-17 09:45",25090,25100.5,25000,25000,-50.5,-0.20%,13
"2025-10-17 09:30",25123.75,25134.25,25028.75,25050.5,-99.5,-0.40%,18
"2025-10-17 09:15",25180,25200,25128.75,25150,-23.75,-0.09%,41
"2025-10-17 09:00",25050,25174.5,25028.25,25173.75,115.25,+0.46%,48
"2025-10-17 08:45",24922.75,25120,24920.25,25058.5,146.75,+0.59%,38
"2025-10-17 08:30",25000.75,25051,24911.75,24911.75,-78.5,-0.31%,16
"2025-10-17 08:15",24965,24990.25,24965,24990.25,-9.75,-0.04%,3
"2025-10-17 08:00",25000,25000,25000,25000,0,0.00%,1
"2025-10-17 07:45",24993.25,25010,24989.5,25000,-20.,-0.08%,4
"2025-10-17 07:30",25015,25032.25,25014,25020,7.25,+0.03%,6
"2025-10-17 07:15",25000,25038.5,24993,25012.75,6,+0.02%,9
"2025-10-17 07:00",24951.5,25008.75,24950.5,25006.75,59,+0.24%,8
"2025-10-17 06:45",24947.75,24947.75,24947.75,24947.75,13,+0.05%,1
"2025-10-17 06:30",24907,24949,24907,24934.75,-20.25,-0.08%,4
"2025-10-17 06:15",24946.25,24955,24921.25,24955,5,+0.02%,19
"2025-10-17 06:00",24810,24951.5,24808,24950,144,+0.58%,80
"2025-10-17 05:45",24806,24806,24806,24806,65.25,+0.26%,1
"2025-10-17 05:30",24765,24766.25,24740.75,24740.75,21.5,+0.09%,3
"2025-10-17 05:15",24741,24753.25,24719.25,24719.25,-51.5,-0.21%,10
"2025-10-17 05:00",24770.75,24770.75,24770.75,24770.75,34.5,+0.14%,1
"2025-10-17 04:30",24739.75,24739.75,24736.25,24736.25,7.75,+0.03%,2
"2025-10-17 03:45",24720,24735,24718.5,24728.5,1,0.00%,9
"2025-10-17 03:30",24744.25,24744.25,24727.5,24727.5,34.25,+0.14%,2
"2025-10-17 03:15",24674,24693.25,24646,24693.25,10.25,+0.04%,13
"2025-10-17 03:00",24714,24722,24678.5,24683,-43.,-0.17%,24
"2025-10-17 02:45",24722.5,24745.25,24722.25,24726,-2.75,-0.01%,16
"2025-10-17 02:30",24717.25,24736.5,24666,24728.75,11.75,+0.05%,45
"2025-10-17 02:15",24692.75,24745,24690,24717,-41.25,-0.17%,13
"2025-10-17 02:00",24823,24823,24750,24758.25,-51.75,-0.21%,8
"2025-10-17 01:45",24846.25,24846.5,24809.5,24810,-2.5,-0.01%,9
"2025-10-17 01:30",24844.75,24852.25,24812.5,24812.5,-70.25,-0.28%,15
"2025-10-17 01:15",24891,24891,24882.75,24882.75,-17.25,-0.07%,3
"2025-10-17 01:00",24898,24900,24898,24900,-7.5,-0.03%,2
"2025-10-17 00:45",24875.75,24907.5,24875.75,24907.5,44.75,+0.18%,3
"2025-10-17 00:30",24885,24885,24855.25,24862.75,-36.,-0.14%,11
"2025-10-17 00:15",24900,24900,24898.75,24898.75,-42.5,-0.17%,2
"2025-10-16 23:45",24945,24945,24941.25,24941.25,-22.75,-0.09%,2
"2025-10-16 22:30",25000.75,25000.75,24964,24964,-10.25,-0.04%,7
"2025-10-16 20:45",24980.25,24988.5,24974,24974.25,-75.75,-0.30%,8
"2025-10-16 20:15",25065,25065,25050,25050,-21.75,-0.09%,3
"2025-10-16 20:00",25043.75,25071.75,25042.75,25071.75,58,+0.23%,12
"2025-10-16 19:00",25013,25013.75,25013,25013.75,32.75,+0.13%,3
"2025-10-16 18:45",24973.5,24981,24973.5,24981,0.5,0.00%,2
"2025-10-16 17:45",25020.25,25020.25,24980.5,24980.5,-99.5,-0.40%,8
"2025-10-16 17:00",25080,25080,25080,25080,47,+0.19%,1
"2025-10-16 15:45",25030,25033,25030,25033,21,+0.08%,3
"2025-10-16 15:30",25012,25012,25012,25012,12,+0.05%,1
"2025-10-16 15:15",25020,25020,25000,25000,5.25,+0.02%,2
"2025-10-16 15:00",25075,25077,24994.75,24994.75,-65.25,-0.26%,5
"2025-10-16 14:45",25003,25079,25003,25060,56.25,+0.22%,10
"2025-10-16 14:30",24954.25,25020,24954.25,25003.75,44.25,+0.18%,14
"2025-10-16 14:15",24994.5,24996.5,24950,24959.5,-45.25,-0.18%,21
"2025-10-16 14:00",25018,25046.75,24995.5,25004.75,-38.,-0.15%,19
"2025-10-16 13:45",25015,25042.75,24995.5,25042.75,53.5,+0.21%,24
"2025-10-16 13:30",24910,25020.5,24883.5,24989.25,68.25,+0.27%,54
"2025-10-16 13:15",24900,24970,24900,24921,-27.5,-0.11%,23
"2025-10-16 13:00",25098,25108,24940.5,24948.5,-154.75,-0.62%,35
"2025-10-16 12:45",25090,25120.25,25068,25103.25,-11.75,-0.05%,49
"2025-10-16 12:30",25181.25,25189.5,25107.5,25115,-55.,-0.22%,10
"2025-10-16 12:15",25181,25197,25122,25170,18.5,+0.07%,19
"2025-10-16 12:00",25169,25169,25067.25,25151.5,-18.5,-0.07%,21
"2025-10-16 11:45",25014,25170,24989.5,25170,125,+0.50%,38
"2025-10-16 11:30",25070,25078.25,24994.5,25045,-68.25,-0.27%,72
"2025-10-16 11:15",25235.25,25235.25,25113.25,25113.25,-97.75,-0.39%,24
"2025-10-16 11:00",25209.25,25236.25,25179,25211,4.5,+0.02%,17
"2025-10-16 10:45",25217.5,25247.75,25198.5,25206.5,-44.,-0.17%,14
"2025-10-16 10:30",25243.5,25305.25,25229,25250.5,-31.5,-0.12%,17
"2025-10-16 10:15",25340,25340,25265.5,25282,-58.25,-0.23%,13
"2025-10-16 10:00",25333.75,25340.25,25320.25,25340.25,-9.75,-0.04%,6
"2025-10-16 09:45",25417,25417,25350,25350,-66.5,-0.26%,22
"2025-10-16 09:30",25328.25,25416.5,25328.25,25416.5,101.5,+0.40%,23
"2025-10-16 09:15",25295,25335,25294.5,25315,30,+0.12%,16
"2025-10-16 09:00",25294.5,25325,25264.25,25285,-26.,-0.10%,12
"2025-10-16 08:45",25345.75,25367,25280,25311,-19.,-0.08%,30
"2025-10-16 08:30",25299,25345,25293.25,25330,26,+0.10%,21
"2025-10-16 08:15",25304,25304,25304,25304,-3.25,-0.01%,1
"2025-10-16 08:00",25307.25,25307.25,25307.25,25307.25,-22.75,-0.09%,1
"2025-10-16 07:45",25325,25330,25325,25330,2,+0.01%,2
"2025-10-16 07:30",25298,25328,25298,25328,40.5,+0.16%,5
"2025-10-16 07:15",25288,25288,25287.5,25287.5,-13.,-0.05%,2
"2025-10-16 07:00",25310.25,25314,25300.5,25300.5,-11.5,-0.05%,4
"2025-10-16 06:45",25312,25312,25312,25312,6.25,+0.02%,1
"2025-10-16 06:30",25325,25325,25305.75,25305.75,-9.25,-0.04%,3
"2025-10-16 06:15",25315,25315,25315,25315,13,+0.05%,1
"2025-10-16 06:00",25306.25,25310,25302,25302,3.5,+0.01%,3
"2025-10-16 05:45",25299.25,25300.25,25298.5,25298.5,35.5,+0.14%,4
"2025-10-16 04:00",25263,25263,25263,25263,-24.75,-0.10%,1
"2025-10-16 03:15",25287.75,25287.75,25287.75,25287.75,7.75,+0.03%,1
"2025-10-16 02:45",25265,25280.25,25265,25280,52,+0.21%,8
"2025-10-16 02:30",25229.5,25229.5,25228,25228,-47.,-0.19%,2
"2025-10-16 02:00",25275,25275,25275,25275,40,+0.16%,1
"2025-10-16 01:15",25235,25235,25235,25235,13,+0.05%,1
"2025-10-16 01:00",25222,25222,25222,25222,33.5,+0.13%,1
"2025-10-16 00:45",25187,25188.5,25187,25188.5,-13.5,-0.05%,2
"2025-10-16 00:30",25200.25,25202,25194,25202,22,+0.09%,4
"2025-10-15 23:30",25180,25180,25180,25180,30,+0.12%,1
"2025-10-15 22:15",25160,25160,25150,25150,-33.25,-0.13%,2
"2025-10-15 22:00",25181,25183.25,25181,25183.25,3.25,+0.01%,2
"2025-10-15 21:45",25163,25180,25163,25180,30,+0.12%,2
"2025-10-15 21:30",25150,25150,25143,25150,-13.25,-0.05%,5
"2025-10-15 21:15",25163.25,25163.25,25163.25,25163.25,-19.75,-0.08%,1
"2025-10-15 21:00",25180,25183,25180,25183,23,+0.09%,2
"2025-10-15 20:45",25160,25160,25160,25160,-20.,-0.08%,1
"2025-10-15 20:15",25180,25180,25180,25180,0,0.00%,1
"2025-10-15 20:00",25169.5,25180,25168,25180,22,+0.09%,12
"2025-10-15 19:45",25143,25158,25143,25158,24.5,+0.10%,2
"2025-10-15 19:30",25153.75,25153.75,25133.5,25133.5,-24.5,-0.10%,5
"2025-10-15 19:15",25156.5,25158,25156.5,25158,-12.5,-0.05%,2
"2025-10-15 18:30",25170.5,25170.5,25170.5,25170.5,-30.5,-0.12%,1
"2025-10-15 17:45",25200.75,25201,25200.75,25201,-5.5,-0.02%,2
"2025-10-15 17:30",25206.5,25206.5,25206.5,25206.5,-20.25,-0.08%,1
"2025-10-15 17:15",25226.75,25226.75,25226.75,25226.75,1.75,+0.01%,1
"2025-10-15 17:00",25199.5,25226,25199.5,25225,40,+0.16%,7
"2025-10-15 15:45",25185,25185,25185,25185,-0.25,0.00%,1
"2025-10-15 15:15",25200.5,25200.5,25185,25185.25,-10.25,-0.04%,3
"2025-10-15 15:00",25195.5,25195.5,25195.5,25195.5,44.75,+0.18%,1
"2025-10-15 14:45",25147,25150.75,25099.25,25150.75,8.75,+0.03%,12
"2025-10-15 14:30",25188.75,25188.75,25120,25142,-41.75,-0.17%,6
"2025-10-15 14:15",25170,25193.5,25170,25183.75,27.5,+0.11%,7
"2025-10-15 14:00",25187.75,25187.75,25156.25,25156.25,-38.,-0.15%,3
"2025-10-15 13:45",25172,25195,25172,25194.25,28.5,+0.11%,9
"2025-10-15 13:30",25152,25185,25150,25165.75,25.5,+0.10%,9
"2025-10-15 13:15",25140,25151,25130,25140.25,7.25,+0.03%,14
"2025-10-15 13:00",25121.5,25133,25110.25,25133,-12.,-0.05%,5
"2025-10-15 12:45",25085.25,25145,25085.25,25145,79.25,+0.32%,15
"2025-10-15 12:30",24987.5,25075.75,24987.5,25065.75,86.75,+0.35%,17
"2025-10-15 12:15",24920,25030,24908.25,24979,15,+0.06%,37
"2025-10-15 12:00",25135,25135,24964,24964,-191.,-0.76%,45
"2025-10-15 11:45",25163.25,25170,25145,25155,-27.,-0.11%,13
"2025-10-15 11:30",25190,25190,25170,25182,-48.75,-0.19%,8
"2025-10-15 11:15",25191.25,25230.75,25170,25230.75,31.5,+0.13%,9
"2025-10-15 11:00",25185,25212.5,25175,25199.25,19.25,+0.08%,16
"2025-10-15 10:45",25195,25195,25124,25180,-19.75,-0.08%,22
"2025-10-15 10:30",25270,25272,25183.75,25199.75,-125.,-0.49%,42
"2025-10-15 10:15",25305,25324.75,25298.5,25324.75,-19.25,-0.08%,13
"2025-10-15 10:00",25330,25344,25330,25344,-6.,-0.02%,2
"2025-10-15 09:45",25323.25,25350,25323.25,25350,3.75,+0.01%,6
"2025-10-15 09:30",25347.25,25349.25,25346.25,25346.25,4.5,+0.02%,5
"2025-10-15 09:15",25336,25351,25319,25341.75,21.75,+0.09%,14
"2025-10-15 09:00",25270,25353,25263.75,25320,66.25,+0.26%,21
"2025-10-15 08:45",25185.5,25257.5,25133.75,25253.75,74,+0.29%,61
"2025-10-15 08:30",25220,25224.75,25179.75,25179.75,-67.5,-0.27%,18
"2025-10-15 08:15",25256,25256,25240,25247.25,-13.75,-0.05%,5
"2025-10-15 07:45",25254.5,25261,25248.5,25261,11,+0.04%,8
"2025-10-15 07:30",25230,25250,25230,25250,17.75,+0.07%,3
"2025-10-15 07:15",25255,25261,25232.25,25232.25,-17.75,-0.07%,15
"2025-10-15 07:00",25211,25250,25211,25250,44.75,+0.18%,7
"2025-10-15 06:45",25205.25,25205.25,25205.25,25205.25,0.25,0.00%,1
"2025-10-15 06:30",25179.5,25205,25179.5,25205,17.25,+0.07%,2
"2025-10-15 06:15",25191.75,25191.75,25187.75,25187.75,-21.25,-0.08%,3
"2025-10-15 04:45",25209,25209,25209,25209,1,0.00%,1
"2025-10-15 04:00",25208,25208,25208,25208,44,+0.17%,1
"2025-10-15 03:45",25164,25164,25164,25164,-4.5,-0.02%,1
"2025-10-15 03:15",25170,25170,25168.25,25168.5,18.5,+0.07%,3
"2025-10-15 03:00",25150,25150,25150,25150,32.25,+0.13%,1
"2025-10-15 02:45",25117.75,25117.75,25117.75,25117.75,-11.25,-0.04%,1
"2025-10-15 02:15",25147,25147,25129,25129,-2.25,-0.01%,2
"2025-10-15 01:15",25131.25,25131.25,25131.25,25131.25,4.75,+0.02%,1
"2025-10-15 00:45",25119,25126.5,25119,25126.5,-8.5,-0.03%,3
"2025-10-15 00:15",25145,25154.75,25135,25135,5.25,+0.02%,9
"2025-10-15 00:00",25086.75,25129.75,25086.75,25129.75,69.75,+0.28%,12
"2025-10-14 23:15",25060,25060,25060,25060,9,+0.04%,1
"2025-10-14 23:00",25051,25051,25051,25051,8,+0.03%,1
"2025-10-14 22:45",25043,25043,25043,25043,-17.,-0.07%,1
"2025-10-14 22:15",25038,25060,25038,25060,4.75,+0.02%,3
"2025-10-14 22:00",25049.75,25055.25,25049,25055.25,-5.25,-0.02%,3
"2025-10-14 21:45",25060.5,25060.5,25060.5,25060.5,0.5,0.00%,1
"2025-10-14 21:30",25060,25060,25060,25060,-24.25,-0.10%,1
"2025-10-14 21:15",25070,25084.25,25070,25084.25,19.25,+0.08%,3
"2025-10-14 21:00",25064.75,25065,25064.75,25065,17,+0.07%,2
"2025-10-14 20:30",25048,25048,25048,25048,3,+0.01%,1
"2025-10-14 20:15",25030,25045,25030,25045,15.75,+0.06%,4
"2025-10-14 20:00",25020,25029.25,25020,25029.25,4,+0.02%,5
"2025-10-14 19:45",25025.25,25025.25,25025.25,25025.25,4.25,+0.02%,1
"2025-10-14 19:30",25015,25021,25015,25021,35.75,+0.14%,2
"2025-10-14 19:15",24985.25,24985.25,24985.25,24985.25,-14.75,-0.06%,1
"2025-10-14 19:00",25020,25020,25000,25000,-55.,-0.22%,4
"2025-10-14 18:15",25055,25055,25055,25055,34.5,+0.14%,1
"2025-10-14 17:45",25020.25,25020.5,25020.25,25020.5,9.5,+0.04%,2
"2025-10-14 17:30",25011,25011,25011,25011,-11.75,-0.05%,1
"2025-10-14 17:15",25022.75,25022.75,25022.75,25022.75,2.75,+0.01%,2
"2025-10-14 17:00",24991,25050,24991,25020,66.5,+0.27%,9
"2025-10-14 15:15",24953.5,24953.5,24953.5,24953.5,-14.5,-0.06%,1
"2025-10-14 15:00",25011.5,25026.5,24945,24968,-42.,-0.17%,9
"2025-10-14 14:45",24950,25010,24934.25,25010,53.5,+0.21%,31
"2025-10-14 14:30",25130,25130,24954,24956.5,-181.,-0.72%,57
"2025-10-14 14:00",25155.75,25155.75,25137.5,25137.5,-9.5,-0.04%,8
"2025-10-14 13:45",25145,25160,25145,25147,10,+0.04%,4
"2025-10-14 13:30",25165,25165,25137,25137,-8.,-0.03%,3
"2025-10-14 13:15",25156,25156,25132,25145,-8.25,-0.03%,4
"2025-10-14 13:00",25126.25,25153.25,25126.25,25153.25,13.25,+0.05%,3
"2025-10-14 12:45",25165,25165,25138,25140,-20.75,-0.08%,4
"2025-10-14 12:30",25160,25160.75,25145.5,25160.75,-10.25,-0.04%,6
"2025-10-14 12:15",25155.25,25176.5,25142,25171,14.75,+0.06%,18
"2025-10-14 12:00",25117.5,25173.25,25114,25156.25,16.75,+0.07%,21
"2025-10-14 11:45",25157,25180.5,25135,25139.5,-10.5,-0.04%,14
"2025-10-14 11:30",25125,25154,25125,25150,45,+0.18%,21
"2025-10-14 11:15",25042.25,25117.5,25042.25,25105,67.25,+0.27%,19
"2025-10-14 11:00",25027,25037.75,25013.5,25037.75,-14.25,-0.06%,7
"2025-10-14 10:45",25021.75,25071,25021.75,25052,28,+0.11%,12
"2025-10-14 10:30",24950.5,25024,24945.25,25024,79,+0.32%,37
"2025-10-14 10:15",24943,24951.25,24941,24945,-13.25,-0.05%,4
"2025-10-14 10:00",24946.75,25002.25,24946.75,24958.25,21.25,+0.09%,12
"2025-10-14 09:45",24962.25,24962.25,24928.75,24937,-30.,-0.12%,10
"2025-10-14 09:30",24965,24967,24923.5,24967,15,+0.06%,18
"2025-10-14 09:15",24849,24952,24844,24952,92,+0.37%,21
"2025-10-14 09:00",24811.25,24860,24811.25,24860,41.75,+0.17%,28
"2025-10-14 08:45",24683.75,24820,24660,24818.25,141.25,+0.57%,56
"2025-10-14 08:30",24847.75,24850.5,24671.75,24677,-199.,-0.80%,49
"2025-10-14 08:15",24862.75,24876,24848.5,24876,-7.25,-0.03%,4
"2025-10-14 08:00",24866.25,24883.25,24866.25,24883.25,25,+0.10%,3
"2025-10-14 07:45",24862,24864.5,24858.25,24858.25,51.75,+0.21%,3
"2025-10-14 07:30",24828,24828,24806.5,24806.5,-75.25,-0.30%,3
"2025-10-14 07:15",24871.5,24881.75,24870,24881.75,-14.,-0.06%,6
"2025-10-14 07:00",24887.75,24895.75,24848.5,24895.75,6.75,+0.03%,9
"2025-10-14 06:45",24882.75,24889,24882.75,24889,13,+0.05%,2
"2025-10-14 06:30",24875,24889,24875,24876,11,+0.04%,9
"2025-10-14 06:15",24836.75,24865,24836.75,24865,66.5,+0.27%,10
"2025-10-14 06:00",24798.5,24799.75,24798.5,24798.5,28.5,+0.12%,8
"2025-10-14 05:45",24758,24770,24745,24770,0.5,0.00%,8
"2025-10-14 05:30",24808,24810,24769.5,24769.5,-65.25,-0.26%,11
"2025-10-14 05:15",24846.25,24846.25,24824.75,24834.75,-9.25,-0.04%,8
"2025-10-14 05:00",24868.5,24868.5,24844,24844,-26.,-0.10%,2
"2025-10-14 04:45",24870,24870,24870,24870,-34.75,-0.14%,1
"2025-10-14 03:45",24904.75,24904.75,24904.75,24904.75,16.25,+0.07%,1
"2025-10-14 03:15",24888.5,24888.5,24888.5,24888.5,15.25,+0.06%,1
"2025-10-14 03:00",24856.25,24873.25,24830.5,24873.25,-1.5,-0.01%,3
"2025-10-14 02:30",24952,24952,24845,24874.75,-65.25,-0.26%,28
"2025-10-14 02:15",24941,24952,24940,24940,57,+0.23%,5
"2025-10-14 02:00",24895,24895,24883,24883,-33.,-0.13%,2
"2025-10-14 01:45",24916,24916,24916,24916,6.75,+0.03%,1
"2025-10-14 01:30",24957,24963.25,24909.25,24909.25,-33.,-0.13%,9
"2025-10-14 01:15",24990,24990,24938.25,24942.25,-42.75,-0.17%,5
"2025-10-14 01:00",24940.25,24985,24940.25,24985,35,+0.14%,2
"2025-10-14 00:45",24913.5,24950,24900,24950,10.75,+0.04%,5
"2025-10-14 00:30",25001.5,25001.5,24939.25,24939.25,-113.5,-0.45%,4
"2025-10-14 00:15",25052.75,25052.75,25052.75,25052.75,17.75,+0.07%,1
"2025-10-14 00:00",25050,25050,25035,25035,-6.5,-0.03%,4
"2025-10-13 23:45",25030,25042.5,25030,25041.5,1.5,+0.01%,4
"2025-10-13 23:30",25001.5,25040,24995,25040,-10.,-0.04%,6
"2025-10-13 23:15",25067.25,25067.25,25025.5,25050,-30.,-0.12%,7
"2025-10-13 23:00",25140,25140,25080,25080,-72.,-0.29%,8
"2025-10-13 22:45",25160,25163,25152,25152,-17.,-0.07%,5
"2025-10-13 22:30",25165,25169,25158.75,25169,10.25,+0.04%,6
"2025-10-13 22:15",25152,25162,25152,25158.75,-52.25,-0.21%,3
"2025-10-13 21:45",25211,25211,25211,25211,-10.5,-0.04%,2
"2025-10-13 21:30",25230,25230,25221.5,25221.5,-40.5,-0.16%,2
"2025-10-13 21:00",25262,25262,25262,25262,12,+0.05%,1
"2025-10-13 20:45",25247.75,25250,25243,25250,0,0.00%,4
"2025-10-13 20:30",25244,25250,25244,25250,17.5,+0.07%,3
"2025-10-13 20:00",25240,25240,25232.5,25232.5,-29.5,-0.12%,2
"2025-10-13 19:30",25280,25280,25262,25262,22,+0.09%,3
"2025-10-13 19:15",25195,25240,25195,25240,49.75,+0.20%,7
"2025-10-13 19:00",25170,25190.25,25170,25190.25,35.25,+0.14%,3
"2025-10-13 18:45",25155,25155,25155,25155,0,0.00%,1
"2025-10-13 17:30",25155,25155,25155,25155,-15.,-0.06%,1
"2025-10-13 17:15",25170,25170,25170,25170,14,+0.06%,1
"2025-10-13 15:00",25149,25156,25149,25156,-16.,-0.06%,2
"2025-10-13 14:45",25167.75,25172,25160,25172,-4.25,-0.02%,4
"2025-10-13 14:30",25162,25176.25,25161,25176.25,-15.25,-0.06%,3
"2025-10-13 14:15",25190,25191.5,25190,25191.5,38.5,+0.15%,2
"2025-10-13 14:00",25130.25,25153,25130.25,25153,13,+0.05%,3
"2025-10-13 13:45",25140.75,25140.75,25140,25140,-21.25,-0.08%,2
"2025-10-13 13:30",25202.25,25202.25,25161.25,25161.25,-31.,-0.12%,8
"2025-10-13 13:15",25169.5,25192.25,25169.5,25192.25,20.25,+0.08%,3
"2025-10-13 13:00",25172,25172,25172,25172,35,+0.14%,1
"2025-10-13 12:45",25137,25137,25137,25137,-1.75,-0.01%,1
"2025-10-13 12:30",25144,25144,25138.75,25138.75,-4.25,-0.02%,2
"2025-10-13 12:15",25142.25,25143,25142.25,25143,-9.,-0.04%,2
"2025-10-13 12:00",25199.75,25200,25152,25152,-28.,-0.11%,9
"2025-10-13 11:45",25135.5,25180,25135.5,25180,33.75,+0.13%,17
"2025-10-13 11:30",25165,25165,25146.25,25146.25,-6.25,-0.02%,2
"2025-10-13 11:15",25150,25164.5,25126,25152.5,18.5,+0.07%,19
"2025-10-13 11:00",25145,25145,25134,25134,6.5,+0.03%,2
"2025-10-13 10:45",25112,25136.25,25112,25127.5,27,+0.11%,13
"2025-10-13 10:30",25124.25,25137.25,25100.5,25100.5,-19.5,-0.08%,7
"2025-10-13 10:15",25078,25125,25078,25120,51,+0.20%,7
"2025-10-13 10:00",25010,25078.5,25005,25069,79.75,+0.32%,9
"2025-10-13 09:45",25080,25080,24989.25,24989.25,-100.5,-0.40%,20
"2025-10-13 09:30",25086.5,25111.25,25086.5,25089.75,31.5,+0.13%,12
"2025-10-13 09:15",25113,25113,25031.25,25058.25,-67.25,-0.27%,13
"2025-10-13 09:00",25143.5,25150,25125.5,25125.5,-2.,-0.01%,22
"2025-10-13 08:45",25056.25,25127.5,25019.75,25127.5,72.5,+0.29%,26
"2025-10-13 08:30",25065.25,25082.5,24975.25,25055,-17.5,-0.07%,28
"2025-10-13 08:15",25100,25100,25072.5,25072.5,-42.25,-0.17%,5
"2025-10-13 08:00",25046.25,25115,25046.25,25114.75,78.5,+0.31%,4
"2025-10-13 07:45",25063,25063,25036.25,25036.25,-23.75,-0.09%,2
"2025-10-13 07:30",25070,25070,25060,25060,4,+0.02%,2
"2025-10-13 07:15",25060,25066,25042.75,25056,19.75,+0.08%,5
"2025-10-13 07:00",25020.5,25036.25,25014.5,25036.25,-8.75,-0.03%,8
"2025-10-13 06:45",25039,25049.25,25038.75,25045,35,+0.14%,8
"2025-10-13 06:30",25004.5,25010,24980,25010,-0.75,0.00%,5
"2025-10-13 06:15",25023.25,25035,25003,25010.75,-9.25,-0.04%,12
"2025-10-13 06:00",25088.5,25100,24978.5,25020,-70.,-0.28%,86
"2025-10-13 05:45",25074,25090,25074,25090,-7.75,-0.03%,4
"2025-10-13 05:30",25097.75,25097.75,25097.75,25097.75,-2.5,-0.01%,1
"2025-10-13 05:15",25090.5,25100.25,25075.25,25100.25,2.75,+0.01%,4
"2025-10-13 04:45",25099.25,25099.25,25097.5,25097.5,6.5,+0.03%,2
"2025-10-13 04:30",25091.25,25091.25,25091,25091,-15.,-0.06%,2
"2025-10-13 04:15",25110.75,25110.75,25106,25106,1.5,+0.01%,3
"2025-10-13 04:00",25117,25117,25104.5,25104.5,12.75,+0.05%,4
"2025-10-13 03:45",25091.75,25091.75,25091.75,25091.75,-10.,-0.04%,1
"2025-10-13 03:30",25097.75,25101.75,25097.75,25101.75,-35.,-0.14%,2
"2025-10-13 03:00",25130.5,25136.75,25124.5,25136.75,-11.,-0.04%,8
"2025-10-13 02:45",25147.75,25147.75,25147.75,25147.75,-15.,-0.06%,1
"2025-10-13 02:30",25175,25175,25162.75,25162.75,12.75,+0.05%,3
"2025-10-13 02:15",25150,25150,25150,25150,30,+0.12%,1
"2025-10-13 02:00",25096,25120,25096,25120,30,+0.12%,5
"2025-10-13 01:45",25073.25,25090,25073.25,25090,12.5,+0.05%,2
"2025-10-13 01:30",25062.75,25077.5,25062.75,25077.5,30.25,+0.12%,2
"2025-10-13 01:15",25047.25,25047.25,25047.25,25047.25,14.5,+0.06%,1
"2025-10-13 01:00",25085,25085,25032.75,25032.75,-44.75,-0.18%,10
"2025-10-13 00:45",25055,25077.5,25055,25077.5,6.25,+0.02%,6
"2025-10-13 00:15",25071.25,25071.25,25071.25,25071.25,7.25,+0.03%,1
"2025-10-13 00:00",25064,25064,25064,25064,4,+0.02%,1
"2025-10-12 23:45",25045.5,25060,25045.5,25060,15,+0.06%,4
"2025-10-12 23:15",25045,25045,25045,25045,13,+0.05%,1
"2025-10-12 23:00",25029.25,25032,25029.25,25032,12.5,+0.05%,5
"2025-10-12 22:45",25033,25033,25017.25,25019.5,-22.,-0.09%,13
"2025-10-12 22:30",25060,25060,25041.5,25041.5,-21.5,-0.09%,8
"2025-10-12 22:15",25077,25077,25063,25063,-10.,-0.04%,3
"2025-10-12 22:00",25058,25074,25058,25073,10.25,+0.04%,4
"2025-10-12 21:45",25072,25072,25062.75,25062.75,-22.25,-0.09%,3
"2025-10-12 21:15",25084.5,25085,25084.5,25085,-1.,0.00%,2
"2025-10-12 20:30",25073,25086,25070.5,25086,10,+0.04%,5
"2025-10-12 20:15",25076,25076,25076,25076,9,+0.04%,1
"2025-10-12 20:00",25080,25086,25067,25067,1.25,0.00%,10
"2025-10-12 19:45",25050,25065.75,25048.5,25065.75,20.75,+0.08%,6
"2025-10-12 19:30",25028,25045,25028,25045,21,+0.08%,6
"2025-10-12 19:15",25025,25043.25,25018.25,25024,1,0.00%,6
"2025-10-12 19:00",25009.75,25023,24996,25023,-5.75,-0.02%,18
"2025-10-12 18:45",24995,25032.5,24995,25028.75,54.25,+0.22%,21
"2025-10-12 18:30",24980,25000,24974.5,24974.5,6.25,+0.03%,11
"2025-10-12 18:15",24940,24968.25,24940,24968.25,16.25,+0.07%,4
"2025-10-12 18:00",24900,24953.75,24899.75,24952,18,+0.07%,8
"2025-10-12 17:45",24934,24934,24934,24934,6.5,+0.03%,1
"2025-10-12 17:30",24925,24950,24925,24927.5,-3.,-0.01%,9
"2025-10-12 17:15",24942.75,24973,24930.5,24930.5,21.5,+0.09%,7
"2025-10-12 17:00",24809.5,24980,24809.5,24909,462.5,+1.89%,37
"2025-10-10 15:45",24649.75,24659,24400,24446.5,-235.25,-0.95%,34
"2025-10-10 15:15",24678.5,24681.75,24664,24681.75,27.5,+0.11%,5
"2025-10-10 15:00",24655,24666.5,24652.5,24654.25,26.5,+0.11%,8
"2025-10-10 14:45",24780,24791,24625,24627.75,-142.25,-0.57%,49
"2025-10-10 14:30",24775,24779,24697,24770,0,0.00%,70
"2025-10-10 14:15",24823.5,24823.5,24770,24770,-44.5,-0.18%,17
"2025-10-10 14:00",24843.5,24865.75,24799,24814.5,-15.75,-0.06%,60
"2025-10-10 13:45",24870.5,24883.25,24814.5,24830.25,-39.75,-0.16%,21
"2025-10-10 13:30",24892.25,24892.25,24870,24870,-35.,-0.14%,5
"2025-10-10 13:15",24928.25,24931,24905,24905,2,+0.01%,8
"2025-10-10 13:00",24897.25,24910,24895,24903,6,+0.02%,13
"2025-10-10 12:45",24905,24950,24897,24897,-75.25,-0.30%,30
"2025-10-10 12:30",24947.25,24987.75,24935,24972.25,27.25,+0.11%,28
"2025-10-10 12:15",24860.5,24945,24860.5,24945,76.75,+0.31%,23
"2025-10-10 12:00",24887.25,24904,24851.25,24868.25,-20.5,-0.08%,23
"2025-10-10 11:45",24970,24970,24888.75,24888.75,-91.25,-0.37%,32
"2025-10-10 11:30",25042,25073.25,24968.75,24980,-39.5,-0.16%,12
"2025-10-10 11:15",25055.5,25085.5,24993,25019.5,-35.5,-0.14%,40
"2025-10-10 11:00",25034.75,25055,24999.5,25055,1,0.00%,30
"2025-10-10 10:45",25109.75,25140,25024,25054,-38.25,-0.15%,65
"2025-10-10 10:30",25053,25092.25,24915.5,25092.25,28,+0.11%,112
"2025-10-10 10:15",25320,25320,25047,25064.25,-240.75,-0.95%,178
"2025-10-10 10:00",25386.5,25386.5,25235.5,25305,-134.5,-0.53%,142
"2025-10-10 09:45",25596,25596,25378,25439.5,-130.5,-0.51%,44
"2025-10-10 09:30",25570,25570,25570,25570,-25.25,-0.10%,1
"2025-10-10 09:15",25553.5,25595.25,25553.5,25595.25,12.75,+0.05%,3
"2025-10-10 09:00",25590,25590,25577,25582.5,-32.5,-0.13%,4
"2025-10-10 08:45",25625.5,25630,25580,25615,5.75,+0.02%,18
"2025-10-10 08:30",25553,25619,25553,25609.25,44.75,+0.18%,41
"2025-10-10 08:15",25553.25,25564.5,25553.25,25564.5,6,+0.02%,3
"2025-10-10 08:00",25554,25559,25554,25558.5,15.5,+0.06%,8
"2025-10-10 07:45",25543,25543,25543,25543,-7.,-0.03%,1
"2025-10-10 07:30",25571.25,25572,25550,25550,-24.75,-0.10%,7
"2025-10-10 07:15",25574.75,25574.75,25574.75,25574.75,16.75,+0.07%,1
"2025-10-10 06:30",25560,25570,25558,25558,-1.75,-0.01%,3
"2025-10-10 06:15",25559.75,25559.75,25559.75,25559.75,0,0.00%,1
"2025-10-10 06:00",25559.75,25559.75,25559.75,25559.75,14.75,+0.06%,1
"2025-10-10 05:45",25545,25545,25545,25545,19,+0.07%,1
"2025-10-10 05:00",25505.75,25526,25505.75,25526,21,+0.08%,11
"2025-10-10 04:45",25505,25505,25505,25505,-30.,-0.12%,1
"2025-10-10 04:30",25535,25535,25535,25535,-28.,-0.11%,1
"2025-10-10 04:00",25556.25,25563,25556.25,25563,-24.,-0.09%,3
"2025-10-10 03:45",25587,25587,25587,25587,24,+0.09%,1
"2025-10-10 02:15",25563,25563,25563,25563,13,+0.05%,1
"2025-10-10 01:45",25550,25550,25550,25550,-49.25,-0.19%,1
"2025-10-10 01:00",25594.25,25599.25,25594.25,25599.25,15.25,+0.06%,2
"2025-10-10 00:45",25584,25584,25584,25584,11,+0.04%,1
"2025-10-09 23:15",25573,25573,25573,25573,-5.75,-0.02%,1
"2025-10-09 22:00",25578.75,25578.75,25578.75,25578.75,-7.,-0.03%,2
"2025-10-09 21:45",25585.75,25585.75,25585.75,25585.75,-10.75,-0.04%,1
"2025-10-09 20:30",25599.5,25599.5,25596.5,25596.5,-3.,-0.01%,2
"2025-10-09 20:15",25598.75,25599.5,25598.75,25599.5,23,+0.09%,2
"2025-10-09 19:45",25576.5,25576.5,25576.5,25576.5,2,+0.01%,1
"2025-10-09 19:30",25574.5,25574.5,25574.5,25574.5,10.25,+0.04%,1
"2025-10-09 18:30",25564.25,25564.25,25564.25,25564.25,-0.75,0.00%,1
"2025-10-09 18:00",25571,25571,25565,25565,32.5,+0.13%,2
"2025-10-09 15:15",25529.5,25532.5,25529.5,25532.5,-5.5,-0.02%,2
"2025-10-09 15:00",25541.25,25541.25,25538,25538,12,+0.05%,2
"2025-10-09 14:45",25520,25535,25520,25526,2.25,+0.01%,7
"2025-10-09 14:30",25516,25526.5,25515,25523.75,4.75,+0.02%,18
"2025-10-09 14:15",25519,25519,25519,25519,19,+0.07%,1
"2025-10-09 14:00",25499.75,25500,25499.75,25500,44.75,+0.18%,2
"2025-10-09 13:00",25451.75,25455.25,25436.25,25455.25,-9.75,-0.04%,5
"2025-10-09 12:45",25457.25,25465,25457.25,25465,18.75,+0.07%,9
"2025-10-09 12:30",25422.75,25449.5,25422.75,25446.25,25.25,+0.10%,12
"2025-10-09 12:15",25440,25458.5,25421,25421,-26.75,-0.11%,6
"2025-10-09 12:00",25457.5,25464.25,25442.25,25447.75,-0.5,0.00%,23
"2025-10-09 11:45",25500.75,25500.75,25448.25,25448.25,-31.75,-0.12%,10
"2025-10-09 11:30",25492.5,25492.5,25480,25480,-23.75,-0.09%,3
"2025-10-09 11:15",25510.75,25510.75,25487.5,25503.75,-10.25,-0.04%,10
"2025-10-09 11:00",25516,25516,25514,25514,-5.,-0.02%,2
"2025-10-09 10:45",25486.5,25519,25486.5,25519,51.5,+0.20%,48
"2025-10-09 10:30",25471.5,25476.5,25451.75,25467.5,-12.5,-0.05%,7
"2025-10-09 10:15",25506.75,25513.25,25480,25480,-23.,-0.09%,23
"2025-10-09 10:00",25507.25,25507.25,25495.75,25503,3,+0.01%,3
"2025-10-09 09:45",25448,25500,25447,25500,44,+0.17%,13
"2025-10-09 09:30",25495,25495,25455,25456,-46.25,-0.18%,23
"2025-10-09 09:15",25512.5,25524.25,25499.5,25502.25,-20.5,-0.08%,15
"2025-10-09 09:00",25534.75,25534.75,25522.75,25522.75,-17.25,-0.07%,3
"2025-10-09 08:45",25522.75,25560.75,25504.5,25540,15.75,+0.06%,18
"2025-10-09 08:30",25575,25576.75,25513.75,25524.25,-49.5,-0.19%,32
"2025-10-09 08:15",25569,25584.25,25569,25573.75,-8.25,-0.03%,11
"2025-10-09 08:00",25582,25582,25582,25582,-3.5,-0.01%,1
"2025-10-09 07:45",25585.5,25585.5,25585.5,25585.5,15.5,+0.06%,1
"2025-10-09 07:30",25570,25570,25570,25570,-5.,-0.02%,1
"2025-10-09 06:45",25575,25575,25575,25575,-7.25,-0.03%,1
"2025-10-09 06:15",25582.5,25582.5,25582.25,25582.25,17.5,+0.07%,2
"2025-10-09 05:45",25564.75,25564.75,25564.75,25564.75,-3.5,-0.01%,1
"2025-10-09 03:30",25572.75,25572.75,25568.25,25568.25,-9.,-0.04%,4
"2025-10-09 03:15",25577.25,25577.25,25577.25,25577.25,-5.75,-0.02%,1
"2025-10-09 02:30",25583,25583,25583,25583,3,+0.01%,1
"2025-10-09 01:45",25580,25580,25580,25580,-39.,-0.15%,1
"2025-10-09 01:00",25617.75,25619,25617.75,25619,16,+0.06%,2
"2025-10-09 00:45",25603,25603,25603,25603,-13.75,-0.05%,1
"2025-10-09 00:30",25616.75,25616.75,25616.75,25616.75,27.75,+0.11%,1
"2025-10-08 23:30",25588,25589,25588,25589,4.5,+0.02%,2
"2025-10-08 22:15",25577.75,25584.5,25577.75,25584.5,8.5,+0.03%,5
"2025-10-08 20:30",25576,25576,25576,25576,-6.,-0.02%,1
"2025-10-08 20:15",25582,25582,25582,25582,-7.25,-0.03%,1
"2025-10-08 20:00",25615.75,25615.75,25589.25,25589.25,-26.5,-0.10%,6
"2025-10-08 19:45",25618,25618.25,25615.75,25615.75,-1.,0.00%,4
"2025-10-08 19:30",25616.75,25616.75,25616.75,25616.75,-23.5,-0.09%,3
"2025-10-08 18:15",25640,25640.25,25639.25,25640.25,13.75,+0.05%,4
"2025-10-08 18:00",25626.5,25626.5,25626.5,25626.5,10.5,+0.04%,1
"2025-10-08 17:45",25616,25616,25616,25616,5.5,+0.02%,3
"2025-10-08 15:30",25610.5,25610.5,25610.5,25610.5,-1.5,-0.01%,1
"2025-10-08 15:15",25600,25612,25600,25612,28.5,+0.11%,6
"2025-10-08 15:00",25577,25585.5,25577,25583.5,3.5,+0.01%,8
"2025-10-08 14:45",25564,25585.25,25560.25,25580,22.5,+0.09%,13
"2025-10-08 14:30",25562.25,25563.5,25557.5,25557.5,-6.,-0.02%,9
"2025-10-08 14:15",25549.5,25564.25,25549.5,25563.5,21,+0.08%,8
"2025-10-08 14:00",25519.25,25542.5,25519.25,25542.5,23,+0.09%,4
"2025-10-08 13:45",25523,25525,25519.5,25519.5,-10.75,-0.04%,4
"2025-10-08 13:30",25529,25532,25529,25530.25,-13.5,-0.05%,3
"2025-10-08 13:15",25540.5,25543.75,25540.5,25543.75,-0.25,0.00%,4
"2025-10-08 13:00",25528,25544,25520,25544,18.75,+0.07%,5
"2025-10-08 12:45",25521,25532.5,25518.25,25525.25,2,+0.01%,10
"2025-10-08 12:30",25513.75,25523.25,25511.25,25523.25,9.5,+0.04%,6
"2025-10-08 12:15",25504.5,25513.75,25504.5,25513.75,21,+0.08%,3
"2025-10-08 12:00",25503.25,25505,25492.75,25492.75,-8.25,-0.03%,7
"2025-10-08 11:45",25488.75,25501,25487.5,25501,4.75,+0.02%,6
"2025-10-08 11:30",25499.25,25499.25,25496.25,25496.25,-8.5,-0.03%,2
"2025-10-08 11:15",25516,25525,25499.5,25504.75,-11.,-0.04%,7
"2025-10-08 11:00",25504.25,25515.75,25504.25,25515.75,6,+0.02%,16
"2025-10-08 10:45",25499,25509.75,25499,25509.75,24.75,+0.10%,5
"2025-10-08 10:30",25485,25485,25485,25485,0,0.00%,1
"2025-10-08 10:15",25460.5,25485,25460.5,25485,25,+0.10%,11
"2025-10-08 10:00",25449,25460,25441.25,25460,30.25,+0.12%,8
"2025-10-08 09:45",25447.5,25447.5,25426,25429.75,-43.25,-0.17%,7
"2025-10-08 09:30",25470,25473,25470,25473,11.75,+0.05%,2
"2025-10-08 09:15",25455,25461.25,25439.5,25461.25,3.25,+0.01%,10
"2025-10-08 09:00",25429,25476,25427,25458,32.5,+0.13%,51
"2025-10-08 08:45",25380.25,25430.75,25380.25,25425.5,49.25,+0.19%,24
"2025-10-08 08:30",25337,25397.75,25337,25376.25,43.25,+0.17%,16
"2025-10-08 08:15",25329,25333,25329,25333,24.5,+0.10%,2
"2025-10-08 07:45",25308.5,25308.5,25308.5,25308.5,11.25,+0.04%,1
"2025-10-08 07:15",25297.25,25297.25,25297.25,25297.25,0,0.00%,1
"2025-10-08 07:00",25333.25,25333.25,25297.25,25297.25,-38.5,-0.15%,4
"2025-10-08 06:45",25322.5,25335.75,25322.5,25335.75,15.75,+0.06%,6
"2025-10-08 06:30",25314.5,25320,25314.5,25320,14.25,+0.06%,3
"2025-10-08 06:15",25329.5,25329.5,25305.75,25305.75,-44.25,-0.17%,5
"2025-10-08 06:00",25350,25350,25350,25350,15.25,+0.06%,1
"2025-10-08 05:30",25332.75,25337,25332.75,25334.75,9,+0.04%,3
"2025-10-08 05:15",25328,25328,25325.75,25325.75,-2.5,-0.01%,2
"2025-10-08 05:00",25328.25,25328.25,25328.25,25328.25,-10.75,-0.04%,1
"2025-10-08 04:30",25339,25339,25339,25339,2.25,+0.01%,1
"2025-10-08 04:00",25339.25,25339.25,25336.75,25336.75,6.75,+0.03%,2
"2025-10-08 03:45",25358,25358,25330,25330,-18.25,-0.07%,4
"2025-10-08 03:30",25345,25348.25,25345,25348.25,10.75,+0.04%,3
"2025-10-08 03:15",25343,25343,25337.5,25337.5,1,0.00%,2
"2025-10-08 02:45",25336.5,25336.5,25336.5,25336.5,6.5,+0.03%,1
"2025-10-08 02:30",25330,25330,25330,25330,26.75,+0.11%,1
"2025-10-08 01:45",25296.5,25303.25,25296.5,25303.25,25.25,+0.10%,6
"2025-10-08 01:30",25278,25278,25278,25278,-21.25,-0.08%,1
"2025-10-08 01:00",25299.25,25299.25,25299.25,25299.25,-15.5,-0.06%,1
"2025-10-08 00:45",25314.75,25314.75,25314.75,25314.75,-0.25,0.00%,1
"2025-10-08 00:30",25315,25315,25315,25315,-4.75,-0.02%,1
"2025-10-08 00:15",25320,25320,25319.75,25319.75,-11.5,-0.05%,2
"2025-10-08 00:00",25331.25,25331.25,25331.25,25331.25,1.25,0.00%,1
"2025-10-07 23:30",25330,25330,25330,25330,-8.,-0.03%,1
"2025-10-07 23:15",25338,25338,25338,25338,3,+0.01%,1
"2025-10-07 22:30",25330,25335,25330,25335,6.25,+0.02%,8
"2025-10-07 21:45",25328.75,25328.75,25328.75,25328.75,2.5,+0.01%,3
"2025-10-07 20:45",25318.5,25326.25,25318.5,25326.25,3.75,+0.01%,2
"2025-10-07 20:15",25322.5,25322.5,25322.5,25322.5,0.25,0.00%,3
"2025-10-07 20:00",25307.25,25324.25,25307.25,25322.25,32.25,+0.13%,4
"2025-10-07 19:00",25290,25290,25290,25290,10,+0.04%,1
"2025-10-07 18:30",25280,25280,25278.75,25280,-10.,-0.04%,3
"2025-10-07 18:15",25300,25300,25287.75,25290,-22.,-0.09%,4
"2025-10-07 18:00",25312,25312,25312,25312,-11.25,-0.04%,1
"2025-10-07 17:15",25322.25,25323.25,25322.25,25323.25,7.25,+0.03%,2
"2025-10-07 17:00",25318,25318,25315.75,25316,14.75,+0.06%,3
"2025-10-07 15:15",25303.25,25303.25,25301.25,25301.25,3.25,+0.01%,2
"2025-10-07 15:00",25298,25298,25298,25298,22,+0.09%,1
"2025-10-07 14:45",25315,25315,25276,25276,-3.5,-0.01%,5
"2025-10-07 14:15",25279.5,25279.5,25279.5,25279.5,-8.5,-0.03%,1
"2025-10-07 13:45",25286.25,25288,25286.25,25288,6,+0.02%,2
"2025-10-07 13:30",25285.25,25292,25282,25282,-5.5,-0.02%,5
"2025-10-07 13:15",25287.5,25287.5,25287.5,25287.5,-5.5,-0.02%,1
"2025-10-07 13:00",25260,25293,25238,25293,31,+0.12%,11
"2025-10-07 12:45",25275.75,25275.75,25262,25262,-16.,-0.06%,4
"2025-10-07 12:30",25280,25282.5,25278,25278,-9.75,-0.04%,3
"2025-10-07 12:15",25310,25310,25287.75,25287.75,8.25,+0.03%,5
"2025-10-07 12:00",25265.5,25307.5,25265.5,25279.5,19.5,+0.08%,16
"2025-10-07 11:45",25305.25,25305.25,25260,25260,-65.25,-0.26%,13
"2025-10-07 11:30",25290,25336.25,25290,25325.25,45.25,+0.18%,11
"2025-10-07 11:15",25262,25294.25,25250,25280,8.5,+0.03%,12
"2025-10-07 11:00",25292.5,25305,25271.5,25271.5,4.5,+0.02%,19
"2025-10-07 10:45",25264.5,25272,25241.25,25267,-18.25,-0.07%,8
"2025-10-07 10:30",25314,25316.75,25270,25285.25,-39.75,-0.16%,46
"2025-10-07 10:15",25351.75,25368,25325,25325,-35.25,-0.14%,18
"2025-10-07 10:00",25436,25436,25310.75,25360.25,-69.75,-0.27%,35
"2025-10-07 09:45",25435,25441,25430,25430,-18.75,-0.07%,5
"2025-10-07 09:30",25469,25469,25444.5,25448.75,-15.25,-0.06%,11
"2025-10-07 09:15",25486,25486,25464,25464,-36.25,-0.14%,12
"2025-10-07 09:00",25497.75,25505,25477.75,25500.25,-1.5,-0.01%,18
"2025-10-07 08:45",25486,25512.25,25486,25501.75,-1.5,-0.01%,6
"2025-10-07 08:30",25475,25503.25,25470.25,25503.25,14.75,+0.06%,8
"2025-10-07 08:15",25487.75,25488.5,25487.75,25488.5,-11.75,-0.05%,2
"2025-10-07 08:00",25509.25,25523,25500.25,25500.25,-1.75,-0.01%,10
"2025-10-07 07:45",25499,25502,25499,25502,30.5,+0.12%,6
"2025-10-07 07:30",25465,25471.5,25465,25471.5,7,+0.03%,3
"2025-10-07 07:00",25464.5,25464.5,25464.5,25464.5,37.5,+0.15%,1
"2025-10-07 05:45",25427,25427,25427,25427,-15.,-0.06%,1
"2025-10-07 05:30",25442,25442,25442,25442,9,+0.04%,1
"2025-10-07 05:00",25430,25433,25430,25433,-0.5,0.00%,2
"2025-10-07 04:30",25433.5,25433.5,25433.5,25433.5,39.5,+0.16%,1
"2025-10-07 02:00",25394,25394,25394,25394,7.25,+0.03%,1
"2025-10-07 01:30",25390,25390,25386.75,25386.75,-9.,-0.04%,2
"2025-10-07 01:15",25412.75,25412.75,25395.75,25395.75,-26.25,-0.10%,3
"2025-10-07 00:00",25422,25422,25422,25422,-6.75,-0.03%,1
"2025-10-06 23:45",25428.75,25428.75,25428.75,25428.75,-2.25,-0.01%,1
"2025-10-06 23:30",25431,25431,25431,25431,9.25,+0.04%,1
"2025-10-06 23:00",25416,25421.75,25416,25421.75,10.75,+0.04%,3
"2025-10-06 22:45",25411,25411,25411,25411,0,0.00%,1
"2025-10-06 22:30",25411,25411,25411,25411,1.75,+0.01%,1
"2025-10-06 22:15",25410.75,25412,25409.25,25409.25,19.5,+0.08%,9
"2025-10-06 20:30",25389.75,25389.75,25389.75,25389.75,11.75,+0.05%,1
"2025-10-06 20:15",25383,25383,25378,25378,-4.25,-0.02%,4
"2025-10-06 20:00",25382.25,25382.25,25382.25,25382.25,1,0.00%,1
"2025-10-06 19:30",25389,25389,25381.25,25381.25,-11.25,-0.04%,3
"2025-10-06 19:15",25392.5,25392.5,25392.5,25392.5,-8.5,-0.03%,2
"2025-10-06 18:45",25401,25401,25401,25401,-29.,-0.11%,1
"2025-10-06 17:30",25430,25430,25430,25430,-12.,-0.05%,1
"2025-10-06 17:00",25442,25442,25442,25442,3.25,+0.01%,1
"2025-10-06 15:00",25431,25438.75,25430,25438.75,7,+0.03%,3
"2025-10-06 14:45",25452,25452.5,25431.75,25431.75,-28.25,-0.11%,11
"2025-10-06 14:30",25474.25,25475,25460,25460,-13.,-0.05%,4
"2025-10-06 14:15",25477,25477,25473,25473,-11.25,-0.04%,6
"2025-10-06 14:00",25483,25485,25483,25484.25,-8.25,-0.03%,4
"2025-10-06 13:45",25491.5,25492.5,25491.5,25492.5,6,+0.02%,2
"2025-10-06 13:30",25493,25499.5,25486.5,25486.5,1,0.00%,7
"2025-10-06 13:15",25474.5,25485.5,25474.5,25485.5,0.5,0.00%,5
"2025-10-06 13:00",25474,25485,25472,25485,5,+0.02%,6
"2025-10-06 12:45",25470,25480,25469.5,25480,22.75,+0.09%,16
"2025-10-06 12:30",25466.5,25475,25457.25,25457.25,-22.75,-0.09%,5
"2025-10-06 12:15",25444,25480,25444,25480,42,+0.17%,8
"2025-10-06 12:00",25440,25440,25438,25438,-2.,-0.01%,6
"2025-10-06 11:30",25440,25440,25440,25440,-3.,-0.01%,1
"2025-10-06 11:15",25441,25443,25441,25443,14,+0.06%,2
"2025-10-06 11:00",25450,25450,25429,25429,-32.5,-0.13%,16
"2025-10-06 10:45",25430,25463,25430,25461.5,37.5,+0.15%,15
"2025-10-06 10:30",25421.25,25424,25421.25,25424,16,+0.06%,2
"2025-10-06 10:15",25408,25408,25408,25408,-3.25,-0.01%,1
"2025-10-06 10:00",25393.5,25416.75,25393.5,25411.25,36.25,+0.14%,4
"2025-10-06 09:30",25378,25386.75,25368.75,25375,-34.25,-0.13%,14
"2025-10-06 09:15",25418.25,25426.75,25409.25,25409.25,5.25,+0.02%,3
"2025-10-06 09:00",25413,25413,25400,25404,3,+0.01%,13
"2025-10-06 08:45",25416.75,25416.75,25368.75,25401,14,+0.06%,12
"2025-10-06 08:30",25440.5,25444.5,25377.25,25387,-73.25,-0.29%,24
"2025-10-06 08:15",25447,25460.25,25442.5,25460.25,23.5,+0.09%,10
"2025-10-06 08:00",25434.5,25436.75,25434.5,25436.75,-3.25,-0.01%,3
"2025-10-06 07:45",25443.25,25443.25,25437.5,25440,-4.,-0.02%,8
"2025-10-06 07:30",25456.5,25456.5,25444,25444,-26.,-0.10%,6
"2025-10-06 07:15",25471,25473.75,25468.5,25470,-15.25,-0.06%,14
"2025-10-06 07:00",25450,25485.25,25450,25485.25,56,+0.22%,3
"2025-10-06 06:45",25429.25,25429.25,25429.25,25429.25,30.25,+0.12%,1
"2025-10-06 06:15",25381.75,25399,25381.75,25399,-6.5,-0.03%,4
"2025-10-06 06:00",25405.5,25405.5,25405.5,25405.5,-23.75,-0.09%,1
"2025-10-06 05:45",25429.25,25429.25,25429.25,25429.25,80.25,+0.32%,1
"2025-10-06 03:30",25349,25349,25349,25349,-2.,-0.01%,1
"2025-10-06 03:00",25351,25351,25351,25351,26,+0.10%,1
"2025-10-06 02:45",25325,25325,25325,25325,25,+0.10%,1
"2025-10-06 02:30",25300,25300,25300,25300,-44.5,-0.18%,1
"2025-10-06 02:00",25344.5,25344.5,25344.5,25344.5,-10.5,-0.04%,1
"2025-10-06 01:45",25355,25355,25355,25355,5,+0.02%,1
"2025-10-06 01:30",25350,25350,25350,25350,12.75,+0.05%,1
"2025-10-06 00:00",25337.25,25337.25,25337.25,25337.25,-15.75,-0.06%,1
"2025-10-05 23:30",25351,25353,25351,25353,35.75,+0.14%,2
"2025-10-05 23:00",25317.25,25317.25,25317.25,25317.25,-2.75,-0.01%,1
"2025-10-05 20:30",25320,25320,25320,25320,13.25,+0.05%,1
"2025-10-05 20:15",25310,25310,25306.75,25306.75,-0.25,0.00%,3
"2025-10-05 20:00",25307,25307,25307,25307,-9.25,-0.04%,1
"2025-10-05 19:15",25316.25,25316.25,25316.25,25316.25,-12.,-0.05%,1
"2025-10-05 18:45",25324.25,25328.25,25324.25,25328.25,45.75,+0.18%,2
"2025-10-05 17:15",25282.5,25282.5,25282.5,25282.5,2.5,+0.01%,1
"2025-10-05 17:00",25253.25,25280,25253,25280,55,+0.22%,14
"2025-10-03 15:00",25225,25225,25225,25225,-19.75,-0.08%,1
"2025-10-03 14:45",25266.75,25266.75,25233,25244.75,-20.5,-0.08%,13
"2025-10-03 14:30",25264,25270,25263,25265.25,14.25,+0.06%,4
"2025-10-03 14:15",25263.25,25263.25,25246,25251,-6.25,-0.02%,8
"2025-10-03 14:00",25260.25,25272.75,25251.75,25257.25,-2.75,-0.01%,7
"2025-10-03 13:45",25243,25260,25229.25,25260,7,+0.03%,8
"2025-10-03 13:30",25276.5,25279.25,25244.75,25253,-30.5,-0.12%,12
"2025-10-03 13:15",25230,25286.5,25230,25283.5,58.5,+0.23%,23
"2025-10-03 13:00",25184.25,25230.75,25184.25,25225,3.25,+0.01%,5
"2025-10-03 12:45",25248,25248,25176.25,25221.75,-38.25,-0.15%,26
"2025-10-03 12:30",25270,25300,25260,25260,-12.5,-0.05%,22
"2025-10-03 12:15",25318.25,25318.25,25272.5,25272.5,-57.,-0.23%,34
"2025-10-03 12:00",25338,25342.75,25276.25,25329.5,-37.25,-0.15%,53
"2025-10-03 11:30",25366.75,25366.75,25366.75,25366.75,-30.25,-0.12%,1
"2025-10-03 11:15",25397,25397,25397,25397,6.25,+0.02%,1
"2025-10-03 11:00",25401,25401,25386.75,25390.75,0.25,0.00%,3
"2025-10-03 10:45",25369.5,25392,25369.5,25390.5,32.25,+0.13%,8
"2025-10-03 10:30",25375.5,25375.5,25358,25358.25,-21.75,-0.09%,9
"2025-10-03 10:15",25384.25,25388,25378,25380,28.75,+0.11%,4
"2025-10-03 10:00",25351.25,25351.25,25351.25,25351.25,-13.,-0.05%,1
"2025-10-03 09:45",25350,25364.25,25342.5,25364.25,5.75,+0.02%,15
"2025-10-03 09:30",25368,25373.25,25358.5,25358.5,30,+0.12%,7
"2025-10-03 09:15",25338,25338.25,25316.5,25328.5,10,+0.04%,8
"2025-10-03 09:00",25343,25343,25313.75,25318.5,-31.25,-0.12%,17
"2025-10-03 08:45",25385.5,25415.5,25349.75,25349.75,-33.5,-0.13%,11
"2025-10-03 08:30",25384,25409,25370.5,25383.25,4.5,+0.02%,26
"2025-10-03 08:15",25378.5,25378.75,25378.5,25378.75,11.5,+0.05%,2
"2025-10-03 07:30",25388.75,25388.75,25367.25,25367.25,-16.,-0.06%,5
"2025-10-03 06:30",25388.25,25388.25,25375.5,25383.25,-9.5,-0.04%,8
"2025-10-03 06:15",25392.75,25392.75,25392.75,25392.75,-20.,-0.08%,1
"2025-10-03 05:30",25412.75,25412.75,25412.75,25412.75,-13.75,-0.05%,1
"2025-10-03 03:00",25426.5,25426.5,25426.5,25426.5,-8.,-0.03%,1
"2025-10-03 01:30",25436.75,25436.75,25434.5,25434.5,-2.25,-0.01%,3
"2025-10-03 00:45",25436.75,25436.75,25436.75,25436.75,8.5,+0.03%,1
"2025-10-03 00:00",25428.25,25428.25,25428.25,25428.25,8.25,+0.03%,1
"2025-10-02 23:30",25420,25420,25420,25420,3.25,+0.01%,1
"2025-10-02 23:15",25416.5,25416.75,25416.5,25416.75,-3.75,-0.01%,2
"2025-10-02 22:45",25417,25420.5,25417,25420.5,13,+0.05%,3
"2025-10-02 22:30",25407.5,25407.5,25407.5,25407.5,2.5,+0.01%,1
"2025-10-02 20:45",25405,25405,25405,25405,-0.75,0.00%,1
"2025-10-02 20:30",25396.5,25405.75,25396.5,25405.75,15.5,+0.06%,3
"2025-10-02 20:00",25390.5,25390.5,25386,25390.25,-11.75,-0.05%,9
"2025-10-02 19:45",25395,25402,25395,25402,11,+0.04%,3
"2025-10-02 19:30",25388,25391,25388,25391,11,+0.04%,3
"2025-10-02 19:00",25380,25380,25380,25380,10,+0.04%,1
"2025-10-02 18:45",25366.25,25370,25366.25,25370,8.75,+0.03%,9
"2025-10-02 18:15",25361.25,25361.25,25361.25,25361.25,11.25,+0.04%,1
"2025-10-02 17:45",25344,25350,25344,25350,18.75,+0.07%,2
"2025-10-02 17:30",25331.5,25331.5,25331.25,25331.25,-17.25,-0.07%,2
"2025-10-02 15:30",25350,25350,25348.5,25348.5,-24.,-0.09%,2
"2025-10-02 15:00",25372.5,25372.5,25372.5,25372.5,10.5,+0.04%,1
"2025-10-02 14:45",25361,25368.5,25344,25362,10,+0.04%,24
"2025-10-02 14:30",25366,25366,25352,25352,-17.,-0.07%,4
"2025-10-02 14:00",25369,25369,25369,25369,9,+0.04%,1
"2025-10-02 13:45",25365.5,25365.5,25360,25360,9.25,+0.04%,5
"2025-10-02 13:30",25353.75,25353.75,25350.75,25350.75,-10.25,-0.04%,2
"2025-10-02 13:15",25361,25361,25361,25361,7.5,+0.03%,1
"2025-10-02 13:00",25353.5,25353.5,25353.5,25353.5,17.5,+0.07%,1
"2025-10-02 12:45",25345,25346.25,25332.25,25336,-18.,-0.07%,10
"2025-10-02 12:30",25342.25,25354.5,25342.25,25354,19,+0.07%,17
"2025-10-02 12:15",25325.75,25335,25325.75,25335,8.75,+0.03%,2
"2025-10-02 12:00",25326.25,25326.25,25326.25,25326.25,7.25,+0.03%,1
"2025-10-02 11:45",25315.5,25320,25315.5,25319,29,+0.11%,4
"2025-10-02 11:30",25310,25310,25290,25290,-25.,-0.10%,3
"2025-10-02 11:15",25314,25315,25305,25315,10.5,+0.04%,11
"2025-10-02 11:00",25307,25308.25,25304.5,25304.5,-25.5,-0.10%,3
"2025-10-02 10:45",25279,25331,25279,25330,43.5,+0.17%,15
"2025-10-02 10:30",25281,25286.5,25259.75,25286.5,4.75,+0.02%,14
"2025-10-02 10:15",25280.75,25282,25275.75,25281.75,2.25,+0.01%,13
"2025-10-02 10:00",25263.75,25296.25,25244.75,25279.5,0.75,0.00%,19
"2025-10-02 09:45",25298.25,25298.25,25275,25278.75,-38.5,-0.15%,7
"2025-10-02 09:30",25316.75,25327,25312,25317.25,-11.25,-0.04%,8
"2025-10-02 09:15",25313,25333.25,25300.5,25328.5,16,+0.06%,24
"2025-10-02 09:00",25304.5,25329.75,25298.25,25312.5,4.75,+0.02%,28
"2025-10-02 08:45",25295.5,25330.5,25271.5,25307.75,3,+0.01%,41
"2025-10-02 08:30",25398.5,25398.5,25297.75,25304.75,-120.5,-0.47%,33
"2025-10-02 08:00",25413.75,25425.25,25413.75,25425.25,19.25,+0.08%,10
"2025-10-02 07:00",25404.25,25406.5,25404.25,25406,5.25,+0.02%,6
"2025-10-02 06:45",25388,25400.75,25388,25400.75,19.5,+0.08%,12
"2025-10-02 06:30",25381.25,25381.25,25381.25,25381.25,-3.75,-0.01%,1
"2025-10-02 06:15",25384.75,25385,25384.75,25385,30,+0.12%,2
"2025-10-02 05:15",25355,25355,25355,25355,0,0.00%,1
"2025-10-02 05:00",25355,25355,25355,25355,-5.25,-0.02%,1
"2025-10-02 04:00",25360.25,25360.25,25360.25,25360.25,5.75,+0.02%,1
"2025-10-02 03:00",25351,25354.75,25351,25354.5,23.25,+0.09%,4
"2025-10-02 02:45",25328.75,25331.25,25328.75,25331.25,1.25,0.00%,2
"2025-10-02 02:00",25330,25330,25330,25330,7.75,+0.03%,1
"2025-10-02 01:30",25322.25,25322.25,25322.25,25322.25,13.25,+0.05%,1
"2025-10-02 01:00",25310,25310,25309,25309,-6.,-0.02%,2
"2025-10-01 23:00",25315,25315,25315,25315,1,0.00%,1
"2025-10-01 22:15",25314,25314,25314,25314,9,+0.04%,1
"2025-10-01 21:45",25305,25305,25305,25305,2,+0.01%,1
"2025-10-01 21:15",25303,25303,25303,25303,-9.5,-0.04%,1
"2025-10-01 21:00",25312.5,25312.5,25312.5,25312.5,-10.5,-0.04%,1
"2025-10-01 20:45",25316,25323,25316,25323,9.5,+0.04%,3
"2025-10-01 20:30",25319.5,25319.5,25313.5,25313.5,-4.,-0.02%,2
"2025-10-01 20:15",25317.5,25317.5,25317.5,25317.5,7.5,+0.03%,2
"2025-10-01 20:00",25296.25,25310,25295,25310,5,+0.02%,4
"2025-10-01 19:45",25305,25305,25305,25305,17,+0.07%,1
"2025-10-01 19:15",25284,25288,25284,25288,10.75,+0.04%,3
"2025-10-01 19:00",25281.5,25281.5,25276.75,25277.25,15.25,+0.06%,4
"2025-10-01 18:30",25263.25,25263.25,25262,25262,-12.,-0.05%,2
"2025-10-01 18:15",25269.25,25274,25269,25274,10.5,+0.04%,6
"2025-10-01 17:30",25263.5,25263.5,25263.5,25263.5,8.5,+0.03%,2
"2025-10-01 15:45",25255,25255,25255,25255,-4.,-0.02%,1
"2025-10-01 15:30",25259,25259,25259,25259,17,+0.07%,1
"2025-10-01 15:00",25259,25259,25242,25242,-24.5,-0.10%,6
"2025-10-01 14:45",25257,25280,25257,25266.5,11.5,+0.05%,14
"2025-10-01 14:30",25272.25,25282,25255,25255,-8.,-0.03%,14
"2025-10-01 14:15",25269,25269,25260.5,25263,-5.75,-0.02%,5
"2025-10-01 14:00",25276.5,25281.5,25268.75,25268.75,-4.5,-0.02%,7
"2025-10-01 13:45",25279,25279,25271,25273.25,-0.25,0.00%,7
"2025-10-01 13:30",25264.25,25280,25264.25,25273.5,3.5,+0.01%,10
"2025-10-01 13:15",25265,25270,25261,25270,10.5,+0.04%,9
"2025-10-01 13:00",25233,25259.5,25228.5,25259.5,29.5,+0.12%,21
"2025-10-01 12:45",25216.75,25230,25216.75,25230,13,+0.05%,4
"2025-10-01 12:30",25223.5,25229.25,25217,25217,-18.,-0.07%,12
"2025-10-01 12:15",25225,25235,25225,25235,18.75,+0.07%,5
"2025-10-01 12:00",25206.75,25224,25206.75,25216.25,12,+0.05%,12
"2025-10-01 11:45",25196.75,25204.25,25196.75,25204.25,10.5,+0.04%,6
"2025-10-01 11:30",25193.75,25193.75,25193.75,25193.75,3.75,+0.01%,1
"2025-10-01 11:15",25195,25195,25178,25190,5,+0.02%,9
"2025-10-01 11:00",25185,25185,25185,25185,-0.75,0.00%,1
"2025-10-01 10:45",25180.25,25185.75,25176.25,25185.75,9,+0.04%,4
"2025-10-01 10:30",25158.75,25176.75,25158,25176.75,33.5,+0.13%,6
"2025-10-01 10:15",25128.5,25143.25,25124.75,25143.25,3.25,+0.01%,4
"2025-10-01 10:00",25158.5,25166,25140,25140,-5.75,-0.02%,4
"2025-10-01 09:45",25129.5,25146.25,25129.5,25145.75,5.75,+0.02%,4
"2025-10-01 09:30",25125.75,25148,25125.75,25140,10,+0.04%,8
"2025-10-01 09:15",25075,25139,25075,25130,54.5,+0.22%,10
"2025-10-01 09:00",25017.25,25075.5,25017.25,25075.5,55.5,+0.22%,21
"2025-10-01 08:45",25051,25051,24995,25020,-39.,-0.16%,20
"2025-10-01 08:30",24997.5,25085,24997.5,25059,21,+0.08%,11
"2025-10-01 08:00",25038,25038,25038,25038,16,+0.06%,1
"2025-10-01 07:45",25033,25033,25022,25022,2,+0.01%,2
"2025-10-01 07:15",25006.25,25037,25006,25020,-21.5,-0.09%,13
"2025-10-01 07:00",25041.5,25041.5,25041.5,25041.5,0.5,0.00%,1
"2025-10-01 06:45",25036.5,25041,25036.5,25041,4.5,+0.02%,2
"2025-10-01 06:30",25036.25,25036.5,25036.25,25036.5,17.25,+0.07%,2
"2025-10-01 06:15",25019.25,25019.25,25019.25,25019.25,-2.,-0.01%,1
"2025-10-01 06:00",25021.25,25021.25,25021.25,25021.25,42.5,+0.17%,1
"2025-10-01 05:30",24978.75,24978.75,24978.75,24978.75,-27.25,-0.11%,1
"2025-10-01 05:00",25006,25006,25006,25006,11.75,+0.05%,1
"2025-10-01 04:45",24994.25,24994.25,24994.25,24994.25,-20.75,-0.08%,1
"2025-10-01 04:15",25015,25015,25015,25015,46,+0.18%,1
"2025-10-01 03:45",24969,24969,24969,24969,8.25,+0.03%,1
"2025-10-01 03:30",24964.25,24964.75,24960.5,24960.75,46.75,+0.19%,4
"2025-10-01 02:45",24914,24914,24914,24914,11.25,+0.05%,1
"2025-10-01 02:00",24902.75,24902.75,24902.75,24902.75,9.5,+0.04%,1
"2025-10-01 01:45",24931,24933,24893.25,24893.25,-87.5,-0.35%,8
"2025-10-01 01:30",24991.75,24991.75,24980.75,24980.75,-26.25,-0.10%,2
"2025-10-01 01:15",25007,25007,25007,25007,-1.75,-0.01%,2
"2025-10-01 00:30",25008.75,25008.75,25008.75,25008.75,-4.5,-0.02%,1
"2025-10-01 00:15",25013.25,25013.25,25013.25,25013.25,-13.75,-0.05%,1
"2025-09-30 23:30",25027,25027,25027,25027,-2.5,-0.01%,1
"2025-09-30 23:00",25029.5,25029.5,25029.5,25029.5,10,+0.04%,1
"2025-09-30 22:00",25030.25,25030.25,25019.5,25019.5,-21.25,-0.08%,6
"2025-09-30 20:00",25040.75,25040.75,25040.75,25040.75,-10.,-0.04%,1
"2025-09-30 19:15",25050,25050.75,25050,25050.75,-39.75,-0.16%,4
"2025-09-30 18:30",25090.5,25090.5,25090.5,25090.5,-7.75,-0.03%,1
"2025-09-30 18:15",25087.25,25098.25,25087.25,25098.25,5,+0.02%,6
"2025-09-30 18:00",25078.5,25093.25,25072.25,25093.25,-26.5,-0.11%,4
"2025-09-30 17:30",25120,25120,25119.75,25119.75,7.75,+0.03%,2
"2025-09-30 17:15",25112,25112,25112,25112,14,+0.06%,1
"2025-09-30 17:00",25098,25098,25098,25098,8,+0.03%,2
"2025-09-30 15:45",25090,25090,25090,25090,-0.25,0.00%,1
"2025-09-30 15:30",25104.75,25104.75,25090.25,25090.25,-16.5,-0.07%,3
"2025-09-30 15:15",25106.5,25111.25,25106.5,25106.75,-5.5,-0.02%,5
"2025-09-30 15:00",25136.5,25136.5,25112.25,25112.25,-46.25,-0.18%,7
"2025-09-30 14:45",25097,25164,25097,25158.5,61,+0.24%,19
"2025-09-30 14:30",25112.5,25120.5,25097.5,25097.5,-13.5,-0.05%,8
"2025-09-30 14:15",25086,25111,25086,25111,19,+0.08%,7
"2025-09-30 14:00",25091.75,25092,25091.75,25092,1.75,+0.01%,2
"2025-09-30 13:45",25090.5,25100,25090.25,25090.25,8,+0.03%,7
"2025-09-30 13:30",25082.25,25082.25,25082.25,25082.25,11.5,+0.05%,2
"2025-09-30 13:15",25069,25078,25064.75,25070.75,28.75,+0.11%,8
"2025-09-30 13:00",25020,25042,25020,25042,22,+0.09%,3
"2025-09-30 12:45",25029.5,25043,25020,25020,18,+0.07%,3
"2025-09-30 12:30",24992.25,25002,24992.25,25002,17,+0.07%,4
"2025-09-30 12:15",25021.5,25021.5,24985,24985,-25.75,-0.10%,14
"2025-09-30 12:00",25022,25022,25010.75,25010.75,-19.25,-0.08%,4
"2025-09-30 11:45",25030,25030,25030,25030,-55.5,-0.22%,1
"2025-09-30 11:15",25072.25,25085.5,25072.25,25085.5,44.5,+0.18%,7
"2025-09-30 11:00",25066.5,25066.5,25041,25041,-28.,-0.11%,8
"2025-09-30 10:45",25022.25,25069,25022.25,25069,54,+0.22%,19
"2025-09-30 10:30",25048,25055.75,25015,25015,-19.25,-0.08%,12
"2025-09-30 10:15",25070,25070,25010,25034.25,-47.,-0.19%,21
"2025-09-30 10:00",25095,25106.75,25081.25,25081.25,-5.5,-0.02%,9
"2025-09-30 09:45",25046.75,25095,25046.75,25086.75,44.5,+0.18%,13
"2025-09-30 09:30",25035,25052,25006.75,25042.25,9.5,+0.04%,18
"2025-09-30 09:15",25023,25047.5,25013.25,25032.75,30.25,+0.12%,20
"2025-09-30 09:00",25041,25063,25000,25002.5,-30.25,-0.12%,17
"2025-09-30 08:45",25045.25,25045.25,24980,25032.75,-7.,-0.03%,27
"2025-09-30 08:30",25060.25,25060.25,25000,25039.75,-27.25,-0.11%,18
"2025-09-30 08:15",25067,25067,25067,25067,-16.25,-0.06%,1
"2025-09-30 08:00",25075,25083.25,25075,25083.25,-10.75,-0.04%,3
"2025-09-30 07:45",25094.5,25094.5,25094,25094,9,+0.04%,2
"2025-09-30 07:30",25071,25085,25071,25085,14.75,+0.06%,5
"2025-09-30 07:15",25064,25070.25,25064,25070.25,28,+0.11%,2
"2025-09-30 07:00",25042.25,25042.25,25042.25,25042.25,-24.,-0.10%,1
"2025-09-30 06:45",25064.5,25066.25,25064.5,25066.25,23.25,+0.09%,2
"2025-09-30 05:15",25043,25043,25043,25043,-4.75,-0.02%,5
"2025-09-30 04:45",25038.75,25047.75,25038.75,25047.75,-4.5,-0.02%,2
"2025-09-30 04:30",25071.25,25071.25,25052.25,25052.25,22.25,+0.09%,2
"2025-09-30 03:00",25041.5,25041.5,25030,25030,-2.75,-0.01%,3
"2025-09-30 02:45",25015.5,25037.5,25015.5,25032.75,-9.25,-0.04%,4
"2025-09-30 02:15",25042,25042,25042,25042,-1.5,-0.01%,1
"2025-09-30 02:00",25062,25062,25043.5,25043.5,-63.5,-0.25%,11
"2025-09-30 01:30",25107,25107,25107,25107,4.5,+0.02%,1
"2025-09-30 01:15",25102.5,25102.5,25102.5,25102.5,15.75,+0.06%,1
"2025-09-30 00:30",25086.75,25086.75,25086.75,25086.75,12.75,+0.05%,1
"2025-09-30 00:00",25074,25074,25074,25074,-30.,-0.12%,1
"2025-09-29 22:45",25104,25104,25104,25104,0,0.00%,1
"2025-09-29 21:45",25090.5,25104,25088.5,25104,11.5,+0.05%,4
"2025-09-29 21:30",25092.5,25092.5,25092.5,25092.5,16.5,+0.07%,1
"2025-09-29 21:00",25076,25076,25076,25076,11,+0.04%,1
"2025-09-29 20:45",25065,25065,25065,25065,-25.,-0.10%,1
"2025-09-29 20:15",25081,25090,25081,25090,18,+0.07%,2
"2025-09-29 20:00",25072,25072,25072,25072,-19.,-0.08%,1
"2025-09-29 19:45",25091,25091,25091,25091,11,+0.04%,1
"2025-09-29 19:15",25080,25080,25080,25080,18.5,+0.07%,1
"2025-09-29 19:00",25065,25065,25061.5,25061.5,-28.5,-0.11%,2
"2025-09-29 18:45",25090,25090,25090,25090,14.25,+0.06%,1
"2025-09-29 17:45",25075.75,25075.75,25075.75,25075.75,1.25,0.00%,1
"2025-09-29 17:00",25074.5,25074.5,25074.5,25074.5,-5.,-0.02%,1
"2025-09-29 15:15",25082.25,25085,25079.5,25079.5,-3.5,-0.01%,5
"2025-09-29 15:00",25094.25,25094.25,25083,25083,-2.,-0.01%,3
"2025-09-29 14:45",25080.5,25110,25078,25085,15.25,+0.06%,16
"2025-09-29 14:30",25060,25069.75,25060,25069.75,0.75,0.00%,4
"2025-09-29 14:15",25051.5,25069,25038.75,25069,-1.,0.00%,16
"2025-09-29 14:00",25083,25083,25070,25070,-23.,-0.09%,6
"2025-09-29 13:30",25114,25114,25093,25093,-32.75,-0.13%,6
"2025-09-29 13:15",25119.5,25125.75,25119.5,25125.75,29,+0.12%,6
"2025-09-29 13:00",25096.75,25096.75,25096.75,25096.75,16.75,+0.07%,1
"2025-09-29 12:15",25069,25083.75,25069,25080,-5.,-0.02%,3
"2025-09-29 12:00",25078,25085,25059.25,25085,-1.5,-0.01%,5
"2025-09-29 11:15",25116.25,25116.25,25086.5,25086.5,-25.25,-0.10%,5
"2025-09-29 11:00",25090,25111.75,25084.75,25111.75,16.75,+0.07%,11
"2025-09-29 10:45",25099,25104.5,25090.25,25095,-19.75,-0.08%,11
"2025-09-29 10:30",25112,25115,25103.75,25114.75,-12.25,-0.05%,8
"2025-09-29 10:15",25124.5,25139,25120.5,25127,-20.25,-0.08%,15
"2025-09-29 10:00",25190.75,25190.75,25147.25,25147.25,-37.75,-0.15%,15
"2025-09-29 09:45",25203.5,25203.5,25183.5,25185,-19.5,-0.08%,18
"2025-09-29 09:30",25206.75,25211,25190.25,25204.5,-8.,-0.03%,7
"2025-09-29 09:15",25215,25221.25,25196.75,25212.5,-11.25,-0.04%,13
"2025-09-29 09:00",25204,25225.25,25176.5,25223.75,27.75,+0.11%,37
"2025-09-29 08:45",25178,25206.5,25178,25196,30.5,+0.12%,21
"2025-09-29 08:30",25120,25165.5,25120,25165.5,27.75,+0.11%,11
"2025-09-29 08:15",25136.5,25137.75,25136.5,25137.75,0,0.00%,6
"2025-09-29 08:00",25137.75,25137.75,25137.75,25137.75,-20.75,-0.08%,5
"2025-09-29 07:45",25158,25160.5,25156,25158.5,8.75,+0.03%,5
"2025-09-29 07:30",25144.5,25149.75,25144.5,25149.75,12.5,+0.05%,3
"2025-09-29 07:15",25137.25,25138.25,25137.25,25137.25,-1.25,0.00%,6
"2025-09-29 07:00",25120,25138.5,25120,25138.5,8.75,+0.03%,2
"2025-09-29 06:45",25118,25130,25117.25,25129.75,14,+0.06%,5
"2025-09-29 06:30",25111,25115.75,25110.75,25115.75,2,+0.01%,11
"2025-09-29 06:00",25125.25,25125.25,25113.75,25113.75,-37.75,-0.15%,4
"2025-09-29 05:15",25147.5,25151.5,25147.5,25151.5,17.75,+0.07%,2
"2025-09-29 05:00",25131.75,25133.75,25131.75,25133.75,5.75,+0.02%,6
"2025-09-29 04:45",25128,25128,25128,25128,-13.5,-0.05%,5
"2025-09-29 03:45",25141.5,25141.5,25141.5,25141.5,4.25,+0.02%,1
"2025-09-29 03:30",25137.25,25137.25,25137.25,25137.25,7.25,+0.03%,1
"2025-09-29 03:15",25130,25130,25130,25130,12,+0.05%,1
"2025-09-29 02:30",25118,25118,25118,25118,27,+0.11%,1
"2025-09-29 02:15",25091,25091,25091,25091,0.25,0.00%,5
"2025-09-29 02:00",25090.75,25090.75,25090.75,25090.75,-10.5,-0.04%,1
"2025-09-29 01:30",25101.25,25101.25,25101.25,25101.25,13.25,+0.05%,1
"2025-09-29 01:15",25088,25088,25088,25088,5.25,+0.02%,2
"2025-09-29 00:45",25082.75,25082.75,25082.75,25082.75,0,0.00%,1
"2025-09-29 00:30",25082.75,25082.75,25082.75,25082.75,12.5,+0.05%,2
"2025-09-28 23:00",25070.25,25070.25,25070.25,25070.25,5.5,+0.02%,1
"2025-09-28 21:45",25059.75,25065,25059.75,25064.75,17.75,+0.07%,3
"2025-09-28 20:30",25047.75,25047.75,25047,25047,6.75,+0.03%,2
"2025-09-28 20:00",25038.25,25040.25,25033.75,25040.25,-10.75,-0.04%,3
"2025-09-28 19:30",25051,25051,25051,25051,10.25,+0.04%,1
"2025-09-28 19:15",25041.75,25041.75,25040.75,25040.75,15.75,+0.06%,3
"2025-09-28 18:30",25022.25,25025.25,25020.5,25025,9.75,+0.04%,5
"2025-09-28 18:15",25015.25,25015.25,25015.25,25015.25,4,+0.02%,1
"2025-09-28 18:00",25010,25011.25,25010,25011.25,1.25,0.00%,4
"2025-09-28 17:45",25015,25015,25010,25010,15,+0.06%,3
"2025-09-28 17:30",24995,24995,24995,24995,-2.25,-0.01%,1
"2025-09-28 17:15",24997.25,25002,24997.25,24997.25,2.25,+0.01%,12
"2025-09-28 17:00",24993.75,24995,24993.75,24995,8,+0.03%,2
"2025-09-26 15:45",24987,24987,24987,24987,-1.,0.00%,5
"2025-09-26 15:30",24992,24992,24988,24988,4.25,+0.02%,26
"2025-09-26 15:00",24980,24983.75,24980,24983.75,1.75,+0.01%,3
"2025-09-26 14:45",24965.25,24982,24965.25,24982,7.25,+0.03%,5
"2025-09-26 14:30",24973.75,24974.75,24973.75,24974.75,9.75,+0.04%,4
"2025-09-26 14:00",24964,24968.25,24964,24965,5,+0.02%,5
"2025-09-26 13:45",24964,24970,24957.75,24960,-18.,-0.07%,5
"2025-09-26 13:30",24975,24978,24975,24978,11,+0.04%,2
"2025-09-26 13:15",24952.25,24967,24951.75,24967,27,+0.11%,5
"2025-09-26 13:00",24950,24950,24935,24940,-2.25,-0.01%,5
"2025-09-26 12:45",24939.5,24942.25,24920,24942.25,-2.75,-0.01%,4
"2025-09-26 12:30",24945,24945,24945,24945,-20.,-0.08%,1
"2025-09-26 12:15",24944.5,24965,24941.75,24965,0,0.00%,5
"2025-09-26 12:00",24944.5,24965,24941,24965,26.25,+0.11%,7
"2025-09-26 11:45",24930,24941,24925.25,24938.75,14.75,+0.06%,8
"2025-09-26 11:30",24911.5,24924,24894.5,24924,14,+0.06%,7
"2025-09-26 11:15",24855,24920,24854.25,24910,60,+0.24%,16
"2025-09-26 11:00",24826,24850,24826,24850,3,+0.01%,3
"2025-09-26 10:45",24855,24860,24845,24847,-13.,-0.05%,5
"2025-09-26 10:30",24885,24885,24840,24860,3.25,+0.01%,12
"2025-09-26 10:15",24796.25,24856.75,24796.25,24856.75,41,+0.17%,13
"2025-09-26 10:00",24825,24825,24815.75,24815.75,-28.25,-0.11%,2
"2025-09-26 09:45",24841,24851,24814.25,24844,-36.,-0.14%,11
"2025-09-26 09:30",24812.5,24885,24798.75,24880,63,+0.25%,19
"2025-09-26 09:15",24834.5,24857.25,24775,24817,-35.25,-0.14%,22
"2025-09-26 09:00",24970,24974.5,24849.5,24852.25,-102.75,-0.41%,23
"2025-09-26 08:45",24905.75,24964,24905.75,24955,11.75,+0.05%,27
"2025-09-26 08:30",24901.25,24960,24870,24943.25,35.75,+0.14%,17
"2025-09-26 08:15",24932,24934,24907.5,24907.5,-18.5,-0.07%,4
"2025-09-26 08:00",24926,24926,24926,24926,-26.25,-0.11%,1
"2025-09-26 07:45",24960,24965,24946.5,24952.25,-22.75,-0.09%,11
"2025-09-26 07:30",24914,24990,24914,24975,80.25,+0.32%,9
"2025-09-26 07:15",24895,24895,24894.5,24894.75,2,+0.01%,3
"2025-09-26 07:00",24886.75,24892.75,24886.75,24892.75,22.75,+0.09%,2
"2025-09-26 06:30",24866.25,24870,24866.25,24870,22.5,+0.09%,2
"2025-09-26 06:15",24847.5,24847.5,24847.5,24847.5,-14.75,-0.06%,1
"2025-09-26 06:00",24862.25,24862.25,24862.25,24862.25,22,+0.09%,1
"2025-09-26 05:00",24840.25,24840.25,24840.25,24840.25,-24.75,-0.10%,1
"2025-09-26 04:45",24865,24865,24865,24865,20,+0.08%,2
"2025-09-26 04:30",24845,24845,24845,24845,3.25,+0.01%,4
"2025-09-26 04:15",24841.75,24841.75,24841.75,24841.75,0,0.00%,1
"2025-09-26 04:00",24830.25,24841.75,24825.75,24841.75,3,+0.01%,3
"2025-09-26 03:45",24854.5,24854.5,24838.75,24838.75,-38.,-0.15%,3
"2025-09-26 03:30",24876.75,24876.75,24876.75,24876.75,-37.5,-0.15%,1
"2025-09-26 02:45",24914.25,24914.25,24914.25,24914.25,0.25,0.00%,1
"2025-09-26 02:30",24914,24914,24914,24914,2,+0.01%,2
"2025-09-26 02:15",24912,24912,24912,24912,22,+0.09%,1
"2025-09-26 02:00",24902.5,24902.5,24890,24890,-14.25,-0.06%,3
"2025-09-26 01:45",24902.5,24904.25,24902.5,24904.25,10,+0.04%,4
"2025-09-26 01:00",24894.25,24894.25,24894.25,24894.25,31.25,+0.13%,1
"2025-09-26 00:30",24856.25,24863,24856.25,24863,23,+0.09%,2
"2025-09-26 00:00",24828.75,24840,24828.75,24840,-12.25,-0.05%,3
"2025-09-25 23:30",24852.25,24852.25,24852.25,24852.25,-6.,-0.02%,1
"2025-09-25 23:15",24858,24858.25,24858,24858.25,17.25,+0.07%,2
"2025-09-25 23:00",24838.75,24841,24838.5,24841,9,+0.04%,5
"2025-09-25 22:15",24832,24832,24832,24832,-7.5,-0.03%,1
"2025-09-25 22:00",24852,24852,24839.5,24839.5,-10.5,-0.04%,5
"2025-09-25 20:45",24843.75,24850,24843.75,24850,-12.,-0.05%,2
"2025-09-25 20:30",24862,24862,24862,24862,11.75,+0.05%,2
"2025-09-25 20:15",24850.25,24850.25,24850.25,24850.25,-9.75,-0.04%,1
"2025-09-25 19:45",24865,24865,24860,24860,-5.,-0.02%,3
"2025-09-25 19:15",24865,24865,24865,24865,-10.,-0.04%,1
"2025-09-25 19:00",24875,24875,24875,24875,-2.75,-0.01%,1
"2025-09-25 18:30",24877.75,24877.75,24877.75,24877.75,-3.25,-0.01%,1
"2025-09-25 18:00",24887,24887,24881,24881,-14.,-0.06%,2
"2025-09-25 17:45",24895.25,24895.25,24895,24895,-5.,-0.02%,2
"2025-09-25 17:30",24900,24900,24900,24900,0,0.00%,1
"2025-09-25 17:15",24900,24900,24900,24900,-13.,-0.05%,1
"2025-09-25 17:00",24900,24913,24900,24913,27,+0.11%,3
"2025-09-25 15:00",24889.25,24892,24886,24886,11,+0.04%,4
"2025-09-25 14:45",24854.75,24892,24845.5,24875,25,+0.10%,20
"2025-09-25 14:30",24865,24865,24850,24850,-7.5,-0.03%,2
"2025-09-25 14:15",24865,24867,24848.75,24857.5,-20.75,-0.08%,5
"2025-09-25 14:00",24882.25,24882.25,24865,24878.25,0.25,0.00%,4
"2025-09-25 13:45",24873.25,24881.5,24846,24878,-0.75,0.00%,14
"2025-09-25 13:30",24821,24880,24821,24878.75,48.75,+0.20%,8
"2025-09-25 13:15",24793.5,24832,24793.5,24830,56.25,+0.23%,13
"2025-09-25 13:00",24769.75,24773.75,24720.75,24773.75,6.5,+0.03%,22
"2025-09-25 12:45",24802.5,24802.5,24767.25,24767.25,-44.25,-0.18%,15
"2025-09-25 12:30",24840,24840,24796.5,24811.5,-37.75,-0.15%,17
"2025-09-25 12:15",24884.25,24884.25,24820,24849.25,-31.25,-0.13%,17
"2025-09-25 12:00",24875,24889.5,24869.5,24880.5,3.25,+0.01%,10
"2025-09-25 11:45",24890,24890,24877.25,24877.25,4.5,+0.02%,2
"2025-09-25 11:30",24914.75,24920.75,24872.75,24872.75,-13.25,-0.05%,14
"2025-09-25 11:15",24918,24929,24886,24886,-27.,-0.11%,26
"2025-09-25 11:00",24923,24926.25,24913,24913,-8.25,-0.03%,8
"2025-09-25 10:45",24942.75,24942.75,24916,24921.25,-13.75,-0.06%,13
"2025-09-25 10:30",24870,24935,24860,24935,89.5,+0.36%,28
"2025-09-25 10:15",24883,24889.75,24842.25,24845.5,-49.75,-0.20%,6
"2025-09-25 10:00",24880.25,24896,24835,24895.25,0.75,0.00%,14
"2025-09-25 09:45",24866.25,24901.25,24866.25,24894.5,2.5,+0.01%,19
"2025-09-25 09:30",24867,24892,24862.75,24892,18.75,+0.08%,14
"2025-09-25 09:15",24825,24887,24825,24873.25,49.5,+0.20%,47
"2025-09-25 09:00",24741.25,24830.25,24741.25,24823.75,143.75,+0.58%,23
"2025-09-25 08:45",24686.25,24760,24680,24680,-7.75,-0.03%,43
"2025-09-25 08:30",24789.25,24804.25,24687.75,24687.75,-141.,-0.57%,29
"2025-09-25 08:15",24835.5,24835.5,24828.75,24828.75,33.75,+0.14%,3
"2025-09-25 08:00",24812,24813.5,24790,24795,-16.25,-0.07%,15
"2025-09-25 07:45",24812.25,24817,24800,24811.25,-6.75,-0.03%,14
"2025-09-25 07:30",24850.25,24855,24818,24818,-40.,-0.16%,7
"2025-09-25 07:15",24864.75,24864.75,24858,24858,-7.,-0.03%,3
"2025-09-25 07:00",24853,24865,24853,24865,8,+0.03%,3
"2025-09-25 06:45",24857,24857,24857,24857,-23.,-0.09%,1
"2025-09-25 06:30",24880,24880,24880,24880,1.75,+0.01%,1
"2025-09-25 06:15",24878.25,24878.25,24878.25,24878.25,-34.75,-0.14%,1
"2025-09-25 06:00",24913,24913,24913,24913,-10.,-0.04%,1
"2025-09-25 05:45",24923,24923,24923,24923,-7.,-0.03%,1
"2025-09-25 05:15",24930,24930,24930,24930,-28.75,-0.12%,1
"2025-09-25 05:00",24958.75,24958.75,24958.75,24958.75,5.25,+0.02%,1
"2025-09-25 04:45",24945.5,24953.5,24945.5,24953.5,-7.75,-0.03%,5
"2025-09-25 04:30",24961.25,24961.25,24961.25,24961.25,-6.75,-0.03%,1
"2025-09-25 04:00",24968,24968,24968,24968,-37.,-0.15%,1
"2025-09-25 03:30",25005,25005,25005,25005,-2.25,-0.01%,1
"2025-09-25 03:15",25007.25,25007.25,25007.25,25007.25,11.25,+0.05%,1
"2025-09-25 02:30",24996,24996,24996,24996,49,+0.20%,1
"2025-09-25 02:15",24947,24947,24947,24947,-3.,-0.01%,1
"2025-09-25 02:00",24950,24950,24950,24950,-26.,-0.10%,1
"2025-09-25 01:45",24968,24976,24968,24976,-13.,-0.05%,2
"2025-09-25 01:30",24989,24989,24989,24989,-8.5,-0.03%,1
"2025-09-25 00:30",24997.5,24997.5,24997.5,24997.5,-7.,-0.03%,1
"2025-09-24 23:45",25007.75,25007.75,25004.5,25004.5,-26.,-0.10%,2
"2025-09-24 20:45",25038,25038,25030.5,25030.5,0.5,0.00%,2
"2025-09-24 20:30",25030,25030,25030,25030,7.5,+0.03%,1
"2025-09-24 20:00",25022.5,25022.5,25022.5,25022.5,0.75,0.00%,1
"2025-09-24 19:30",25021.5,25021.75,25021.5,25021.75,16.75,+0.07%,2
"2025-09-24 19:00",25005,25005,25005,25005,10,+0.04%,1
"2025-09-24 17:30",24995,24995,24995,24995,4.25,+0.02%,1
"2025-09-24 17:00",24991.5,24991.5,24990.75,24990.75,-9.25,-0.04%,4
"2025-09-24 15:00",24992,25000,24992,25000,3.5,+0.01%,2
"2025-09-24 14:45",24959.5,24996.5,24959.5,24996.5,35.75,+0.14%,15
"2025-09-24 14:30",24966.5,24966.5,24960.75,24960.75,-9.75,-0.04%,5
"2025-09-24 14:15",24965,24977,24965,24970.5,-1.,0.00%,3
"2025-09-24 14:00",24974,24975.25,24971.5,24971.5,21.75,+0.09%,5
"2025-09-24 13:30",24955.25,24959.25,24949.75,24949.75,-0.25,0.00%,3
"2025-09-24 13:15",24961,24961,24949.25,24950,2.75,+0.01%,10
"2025-09-24 13:00",24950,24950,24935,24947.25,-20.25,-0.08%,10
"2025-09-24 12:45",24959,24968,24958.5,24967.5,-6.5,-0.03%,6
"2025-09-24 12:30",24992.75,24992.75,24970.75,24974,-3.25,-0.01%,8
"2025-09-24 12:15",24971.5,24977.25,24960,24977.25,16.75,+0.07%,4
"2025-09-24 12:00",24937,24960.5,24937,24960.5,31.5,+0.13%,8
"2025-09-24 11:45",24930.5,24946,24929,24929,-21.75,-0.09%,8
"2025-09-24 11:30",24940.25,24951.25,24934,24950.75,7.25,+0.03%,13
"2025-09-24 11:15",24894.75,24946.25,24894.75,24943.5,65.5,+0.26%,11
"2025-09-24 11:00",24932,24942,24878,24878,-50.,-0.20%,21
"2025-09-24 10:45",25000,25000,24928,24928,-87.25,-0.35%,39
"2025-09-24 10:30",25031,25031.25,25015,25015.25,-39.75,-0.16%,16
"2025-09-24 10:15",25039,25055,25039,25055,20,+0.08%,4
"2025-09-24 10:00",25039,25039,25031.25,25035,-19.5,-0.08%,6
"2025-09-24 09:45",25063,25076,25049.5,25054.5,6.5,+0.03%,7
"2025-09-24 09:30",25066.5,25066.5,25048,25048,-15.,-0.06%,3
"2025-09-24 09:15",25080,25082.75,25063,25063,3,+0.01%,11
"2025-09-24 09:00",25076.5,25090,25060,25060,-2.75,-0.01%,4
"2025-09-24 08:45",25055.5,25062.75,25036,25062.75,-24.75,-0.10%,11
"2025-09-24 08:30",25116,25116,25078.5,25087.5,-40.,-0.16%,36
"2025-09-24 07:45",25123.25,25128.25,25122.5,25127.5,-18.5,-0.07%,15
"2025-09-24 07:00",25146,25146,25146,25146,7.25,+0.03%,1
"2025-09-24 06:30",25138.75,25138.75,25138.75,25138.75,-16.25,-0.06%,1
"2025-09-24 06:00",25155,25155,25155,25155,22,+0.09%,1
"2025-09-24 05:30",25133,25133,25133,25133,-2.,-0.01%,1
"2025-09-24 05:15",25147.25,25147.25,25135,25135,-21.5,-0.09%,3
"2025-09-24 04:15",25156.5,25156.5,25156.5,25156.5,26.5,+0.11%,1
"2025-09-24 02:45",25127.25,25130,25127.25,25130,12,+0.05%,2
"2025-09-24 02:00",25118,25118,25118,25118,-22.,-0.09%,1
"2025-09-24 01:45",25135,25140,25135,25140,25.25,+0.10%,2
"2025-09-24 01:00",25114.75,25114.75,25114.75,25114.75,15.25,+0.06%,1
"2025-09-23 23:45",25099.5,25099.5,25099.5,25099.5,10,+0.04%,1
"2025-09-23 23:15",25089.5,25089.5,25089.5,25089.5,-0.75,0.00%,1
"2025-09-23 23:00",25090.25,25090.25,25090.25,25090.25,4,+0.02%,1
"2025-09-23 21:45",25084.25,25086.25,25084.25,25086.25,4.5,+0.02%,2
"2025-09-23 21:30",25081.75,25081.75,25081.75,25081.75,5.25,+0.02%,1
"2025-09-23 21:15",25072,25076.5,25072,25076.5,5.75,+0.02%,3
"2025-09-23 21:00",25070.75,25070.75,25070.75,25070.75,2.25,+0.01%,1
"2025-09-23 20:45",25068.5,25068.5,25068.5,25068.5,-9.5,-0.04%,1
"2025-09-23 20:30",25078,25078,25078,25078,6.5,+0.03%,1
"2025-09-23 20:15",25076,25076,25069,25071.5,-13.5,-0.05%,3
"2025-09-23 19:15",25085,25085,25085,25085,9,+0.04%,1
"2025-09-23 19:00",25086,25086,25076,25076,-15.75,-0.06%,3
"2025-09-23 18:45",25091.75,25091.75,25091.75,25091.75,-2.25,-0.01%,1
"2025-09-23 18:30",25094.25,25094.25,25094,25094,-11.,-0.04%,2
"2025-09-23 17:45",25105,25105,25105,25105,1,0.00%,1
"2025-09-23 17:00",25103.25,25104.25,25103.25,25104,22.75,+0.09%,3
"2025-09-23 15:45",25083.25,25083.25,25081.25,25081.25,3.75,+0.01%,3
"2025-09-23 15:30",25076.75,25077.5,25076.75,25077.5,-6.25,-0.02%,2
"2025-09-23 15:15",25083.25,25083.75,25083.25,25083.75,-10.75,-0.04%,2
"2025-09-23 15:00",25079.25,25102,25079.25,25094.5,18.5,+0.07%,4
"2025-09-23 14:45",25075,25084.75,25067,25076,-1.5,-0.01%,14
"2025-09-23 14:30",25055.75,25077.5,25055.75,25077.5,26,+0.10%,2
"2025-09-23 14:15",25076.25,25076.25,25051.5,25051.5,9.25,+0.04%,7
"2025-09-23 14:00",25042.25,25042.25,25042.25,25042.25,-11.,-0.04%,1
"2025-09-23 13:45",25061,25065.5,25036.25,25053.25,-3.75,-0.01%,19
"2025-09-23 13:30",25072.5,25082,25048.25,25057,-3.25,-0.01%,18
"2025-09-23 13:15",25052,25060.25,25052,25060.25,4.5,+0.02%,5
"2025-09-23 13:00",25090,25090,25055.75,25055.75,-10.25,-0.04%,4
"2025-09-23 12:45",25045,25084,25045,25066,-4.,-0.02%,6
"2025-09-23 12:30",25115.25,25124,25070,25070,-56.,-0.22%,16
"2025-09-23 12:15",25158,25158,25121.5,25126,-37.25,-0.15%,12
"2025-09-23 12:00",25177,25177,25162,25163.25,-13.75,-0.05%,4
"2025-09-23 11:45",25190.5,25197,25173,25177,-7.25,-0.03%,7
"2025-09-23 11:30",25180,25184.25,25169.75,25184.25,-20.5,-0.08%,11
"2025-09-23 11:15",25181,25204.75,25181,25204.75,25.75,+0.10%,3
"2025-09-23 11:00",25176,25179,25166.75,25179,-21.,-0.08%,11
"2025-09-23 10:45",25200,25200,25200,25200,8,+0.03%,6
"2025-09-23 10:30",25210,25210.25,25192,25192,-25.,-0.10%,8
"2025-09-23 10:15",25216.75,25217,25216.75,25217,25,+0.10%,2
"2025-09-23 10:00",25186,25194.25,25185,25192,-8.,-0.03%,12
"2025-09-23 09:45",25194,25212.5,25194,25200,-21.25,-0.08%,12
"2025-09-23 09:30",25205,25221.5,25205,25221.25,21.25,+0.08%,6
"2025-09-23 09:15",25207.75,25207.75,25190,25200,-2.75,-0.01%,5
"2025-09-23 09:00",25180,25202.75,25180,25202.75,15,+0.06%,6
"2025-09-23 08:45",25206.5,25218,25187.75,25187.75,-8.,-0.03%,16
"2025-09-23 08:30",25240,25240,25195.75,25195.75,-59.25,-0.23%,4
"2025-09-23 08:15",25255,25255,25255,25255,0,0.00%,2
"2025-09-23 07:45",25255,25255,25255,25255,5.25,+0.02%,1
"2025-09-23 07:30",25249.75,25249.75,25249.5,25249.75,0.5,0.00%,5
"2025-09-23 07:15",25255,25255,25249.25,25249.25,6.5,+0.03%,6
"2025-09-23 07:00",25248,25248,25242.75,25242.75,-2.25,-0.01%,3
"2025-09-23 06:45",25245,25245,25245,25245,5,+0.02%,1
"2025-09-23 06:30",25240,25240,25240,25240,0.5,0.00%,1
"2025-09-23 06:15",25239.5,25239.5,25239.5,25239.5,14.5,+0.06%,1
"2025-09-23 06:00",25238,25238,25225,25225,-45.75,-0.18%,3
"2025-09-23 03:15",25270.75,25270.75,25270.75,25270.75,11.75,+0.05%,1
"2025-09-23 03:00",25263.25,25263.25,25259,25259,16,+0.06%,2
"2025-09-23 02:30",25243,25243,25243,25243,5,+0.02%,2
"2025-09-23 02:15",25238,25238,25238,25238,-7.,-0.03%,2
"2025-09-23 02:00",25240,25245,25240,25245,-16.,-0.06%,4
"2025-09-23 01:45",25261,25261,25261,25261,0,0.00%,2
"2025-09-23 01:15",25261,25261,25261,25261,0,0.00%,1
"2025-09-23 00:30",25261,25261,25261,25261,16,+0.06%,2
"2025-09-23 00:15",25240,25245,25240,25245,0,0.00%,4
"2025-09-23 00:00",25239.75,25245,25239.75,25245,9,+0.04%,3
"2025-09-22 23:45",25236,25236,25236,25236,-4.,-0.02%,1
"2025-09-22 23:15",25240,25240,25240,25240,-13.5,-0.05%,2
"2025-09-22 22:15",25253.5,25253.5,25253.5,25253.5,3.5,+0.01%,1
"2025-09-22 22:00",25250,25250,25250,25250,-5.5,-0.02%,1
"2025-09-22 21:00",25248.25,25255.5,25248.25,25255.5,4.25,+0.02%,2
"2025-09-22 20:15",25251.25,25251.25,25251.25,25251.25,6.25,+0.02%,1
"2025-09-22 20:00",25245,25245,25245,25245,5,+0.02%,3
"2025-09-22 19:45",25245,25252.5,25240,25240,0,0.00%,6
"2025-09-22 19:15",25245,25245,25240,25240,0,0.00%,5
"2025-09-22 19:00",25240,25240,25240,25240,-11.,-0.04%,2
"2025-09-22 18:45",25249.75,25251,25249.75,25251,6,+0.02%,2
"2025-09-22 18:30",25245,25245,25245,25245,3.25,+0.01%,2
"2025-09-22 18:15",25238,25241.75,25238,25241.75,2.75,+0.01%,3
"2025-09-22 18:00",25238.75,25241.5,25238.75,25239,-1.,0.00%,4
"2025-09-22 17:00",25240,25240,25240,25240,-2.,-0.01%,2
"2025-09-22 15:45",25242,25242,25242,25242,2,+0.01%,1
"2025-09-22 15:30",25240,25240,25240,25240,0.5,0.00%,2
"2025-09-22 15:15",25239.5,25239.5,25239.5,25239.5,-5.5,-0.02%,1
"2025-09-22 15:00",25242.5,25245,25242.5,25245,-6.,-0.02%,4
"2025-09-22 14:45",25248,25255.5,25247.75,25251,1,0.00%,8
"2025-09-22 14:30",25250,25250,25250,25250,-7.5,-0.03%,2
"2025-09-22 13:45",25259,25259,25257.5,25257.5,9.75,+0.04%,3
"2025-09-22 13:15",25250,25251,25247.75,25247.75,1,0.00%,5
"2025-09-22 13:00",25246.75,25246.75,25246.75,25246.75,0,0.00%,1
"2025-09-22 12:45",25246.75,25246.75,25246.75,25246.75,8.25,+0.03%,3
"2025-09-22 12:30",25242.25,25243.25,25238.5,25238.5,3.75,+0.01%,4
"2025-09-22 12:15",25234.75,25234.75,25234.75,25234.75,-1.25,0.00%,1
"2025-09-22 11:45",25233.5,25236,25233.5,25236,5.25,+0.02%,3
"2025-09-22 11:30",25225,25230.75,25225,25230.75,9.75,+0.04%,4
"2025-09-22 11:15",25209.75,25221,25205,25221,21,+0.08%,4
"2025-09-22 11:00",25184.75,25200,25184.75,25200,38,+0.15%,6
"2025-09-22 10:45",25162,25162,25162,25162,-19.5,-0.08%,1
"2025-09-22 10:00",25170,25181.5,25170,25181.5,14.75,+0.06%,7
"2025-09-22 09:45",25165,25168,25165,25166.75,4,+0.02%,5
"2025-09-22 09:30",25140,25166,25140,25162.75,25.25,+0.10%,5
"2025-09-22 09:15",25119.5,25137.5,25119.5,25137.5,36.25,+0.14%,9
"2025-09-22 09:00",25119.75,25127.75,25101.25,25101.25,-10.25,-0.04%,6
"2025-09-22 08:45",25095,25123,25095,25111.5,23.25,+0.09%,11
"2025-09-22 08:30",25073,25093,25064,25088.25,44.5,+0.18%,15
"2025-09-22 08:00",25043.75,25043.75,25043.75,25043.75,0.5,0.00%,1
"2025-09-22 07:45",25043.25,25043.25,25043.25,25043.25,25.25,+0.10%,1
"2025-09-22 06:45",25018,25018,25018,25018,3,+0.01%,1
"2025-09-22 06:00",25015,25015,25015,25015,5.75,+0.02%,1
"2025-09-22 04:00",25009.25,25009.25,25009.25,25009.25,-40.75,-0.16%,1
"2025-09-22 03:30",25050,25050,25050,25050,31,+0.12%,1
"2025-09-22 02:30",25019,25019,25019,25019,19,+0.08%,1
"2025-09-22 02:15",25035,25035,25000,25000,-45.,-0.18%,5
"2025-09-22 02:00",25050,25050,25045,25045,-15.,-0.06%,3
"2025-09-22 01:45",25060,25060,25060,25060,-33.25,-0.13%,1
"2025-09-22 00:30",25093.25,25093.25,25093.25,25093.25,-7.75,-0.03%,1
"2025-09-21 22:30",25101,25101,25101,25101,26,+0.10%,1
"2025-09-21 19:45",25084.25,25084.25,25075,25075,-19.5,-0.08%,2
"2025-09-21 17:30",25094.5,25094.5,25094.5,25094.5,-7.75,-0.03%,1
"2025-09-19 15:45",25101.5,25102.25,25101.5,25102.25,-14.75,-0.06%,3
"2025-09-19 15:00",25117,25117,25117,25117,2,+0.01%,1
"2025-09-19 14:45",25100,25125.25,25100,25115,41,+0.16%,18
"2025-09-19 14:00",25073.75,25074,25073.75,25074,14,+0.06%,3
"2025-09-19 13:45",25060,25060,25060,25060,-11.5,-0.05%,1
"2025-09-19 13:30",25065.75,25071.5,25064,25071.5,4.75,+0.02%,5
"2025-09-19 12:45",25066.75,25066.75,25066.75,25066.75,11.25,+0.04%,1
"2025-09-19 12:30",25054,25055.5,25054,25055.5,-15.25,-0.06%,2
"2025-09-19 11:45",25070.75,25070.75,25070.75,25070.75,17.75,+0.07%,1
"2025-09-19 11:30",25060,25060,25053,25053,0,0.00%,2
"2025-09-19 11:15",25053,25053,25053,25053,3,+0.01%,5
"2025-09-19 11:00",25015,25050,25015,25050,63.25,+0.25%,12
"2025-09-19 10:45",24986.75,24986.75,24986.75,24986.75,4.75,+0.02%,1
"2025-09-19 10:30",24956.5,24982,24956.25,24982,2.5,+0.01%,5
"2025-09-19 10:15",24968.75,24979.5,24962,24979.5,-10.5,-0.04%,12
"2025-09-19 09:45",24999.5,24999.5,24990,24990,-15.,-0.06%,2
"2025-09-19 09:30",25020,25022.5,25005,25005,-22.5,-0.09%,3
"2025-09-19 09:15",25005,25027.5,25005,25027.5,-6.5,-0.03%,2
"2025-09-19 09:00",25025,25039,25020,25034,-10.25,-0.04%,6
"2025-09-19 08:45",24990,25049,24990,25044.25,35.25,+0.14%,44
"2025-09-19 08:30",25008.75,25015,24985,25009,-1.75,-0.01%,24
"2025-09-19 08:15",25000,25015.25,25000,25010.75,26.75,+0.11%,9
"2025-09-19 07:15",24984,24984,24984,24984,29.75,+0.12%,1
"2025-09-19 05:45",24959.25,24959.25,24954.25,24954.25,-7.75,-0.03%,2
"2025-09-19 04:30",24962,24962,24962,24962,3,+0.01%,10
"2025-09-19 04:15",24954.5,24959,24954.5,24959,10.5,+0.04%,6
"2025-09-19 03:30",24948.5,24948.5,24948.5,24948.5,4.5,+0.02%,3
"2025-09-19 03:15",24944,24944,24944,24944,11.5,+0.05%,3
"2025-09-19 03:00",24932.5,24932.5,24932.5,24932.5,6,+0.02%,3
"2025-09-19 02:15",24923.5,24926.5,24923.5,24926.5,8.5,+0.03%,5
"2025-09-19 02:00",24918,24918,24918,24918,-10.,-0.04%,2
"2025-09-19 01:45",24928,24928,24928,24928,5,+0.02%,3
"2025-09-19 01:15",24923,24923,24923,24923,-34.,-0.14%,3
"2025-09-19 00:15",24957,24957,24957,24957,0,0.00%,2
"2025-09-19 00:00",24959,24959,24957,24957,29.25,+0.12%,5
"2025-09-18 23:15",24927.75,24927.75,24927.75,24927.75,-32.25,-0.13%,1
"2025-09-18 20:45",24960,24960,24960,24960,5,+0.02%,1
"2025-09-18 20:30",24953,24955,24953,24955,6,+0.02%,2
"2025-09-18 20:00",24949,24949,24949,24949,-30.,-0.12%,1
"2025-09-18 18:00",24979,24979,24979,24979,24,+0.10%,1
"2025-09-18 17:30",24955,24955,24955,24955,-16.,-0.06%,1
"2025-09-18 15:45",24971,24971,24971,24971,21,+0.08%,1
"2025-09-18 14:30",24950,24950,24950,24950,-20.,-0.08%,1
"2025-09-18 12:45",24970,24970,24970,24970,-60.,-0.24%,1
"2025-09-18 11:45",25030,25030,25030,25030,8,+0.03%,1
"2025-09-18 11:30",25022,25022,25022,25022,53,+0.21%,1
"2025-09-18 11:00",24969,24969,24969,24969,-1.,0.00%,1
"2025-09-18 10:45",24970,24970,24970,24970,-30.,-0.12%,1
"2025-09-18 10:00",25000,25000,25000,25000,0,0.00%,3
"2025-09-18 09:30",25000,25000,25000,25000,-25.,-0.10%,1
"2025-09-18 09:15",25014.75,25026.5,25014.75,25025,47,+0.19%,7
"2025-09-18 09:00",24950,24978,24950,24978,65.5,+0.26%,7
"2025-09-18 08:45",24847,24912.5,24847,24912.5,33.5,+0.13%,6
"2025-09-18 08:30",24920,24940.5,24879,24879,-41.,-0.16%,9
"2025-09-18 08:00",24904.5,24920,24904.5,24920,-49.,-0.20%,4
"2025-09-18 07:45",24968.25,24969,24968.25,24969,6.5,+0.03%,3
"2025-09-18 07:30",24962.5,24962.5,24962.5,24962.5,-32.5,-0.13%,1
"2025-09-18 07:15",24973.25,24995,24970.25,24995,35.5,+0.14%,30
"2025-09-18 07:00",24982.75,24982.75,24959.5,24959.5,-10.5,-0.04%,4
"2025-09-18 06:30",24970,24970,24970,24970,-14.,-0.06%,1
"2025-09-18 06:15",24984,24984,24984,24984,1.5,+0.01%,1
"2025-09-18 06:00",24980,24982.5,24980,24982.5,41.5,+0.17%,11
"2025-09-18 05:30",24941,24941,24941,24941,41,+0.16%,1
"2025-09-18 02:45",24890,24900,24890,24900,17.5,+0.07%,2
"2025-09-17 23:30",24882.5,24882.5,24882.5,24882.5,32.5,+0.13%,10
"2025-09-17 21:30",24850,24850,24850,24850,49.25,+0.20%,2
"2025-09-17 19:30",24800.75,24800.75,24800.75,24800.75,-6.25,-0.03%,3
"2025-09-17 19:00",24807,24807,24807,24807,-0.75,0.00%,1
"2025-09-17 18:45",24807.75,24807.75,24807.75,24807.75,69.25,+0.28%,1
"2025-09-17 17:00",24738.5,24738.5,24738.5,24738.5,8.5,+0.03%,1
"2025-09-17 15:00",24730,24730,24730,24730,28,+0.11%,1
"2025-09-17 14:45",24720,24720,24700,24702,-43.,-0.17%,3
"2025-09-17 14:30",24745,24745,24745,24745,-25.,-0.10%,1
"2025-09-17 14:15",24770,24770,24770,24770,115,+0.47%,1
"2025-09-17 14:00",24691.25,24740,24655,24655,55,+0.22%,11
"2025-09-17 13:45",24530,24600,24501.5,24600,55,+0.22%,8
"2025-09-17 13:30",24625.5,24625.5,24545,24545,-134.,-0.54%,4
"2025-09-17 13:15",24600,24679,24600,24679,97.25,+0.40%,3
"2025-09-17 13:00",24692,24692,24581.75,24581.75,-110.25,-0.45%,4
"2025-09-17 12:45",24692,24692,24692,24692,0,0.00%,1
"2025-09-17 12:30",24672.5,24692,24672.5,24692,40,+0.16%,3
"2025-09-17 12:15",24652,24652,24652,24652,24.75,+0.10%,1
"2025-09-17 11:45",24616.75,24627.25,24616.75,24627.25,-1.75,-0.01%,2
"2025-09-17 11:30",24629,24629,24629,24629,-23.5,-0.10%,1
"2025-09-17 10:00",24652.5,24652.5,24652.5,24652.5,-27.75,-0.11%,4
"2025-09-17 09:15",24680.25,24680.25,24680.25,24680.25,-29.75,-0.12%,2
"2025-09-17 09:00",24700,24710,24700,24710,-50.,-0.20%,2
"2025-09-17 08:15",24760,24760,24760,24760,-8.25,-0.03%,8
"2025-09-16 21:00",24768.25,24768.25,24768.25,24768.25,-11.75,-0.05%,1
"2025-09-16 20:15",24780,24780,24780,24780,-4.,-0.02%,2
"2025-09-16 19:00",24784,24784,24784,24784,17.75,+0.07%,1
"2025-09-16 14:45",24772.5,24772.5,24766.25,24766.25,-6.75,-0.03%,2
"2025-09-16 14:30",24770.5,24773,24768.75,24773,1,0.00%,5
"2025-09-16 13:30",24772,24772,24772,24772,0,0.00%,1
"2025-09-16 12:15",24772,24772,24772,24772,-8.,-0.03%,1
"2025-09-16 12:00",24780,24780,24780,24780,-2.25,-0.01%,1
"2025-09-16 09:45",24780.25,24782.25,24777,24782.25,-2.75,-0.01%,6
"2025-09-16 09:30",24785,24785,24785,24785,-3.,-0.01%,1
"2025-09-16 08:45",24800,24800,24788,24788,-24.,-0.10%,4
"2025-09-16 08:30",24832,24832,24800,24812,-18.,-0.07%,5
"2025-09-16 08:15",24830,24830,24830,24830,-10.,-0.04%,1
"2025-09-16 07:30",24840,24840,24840,24840,5,+0.02%,1
"2025-09-16 07:00",24835,24835,24835,24835,-32.,-0.13%,1
"2025-09-16 05:30",24867,24867,24867,24867,-10.,-0.04%,1
"2025-09-16 03:45",24877,24877,24877,24877,57,+0.23%,1
"2025-09-15 23:00",24820,24820,24820,24820,38,+0.15%,1
"2025-09-15 19:45",24782,24782,24782,24782,7,+0.03%,1
"2025-09-15 19:30",24775,24775,24775,24775,-0.5,0.00%,1
"2025-09-15 18:45",24783.5,24783.5,24775.5,24775.5,-8.,-0.03%,4
"2025-09-15 18:30",24783.5,24783.5,24783.5,24783.5,10.5,+0.04%,1
"2025-09-15 17:00",24773,24773,24773,24773,-2.,-0.01%,1
"2025-09-15 15:00",24778.75,24778.75,24775,24775,-16.75,-0.07%,2
"2025-09-15 14:45",24765,24791.75,24765,24791.75,38.75,+0.16%,2
"2025-09-15 14:15",24753,24753,24753,24753,-14.,-0.06%,1
"2025-09-15 13:15",24767,24767,24767,24767,10,+0.04%,1
"2025-09-15 10:45",24757,24757,24757,24757,24.25,+0.10%,1
"2025-09-15 10:15",24732.75,24732.75,24732.75,24732.75,-7.25,-0.03%,1
"2025-09-15 10:00",24740,24740,24740,24740,3.5,+0.01%,2
"2025-09-15 09:45",24736.5,24736.5,24736.5,24736.5,-0.5,0.00%,2
"2025-09-15 09:30",24737,24737,24737,24737,9,+0.04%,1
"2025-09-15 09:15",24728,24728,24728,24728,20.75,+0.08%,1
"2025-09-15 08:45",24707.25,24707.25,24707.25,24707.25,19.25,+0.08%,1
"2025-09-15 08:30",24688,24688,24688,24688,58,+0.24%,1
"2025-09-15 07:15",24630,24630,24630,24630,0.25,0.00%,1
"2025-09-15 07:00",24629.75,24629.75,24629.75,24629.75,15.75,+0.06%,1
"2025-09-15 06:15",24614,24614,24614,24614,40.5,+0.16%,1
"2025-09-15 03:00",24570,24573.5,24570,24573.5,-56.,-0.23%,3
"2025-09-15 02:30",24630,24630,24629.5,24629.5,34.5,+0.14%,2
"2025-09-14 22:15",24595,24595,24595,24595,10,+0.04%,1
"2025-09-14 17:00",24585,24585,24585,24585,19.5,+0.08%,1
"2025-09-12 15:45",24565.5,24565.5,24565.5,24565.5,-21.5,-0.09%,2
"2025-09-12 14:45",24587,24587,24587,24587,8.5,+0.03%,1
"2025-09-12 14:30",24567,24578.5,24567,24578.5,-26.5,-0.11%,2
"2025-09-12 14:15",24605,24605,24605,24605,-15.,-0.06%,1
"2025-09-12 13:45",24620,24620,24620,24620,65,+0.26%,1
"2025-09-12 10:15",24570,24570,24555,24555,22.75,+0.09%,2
"2025-09-12 09:15",24520,24532.25,24520,24532.25,46,+0.19%,2
"2025-09-12 08:30",24486.25,24486.25,24486.25,24486.25,-20.5,-0.08%,1
"2025-09-12 07:45",24506.75,24506.75,24506.75,24506.75,8.75,+0.04%,1
"2025-09-11 14:00",24498,24498,24498,24498,1.25,+0.01%,1
"2025-09-11 11:15",24496.75,24496.75,24496.75,24496.75,-7.75,-0.03%,1
"2025-09-11 11:00",24504.5,24504.5,24504.5,24504.5,29.5,+0.12%,1
"2025-09-11 09:30",24473,24475,24473,24475,40,+0.16%,3
"2025-09-11 09:00",24462,24462,24435,24435,-5.,-0.02%,2
"2025-09-11 08:45",24422.5,24440,24422.5,24440,52,+0.21%,2
"2025-09-11 08:30",24436.5,24436.5,24388,24388,-29.75,-0.12%,5
"2025-09-11 07:45",24409,24417.75,24406.25,24417.75,53.25,+0.22%,3
"2025-09-11 07:30",24385.75,24388,24364.5,24364.5,20,+0.08%,4
"2025-09-11 00:15",24344.5,24344.5,24344.5,24344.5,-9.75,-0.04%,1
"2025-09-10 19:15",24354.25,24354.25,24354.25,24354.25,60.25,+0.25%,1
"2025-09-10 14:30",24300,24300,24294,24294,14,+0.06%,2
"2025-09-10 14:15",24269,24280,24269,24280,-22.,-0.09%,3
"2025-09-10 14:00",24302,24302,24302,24302,-34.25,-0.14%,1
"2025-09-10 13:30",24335,24336.25,24335,24336.25,16.25,+0.07%,2
"2025-09-10 13:15",24320,24320,24320,24320,-111.75,-0.46%,1
"2025-09-10 10:30",24431.75,24431.75,24431.75,24431.75,29.5,+0.12%,2
"2025-09-10 10:15",24402.25,24402.25,24402.25,24402.25,-47.75,-0.20%,2
"2025-09-10 09:15",24440,24450,24440,24450,43.75,+0.18%,2
"2025-09-10 08:30",24442,24442,24406.25,24406.25,-7.,-0.03%,2
"2025-09-10 07:30",24413.25,24413.25,24413.25,24413.25,47.5,+0.19%,1
"2025-09-10 04:00",24365.75,24365.75,24365.75,24365.75,-3.5,-0.01%,1
"2025-09-09 20:45",24369.25,24369.25,24369.25,24369.25,16.25,+0.07%,1
"2025-09-09 14:45",24353,24353,24353,24353,52.75,+0.22%,1
"2025-09-09 12:30",24300.25,24300.25,24300.25,24300.25,-6.5,-0.03%,1
"2025-09-09 12:00",24306.75,24306.75,24306.75,24306.75,61.25,+0.25%,1
"2025-09-09 09:45",24245.5,24245.5,24245.5,24245.5,-19.,-0.08%,1
"2025-09-09 09:00",24264.5,24264.5,24264.5,24264.5,-47.5,-0.20%,1
"2025-09-09 08:45",24312,24312,24312,24312,2,+0.01%,1
"2025-09-09 05:00",24310,24310,24310,24310,12,+0.05%,1
"2025-09-08 21:30",24298,24298,24298,24298,29.75,+0.12%,1
"2025-09-08 20:45",24268.25,24268.25,24268.25,24268.25,1,0.00%,1
"2025-09-08 13:45",24267.25,24267.25,24267.25,24267.25,0.75,0.00%,1
"2025-09-08 11:45",24266.5,24266.5,24266.5,24266.5,-28.5,-0.12%,1
"2025-09-08 10:45",24295,24295,24295,24295,-10.,-0.04%,1
"2025-09-08 09:00",24317,24317,24305,24305,9,+0.04%,3
"2025-09-08 08:30",24296,24296,24296,24296,177.25,+0.73%,1
"2025-09-05 14:45",24118.75,24118.75,24118.75,24118.75,-9.75,-0.04%,1
"2025-09-05 14:30",24128.5,24128.5,24128.5,24128.5,53.5,+0.22%,1
"2025-09-05 12:30",24075,24075,24075,24075,14.75,+0.06%,1
"2025-09-05 11:30",24060.25,24060.25,24060.25,24060.25,-19.5,-0.08%,1
"2025-09-05 11:15",24079.75,24079.75,24079.75,24079.75,-21.5,-0.09%,1
"2025-09-05 10:45",24101.75,24101.75,24101.25,24101.25,6.25,+0.03%,3
"2025-09-05 10:15",24062,24095,24062,24095,118.5,+0.49%,4
"2025-09-05 10:00",23978.5,23978.5,23976.5,23976.5,-93.5,-0.39%,4
"2025-09-05 09:30",24115,24118,24070,24070,-31.,-0.13%,5
"2025-09-05 09:15",24151.5,24151.5,24101,24101,-98.,-0.40%,6
"2025-09-04 19:15",24198.75,24199,24198.75,24199,78.5,+0.33%,7
"2025-09-04 14:45",24120.5,24120.5,24120.5,24120.5,36.5,+0.15%,1
"2025-09-04 13:45",24084,24084,24084,24084,18.5,+0.08%,2
"2025-09-04 13:15",24065.5,24065.5,24065.5,24065.5,262,+1.10%,1
"2025-09-03 13:15",23803.75,23803.75,23803.5,23803.5,-132.,-0.55%,4
"2025-09-03 09:15",23935.5,23935.5,23935.5,23935.5,25.5,+0.11%,1
"2025-09-03 07:00",23910,23910,23910,23910,44.5,+0.19%,2
"2025-09-03 03:00",23865.5,23865.5,23865.5,23865.5,205.5,+0.87%,1
"2025-09-02 13:45",23635,23660,23635,23660,36,+0.15%,2
"2025-09-02 13:30",23624,23624,23624,23624,24,+0.10%,1
"2025-09-02 11:45",23600,23600,23600,23600,55.75,+0.24%,3
"2025-09-02 11:30",23544.25,23544.25,23544.25,23544.25,-190.75,-0.80%,1
"2025-09-02 09:00",23735,23735,23735,23735,13,+0.05%,1
"2025-09-02 05:30",23722,23722,23722,23722,-116.,-0.49%,1
"2025-09-02 02:30",23838,23838,23838,23838,-22.,-0.09%,2
"2025-09-02 02:15",23860,23860,23860,23860,-60.,-0.25%,2
"2025-09-01 01:30",23920,23920,23920,23920,-35.,-0.15%,1
"2025-08-31 21:30",23955,23955,23955,23955,-65.,-0.27%,1
"2025-08-31 19:15",24020,24020,24020,24020,147,+0.62%,1
"2025-08-29 12:15",23873,23873,23873,23873,-67.,-0.28%,1
"2025-08-29 10:00",23940,23940,23940,23940,-320.,-1.32%,2
"2025-08-28 13:45",24260,24260,24260,24260,25,+0.10%,1
"2025-08-28 12:30",24235,24235,24235,24235,77.25,+0.32%,1
"2025-08-28 08:30",24157.75,24157.75,24157.75,24157.75,77.75,+0.32%,1
"2025-08-28 04:45",24080,24080,24080,24080,20,+0.08%,2
"2025-08-28 01:30",24060,24060,24060,24060,20,+0.08%,1
"2025-08-27 15:30",24040,24040,24040,24040,-99.75,-0.41%,1
"2025-08-27 15:15",24113.5,24139.75,24113.5,24139.75,67.25,+0.28%,3
"2025-08-27 10:15",24070,24072.5,24070,24072.5,72.5,+0.30%,2
"2025-08-27 08:30",24000,24000,24000,24000,-80.,-0.33%,1
"2025-08-26 23:00",24080,24080,24080,24080,-10.,-0.04%,1
"2025-08-26 20:45",24090,24090,24090,24090,9,+0.04%,1
"2025-08-26 18:30",24081,24081,24081,24081,-9.,-0.04%,1
"2025-08-26 17:30",24090,24090,24090,24090,15,+0.06%,1
"2025-08-26 15:15",24075,24075,24075,24075,100,+0.42%,1
"2025-08-26 12:45",23975,23975,23975,23975,38,+0.16%,1
"2025-08-25 07:30",23937,23937,23937,23937,-123.,-0.51%,1
"2025-08-22 15:15",24060,24060,24060,24060,-33.25,-0.14%,1
"2025-08-22 10:00",24104,24104,24093.25,24093.25,-11.5,-0.05%,2
"2025-08-22 09:45",24095,24104.75,24095,24104.75,74.75,+0.31%,2
"2025-08-22 09:15",24080,24080,24030,24030,26,+0.11%,2
"2025-08-22 09:00",24000,24004,24000,24004,214,+0.90%,2
"2025-08-20 14:15",23790,23790,23790,23790,94,+0.40%,2
"2025-08-20 10:45",23696,23696,23696,23696,-24.5,-0.10%,2
"2025-08-20 10:30",23720.5,23720.5,23720.5,23720.5,82.75,+0.35%,2
"2025-08-20 10:15",23637.75,23637.75,23637.75,23637.75,-187.25,-0.79%,1
"2025-08-19 23:30",23825,23825,23825,23825,-61.,-0.26%,1
"2025-08-19 19:45",23873.25,23886,23873.25,23886,-14.,-0.06%,4
"2025-08-19 18:15",23900,23900,23900,23900,-326.,-1.35%,1
"2025-08-18 10:15",24227,24227,24225.5,24226,-34.,-0.14%,6
"2025-08-15 10:45",24260,24260,24260,24260,-45.,-0.19%,4
"2025-08-14 07:30",24305,24305,24305,24305,-126.5,-0.52%,1
"2025-08-13 09:45",24431.5,24431.5,24431.5,24431.5,-63.5,-0.26%,1
"2025-08-13 07:30",24495,24495,24495,24495,123,+0.50%,1
"2025-08-12 11:45",24376.75,24385.5,24372,24372,260.25,+1.08%,7
"2025-08-11 21:30",24111.75,24111.75,24111.75,24111.75,-73.25,-0.30%,1
"2025-08-08 13:00",24185,24185,24185,24185,285,+1.19%,1
"2025-08-07 14:30",23900,23900,23900,23900,-200.,-0.83%,2
"2025-08-07 08:30",24100,24100,24100,24100,210,+0.88%,1
"2025-08-06 13:30",23890,23890,23890,23890,60,+0.25%,1
"2025-08-06 10:45",23830,23830,23830,23830,25,+0.11%,1
"2025-08-06 10:30",23805,23805,23805,23805,135,+0.57%,1
"2025-08-06 00:45",23670,23670,23670,23670,70,+0.30%,2
"2025-08-05 15:00",23600,23600,23600,23600,-76.,-0.32%,1
"2025-08-05 12:15",23676,23676,23676,23676,0,0.00%,3
"2025-08-05 10:00",23676,23676,23676,23676,44.75,+0.19%,1
"2025-08-05 09:45",23631.25,23631.25,23631.25,23631.25,-16.5,-0.07%,1
"2025-08-05 09:30",23671.75,23671.75,23647.75,23647.75,-127.25,-0.54%,2
"2025-08-04 15:00",23775,23775,23775,23775,14.5,+0.06%,1
"2025-08-04 12:00",23755.5,23760.5,23755.5,23760.5,39.25,+0.17%,3
"2025-08-04 11:45",23721.75,23721.75,23721.25,23721.25,7,+0.03%,3
"2025-08-04 09:30",23714.25,23714.25,23714.25,23714.25,133.75,+0.57%,1
"2025-08-04 08:30",23580.5,23580.5,23580.5,23580.5,180.25,+0.77%,1
"2025-08-01 10:00",23400.5,23400.5,23400.25,23400.25,3,+0.01%,2
"2025-08-01 09:45",23398,23398,23397.25,23397.25,-33.5,-0.14%,4
"2025-08-01 09:15",23427,23430.75,23427,23430.75,0.75,0.00%,4
"2025-08-01 08:30",23500.75,23524.5,23430,23430,-100.,-0.42%,19
"2025-08-01 08:15",23530,23530,23530,23530,-93.,-0.39%,4
"2025-08-01 07:45",23594,23623,23594,23623,-16.,-0.07%,3
"2025-08-01 07:30",23639,23639,23639,23639,118.5,+0.50%,2
"2025-08-01 05:45",23520.5,23520.5,23520.5,23520.5,-97.5,-0.41%,2
"2025-08-01 03:15",23618,23618,23618,23618,-271.,-1.13%,2
"2025-07-31 14:30",23889,23889,23889,23889,-11.,-0.05%,1
"2025-07-31 12:45",23900,23900,23900,23900,-400.,-1.65%,1
"2025-07-31 03:00",24300,24300,24300,24300,49,+0.20%,2
"2025-07-30 20:00",24254,24254,24251,24251,258.5,+1.08%,5
"2025-07-30 10:15",23992,23992.5,23992,23992.5,20,+0.08%,4
"2025-07-30 06:15",23972.75,23972.75,23972.5,23972.5,-7.5,-0.03%,4
"2025-07-29 10:45",23980,23980,23980,23980,13.25,+0.06%,1
"2025-07-29 10:15",23966.75,23966.75,23966.75,23966.75,-111.5,-0.46%,1
"2025-07-29 06:45",24078,24078.25,24078,24078.25,16,+0.07%,3
"2025-07-29 06:30",24062.25,24062.25,24062.25,24062.25,-4.75,-0.02%,2
"2025-07-29 06:00",24067,24067,24067,24067,90.5,+0.38%,1
"2025-07-28 10:00",23976.5,23976.5,23976.5,23976.5,136,+0.57%,1
"2025-07-24 10:30",23840.5,23840.5,23840.5,23840.5,104,+0.44%,1
"2025-07-23 12:45",23736.5,23736.5,23736.5,23736.5,-13.75,-0.06%,1
"2025-07-23 04:15",23750.25,23750.25,23750.25,23750.25,-11.5,-0.05%,1
"2025-07-23 04:00",23761.75,23761.75,23761.75,23761.75,9.25,+0.04%,1
"2025-07-23 03:45",23752.5,23752.5,23752.5,23752.5,-140.5,-0.59%,3
"2025-07-21 12:30",23893,23893,23893,23893,-1.5,-0.01%,3
"2025-07-21 12:15",23894.5,23894.5,23894.5,23894.5,11.25,+0.05%,1
"2025-07-21 12:00",23883.25,23883.25,23883.25,23883.25,-3.25,-0.01%,1
"2025-07-21 09:15",23886.5,23886.5,23886.5,23886.5,237.75,+1.01%,1
"2025-07-18 11:30",23648.75,23648.75,23648.75,23648.75,-134.75,-0.57%,1
"2025-07-18 08:30",23783.5,23783.5,23783.5,23783.5,58,+0.24%,2
"2025-07-17 11:00",23725.5,23725.5,23725.5,23725.5,113,+0.48%,1
"2025-07-15 09:30",23614.75,23614.75,23612.5,23612.5,52.5,+0.22%,8
"2025-07-09 09:00",23560,23560,23560,23560,13.75,+0.06%,1
"2025-07-09 08:45",23538.75,23546.25,23534.5,23546.25,179.25,+0.77%,15
"2025-07-03 08:00",23368,23368,23367,23367,88.5,+0.38%,3
"2025-07-02 11:30",23278,23278.5,23278,23278.5,-3.,-0.01%,8
"2025-07-02 10:30",23266.5,23281.5,23266.5,23281.5,416,+1.82%,8
"2025-06-24 14:00",22865.5,22865.5,22865.5,22865.5,63.25,+0.28%,1
"2025-06-24 12:15",22802.25,22802.25,22802.25,22802.25,0.25,0.00%,1
"2025-06-24 10:30",22804.25,22806,22802,22802,28.75,+0.13%,17
"2025-06-24 10:15",22770.25,22773.25,22770.25,22773.25,385.25,+1.72%,12
"2025-06-18 13:45",22388,22388,22388,22388,-77.,-0.34%,2
"2025-06-18 11:30",22458,22465,22458,22465,-16.,-0.07%,8
"2025-06-18 09:00",22481,22481,22481,22481,461,+2.09%,1
"2025-05-30 04:00",22020,22020,22020,22020,40,+0.18%,2
"2025-05-21 00:15",21980,21980,21980,21980,-170.,-0.77%,2
"2025-05-15 12:15",22150,22150,22150,22150,638.5,+2.97%,1
"2025-05-12 14:45",21468.5,21511.5,21468.5,21511.5,2543.5,+13.41%,5
"2025-04-16 12:30",18968,18968,18968,18968,-501.,-2.57%,1
"2025-04-14 10:30",19469,19469,19469,19469,41,+0.21%,1
"2025-04-09 13:00",19428,19428,19428,19428,1210,+6.64%,2
"2025-04-04 09:45",18218,18218,18218,18218,-210.,-1.14%,1
"2025-04-04 06:15",18428,18428,18428,18428,-1903.,-9.36%,1
"2025-03-11 08:45",20331,20331,20331,20331,106,+0.52%,1
"2025-03-11 07:45",20225,20225,20225,20225,-40.,-0.20%,1
"2025-03-11 07:30",20265,20265,20265,20265,-24.,-0.12%,1
"Downloaded from Barchart.com as of 03-05-2026 06:10am CST"
