Time,Open,High,Low,Latest,Change,%Change,Volume
"2026-03-04 23:30",25077.5,25081,25033,25034.75,-42.5,-0.17%,2833
"2026-03-04 23:00",25103.25,25104.5,25067.75,25077.25,-25.25,-0.10%,1989
"2026-03-04 22:30",25088.75,25106.75,25066.75,25102.5,13.75,+0.05%,2212
"2026-03-04 22:00",25046.75,25088.75,25031.75,25088.75,40.5,+0.16%,2951
"2026-03-04 21:30",25048.5,25070.75,25025.25,25048.25,0.75,0.00%,4721
"2026-03-04 21:00",25090.75,25101.5,25029.75,25047.5,-43.75,-0.17%,3486
"2026-03-04 20:30",25070,25125.5,25050,25091.25,23.25,+0.09%,4285
"2026-03-04 20:00",25070.75,25095,25056.5,25068,-3.,-0.01%,3934
"2026-03-04 19:30",25140,25174.75,25044,25071,-69.75,-0.28%,10538
"2026-03-04 19:00",25209.75,25217.5,25134.25,25140.75,-67.5,-0.27%,5916
"2026-03-04 18:30",25213,25228.75,25198.5,25208.25,-4.,-0.02%,3532
"2026-03-04 18:00",25171,25250,25160.25,25212.25,40.5,+0.16%,6105
"2026-03-04 17:30",25152,25190.75,25145,25171.75,20.25,+0.08%,2978
"2026-03-04 17:00",25156.5,25177.25,25140,25151.5,13.5,+0.05%,3588
"2026-03-04 15:30",25139.5,25153.5,25127.75,25138,-1.25,0.00%,2720
"2026-03-04 15:00",25120,25163.25,25092.5,25139.25,19.25,+0.08%,17662
"2026-03-04 14:30",25150.75,25167.75,25113.5,25120,-31.25,-0.12%,33783
"2026-03-04 14:00",25188.75,25195.25,25124,25151.25,-37.75,-0.15%,18796
"2026-03-04 13:30",25194.75,25207,25180.25,25189,-5.5,-0.02%,10171
"2026-03-04 13:00",25192.75,25217.75,25186.25,25194.5,2,+0.01%,13154
"2026-03-04 12:30",25172,25214.25,25170.5,25192.5,20.75,+0.08%,19966
"2026-03-04 12:00",25170,25183,25140.5,25171.75,3,+0.01%,13738
"2026-03-04 11:30",25133.25,25181.5,25105,25168.75,36,+0.14%,20485
"2026-03-04 11:00",25146.25,25174.25,25131,25132.75,-12.75,-0.05%,16896
"2026-03-04 10:30",25105.75,25170.5,25097.25,25145.5,39.75,+0.16%,28373
"2026-03-04 10:00",25127.25,25158.25,25051,25105.75,-21.75,-0.09%,34718
"2026-03-04 09:30",25139.25,25148.5,25036.75,25127.5,-11.5,-0.05%,40476
"2026-03-04 09:00",24922.75,25146.25,24891.5,25139,219.75,+0.88%,60685
"2026-03-04 08:30",24853.5,24970.25,24826,24919.25,66.25,+0.27%,68966
"2026-03-04 08:00",24889.5,24911.5,24846.5,24853,-36.25,-0.15%,10857
"2026-03-04 07:30",24882.75,24925,24860.25,24889.25,7.25,+0.03%,12259
"2026-03-04 07:00",24800.5,24930.25,24795.5,24882,81.25,+0.33%,14259
"2026-03-04 06:30",24732.25,24803.25,24720.5,24800.75,69.5,+0.28%,6761
"2026-03-04 06:00",24806.25,24844.25,24728,24731.25,-74.25,-0.30%,8221
"2026-03-04 05:30",24864.5,24872.5,24801.25,24805.5,-58.5,-0.24%,5578
"2026-03-04 05:00",24842.75,24895,24839.5,24864,21.5,+0.09%,7057
"2026-03-04 04:30",24806,24854.5,24805.25,24842.5,37.25,+0.15%,4852
"2026-03-04 04:00",24754.25,24866.25,24734.25,24805.25,50.5,+0.20%,12509
"2026-03-04 03:30",24707.25,24771.25,24694.75,24754.75,48,+0.19%,5604
"2026-03-04 03:00",24648.25,24720.75,24621,24706.75,62.75,+0.25%,4902
"2026-03-04 02:30",24629.75,24678,24619.75,24644,14.25,+0.06%,3688
"2026-03-04 02:00",24657,24688.25,24611.5,24629.75,-27.25,-0.11%,6634
"2026-03-04 01:30",24602.5,24677.75,24597.5,24657,56,+0.23%,5048
"2026-03-04 01:00",24570.25,24615.25,24535.5,24601,28.75,+0.12%,4731
"2026-03-04 00:30",24547,24590,24541,24572.25,25,+0.10%,3772
"2026-03-04 00:00",24573.5,24573.5,24499,24547.25,-27.,-0.11%,4839
"2026-03-03 23:30",24557,24617.75,24541,24574.25,16.75,+0.07%,2932
"2026-03-03 23:00",24590.75,24613,24532.5,24557.5,-30.75,-0.13%,3515
"2026-03-03 22:30",24591.75,24607.5,24566,24588.25,-5.,-0.02%,2988
"2026-03-03 22:00",24600.25,24644.75,24586,24593.25,-6.,-0.02%,4183
"2026-03-03 21:30",24568.25,24600.75,24525,24599.25,29.75,+0.12%,5599
"2026-03-03 21:00",24637,24638,24555.5,24569.5,-67.5,-0.27%,5170
"2026-03-03 20:30",24621.75,24666.75,24588,24637,14.5,+0.06%,5020
"2026-03-03 20:00",24676.5,24703.25,24619,24622.5,-53.5,-0.22%,4639
"2026-03-03 19:30",24651.75,24721.5,24630.75,24676,23,+0.09%,6300
"2026-03-03 19:00",24749,24772.25,24637.5,24653,-94.5,-0.38%,6362
"2026-03-03 18:30",24768.25,24770.5,24688.75,24747.5,-19.25,-0.08%,6111
"2026-03-03 18:00",24702,24803.5,24676,24766.75,63.75,+0.26%,6073
"2026-03-03 17:30",24708.5,24742,24698,24703,-3.75,-0.02%,2055
"2026-03-03 17:00",24710.75,24765,24669.75,24706.75,-3.,-0.01%,5693
"2026-03-03 15:30",24723.5,24731.25,24691.5,24709.75,-13.75,-0.06%,4255
"2026-03-03 15:00",24757.25,24758.25,24717,24723.5,-33.75,-0.14%,9910
"2026-03-03 14:30",24782.25,24807.75,24718,24757.25,-25.5,-0.10%,33683
"2026-03-03 14:00",24787.25,24821.75,24741.5,24782.75,-4.5,-0.02%,19830
"2026-03-03 13:30",24759.5,24850,24709.5,24787.25,28,+0.11%,29601
"2026-03-03 13:00",24799.5,24813.5,24730.25,24759.25,-41.,-0.17%,19484
"2026-03-03 12:30",24746.25,24832.5,24742,24800.25,53.5,+0.22%,25046
"2026-03-03 12:00",24641,24772.25,24640.75,24746.75,105.25,+0.43%,24607
"2026-03-03 11:30",24705.25,24707.5,24602.5,24641.5,-63.25,-0.26%,20158
"2026-03-03 11:00",24671,24712.25,24620.5,24704.75,32.75,+0.13%,26504
"2026-03-03 10:30",24618,24724.75,24563.25,24672,53.25,+0.22%,39775
"2026-03-03 10:00",24447.25,24642.5,24436.5,24618.75,172,+0.70%,43130
"2026-03-03 09:30",24358.75,24472.75,24356.25,24446.75,88.25,+0.36%,45602
"2026-03-03 09:00",24489,24562.5,24352,24358.5,-130.75,-0.53%,58962
"2026-03-03 08:30",24535,24661.25,24480.25,24489.25,-45.75,-0.19%,85930
"2026-03-03 08:00",24497,24543.5,24456,24535,39,+0.16%,14887
"2026-03-03 07:30",24530.25,24532.75,24447.75,24496,-33.75,-0.14%,13918
"2026-03-03 07:00",24584,24590,24515,24529.75,-53.75,-0.22%,8743
"2026-03-03 06:30",24570.5,24606.75,24549.75,24583.5,12,+0.05%,8170
"2026-03-03 06:00",24487,24601.25,24478.5,24571.5,83,+0.34%,11122
"2026-03-03 05:30",24457.75,24514.25,24455.5,24488.5,33.5,+0.14%,7935
"2026-03-03 05:00",24450.25,24486.75,24370,24455,2.25,+0.01%,9751
"2026-03-03 04:30",24436.5,24483,24393,24452.75,16,+0.07%,13219
"2026-03-03 04:00",24454,24484,24422,24436.75,-17.,-0.07%,9337
"2026-03-03 03:30",24520,24543.25,24444,24453.75,-66.5,-0.27%,10588
"2026-03-03 03:00",24516.25,24581.75,24509,24520.25,3.75,+0.02%,9938
"2026-03-03 02:30",24598,24621.5,24505,24516.5,-82.25,-0.33%,14083
"2026-03-03 02:00",24674.75,24694.5,24597.75,24598.75,-77.25,-0.31%,12175
"2026-03-03 01:30",24703.75,24713.5,24668.5,24676,-27.75,-0.11%,5185
"2026-03-03 01:00",24753.25,24767.5,24692.75,24703.75,-50.25,-0.20%,6404
"2026-03-03 00:30",24795.25,24800,24737,24754,-43.25,-0.17%,3801
"2026-03-03 00:00",24765.25,24797.75,24736,24797.25,31.75,+0.13%,4420
"2026-03-02 23:30",24811.5,24811.5,24744,24765.5,-47.75,-0.19%,4822
"2026-03-02 23:00",24811.25,24829,24796.75,24813.25,3,+0.01%,2914
"2026-03-02 22:30",24816,24830.5,24788.75,24810.25,-5.,-0.02%,3693
"2026-03-02 22:00",24846.5,24864,24800.75,24815.25,-30.75,-0.12%,3148
"2026-03-02 21:30",24823.25,24880,24804.25,24846,22.75,+0.09%,3693
"2026-03-02 21:00",24862.75,24883.25,24816,24823.25,-38.,-0.15%,3008
"2026-03-02 20:30",24837.25,24879.25,24831,24861.25,23.75,+0.10%,4215
"2026-03-02 20:00",24874,24878.25,24806.5,24837.5,-35.25,-0.14%,6489
"2026-03-02 19:30",24923.25,24934,24869,24872.75,-50.75,-0.20%,3792
"2026-03-02 19:00",24931.75,24960,24904,24923.5,-8.,-0.03%,4194
"2026-03-02 18:30",24942,24952,24925,24931.5,-8.,-0.03%,1924
"2026-03-02 18:00",24972.5,24982.25,24927,24939.5,-31.5,-0.13%,3816
"2026-03-02 17:30",24963,24978.75,24944.25,24971,10.25,+0.04%,2461
"2026-03-02 17:00",25002.75,25011,24947,24960.75,-35.,-0.14%,4347
"2026-03-02 15:30",24996.25,25007.75,24978.5,24995.75,-1.75,-0.01%,2818
"2026-03-02 15:00",25022.25,25028.75,24976.5,24997.5,-25.75,-0.10%,11836
"2026-03-02 14:30",24967.5,25062.75,24962,25023.25,57,+0.23%,34613
"2026-03-02 14:00",25082.5,25090.5,24946.75,24966.25,-116.5,-0.46%,40303
"2026-03-02 13:30",25079.75,25101,25068.5,25082.75,3.5,+0.01%,16988
"2026-03-02 13:00",24972,25089,24966.25,25079.25,106.75,+0.43%,26549
"2026-03-02 12:30",25036.25,25039.5,24968.5,24972.5,-63.5,-0.25%,17867
"2026-03-02 12:00",25066,25074.75,25013.5,25036,-29.75,-0.12%,15244
"2026-03-02 11:30",25044,25075.75,25026.25,25065.75,20.75,+0.08%,16127
"2026-03-02 11:00",25033.75,25076.5,25007.5,25045,11.5,+0.05%,21199
"2026-03-02 10:30",24866.5,25044.25,24861,25033.5,166,+0.67%,37957
"2026-03-02 10:00",24923.75,24991.25,24852,24867.5,-57.,-0.23%,30005
"2026-03-02 09:30",24881,24958.5,24842,24924.5,42.75,+0.17%,33066
"2026-03-02 09:00",24862,24947.75,24802,24881.75,19.75,+0.08%,43358
"2026-03-02 08:30",24644.5,24898.5,24605,24862,217.25,+0.88%,68520
"2026-03-02 08:00",24621.5,24652,24607.75,24644.75,24,+0.10%,9611
"2026-03-02 07:30",24701.75,24710.25,24592.75,24620.75,-80.,-0.32%,9096
"2026-03-02 07:00",24630,24739.25,24621.5,24700.75,71.75,+0.29%,10652
"2026-03-02 06:30",24634,24664,24609.75,24629,-5.,-0.02%,5644
"2026-03-02 06:00",24685.75,24705.5,24630.75,24634,-54.,-0.22%,6121
"2026-03-02 05:30",24655.75,24729,24655.75,24688,32.25,+0.13%,6795
"2026-03-02 05:00",24657.75,24671,24635,24655.75,-2.,-0.01%,3514
"2026-03-02 04:30",24657.25,24684.5,24640.75,24657.75,1,0.00%,3525
"2026-03-02 04:00",24628.5,24684.25,24625.5,24656.75,27.75,+0.11%,7176
"2026-03-02 03:30",24638.75,24654.25,24610.25,24629,-8.5,-0.03%,5193
"2026-03-02 03:00",24562.25,24652.5,24552,24637.5,74,+0.30%,8624
"2026-03-02 02:30",24487.75,24591,24485.25,24563.5,73.75,+0.30%,8131
"2026-03-02 02:00",24542,24556,24477,24489.75,-50.75,-0.21%,11984
"2026-03-02 01:30",24566.25,24583.5,24531,24540.5,-26.75,-0.11%,5303
"2026-03-02 01:00",24588,24602.5,24533,24567.25,-23.5,-0.10%,8155
"2026-03-02 00:30",24669.75,24679.25,24528,24590.75,-77.5,-0.31%,7946
"2026-03-02 00:00",24675.75,24703,24633.5,24668.25,-9.,-0.04%,4613
"2026-03-01 23:30",24731.75,24749.25,24672,24677.25,-51.75,-0.21%,3342
"2026-03-01 23:00",24759,24769.5,24718,24729,-31.,-0.13%,2961
"2026-03-01 22:30",24800,24817.75,24757.5,24760,-39.5,-0.16%,2405
"2026-03-01 22:00",24792.75,24809.5,24740.75,24799.5,8,+0.03%,4396
"2026-03-01 21:30",24823,24823,24785.25,24791.5,-28.25,-0.11%,2286
"2026-03-01 21:00",24821.25,24835.5,24802.75,24819.75,-1.25,-0.01%,2130
"2026-03-01 20:30",24811,24847.25,24796.5,24821,11.5,+0.05%,3329
"2026-03-01 20:00",24864,24873.75,24807.75,24809.5,-52.25,-0.21%,3816
"2026-03-01 19:30",24870.5,24901.25,24853,24861.75,-7.75,-0.03%,5369
"2026-03-01 19:00",24785.5,24893.25,24772.5,24869.5,83.5,+0.34%,10747
"2026-03-01 18:30",24732,24796.25,24714,24786,53,+0.21%,6551
"2026-03-01 18:00",24739.25,24778.5,24712.75,24733,-9.,-0.04%,6723
"2026-03-01 17:30",24764.75,24779.25,24714.5,24742,-23.25,-0.09%,6483
"2026-03-01 17:00",24682.5,24815,24635.5,24765.25,-187.5,-0.75%,13792
"2026-02-27 15:30",24961.25,24978.25,24942.25,24952.75,-7.75,-0.03%,4395
"2026-02-27 15:00",24998.25,24998.75,24939.25,24960.5,-38.,-0.15%,17048
"2026-02-27 14:30",24978.5,25022.75,24921.75,24998.5,19.75,+0.08%,51033
"2026-02-27 14:00",24894.25,25004.5,24893.5,24978.75,83.5,+0.34%,23625
"2026-02-27 13:30",24906.25,24919.5,24873,24895.25,-11.5,-0.05%,14063
"2026-02-27 13:00",24902.5,24963,24897.25,24906.75,4,+0.02%,17394
"2026-02-27 12:30",24911,24931.25,24886,24902.75,-8.25,-0.03%,16902
"2026-02-27 12:00",24945,24955.25,24874.75,24911,-34.5,-0.14%,18928
"2026-02-27 11:30",24952.5,24994,24914,24945.5,-7.25,-0.03%,24681
"2026-02-27 11:00",24969.25,25036.75,24900.25,24952.75,-16.,-0.06%,28913
"2026-02-27 10:30",24969,25009.75,24931.5,24968.75,0.75,0.00%,24900
"2026-02-27 10:00",24983.5,25021.5,24943.25,24968,-14.75,-0.06%,28018
"2026-02-27 09:30",24971,25017.25,24922.5,24982.75,11.5,+0.05%,34903
"2026-02-27 09:00",24879.5,24997.5,24866.5,24971.25,91.25,+0.37%,43848
"2026-02-27 08:30",24815.25,24938.5,24782,24880,65.75,+0.26%,69548
"2026-02-27 08:00",24871,24878,24796,24814.25,-56.25,-0.23%,14004
"2026-02-27 07:30",24881.25,24883.25,24793.75,24870.5,-9.75,-0.04%,20340
"2026-02-27 07:00",24919.5,24942.75,24874,24880.25,-41.5,-0.17%,7777
"2026-02-27 06:30",24974.25,24985.5,24898,24921.75,-52.,-0.21%,6823
"2026-02-27 06:00",24952.75,24994,24921.25,24973.75,19.75,+0.08%,5743
"2026-02-27 05:30",24991,25002.5,24928.75,24954,-37.,-0.15%,5682
"2026-02-27 05:00",25000.25,25012.75,24986.25,24991,-10.25,-0.04%,3074
"2026-02-27 04:30",25017.5,25045,24984.75,25001.25,-16.5,-0.07%,4318
"2026-02-27 04:00",25030,25032.75,24966.75,25017.75,-11.5,-0.05%,5013
"2026-02-27 03:30",25078,25078.5,25024.5,25029.25,-49.25,-0.20%,3334
"2026-02-27 03:00",25067.75,25098.75,25050.5,25078.5,11.25,+0.04%,4278
"2026-02-27 02:30",25057.25,25076.5,25046.25,25067.25,11.25,+0.04%,1968
"2026-02-27 02:00",25072.5,25089.75,25038.25,25056,-18.5,-0.07%,3804
"2026-02-27 01:30",25070.5,25079,25061.25,25074.5,3.5,+0.01%,1909
"2026-02-27 01:00",25033,25073.25,25032.75,25071,39,+0.16%,2350
"2026-02-27 00:30",25004.25,25037.25,25003,25032,26,+0.10%,1575
"2026-02-27 00:00",25040,25046.25,24991.75,25006,-33.5,-0.13%,2333
"2026-02-26 23:30",25055.25,25061,25035.5,25039.5,-16.,-0.06%,1319
"2026-02-26 23:00",25024.75,25057.25,25024,25055.5,31.75,+0.13%,1711
"2026-02-26 22:30",25027.25,25034.5,25017.25,25023.75,-3.75,-0.01%,969
"2026-02-26 22:00",25026.5,25036.25,25012,25027.5,2.75,+0.01%,1398
"2026-02-26 21:30",25015,25034.25,25001.75,25024.75,9.75,+0.04%,1622
"2026-02-26 21:00",25032,25036,25011.25,25015,-16.75,-0.07%,1748
"2026-02-26 20:30",25015,25033.25,24993.5,25031.75,15.5,+0.06%,2206
"2026-02-26 20:00",24994.5,25019,24985.25,25016.25,24.5,+0.10%,2386
"2026-02-26 19:30",24987.25,25006.5,24971,24991.75,2.75,+0.01%,3210
"2026-02-26 19:00",24986,25018.25,24975.75,24989,3,+0.01%,3680
"2026-02-26 18:30",24998.5,25003.25,24954.75,24986,-13.,-0.05%,4300
"2026-02-26 18:00",24995,25026.5,24981.25,24999,3.75,+0.02%,3859
"2026-02-26 17:30",25023.25,25023.5,24975,24995.25,-26.75,-0.11%,4011
"2026-02-26 17:00",25024.25,25038,24955,25022,-6.,-0.02%,7566
"2026-02-26 15:30",25068.25,25072,25024.75,25028,-40.,-0.16%,4745
"2026-02-26 15:00",25083,25090,25058,25068,-15.,-0.06%,11251
"2026-02-26 14:30",25028.75,25086.75,25027.5,25083,53.25,+0.21%,33058
"2026-02-26 14:00",25062.75,25094.75,25024,25029.75,-33.25,-0.13%,19358
"2026-02-26 13:30",25048.75,25099,25039.5,25063,14.75,+0.06%,17642
"2026-02-26 13:00",25002,25086.25,24988.25,25048.25,46.75,+0.19%,23013
"2026-02-26 12:30",24918.75,25030.75,24908.25,25001.5,81.75,+0.33%,26461
"2026-02-26 12:00",24935.25,24939,24888.75,24919.75,-15.,-0.06%,22849
"2026-02-26 11:30",24966.75,25008,24912,24934.75,-33.25,-0.13%,22756
"2026-02-26 11:00",24963.75,25009.25,24953,24968,4.5,+0.02%,19757
"2026-02-26 10:30",25058.75,25070,24954.25,24963.5,-95.25,-0.38%,32951
"2026-02-26 10:00",24999.5,25085.5,24985.5,25058.75,60,+0.24%,32753
"2026-02-26 09:30",24933,25026.75,24861.75,24998.75,66.5,+0.27%,57234
"2026-02-26 09:00",25193.5,25210.75,24885,24932.25,-260.75,-1.04%,83750
"2026-02-26 08:30",25342,25342,25181.25,25193,-148.25,-0.59%,82299
"2026-02-26 08:00",25383,25398.75,25341,25341.25,-42.5,-0.17%,9083
"2026-02-26 07:30",25398.25,25415.25,25380.5,25383.75,-14.5,-0.06%,6146
"2026-02-26 07:00",25372.75,25399.25,25361.25,25398.25,24.25,+0.10%,3907
"2026-02-26 06:30",25386.75,25390.75,25369.25,25374,-12.75,-0.05%,2170
"2026-02-26 06:00",25361.75,25389,25360.25,25386.75,24.75,+0.10%,2261
"2026-02-26 05:30",25362.75,25370,25350.75,25362,-3.,-0.01%,1765
"2026-02-26 05:00",25357.5,25369.5,25345.25,25365,8.5,+0.03%,1604
"2026-02-26 04:30",25363.5,25373.25,25347.5,25356.5,-7.,-0.03%,1893
"2026-02-26 04:00",25379.25,25388.25,25362.25,25363.5,-15.,-0.06%,1659
"2026-02-26 03:30",25379.25,25401.5,25375.25,25378.5,-1.25,0.00%,2732
"2026-02-26 03:00",25349.75,25380.25,25346,25379.75,29.75,+0.12%,2385
"2026-02-26 02:30",25372.75,25375,25343.25,25350,-22.,-0.09%,2227
"2026-02-26 02:00",25348,25392.25,25344,25372,24.75,+0.10%,4037
"2026-02-26 01:30",25341,25364.75,25339.25,25347.25,6,+0.02%,2144
"2026-02-26 01:00",25327.25,25355.75,25326.25,25341.25,13.75,+0.05%,2394
"2026-02-26 00:30",25319,25345,25316.75,25327.5,7.5,+0.03%,2107
"2026-02-26 00:00",25308,25333.5,25307,25320,12,+0.05%,1904
"2026-02-25 23:30",25295.5,25309.75,25291.75,25308,12.25,+0.05%,1130
"2026-02-25 23:00",25299.5,25303.75,25283.25,25295.75,-4.5,-0.02%,1592
"2026-02-25 22:30",25299.5,25306.25,25293.25,25300.25,1.5,+0.01%,842
"2026-02-25 22:00",25300.5,25310.5,25295.25,25298.75,-3.,-0.01%,1285
"2026-02-25 21:30",25305.25,25323.5,25298.5,25301.75,-4.25,-0.02%,1494
"2026-02-25 21:00",25306.75,25312.25,25294.75,25306,-2.,-0.01%,1171
"2026-02-25 20:30",25300,25309.5,25288.75,25308,7.75,+0.03%,1419
"2026-02-25 20:00",25315.5,25319.25,25291,25300.25,-16.,-0.06%,2115
"2026-02-25 19:30",25273.75,25319.75,25264.75,25316.25,42,+0.17%,2978
"2026-02-25 19:00",25316.25,25320,25273.75,25274.25,-41.5,-0.16%,4760
"2026-02-25 18:30",25337.75,25341.5,25302,25315.75,-21.25,-0.08%,3662
"2026-02-25 18:00",25315.75,25340,25304.5,25337,19.75,+0.08%,4479
"2026-02-25 17:30",25383.5,25387.5,25274.75,25317.25,-66.25,-0.26%,7854
"2026-02-25 17:00",25388.25,25418.25,25361.25,25383.5,-78.25,-0.31%,6208
"2026-02-25 15:30",25395.5,25494.75,25382,25461.75,66.25,+0.26%,17028
"2026-02-25 15:00",25384,25423.75,25370,25395.5,12,+0.05%,13413
"2026-02-25 14:30",25366.75,25396.5,25352,25383.5,16.75,+0.07%,35325
"2026-02-25 14:00",25368.5,25376.5,25359.5,25366.75,-2.,-0.01%,9841
"2026-02-25 13:30",25371.25,25378.5,25364.25,25368.75,-2.25,-0.01%,7863
"2026-02-25 13:00",25350.25,25378,25349.5,25371,20.5,+0.08%,10921
"2026-02-25 12:30",25339.5,25356,25334.25,25350.5,11.25,+0.04%,7132
"2026-02-25 12:00",25352.75,25358,25336.5,25339.25,-13.,-0.05%,9927
"2026-02-25 11:30",25321,25355,25315,25352.25,31,+0.12%,14602
"2026-02-25 11:00",25316.75,25341,25310.5,25321.25,4.75,+0.02%,13632
"2026-02-25 10:30",25300.5,25333.25,25293.25,25316.5,15.75,+0.06%,18467
"2026-02-25 10:00",25295.25,25310.75,25282.75,25300.75,5.5,+0.02%,21130
"2026-02-25 09:30",25334,25341.5,25264.5,25295.25,-39.,-0.15%,32456
"2026-02-25 09:00",25343,25361.75,25282.75,25334.25,-9.,-0.04%,40209
"2026-02-25 08:30",25160.25,25353.25,25156.75,25343.25,182.75,+0.73%,67369
"2026-02-25 08:00",25150.75,25177.5,25129.75,25160.5,10.25,+0.04%,14060
"2026-02-25 07:30",25143.75,25165.75,25123.75,25150.25,7.25,+0.03%,5091
"2026-02-25 07:00",25139.25,25153,25131.5,25143,4.5,+0.02%,3212
"2026-02-25 06:30",25132.75,25146.75,25123,25138.5,5.25,+0.02%,3233
"2026-02-25 06:00",25124.5,25150,25105,25133.25,8.5,+0.03%,5014
"2026-02-25 05:30",25081.5,25128.5,25081.5,25124.75,43.75,+0.17%,3337
"2026-02-25 05:00",25074.25,25085,25068.5,25081,7.75,+0.03%,1117
"2026-02-25 04:30",25077.25,25094.75,25067.25,25073.25,-3.,-0.01%,1510
"2026-02-25 04:00",25082.75,25086,25065.5,25076.25,-6.25,-0.02%,1781
"2026-02-25 03:30",25070,25087.75,25064,25082.5,14,+0.06%,1576
"2026-02-25 03:00",25072.5,25087.25,25055.25,25068.5,-6.,-0.02%,2198
"2026-02-25 02:30",25075.75,25083.75,25061.75,25074.5,-0.5,0.00%,1780
"2026-02-25 02:00",25036.5,25090,25036.5,25075,39,+0.16%,3793
"2026-02-25 01:30",25040.25,25042.75,25017.5,25036,-5.75,-0.02%,1741
"2026-02-25 01:00",25043,25053.5,25035,25041.75,0,0.00%,1178
"2026-02-25 00:30",25040,25058.75,25036.5,25041.75,0.75,0.00%,1020
"2026-02-25 00:00",25041.5,25058.75,25032,25041,0.25,0.00%,1395
"2026-02-24 23:30",25042,25057.25,25030.75,25040.75,-0.5,0.00%,1558
"2026-02-24 23:00",25051.75,25067.5,25035,25041.25,-9.,-0.04%,1343
"2026-02-24 22:30",25053.5,25063,25046.5,25050.25,-3.75,-0.01%,1069
"2026-02-24 22:00",25066.75,25067.75,25034.5,25054,-12.75,-0.05%,1951
"2026-02-24 21:30",25070,25081.25,24994,25066.75,-2.75,-0.01%,5160
"2026-02-24 21:00",25106.75,25109.5,25054.75,25069.5,-38.,-0.15%,2935
"2026-02-24 20:30",25102,25114.5,25092,25107.5,6.5,+0.03%,2327
"2026-02-24 20:00",25103,25110.5,25082.25,25101,-2.5,-0.01%,2447
"2026-02-24 19:30",25079.5,25113.25,25073,25103.5,23,+0.09%,2898
"2026-02-24 19:00",25071.25,25108.25,25061.5,25080.5,9.5,+0.04%,5024
"2026-02-24 18:30",25029,25075,25018.5,25071,42.5,+0.17%,3393
"2026-02-24 18:00",25044.5,25045.25,25021.25,25028.5,-15.,-0.06%,2309
"2026-02-24 17:30",25022,25051,25017.25,25043.5,20,+0.08%,1975
"2026-02-24 17:00",25016.25,25030.25,24992,25023.5,7.25,+0.03%,2466
"2026-02-24 15:30",25023.75,25028.75,25012.5,25016.25,-7.5,-0.03%,2927
"2026-02-24 15:00",25030,25037.75,25003.25,25023.75,-6.25,-0.02%,11689
"2026-02-24 14:30",24998.75,25072,24994.75,25030,31.25,+0.13%,36518
"2026-02-24 14:00",25021.75,25028.75,24995.75,24998.75,-22.75,-0.09%,16682
"2026-02-24 13:30",25003,25060.25,25000.25,25021.5,18.75,+0.07%,18040
"2026-02-24 13:00",25030,25037.25,24988.5,25002.75,-27.25,-0.11%,14588
"2026-02-24 12:30",25019.75,25051,25011.5,25030,10.75,+0.04%,14722
"2026-02-24 12:00",25046,25078.75,25015.5,25019.25,-26.75,-0.11%,18434
"2026-02-24 11:30",25060.25,25070,25032,25046,-14.75,-0.06%,14394
"2026-02-24 11:00",25028.75,25076.25,25021.25,25060.75,32,+0.13%,23043
"2026-02-24 10:30",25015.25,25040.75,24969.25,25028.75,14.5,+0.06%,26716
"2026-02-24 10:00",24976.5,25047.25,24974.25,25014.25,37.75,+0.15%,28832
"2026-02-24 09:30",25011.25,25031,24967.5,24976.5,-35.25,-0.14%,36268
"2026-02-24 09:00",24878.5,25014.5,24819.5,25011.75,134.5,+0.54%,55714
"2026-02-24 08:30",24805,24964.25,24694.5,24877.25,72.5,+0.29%,91480
"2026-02-24 08:00",24876.75,24878.75,24797.25,24804.75,-72.5,-0.29%,9171
"2026-02-24 07:30",24857.5,24892,24838.25,24877.25,20.25,+0.08%,6104
"2026-02-24 07:00",24816.75,24858.5,24814.25,24857,40.75,+0.16%,5969
"2026-02-24 06:30",24840,24847.25,24795.25,24816.25,-24.5,-0.10%,6253
"2026-02-24 06:00",24832.5,24902.25,24828.5,24840.75,7.75,+0.03%,8407
"2026-02-24 05:30",24822,24834,24808.75,24833,10.75,+0.04%,2139
"2026-02-24 05:00",24842.5,24853.25,24814.25,24822.25,-19.75,-0.08%,2353
"2026-02-24 04:30",24841.5,24847,24825.75,24842,2,+0.01%,1530
"2026-02-24 04:00",24847,24865.5,24834.5,24840,-6.5,-0.03%,2486
"2026-02-24 03:30",24825,24848,24794.25,24846.5,21.25,+0.09%,2940
"2026-02-24 03:00",24791.25,24843,24788.25,24825.25,33.5,+0.14%,3560
"2026-02-24 02:30",24809,24821.25,24761,24791.75,-15.5,-0.06%,3313
"2026-02-24 02:00",24834,24834,24773.5,24807.25,-26.,-0.10%,5990
"2026-02-24 01:30",24861,24868.5,24830.5,24833.25,-26.5,-0.11%,1395
"2026-02-24 01:00",24837.5,24862,24835.25,24859.75,22,+0.09%,1785
"2026-02-24 00:30",24832.75,24844,24824,24837.75,5,+0.02%,1048
"2026-02-24 00:00",24840.5,24853.25,24822.75,24832.75,-8.25,-0.03%,1829
"2026-02-23 23:30",24861.5,24861.5,24825.75,24841,-22.5,-0.09%,2096
"2026-02-23 23:00",24876,24888.25,24854.5,24863.5,-12.5,-0.05%,1803
"2026-02-23 22:30",24878,24884,24867.25,24876,-1.25,-0.01%,1050
"2026-02-23 22:00",24874,24882,24865.75,24877.25,4,+0.02%,1229
"2026-02-23 21:30",24878.25,24880.5,24868.75,24873.25,-5.,-0.02%,1161
"2026-02-23 21:00",24869.75,24884.25,24866.75,24878.25,8.5,+0.03%,2273
"2026-02-23 20:30",24863,24879,24858.25,24869.75,7.25,+0.03%,2581
"2026-02-23 20:00",24822,24868,24816.75,24862.5,40.5,+0.16%,2357
"2026-02-23 19:30",24820.5,24835.5,24798.75,24822,1,0.00%,2593
"2026-02-23 19:00",24815.5,24829,24795,24821,5,+0.02%,3004
"2026-02-23 18:30",24780.75,24823.5,24776.75,24816,34.75,+0.14%,2486
"2026-02-23 18:00",24789,24818.5,24773.5,24781.25,-6.75,-0.03%,4210
"2026-02-23 17:30",24805.75,24826.75,24784.75,24788,-18.75,-0.08%,3217
"2026-02-23 17:00",24788,24815,24767,24806.75,20.5,+0.08%,3702
"2026-02-23 15:30",24779.25,24796.5,24777,24786.25,6.75,+0.03%,2773
"2026-02-23 15:00",24768.5,24786.75,24758,24779.5,11.5,+0.05%,13361
"2026-02-23 14:30",24707,24772.75,24704.5,24768,61.5,+0.25%,43595
"2026-02-23 14:00",24692,24714.75,24678.75,24706.5,14.5,+0.06%,20111
"2026-02-23 13:30",24714.25,24730.25,24683.75,24692,-22.75,-0.09%,21757
"2026-02-23 13:00",24727.75,24755,24708.75,24714.75,-12.75,-0.05%,19026
"2026-02-23 12:30",24810.5,24819.75,24720,24727.5,-83.,-0.33%,23786
"2026-02-23 12:00",24744.5,24820.25,24739,24810.5,65.75,+0.27%,21381
"2026-02-23 11:30",24742.5,24755.5,24677.5,24744.75,1.75,+0.01%,28366
"2026-02-23 11:00",24735,24763.75,24725.25,24743,8.25,+0.03%,19213
"2026-02-23 10:30",24777.75,24789.25,24727.5,24734.75,-43.25,-0.17%,26688
"2026-02-23 10:00",24743.25,24781.75,24668,24778,34.75,+0.14%,51707
"2026-02-23 09:30",24871,24900.5,24738.75,24743.25,-128.25,-0.52%,46913
"2026-02-23 09:00",24912.75,24952.25,24840.5,24871.5,-41.75,-0.17%,51384
"2026-02-23 08:30",24981,25040,24857.75,24913.25,-68.,-0.27%,77841
"2026-02-23 08:00",24935,24982.5,24931.5,24981.25,46.5,+0.19%,8053
"2026-02-23 07:30",24927.25,24954.5,24910,24934.75,8,+0.03%,6033
"2026-02-23 07:00",24903.75,24938,24887.25,24926.75,22,+0.09%,4497
"2026-02-23 06:30",24910.25,24926.75,24883.75,24904.75,-5.5,-0.02%,4250
"2026-02-23 06:00",24928.25,24943.5,24901.25,24910.25,-19.25,-0.08%,3541
"2026-02-23 05:30",24967.75,24970,24907.25,24929.5,-38.25,-0.15%,3328
"2026-02-23 05:00",24970.75,24987.25,24959.5,24967.75,-1.75,-0.01%,1649
"2026-02-23 04:30",24969.5,24985.75,24959,24969.5,-0.5,0.00%,1882
"2026-02-23 04:00",24985.5,25002.75,24945,24970,-13.5,-0.05%,3547
"2026-02-23 03:30",24994.5,25004,24975,24983.5,-10.75,-0.04%,2761
"2026-02-23 03:00",24931,24998.5,24930.75,24994.25,64.5,+0.26%,5324
"2026-02-23 02:30",24900.25,24934.5,24878.25,24929.75,30.75,+0.12%,3038
"2026-02-23 02:00",24898.75,24913.5,24877.5,24899,1,0.00%,2812
"2026-02-23 01:30",24901.5,24912,24891.75,24898,-5.75,-0.02%,1610
"2026-02-23 01:00",24868.5,24914.75,24863.25,24903.75,36.75,+0.15%,4344
"2026-02-23 00:30",24845.5,24869.5,24841,24867,19.75,+0.08%,1516
"2026-02-23 00:00",24838.5,24854.75,24832.25,24847.25,9,+0.04%,1322
"2026-02-22 23:30",24827,24844.25,24822.75,24838.25,10.5,+0.04%,2057
"2026-02-22 23:00",24833.5,24835,24807.25,24827.75,-6.5,-0.03%,1706
"2026-02-22 22:30",24831.25,24839.5,24811,24834.25,3.75,+0.02%,1567
"2026-02-22 22:00",24842.5,24853,24821.25,24830.5,-11.25,-0.05%,1705
"2026-02-22 21:30",24833.5,24844,24813.25,24841.75,8.25,+0.03%,2111
"2026-02-22 21:00",24839.5,24863.5,24815.25,24833.5,-5.5,-0.02%,3684
"2026-02-22 20:30",24831.75,24845,24828.5,24839,7,+0.03%,2286
"2026-02-22 20:00",24844.25,24857.25,24808,24832,-12.25,-0.05%,5200
"2026-02-22 19:30",24858.75,24881.75,24832.5,24844.25,-14.5,-0.06%,4876
"2026-02-22 19:00",24853.75,24882.75,24839.25,24858.75,6,+0.02%,7155
"2026-02-22 18:30",24906.75,24907.75,24848.5,24852.75,-55.,-0.22%,5887
"2026-02-22 18:00",24970,24971,24884,24907.75,-63.25,-0.25%,6211
"2026-02-22 17:30",24979.5,24990,24936.5,24971,-9.,-0.04%,5842
"2026-02-22 17:00",25033.75,25059.75,24968.25,24980,-97.5,-0.39%,5692
"2026-02-20 15:30",25067.75,25081,25066.5,25077.5,9,+0.04%,2317
"2026-02-20 15:00",25075,25088,25064.25,25068.5,-6.5,-0.03%,11827
"2026-02-20 14:30",25021.25,25079.25,25018,25075,54.75,+0.22%,28300
"2026-02-20 14:00",25023,25077.25,25014.25,25020.25,-2.75,-0.01%,16002
"2026-02-20 13:30",25054,25077.5,25018,25023,-29.75,-0.12%,14613
"2026-02-20 13:00",25098.5,25118.75,25037.25,25052.75,-45.,-0.18%,18398
"2026-02-20 12:30",24966.25,25122.25,24928,25097.75,133,+0.53%,39178
"2026-02-20 12:00",25034.25,25045.5,24929.25,24964.75,-69.5,-0.28%,28941
"2026-02-20 11:30",24926.75,25043.75,24912,25034.25,108,+0.43%,35043
"2026-02-20 11:00",25098.5,25109.25,24879.25,24926.25,-171.75,-0.68%,44153
"2026-02-20 10:30",24977.5,25130.5,24967.25,25098,120.5,+0.48%,32357
"2026-02-20 10:00",25118.25,25139.5,24975.5,24977.5,-141.25,-0.56%,37478
"2026-02-20 09:30",24974.5,25127,24908,25118.75,144.75,+0.58%,47155
"2026-02-20 09:00",24900.5,25083,24858.25,24974,76.5,+0.31%,73371
"2026-02-20 08:30",24715.25,24957.5,24678.5,24897.5,182,+0.74%,74024
"2026-02-20 08:00",24769.75,24784,24696.75,24715.5,-53.75,-0.22%,14071
"2026-02-20 07:30",24856,24863,24722.5,24769.25,-88.25,-0.36%,16894
"2026-02-20 07:00",24828,24864,24816,24857.5,28.5,+0.11%,4750
"2026-02-20 06:30",24807.5,24831.25,24791,24829,21.25,+0.09%,4876
"2026-02-20 06:00",24829,24849.5,24799.25,24807.75,-22.75,-0.09%,5223
"2026-02-20 05:30",24878,24888,24811.25,24830.5,-48.75,-0.20%,4198
"2026-02-20 05:00",24902.5,24902.5,24840.75,24879.25,-22.75,-0.09%,4992
"2026-02-20 04:30",24927.5,24937.25,24900.75,24902,-25.25,-0.10%,1926
"2026-02-20 04:00",24935.75,24946.75,24919.75,24927.25,-10.,-0.04%,1987
"2026-02-20 03:30",24975,24982,24931.75,24937.25,-39.,-0.16%,2347
"2026-02-20 03:00",24936.5,24984.75,24932.5,24976.25,39.5,+0.16%,3946
"2026-02-20 02:30",24929.5,24942.5,24898,24936.75,7.5,+0.03%,2034
"2026-02-20 02:00",24921.25,24935.25,24896.75,24929.25,7.75,+0.03%,2764
"2026-02-20 01:30",24940.25,24945.75,24907.5,24921.5,-20.25,-0.08%,2257
"2026-02-20 01:00",24942.75,24954.5,24938,24941.75,-1.25,-0.01%,1810
"2026-02-20 00:30",24944.5,24945.25,24930.75,24943,-2.25,-0.01%,1135
"2026-02-20 00:00",24944,24956,24940,24945.25,2.25,+0.01%,1212
"2026-02-19 23:30",24926,24948.5,24925,24943,17.75,+0.07%,2219
"2026-02-19 23:00",24903,24926,24901,24925.25,24.5,+0.10%,1336
"2026-02-19 22:30",24903,24909,24893.25,24900.75,-2.75,-0.01%,819
"2026-02-19 22:00",24889.25,24913.75,24885.5,24903.5,12.5,+0.05%,1490
"2026-02-19 21:30",24902.5,24906,24888.25,24891,-11.,-0.04%,951
"2026-02-19 21:00",24897.75,24911,24894.25,24902,5,+0.02%,1078
"2026-02-19 20:30",24889.75,24907.5,24878,24897,8.5,+0.03%,1785
"2026-02-19 20:00",24908.25,24934,24884.25,24888.5,-18.25,-0.07%,2962
"2026-02-19 19:30",24917,24925.75,24892,24906.75,-15.,-0.06%,2451
"2026-02-19 19:00",24901.5,24936,24897.75,24921.75,20.75,+0.08%,3454
"2026-02-19 18:30",24889.5,24912.5,24889.25,24901,11,+0.04%,2767
"2026-02-19 18:00",24878.25,24896.5,24858.5,24890,12.75,+0.05%,3701
"2026-02-19 17:30",24860.25,24889.25,24859,24877.25,17.75,+0.07%,2067
"2026-02-19 17:00",24837.75,24867.25,24826,24859.5,23.5,+0.09%,2534
"2026-02-19 15:30",24848.75,24848.75,24828.75,24836,-12.5,-0.05%,3209
"2026-02-19 15:00",24863.5,24871.5,24831.75,24848.5,-15.,-0.06%,11660
"2026-02-19 14:30",24787,24866,24783,24863.5,75,+0.30%,29344
"2026-02-19 14:00",24781.25,24820.75,24777.5,24788.5,6.5,+0.03%,16731
"2026-02-19 13:30",24808.75,24825.5,24751.5,24782,-27.,-0.11%,20345
"2026-02-19 13:00",24840.75,24849.25,24794.75,24809,-33.,-0.13%,14687
"2026-02-19 12:30",24787.5,24849,24766,24842,53.25,+0.21%,19557
"2026-02-19 12:00",24779.5,24839.25,24749,24788.75,8.75,+0.04%,26166
"2026-02-19 11:30",24859,24871,24764.75,24780,-80.,-0.32%,25327
"2026-02-19 11:00",24844.25,24904.75,24810,24860,16.25,+0.07%,22516
"2026-02-19 10:30",24874.25,24921,24801.25,24843.75,-29.,-0.12%,31241
"2026-02-19 10:00",24925,24959.5,24852.25,24872.75,-51.5,-0.21%,31108
"2026-02-19 09:30",24858.5,24944.5,24849,24924.25,65.75,+0.26%,31795
"2026-02-19 09:00",24880,24956.5,24848.25,24858.5,-23.,-0.09%,48712
"2026-02-19 08:30",24833.75,24920,24763,24881.5,47.75,+0.19%,72038
"2026-02-19 08:00",24855,24874,24828,24833.75,-19.75,-0.08%,9069
"2026-02-19 07:30",24832,24881,24798,24853.5,21.75,+0.09%,9076
"2026-02-19 07:00",24869,24878,24810.5,24831.75,-36.25,-0.15%,4933
"2026-02-19 06:30",24879.5,24895.5,24865.25,24868,-12.75,-0.05%,3190
"2026-02-19 06:00",24877.75,24897,24815,24880.75,2.25,+0.01%,5179
"2026-02-19 05:30",24874.5,24885.75,24843.75,24878.5,4.25,+0.02%,2625
"2026-02-19 05:00",24855,24882.75,24836.25,24874.25,20,+0.08%,2831
"2026-02-19 04:30",24839.75,24870.25,24825,24854.25,14,+0.06%,4145
"2026-02-19 04:00",24892.5,24902.75,24831.25,24840.25,-54.,-0.22%,5516
"2026-02-19 03:30",24934.5,24948.5,24850.5,24894.25,-39.5,-0.16%,5908
"2026-02-19 03:00",24955,24973,24928.75,24933.75,-20.5,-0.08%,3932
"2026-02-19 02:30",25040,25049,24946,24954.25,-85.,-0.34%,4440
"2026-02-19 02:00",25019.75,25054,25011.75,25039.25,18.5,+0.07%,3165
"2026-02-19 01:30",25041.25,25047.25,25018.25,25020.75,-20.5,-0.08%,1691
"2026-02-19 01:00",25019.5,25045,25008,25041.25,22.75,+0.09%,1842
"2026-02-19 00:30",24998.25,25023.5,24997,25018.5,19.75,+0.08%,2164
"2026-02-19 00:00",24996,25004,24988.25,24998.75,2.25,+0.01%,1031
"2026-02-18 23:30",24973.25,25005.5,24973,24996.5,23,+0.09%,1529
"2026-02-18 23:00",24957,24975.5,24940.75,24973.5,17.5,+0.07%,1319
"2026-02-18 22:30",24974,24983.25,24953.5,24956,-17.5,-0.07%,1011
"2026-02-18 22:00",24985.5,24994.25,24973,24973.5,-10.5,-0.04%,963
"2026-02-18 21:30",24994.5,24999.5,24966,24984,-11.5,-0.05%,1459
"2026-02-18 21:00",24980,24996.75,24975.5,24995.5,16.75,+0.07%,1134
"2026-02-18 20:30",24983.25,24988.25,24970,24978.75,-3.75,-0.02%,1033
"2026-02-18 20:00",24972.75,24985.25,24953.5,24982.5,10,+0.04%,1569
"2026-02-18 19:30",24962,24973.5,24937.75,24972.5,11,+0.04%,1979
"2026-02-18 19:00",24946.75,24994.5,24939.75,24961.5,13.5,+0.05%,3032
"2026-02-18 18:30",24927.5,24951.25,24921,24948,23,+0.09%,1794
"2026-02-18 18:00",24964.5,24974,24916.25,24925,-39.5,-0.16%,3240
"2026-02-18 17:30",24982,24989,24962.25,24964.5,-16.25,-0.07%,1893
"2026-02-18 17:00",24943.5,24995,24942.25,24980.75,44.25,+0.18%,3344
"2026-02-18 15:30",24938.25,24950.75,24926.5,24936.5,-2.25,-0.01%,2491
"2026-02-18 15:00",24957.25,24967,24928.75,24938.75,-18.75,-0.08%,10853
"2026-02-18 14:30",24875.5,24998,24870.75,24957.5,82,+0.33%,40690
"2026-02-18 14:00",24884,24920.75,24856,24875.5,-7.5,-0.03%,26367
"2026-02-18 13:30",24992.5,25000.25,24862,24883,-108.75,-0.44%,35223
"2026-02-18 13:00",25025.75,25036.75,24985.25,24991.75,-35.75,-0.14%,21949
"2026-02-18 12:30",25063.25,25076.75,24981.75,25027.5,-35.5,-0.14%,24511
"2026-02-18 12:00",25097.75,25127.25,25051,25063,-35.25,-0.14%,17300
"2026-02-18 11:30",25089.5,25114.25,25069.75,25098.25,8.25,+0.03%,15431
"2026-02-18 11:00",25061.25,25128.25,25058.75,25090,28.5,+0.11%,22987
"2026-02-18 10:30",25094,25117.25,25057.5,25061.5,-32.,-0.13%,22404
"2026-02-18 10:00",25086.5,25115.75,25077.25,25093.5,6.75,+0.03%,21892
"2026-02-18 09:30",25057.25,25099.75,25021.5,25086.75,28.75,+0.11%,30068
"2026-02-18 09:00",24941,25074,24937.5,25058,117.25,+0.47%,54520
"2026-02-18 08:30",24809.5,24958.5,24752,24940.75,131.75,+0.53%,87225
"2026-02-18 08:00",24828.75,24848.25,24808.5,24809,-19.,-0.08%,7991
"2026-02-18 07:30",24896,24921.75,24817.25,24828,-67.25,-0.27%,9683
"2026-02-18 07:00",24890.5,24901.25,24867,24895.25,5.75,+0.02%,4472
"2026-02-18 06:30",24902,24903.75,24844,24889.5,-11.25,-0.05%,6391
"2026-02-18 06:00",24894.5,24962.5,24894.25,24900.75,5.75,+0.02%,7788
"2026-02-18 05:30",24907.5,24916.5,24889.75,24895,-12.5,-0.05%,2677
"2026-02-18 05:00",24921.75,24928,24896.5,24907.5,-14.25,-0.06%,2121
"2026-02-18 04:30",24933.75,24940.5,24913.75,24921.75,-11.25,-0.05%,2462
"2026-02-18 04:00",24910,24938,24908,24933,24,+0.10%,2274
"2026-02-18 03:30",24920,24941.5,24905.5,24909,-10.75,-0.04%,3242
"2026-02-18 03:00",24903.25,24926.75,24899.75,24919.75,16.25,+0.07%,3264
"2026-02-18 02:30",24896.5,24916,24890,24903.5,8,+0.03%,3193
"2026-02-18 02:00",24833.5,24915.25,24833.5,24895.5,60.75,+0.24%,7516
"2026-02-18 01:30",24822.25,24842,24819.75,24834.75,12.5,+0.05%,1400
"2026-02-18 01:00",24823,24828.75,24802,24822.25,-1.25,-0.01%,1297
"2026-02-18 00:30",24824.75,24846.75,24812.5,24823.5,-1.25,-0.01%,1498
"2026-02-18 00:00",24826,24830.75,24809,24824.75,-0.75,0.00%,1623
"2026-02-17 23:30",24831,24847,24820,24825.5,-5.25,-0.02%,1139
"2026-02-17 23:00",24835,24840,24823.25,24830.75,-5.5,-0.02%,995
"2026-02-17 22:30",24812.75,24840,24811,24836.25,22.75,+0.09%,2119
"2026-02-17 22:00",24794,24818.25,24783.25,24813.5,19.25,+0.08%,1997
"2026-02-17 21:30",24747.75,24798.75,24746,24794.25,46.75,+0.19%,1784
"2026-02-17 21:00",24758.75,24770,24736.5,24747.5,-10.5,-0.04%,1292
"2026-02-17 20:30",24749.25,24770.75,24749.25,24758,8.75,+0.04%,1378
"2026-02-17 20:00",24745.75,24762,24736,24749.25,4.75,+0.02%,1486
"2026-02-17 19:30",24721,24746.25,24709.5,24744.5,26.25,+0.11%,1399
"2026-02-17 19:00",24724.75,24742,24709.5,24718.25,-8.75,-0.04%,2494
"2026-02-17 18:30",24739.75,24752.75,24714,24727,-11.75,-0.05%,3097
"2026-02-17 18:00",24711.25,24754.75,24708.5,24738.75,27.75,+0.11%,3405
"2026-02-17 17:30",24744.5,24755.5,24700.75,24711,-32.5,-0.13%,3481
"2026-02-17 17:00",24773.75,24783.25,24723.5,24743.5,-24.75,-0.10%,3253
"2026-02-17 15:30",24787,24788.75,24755.25,24768.25,-20.75,-0.08%,4220
"2026-02-17 15:00",24776.75,24818.5,24765.5,24789,12.5,+0.05%,13235
"2026-02-17 14:30",24773,24795.75,24735.75,24776.5,3,+0.01%,37570
"2026-02-17 14:00",24815,24841.75,24765.75,24773.5,-41.5,-0.17%,25286
"2026-02-17 13:30",24836.5,24889.75,24807.75,24815,-21.25,-0.09%,21065
"2026-02-17 13:00",24845.5,24867.25,24826.5,24836.25,-8.75,-0.04%,21950
"2026-02-17 12:30",24768.25,24874.75,24750.5,24845,76.75,+0.31%,26360
"2026-02-17 12:00",24698,24785.25,24649.25,24768.25,70.75,+0.29%,29291
"2026-02-17 11:30",24755.75,24759.25,24608.75,24697.5,-57.5,-0.23%,30517
"2026-02-17 11:00",24759,24764.5,24668.5,24755,-4.25,-0.02%,21350
"2026-02-17 10:30",24726.5,24788,24693.25,24759.25,31.5,+0.13%,30353
"2026-02-17 10:00",24599.25,24796.75,24593.25,24727.75,127.5,+0.52%,45527
"2026-02-17 09:30",24526,24603.75,24449.25,24600.25,72.75,+0.30%,54503
"2026-02-17 09:00",24483.75,24641,24462.25,24527.5,41.75,+0.17%,59392
"2026-02-17 08:30",24659.25,24815.75,24475,24485.75,-172.5,-0.70%,85116
"2026-02-17 08:00",24613,24671.25,24611.5,24658.25,46.25,+0.19%,8964
"2026-02-17 07:30",24607.75,24705.25,24577,24612,7,+0.03%,12582
"2026-02-17 07:00",24584.25,24622.5,24518,24605,20.5,+0.08%,11215
"2026-02-17 06:30",24620.25,24621,24577.75,24584.5,-34.5,-0.14%,3513
"2026-02-17 06:00",24622.75,24666.75,24609.25,24619,-4.75,-0.02%,3688
"2026-02-17 05:30",24618.75,24638,24600.25,24623.75,5,+0.02%,2572
"2026-02-17 05:00",24606.75,24623,24572.25,24618.75,11.25,+0.05%,3594
"2026-02-17 04:30",24661,24661,24590,24607.5,-54.,-0.22%,3865
"2026-02-17 04:00",24687.5,24697.5,24647,24661.5,-25.25,-0.10%,1683
"2026-02-17 03:30",24673,24695.5,24667.25,24686.75,15.75,+0.06%,2080
"2026-02-17 03:00",24641.25,24680,24636.75,24671,31.5,+0.13%,3921
"2026-02-17 02:30",24686.25,24690,24623.75,24639.5,-47.,-0.19%,3743
"2026-02-17 02:00",24659.75,24726.75,24651.5,24686.5,26.5,+0.11%,5844
"2026-02-17 01:30",24594.75,24663.75,24584,24660,68.5,+0.28%,3861
"2026-02-17 01:00",24628,24630.25,24584.5,24591.5,-35.75,-0.15%,2604
"2026-02-17 00:30",24610.25,24641,24602,24627.25,17,+0.07%,2384
"2026-02-17 00:00",24582.75,24633.75,24582.75,24610.25,27.5,+0.11%,2151
"2026-02-16 23:30",24600.25,24611.25,24558.25,24582.75,-15.75,-0.06%,3046
"2026-02-16 23:00",24623.75,24626,24567.5,24598.5,-25.,-0.10%,2464
"2026-02-16 22:30",24624.25,24625,24593,24623.5,-0.75,0.00%,1557
"2026-02-16 22:00",24611,24630,24606.75,24624.25,15,+0.06%,1652
"2026-02-16 21:30",24622,24622.5,24573.25,24609.25,-13.75,-0.06%,4289
"2026-02-16 21:00",24662,24665.5,24594.75,24623,-39.,-0.16%,5133
"2026-02-16 20:30",24675.5,24684.25,24651.75,24662,-13.,-0.05%,3337
"2026-02-16 20:00",24666.5,24686,24617.5,24675,6,+0.02%,6788
"2026-02-16 19:30",24782.75,24797,24651,24669,-113.25,-0.46%,8222
"2026-02-16 19:00",24790.5,24824.25,24777.25,24782.25,-6.,-0.02%,2953
"2026-02-16 18:30",24824.75,24830,24774.25,24788.25,-38.,-0.15%,3174
"2026-02-16 18:00",24818.75,24834.75,24784,24826.25,8.5,+0.03%,3809
"2026-02-16 17:30",24777.5,24842.5,24777.5,24817.75,40,+0.16%,3689
"2026-02-16 17:00",24746.25,24781.75,24739,24777.75,30.5,+0.12%,2414
"2026-02-16 11:30",24744,24770.75,24734.75,24747.25,4,+0.02%,3637
"2026-02-16 11:00",24728,24746,24713.5,24743.25,14.5,+0.06%,3618
"2026-02-16 10:30",24727.5,24741.75,24670.75,24728.75,1.25,+0.01%,7501
"2026-02-16 10:00",24692.25,24753.5,24683.75,24727.5,35.25,+0.14%,7927
"2026-02-16 09:30",24709,24731.5,24678.5,24692.25,-17.5,-0.07%,10400
"2026-02-16 09:00",24768,24797.5,24709.75,24709.75,-58.25,-0.24%,9241
"2026-02-16 08:30",24762.75,24782.75,24692.75,24768,4,+0.02%,15343
"2026-02-16 08:00",24844.25,24844.25,24754.75,24764,-80.25,-0.32%,7465
"2026-02-16 07:30",24863,24875.75,24844.25,24844.25,-20.25,-0.08%,1399
"2026-02-16 07:00",24869.75,24871.5,24853.75,24864.5,-5.,-0.02%,911
"2026-02-16 06:30",24877.5,24877.5,24852.25,24869.5,-8.25,-0.03%,1023
"2026-02-16 06:00",24863.25,24880.5,24847.75,24877.75,14.5,+0.06%,1187
"2026-02-16 05:30",24869,24874.75,24851,24863.25,-5.75,-0.02%,864
"2026-02-16 05:00",24878.5,24879.25,24842.5,24869,-9.25,-0.04%,1448
"2026-02-16 04:30",24886.75,24899.75,24868.25,24878.25,-7.25,-0.03%,1387
"2026-02-16 04:00",24909.75,24911.5,24879,24885.5,-25.75,-0.10%,1333
"2026-02-16 03:30",24909,24919,24906.5,24911.25,0.5,0.00%,976
"2026-02-16 03:00",24895.75,24922.25,24888,24910.75,16,+0.06%,1671
"2026-02-16 02:30",24873.75,24904,24852.75,24894.75,20.75,+0.08%,1973
"2026-02-16 02:00",24862.25,24897.5,24841,24874,12.5,+0.05%,2378
"2026-02-16 01:30",24853.5,24874,24847.25,24861.5,8.25,+0.03%,1050
"2026-02-16 01:00",24822.25,24864,24821.5,24853.25,29.5,+0.12%,1679
"2026-02-16 00:30",24809.75,24827.25,24799.5,24823.75,12.25,+0.05%,844
"2026-02-16 00:00",24811,24819,24793.75,24811.5,0.5,0.00%,979
"2026-02-15 23:30",24826,24827.5,24794.25,24811,-15.75,-0.06%,1028
"2026-02-15 23:00",24825.25,24828,24813.75,24826.75,1.25,+0.01%,584
"2026-02-15 22:30",24837,24840,24821.25,24825.5,-11.25,-0.05%,498
"2026-02-15 22:00",24824.25,24839.75,24820,24836.75,13.25,+0.05%,955
"2026-02-15 21:30",24817,24825.25,24808.25,24823.5,6,+0.02%,768
"2026-02-15 21:00",24832.75,24836.5,24815,24817.5,-14.5,-0.06%,1135
"2026-02-15 20:30",24845,24850.5,24827.5,24832,-12.25,-0.05%,836
"2026-02-15 20:00",24860.5,24872.5,24838.25,24844.25,-16.75,-0.07%,1460
"2026-02-15 19:30",24835.25,24868.75,24827.75,24861,25.75,+0.10%,1494
"2026-02-15 19:00",24835,24847,24822.25,24835.25,1,0.00%,1264
"2026-02-15 18:30",24838.75,24849.25,24827.25,24834.25,-6.,-0.02%,1242
"2026-02-15 18:00",24831.75,24847.75,24810.5,24840.25,4,+0.02%,2333
"2026-02-15 17:30",24818.75,24838.75,24793.25,24836.25,18.25,+0.07%,2190
"2026-02-15 17:00",24789.75,24834.75,24754.5,24818,44.5,+0.18%,4816
"2026-02-13 15:30",24782.5,24795,24771,24773.5,-8.25,-0.03%,2376
"2026-02-13 15:00",24802.5,24828,24776,24781.75,-20.25,-0.08%,12969
"2026-02-13 14:30",24766,24812,24731.75,24802,37.25,+0.15%,49502
"2026-02-13 14:00",24852.25,24890.5,24754.75,24764.75,-88.,-0.35%,25521
"2026-02-13 13:30",24924.5,24949.25,24848.75,24852.75,-71.25,-0.29%,21231
"2026-02-13 13:00",24940.5,24968.5,24912,24924,-15.75,-0.06%,16942
"2026-02-13 12:30",24955,24995.5,24923,24939.75,-15.,-0.06%,18051
"2026-02-13 12:00",24939,24991.5,24900.75,24954.75,16.25,+0.07%,22754
"2026-02-13 11:30",24950.25,24993.5,24932.25,24938.5,-11.5,-0.05%,19860
"2026-02-13 11:00",24894.25,24969.75,24883.5,24950,55.5,+0.22%,22719
"2026-02-13 10:30",24851,24934.5,24810.5,24894.5,43.25,+0.17%,25813
"2026-02-13 10:00",24811,24888.75,24762.75,24851.25,41,+0.17%,32715
"2026-02-13 09:30",24848.75,24928.5,24721,24810.25,-38.25,-0.15%,46264
"2026-02-13 09:00",24697.5,24870.5,24692.25,24848.5,149.5,+0.61%,61288
"2026-02-13 08:30",24743,24849.5,24578.75,24699,-43.,-0.17%,114040
"2026-02-13 08:00",24780.75,24820,24713.5,24742,-39.5,-0.16%,16624
"2026-02-13 07:30",24706,24823.25,24695.5,24781.5,75.25,+0.30%,26561
"2026-02-13 07:00",24694,24719.25,24620.5,24706.25,10.75,+0.04%,12066
"2026-02-13 06:30",24707.75,24734.75,24667.25,24695.5,-12.5,-0.05%,6213
"2026-02-13 06:00",24721.5,24745.75,24670.5,24708,-13.25,-0.05%,5855
"2026-02-13 05:30",24663,24723,24624,24721.25,55.75,+0.23%,6566
"2026-02-13 05:00",24730.75,24738.5,24650.5,24665.5,-64.25,-0.26%,8148
"2026-02-13 04:30",24788.5,24793.25,24727.5,24729.75,-58.5,-0.24%,3717
"2026-02-13 04:00",24773.25,24799.5,24759.5,24788.25,14.25,+0.06%,3187
"2026-02-13 03:30",24795.5,24808,24766,24774,-21.5,-0.09%,4607
"2026-02-13 03:00",24775.5,24807,24732,24795.5,20.25,+0.08%,4728
"2026-02-13 02:30",24743,24785.5,24716,24775.25,30.5,+0.12%,4697
"2026-02-13 02:00",24746.75,24776,24675,24744.75,-2.25,-0.01%,7808
"2026-02-13 01:30",24739,24750.5,24715,24747,8.5,+0.03%,3132
"2026-02-13 01:00",24713.5,24762.25,24711.25,24738.5,24.25,+0.10%,4507
"2026-02-13 00:30",24686.75,24724.5,24642.25,24714.25,27.75,+0.11%,4897
"2026-02-13 00:00",24711.75,24731,24677.5,24686.5,-26.,-0.11%,3610
"2026-02-12 23:30",24707.5,24736.75,24690.75,24712.5,5.5,+0.02%,3807
"2026-02-12 23:00",24757.75,24771,24704.75,24707,-50.25,-0.20%,3159
"2026-02-12 22:30",24783.5,24787.75,24753,24757.25,-26.75,-0.11%,1648
"2026-02-12 22:00",24750.5,24802.5,24744.5,24784,33.75,+0.14%,1976
"2026-02-12 21:30",24775.5,24796.5,24745.25,24750.25,-26.,-0.10%,2045
"2026-02-12 21:00",24803.75,24820.75,24769.5,24776.25,-26.5,-0.11%,2004
"2026-02-12 20:30",24813.75,24832.25,24794,24802.75,-10.25,-0.04%,2345
"2026-02-12 20:00",24788.25,24825.5,24788.25,24813,26.75,+0.11%,3396
"2026-02-12 19:30",24796.75,24821.25,24765,24786.25,-10.5,-0.04%,4518
"2026-02-12 19:00",24731.25,24820,24730.25,24796.75,65.5,+0.26%,7112
"2026-02-12 18:30",24781.25,24796,24709.75,24731.25,-50.25,-0.20%,7722
"2026-02-12 18:00",24820,24864.75,24765.5,24781.5,-42.5,-0.17%,7437
"2026-02-12 17:30",24842.25,24849.5,24744.75,24824,-17.,-0.07%,7446
"2026-02-12 17:00",24842.25,24856.75,24797.75,24841,19,+0.08%,5257
"2026-02-12 15:30",24823.25,24839.75,24817.75,24822,-1.25,-0.01%,5088
"2026-02-12 15:00",24764.5,24823.25,24743.75,24823.25,59.75,+0.24%,16593
"2026-02-12 14:30",24804.5,24834.5,24721.5,24763.5,-42.,-0.17%,54518
"2026-02-12 14:00",24899.75,24912.75,24797,24805.5,-93.,-0.37%,27166
"2026-02-12 13:30",24870.75,24943.75,24870.5,24898.5,26.75,+0.11%,28095
"2026-02-12 13:00",24906.25,24928,24846.5,24871.75,-33.75,-0.14%,28698
"2026-02-12 12:30",24842.25,24929.75,24824.75,24905.5,63.75,+0.26%,28972
"2026-02-12 12:00",24825.5,24881.75,24800.25,24841.75,16.5,+0.07%,32082
"2026-02-12 11:30",24871,24940.75,24823.75,24825.25,-46.,-0.18%,29826
"2026-02-12 11:00",24878,24924,24831.25,24871.25,-7.25,-0.03%,37546
"2026-02-12 10:30",24819,24921.75,24805.75,24878.5,59.75,+0.24%,52103
"2026-02-12 10:00",25011,25031.75,24811.25,24818.75,-191.5,-0.77%,63989
"2026-02-12 09:30",25232.5,25253.75,25006.5,25010.25,-222.,-0.88%,52961
"2026-02-12 09:00",25208.25,25260.25,25169.75,25232.25,24,+0.10%,47820
"2026-02-12 08:30",25346.25,25392.5,25186.25,25208.25,-138.5,-0.55%,71577
"2026-02-12 08:00",25396.25,25400.25,25346,25346.75,-49.,-0.19%,7701
"2026-02-12 07:30",25342.75,25419.75,25331.25,25395.75,53.5,+0.21%,9366
"2026-02-12 07:00",25356.25,25358.5,25320.25,25342.25,-14.5,-0.06%,3991
"2026-02-12 06:30",25364,25384,25351.75,25356.75,-8.25,-0.03%,2951
"2026-02-12 06:00",25365.75,25369,25343,25365,-1.5,-0.01%,2115
"2026-02-12 05:30",25366.25,25370.5,25342.5,25366.5,-1.,0.00%,1638
"2026-02-12 05:00",25349.75,25370.25,25338.25,25367.5,17.75,+0.07%,1895
"2026-02-12 04:30",25342.25,25351.75,25338.5,25349.75,9.25,+0.04%,1399
"2026-02-12 04:00",25354.75,25374,25334,25340.5,-15.25,-0.06%,2340
"2026-02-12 03:30",25349,25361.5,25330,25355.75,6.25,+0.02%,1690
"2026-02-12 03:00",25352.75,25364.25,25341.75,25349.5,-4.,-0.02%,1856
"2026-02-12 02:30",25344.5,25360.5,25324.75,25353.5,7.75,+0.03%,2025
"2026-02-12 02:00",25350.25,25369.25,25339,25345.75,-5.25,-0.02%,3229
"2026-02-12 01:30",25351.25,25359.25,25342,25351,-0.25,0.00%,1509
"2026-02-12 01:00",25319.25,25357.25,25313,25351.25,31.5,+0.12%,2118
"2026-02-12 00:30",25322,25332.5,25292,25319.75,-0.5,0.00%,2302
"2026-02-12 00:00",25338.5,25344.5,25312.5,25320.25,-16.75,-0.07%,1609
"2026-02-11 23:30",25333,25344.75,25327.75,25337,2.75,+0.01%,1035
"2026-02-11 23:00",25328,25343.5,25327.5,25334.25,7.75,+0.03%,1054
"2026-02-11 22:30",25338,25338,25316.25,25326.5,-11.5,-0.05%,1093
"2026-02-11 22:00",25311.5,25339.5,25303,25338,28,+0.11%,1878
"2026-02-11 21:30",25306.25,25320.75,25303.75,25310,3.75,+0.01%,1312
"2026-02-11 21:00",25292.5,25306.25,25282,25306.25,12.75,+0.05%,1417
"2026-02-11 20:30",25283,25299.25,25269,25293.5,11.5,+0.05%,1387
"2026-02-11 20:00",25301.75,25310.5,25268.75,25282,-19.,-0.08%,2021
"2026-02-11 19:30",25280.25,25314.75,25274,25301,18.25,+0.07%,2656
"2026-02-11 19:00",25266.25,25288.25,25242.5,25282.75,17.5,+0.07%,2423
"2026-02-11 18:30",25231,25273,25229.25,25265.25,35,+0.14%,2072
"2026-02-11 18:00",25233.25,25254.75,25214.25,25230.25,-5.,-0.02%,2772
"2026-02-11 17:30",25239.25,25246.25,25206,25235.25,-4.,-0.02%,3129
"2026-02-11 17:00",25289,25296.5,25237.25,25239.25,-39.5,-0.16%,2802
"2026-02-11 15:30",25288,25296.25,25277.25,25278.75,-7.75,-0.03%,2911
"2026-02-11 15:00",25278.75,25308,25268,25286.5,8,+0.03%,9729
"2026-02-11 14:30",25285,25321.5,25271.75,25278.5,-6.25,-0.02%,28411
"2026-02-11 14:00",25308.75,25322.5,25284,25284.75,-24.25,-0.10%,11534
"2026-02-11 13:30",25349,25356.5,25281.75,25309,-39.75,-0.16%,16226
"2026-02-11 13:00",25302,25360.5,25257.75,25348.75,47.5,+0.19%,18804
"2026-02-11 12:30",25277,25312.5,25254.5,25301.25,24.75,+0.10%,18454
"2026-02-11 12:00",25264.5,25280.25,25200.75,25276.5,12.75,+0.05%,22582
"2026-02-11 11:30",25290,25325,25255.25,25263.75,-25.75,-0.10%,20813
"2026-02-11 11:00",25180.75,25298.25,25141.75,25289.5,108.75,+0.43%,26119
"2026-02-11 10:30",25193,25256.75,25175,25180.75,-12.25,-0.05%,22516
"2026-02-11 10:00",25244.25,25275,25181.75,25193,-51.,-0.20%,28379
"2026-02-11 09:30",25077,25271.5,25068.75,25244,166.75,+0.66%,49003
"2026-02-11 09:00",25306.5,25343.25,25058.25,25077.25,-228.,-0.90%,73344
"2026-02-11 08:30",25418.5,25465.25,25290,25305.25,-113.5,-0.45%,71531
"2026-02-11 08:00",25443.5,25446.5,25407.75,25418.75,-25.5,-0.10%,13072
"2026-02-11 07:30",25251.25,25452,25238.75,25444.25,206.25,+0.82%,24325
"2026-02-11 07:00",25245.75,25270.5,25236.25,25238,-9.5,-0.04%,3188
"2026-02-11 06:30",25253.75,25259.25,25222.75,25247.5,-5.25,-0.02%,3018
"2026-02-11 06:00",25210,25276,25206,25252.75,43.75,+0.17%,4444
"2026-02-11 05:30",25248.5,25250,25207.25,25209,-38.75,-0.15%,3551
"2026-02-11 05:00",25207.5,25248,25205.75,25247.75,40.25,+0.16%,2919
"2026-02-11 04:30",25190.75,25207.5,25166.75,25207.5,17.25,+0.07%,2752
"2026-02-11 04:00",25204.25,25206,25146.25,25190.25,-15.,-0.06%,6141
"2026-02-11 03:30",25255.75,25257.25,25204,25205.25,-49.25,-0.20%,3139
"2026-02-11 03:00",25250,25279,25236.5,25254.5,4.25,+0.02%,2964
"2026-02-11 02:30",25238.25,25265.5,25238.25,25250.25,13.25,+0.05%,1899
"2026-02-11 02:00",25271,25278.5,25209.75,25237,-34.,-0.13%,4052
"2026-02-11 01:30",25284.25,25285.5,25260.75,25271,-12.75,-0.05%,1323
"2026-02-11 01:00",25270.25,25290,25253,25283.75,13,+0.05%,2238
"2026-02-11 00:30",25275.5,25286,25267.5,25270.75,-4.,-0.02%,1212
"2026-02-11 00:00",25287.75,25316,25273.5,25274.75,-12.75,-0.05%,2157
"2026-02-10 23:30",25304.5,25306.75,25278.75,25287.5,-17.25,-0.07%,1880
"2026-02-10 23:00",25305.5,25325.75,25302.5,25304.75,-2.,-0.01%,1209
"2026-02-10 22:30",25314.25,25317.5,25295.75,25306.75,-7.,-0.03%,1153
"2026-02-10 22:00",25338.5,25340,25313,25313.75,-24.,-0.09%,1334
"2026-02-10 21:30",25323,25345.5,25317,25337.75,15,+0.06%,1708
"2026-02-10 21:00",25322.25,25325.75,25303.25,25322.75,0.5,0.00%,1304
"2026-02-10 20:30",25319.75,25327.5,25306.75,25322.25,2,+0.01%,1265
"2026-02-10 20:00",25315.75,25330,25308,25320.25,4,+0.02%,1924
"2026-02-10 19:30",25305,25326.25,25300.25,25316.25,10,+0.04%,1909
"2026-02-10 19:00",25291,25314.75,25290.25,25306.25,15.75,+0.06%,1865
"2026-02-10 18:30",25277.75,25297,25276.5,25290.5,13.75,+0.05%,1111
"2026-02-10 18:00",25273.5,25286.25,25266.25,25276.75,4,+0.02%,1475
"2026-02-10 17:30",25277.5,25284.5,25267.75,25272.75,-6.25,-0.02%,1552
"2026-02-10 17:00",25259,25287.75,25252.75,25279,21.75,+0.09%,2107
"2026-02-10 15:30",25232.5,25258,25231,25257.25,25.75,+0.10%,2698
"2026-02-10 15:00",25219.75,25240,25208,25231.5,11.75,+0.05%,8803
"2026-02-10 14:30",25254.25,25268.5,25198.25,25219.75,-34.5,-0.14%,34883
"2026-02-10 14:00",25292.5,25296.75,25244,25254.25,-40.25,-0.16%,17304
"2026-02-10 13:30",25299.75,25313,25274.5,25294.5,-5.5,-0.02%,12953
"2026-02-10 13:00",25312.5,25323.25,25275,25300,-12.5,-0.05%,16775
"2026-02-10 12:30",25292,25322.75,25270.75,25312.5,20,+0.08%,26330
"2026-02-10 12:00",25383.5,25386,25288.5,25292.5,-91.25,-0.36%,22186
"2026-02-10 11:30",25367.25,25397.75,25353,25383.75,16,+0.06%,12465
"2026-02-10 11:00",25327.25,25385.5,25304,25367.75,40.75,+0.16%,20344
"2026-02-10 10:30",25350.25,25366.75,25316.25,25327,-24.25,-0.10%,24538
"2026-02-10 10:00",25375,25400.25,25331.25,25351.25,-23.75,-0.09%,26428
"2026-02-10 09:30",25400.5,25438.75,25348,25375,-26.5,-0.10%,28916
"2026-02-10 09:00",25392.5,25447.25,25357.75,25401.5,9.25,+0.04%,44846
"2026-02-10 08:30",25376.5,25410,25255.75,25392.25,16,+0.06%,67420
"2026-02-10 08:00",25372.75,25398,25367.25,25376.25,3.5,+0.01%,8008
"2026-02-10 07:30",25329.75,25374.75,25301.5,25372.75,42.75,+0.17%,8445
"2026-02-10 07:00",25339,25342,25292.25,25330,-9.25,-0.04%,7560
"2026-02-10 06:30",25414.75,25421.5,25337,25339.25,-75.5,-0.30%,6068
"2026-02-10 06:00",25369.75,25415,25369.25,25414.75,44.75,+0.18%,3073
"2026-02-10 05:30",25354.25,25373.75,25351.75,25370,17.25,+0.07%,1914
"2026-02-10 05:00",25355,25363.5,25334,25352.75,-2.5,-0.01%,2735
"2026-02-10 04:30",25362.25,25374.25,25343,25355.25,-7.5,-0.03%,2619
"2026-02-10 04:00",25363.75,25367.5,25341.75,25362.75,-1.25,0.00%,2974
"2026-02-10 03:30",25395.5,25398.25,25354.25,25364,-32.25,-0.13%,2256
"2026-02-10 03:00",25335,25407.5,25334.25,25396.25,62,+0.24%,3953
"2026-02-10 02:30",25341.25,25353,25326,25334.25,-7.5,-0.03%,2513
"2026-02-10 02:00",25349.75,25367,25322.75,25341.75,-6.75,-0.03%,3745
"2026-02-10 01:30",25331.25,25349,25326.75,25348.5,16,+0.06%,1297
"2026-02-10 01:00",25314.25,25340,25307,25332.5,19.25,+0.08%,2245
"2026-02-10 00:30",25318.5,25327,25291.75,25313.25,-6.25,-0.02%,1749
"2026-02-10 00:00",25352.5,25354.25,25310,25319.5,-32.25,-0.13%,1922
"2026-02-09 23:30",25314.25,25358.25,25311.75,25351.75,36.5,+0.14%,2430
"2026-02-09 23:00",25345.25,25347,25312,25315.25,-29.25,-0.12%,1681
"2026-02-09 22:30",25321,25348,25314.5,25344.5,22.75,+0.09%,1844
"2026-02-09 22:00",25299,25323,25298.75,25321.75,21.5,+0.08%,1233
"2026-02-09 21:30",25290,25313.75,25287.25,25300.25,10.5,+0.04%,1619
"2026-02-09 21:00",25307,25309.25,25278.5,25289.75,-16.5,-0.07%,1954
"2026-02-09 20:30",25320.25,25323,25287.25,25306.25,-14.5,-0.06%,2497
"2026-02-09 20:00",25334,25336,25308.75,25320.75,-14.,-0.06%,2054
"2026-02-09 19:30",25317,25352,25300,25334.75,17.75,+0.07%,4597
"2026-02-09 19:00",25335.5,25342,25313.5,25317,-18.25,-0.07%,3004
"2026-02-09 18:30",25326.75,25342.5,25310,25335.25,8.75,+0.03%,2964
"2026-02-09 18:00",25344.75,25362.75,25315,25326.5,-17.75,-0.07%,3280
"2026-02-09 17:30",25352.5,25373,25328,25344.25,-8.5,-0.03%,3025
"2026-02-09 17:00",25363,25395.5,25341,25352.75,-8.75,-0.03%,2974
"2026-02-09 15:30",25364.75,25372.5,25358.75,25361.5,-3.75,-0.01%,2572
"2026-02-09 15:00",25338.25,25374.75,25334.25,25365.25,27.5,+0.11%,10573
"2026-02-09 14:30",25364,25392.25,25332.25,25337.75,-26.5,-0.10%,34732
"2026-02-09 14:00",25399.25,25413,25354.75,25364.25,-34.75,-0.14%,14751
"2026-02-09 13:30",25418.75,25428.75,25397,25399,-19.25,-0.08%,10759
"2026-02-09 13:00",25370,25423.25,25363.75,25418.25,48.75,+0.19%,13694
"2026-02-09 12:30",25342.5,25388.75,25330.5,25369.5,26.75,+0.11%,14778
"2026-02-09 12:00",25355,25381.75,25312,25342.75,-12.5,-0.05%,23371
"2026-02-09 11:30",25384.5,25401.25,25349.5,25355.25,-28.75,-0.11%,16978
"2026-02-09 11:00",25390.75,25416.5,25378.5,25384,-7.,-0.03%,19815
"2026-02-09 10:30",25355.75,25404,25340,25391,35.25,+0.14%,24612
"2026-02-09 10:00",25311.5,25358.25,25305.75,25355.75,43.5,+0.17%,24476
"2026-02-09 09:30",25182.75,25329,25181.5,25312.25,130.75,+0.52%,31053
"2026-02-09 09:00",25112.25,25254,25102.75,25181.5,68.25,+0.27%,37867
"2026-02-09 08:30",25057.75,25188.5,24955.5,25113.25,55.5,+0.22%,77023
"2026-02-09 08:00",25080,25094.25,25037.75,25057.75,-21.25,-0.08%,12148
"2026-02-09 07:30",25120.75,25123.5,25074.25,25079,-42.75,-0.17%,5855
"2026-02-09 07:00",25101,25155.75,25100,25121.75,20.75,+0.08%,6221
"2026-02-09 06:30",25091,25104,25072.75,25101,10,+0.04%,3744
"2026-02-09 06:00",25049.25,25100.25,25015.25,25091,43.5,+0.17%,4994
"2026-02-09 05:30",25064.75,25071.75,25033.75,25047.5,-18.25,-0.07%,2993
"2026-02-09 05:00",25045.75,25070.75,25018.75,25065.75,21.75,+0.09%,3534
"2026-02-09 04:30",25039.5,25055,24968.5,25044,5.5,+0.02%,10386
"2026-02-09 04:00",25088.25,25093.75,25035,25038.5,-50.5,-0.20%,4879
"2026-02-09 03:30",25155.75,25162.5,25073,25089,-67.75,-0.27%,4810
"2026-02-09 03:00",25160.5,25185.25,25144.25,25156.75,-4.25,-0.02%,2720
"2026-02-09 02:30",25180,25189.75,25148.25,25161,-20.25,-0.08%,3000
"2026-02-09 02:00",25158.25,25215.25,25154.5,25181.25,21.5,+0.09%,4527
"2026-02-09 01:30",25139.5,25174.5,25120.75,25159.75,18.5,+0.07%,2365
"2026-02-09 01:00",25167,25181.25,25132,25141.25,-25.5,-0.10%,2908
"2026-02-09 00:30",25166.75,25200.75,25156.5,25166.75,0,0.00%,2711
"2026-02-09 00:00",25216,25222,25159,25166.75,-48.5,-0.19%,3975
"2026-02-08 23:30",25210.25,25228,25191,25215.25,5.25,+0.02%,2210
"2026-02-08 23:00",25187.5,25222.25,25176.5,25210,23,+0.09%,1760
"2026-02-08 22:30",25213.75,25213.75,25179.5,25187,-27.,-0.11%,1841
"2026-02-08 22:00",25189.5,25223,25188.75,25214,24.75,+0.10%,1723
"2026-02-08 21:30",25215,25228.5,25188.75,25189.25,-25.75,-0.10%,2706
"2026-02-08 21:00",25228,25242,25215,25215,-12.75,-0.05%,1555
"2026-02-08 20:30",25226.25,25263.75,25221.25,25227.75,1.5,+0.01%,2386
"2026-02-08 20:00",25216.5,25251,25208.75,25226.25,8.5,+0.03%,2757
"2026-02-08 19:30",25236,25262.5,25194.5,25217.75,-18.5,-0.07%,3996
"2026-02-08 19:00",25263.75,25266,25235,25236.25,-26.5,-0.10%,4149
"2026-02-08 18:30",25294.5,25329.5,25258,25262.75,-31.75,-0.13%,3427
"2026-02-08 18:00",25275,25346.5,25269.25,25294.5,17.75,+0.07%,7145
"2026-02-08 17:30",25236.75,25294.5,25223.25,25276.75,41.25,+0.16%,4160
"2026-02-08 17:00",25153.75,25266,25153.75,25235.5,127.75,+0.51%,4141
"2026-02-06 15:30",25111.25,25113.75,25090,25107.75,-3.5,-0.01%,4531
"2026-02-06 15:00",25146,25164,25108.5,25111.25,-35.5,-0.14%,14775
"2026-02-06 14:30",25109.5,25222,25099.5,25146.75,37,+0.15%,45217
"2026-02-06 14:00",25070.25,25127,25052.75,25109.75,39,+0.16%,14647
"2026-02-06 13:30",25105.5,25108.75,25069.25,25070.75,-34.25,-0.14%,11908
"2026-02-06 13:00",25084.25,25107.25,25065.25,25105,20.5,+0.08%,12266
"2026-02-06 12:30",25089.75,25110.25,25080.25,25084.5,-5.5,-0.02%,11896
"2026-02-06 12:00",25092.75,25124,25074,25090,-2.25,-0.01%,18438
"2026-02-06 11:30",25070,25108.75,25037,25092.25,23,+0.09%,22306
"2026-02-06 11:00",25001,25074.25,24986.5,25069.25,68.5,+0.27%,22832
"2026-02-06 10:30",25006.75,25051.75,24979,25000.75,-6.,-0.02%,30768
"2026-02-06 10:00",24895.25,25036.25,24880.5,25006.75,111,+0.45%,37795
"2026-02-06 09:30",24904.5,24962.25,24819.75,24895.75,-7.5,-0.03%,44940
"2026-02-06 09:00",24856.75,24916.25,24743.25,24903.25,52.5,+0.21%,69855
"2026-02-06 08:30",24760.5,24984,24700.75,24850.75,90.25,+0.36%,94577
"2026-02-06 08:00",24797,24817.75,24748,24760.5,-39.25,-0.16%,10909
"2026-02-06 07:30",24820.5,24851.75,24776.75,24799.75,-20.75,-0.08%,10641
"2026-02-06 07:00",24782.75,24848.75,24758.25,24820.5,38.5,+0.16%,8073
"2026-02-06 06:30",24793,24824,24761,24782,-12.,-0.05%,5337
"2026-02-06 06:00",24854,24860.5,24783.5,24794,-61.,-0.25%,6739
"2026-02-06 05:30",24811,24873.25,24809.5,24855,42.75,+0.17%,6334
"2026-02-06 05:00",24793,24833.25,24789,24812.25,17.5,+0.07%,6979
"2026-02-06 04:30",24719.5,24798.5,24712,24794.75,76.25,+0.31%,4850
"2026-02-06 04:00",24749.5,24753,24713.75,24718.5,-32.25,-0.13%,4546
"2026-02-06 03:30",24721.75,24783.75,24720,24750.75,29,+0.12%,8932
"2026-02-06 03:00",24584,24726.5,24562.25,24721.75,138,+0.56%,9003
"2026-02-06 02:30",24551,24606,24529.75,24583.75,32.75,+0.13%,4529
"2026-02-06 02:00",24556.75,24590.75,24490.75,24551,-6.25,-0.03%,6046
"2026-02-06 01:30",24572.5,24578.25,24528.5,24557.25,-15.25,-0.06%,3089
"2026-02-06 01:00",24546.75,24577.25,24506,24572.5,24.75,+0.10%,3592
"2026-02-06 00:30",24595.75,24613.75,24540.25,24547.75,-49.,-0.20%,2721
"2026-02-06 00:00",24582,24611.75,24577,24596.75,14,+0.06%,2631
"2026-02-05 23:30",24490,24597.25,24488,24582.75,91.75,+0.37%,3652
"2026-02-05 23:00",24456,24491.5,24430.75,24491,36.5,+0.15%,3089
"2026-02-05 22:30",24493,24496.75,24425.25,24454.5,-37.,-0.15%,3566
"2026-02-05 22:00",24527.5,24527.5,24486.25,24491.5,-36.75,-0.15%,1651
"2026-02-05 21:30",24522.25,24553,24472.25,24528.25,5.75,+0.02%,3437
"2026-02-05 21:00",24534.25,24565.5,24503,24522.5,-11.75,-0.05%,2940
"2026-02-05 20:30",24556.25,24579.5,24510.75,24534.25,-22.75,-0.09%,3981
"2026-02-05 20:00",24531,24571,24520.5,24557,25.75,+0.10%,6234
"2026-02-05 19:30",24365,24536,24365,24531.25,169.25,+0.69%,6824
"2026-02-05 19:00",24401,24439.25,24340.75,24362,-38.,-0.16%,7763
"2026-02-05 18:30",24368.25,24409.25,24343.75,24400,31.5,+0.13%,8001
"2026-02-05 18:00",24334.75,24376.75,24239.75,24368.5,32.5,+0.13%,10271
"2026-02-05 17:30",24425.75,24434.5,24294,24336,-89.75,-0.37%,8252
"2026-02-05 17:00",24416,24474,24358.75,24425.75,0.5,0.00%,7613
"2026-02-05 15:30",24544.75,24547,24407.25,24425.25,-119.75,-0.49%,12772
"2026-02-05 15:00",24638.25,24720,24530,24545,-93.5,-0.38%,29219
"2026-02-05 14:30",24637.75,24679,24567.75,24638.5,0.5,0.00%,46442
"2026-02-05 14:00",24711.75,24808,24630.5,24638,-74.,-0.30%,29417
"2026-02-05 13:30",24765,24765,24672.5,24712,-52.,-0.21%,23984
"2026-02-05 13:00",24700.25,24839.25,24684,24764,63.75,+0.26%,23996
"2026-02-05 12:30",24732.5,24773.5,24662,24700.25,-32.5,-0.13%,20638
"2026-02-05 12:00",24783.75,24834.5,24710.5,24732.75,-49.5,-0.20%,23496
"2026-02-05 11:30",24839.25,24887.5,24768,24782.25,-55.75,-0.22%,26619
"2026-02-05 11:00",24829.5,24864.75,24722.25,24838,9,+0.04%,28726
"2026-02-05 10:30",24780.25,24856.5,24730.25,24829,49,+0.20%,44751
"2026-02-05 10:00",24635,24783.5,24543.25,24780,146,+0.59%,48489
"2026-02-05 09:30",24578.5,24700.25,24552.75,24634,56.25,+0.23%,53668
"2026-02-05 09:00",24769,24800.75,24550,24577.75,-191.5,-0.77%,76302
"2026-02-05 08:30",24770.25,24960.75,24652,24769.25,-1.5,-0.01%,92983
"2026-02-05 08:00",24768.25,24838.75,24725.25,24770.75,3,+0.01%,19392
"2026-02-05 07:30",24793.25,24869.25,24758.75,24767.75,-23.75,-0.10%,16510
"2026-02-05 07:00",24792.5,24839.25,24771.25,24791.5,-2.,-0.01%,11077
"2026-02-05 06:30",24903.5,24917.75,24707.5,24793.5,-110.,-0.44%,22040
"2026-02-05 06:00",25031.5,25056.5,24880.75,24903.5,-124.75,-0.50%,8467
"2026-02-05 05:30",25022,25034.25,24991,25028.25,6.25,+0.02%,3923
"2026-02-05 05:00",25033.75,25065,25011.5,25022,-11.75,-0.05%,2826
"2026-02-05 04:30",25086.25,25088.25,25026.75,25033.75,-51.,-0.20%,3036
"2026-02-05 04:00",25031,25092,25022.5,25084.75,54,+0.22%,2961
"2026-02-05 03:30",25070,25096.75,25011,25030.75,-41.,-0.16%,3862
"2026-02-05 03:00",25000,25072,24978.75,25071.75,73.5,+0.29%,6417
"2026-02-05 02:30",25092.25,25113.5,24998,24998.25,-94.5,-0.38%,5916
"2026-02-05 02:00",25043.75,25123.75,25043.25,25092.75,48,+0.19%,5975
"2026-02-05 01:30",25078.75,25089.75,25041.25,25044.75,-36.25,-0.14%,3286
"2026-02-05 01:00",25072.5,25089.75,25055.25,25081,8,+0.03%,2438
"2026-02-05 00:30",25026,25077.25,25021.75,25073,44.25,+0.18%,2575
"2026-02-05 00:00",24996.75,25052.75,24992.5,25028.75,32,+0.13%,2595
"2026-02-04 23:30",25002.75,25045.5,24983.25,24996.75,-5.75,-0.02%,2748
"2026-02-04 23:00",25012,25023.5,24963.75,25002.5,-7.,-0.03%,2350
"2026-02-04 22:30",24949.25,25027,24940.75,25009.5,59.5,+0.24%,2816
"2026-02-04 22:00",24949,24985.25,24915.75,24950,2.5,+0.01%,3592
"2026-02-04 21:30",25016,25018.5,24929.75,24947.5,-66.25,-0.26%,4237
"2026-02-04 21:00",24962,25037,24948.25,25013.75,52,+0.21%,5142
"2026-02-04 20:30",25059.5,25094.5,24959.75,24961.75,-98.,-0.39%,6170
"2026-02-04 20:00",25124,25135,24959.25,25059.75,-63.,-0.25%,7618
"2026-02-04 19:30",25133,25153.5,25116.5,25122.75,-4.25,-0.02%,1927
"2026-02-04 19:00",25109.25,25169,25099.25,25127,19.75,+0.08%,4595
"2026-02-04 18:30",25114.5,25135.5,25102.25,25107.25,-6.,-0.02%,2267
"2026-02-04 18:00",25067.5,25121,25030.75,25113.25,46.25,+0.18%,3755
"2026-02-04 17:30",25093.75,25125,25042,25067,-28.5,-0.11%,2814
"2026-02-04 17:00",25061.75,25114,25055,25095.5,-20.75,-0.08%,3614
"2026-02-04 15:30",25042.25,25181.25,25036.25,25116.25,73,+0.29%,12789
"2026-02-04 15:00",24998,25063.5,24876,25043.25,48.75,+0.20%,25142
"2026-02-04 14:30",25059.25,25098.5,24979,24994.5,-65.25,-0.26%,33642
"2026-02-04 14:00",25106,25123.75,25020.5,25059.75,-46.5,-0.19%,26213
"2026-02-04 13:30",24963.25,25115.5,24959.5,25106.25,142.75,+0.57%,41169
"2026-02-04 13:00",24923.5,24967.75,24863.75,24963.5,38.5,+0.15%,31177
"2026-02-04 12:30",24942,24959.75,24833.75,24925,-16.25,-0.07%,34990
"2026-02-04 12:00",24873.75,24950,24819,24941.25,67,+0.27%,33688
"2026-02-04 11:30",24889,24947,24783.5,24874.25,-15.25,-0.06%,45025
"2026-02-04 11:00",25035.75,25057.5,24874,24889.5,-146.,-0.58%,39756
"2026-02-04 10:30",25130.75,25136.75,24928,25035.5,-96.,-0.38%,42954
"2026-02-04 10:00",25152.25,25171.5,25041.5,25131.5,-20.75,-0.08%,46841
"2026-02-04 09:30",25248,25271,25119.5,25152.25,-96.25,-0.38%,53843
"2026-02-04 09:00",25194.25,25305,25108,25248.5,54.25,+0.22%,71744
"2026-02-04 08:30",25385.5,25390,25186,25194.25,-191.75,-0.76%,82795
"2026-02-04 08:00",25356.25,25388.5,25325,25386,28,+0.11%,11489
"2026-02-04 07:30",25391.75,25418,25342,25358,-36.25,-0.14%,8889
"2026-02-04 07:00",25406.25,25416.75,25369.5,25394.25,-11.5,-0.05%,5537
"2026-02-04 06:30",25430.5,25448,25396.75,25405.75,-24.75,-0.10%,4266
"2026-02-04 06:00",25474.75,25490.5,25419.5,25430.5,-43.75,-0.17%,3367
"2026-02-04 05:30",25449.5,25483.5,25445.25,25474.25,24.5,+0.10%,3960
"2026-02-04 05:00",25450.75,25462.25,25436.75,25449.75,0.25,0.00%,1973
"2026-02-04 04:30",25443.75,25466.25,25434.5,25449.5,6,+0.02%,3651
"2026-02-04 04:00",25402.25,25449.25,25395.25,25443.5,39.75,+0.16%,4127
"2026-02-04 03:30",25382.75,25407.25,25354.5,25403.75,21.5,+0.08%,3327
"2026-02-04 03:00",25427.75,25449.5,25358,25382.25,-44.25,-0.17%,5457
"2026-02-04 02:30",25412.25,25455.75,25400.75,25426.5,13.75,+0.05%,4013
"2026-02-04 02:00",25502.25,25509.5,25410,25412.75,-90.25,-0.35%,5319
"2026-02-04 01:30",25490,25514.25,25474.75,25503,11.75,+0.05%,2960
"2026-02-04 01:00",25470.75,25499,25469.25,25491.25,19.75,+0.08%,1973
"2026-02-04 00:30",25456,25489.75,25447.75,25471.5,15.5,+0.06%,2460
"2026-02-04 00:00",25442.5,25465.25,25435.5,25456,13,+0.05%,1894
"2026-02-03 23:30",25432,25443.25,25408.75,25443,11.25,+0.04%,1316
"2026-02-03 23:00",25434.5,25438.25,25416.5,25431.75,-2.,-0.01%,1045
"2026-02-03 22:30",25425,25448,25423.5,25433.75,10.5,+0.04%,1402
"2026-02-03 22:00",25433.5,25439.5,25418,25423.25,-10.,-0.04%,1055
"2026-02-03 21:30",25423,25451.75,25411.5,25433.25,9.75,+0.04%,1985
"2026-02-03 21:00",25412.75,25436.5,25402.25,25423.5,11.25,+0.04%,2165
"2026-02-03 20:30",25423.25,25437.25,25399.5,25412.25,-13.25,-0.05%,2033
"2026-02-03 20:00",25441.5,25473.75,25414,25425.5,-15.25,-0.06%,3103
"2026-02-03 19:30",25444.25,25454.75,25414.5,25440.75,-4.,-0.02%,2430
"2026-02-03 19:00",25377.5,25452,25377.5,25444.75,68.25,+0.27%,4173
"2026-02-03 18:30",25409.75,25429.5,25375.75,25376.5,-30.75,-0.12%,2301
"2026-02-03 18:00",25427.75,25435.75,25390.25,25407.25,-20.75,-0.08%,3417
"2026-02-03 17:30",25397.25,25433.75,25385,25428,33,+0.13%,2067
"2026-02-03 17:00",25387.5,25442,25362,25395,-26.25,-0.10%,5224
"2026-02-03 15:30",25424.75,25427.75,25400.25,25421.25,-4.25,-0.02%,7076
"2026-02-03 15:00",25445.75,25477,25380.5,25425.5,-20.,-0.08%,20983
"2026-02-03 14:30",25330.25,25459,25329.25,25445.5,114.75,+0.45%,44276
"2026-02-03 14:00",25316.25,25343,25269.5,25330.75,14.5,+0.06%,24511
"2026-02-03 13:30",25294.25,25329,25234.5,25316.25,21,+0.08%,31753
"2026-02-03 13:00",25245.5,25359.25,25219,25295.25,49.75,+0.20%,40635
"2026-02-03 12:30",25331,25331,25245.5,25245.5,-86.25,-0.34%,25906
"2026-02-03 12:00",25386.5,25423.5,25312.5,25331.75,-55.5,-0.22%,31863
"2026-02-03 11:30",25414.25,25427.75,25345,25387.25,-27.75,-0.11%,35201
"2026-02-03 11:00",25491.5,25502.5,25401.25,25415,-76.25,-0.30%,36664
"2026-02-03 10:30",25497.5,25534.25,25467.75,25491.25,-5.75,-0.02%,35301
"2026-02-03 10:00",25617.5,25619.75,25493.75,25497,-120.5,-0.47%,40262
"2026-02-03 09:30",25546.5,25631.5,25481.5,25617.5,71.5,+0.28%,54094
"2026-02-03 09:00",25632.75,25646.75,25470.25,25546,-87.,-0.34%,84756
"2026-02-03 08:30",25934.75,25952.25,25623.25,25633,-301.,-1.16%,91536
"2026-02-03 08:00",25967,25976.75,25927.5,25934,-33.25,-0.13%,7700
"2026-02-03 07:30",25991.5,25999.5,25961.5,25967.25,-24.25,-0.09%,4242
"2026-02-03 07:00",25983,26003.5,25975.75,25991.5,9.75,+0.04%,3598
"2026-02-03 06:30",25986.25,25996.25,25978,25981.75,-4.5,-0.02%,2829
"2026-02-03 06:00",25945.25,25988.5,25923.5,25986.25,40.75,+0.16%,3857
"2026-02-03 05:30",25946.5,25963.75,25935,25945.5,-1.,0.00%,2366
"2026-02-03 05:00",25955.75,25965.25,25940.25,25946.5,-9.25,-0.04%,1915
"2026-02-03 04:30",25971,25971,25944.75,25955.75,-16.,-0.06%,1978
"2026-02-03 04:00",25970.5,25990,25967,25971.75,2.5,+0.01%,1377
"2026-02-03 03:30",25965,25979,25958.25,25969.25,5.75,+0.02%,1719
"2026-02-03 03:00",25977,26009.75,25958.25,25963.5,-14.25,-0.05%,3208
"2026-02-03 02:30",26002.5,26004.5,25970.25,25977.75,-25.,-0.10%,2468
"2026-02-03 02:00",26012,26024,25990.5,26002.75,-9.75,-0.04%,3575
"2026-02-03 01:30",25988,26027.75,25983.5,26012.5,24.75,+0.10%,2528
"2026-02-03 01:00",25991.25,26003.25,25974.25,25987.75,-4.5,-0.02%,1918
"2026-02-03 00:30",25985.75,26007.25,25982.5,25992.25,6.25,+0.02%,2051
"2026-02-03 00:00",25987.75,26001.75,25973.5,25986,-0.25,0.00%,1878
"2026-02-02 23:30",25970,25996.75,25965.5,25986.25,17.5,+0.07%,1279
"2026-02-02 23:00",25980.5,25986.25,25952,25968.75,-11.75,-0.05%,1440
"2026-02-02 22:30",25962,25988,25962,25980.5,19.75,+0.08%,1352
"2026-02-02 22:00",25955.75,25976.25,25953,25960.75,4.25,+0.02%,1123
"2026-02-02 21:30",25937.75,25964.75,25928,25956.5,17.25,+0.07%,1673
"2026-02-02 21:00",25926.5,25948.25,25913,25939.25,10.5,+0.04%,1931
"2026-02-02 20:30",25924.75,25935.25,25900.5,25928.75,2,+0.01%,2736
"2026-02-02 20:00",25959,25960,25920.25,25926.75,-33.5,-0.13%,2687
"2026-02-02 19:30",25972.25,25977,25948,25960.25,-13.5,-0.05%,2270
"2026-02-02 19:00",25954,25990.75,25952,25973.75,20.75,+0.08%,2834
"2026-02-02 18:30",25972.25,25977.25,25943.5,25953,-20.25,-0.08%,2007
"2026-02-02 18:00",25947.75,25984.75,25913.5,25973.25,25,+0.10%,3460
"2026-02-02 17:30",25937.75,25977,25932,25948.25,10,+0.04%,3306
"2026-02-02 17:00",25876.5,25940.5,25866.5,25938.25,65,+0.25%,3498
"2026-02-02 15:30",25884,25891.75,25866,25873.25,-11.25,-0.04%,2618
"2026-02-02 15:00",25857,25896,25835.75,25884.5,27.75,+0.11%,13739
"2026-02-02 14:30",25864,25867.5,25831.75,25856.75,-7.5,-0.03%,31021
"2026-02-02 14:00",25847.25,25900,25821.75,25864.25,17.25,+0.07%,27938
"2026-02-02 13:30",25922.25,25922.25,25841.5,25847,-75.,-0.29%,17840
"2026-02-02 13:00",25941.75,25945,25919,25922,-19.75,-0.08%,9839
"2026-02-02 12:30",25912,25949.5,25907.5,25941.75,30.25,+0.12%,11945
"2026-02-02 12:00",25923.75,25936.75,25897.5,25911.5,-12.,-0.05%,10619
"2026-02-02 11:30",25915.5,25941.75,25901.25,25923.5,8,+0.03%,12809
"2026-02-02 11:00",25893.5,25924.5,25888.5,25915.5,22,+0.08%,17682
"2026-02-02 10:30",25892.75,25905.25,25836,25893.5,0.5,0.00%,20623
"2026-02-02 10:00",25840.25,25898.75,25803,25893,52.5,+0.20%,25031
"2026-02-02 09:30",25865.5,25906.5,25815.75,25840.5,-25.5,-0.10%,33827
"2026-02-02 09:00",25746.75,25912.25,25733,25866,116.75,+0.45%,48711
"2026-02-02 08:30",25542.5,25799.5,25539.75,25749.25,206.75,+0.81%,81825
"2026-02-02 08:00",25529.75,25547.25,25520.25,25542.5,13.25,+0.05%,9786
"2026-02-02 07:30",25476.75,25540,25457.75,25529.25,50.75,+0.20%,6592
"2026-02-02 07:00",25486.75,25501.75,25456,25478.5,-9.25,-0.04%,6065
"2026-02-02 06:30",25509.25,25527.25,25475.75,25487.75,-22.,-0.09%,5184
"2026-02-02 06:00",25451,25514.75,25450,25509.75,57.5,+0.23%,7152
"2026-02-02 05:30",25456,25491.25,25440,25452.25,-6.,-0.02%,4352
"2026-02-02 05:00",25407.75,25458.5,25401,25458.25,51.75,+0.20%,3803
"2026-02-02 04:30",25447.5,25452.5,25391.25,25406.5,-42.25,-0.17%,4004
"2026-02-02 04:00",25453.25,25473.5,25435.25,25448.75,-5.25,-0.02%,3187
"2026-02-02 03:30",25436.75,25463,25432.5,25454,15.25,+0.06%,3557
"2026-02-02 03:00",25401.5,25458.5,25355.75,25438.75,37,+0.15%,6954
"2026-02-02 02:30",25391,25426,25379.75,25401.75,11.25,+0.04%,4776
"2026-02-02 02:00",25348.5,25402.75,25340.5,25390.5,42,+0.17%,6963
"2026-02-02 01:30",25303,25351,25276.25,25348.5,47.75,+0.19%,5203
"2026-02-02 01:00",25233,25307,25233,25300.75,68.75,+0.27%,7150
"2026-02-02 00:30",25244,25257,25180.25,25232,-14.25,-0.06%,5505
"2026-02-02 00:00",25250,25274,25185.75,25246.25,-4.5,-0.02%,6840
"2026-02-01 23:30",25274.25,25282.75,25235.75,25250.75,-23.,-0.09%,6182
"2026-02-01 23:00",25341.5,25348.5,25266,25273.75,-68.,-0.27%,5382
"2026-02-01 22:30",25309.5,25376,25307.25,25341.75,31.25,+0.12%,5215
"2026-02-01 22:00",25281.5,25332.25,25216.25,25310.5,31.75,+0.13%,9508
"2026-02-01 21:30",25333.75,25343.5,25262.75,25278.75,-54.,-0.21%,8594
"2026-02-01 21:00",25366.75,25386.75,25315,25332.75,-35.,-0.14%,6636
"2026-02-01 20:30",25420.5,25448.75,25357.25,25367.75,-54.,-0.21%,5996
"2026-02-01 20:00",25408.25,25449.75,25386.25,25421.75,14.5,+0.06%,8899
"2026-02-01 19:30",25527.5,25531.25,25400,25407.25,-119.5,-0.47%,12374
"2026-02-01 19:00",25605.25,25637,25477,25526.75,-78.75,-0.31%,8901
"2026-02-01 18:30",25614,25645.75,25591,25605.5,-7.25,-0.03%,4098
"2026-02-01 18:00",25532.5,25634.25,25487,25612.75,80,+0.31%,7182
"2026-02-01 17:30",25433,25571.75,25418.5,25532.75,99,+0.39%,7022
"2026-02-01 17:00",25530,25537.25,25373.75,25433.75,-205.5,-0.80%,11201
"2026-01-30 15:30",25650.25,25656.75,25629.5,25639.25,-11.25,-0.04%,4187
"2026-01-30 15:00",25674.75,25707,25625.5,25650.5,-24.5,-0.10%,15566
"2026-01-30 14:30",25595.75,25731.75,25591,25675,79,+0.31%,55936
"2026-01-30 14:00",25658.75,25682.75,25571.25,25596,-62.5,-0.24%,30755
"2026-01-30 13:30",25716.5,25738,25652,25658.5,-58.25,-0.23%,30858
"2026-01-30 13:00",25741.25,25781.5,25715,25716.75,-24.5,-0.10%,31335
"2026-01-30 12:30",25671.5,25771.75,25597.25,25741.25,70,+0.27%,34592
"2026-01-30 12:00",25677.75,25715.25,25568.75,25671.25,-8.25,-0.03%,37319
"2026-01-30 11:30",25782.5,25795.75,25678.25,25679.5,-102.75,-0.40%,33259
"2026-01-30 11:00",25758.25,25789.25,25686,25782.25,24.75,+0.10%,36118
"2026-01-30 10:30",25798.75,25860,25744.25,25757.5,-41.5,-0.16%,34967
"2026-01-30 10:00",25842,25869,25753.25,25799,-42.5,-0.16%,33453
"2026-01-30 09:30",25794,25934,25770.75,25841.5,47.5,+0.18%,48163
"2026-01-30 09:00",25826.5,25925.5,25790.75,25794,-33.,-0.13%,48875
"2026-01-30 08:30",25834.25,25940,25806.25,25827,-6.5,-0.03%,73415
"2026-01-30 08:00",25825.75,25850,25805.5,25833.5,7.25,+0.03%,10010
"2026-01-30 07:30",25842.25,25875.5,25752.5,25826.25,-49.25,-0.19%,10565
"2026-01-30 07:00",25847,25888,25827.75,25875.5,29,+0.11%,4623
"2026-01-30 06:30",25867.25,25894.75,25821.75,25846.5,-20.25,-0.08%,4969
"2026-01-30 06:00",25870.25,25905.25,25854.5,25866.75,-4.25,-0.02%,5374
"2026-01-30 05:30",25817.5,25884,25788,25871,53.25,+0.21%,6718
"2026-01-30 05:00",25765.25,25819.25,25763.75,25817.75,53,+0.21%,3591
"2026-01-30 04:30",25727.5,25790,25727.25,25764.75,36.5,+0.14%,4354
"2026-01-30 04:00",25696.5,25749.5,25694,25728.25,31.5,+0.12%,4101
"2026-01-30 03:30",25706.5,25731,25649.75,25696.75,-9.5,-0.04%,6039
"2026-01-30 03:00",25768.75,25786.75,25688.75,25706.25,-62.5,-0.24%,5218
"2026-01-30 02:30",25746.75,25792.5,25691.75,25768.75,21,+0.08%,5250
"2026-01-30 02:00",25710.5,25771,25682,25747.75,40.5,+0.16%,6430
"2026-01-30 01:30",25761.5,25780,25700,25707.25,-54.75,-0.21%,4648
"2026-01-30 01:00",25750.75,25804,25744.5,25762,10.5,+0.04%,3244
"2026-01-30 00:30",25782.75,25814,25737,25751.5,-35.75,-0.14%,4106
"2026-01-30 00:00",25833.75,25838.5,25756.75,25787.25,-45.75,-0.18%,3980
"2026-01-29 23:30",25867.25,25867.75,25832.25,25833,-35.25,-0.14%,1533
"2026-01-29 23:00",25859.5,25887,25850,25868.25,10.75,+0.04%,1710
"2026-01-29 22:30",25880.25,25896,25851.75,25857.5,-21.5,-0.08%,1497
"2026-01-29 22:00",25846.75,25896,25843.25,25879,32,+0.12%,2150
"2026-01-29 21:30",25849,25879.5,25843.25,25847,-2.,-0.01%,2723
"2026-01-29 21:00",25843.75,25888,25827.75,25849,6,+0.02%,5262
"2026-01-29 20:30",25754.5,25847,25736,25843,91.5,+0.36%,5249
"2026-01-29 20:00",25852.25,25866.25,25751.5,25751.5,-100.75,-0.39%,6855
"2026-01-29 19:30",25887,25888,25796.75,25852.25,-33.75,-0.13%,7169
"2026-01-29 19:00",25931,25933.75,25880,25886,-44.,-0.17%,3979
"2026-01-29 18:30",25926,25993.75,25914.75,25930,3.75,+0.01%,4185
"2026-01-29 18:00",25972.5,25991.25,25907.25,25926.25,-46.,-0.18%,5191
"2026-01-29 17:30",25941.75,26020,25940,25972.25,31,+0.12%,4384
"2026-01-29 17:00",25998.5,26010.5,25882.75,25941.25,-41.25,-0.16%,7000
"2026-01-29 15:30",25987.75,26050,25963.75,25982.5,-4.5,-0.02%,10921
"2026-01-29 15:00",25991.5,26024,25951,25987,-4.5,-0.02%,15485
"2026-01-29 14:30",25854,26020,25846.5,25991.5,137.5,+0.53%,46125
"2026-01-29 14:00",25849.25,25881.25,25841.5,25854,5,+0.02%,15787
"2026-01-29 13:30",25878.5,25887.25,25834,25849,-29.5,-0.11%,16821
"2026-01-29 13:00",25836.25,25898.5,25820,25878.5,41.75,+0.16%,18407
"2026-01-29 12:30",25846.25,25891.5,25820.75,25836.75,-9.25,-0.04%,20283
"2026-01-29 12:00",25760.25,25861.25,25758.25,25846,85.5,+0.33%,24791
"2026-01-29 11:30",25839.25,25878.75,25749,25760.5,-79.,-0.31%,33184
"2026-01-29 11:00",25711.25,25852.25,25708.75,25839.5,128.25,+0.50%,28723
"2026-01-29 10:30",25684,25739.75,25667.5,25711.25,27.25,+0.11%,35885
"2026-01-29 10:00",25576.75,25714.25,25538,25684,107.25,+0.42%,54974
"2026-01-29 09:30",25735.25,25753.25,25536,25576.75,-159.,-0.62%,69092
"2026-01-29 09:00",25864.5,25868.25,25718.25,25735.75,-128.75,-0.50%,91121
"2026-01-29 08:30",26133.5,26175,25858,25864.5,-268.75,-1.03%,99645
"2026-01-29 08:00",26194.25,26196.75,26132,26133.25,-61.5,-0.23%,11157
"2026-01-29 07:30",26173.25,26203.5,26158.75,26194.75,21.25,+0.08%,5333
"2026-01-29 07:00",26176,26188.25,26150.5,26173.5,-2.75,-0.01%,3780
"2026-01-29 06:30",26198.25,26200.25,26156.5,26176.25,-22.75,-0.09%,4135
"2026-01-29 06:00",26201,26221.75,26188.5,26199,-1.,0.00%,2893
"2026-01-29 05:30",26194.25,26208.75,26178.5,26200,3.75,+0.01%,3418
"2026-01-29 05:00",26191.75,26206.75,26175.25,26196.25,4.5,+0.02%,3552
"2026-01-29 04:30",26228.75,26230,26187,26191.75,-36.75,-0.14%,2145
"2026-01-29 04:00",26211,26237,26197.5,26228.5,16.75,+0.06%,3801
"2026-01-29 03:30",26252,26265.75,26210,26211.75,-41.,-0.16%,3001
"2026-01-29 03:00",26248.75,26273.25,26245,26252.75,4,+0.02%,2329
"2026-01-29 02:30",26268.25,26271.25,26233.25,26248.75,-19.25,-0.07%,2957
"2026-01-29 02:00",26255.5,26280.5,26226.5,26268,12.75,+0.05%,4145
"2026-01-29 01:30",26249.75,26276.5,26245,26255.25,5.25,+0.02%,2057
"2026-01-29 01:00",26246.5,26258.5,26231.5,26250,3.25,+0.01%,1530
"2026-01-29 00:30",26255.25,26262.75,26231.75,26246.75,-9.25,-0.04%,1349
"2026-01-29 00:00",26233.25,26268.5,26232.5,26256,21.75,+0.08%,1916
"2026-01-28 23:30",26232.25,26249.5,26227.75,26234.25,3.75,+0.01%,1637
"2026-01-28 23:00",26227.75,26233,26210.25,26230.5,2.5,+0.01%,1408
"2026-01-28 22:30",26215,26233.25,26215,26228,13.75,+0.05%,1090
"2026-01-28 22:00",26198,26225.75,26195.25,26214.25,15.5,+0.06%,1789
"2026-01-28 21:30",26185,26199.75,26178,26198.75,14.5,+0.06%,1632
"2026-01-28 21:00",26163,26194.25,26162,26184.25,21.75,+0.08%,1964
"2026-01-28 20:30",26172,26177.25,26148,26162.5,-8.75,-0.03%,2329
"2026-01-28 20:00",26129.25,26177,26122.75,26171.25,42.5,+0.16%,3343
"2026-01-28 19:30",26112.25,26130,26091.5,26128.75,17.75,+0.07%,3279
"2026-01-28 19:00",26164.25,26168.25,26085.5,26111,-52.75,-0.20%,4753
"2026-01-28 18:30",26170.5,26171,26126.5,26163.75,-7.25,-0.03%,3728
"2026-01-28 18:00",26173.25,26180.5,26104.25,26171,0.75,0.00%,7198
"2026-01-28 17:30",26209.5,26217.25,26160,26170.25,-38.5,-0.15%,5183
"2026-01-28 17:00",26282.5,26296,26160.5,26208.75,-59.5,-0.23%,7627
"2026-01-28 15:30",26263,26287.75,26244,26268.25,5.75,+0.02%,8549
"2026-01-28 15:00",26149.5,26264.75,25993.25,26262.5,113.25,+0.43%,36919
"2026-01-28 14:30",26174.25,26188.5,26131.25,26149.25,-25.25,-0.10%,30172
"2026-01-28 14:00",26161,26212.25,26153.5,26174.5,13.75,+0.05%,20111
"2026-01-28 13:30",26121.75,26210.25,26112.75,26160.75,38,+0.15%,38073
"2026-01-28 13:00",26171,26195.5,26116,26122.75,-48.75,-0.19%,21091
"2026-01-28 12:30",26160.5,26180,26145.25,26171.5,11.75,+0.04%,12034
"2026-01-28 12:00",26140.5,26170.75,26122,26159.75,19,+0.07%,13432
"2026-01-28 11:30",26127,26165.5,26110.5,26140.75,13.75,+0.05%,18358
"2026-01-28 11:00",26117.25,26163.5,26114,26127,10.25,+0.04%,21333
"2026-01-28 10:30",26182.5,26182.75,26100.75,26116.75,-66.,-0.25%,24515
"2026-01-28 10:00",26162.5,26198.5,26149.5,26182.75,20,+0.08%,21436
"2026-01-28 09:30",26220.5,26236.5,26159.5,26162.75,-58.,-0.22%,32917
"2026-01-28 09:00",26253,26265.5,26205,26220.75,-32.75,-0.12%,39466
"2026-01-28 08:30",26252.5,26301,26213.75,26253.5,0.5,0.00%,63218
"2026-01-28 08:00",26273.5,26278.75,26234.5,26253,-20.5,-0.08%,9876
"2026-01-28 07:30",26278,26285.25,26255.25,26273.5,-5.,-0.02%,6243
"2026-01-28 07:00",26281.25,26306,26267.75,26278.5,-2.5,-0.01%,4414
"2026-01-28 06:30",26278,26301.5,26270.25,26281,3.25,+0.01%,3938
"2026-01-28 06:00",26319.25,26320.75,26264.75,26277.75,-41.,-0.16%,6193
"2026-01-28 05:30",26309.25,26326.75,26306.25,26318.75,10,+0.04%,2551
"2026-01-28 05:00",26317.25,26318.25,26287.5,26308.75,-8.,-0.03%,2847
"2026-01-28 04:30",26294.75,26320.75,26292.25,26316.75,22.25,+0.08%,3069
"2026-01-28 04:00",26285.25,26297,26272.5,26294.5,10,+0.04%,2003
"2026-01-28 03:30",26262.25,26290.5,26252.5,26284.5,22,+0.08%,2941
"2026-01-28 03:00",26279.5,26284.5,26255,26262.5,-16.5,-0.06%,4268
"2026-01-28 02:30",26302,26314.75,26271,26279,-23.5,-0.09%,3618
"2026-01-28 02:00",26315.5,26331.5,26276.75,26302.5,-13.5,-0.05%,4420
"2026-01-28 01:30",26303.5,26322.25,26289,26316,12,+0.05%,3130
"2026-01-28 01:00",26301.75,26324,26292,26304,1.25,0.00%,2965
"2026-01-28 00:30",26302.5,26349,26300.5,26302.75,0.5,0.00%,5301
"2026-01-28 00:00",26246,26320.75,26246,26302.25,56.75,+0.22%,7929
"2026-01-27 23:30",26232,26248.75,26231,26245.5,14.25,+0.05%,1648
"2026-01-27 23:00",26220.25,26233,26220.25,26231.25,11.25,+0.04%,1257
"2026-01-27 22:30",26225.5,26226.5,26213.5,26220,-5.25,-0.02%,881
"2026-01-27 22:00",26200.5,26227.5,26200.5,26225.25,26.25,+0.10%,1854
"2026-01-27 21:30",26203,26209.25,26192.5,26199,-4.25,-0.02%,1680
"2026-01-27 21:00",26213.75,26218.75,26195.75,26203.25,-10.75,-0.04%,1462
"2026-01-27 20:30",26213.5,26221,26206.75,26214,1.25,0.00%,1231
"2026-01-27 20:00",26204,26221.75,26203.75,26212.75,7.5,+0.03%,1729
"2026-01-27 19:30",26224.25,26226,26201.75,26205.25,-18.75,-0.07%,2253
"2026-01-27 19:00",26206.75,26228.25,26206.75,26224,18,+0.07%,3044
"2026-01-27 18:30",26168.25,26208.5,26167.5,26206,37.75,+0.14%,4577
"2026-01-27 18:00",26138.25,26171.75,26135.5,26168.25,30.75,+0.12%,2828
"2026-01-27 17:30",26136.5,26142.75,26131.5,26137.5,1,0.00%,966
"2026-01-27 17:00",26111.25,26148,26111.25,26136.5,26.5,+0.10%,3687
"2026-01-27 15:30",26095.75,26118,26093.25,26110,14.5,+0.06%,3730
"2026-01-27 15:00",26076,26106,26058.75,26095.5,19.5,+0.07%,12927
"2026-01-27 14:30",26096,26101.75,26068.25,26076,-20.25,-0.08%,32290
"2026-01-27 14:00",26092,26114.25,26083.75,26096.25,4.5,+0.02%,14583
"2026-01-27 13:30",26092.75,26099.75,26077.75,26091.75,-1.,0.00%,11344
"2026-01-27 13:00",26090,26095,26072.75,26092.75,2.5,+0.01%,11929
"2026-01-27 12:30",26076.75,26097.75,26076.25,26090.25,13.75,+0.05%,12472
"2026-01-27 12:00",26062,26085.5,26038,26076.5,14.75,+0.06%,18001
"2026-01-27 11:30",26083,26092,26057.5,26061.75,-21.75,-0.08%,14845
"2026-01-27 11:00",26080,26088.75,26050.25,26083.5,3.75,+0.01%,20613
"2026-01-27 10:30",26090.5,26099.75,26077,26079.75,-10.75,-0.04%,18997
"2026-01-27 10:00",26078.5,26106.75,26073.25,26090.5,12,+0.05%,21318
"2026-01-27 09:30",26043,26098.5,26038.75,26078.5,35.5,+0.14%,32119
"2026-01-27 09:00",26052.5,26074.75,26021.5,26043,-10.25,-0.04%,41994
"2026-01-27 08:30",25982.75,26058,25917.25,26053.25,70.75,+0.27%,73073
"2026-01-27 08:00",25990.5,26010,25981,25982.5,-7.25,-0.03%,9030
"2026-01-27 07:30",26002.5,26008,25982.5,25989.75,-13.5,-0.05%,4928
"2026-01-27 07:00",26003.75,26018,26001,26003.25,-0.75,0.00%,3664
"2026-01-27 06:30",25997.25,26018,25991,26004,7.25,+0.03%,3176
"2026-01-27 06:00",26031.5,26033.5,25995,25996.75,-35.25,-0.14%,3426
"2026-01-27 05:30",26005,26043,26002.5,26032,27,+0.10%,4398
"2026-01-27 05:00",26005.5,26008.75,25991.75,26005,-0.75,0.00%,2210
"2026-01-27 04:30",25997,26007.75,25992,26005.75,9.75,+0.04%,2154
"2026-01-27 04:00",25974,25999.75,25970,25996,22.25,+0.09%,1689
"2026-01-27 03:30",25983,25989.25,25967.25,25973.75,-10.,-0.04%,2095
"2026-01-27 03:00",25983.75,25994.75,25970,25983.75,-0.75,0.00%,2898
"2026-01-27 02:30",25981,25989.75,25967,25984.5,4,+0.02%,2818
"2026-01-27 02:00",26006,26011.75,25974.5,25980.5,-25.75,-0.10%,3518
"2026-01-27 01:30",25998.75,26020.5,25995.75,26006.25,7.25,+0.03%,2113
"2026-01-27 01:00",26002.5,26014,25992,25999,-2.25,-0.01%,1929
"2026-01-27 00:30",26024,26024.75,25999,26001.25,-23.25,-0.09%,1710
"2026-01-27 00:00",26007.75,26028.25,26007.5,26024.5,16.25,+0.06%,2677
"2026-01-26 23:30",25981.75,26009.75,25981.75,26008.25,27.5,+0.11%,1727
"2026-01-26 23:00",25989,25990,25972,25980.75,-8.75,-0.03%,1284
"2026-01-26 22:30",25986.25,25993.5,25986,25989.5,2.75,+0.01%,714
"2026-01-26 22:00",25975.75,26002.75,25971.5,25986.75,11.25,+0.04%,2706
"2026-01-26 21:30",25966.75,25979.5,25962.5,25975.5,9,+0.03%,1527
"2026-01-26 21:00",25970.5,25977,25964.75,25966.5,-4.75,-0.02%,1365
"2026-01-26 20:30",25949.25,25975,25943.5,25971.25,22.5,+0.09%,2375
"2026-01-26 20:00",25922,25957,25921.25,25948.75,26.75,+0.10%,2930
"2026-01-26 19:30",25910.75,25927,25910,25922,10.5,+0.04%,1644
"2026-01-26 19:00",25898.5,25916.25,25895.25,25911.5,12.75,+0.05%,1586
"2026-01-26 18:30",25889.75,25902.75,25885.5,25898.75,8.75,+0.03%,1507
"2026-01-26 18:00",25890.5,25899.5,25875,25890,-0.5,0.00%,1437
"2026-01-26 17:30",25879.25,25890.75,25871.25,25890.5,11.75,+0.05%,1454
"2026-01-26 17:00",25861.25,25897,25838.5,25878.75,17.5,+0.07%,3322
"2026-01-26 15:30",25867.25,25869.25,25851.75,25861.25,-7.25,-0.03%,3368
"2026-01-26 15:00",25844.75,25871,25834,25868.5,23.5,+0.09%,12941
"2026-01-26 14:30",25881,25895,25840.5,25845,-35.75,-0.14%,34004
"2026-01-26 14:00",25879,25890.5,25866.5,25880.75,2.25,+0.01%,13150
"2026-01-26 13:30",25900,25913.75,25877.75,25878.5,-21.,-0.08%,13382
"2026-01-26 13:00",25898.25,25913.25,25884.5,25899.5,0.75,0.00%,12157
"2026-01-26 12:30",25907.25,25932.25,25885,25898.75,-8.75,-0.03%,15466
"2026-01-26 12:00",25890.5,25913.75,25873.5,25907.5,16.25,+0.06%,14946
"2026-01-26 11:30",25912.5,25915.5,25881.75,25891.25,-21.25,-0.08%,15836
"2026-01-26 11:00",25906.5,25936.5,25902.75,25912.5,6.25,+0.02%,15144
"2026-01-26 10:30",25906,25928.5,25888,25906.25,0.5,0.00%,22442
"2026-01-26 10:00",25881,25909.5,25850.75,25905.75,24.5,+0.09%,28070
"2026-01-26 09:30",25846,25898.5,25834,25881.25,35.5,+0.14%,32659
"2026-01-26 09:00",25837,25886.5,25803,25845.75,8.5,+0.03%,39353
"2026-01-26 08:30",25749,25853.5,25704.25,25837.25,88.75,+0.34%,58023
"2026-01-26 08:00",25716.25,25749.25,25714,25748.5,32.25,+0.13%,8793
"2026-01-26 07:30",25688.25,25721.75,25658,25716.25,27.5,+0.11%,5964
"2026-01-26 07:00",25688.5,25707.25,25676.5,25688.75,0.75,0.00%,4253
"2026-01-26 06:30",25690,25696,25675.5,25688,-2.5,-0.01%,2544
"2026-01-26 06:00",25669.5,25714.5,25668.75,25690.5,20,+0.08%,3513
"2026-01-26 05:30",25649.25,25673,25647.25,25670.5,22.25,+0.09%,1464
"2026-01-26 05:00",25651.5,25659.75,25641.75,25648.25,-3.,-0.01%,1587
"2026-01-26 04:30",25651,25674.5,25647.75,25651.25,0.25,0.00%,2587
"2026-01-26 04:00",25618.25,25656.75,25614.25,25651,32.75,+0.13%,3451
"2026-01-26 03:30",25687.5,25689.75,25582,25618.25,-69.75,-0.27%,7195
"2026-01-26 03:00",25727.75,25735,25687.25,25688,-39.5,-0.15%,2918
"2026-01-26 02:30",25728.25,25741.5,25713.75,25727.5,-1.5,-0.01%,1777
"2026-01-26 02:00",25700.75,25742,25699.75,25729,29,+0.11%,3108
"2026-01-26 01:30",25693.75,25711,25678.5,25700,6.5,+0.03%,2058
"2026-01-26 01:00",25669.5,25696,25666.75,25693.5,25.5,+0.10%,1572
"2026-01-26 00:30",25694.25,25697,25665.75,25668,-25.75,-0.10%,2885
"2026-01-26 00:00",25675.5,25702,25673.5,25693.75,19.75,+0.08%,2578
"2026-01-25 23:30",25663.75,25676,25657.25,25674,10.25,+0.04%,1756
"2026-01-25 23:00",25635.75,25668.5,25627.25,25663.75,27.75,+0.11%,1664
"2026-01-25 22:30",25650.75,25659,25622.75,25636,-14.,-0.05%,2353
"2026-01-25 22:00",25634.5,25651.5,25623.5,25650,15.25,+0.06%,1795
"2026-01-25 21:30",25638.25,25645.5,25623,25634.75,-3.75,-0.01%,3321
"2026-01-25 21:00",25611,25657.5,25610.5,25638.5,29.25,+0.11%,3861
"2026-01-25 20:30",25649.75,25650.75,25595.25,25609.25,-39.5,-0.15%,3468
"2026-01-25 20:00",25649.25,25665.75,25641.5,25648.75,-0.75,0.00%,2412
"2026-01-25 19:30",25650,25668.75,25630.75,25649.5,-1.,0.00%,3832
"2026-01-25 19:00",25582,25661.75,25571.25,25650.5,68.5,+0.27%,6774
"2026-01-25 18:30",25606.5,25618.25,25562.75,25582,-25.,-0.10%,4027
"2026-01-25 18:00",25559.75,25610,25544.75,25607,48,+0.19%,4943
"2026-01-25 17:30",25531.5,25572.25,25492.5,25559,28.25,+0.11%,5501
"2026-01-25 17:00",25585.5,25585.5,25365.25,25530.75,-149.75,-0.58%,7905
"2026-01-23 15:30",25687.5,25696.25,25677.25,25680.5,-7.,-0.03%,3027
"2026-01-23 15:00",25735.25,25738.25,25672.25,25687.5,-47.5,-0.18%,11012
"2026-01-23 14:30",25710.25,25755.75,25696,25735,24.5,+0.10%,33265
"2026-01-23 14:00",25748,25751.5,25691.25,25710.5,-37.5,-0.15%,20532
"2026-01-23 13:30",25745.5,25758.5,25719.5,25748,2.75,+0.01%,15802
"2026-01-23 13:00",25726.25,25774.75,25723.75,25745.25,19.75,+0.08%,15944
"2026-01-23 12:30",25752.75,25762.75,25714.25,25725.5,-27.5,-0.11%,16494
"2026-01-23 12:00",25693.75,25764.25,25688.5,25753,59.25,+0.23%,24779
"2026-01-23 11:30",25798.5,25800.25,25683,25693.75,-104.5,-0.41%,32542
"2026-01-23 11:00",25789,25808,25766.5,25798.25,9.25,+0.04%,19659
"2026-01-23 10:30",25791.25,25828.5,25761,25789,-2.5,-0.01%,30630
"2026-01-23 10:00",25826.5,25845.75,25779.75,25791.5,-35.,-0.14%,30399
"2026-01-23 09:30",25747,25827.5,25745,25826.5,80.5,+0.31%,34238
"2026-01-23 09:00",25668,25763.5,25661.5,25746,82.25,+0.32%,51145
"2026-01-23 08:30",25608,25668,25562.5,25663.75,56,+0.22%,60558
"2026-01-23 08:00",25570.75,25612.25,25556.75,25607.75,37,+0.14%,9726
"2026-01-23 07:30",25572.5,25605,25560.25,25570.75,-2.25,-0.01%,6981
"2026-01-23 07:00",25628.75,25635.5,25572.25,25573,-55.75,-0.22%,4179
"2026-01-23 06:30",25617.25,25632.75,25584,25628.75,12,+0.05%,4279
"2026-01-23 06:00",25606.5,25627.5,25597,25616.75,10,+0.04%,4163
"2026-01-23 05:30",25645.25,25658,25596.25,25606.75,-38.,-0.15%,4559
"2026-01-23 05:00",25574.75,25646.25,25571,25644.75,70.5,+0.28%,8493
"2026-01-23 04:30",25561.75,25574.75,25550.75,25574.25,11.5,+0.04%,2096
"2026-01-23 04:00",25558.25,25574.75,25550,25562.75,4.5,+0.02%,2864
"2026-01-23 03:30",25603,25603,25540.25,25558.25,-44.5,-0.17%,5504
"2026-01-23 03:00",25602.25,25629.5,25592.5,25602.75,2,+0.01%,4623
"2026-01-23 02:30",25628.75,25635,25581,25600.75,-27.75,-0.11%,4855
"2026-01-23 02:00",25692,25692,25620.25,25628.5,-63.25,-0.25%,5009
"2026-01-23 01:30",25718.75,25719.25,25682.25,25691.75,-26.25,-0.10%,2118
"2026-01-23 01:00",25705.75,25724.75,25697,25718,13.25,+0.05%,1841
"2026-01-23 00:30",25722.25,25726.5,25703.25,25704.75,-19.,-0.07%,1170
"2026-01-23 00:00",25713.5,25731.5,25712.75,25723.75,10.25,+0.04%,1988
"2026-01-22 23:30",25702.5,25714.5,25698.75,25713.5,11.25,+0.04%,948
"2026-01-22 23:00",25701.5,25712,25694,25702.25,2.25,+0.01%,1003
"2026-01-22 22:30",25697.25,25707.5,25689.5,25700,2.5,+0.01%,1222
"2026-01-22 22:00",25696,25700.25,25684.25,25697.5,1.75,+0.01%,1105
"2026-01-22 21:30",25702.25,25704.25,25690,25695.75,-6.25,-0.02%,1436
"2026-01-22 21:00",25668.25,25707.75,25667.75,25702,33.25,+0.13%,1973
"2026-01-22 20:30",25676,25677.5,25665,25668.75,-8.25,-0.03%,1015
"2026-01-22 20:00",25686.75,25689.5,25673,25677,-9.75,-0.04%,1403
"2026-01-22 19:30",25664.25,25688,25660.75,25686.75,21,+0.08%,2093
"2026-01-22 19:00",25653.5,25682.75,25649.25,25665.75,11.5,+0.04%,3488
"2026-01-22 18:30",25626.75,25654.75,25622.5,25654.25,27.5,+0.11%,1536
"2026-01-22 18:00",25616.75,25638.5,25597.5,25626.75,9,+0.04%,2111
"2026-01-22 17:30",25615.75,25629.25,25600.75,25617.75,3.5,+0.01%,2183
"2026-01-22 17:00",25605,25621.75,25575.5,25614.25,-15.75,-0.06%,3621
"2026-01-22 15:30",25661.25,25662.5,25609.75,25630,-31.,-0.12%,3010
"2026-01-22 15:00",25661.75,25676.5,25627.5,25661,-1.,0.00%,13002
"2026-01-22 14:30",25608.75,25665.75,25584.75,25662,53,+0.21%,45552
"2026-01-22 14:00",25639.5,25664,25607.75,25609,-30.75,-0.12%,23900
"2026-01-22 13:30",25709.75,25713.5,25634,25639.75,-69.5,-0.27%,21343
"2026-01-22 13:00",25673.5,25715.25,25671.5,25709.25,35.75,+0.14%,15311
"2026-01-22 12:30",25698,25710,25667,25673.5,-24.25,-0.09%,14524
"2026-01-22 12:00",25711.75,25723.5,25683,25697.75,-14.5,-0.06%,18311
"2026-01-22 11:30",25680.5,25722,25679.5,25712.25,33,+0.13%,16908
"2026-01-22 11:00",25668.75,25694,25652.5,25679.25,9.75,+0.04%,23240
"2026-01-22 10:30",25672.5,25700,25660.25,25669.5,-3.,-0.01%,21718
"2026-01-22 10:00",25605.25,25685.25,25603.75,25672.5,66.5,+0.26%,28842
"2026-01-22 09:30",25592.75,25658.75,25572,25606,13.75,+0.05%,36932
"2026-01-22 09:00",25582,25610,25536.75,25592.25,14.25,+0.06%,54893
"2026-01-22 08:30",25729,25731.75,25554.25,25578,-151.,-0.59%,83245
"2026-01-22 08:00",25735.75,25739,25704.5,25729,-7.25,-0.03%,10515
"2026-01-22 07:30",25702.5,25739.75,25678.25,25736.25,32.75,+0.13%,9704
"2026-01-22 07:00",25691.5,25708.5,25677.75,25703.5,12,+0.05%,5088
"2026-01-22 06:30",25683.25,25696.25,25671.25,25691.5,7.25,+0.03%,2936
"2026-01-22 06:00",25674.75,25690.75,25659,25684.25,9.25,+0.04%,3502
"2026-01-22 05:30",25681.75,25703,25670.75,25675,-6.5,-0.03%,3422
"2026-01-22 05:00",25688.75,25714,25667,25681.5,-6.75,-0.03%,3965
"2026-01-22 04:30",25688.25,25698,25683,25688.25,0.25,0.00%,1709
"2026-01-22 04:00",25699.25,25703.75,25670.5,25688,-10.5,-0.04%,3842
"2026-01-22 03:30",25694,25712.75,25689.5,25698.5,4.5,+0.02%,1913
"2026-01-22 03:00",25682.5,25715.75,25672.25,25694,10.75,+0.04%,4022
"2026-01-22 02:30",25651.25,25707.25,25640.5,25683.25,31.5,+0.12%,6270
"2026-01-22 02:00",25587.75,25669.75,25583,25651.75,63.25,+0.25%,7522
"2026-01-22 01:30",25535.25,25593.5,25534,25588.5,54,+0.21%,3622
"2026-01-22 01:00",25539.25,25550.25,25499,25534.5,-5.25,-0.02%,2870
"2026-01-22 00:30",25490,25546.5,25486.75,25539.75,50.25,+0.20%,3064
"2026-01-22 00:00",25533.5,25548,25483.75,25489.5,-44.75,-0.18%,4092
"2026-01-21 23:30",25567.25,25568.75,25527.75,25534.25,-32.75,-0.13%,2740
"2026-01-21 23:00",25574.75,25577.25,25562,25567,-7.5,-0.03%,1135
"2026-01-21 22:30",25574.75,25580,25566.25,25574.5,-0.75,0.00%,768
"2026-01-21 22:00",25589.75,25590.25,25566,25575.25,-14.25,-0.06%,1138
"2026-01-21 21:30",25585,25592,25575.75,25589.5,4.75,+0.02%,931
"2026-01-21 21:00",25568.25,25595,25568.25,25584.75,16.75,+0.07%,1767
"2026-01-21 20:30",25583.75,25583.75,25565,25568,-15.5,-0.06%,1500
"2026-01-21 20:00",25595.25,25602.5,25577.75,25583.5,-11.,-0.04%,1806
"2026-01-21 19:30",25589.75,25601,25585.5,25594.5,4,+0.02%,2475
"2026-01-21 19:00",25559.5,25591.75,25552.75,25590.5,32,+0.13%,2563
"2026-01-21 18:30",25568,25578.5,25546.5,25558.5,-8.5,-0.03%,2415
"2026-01-21 18:00",25553,25583.25,25538.5,25567,14.5,+0.06%,3425
"2026-01-21 17:30",25557.75,25559,25523.25,25552.5,-5.5,-0.02%,2355
"2026-01-21 17:00",25529.5,25569.25,25529.5,25558,48.5,+0.19%,2876
"2026-01-21 15:30",25513,25515,25500,25509.5,-3.,-0.01%,2943
"2026-01-21 15:00",25471.75,25530.75,25470.5,25512.5,41,+0.16%,12592
"2026-01-21 14:30",25486.5,25515.75,25446,25471.5,-15.,-0.06%,49805
"2026-01-21 14:00",25639,25653.5,25485,25486.5,-152.25,-0.59%,37678
"2026-01-21 13:30",25430.25,25648.25,25421,25638.75,209.25,+0.82%,69572
"2026-01-21 13:00",25282.25,25457,25232.75,25429.5,146.25,+0.58%,37188
"2026-01-21 12:30",25236,25294.75,25204,25283.25,47.75,+0.19%,29058
"2026-01-21 12:00",25244.75,25251.5,25150.75,25235.5,-10.75,-0.04%,34995
"2026-01-21 11:30",25206,25260.75,25166.75,25246.25,40.5,+0.16%,36387
"2026-01-21 11:00",25229.75,25262.75,25142,25205.75,-23.5,-0.09%,52231
"2026-01-21 10:30",25458,25460.25,25220.5,25229.25,-228.25,-0.90%,66156
"2026-01-21 10:00",25469.75,25494.25,25442.75,25457.5,-12.5,-0.05%,34771
"2026-01-21 09:30",25380,25488,25378,25470,90.5,+0.36%,45237
"2026-01-21 09:00",25323.5,25386.75,25294.75,25379.5,54.75,+0.22%,50918
"2026-01-21 08:30",25196.5,25339.25,25127.5,25324.75,127.75,+0.51%,76813
"2026-01-21 08:00",25083,25258,25072.25,25197,112,+0.45%,40582
"2026-01-21 07:30",25075.25,25125.5,25041,25085,9.75,+0.04%,14383
"2026-01-21 07:00",25086.5,25113.25,25070.25,25075.25,-10.5,-0.04%,6563
"2026-01-21 06:30",25071.25,25089.75,25032.75,25085.75,14.5,+0.06%,6273
"2026-01-21 06:00",25047,25089.25,25025,25071.25,25.75,+0.10%,7684
"2026-01-21 05:30",25144.25,25158,25040.5,25045.5,-96.5,-0.38%,8329
"2026-01-21 05:00",25153,25159.25,25134.25,25142,-11.25,-0.04%,3690
"2026-01-21 04:30",25177.5,25188.25,25151.5,25153.25,-23.5,-0.09%,2460
"2026-01-21 04:00",25129.5,25183.25,25121.75,25176.75,47.75,+0.19%,4260
"2026-01-21 03:30",25196,25196.25,25128.75,25129,-67.5,-0.27%,5006
"2026-01-21 03:00",25204.5,25225.25,25182.5,25196.5,-8.25,-0.03%,3887
"2026-01-21 02:30",25221.25,25228.5,25203.5,25204.75,-16.25,-0.06%,2335
"2026-01-21 02:00",25212.5,25234,25194.25,25221,7.5,+0.03%,3474
"2026-01-21 01:30",25240.5,25240.75,25205,25213.5,-27.,-0.11%,2161
"2026-01-21 01:00",25196.25,25246.5,25193.25,25240.5,44.25,+0.18%,4046
"2026-01-21 00:30",25220.25,25231.5,25191.75,25196.25,-23.,-0.09%,2604
"2026-01-21 00:00",25219.75,25230.25,25209.25,25219.25,-1.,0.00%,2568
"2026-01-20 23:30",25210,25225.5,25210,25220.25,9.75,+0.04%,1622
"2026-01-20 23:00",25197.25,25220,25184.75,25210.5,13.5,+0.05%,2318
"2026-01-20 22:30",25206,25212,25193,25197,-9.75,-0.04%,1595
"2026-01-20 22:00",25196.75,25213.25,25183,25206.75,9.25,+0.04%,1963
"2026-01-20 21:30",25222.25,25226.25,25186,25197.5,-23.75,-0.09%,3467
"2026-01-20 21:00",25179.75,25227.5,25178.75,25221.25,42.25,+0.17%,3385
"2026-01-20 20:30",25178,25191.5,25168,25179,0.75,0.00%,2353
"2026-01-20 20:00",25202.25,25209,25177.25,25178.25,-23.75,-0.09%,2834
"2026-01-20 19:30",25211.5,25218.75,25197.5,25202,-9.25,-0.04%,2740
"2026-01-20 19:00",25179,25217.5,25179,25211.25,32.25,+0.13%,3454
"2026-01-20 18:30",25157.75,25186,25154,25179,22,+0.09%,3737
"2026-01-20 18:00",25117.25,25158.75,25116.25,25157,40.5,+0.16%,2715
"2026-01-20 17:30",25155,25164.5,25103.5,25116.5,-37.25,-0.15%,2989
"2026-01-20 17:00",25149.5,25175.25,25137.25,25153.75,11,+0.04%,2861
"2026-01-20 15:30",25143.25,25145.75,25122.5,25142.75,-1.25,0.00%,4018
"2026-01-20 15:00",25142.5,25167.25,25127.25,25144,1,0.00%,15111
"2026-01-20 14:30",25129.25,25143.75,25098,25143,13.5,+0.05%,50125
"2026-01-20 14:00",25169.25,25169.75,25116,25129.5,-39.75,-0.16%,30537
"2026-01-20 13:30",25161,25179.25,25128,25169.25,8,+0.03%,28227
"2026-01-20 13:00",25199,25225,25149.25,25161.25,-38.,-0.15%,24186
"2026-01-20 12:30",25247.5,25256,25170.5,25199.25,-48.5,-0.19%,29243
"2026-01-20 12:00",25293,25311.25,25244,25247.75,-45.,-0.18%,17539
"2026-01-20 11:30",25339,25339,25257.5,25292.75,-46.5,-0.18%,30707
"2026-01-20 11:00",25398.75,25406.75,25326.75,25339.25,-59.25,-0.23%,26490
"2026-01-20 10:30",25404.25,25429.75,25335.75,25398.5,-5.75,-0.02%,36854
"2026-01-20 10:00",25363,25428.25,25333.75,25404.25,41.5,+0.16%,38019
"2026-01-20 09:30",25361.75,25417,25313.25,25362.75,1.5,+0.01%,45843
"2026-01-20 09:00",25322,25363.5,25254.75,25361.25,36.5,+0.14%,49476
"2026-01-20 08:30",25243.5,25368.5,25233.75,25324.75,82,+0.32%,94386
"2026-01-20 08:00",25211.75,25253.25,25201.5,25242.75,30.25,+0.12%,13007
"2026-01-20 07:30",25248.5,25251,25181,25212.5,-34.75,-0.14%,17867
"2026-01-20 07:00",25258,25277.25,25223,25247.25,-9.5,-0.04%,8750
"2026-01-20 06:30",25233.5,25283.75,25226.75,25256.75,22.5,+0.09%,6558
"2026-01-20 06:00",25204.75,25255.5,25191.75,25234.25,28.75,+0.11%,7495
"2026-01-20 05:30",25200.5,25221,25175.25,25205.5,4.25,+0.02%,3575
"2026-01-20 05:00",25174.75,25228,25172.75,25201.25,25.25,+0.10%,4809
"2026-01-20 04:30",25196.5,25204,25166.25,25176,-19.5,-0.08%,3779
"2026-01-20 04:00",25134.5,25207.5,25109.5,25195.5,61.25,+0.24%,6062
"2026-01-20 03:30",25143.25,25144.5,25095.25,25134.25,-9.25,-0.04%,8579
"2026-01-20 03:00",25201.75,25220.25,25130,25143.5,-57.5,-0.23%,9347
"2026-01-20 02:30",25235.75,25235.75,25166.75,25201,-36.25,-0.14%,8981
"2026-01-20 02:00",25284,25288.25,25225.25,25237.25,-47.,-0.19%,8309
"2026-01-20 01:30",25296.25,25301.25,25257.25,25284.25,-13.,-0.05%,3131
"2026-01-20 01:00",25311,25320.5,25256.75,25297.25,-13.25,-0.05%,5193
"2026-01-20 00:30",25303.5,25315.5,25260,25310.5,7.75,+0.03%,6302
"2026-01-20 00:00",25382.5,25390.5,25293.75,25302.75,-80.75,-0.32%,5073
"2026-01-19 23:30",25408,25412.5,25380.25,25383.5,-23.,-0.09%,1841
"2026-01-19 23:00",25379.75,25412,25367.25,25406.5,25.75,+0.10%,2160
"2026-01-19 22:30",25402.75,25410.25,25370,25380.75,-22.25,-0.09%,1836
"2026-01-19 22:00",25409,25412,25391.75,25403,-7.,-0.03%,1463
"2026-01-19 21:30",25417.25,25420.75,25402.5,25410,-8.25,-0.03%,1702
"2026-01-19 21:00",25424.75,25431.5,25413,25418.25,-6.25,-0.02%,1822
"2026-01-19 20:30",25409,25439.75,25409,25424.5,18.5,+0.07%,2347
"2026-01-19 20:00",25420,25435.5,25391.5,25406,-14.25,-0.06%,2698
"2026-01-19 19:30",25419.75,25432.5,25412.75,25420.25,-0.5,0.00%,2213
"2026-01-19 19:00",25362.25,25423.25,25362.25,25420.75,59.5,+0.23%,4942
"2026-01-19 18:30",25332.5,25404.25,25329.25,25361.25,28.75,+0.11%,3877
"2026-01-19 18:00",25379,25381.25,25323.75,25332.5,-45.5,-0.18%,3732
"2026-01-19 17:30",25388.75,25401.5,25372.75,25378,-10.,-0.04%,1568
"2026-01-19 17:00",25394.75,25405,25367.25,25388,-10.25,-0.04%,3244
"2026-01-19 11:30",25409,25417.25,25393.5,25398.25,-10.25,-0.04%,4253
"2026-01-19 11:00",25378.5,25411.5,25372,25408.5,30.25,+0.12%,6055
"2026-01-19 10:30",25335.75,25383.5,25334.25,25378.25,41.75,+0.16%,7414
"2026-01-19 10:00",25327.75,25383.5,25321,25336.5,9,+0.04%,12790
"2026-01-19 09:30",25319,25334.25,25299,25327.5,9.25,+0.04%,9215
"2026-01-19 09:00",25316,25344,25287,25318.25,2.25,+0.01%,11733
"2026-01-19 08:30",25291.25,25317.75,25236.5,25316,23,+0.09%,15268
"2026-01-19 08:00",25318.5,25347.75,25281.5,25293,-28.5,-0.11%,6529
"2026-01-19 07:30",25299,25333.75,25290.5,25321.5,21.5,+0.08%,3278
"2026-01-19 07:00",25329,25344,25283.75,25300,-29.,-0.11%,4126
"2026-01-19 06:30",25304,25348.5,25294.25,25329,25.25,+0.10%,3501
"2026-01-19 06:00",25290.25,25308.5,25271,25303.75,12.5,+0.05%,2480
"2026-01-19 05:30",25314,25317.75,25279.75,25291.25,-22.25,-0.09%,2296
"2026-01-19 05:00",25269,25314.5,25264.5,25313.5,43.5,+0.17%,2794
"2026-01-19 04:30",25305.75,25309,25265.25,25270,-36.25,-0.14%,2542
"2026-01-19 04:00",25280.25,25312.5,25257.75,25306.25,25.5,+0.10%,3465
"2026-01-19 03:30",25324,25335.75,25262,25280.75,-44.,-0.17%,5461
"2026-01-19 03:00",25391.75,25396,25299.5,25324.75,-66.25,-0.26%,5111
"2026-01-19 02:30",25382.25,25410.75,25373.25,25391,8.75,+0.03%,2132
"2026-01-19 02:00",25352.75,25406.25,25348,25382.25,30.5,+0.12%,5020
"2026-01-19 01:30",25360,25369.25,25325.75,25351.75,-8.,-0.03%,4005
"2026-01-19 01:00",25384.75,25392.5,25350,25359.75,-25.,-0.10%,4000
"2026-01-19 00:30",25401,25414.25,25381,25384.75,-16.5,-0.06%,1876
"2026-01-19 00:00",25393.25,25410.5,25390.5,25401.25,8,+0.03%,1131
"2026-01-18 23:30",25415.25,25419,25393,25393.25,-21.75,-0.09%,1265
"2026-01-18 23:00",25380,25415.75,25371,25415,35.25,+0.14%,1847
"2026-01-18 22:30",25389.25,25395,25374.75,25379.75,-9.,-0.04%,806
"2026-01-18 22:00",25388.25,25392.5,25371.75,25388.75,1.75,+0.01%,1057
"2026-01-18 21:30",25381.5,25395,25363,25387,5.75,+0.02%,2353
"2026-01-18 21:00",25415.75,25418.25,25368,25381.25,-36.25,-0.14%,2477
"2026-01-18 20:30",25412,25419.5,25407.5,25417.5,6.5,+0.03%,1099
"2026-01-18 20:00",25399.25,25424.75,25392,25411,13.25,+0.05%,2420
"2026-01-18 19:30",25408.75,25422.75,25386.5,25397.75,-9.,-0.04%,3171
"2026-01-18 19:00",25428.75,25452,25399,25406.75,-20.75,-0.08%,3579
"2026-01-18 18:30",25388,25448.75,25373.25,25427.5,41.25,+0.16%,4374
"2026-01-18 18:00",25466.25,25470,25378.75,25386.25,-80.5,-0.32%,5715
"2026-01-18 17:30",25440,25468.75,25421.75,25466.75,26.25,+0.10%,3340
"2026-01-18 17:00",25471,25472,25396,25440.5,-240.75,-0.94%,8551
"2026-01-16 15:30",25686,25689.75,25680,25681.25,-5.,-0.02%,2355
"2026-01-16 15:00",25684.25,25702.25,25671,25686.25,1.75,+0.01%,12024
"2026-01-16 14:30",25711.25,25722.5,25681.5,25684.5,-27.,-0.11%,42718
"2026-01-16 14:00",25715.75,25729.5,25704,25711.5,-4.75,-0.02%,12921
"2026-01-16 13:30",25681.75,25729.25,25678.75,25716.25,35,+0.14%,15897
"2026-01-16 13:00",25716.25,25748,25672.75,25681.25,-35.25,-0.14%,22707
"2026-01-16 12:30",25719.5,25732.25,25709.75,25716.5,-3.,-0.01%,9680
"2026-01-16 12:00",25660.75,25729.25,25654,25719.5,59.5,+0.23%,18811
"2026-01-16 11:30",25700.5,25713.5,25657.75,25660,-41.5,-0.16%,18698
"2026-01-16 11:00",25716.5,25721.5,25695.25,25701.5,-15.,-0.06%,16619
"2026-01-16 10:30",25717,25752.75,25686.5,25716.5,0.25,0.00%,29390
"2026-01-16 10:00",25680.25,25719.75,25661,25716.25,35.75,+0.14%,27645
"2026-01-16 09:30",25668.75,25682.25,25591.5,25680.5,12.25,+0.05%,51883
"2026-01-16 09:00",25729,25765.5,25663.75,25668.25,-60.25,-0.23%,56088
"2026-01-16 08:30",25868,25891,25726.25,25728.5,-140.,-0.54%,67561
"2026-01-16 08:00",25826,25878,25823,25868.5,42,+0.16%,15009
"2026-01-16 07:30",25823.25,25838.5,25808.75,25826.5,2.25,+0.01%,5683
"2026-01-16 07:00",25830.25,25834.25,25802,25824.25,-6.75,-0.03%,4532
"2026-01-16 06:30",25834,25853,25805.75,25831,-3.,-0.01%,4600
"2026-01-16 06:00",25832.75,25843.75,25820.75,25834,0.75,0.00%,2435
"2026-01-16 05:30",25867.75,25868.5,25825.75,25833.25,-34.25,-0.13%,2369
"2026-01-16 05:00",25855.5,25873.25,25847,25867.5,12.5,+0.05%,2096
"2026-01-16 04:30",25837.5,25864.25,25837,25855,18.25,+0.07%,2669
"2026-01-16 04:00",25815.5,25841.75,25810.25,25836.75,21.25,+0.08%,1921
"2026-01-16 03:30",25839.75,25842.5,25813.75,25815.5,-24.,-0.09%,1507
"2026-01-16 03:00",25816.25,25840.75,25810,25839.5,22.25,+0.09%,2178
"2026-01-16 02:30",25817.5,25834.25,25795.5,25817.25,0,0.00%,3002
"2026-01-16 02:00",25823.5,25845.25,25813.25,25817.25,-7.25,-0.03%,2580
"2026-01-16 01:30",25822.75,25838,25807.5,25824.5,2,+0.01%,1840
"2026-01-16 01:00",25823.75,25829.75,25815.25,25822.5,-0.5,0.00%,1189
"2026-01-16 00:30",25812.5,25827,25809.5,25823,10.25,+0.04%,1213
"2026-01-16 00:00",25808,25821,25803.25,25812.75,5,+0.02%,1206
"2026-01-15 23:30",25818.25,25820.25,25804.25,25807.75,-10.5,-0.04%,1092
"2026-01-15 23:00",25810,25820.25,25803,25818.25,8.75,+0.03%,1307
"2026-01-15 22:30",25801.75,25811,25795.75,25809.5,7,+0.03%,767
"2026-01-15 22:00",25787.25,25810,25784.75,25802.5,16,+0.06%,1201
"2026-01-15 21:30",25789.5,25795.75,25784,25786.5,-3.75,-0.01%,867
"2026-01-15 21:00",25787.75,25800,25785.5,25790.25,3,+0.01%,967
"2026-01-15 20:30",25788.5,25797,25786.5,25787.25,-2.25,-0.01%,1436
"2026-01-15 20:00",25769.75,25789.5,25762.5,25789.5,20,+0.08%,1701
"2026-01-15 19:30",25760,25783.25,25759.5,25769.5,9,+0.03%,2182
"2026-01-15 19:00",25760,25776.5,25748.5,25760.5,-0.25,0.00%,2772
"2026-01-15 18:30",25749.5,25762.25,25747,25760.75,11.25,+0.04%,1337
"2026-01-15 18:00",25741,25754,25731,25749.5,8,+0.03%,1893
"2026-01-15 17:30",25732.5,25750.75,25722.25,25741.5,9.25,+0.04%,1586
"2026-01-15 17:00",25720.5,25733.75,25704.25,25732.25,25.25,+0.10%,2142
"2026-01-15 15:30",25699.5,25709.5,25695,25707,7.25,+0.03%,2500
"2026-01-15 15:00",25719,25727.25,25693.75,25699.75,-19.25,-0.07%,10994
"2026-01-15 14:30",25719,25726.25,25676.5,25719,0.25,0.00%,42345
"2026-01-15 14:00",25756,25771.75,25690.5,25718.75,-38.75,-0.15%,35621
"2026-01-15 13:30",25799,25804.75,25746.25,25757.5,-42.5,-0.16%,37233
"2026-01-15 13:00",25885,25885,25791,25800,-86.,-0.33%,30130
"2026-01-15 12:30",25896.5,25911,25878,25886,-11.25,-0.04%,14408
"2026-01-15 12:00",25853.25,25898.25,25848.75,25897.25,43.75,+0.17%,16364
"2026-01-15 11:30",25881,25894.75,25849.25,25853.5,-27.,-0.10%,20623
"2026-01-15 11:00",25924.5,25938,25877.5,25880.5,-44.25,-0.17%,18859
"2026-01-15 10:30",25904.75,25937.25,25882,25924.75,19.75,+0.08%,23363
"2026-01-15 10:00",25884.5,25932,25877.25,25905,20.75,+0.08%,29418
"2026-01-15 09:30",25863,25925.75,25803.25,25884.25,21.5,+0.08%,50951
"2026-01-15 09:00",25863.5,25915.75,25841.5,25862.75,-1.25,0.00%,42757
"2026-01-15 08:30",25925,25952.75,25843,25864,-60.75,-0.23%,85472
"2026-01-15 08:00",25893.75,25951,25891.25,25924.75,31,+0.12%,16054
"2026-01-15 07:30",25868.25,25916.75,25855.5,25893.75,25,+0.10%,10643
"2026-01-15 07:00",25852,25873.5,25834,25868.75,16,+0.06%,5536
"2026-01-15 06:30",25830.75,25854.25,25811.25,25852.75,22,+0.09%,4252
"2026-01-15 06:00",25841.25,25844.5,25815.75,25830.75,-11.75,-0.05%,4143
"2026-01-15 05:30",25833.25,25855.75,25830,25842.5,9.25,+0.04%,2567
"2026-01-15 05:00",25817.75,25848,25816.25,25833.25,16.25,+0.06%,3393
"2026-01-15 04:30",25813.5,25828.25,25809,25817,4,+0.02%,1730
"2026-01-15 04:00",25812.25,25830.25,25800,25813,0.25,0.00%,3348
"2026-01-15 03:30",25804.5,25832.75,25804,25812.75,9,+0.03%,5270
"2026-01-15 03:00",25737.5,25808.25,25733.25,25803.75,65.5,+0.25%,6296
"2026-01-15 02:30",25712.25,25742,25710.25,25738.25,24.75,+0.10%,2681
"2026-01-15 02:00",25689,25747.25,25673.75,25713.5,24.5,+0.10%,6474
"2026-01-15 01:30",25683.75,25702.5,25677.75,25689,5.25,+0.02%,2782
"2026-01-15 01:00",25700.5,25708,25678.5,25683.75,-17.,-0.07%,2551
"2026-01-15 00:30",25699.5,25723,25685.5,25700.75,1.5,+0.01%,3507
"2026-01-15 00:00",25622,25719.25,25611.25,25699.25,76.5,+0.30%,7181
"2026-01-14 23:30",25611.5,25647.5,25608.75,25622.75,12,+0.05%,3604
"2026-01-14 23:00",25578,25619.5,25576.5,25610.75,32.5,+0.13%,2649
"2026-01-14 22:30",25591,25593,25569.5,25578.25,-12.,-0.05%,1581
"2026-01-14 22:00",25581.5,25599.75,25577.5,25590.25,8.75,+0.03%,1938
"2026-01-14 21:30",25597,25615.5,25579.5,25581.5,-16.25,-0.06%,2113
"2026-01-14 21:00",25609.75,25627.25,25596,25597.75,-11.25,-0.04%,1505
"2026-01-14 20:30",25607.75,25617.25,25595.75,25609,2,+0.01%,1229
"2026-01-14 20:00",25630.25,25634.25,25605.5,25607,-22.75,-0.09%,1914
"2026-01-14 19:30",25614.75,25632.5,25562.5,25629.75,15.25,+0.06%,4419
"2026-01-14 19:00",25602.5,25643,25601.5,25614.5,11.25,+0.04%,3809
"2026-01-14 18:30",25594,25610.75,25586,25603.25,10,+0.04%,1753
"2026-01-14 18:00",25605,25610,25587.25,25593.25,-12.,-0.05%,2023
"2026-01-14 17:30",25597.25,25610.75,25586.25,25605.25,9.75,+0.04%,2061
"2026-01-14 17:00",25593,25615.25,25563.5,25595.5,-16.5,-0.06%,3296
"2026-01-14 15:30",25621.5,25629,25553.25,25612,-9.5,-0.04%,6001
"2026-01-14 15:00",25637,25659,25615.25,25621.5,-15.,-0.06%,14731
"2026-01-14 14:30",25564.5,25644.25,25563.25,25636.5,71.75,+0.28%,54690
"2026-01-14 14:00",25500,25594,25460.5,25564.75,64.25,+0.25%,39007
"2026-01-14 13:30",25513.25,25534,25492.75,25500.5,-13.,-0.05%,16698
"2026-01-14 13:00",25515.25,25524.75,25486,25513.5,-1.5,-0.01%,18756
"2026-01-14 12:30",25497.5,25526,25420.75,25515,18,+0.07%,30000
"2026-01-14 12:00",25449.75,25500,25444.75,25497,47.25,+0.19%,19797
"2026-01-14 11:30",25493.25,25509,25433.25,25449.75,-43.5,-0.17%,26756
"2026-01-14 11:00",25459.5,25505.75,25435.5,25493.25,33,+0.13%,29138
"2026-01-14 10:30",25578.75,25592.25,25440,25460.25,-118.5,-0.46%,39976
"2026-01-14 10:00",25491.75,25589.5,25486.75,25578.75,86.75,+0.34%,33011
"2026-01-14 09:30",25612.5,25634.25,25469.5,25492,-121.,-0.47%,57911
"2026-01-14 09:00",25586.25,25693.5,25530.5,25613,28,+0.11%,69488
"2026-01-14 08:30",25739.75,25790.25,25582,25585,-155.5,-0.60%,92741
"2026-01-14 08:00",25754.25,25772.75,25733.5,25740.5,-14.25,-0.06%,9909
"2026-01-14 07:30",25797.5,25805.5,25732.5,25754.75,-42.75,-0.17%,9491
"2026-01-14 07:00",25779,25798,25752,25797.5,17.75,+0.07%,5532
"2026-01-14 06:30",25773.75,25784.5,25769.25,25779.75,5,+0.02%,2372
"2026-01-14 06:00",25743,25780,25701.25,25774.75,31.75,+0.12%,5403
"2026-01-14 05:30",25760,25769.25,25739,25743,-15.5,-0.06%,2498
"2026-01-14 05:00",25737.75,25766.5,25714.25,25758.5,21,+0.08%,4866
"2026-01-14 04:30",25770.5,25774.5,25712.25,25737.5,-33.,-0.13%,6813
"2026-01-14 04:00",25852.75,25852.75,25756.25,25770.5,-81.5,-0.32%,5859
"2026-01-14 03:30",25865.75,25869.75,25835.75,25852,-12.25,-0.05%,1778
"2026-01-14 03:00",25858.5,25879,25854.5,25864.25,6.25,+0.02%,2048
"2026-01-14 02:30",25865,25865.75,25840.25,25858,-6.75,-0.03%,1810
"2026-01-14 02:00",25862.25,25876,25851.75,25864.75,2,+0.01%,1898
"2026-01-14 01:30",25859.75,25871.75,25855.25,25862.75,3,+0.01%,939
"2026-01-14 01:00",25861.25,25866.25,25848.75,25859.75,0.25,0.00%,1225
"2026-01-14 00:30",25851.25,25863.75,25835.5,25859.5,9.5,+0.04%,2037
"2026-01-14 00:00",25856.5,25859,25839,25850,-6.25,-0.02%,1587
"2026-01-13 23:30",25864.5,25875,25852.75,25856.25,-8.25,-0.03%,1379
"2026-01-13 23:00",25881.5,25883.25,25860.25,25864.5,-17.5,-0.07%,1534
"2026-01-13 22:30",25900.75,25900.75,25873.25,25882,-18.75,-0.07%,1267
"2026-01-13 22:00",25914.75,25919.25,25895.5,25900.75,-14.25,-0.05%,1172
"2026-01-13 21:30",25916.5,25925.75,25913.75,25915,-1.75,-0.01%,1101
"2026-01-13 21:00",25893,25920,25890,25916.75,22.75,+0.09%,1474
"2026-01-13 20:30",25895.75,25896,25886.5,25894,-1.,0.00%,498
"2026-01-13 20:00",25885.5,25898.75,25876,25895,8.5,+0.03%,1413
"2026-01-13 19:30",25920.25,25923,25879,25886.5,-34.5,-0.13%,2066
"2026-01-13 19:00",25906.75,25924.5,25899,25921,13.75,+0.05%,1744
"2026-01-13 18:30",25923.25,25924.75,25906.5,25907.25,-14.75,-0.06%,1104
"2026-01-13 18:00",25891,25923.25,25882.5,25922,31,+0.12%,2317
"2026-01-13 17:30",25891.25,25902.5,25888.75,25891,-0.75,0.00%,835
"2026-01-13 17:00",25900.75,25913.75,25886.5,25891.75,-6.5,-0.03%,1963
"2026-01-13 15:30",25914.25,25914.25,25896,25898.25,-16.,-0.06%,1887
"2026-01-13 15:00",25904.25,25926.5,25903.75,25914.25,10.5,+0.04%,11715
"2026-01-13 14:30",25827.25,25912,25803.25,25903.75,76.25,+0.30%,35681
"2026-01-13 14:00",25866,25866.5,25825,25827.5,-38.75,-0.15%,15759
"2026-01-13 13:30",25865.5,25885.25,25844.25,25866.25,0.25,0.00%,17746
"2026-01-13 13:00",25840.25,25871.25,25821.25,25866,26.25,+0.10%,24717
"2026-01-13 12:30",25873.75,25904,25833.75,25839.75,-34.25,-0.13%,21389
"2026-01-13 12:00",25876.5,25910.75,25851.5,25874,-3.25,-0.01%,26109
"2026-01-13 11:30",25966.5,25978.75,25857.75,25877.25,-89.,-0.34%,32906
"2026-01-13 11:00",26008.75,26018.25,25944,25966.25,-42.25,-0.16%,25334
"2026-01-13 10:30",25904.5,26025.75,25893.75,26008.5,103,+0.40%,35240
"2026-01-13 10:00",25894.5,25924.5,25847.25,25905.5,11,+0.04%,31165
"2026-01-13 09:30",25841.75,25904.75,25809.25,25894.5,51.75,+0.20%,46561
"2026-01-13 09:00",25947.25,25969.75,25812,25842.75,-106.,-0.41%,58023
"2026-01-13 08:30",25950.5,26042.75,25930.75,25948.75,-1.5,-0.01%,75176
"2026-01-13 08:00",25970.25,26000.5,25948,25950.25,-21.,-0.08%,10901
"2026-01-13 07:30",25912,26045.5,25905.5,25971.25,59.5,+0.23%,24401
"2026-01-13 07:00",25895.25,25912,25887,25911.75,16.5,+0.06%,3528
"2026-01-13 06:30",25915,25918.75,25888.25,25895.25,-20.25,-0.08%,2771
"2026-01-13 06:00",25901.25,25918.25,25888.5,25915.5,15,+0.06%,2207
"2026-01-13 05:30",25889.75,25900.75,25870.5,25900.5,12,+0.05%,2866
"2026-01-13 05:00",25878.5,25895.75,25876.5,25888.5,10.5,+0.04%,1613
"2026-01-13 04:30",25881.5,25896,25875.75,25878,-3.5,-0.01%,1493
"2026-01-13 04:00",25908.75,25914.25,25871.75,25881.5,-28.25,-0.11%,2522
"2026-01-13 03:30",25923.25,25927.75,25893.5,25909.75,-14.,-0.05%,1911
"2026-01-13 03:00",25907,25936.75,25907,25923.75,17.5,+0.07%,2339
"2026-01-13 02:30",25919.5,25923.5,25895.5,25906.25,-11.75,-0.05%,2051
"2026-01-13 02:00",25917.25,25924.25,25901,25918,0.75,0.00%,2325
"2026-01-13 01:30",25914,25923.75,25909.25,25917.25,1.25,0.00%,870
"2026-01-13 01:00",25916.25,25925.25,25906.5,25916,-1.,0.00%,1606
"2026-01-13 00:30",25918.25,25932.75,25910.75,25917,-0.5,0.00%,1573
"2026-01-13 00:00",25902,25921,25900.75,25917.5,16,+0.06%,1519
"2026-01-12 23:30",25905.5,25907.25,25883.75,25901.5,-3.75,-0.01%,1415
"2026-01-12 23:00",25884.5,25906,25877.5,25905.25,20.25,+0.08%,1279
"2026-01-12 22:30",25884.5,25890.75,25869,25885,0.75,0.00%,1179
"2026-01-12 22:00",25883.5,25891.75,25875,25884.25,2,+0.01%,1118
"2026-01-12 21:30",25885.5,25886.75,25861.5,25882.25,-3.5,-0.01%,1684
"2026-01-12 21:00",25877.75,25892.25,25867,25885.75,7.5,+0.03%,1392
"2026-01-12 20:30",25878.75,25892.25,25874.25,25878.25,-1.5,-0.01%,1328
"2026-01-12 20:00",25879.75,25897.75,25875.5,25879.75,1,0.00%,2498
"2026-01-12 19:30",25873,25891.25,25845.75,25878.75,6.25,+0.02%,4349
"2026-01-12 19:00",25875,25881.75,25870.25,25872.5,-2.75,-0.01%,1815
"2026-01-12 18:30",25884,25888.5,25871.5,25875.25,-9.25,-0.04%,2330
"2026-01-12 18:00",25895.25,25898.25,25882,25884.5,-11.,-0.04%,2676
"2026-01-12 17:30",25928,25932,25893.5,25895.5,-32.5,-0.13%,3117
"2026-01-12 17:00",25953.5,25954,25913.25,25928,-14.25,-0.05%,2714
"2026-01-12 15:30",25971,25971.5,25932.75,25942.25,-28.75,-0.11%,3849
"2026-01-12 15:00",25952.25,25974,25948.5,25971,18.75,+0.07%,8527
"2026-01-12 14:30",25991,25995.5,25950.5,25952.25,-40.,-0.15%,30366
"2026-01-12 14:00",26015,26020.5,25986,25992.25,-22.5,-0.09%,14101
"2026-01-12 13:30",25996.25,26016.5,25995.25,26014.75,18.75,+0.07%,13568
"2026-01-12 13:00",25978.5,26002.25,25962,25996,17.5,+0.07%,13130
"2026-01-12 12:30",25991,25993.5,25974,25978.5,-12.5,-0.05%,9581
"2026-01-12 12:00",25968.5,25997.5,25965,25991,23,+0.09%,16352
"2026-01-12 11:30",25962.25,25972.75,25938.25,25968,5,+0.02%,11653
"2026-01-12 11:00",25961,25974,25949.25,25963,2,+0.01%,15273
"2026-01-12 10:30",25941.75,25969.5,25922,25961,19.5,+0.08%,22567
"2026-01-12 10:00",25915.5,25960,25901,25941.5,26,+0.10%,24264
"2026-01-12 09:30",25921.75,25922.5,25863.75,25915.5,-6.,-0.02%,30212
"2026-01-12 09:00",25901.25,25933.5,25867.5,25921.5,20.5,+0.08%,39978
"2026-01-12 08:30",25746.25,25924,25743.5,25901,155,+0.60%,74323
"2026-01-12 08:00",25743.75,25754.25,25719.75,25746,2.5,+0.01%,9466
"2026-01-12 07:30",25754,25760,25737,25743.5,-11.,-0.04%,4486
"2026-01-12 07:00",25752.5,25763,25728.25,25754.5,1.75,+0.01%,5256
"2026-01-12 06:30",25729,25761.5,25728.25,25752.75,23.75,+0.09%,4773
"2026-01-12 06:00",25718.5,25741.75,25713.5,25729,10.25,+0.04%,3540
"2026-01-12 05:30",25718.25,25724.5,25710,25718.75,0,0.00%,1623
"2026-01-12 05:00",25707.5,25733,25705.25,25718.75,11.5,+0.04%,3203
"2026-01-12 04:30",25705.25,25723,25702,25707.25,3,+0.01%,2768
"2026-01-12 04:00",25698.5,25707,25686.25,25704.25,6.25,+0.02%,1951
"2026-01-12 03:30",25679.75,25706.5,25666,25698,18.5,+0.07%,3240
"2026-01-12 03:00",25660,25701,25660,25679.5,19,+0.07%,4565
"2026-01-12 02:30",25677,25677.25,25632.75,25660.5,-16.25,-0.06%,6049
"2026-01-12 02:00",25731.75,25750,25659.25,25676.75,-54.75,-0.21%,7677
"2026-01-12 01:30",25733.5,25736,25723.25,25731.5,-2.,-0.01%,1477
"2026-01-12 01:00",25718,25746.25,25715.75,25733.5,16.75,+0.07%,2599
"2026-01-12 00:30",25710.25,25721.5,25705.5,25716.75,5.75,+0.02%,1106
"2026-01-12 00:00",25699.75,25726,25696.75,25711,12.25,+0.05%,2092
"2026-01-11 23:30",25702.25,25702.25,25676.25,25698.75,-4.,-0.02%,3545
"2026-01-11 23:00",25727,25742.5,25693.25,25702.75,-24.25,-0.09%,2814
"2026-01-11 22:30",25728.25,25738,25722.5,25727,-1.75,-0.01%,1364
"2026-01-11 22:00",25738.25,25739.5,25715,25728.75,-9.,-0.03%,1672
"2026-01-11 21:30",25745.25,25753.25,25710.25,25737.75,-7.5,-0.03%,3909
"2026-01-11 21:00",25748.25,25753.25,25738,25745.25,-2.75,-0.01%,1871
"2026-01-11 20:30",25740.5,25764.25,25740,25748,6.5,+0.03%,3124
"2026-01-11 20:00",25777.5,25778.25,25731.5,25741.5,-37.,-0.14%,5644
"2026-01-11 19:30",25756.25,25785,25723.25,25778.5,21.25,+0.08%,5821
"2026-01-11 19:00",25789.75,25797,25748.75,25757.25,-32.25,-0.13%,7621
"2026-01-11 18:30",25861,25862.5,25772.5,25789.5,-72.25,-0.28%,7819
"2026-01-11 18:00",25893.25,25902.75,25855.25,25861.75,-32.5,-0.13%,4080
"2026-01-11 17:30",25902.75,25912,25894,25894.25,-8.25,-0.03%,1703
"2026-01-11 17:00",25949,25960,25870,25902.5,-29.25,-0.11%,4716
"2026-01-09 15:30",25933.5,25934.25,25923.25,25931.75,-2.,-0.01%,3066
"2026-01-09 15:00",25933,25943,25924.25,25933.75,0.5,0.00%,10997
"2026-01-09 14:30",25967.25,25973.25,25930.25,25933.25,-34.25,-0.13%,29501
"2026-01-09 14:00",25954.25,25985.5,25949.5,25967.5,13,+0.05%,14044
"2026-01-09 13:30",25959.25,25972.75,25952.25,25954.5,-4.5,-0.02%,12695
"2026-01-09 13:00",25961.25,25966.75,25948,25959,-2.25,-0.01%,10570
"2026-01-09 12:30",25908.5,25967.75,25906.75,25961.25,53.25,+0.21%,21298
"2026-01-09 12:00",25923.5,25923.5,25882,25908,-15.5,-0.06%,19840
"2026-01-09 11:30",25913,25936,25904,25923.5,10,+0.04%,18971
"2026-01-09 11:00",25909.75,25926.25,25885.5,25913.5,3.25,+0.01%,20421
"2026-01-09 10:30",25864.5,25920.5,25845,25910.25,45.75,+0.18%,27303
"2026-01-09 10:00",25811.75,25901.5,25810.75,25864.5,52.25,+0.20%,34616
"2026-01-09 09:30",25854.5,25879,25761.25,25812.25,-42.,-0.16%,50284
"2026-01-09 09:00",25734,25860.75,25615.5,25854.25,119.5,+0.46%,66676
"2026-01-09 08:30",25714,25790.25,25648.5,25734.75,20.25,+0.08%,75389
"2026-01-09 08:00",25805.25,25824.75,25700,25714.5,-90.25,-0.35%,18932
"2026-01-09 07:30",25742.75,25807.5,25736.5,25804.75,63,+0.24%,13481
"2026-01-09 07:00",25749,25752.5,25726.5,25741.75,-7.,-0.03%,4385
"2026-01-09 06:30",25726.5,25749.25,25712,25748.75,22.25,+0.09%,2582
"2026-01-09 06:00",25740,25753.75,25720.75,25726.5,-14.,-0.05%,2169
"2026-01-09 05:30",25745.25,25767.25,25738,25740.5,-5.,-0.02%,2487
"2026-01-09 05:00",25729,25748.75,25721.25,25745.5,17.75,+0.07%,1756
"2026-01-09 04:30",25730.25,25735.5,25721.75,25727.75,-1.75,-0.01%,1363
"2026-01-09 04:00",25722.5,25738,25717,25729.5,7.75,+0.03%,1712
"2026-01-09 03:30",25696.5,25725.25,25696.5,25721.75,25.5,+0.10%,3020
"2026-01-09 03:00",25674.25,25696.75,25662.75,25696.25,21.75,+0.08%,1627
"2026-01-09 02:30",25690.75,25698.5,25665.25,25674.5,-16.,-0.06%,2486
"2026-01-09 02:00",25673.75,25701.75,25671.5,25690.5,17.75,+0.07%,2550
"2026-01-09 01:30",25657.5,25681.25,25652.25,25672.75,14,+0.05%,1414
"2026-01-09 01:00",25691.5,25691.75,25653.75,25658.75,-31.,-0.12%,1292
"2026-01-09 00:30",25682,25699.25,25681.5,25689.75,8.5,+0.03%,821
"2026-01-09 00:00",25693.25,25702.5,25672.5,25681.25,-12.25,-0.05%,993
"2026-01-08 23:30",25679.75,25695.25,25666.75,25693.5,12.5,+0.05%,1164
"2026-01-08 23:00",25678.25,25689.5,25672.75,25681,3.75,+0.01%,1328
"2026-01-08 22:30",25669.25,25680.75,25665.5,25677.25,7.25,+0.03%,825
"2026-01-08 22:00",25675.25,25680.25,25657,25670,-4.5,-0.02%,1100
"2026-01-08 21:30",25672.75,25684,25666,25674.5,2.25,+0.01%,1047
"2026-01-08 21:00",25682.75,25690.5,25669,25672.25,-11.75,-0.05%,1253
"2026-01-08 20:30",25688,25694,25673.5,25684,-4.,-0.02%,1544
"2026-01-08 20:00",25651.5,25690,25649.5,25688,36.25,+0.14%,2673
"2026-01-08 19:30",25637.75,25654,25627.5,25651.75,14.75,+0.06%,2463
"2026-01-08 19:00",25666.5,25679.25,25630,25637,-29.,-0.11%,2749
"2026-01-08 18:30",25685.5,25695,25664.25,25666,-19.5,-0.08%,2200
"2026-01-08 18:00",25675.25,25695,25672.25,25685.5,9.75,+0.04%,1616
"2026-01-08 17:30",25694.5,25698,25671.75,25675.75,-18.25,-0.07%,1579
"2026-01-08 17:00",25725,25727.25,25692.5,25694,-18.,-0.07%,1956
"2026-01-08 15:30",25695.75,25741.75,25695.75,25712,15.75,+0.06%,4618
"2026-01-08 15:00",25682.75,25701.75,25680.75,25696.25,13.75,+0.05%,8686
"2026-01-08 14:30",25676,25700,25666.75,25682.5,6.25,+0.02%,27968
"2026-01-08 14:00",25633.5,25684,25625.5,25676.25,42,+0.16%,16816
"2026-01-08 13:30",25627.5,25645.75,25613,25634.25,6.75,+0.03%,14886
"2026-01-08 13:00",25631.25,25657.75,25595,25627.5,-4.25,-0.02%,19791
"2026-01-08 12:30",25658.5,25676.25,25624.5,25631.75,-26.5,-0.10%,13801
"2026-01-08 12:00",25681,25684.75,25619.25,25658.25,-22.25,-0.09%,21478
"2026-01-08 11:30",25636,25703.75,25634.5,25680.5,44,+0.17%,16814
"2026-01-08 11:00",25670.75,25680,25627,25636.5,-34.75,-0.14%,18822
"2026-01-08 10:30",25624.5,25679.5,25583.75,25671.25,46.5,+0.18%,30447
"2026-01-08 10:00",25684.25,25686.5,25614.25,25624.75,-59.5,-0.23%,29918
"2026-01-08 09:30",25696.75,25705.25,25611,25684.25,-12.5,-0.05%,44036
"2026-01-08 09:00",25603.75,25713.5,25569,25696.75,93.5,+0.37%,56473
"2026-01-08 08:30",25786.5,25803,25597.25,25603.25,-182.75,-0.71%,94199
"2026-01-08 08:00",25799.5,25811,25773.75,25786,-13.5,-0.05%,7414
"2026-01-08 07:30",25805.25,25818,25786,25799.5,-5.25,-0.02%,4787
"2026-01-08 07:00",25766.5,25810.25,25758,25804.75,37.75,+0.15%,3669
"2026-01-08 06:30",25774,25777,25754.75,25767,-7.25,-0.03%,1967
"2026-01-08 06:00",25770.25,25778,25746.5,25774.25,2.5,+0.01%,3300
"2026-01-08 05:30",25778.25,25786,25738.75,25771.75,-7.25,-0.03%,3688
"2026-01-08 05:00",25772.75,25785.75,25764,25779,6.75,+0.03%,1843
"2026-01-08 04:30",25748,25774.25,25745.75,25772.25,23.75,+0.09%,1674
"2026-01-08 04:00",25769,25770,25744,25748.5,-21.5,-0.08%,1673
"2026-01-08 03:30",25770.25,25773.25,25751,25770,0.5,0.00%,2048
"2026-01-08 03:00",25780.75,25795.5,25762.25,25769.5,-11.,-0.04%,2290
"2026-01-08 02:30",25787.5,25803.5,25777.25,25780.5,-6.75,-0.03%,3221
"2026-01-08 02:00",25749,25787.5,25747.5,25787.25,37.5,+0.15%,3221
"2026-01-08 01:30",25757.75,25779.5,25741.75,25749.75,-9.75,-0.04%,3007
"2026-01-08 01:00",25705.75,25805.25,25680.5,25759.5,53.75,+0.21%,6898
"2026-01-08 00:30",25675.25,25710.25,25672,25705.75,30.75,+0.12%,2785
"2026-01-08 00:00",25738.5,25742.5,25670,25675,-63.25,-0.25%,5355
"2026-01-07 23:30",25763.5,25763.5,25737.25,25738.25,-25.25,-0.10%,1820
"2026-01-07 23:00",25779.25,25784.75,25759,25763.5,-15.,-0.06%,1505
"2026-01-07 22:30",25783.5,25785.75,25772.75,25778.5,-5.5,-0.02%,840
"2026-01-07 22:00",25776.25,25794,25773.75,25784,7.25,+0.03%,1062
"2026-01-07 21:30",25784.75,25790.5,25769.75,25776.75,-7.5,-0.03%,1344
"2026-01-07 21:00",25786.5,25795.25,25777.75,25784.25,-2.,-0.01%,1782
"2026-01-07 20:30",25825.5,25827.5,25774,25786.25,-38.5,-0.15%,3031
"2026-01-07 20:00",25837,25840.5,25820,25824.75,-13.,-0.05%,1487
"2026-01-07 19:30",25837.5,25840.25,25820.75,25837.75,0.75,0.00%,1400
"2026-01-07 19:00",25842,25844.5,25817,25837,-5.5,-0.02%,2263
"2026-01-07 18:30",25810.5,25843.5,25810,25842.5,32,+0.12%,1950
"2026-01-07 18:00",25822.75,25828.25,25805.75,25810.5,-12.25,-0.05%,1659
"2026-01-07 17:30",25830,25835.25,25818.75,25822.75,-7.25,-0.03%,974
"2026-01-07 17:00",25838.75,25849.75,25822.75,25830,-5.75,-0.02%,2677
"2026-01-07 15:30",25830.25,25839.25,25827.25,25835.75,4.75,+0.02%,3203
"2026-01-07 15:00",25835,25836,25820,25831,-4.,-0.02%,9729
"2026-01-07 14:30",25860.25,25862.25,25814.5,25835,-25.75,-0.10%,39264
"2026-01-07 14:00",25902.75,25913.5,25852.5,25860.75,-42.,-0.16%,27413
"2026-01-07 13:30",25899.5,25921.25,25891.75,25902.75,3.5,+0.01%,15290
"2026-01-07 13:00",25956,25956.25,25890,25899.25,-56.25,-0.22%,25509
"2026-01-07 12:30",25930.5,25979,25929,25955.5,25.25,+0.10%,19899
"2026-01-07 12:00",25971,25972,25926,25930.25,-40.75,-0.16%,20899
"2026-01-07 11:30",25984.5,25996.25,25960,25971,-13.25,-0.05%,19437
"2026-01-07 11:00",25969.75,25990,25964.25,25984.25,14,+0.05%,22581
"2026-01-07 10:30",25895.25,25971,25890,25970.25,74.5,+0.29%,32078
"2026-01-07 10:00",25905.5,25929.25,25879.25,25895.75,-9.25,-0.04%,24980
"2026-01-07 09:30",25866,25911.25,25810.75,25905,38.25,+0.15%,41859
"2026-01-07 09:00",25857.25,25875.75,25812.25,25866.75,11.75,+0.05%,39499
"2026-01-07 08:30",25790.75,25880,25771,25855,64.75,+0.25%,58562
"2026-01-07 08:00",25788.25,25791.25,25761.5,25790.25,1.5,+0.01%,8875
"2026-01-07 07:30",25775.75,25793.75,25766,25788.75,13.75,+0.05%,6198
"2026-01-07 07:00",25765,25776,25755.25,25775,8.75,+0.03%,3659
"2026-01-07 06:30",25774,25778,25753,25766.25,-8.25,-0.03%,2868
"2026-01-07 06:00",25768,25782.25,25762.5,25774.5,6.5,+0.03%,2565
"2026-01-07 05:30",25742.25,25768.5,25740.5,25768,26,+0.10%,2498
"2026-01-07 05:00",25740.25,25749.75,25732,25742,2.5,+0.01%,1498
"2026-01-07 04:30",25735.25,25741.5,25727.75,25739.5,4.25,+0.02%,1464
"2026-01-07 04:00",25752.5,25762,25734.25,25735.25,-17.75,-0.07%,1806
"2026-01-07 03:30",25744.25,25757.75,25740.25,25753,8.75,+0.03%,1981
"2026-01-07 03:00",25753.75,25758.75,25727,25744.25,-9.5,-0.04%,4514
"2026-01-07 02:30",25770.75,25775.75,25753.5,25753.75,-16.5,-0.06%,2090
"2026-01-07 02:00",25766,25788,25759.5,25770.25,3.75,+0.01%,2491
"2026-01-07 01:30",25775,25776.25,25765,25766.5,-9.5,-0.04%,913
"2026-01-07 01:00",25768.75,25779.5,25764.75,25776,6.75,+0.03%,1274
"2026-01-07 00:30",25785.5,25792.75,25768.25,25769.25,-16.25,-0.06%,1493
"2026-01-07 00:00",25782.75,25799.75,25782.75,25785.5,2,+0.01%,1343
"2026-01-06 23:30",25785,25794.25,25779,25783.5,-1.,0.00%,1098
"2026-01-06 23:00",25785.75,25790,25775.5,25784.5,-1.25,0.00%,1197
"2026-01-06 22:30",25781.5,25794.75,25780.5,25785.75,4,+0.02%,1170
"2026-01-06 22:00",25800,25804,25781.25,25781.75,-17.75,-0.07%,1928
"2026-01-06 21:30",25817.25,25819.75,25796.75,25799.5,-17.,-0.07%,1376
"2026-01-06 21:00",25807.25,25822,25806,25816.5,10.25,+0.04%,1335
"2026-01-06 20:30",25808.5,25813,25801.75,25806.25,-3.,-0.01%,1253
"2026-01-06 20:00",25815.75,25832.75,25808.5,25809.25,-8.25,-0.03%,1688
"2026-01-06 19:30",25815.75,25829.75,25811.5,25817.5,2,+0.01%,1764
"2026-01-06 19:00",25828.75,25835,25812,25815.5,-14.,-0.05%,1928
"2026-01-06 18:30",25831.5,25838.75,25819,25829.5,-2.,-0.01%,1818
"2026-01-06 18:00",25825.25,25842.25,25820.75,25831.5,6.75,+0.03%,2559
"2026-01-06 17:30",25825,25831,25815.5,25824.75,-0.5,0.00%,1568
"2026-01-06 17:00",25831.25,25844.75,25820,25825.25,-6.,-0.02%,2315
"2026-01-06 15:30",25822.75,25833,25818.5,25831.25,8.5,+0.03%,1960
"2026-01-06 15:00",25813.5,25826.75,25809.75,25822.75,9.25,+0.04%,8443
"2026-01-06 14:30",25810,25837.75,25807.75,25813.5,3,+0.01%,29961
"2026-01-06 14:00",25807.75,25824,25801.25,25810.5,2.75,+0.01%,12027
"2026-01-06 13:30",25809,25821,25806,25807.75,-1.25,0.00%,10908
"2026-01-06 13:00",25805,25814.5,25794,25809,4.25,+0.02%,13630
"2026-01-06 12:30",25759.75,25805.75,25750,25804.75,45.25,+0.18%,18116
"2026-01-06 12:00",25759.75,25780.75,25745,25759.5,-0.75,0.00%,13929
"2026-01-06 11:30",25735.5,25785.5,25734.25,25760.25,25.25,+0.10%,22223
"2026-01-06 11:00",25696,25744,25674.5,25735,39.5,+0.15%,21266
"2026-01-06 10:30",25676.75,25701,25658.75,25695.5,19.25,+0.07%,24543
"2026-01-06 10:00",25687,25707.75,25639.25,25676.25,-11.25,-0.04%,36996
"2026-01-06 09:30",25771.5,25773,25673,25687.5,-84.75,-0.33%,38298
"2026-01-06 09:00",25753,25779,25726.5,25772.25,19.25,+0.07%,39893
"2026-01-06 08:30",25636,25761.25,25608,25753,117.25,+0.46%,76939
"2026-01-06 08:00",25616.75,25638.5,25592.5,25635.75,19.25,+0.08%,8142
"2026-01-06 07:30",25624,25637.25,25590.5,25616.5,-8.5,-0.03%,4921
"2026-01-06 07:00",25640.25,25650.5,25619.75,25625,-16.25,-0.06%,3675
"2026-01-06 06:30",25615.5,25649,25611.5,25641.25,25.25,+0.10%,3141
"2026-01-06 06:00",25596,25617.25,25591.5,25616,19.25,+0.08%,1749
"2026-01-06 05:30",25592.5,25610.25,25590.5,25596.75,4.75,+0.02%,1664
"2026-01-06 05:00",25593.5,25605.25,25590.25,25592,0,0.00%,1445
"2026-01-06 04:30",25578.25,25597,25577,25592,11.75,+0.05%,1146
"2026-01-06 04:00",25585.5,25591.5,25571.75,25580.25,-6.5,-0.03%,1383
"2026-01-06 03:30",25569.5,25608,25564.25,25586.75,14.75,+0.06%,2773
"2026-01-06 03:00",25572.5,25587.5,25557,25572,-0.25,0.00%,2976
"2026-01-06 02:30",25553.75,25578.25,25527.5,25572.25,17.75,+0.07%,4941
"2026-01-06 02:00",25647.5,25647.75,25546.75,25554.5,-92.25,-0.36%,6006
"2026-01-06 01:30",25653,25657.75,25642.25,25646.75,-6.25,-0.02%,908
"2026-01-06 01:00",25669.5,25670,25649.25,25653,-15.25,-0.06%,1005
"2026-01-06 00:30",25661.75,25674.25,25660.5,25668.25,7.25,+0.03%,1067
"2026-01-06 00:00",25643,25668,25641.75,25661,18.25,+0.07%,1520
"2026-01-05 23:30",25647.75,25650.5,25638.5,25642.75,-4.75,-0.02%,744
"2026-01-05 23:00",25647,25653.25,25640.5,25647.5,1.25,0.00%,984
"2026-01-05 22:30",25640.75,25648,25632.5,25646.25,5.75,+0.02%,1924
"2026-01-05 22:00",25620.75,25640.75,25620.5,25640.5,20.25,+0.08%,1338
"2026-01-05 21:30",25623,25627.25,25616,25620.25,-2.,-0.01%,962
"2026-01-05 21:00",25623.75,25629.25,25620.5,25622.25,-1.25,0.00%,930
"2026-01-05 20:30",25604,25625.5,25600.75,25623.5,20,+0.08%,1494
"2026-01-05 20:00",25598,25608,25592.25,25603.5,6,+0.02%,1332
"2026-01-05 19:30",25593.25,25602.75,25590.75,25597.5,3.25,+0.01%,1425
"2026-01-05 19:00",25563.5,25598.5,25555.25,25594.25,31,+0.12%,2473
"2026-01-05 18:30",25571.75,25574.25,25552.25,25563.25,-9.,-0.04%,1690
"2026-01-05 18:00",25566,25582.25,25554.25,25572.25,6.75,+0.03%,2397
"2026-01-05 17:30",25587.75,25588,25560.75,25565.5,-22.,-0.09%,2080
"2026-01-05 17:00",25583,25598.75,25577.75,25587.5,9.25,+0.04%,1801
"2026-01-05 15:30",25585.25,25588.5,25576.25,25578.25,-6.25,-0.02%,1571
"2026-01-05 15:00",25587,25590.75,25573.25,25584.5,-2.25,-0.01%,7749
"2026-01-05 14:30",25600.5,25613,25566,25586.75,-13.75,-0.05%,29264
"2026-01-05 14:00",25577,25605.25,25565,25600.5,23,+0.09%,13607
"2026-01-05 13:30",25585.5,25591.25,25549.5,25577.5,-8.,-0.03%,19121
"2026-01-05 13:00",25612.75,25618.75,25584,25585.5,-27.25,-0.11%,11653
"2026-01-05 12:30",25605.25,25625.5,25589,25612.75,7.5,+0.03%,13390
"2026-01-05 12:00",25627,25632.25,25557,25605.25,-21.5,-0.08%,23242
"2026-01-05 11:30",25629.5,25635,25607.5,25626.75,-2.5,-0.01%,17439
"2026-01-05 11:00",25659,25673.5,25615.25,25629.25,-29.,-0.11%,24163
"2026-01-05 10:30",25683.25,25708,25657,25658.25,-25.25,-0.10%,21891
"2026-01-05 10:00",25665.25,25696.75,25651.25,25683.5,18.5,+0.07%,22950
"2026-01-05 09:30",25674.25,25690.5,25637,25665,-8.,-0.03%,29251
"2026-01-05 09:00",25593.25,25683.75,25566,25673,73.25,+0.29%,42745
"2026-01-05 08:30",25642.5,25672.5,25538.5,25599.75,-43.,-0.17%,86447
"2026-01-05 08:00",25576,25647,25575.5,25642.75,66.75,+0.26%,13610
"2026-01-05 07:30",25537.75,25592.75,25537.75,25576,38.5,+0.15%,5888
"2026-01-05 07:00",25558.25,25572.25,25520.25,25537.5,-19.75,-0.08%,4591
"2026-01-05 06:30",25560,25572.25,25544.5,25557.25,-2.25,-0.01%,2681
"2026-01-05 06:00",25567.5,25588.25,25557.5,25559.5,-8.,-0.03%,2419
"2026-01-05 05:30",25548.25,25577,25548,25567.5,19,+0.07%,2067
"2026-01-05 05:00",25554.25,25567.75,25544,25548.5,-5.25,-0.02%,1762
"2026-01-05 04:30",25544.5,25559,25534,25553.75,9.5,+0.04%,1760
"2026-01-05 04:00",25512.25,25555,25511.25,25544.25,32.25,+0.13%,2147
"2026-01-05 03:30",25498,25524.5,25496,25512,12.5,+0.05%,1731
"2026-01-05 03:00",25511.25,25532.25,25495.75,25499.5,-12.5,-0.05%,2481
"2026-01-05 02:30",25536.5,25544.75,25507.5,25512,-25.5,-0.10%,2586
"2026-01-05 02:00",25478,25556.75,25467.75,25537.5,59.5,+0.23%,5078
"2026-01-05 01:30",25470.25,25483.5,25455,25478,6.75,+0.03%,1690
"2026-01-05 01:00",25506.25,25509,25460.25,25471.25,-35.,-0.14%,1993
"2026-01-05 00:30",25479.75,25507.25,25468.75,25506.25,27,+0.11%,1593
"2026-01-05 00:00",25494.5,25504.25,25478,25479.25,-16.,-0.06%,1672
"2026-01-04 23:30",25479.75,25497,25475.25,25495.25,16.25,+0.06%,1270
"2026-01-04 23:00",25488,25488.5,25465.5,25479,-8.5,-0.03%,1402
"2026-01-04 22:30",25462.25,25491.75,25461,25487.5,25,+0.10%,1453
"2026-01-04 22:00",25463.75,25472.5,25457.75,25462.5,-1.5,-0.01%,948
"2026-01-04 21:30",25473.5,25473.75,25457.5,25464,-10.75,-0.04%,1029
"2026-01-04 21:00",25474.25,25482.75,25467.25,25474.75,0.75,0.00%,1201
"2026-01-04 20:30",25466.75,25480,25452.25,25474,7.75,+0.03%,1608
"2026-01-04 20:00",25459.25,25483.25,25459,25466.25,8,+0.03%,1692
"2026-01-04 19:30",25468.5,25486,25452,25458.25,-10.5,-0.04%,2785
"2026-01-04 19:00",25467,25487.5,25450,25468.75,2,+0.01%,4007
"2026-01-04 18:30",25470,25472.5,25434.75,25466.75,-2.5,-0.01%,2657
"2026-01-04 18:00",25459.25,25479.5,25448.25,25469.25,12.25,+0.05%,3956
"2026-01-04 17:30",25459,25461.75,25417.5,25457,-2.25,-0.01%,3919
"2026-01-04 17:00",25431.75,25463.25,25406.5,25459.25,64.75,+0.25%,5844
"2026-01-02 15:30",25395,25401.25,25379.25,25394.5,-0.5,0.00%,1771
"2026-01-02 15:00",25385.25,25415,25381.5,25395,10,+0.04%,10852
"2026-01-02 14:30",25431.5,25440.25,25362,25385,-47.,-0.18%,34556
"2026-01-02 14:00",25399.5,25450.5,25387.5,25432,32.5,+0.13%,15110
"2026-01-02 13:30",25410.75,25457,25387.25,25399.5,-11.5,-0.05%,21314
"2026-01-02 13:00",25294.5,25420,25288.5,25411,116,+0.46%,21537
"2026-01-02 12:30",25332.75,25351.75,25265.25,25295,-37.5,-0.15%,20038
"2026-01-02 12:00",25323.5,25363.75,25305.25,25332.5,8.75,+0.03%,16890
"2026-01-02 11:30",25388.25,25400.75,25310.75,25323.75,-61.75,-0.24%,21484
"2026-01-02 11:00",25340.75,25405.5,25315.25,25385.5,44.5,+0.18%,18866
"2026-01-02 10:30",25376,25427.25,25303.5,25341,-35.75,-0.14%,35708
"2026-01-02 10:00",25375.75,25406.25,25293.75,25376.75,1.75,+0.01%,50174
"2026-01-02 09:30",25489.25,25604.5,25360.5,25375,-114.5,-0.45%,57066
"2026-01-02 09:00",25733.75,25780,25457.25,25489.5,-243.5,-0.95%,66322
"2026-01-02 08:30",25687,25803.75,25638.25,25733,46.5,+0.18%,68791
"2026-01-02 08:00",25692,25707,25662.25,25686.5,-6.25,-0.02%,9256
"2026-01-02 07:30",25697,25703,25679.25,25692.75,-5.,-0.02%,4236
"2026-01-02 07:00",25703.25,25709,25688,25697.75,-5.25,-0.02%,2772
"2026-01-02 06:30",25695.25,25705.5,25687.5,25703,8.5,+0.03%,2143
"2026-01-02 06:00",25726.25,25727.25,25680,25694.5,-32.75,-0.13%,4304
"2026-01-02 05:30",25717.25,25729.25,25716.5,25727.25,9.75,+0.04%,1493
"2026-01-02 05:00",25730.25,25742.75,25714,25717.5,-13.25,-0.05%,2123
"2026-01-02 04:30",25716.5,25736.5,25707.5,25730.75,13.75,+0.05%,1750
"2026-01-02 04:00",25734,25737.25,25712.25,25717,-16.,-0.06%,1951
"2026-01-02 03:30",25733.75,25737,25721.75,25733,0.25,0.00%,2287
"2026-01-02 03:00",25709,25740.5,25705.25,25732.75,22.5,+0.09%,3952
"2026-01-02 02:30",25687.75,25718.5,25676,25710.25,22.75,+0.09%,3102
"2026-01-02 02:00",25637.75,25701,25637,25687.5,50,+0.20%,5647
"2026-01-02 01:30",25637.25,25643.75,25627,25637.5,0.25,0.00%,1194
"2026-01-02 01:00",25636.25,25647.5,25624.75,25637.25,0.75,0.00%,1704
"2026-01-02 00:30",25639.5,25650,25634.5,25636.5,-3.,-0.01%,1295
"2026-01-02 00:00",25638.25,25644,25634,25639.5,0.5,0.00%,959
"2026-01-01 23:30",25631,25644,25621.5,25639,8.75,+0.03%,1613
"2026-01-01 23:00",25625.75,25633.25,25612.5,25630.25,4.5,+0.02%,1402
"2026-01-01 22:30",25629.25,25634.5,25617.25,25625.75,-3.5,-0.01%,1482
"2026-01-01 22:00",25625.5,25638.25,25619.5,25629.25,4,+0.02%,1850
"2026-01-01 21:30",25604.5,25625.75,25596,25625.25,21.25,+0.08%,2384
"2026-01-01 21:00",25603.25,25608.75,25596,25604,0.25,0.00%,1448
"2026-01-01 20:30",25589.5,25607.5,25583.5,25603.75,13.75,+0.05%,2180
"2026-01-01 20:00",25555.25,25595.25,25555,25590,34.5,+0.14%,3028
"2026-01-01 19:30",25532.25,25556.25,25531.5,25555.5,22.75,+0.09%,2529
"2026-01-01 19:00",25511,25536,25510.25,25532.75,22,+0.09%,2324
"2026-01-01 18:30",25505,25514,25493.25,25510.75,5.75,+0.02%,1204
"2026-01-01 18:00",25497,25508.5,25473.75,25505,8,+0.03%,1786
"2026-01-01 17:30",25485,25504,25478.25,25497,13,+0.05%,1509
"2026-01-01 17:00",25478.5,25494.75,25448.5,25484,49.25,+0.19%,3198
"2025-12-31 15:30",25445,25445.5,25429,25434.75,-10.25,-0.04%,3150
"2025-12-31 15:00",25455,25471.5,25440,25445,-10.25,-0.04%,13198
"2025-12-31 14:30",25478,25513.5,25444.5,25455.25,-22.75,-0.09%,36878
"2025-12-31 14:00",25535.75,25539.5,25471.75,25478,-57.75,-0.23%,20662
"2025-12-31 13:30",25582,25585.25,25532,25535.75,-46.25,-0.18%,17952
"2025-12-31 13:00",25614.5,25634.5,25580.5,25582,-32.25,-0.13%,11003
"2025-12-31 12:30",25603.5,25629.5,25596.5,25614.25,11,+0.04%,11396
"2025-12-31 12:00",25581.5,25604.75,25572.5,25603.25,21.75,+0.09%,8816
"2025-12-31 11:30",25587,25604.75,25571.75,25581.5,-5.75,-0.02%,10367
"2025-12-31 11:00",25605,25606.5,25568,25587.25,-17.75,-0.07%,11807
"2025-12-31 10:30",25596.5,25607.5,25572,25605,9,+0.04%,13471
"2025-12-31 10:00",25554.25,25597.5,25552.75,25596,41,+0.16%,13835
"2025-12-31 09:30",25602.25,25608.75,25542.5,25555,-47.5,-0.19%,17873
"2025-12-31 09:00",25606.25,25618,25568,25602.5,-3.,-0.01%,24566
"2025-12-31 08:30",25678.75,25692,25581.5,25605.5,-73.,-0.28%,44911
"2025-12-31 08:00",25702.75,25716.75,25678.5,25678.5,-24.5,-0.10%,5823
"2025-12-31 07:30",25649,25714.75,25641.25,25703,55.75,+0.22%,7724
"2025-12-31 07:00",25629.25,25650,25621.75,25647.25,18.25,+0.07%,2343
"2025-12-31 06:30",25622.5,25632,25620,25629,6.25,+0.02%,1656
"2025-12-31 06:00",25609.25,25628.75,25598.25,25622.75,13.25,+0.05%,2184
"2025-12-31 05:30",25595.25,25611.75,25594,25609.5,13.75,+0.05%,1275
"2025-12-31 05:00",25585,25599,25581.5,25595.75,11.25,+0.04%,1086
"2025-12-31 04:30",25585.5,25591.5,25576,25584.5,-1.25,0.00%,820
"2025-12-31 04:00",25569.25,25587,25561,25585.75,16.25,+0.06%,1130
"2025-12-31 03:30",25569.5,25580,25567.5,25569.5,-0.75,0.00%,888
"2025-12-31 03:00",25558.5,25584.75,25555.75,25570.25,11.25,+0.04%,2567
"2025-12-31 02:30",25577.75,25580.25,25552.5,25559,-19.25,-0.08%,2629
"2025-12-31 02:00",25597.25,25603.5,25577.75,25578.25,-20.,-0.08%,1761
"2025-12-31 01:30",25600.5,25609.75,25591,25598.25,-1.25,0.00%,1404
"2025-12-31 01:00",25595.5,25602.25,25576.5,25599.5,3.5,+0.01%,1899
"2025-12-31 00:30",25585,25597.25,25584.75,25596,11,+0.04%,889
"2025-12-31 00:00",25599,25606,25579.25,25585,-14.,-0.05%,1630
"2025-12-30 23:30",25621.25,25626.25,25593.75,25599,-22.,-0.09%,1302
"2025-12-30 23:00",25616.75,25624.25,25612.5,25621,4.75,+0.02%,779
"2025-12-30 22:30",25626.25,25629.75,25614,25616.25,-10.5,-0.04%,645
"2025-12-30 22:00",25616.75,25633.75,25615.75,25626.75,11,+0.04%,912
"2025-12-30 21:30",25614.75,25616.75,25606.75,25615.75,1.75,+0.01%,751
"2025-12-30 21:00",25626.25,25633.5,25614,25614,-12.25,-0.05%,719
"2025-12-30 20:30",25629.25,25635.75,25605,25626.25,-2.75,-0.01%,2052
"2025-12-30 20:00",25617.5,25631.25,25611.5,25629,11,+0.04%,1414
"2025-12-30 19:30",25618,25623.25,25608,25618,-1.,0.00%,1200
"2025-12-30 19:00",25614,25624.5,25588,25619,4.75,+0.02%,3506
"2025-12-30 18:30",25647.25,25648.25,25604.75,25614.25,-33.75,-0.13%,3292
"2025-12-30 18:00",25656.75,25657,25634,25648,-9.,-0.04%,1518
"2025-12-30 17:30",25664.5,25667.5,25643.75,25657,-7.75,-0.03%,1483
"2025-12-30 17:00",25683.25,25689.5,25657.25,25664.75,-11.25,-0.04%,2115
"2025-12-30 15:30",25685.75,25688.5,25673.5,25676,-9.75,-0.04%,1602
"2025-12-30 15:00",25678.25,25691.75,25669.75,25685.75,7.5,+0.03%,6960
"2025-12-30 14:30",25704.75,25715.25,25668.25,25678.25,-26.5,-0.10%,20809
"2025-12-30 14:00",25711.5,25717.75,25682.25,25704.75,-7.25,-0.03%,12811
"2025-12-30 13:30",25736,25741,25705.5,25712,-24.,-0.09%,10474
"2025-12-30 13:00",25732.5,25743,25714.5,25736,3.5,+0.01%,11224
"2025-12-30 12:30",25736.75,25744.25,25718,25732.5,-4.25,-0.02%,9510
"2025-12-30 12:00",25728.75,25739.5,25707.5,25736.75,8,+0.03%,10072
"2025-12-30 11:30",25721.5,25739,25712,25728.75,7.25,+0.03%,11225
"2025-12-30 11:00",25719.75,25723.75,25699.5,25721.5,1.75,+0.01%,14243
"2025-12-30 10:30",25774,25776.5,25717,25719.75,-54.5,-0.21%,17155
"2025-12-30 10:00",25744.5,25793.75,25739.5,25774.25,30.25,+0.12%,21465
"2025-12-30 09:30",25697,25753.25,25681.5,25744,46.5,+0.18%,22604
"2025-12-30 09:00",25756,25761.5,25683.5,25697.5,-59.25,-0.23%,30151
"2025-12-30 08:30",25692.75,25774.75,25674.25,25756.75,63.75,+0.25%,49829
"2025-12-30 08:00",25714.25,25722.25,25688.75,25693,-20.75,-0.08%,5520
"2025-12-30 07:30",25733.25,25735.25,25691.25,25713.75,-20.,-0.08%,4824
"2025-12-30 07:00",25726.25,25744.75,25723.5,25733.75,7.25,+0.03%,2061
"2025-12-30 06:30",25728,25736.5,25712.25,25726.5,-1.5,-0.01%,1617
"2025-12-30 06:00",25732.5,25743.5,25724.75,25728,-4.5,-0.02%,1412
"2025-12-30 05:30",25707,25736,25705,25732.5,25.5,+0.10%,1292
"2025-12-30 05:00",25728.5,25728.5,25702.5,25707,-20.25,-0.08%,1830
"2025-12-30 04:30",25737.75,25741.75,25718.75,25727.25,-10.5,-0.04%,1351
"2025-12-30 04:00",25738.75,25745.75,25733.5,25737.75,-1.25,0.00%,860
"2025-12-30 03:30",25748.5,25752.25,25730,25739,-10.5,-0.04%,940
"2025-12-30 03:00",25739.5,25750.75,25729.25,25749.5,10.75,+0.04%,1391
"2025-12-30 02:30",25722,25741.25,25721,25738.75,16.75,+0.07%,1201
"2025-12-30 02:00",25704.25,25730,25703,25722,18.25,+0.07%,1518
"2025-12-30 01:30",25695.5,25706.25,25684.75,25703.75,7,+0.03%,813
"2025-12-30 01:00",25725.75,25726.5,25684.75,25696.75,-29.75,-0.12%,1649
"2025-12-30 00:30",25716.75,25731.75,25715.25,25726.5,11,+0.04%,601
"2025-12-30 00:00",25744.5,25744.5,25715.5,25715.5,-29.,-0.11%,980
"2025-12-29 23:30",25734,25748,25721,25744.5,10,+0.04%,1054
"2025-12-29 23:00",25749.5,25755,25733.25,25734.5,-14.75,-0.06%,1184
"2025-12-29 22:30",25746.25,25752.5,25746,25749.25,3.5,+0.01%,588
"2025-12-29 22:00",25736.25,25751,25729,25745.75,11.25,+0.04%,1174
"2025-12-29 21:30",25723,25742,25722.75,25734.5,11.25,+0.04%,1184
"2025-12-29 21:00",25711.5,25724,25709.5,25723.25,13,+0.05%,798
"2025-12-29 20:30",25707.75,25713,25700.75,25710.25,2.25,+0.01%,787
"2025-12-29 20:00",25724.5,25728.5,25708,25708,-16.,-0.06%,1205
"2025-12-29 19:30",25707,25725.25,25702.5,25724,15.75,+0.06%,1115
"2025-12-29 19:00",25705,25716.5,25696.75,25708.25,3.75,+0.01%,1166
"2025-12-29 18:30",25722.25,25727,25700.25,25704.5,-17.,-0.07%,1500
"2025-12-29 18:00",25707.5,25724,25702,25721.5,14.25,+0.06%,1036
"2025-12-29 17:30",25709.5,25725.75,25705.25,25707.25,-2.25,-0.01%,1348
"2025-12-29 17:00",25740,25747.75,25708.75,25709.5,-35.,-0.14%,2298
"2025-12-29 15:30",25743.75,25748.5,25738.75,25744.5,1,0.00%,1437
"2025-12-29 15:00",25741.25,25744.75,25727.75,25743.5,2.5,+0.01%,5864
"2025-12-29 14:30",25750,25758.5,25729.25,25741,-9.5,-0.04%,21431
"2025-12-29 14:00",25765.75,25766.25,25749,25750.5,-15.,-0.06%,9620
"2025-12-29 13:30",25710.5,25774.25,25709,25765.5,54.75,+0.21%,18632
"2025-12-29 13:00",25694,25712.75,25683.5,25710.75,16.25,+0.06%,9761
"2025-12-29 12:30",25702,25729,25689.5,25694.5,-7.75,-0.03%,11790
"2025-12-29 12:00",25699.25,25710,25680.5,25702.25,2.25,+0.01%,11690
"2025-12-29 11:30",25658.75,25706,25654.75,25700,41.75,+0.16%,14244
"2025-12-29 11:00",25695.5,25707.75,25648,25658.25,-37.25,-0.14%,14845
"2025-12-29 10:30",25704,25718.25,25680.25,25695.5,-9.,-0.04%,15593
"2025-12-29 10:00",25702.5,25717.5,25680,25704.5,1.75,+0.01%,17599
"2025-12-29 09:30",25745.25,25772.75,25674.25,25702.75,-42.25,-0.16%,31289
"2025-12-29 09:00",25723,25750,25661.75,25745,20.5,+0.08%,32281
"2025-12-29 08:30",25706.75,25819,25664.25,25724.5,17.5,+0.07%,55165
"2025-12-29 08:00",25694.75,25712.75,25656.75,25707,14,+0.05%,10538
"2025-12-29 07:30",25748.25,25748.75,25660.75,25693,-55.5,-0.22%,8678
"2025-12-29 07:00",25745.5,25762.75,25734,25748.5,2,+0.01%,2831
"2025-12-29 06:30",25767,25772.75,25734.25,25746.5,-20.75,-0.08%,2420
"2025-12-29 06:00",25770.25,25776.75,25758.5,25767.25,-3.,-0.01%,1589
"2025-12-29 05:30",25745,25775.5,25744.75,25770.25,25.25,+0.10%,1589
"2025-12-29 05:00",25747,25756.5,25736,25745,-1.,0.00%,2042
"2025-12-29 04:30",25760.25,25763.25,25744,25746,-13.75,-0.05%,1178
"2025-12-29 04:00",25762.5,25769.25,25748.25,25759.75,-2.75,-0.01%,1620
"2025-12-29 03:30",25768.25,25768.5,25733.75,25762.5,-6.,-0.02%,2037
"2025-12-29 03:00",25739,25770.5,25738.75,25768.5,29.75,+0.12%,2651
"2025-12-29 02:30",25776.75,25783.5,25732,25738.75,-38.75,-0.15%,3351
"2025-12-29 02:00",25800.5,25803.5,25774,25777.5,-22.5,-0.09%,2343
"2025-12-29 01:30",25811,25812.5,25798.75,25800,-11.,-0.04%,963
"2025-12-29 01:00",25816.25,25822.75,25785.25,25811,-5.25,-0.02%,2598
"2025-12-29 00:30",25836,25839.5,25811.25,25816.25,-19.5,-0.08%,1064
"2025-12-29 00:00",25820.25,25842.75,25811,25835.75,15.75,+0.06%,1753
"2025-12-28 23:30",25822.5,25837.5,25818.5,25820,-1.5,-0.01%,1305
"2025-12-28 23:00",25856,25856,25817.75,25821.5,-34.25,-0.13%,2445
"2025-12-28 22:30",25859,25868,25853.75,25855.75,-4.,-0.02%,832
"2025-12-28 22:00",25852.5,25861,25852.5,25859.75,7,+0.03%,841
"2025-12-28 21:30",25834,25854,25834,25852.75,21,+0.08%,993
"2025-12-28 21:00",25844.25,25853.5,25825,25831.75,-14.25,-0.06%,1297
"2025-12-28 20:30",25839,25850,25821,25846,7.25,+0.03%,1597
"2025-12-28 20:00",25842.5,25849.75,25836.5,25838.75,-3.25,-0.01%,1019
"2025-12-28 19:30",25859.25,25864.5,25835.5,25842,-18.25,-0.07%,2134
"2025-12-28 19:00",25890,25892.5,25859.5,25860.25,-31.,-0.12%,1526
"2025-12-28 18:30",25861.25,25893.75,25858.25,25891.25,29.75,+0.12%,1849
"2025-12-28 18:00",25870,25874.25,25853.75,25861.5,-9.,-0.03%,1466
"2025-12-28 17:30",25861.25,25879,25858.75,25870.5,9.75,+0.04%,1220
"2025-12-28 17:00",25863.25,25877,25843,25860.75,4.75,+0.02%,2845
"2025-12-26 15:30",25862.5,25863,25850.75,25856,-6.75,-0.03%,2183
"2025-12-26 15:00",25867,25874,25858.75,25862.75,-4.,-0.02%,5757
"2025-12-26 14:30",25873.5,25879.75,25853.5,25866.75,-6.75,-0.03%,18556
"2025-12-26 14:00",25890.75,25892,25866,25873.5,-17.75,-0.07%,8500
"2025-12-26 13:30",25881,25896,25873,25891.25,10,+0.04%,10051
"2025-12-26 13:00",25891.75,25899,25878.75,25881.25,-10.5,-0.04%,7635
"2025-12-26 12:30",25869.5,25893.25,25869,25891.75,22,+0.09%,8274
"2025-12-26 12:00",25871.75,25882.5,25854.5,25869.75,-2.,-0.01%,8688
"2025-12-26 11:30",25880,25881.75,25859.5,25871.75,-8.5,-0.03%,9950
"2025-12-26 11:00",25873.5,25880.75,25847.75,25880.25,6.5,+0.03%,11740
"2025-12-26 10:30",25881.75,25890.25,25873,25873.75,-7.5,-0.03%,9667
"2025-12-26 10:00",25899,25912,25857,25881.25,-18.25,-0.07%,18283
"2025-12-26 09:30",25883.5,25906,25873.75,25899.5,16,+0.06%,16729
"2025-12-26 09:00",25881,25886.5,25834.25,25883.5,2.5,+0.01%,29170
"2025-12-26 08:30",25899,25935.25,25864.5,25881,-18.5,-0.07%,36381
"2025-12-26 08:00",25897,25912,25891.5,25899.5,3,+0.01%,3858
"2025-12-26 07:30",25894,25923.25,25890.75,25896.5,2.25,+0.01%,4034
"2025-12-26 07:00",25890,25902.75,25886.75,25894.25,4.25,+0.02%,1737
"2025-12-26 06:30",25884.25,25897,25881,25890,7,+0.03%,1025
"2025-12-26 06:00",25876,25887.5,25869,25883,6.5,+0.03%,871
"2025-12-26 05:30",25879.25,25883.5,25866.25,25876.5,-3.75,-0.01%,1014
"2025-12-26 05:00",25884.25,25888.5,25879.25,25880.25,-2.,-0.01%,533
"2025-12-26 04:30",25883.5,25891,25879.25,25882.25,-1.,0.00%,539
"2025-12-26 04:00",25876.5,25899,25875.5,25883.25,7.25,+0.03%,1222
"2025-12-26 03:30",25861.75,25878.5,25861.75,25876,14.5,+0.06%,667
"2025-12-26 03:00",25857.25,25871.5,25854.75,25861.5,4,+0.02%,1053
"2025-12-26 02:30",25851.75,25861,25843.25,25857.5,4.75,+0.02%,737
"2025-12-26 02:00",25859.5,25862,25844,25852.75,-7.5,-0.03%,971
"2025-12-26 01:30",25862,25871,25857.25,25860.25,-2.75,-0.01%,710
"2025-12-26 01:00",25871.5,25873.25,25849.5,25863,-8.75,-0.03%,984
"2025-12-26 00:30",25872.75,25880,25868,25871.75,-0.5,0.00%,694
"2025-12-26 00:00",25876.5,25880.75,25871,25872.25,-4.,-0.02%,421
"2025-12-25 23:30",25885.25,25885.25,25871,25876.25,-9.5,-0.04%,600
"2025-12-25 23:00",25879.5,25888.5,25877,25885.75,7,+0.03%,481
"2025-12-25 22:30",25880,25883.25,25874.75,25878.75,-2.25,-0.01%,528
"2025-12-25 22:00",25882.25,25884.5,25873.25,25881,-1.5,-0.01%,742
"2025-12-25 21:30",25891.25,25895,25881.5,25882.5,-9.75,-0.04%,807
"2025-12-25 21:00",25897,25903,25891.5,25892.25,-4.25,-0.02%,480
"2025-12-25 20:30",25884.5,25900,25884,25896.5,11,+0.04%,706
"2025-12-25 20:00",25889.25,25896.75,25882,25885.5,-4.5,-0.02%,674
"2025-12-25 19:30",25898.75,25904,25881,25890,-9.,-0.03%,1321
"2025-12-25 19:00",25903.75,25916.5,25899,25899,-4.25,-0.02%,1565
"2025-12-25 18:30",25907.25,25909,25895,25903.25,-4.,-0.02%,1032
"2025-12-25 18:00",25886.75,25910.5,25886.25,25907.25,19.5,+0.08%,1371
"2025-12-25 17:30",25881.25,25891.5,25877.25,25887.75,5,+0.02%,702
"2025-12-25 17:00",25868,25898.25,25864.75,25882.75,18,+0.07%,1970
"2025-12-24 12:00",25877.5,25881.75,25852.5,25864.75,-13.,-0.05%,5262
"2025-12-24 11:30",25874.75,25892,25865,25877.75,3.25,+0.01%,16276
"2025-12-24 11:00",25876.5,25882.25,25864,25874.5,-1.75,-0.01%,10562
"2025-12-24 10:30",25853.5,25885,25850.5,25876.25,22.75,+0.09%,16759
"2025-12-24 10:00",25829,25856.25,25828,25853.5,24.75,+0.10%,14658
"2025-12-24 09:30",25816,25832.5,25808.75,25828.75,13.25,+0.05%,13352
"2025-12-24 09:00",25809.5,25840.75,25803.75,25815.5,5.75,+0.02%,20766
"2025-12-24 08:30",25795,25827.5,25784,25809.75,14,+0.05%,29920
"2025-12-24 08:00",25822.75,25824.5,25791,25795.75,-26.75,-0.10%,4373
"2025-12-24 07:30",25811.75,25831.75,25808,25822.5,10.5,+0.04%,3305
"2025-12-24 07:00",25815.75,25816,25800.5,25812,-3.75,-0.01%,1567
"2025-12-24 06:30",25806,25817.5,25805.75,25815.75,9.75,+0.04%,957
"2025-12-24 06:00",25792.25,25816.5,25789,25806,14,+0.05%,1281
"2025-12-24 05:30",25791.75,25794,25785.5,25792,-0.25,0.00%,459
"2025-12-24 05:00",25792.75,25800.5,25787.5,25792.25,-0.5,0.00%,617
"2025-12-24 04:30",25793.25,25797.25,25790.25,25792.75,-0.75,0.00%,478
"2025-12-24 04:00",25798.75,25799,25787,25793.5,-5.25,-0.02%,682
"2025-12-24 03:30",25801.5,25804,25796.25,25798.75,-3.75,-0.01%,382
"2025-12-24 03:00",25789.75,25807,25783.5,25802.5,13,+0.05%,1112
"2025-12-24 02:30",25792.75,25796,25786.75,25789.5,-3.,-0.01%,606
"2025-12-24 02:00",25788.5,25797,25787.75,25792.5,4.75,+0.02%,786
"2025-12-24 01:30",25787,25792.5,25786,25787.75,1.75,+0.01%,518
"2025-12-24 01:00",25792.75,25796.25,25784.25,25786,-7.,-0.03%,668
"2025-12-24 00:30",25796,25798.5,25790.25,25793,-4.5,-0.02%,455
"2025-12-24 00:00",25791,25800.5,25791,25797.5,6.75,+0.03%,462
"2025-12-23 23:30",25785.5,25799,25785,25790.75,3.75,+0.01%,835
"2025-12-23 23:00",25781.25,25788.25,25777.5,25787,6.5,+0.03%,694
"2025-12-23 22:30",25790.75,25793.25,25780.25,25780.5,-10.5,-0.04%,832
"2025-12-23 22:00",25796.25,25802.25,25788.75,25791,-6.,-0.02%,602
"2025-12-23 21:30",25795.25,25802.5,25794.75,25797,1,0.00%,653
"2025-12-23 21:00",25793,25796.75,25786.25,25796,2.75,+0.01%,775
"2025-12-23 20:30",25799.25,25801,25782.75,25793.25,-6.5,-0.03%,1659
"2025-12-23 20:00",25807,25812.25,25797.5,25799.75,-8.25,-0.03%,970
"2025-12-23 19:30",25812.5,25819.5,25802,25808,-4.5,-0.02%,1231
"2025-12-23 19:00",25816.5,25822.5,25809,25812.5,-3.25,-0.01%,843
"2025-12-23 18:30",25815.75,25821.75,25811.75,25815.75,0.5,0.00%,627
"2025-12-23 18:00",25810,25827,25808.5,25815.25,5.5,+0.02%,1593
"2025-12-23 17:30",25806.5,25811.75,25800.25,25809.75,2.25,+0.01%,872
"2025-12-23 17:00",25815.75,25819.25,25801,25807.5,-4.,-0.02%,1400
"2025-12-23 15:30",25815.5,25818.5,25801.75,25811.5,-4.25,-0.02%,2193
"2025-12-23 15:00",25811.25,25822.5,25806.25,25815.75,4.5,+0.02%,7967
"2025-12-23 14:30",25798,25820.5,25792.25,25811.25,13,+0.05%,23809
"2025-12-23 14:00",25797,25806.25,25793.75,25798.25,1,0.00%,10926
"2025-12-23 13:30",25786.25,25800.5,25782,25797.25,10.75,+0.04%,9653
"2025-12-23 13:00",25774,25791.75,25772.5,25786.5,12.5,+0.05%,10734
"2025-12-23 12:30",25770.75,25780,25768.5,25774,3.25,+0.01%,7988
"2025-12-23 12:00",25754.25,25780.25,25751.5,25770.75,16,+0.06%,11501
"2025-12-23 11:30",25766.25,25772.75,25750.75,25754.75,-11.,-0.04%,12895
"2025-12-23 11:00",25774,25777.75,25761.25,25765.75,-7.5,-0.03%,11528
"2025-12-23 10:30",25743.5,25776.5,25730.75,25773.25,29.5,+0.11%,19251
"2025-12-23 10:00",25731.5,25754.5,25726.5,25743.75,12.5,+0.05%,21394
"2025-12-23 09:30",25673.25,25741,25671.75,25731.25,58,+0.23%,26193
"2025-12-23 09:00",25692.25,25694.75,25628.25,25673.25,-19.5,-0.08%,39825
"2025-12-23 08:30",25644.25,25751.25,25638,25692.75,48,+0.19%,57225
"2025-12-23 08:00",25621,25647,25609,25644.75,25,+0.10%,7820
"2025-12-23 07:30",25674.75,25679,25608.25,25619.75,-51.5,-0.20%,10851
"2025-12-23 07:00",25684.75,25687,25661,25671.25,-14.,-0.05%,2161
"2025-12-23 06:30",25665.5,25685.75,25661,25685.25,19,+0.07%,1591
"2025-12-23 06:00",25694.25,25702,25664.25,25666.25,-27.75,-0.11%,2293
"2025-12-23 05:30",25696.5,25705,25690,25694,-3.5,-0.01%,766
"2025-12-23 05:00",25706.5,25709.5,25687,25697.5,-9.,-0.04%,1267
"2025-12-23 04:30",25705,25711,25699.25,25706.5,-0.25,0.00%,1258
"2025-12-23 04:00",25718.5,25725,25699,25706.75,-12.,-0.05%,1133
"2025-12-23 03:30",25716.25,25728.5,25716,25718.75,2,+0.01%,1021
"2025-12-23 03:00",25690,25719,25688.75,25716.75,25.75,+0.10%,1680
"2025-12-23 02:30",25696.75,25704,25685.25,25691,-5.75,-0.02%,1172
"2025-12-23 02:00",25669.5,25708.25,25666.25,25696.75,26,+0.10%,2306
"2025-12-23 01:30",25673.75,25679.25,25662.5,25670.75,-2.75,-0.01%,898
"2025-12-23 01:00",25667.5,25676,25658,25673.5,5.75,+0.02%,1208
"2025-12-23 00:30",25658,25670.5,25653.25,25667.75,10,+0.04%,1366
"2025-12-23 00:00",25677.25,25681.25,25656.25,25657.75,-20.,-0.08%,1433
"2025-12-22 23:30",25696.5,25697,25677.5,25677.75,-17.75,-0.07%,778
"2025-12-22 23:00",25687.75,25698.5,25680,25695.5,6.75,+0.03%,1178
"2025-12-22 22:30",25703,25706.5,25683,25688.75,-14.5,-0.06%,1138
"2025-12-22 22:00",25711.25,25713.5,25700.5,25703.25,-9.,-0.04%,935
"2025-12-22 21:30",25718.75,25722,25708.25,25712.25,-5.5,-0.02%,718
"2025-12-22 21:00",25723.5,25731.5,25715.25,25717.75,-5.25,-0.02%,1198
"2025-12-22 20:30",25725.75,25731.75,25710.25,25723,-2.,-0.01%,1672
"2025-12-22 20:00",25710.75,25738.75,25709.25,25725,14.5,+0.06%,1967
"2025-12-22 19:30",25710.25,25721.5,25695,25710.5,-0.25,0.00%,1852
"2025-12-22 19:00",25722.5,25730,25709,25710.75,-11.25,-0.04%,1530
"2025-12-22 18:30",25715,25724.25,25710.25,25722,5.5,+0.02%,881
"2025-12-22 18:00",25713.5,25720.5,25709,25716.5,2.25,+0.01%,952
"2025-12-22 17:30",25714.5,25722.5,25708,25714.25,0,0.00%,1071
"2025-12-22 17:00",25701,25717,25700.5,25714.25,14,+0.05%,1368
"2025-12-22 15:30",25694.75,25702,25693.5,25700.25,5.25,+0.02%,1457
"2025-12-22 15:00",25688.25,25706.5,25688,25695,6.75,+0.03%,6755
"2025-12-22 14:30",25688.5,25703.5,25681.25,25688.25,0,0.00%,23227
"2025-12-22 14:00",25690.75,25695,25679.25,25688.25,-2.25,-0.01%,10500
"2025-12-22 13:30",25699.5,25712.25,25689.5,25690.5,-9.,-0.04%,10667
"2025-12-22 13:00",25689.75,25701.25,25676.25,25699.5,10,+0.04%,12239
"2025-12-22 12:30",25688.5,25700,25679,25689.5,1,0.00%,11491
"2025-12-22 12:00",25721.25,25722.25,25673,25688.5,-32.5,-0.13%,17946
"2025-12-22 11:30",25699,25727.25,25686.5,25721,22,+0.09%,17634
"2025-12-22 11:00",25715,25718.75,25695.25,25699,-15.75,-0.06%,13147
"2025-12-22 10:30",25711.75,25714.75,25689.5,25714.75,3,+0.01%,17732
"2025-12-22 10:00",25674.25,25721.25,25672.5,25711.75,37.25,+0.15%,20698
"2025-12-22 09:30",25688.5,25696.75,25628,25674.5,-13.25,-0.05%,31635
"2025-12-22 09:00",25747,25754.75,25674.5,25687.75,-60.25,-0.23%,35446
"2025-12-22 08:30",25780.75,25794.75,25672.25,25748,-32.5,-0.13%,67433
"2025-12-22 08:00",25753,25785.25,25749.5,25780.5,28,+0.11%,8609
"2025-12-22 07:30",25749.5,25754,25730.75,25752.5,3.25,+0.01%,3858
"2025-12-22 07:00",25736.75,25757,25732.25,25749.25,12.5,+0.05%,3392
"2025-12-22 06:30",25728,25740.25,25720,25736.75,9.25,+0.04%,2444
"2025-12-22 06:00",25700.25,25731,25696.25,25727.5,27.75,+0.11%,2611
"2025-12-22 05:30",25715.75,25718.25,25698.5,25699.75,-17.,-0.07%,1573
"2025-12-22 05:00",25707.75,25719.25,25704,25716.75,9.5,+0.04%,1140
"2025-12-22 04:30",25714,25716.25,25706,25707.25,-6.,-0.02%,657
"2025-12-22 04:00",25712.5,25720.5,25707,25713.25,0.75,0.00%,926
"2025-12-22 03:30",25710.5,25725.75,25708,25712.5,1.5,+0.01%,1420
"2025-12-22 03:00",25687.5,25716,25683.25,25711,23.25,+0.09%,1955
"2025-12-22 02:30",25706.5,25710.25,25681,25687.75,-18.75,-0.07%,1853
"2025-12-22 02:00",25703,25716.5,25696,25706.5,4.25,+0.02%,1602
"2025-12-22 01:30",25699.25,25708,25693.25,25702.25,2,+0.01%,893
"2025-12-22 01:00",25690.25,25711,25688.75,25700.25,10.25,+0.04%,1500
"2025-12-22 00:30",25681,25699,25678,25690,8.5,+0.03%,998
"2025-12-22 00:00",25674.25,25687.75,25674,25681.5,7,+0.03%,825
"2025-12-21 23:30",25664.75,25679.75,25662.25,25674.5,9.75,+0.04%,838
"2025-12-21 23:00",25680.25,25682.5,25663,25664.75,-16.5,-0.06%,1387
"2025-12-21 22:30",25681.25,25691.25,25677.75,25681.25,1,0.00%,828
"2025-12-21 22:00",25679,25687,25672,25680.25,1.5,+0.01%,1178
"2025-12-21 21:30",25679,25683.25,25673.5,25678.75,-0.25,0.00%,1071
"2025-12-21 21:00",25695.75,25699.25,25676.5,25679,-16.5,-0.06%,1563
"2025-12-21 20:30",25691.25,25698.5,25685.5,25695.5,3.5,+0.01%,1116
"2025-12-21 20:00",25689,25695,25680.75,25692,3.25,+0.01%,1465
"2025-12-21 19:30",25689.75,25697,25685,25688.75,-0.5,0.00%,1594
"2025-12-21 19:00",25654.75,25693.75,25653.75,25689.25,34.5,+0.13%,2744
"2025-12-21 18:30",25651,25665.75,25650.75,25654.75,2.75,+0.01%,2154
"2025-12-21 18:00",25669.5,25682.75,25645,25652,-16.5,-0.06%,3185
"2025-12-21 17:30",25647,25675,25645,25668.5,20.75,+0.08%,2542
"2025-12-21 17:00",25635.25,25668,25632.25,25647.75,50.25,+0.20%,5404
"2025-12-19 15:30",25587.25,25599.25,25583.5,25597.5,10,+0.04%,3565
"2025-12-19 15:00",25580.75,25595.75,25568,25587.5,6.75,+0.03%,13756
"2025-12-19 14:30",25582.25,25593,25549.75,25580.75,-1.75,-0.01%,43242
"2025-12-19 14:00",25569.5,25588.25,25567.5,25582.5,13.5,+0.05%,11883
"2025-12-19 13:30",25577.5,25589.5,25568.5,25569,-8.75,-0.03%,10009
"2025-12-19 13:00",25551.5,25583.5,25550.5,25577.75,26,+0.10%,10563
"2025-12-19 12:30",25574.5,25579.25,25543.75,25551.75,-22.5,-0.09%,13857
"2025-12-19 12:00",25577.75,25592,25567.25,25574.25,-4.,-0.02%,14069
"2025-12-19 11:30",25575,25597.5,25557.5,25578.25,3,+0.01%,18519
"2025-12-19 11:00",25505.25,25580,25502,25575.25,70,+0.27%,21866
"2025-12-19 10:30",25542,25565,25494.75,25505.25,-35.5,-0.14%,27926
"2025-12-19 10:00",25483,25560.5,25460,25540.75,57.75,+0.23%,28836
"2025-12-19 09:30",25509,25554.5,25468.5,25483,-25.75,-0.10%,35003
"2025-12-19 09:00",25558.75,25600.25,25465.25,25508.75,-51.5,-0.20%,46929
"2025-12-19 08:30",25361.25,25573,25357,25560.25,198.25,+0.78%,87151
"2025-12-19 08:00",25323,25383.25,25298.25,25362,38.5,+0.15%,17789
"2025-12-19 07:30",25313.5,25339.75,25292.25,25323.5,9.5,+0.04%,6287
"2025-12-19 07:00",25280.25,25318.25,25273.75,25314,33.75,+0.13%,4406
"2025-12-19 06:30",25332.25,25340.5,25279,25280.25,-52.,-0.21%,3782
"2025-12-19 06:00",25341.75,25356.75,25313.25,25332.25,-8.5,-0.03%,3910
"2025-12-19 05:30",25356,25365,25331.5,25340.75,-14.25,-0.06%,1837
"2025-12-19 05:00",25360.5,25362.75,25315.5,25355,-6.,-0.02%,3247
"2025-12-19 04:30",25372.25,25382.5,25355,25361,-12.75,-0.05%,1770
"2025-12-19 04:00",25383.25,25383.5,25354,25373.75,-10.,-0.04%,2253
"2025-12-19 03:30",25389.25,25393.5,25370.75,25383.75,-4.5,-0.02%,1628
"2025-12-19 03:00",25370,25391.25,25355.5,25388.25,17.75,+0.07%,2451
"2025-12-19 02:30",25345.5,25387.25,25345.25,25370.5,23.5,+0.09%,2658
"2025-12-19 02:00",25346.25,25380.5,25340.75,25347,-1.25,0.00%,3640
"2025-12-19 01:30",25349.75,25350.75,25321.25,25348.25,-2.,-0.01%,1903
"2025-12-19 01:00",25299,25372.5,25298.5,25350.25,52,+0.21%,4197
"2025-12-19 00:30",25286.75,25298.5,25266.75,25298.25,10.5,+0.04%,1836
"2025-12-19 00:00",25291.75,25305.25,25281.25,25287.75,-4.,-0.02%,1432
"2025-12-18 23:30",25298,25312.75,25288.25,25291.75,-5.75,-0.02%,1258
"2025-12-18 23:00",25305.25,25309.25,25282,25297.5,-8.75,-0.03%,1352
"2025-12-18 22:30",25297,25312.75,25286.25,25306.25,6.75,+0.03%,1405
"2025-12-18 22:00",25308,25318.25,25290,25299.5,-7.5,-0.03%,1623
"2025-12-18 21:30",25289.75,25321.75,25280,25307,16.75,+0.07%,2554
"2025-12-18 21:00",25251,25314.75,25236,25290.25,38.5,+0.15%,3875
"2025-12-18 20:30",25273,25286.75,25250,25251.75,-20.25,-0.08%,2276
"2025-12-18 20:00",25266.25,25279.5,25250.75,25272,5.25,+0.02%,2208
"2025-12-18 19:30",25232,25277.25,25211.25,25266.75,34,+0.13%,3944
"2025-12-18 19:00",25244,25245.5,25213,25232.75,-10.5,-0.04%,2184
"2025-12-18 18:30",25237.25,25251.75,25220.5,25243.25,6.75,+0.03%,2015
"2025-12-18 18:00",25257.25,25266.5,25223,25236.5,-20.5,-0.08%,3131
"2025-12-18 17:30",25226,25257.5,25220,25257,31,+0.12%,2348
"2025-12-18 17:00",25240,25253,25209.75,25226,7,+0.03%,3246
"2025-12-18 15:30",25217.5,25223,25196.5,25219,1.5,+0.01%,3083
"2025-12-18 15:00",25252,25257.25,25203.75,25217.5,-34.,-0.13%,13226
"2025-12-18 14:30",25307.75,25343.5,25248,25251.5,-56.25,-0.22%,40514
"2025-12-18 14:00",25208.5,25315.25,25192.5,25307.75,99.5,+0.39%,26969
"2025-12-18 13:30",25278,25284,25193.75,25208.25,-70.5,-0.28%,31940
"2025-12-18 13:00",25338,25340,25254,25278.75,-59.75,-0.24%,33927
"2025-12-18 12:30",25362.75,25402.25,25333.25,25338.5,-24.,-0.09%,24865
"2025-12-18 12:00",25355.5,25376.25,25317.25,25362.5,7.25,+0.03%,22311
"2025-12-18 11:30",25229,25361.75,25215.25,25355.25,125.75,+0.50%,38200
"2025-12-18 11:00",25386.75,25386.75,25184.5,25229.5,-157.,-0.62%,59278
"2025-12-18 10:30",25353,25412,25350.75,25386.5,33.5,+0.13%,24229
"2025-12-18 10:00",25366.25,25412.5,25343.25,25353,-12.75,-0.05%,32753
"2025-12-18 09:30",25323.5,25407.25,25308.75,25365.75,42.25,+0.17%,47199
"2025-12-18 09:00",25277.5,25337.75,25174.75,25323.5,46,+0.18%,60006
"2025-12-18 08:30",25278.75,25329.5,25161.25,25277.5,-2.,-0.01%,88200
"2025-12-18 08:00",25221.5,25285,25220,25279.5,56.5,+0.22%,13017
"2025-12-18 07:30",25114.75,25264,25107.5,25223,108.75,+0.43%,25954
"2025-12-18 07:00",25094.75,25119.75,25064.75,25114.25,20.5,+0.08%,5988
"2025-12-18 06:30",25096,25109,25085,25093.75,-1.75,-0.01%,2693
"2025-12-18 06:00",25101.5,25114.5,25090,25095.5,-4.5,-0.02%,2548
"2025-12-18 05:30",25086,25104,25080.75,25100,12.25,+0.05%,1680
"2025-12-18 05:00",25079,25102.5,25074.5,25087.75,8.5,+0.03%,1755
"2025-12-18 04:30",25084.75,25099.5,25069.75,25079.25,-5.,-0.02%,1862
"2025-12-18 04:00",25096.75,25098.75,25065.5,25084.25,-12.25,-0.05%,1669
"2025-12-18 03:30",25048.5,25097.25,25048.5,25096.5,47.5,+0.19%,2766
"2025-12-18 03:00",25055,25065.75,25031,25049,-6.25,-0.02%,2448
"2025-12-18 02:30",25020.25,25073,25017,25055.25,36.75,+0.15%,3395
"2025-12-18 02:00",25030.25,25047,25008.25,25018.5,-13.25,-0.05%,3026
"2025-12-18 01:30",25034,25041.25,25023,25031.75,-3.,-0.01%,1630
"2025-12-18 01:00",24984,25039.75,24982.5,25034.75,51.75,+0.21%,5124
"2025-12-18 00:30",24981.5,24990.5,24953.75,24983,-1.75,-0.01%,1934
"2025-12-18 00:00",24984.75,24991.25,24971.25,24984.75,-0.5,0.00%,1289
"2025-12-17 23:30",24972.5,24992.75,24969.5,24985.25,13.25,+0.05%,1474
"2025-12-17 23:00",24986.75,24994.5,24965.5,24972,-16.,-0.06%,1418
"2025-12-17 22:30",24963.25,24991,24961.75,24988,24.25,+0.10%,1518
"2025-12-17 22:00",24941.5,24968.25,24938.75,24963.75,22.75,+0.09%,1786
"2025-12-17 21:30",24913.5,24951.25,24908.5,24941,28,+0.11%,1995
"2025-12-17 21:00",24969.75,24972,24902.25,24913,-57.25,-0.23%,3340
"2025-12-17 20:30",24971.25,24994.5,24959.5,24970.25,-3.,-0.01%,1897
"2025-12-17 20:00",24965,25012.25,24956.75,24973.25,11,+0.04%,3547
"2025-12-17 19:30",24980,24996.75,24950.5,24962.25,-18.,-0.07%,2646
"2025-12-17 19:00",24987.75,24993.75,24959.25,24980.25,-6.75,-0.03%,2631
"2025-12-17 18:30",24955.75,24998,24943.25,24987,30.75,+0.12%,2659
"2025-12-17 18:00",24933.5,24984,24901.25,24956.25,24.25,+0.10%,5034
"2025-12-17 17:30",24956,24977.5,24925,24932,-23.25,-0.09%,2303
"2025-12-17 17:00",24983.5,24999,24932.75,24955.25,3.5,+0.01%,3292
"2025-12-17 15:30",24955.5,24974,24941,24951.75,-3.,-0.01%,4386
"2025-12-17 15:00",24892.75,24995.75,24891.75,24954.75,63.25,+0.25%,18745
"2025-12-17 14:30",24955,24974,24887.75,24891.5,-64.,-0.26%,38549
"2025-12-17 14:00",24975,24983.25,24940,24955.5,-20.,-0.08%,15031
"2025-12-17 13:30",24941.25,24985.5,24922,24975.5,34.25,+0.14%,19646
"2025-12-17 13:00",24956.5,24969.75,24934.75,24941.25,-16.5,-0.07%,17955
"2025-12-17 12:30",25010.25,25017.25,24933.75,24957.75,-52.75,-0.21%,24803
"2025-12-17 12:00",25022.25,25078,24991.25,25010.5,-11.5,-0.05%,21432
"2025-12-17 11:30",25043,25085,24984.5,25022,-20.5,-0.08%,28553
"2025-12-17 11:00",25035.25,25079.5,24981.75,25042.5,8,+0.03%,36508
"2025-12-17 10:30",25068,25068,24985,25034.5,-33.75,-0.13%,44953
"2025-12-17 10:00",25058.25,25122.5,25009,25068.25,8.75,+0.03%,55505
"2025-12-17 09:30",25317.75,25331.5,25034.25,25059.5,-259.,-1.02%,74078
"2025-12-17 09:00",25332.25,25345.75,25277.25,25318.5,-14.5,-0.06%,49370
"2025-12-17 08:30",25422.5,25447.75,25245.5,25333,-89.,-0.35%,83602
"2025-12-17 08:00",25464.75,25482,25416.5,25422,-42.5,-0.17%,9205
"2025-12-17 07:30",25444,25493,25421,25464.5,19.75,+0.08%,10993
"2025-12-17 07:00",25486.75,25497,25395,25444.75,-42.,-0.16%,12140
"2025-12-17 06:30",25477.5,25508.5,25475.75,25486.75,9.25,+0.04%,2566
"2025-12-17 06:00",25494.25,25498.5,25474,25477.5,-17.25,-0.07%,1982
"2025-12-17 05:30",25474.75,25497,25474.75,25494.75,19,+0.07%,1610
"2025-12-17 05:00",25483.5,25499,25467.25,25475.75,-7.,-0.03%,1951
"2025-12-17 04:30",25471.75,25491.75,25461.25,25482.75,13.25,+0.05%,2548
"2025-12-17 04:00",25462.75,25483,25455,25469.5,6,+0.02%,2117
"2025-12-17 03:30",25431.75,25470,25427.5,25463.5,30.5,+0.12%,2296
"2025-12-17 03:00",25415.25,25445.25,25401.75,25433,17.25,+0.07%,2943
"2025-12-17 02:30",25411.5,25436.5,25398,25415.75,4.25,+0.02%,2397
"2025-12-17 02:00",25412.75,25420,25388.25,25411.5,-1.25,0.00%,2979
"2025-12-17 01:30",25403.25,25429,25397.25,25412.75,7.5,+0.03%,1498
"2025-12-17 01:00",25394.25,25432.25,25381.25,25405.25,9.5,+0.04%,3019
"2025-12-17 00:30",25401.75,25417.75,25391,25395.75,-6.75,-0.03%,1559
"2025-12-17 00:00",25352.25,25413,25351.5,25402.5,49.5,+0.20%,3046
"2025-12-16 23:30",25309.5,25357.25,25308,25353,44,+0.17%,1757
"2025-12-16 23:00",25312,25330,25291.75,25309,-4.25,-0.02%,2046
"2025-12-16 22:30",25335.75,25340.25,25310.5,25313.25,-23.,-0.09%,1668
"2025-12-16 22:00",25351.5,25366.5,25327.5,25336.25,-13.,-0.05%,1329
"2025-12-16 21:30",25372,25375.75,25341.25,25349.25,-23.25,-0.09%,1394
"2025-12-16 21:00",25360,25380.25,25358,25372.5,9.75,+0.04%,1308
"2025-12-16 20:30",25358.25,25374,25346.75,25362.75,4.25,+0.02%,1928
"2025-12-16 20:00",25357.25,25359.75,25328,25358.5,1.5,+0.01%,2607
"2025-12-16 19:30",25332,25359.5,25311.25,25357,23.75,+0.09%,2192
"2025-12-16 19:00",25306.75,25354.5,25306.75,25333.25,28,+0.11%,3168
"2025-12-16 18:30",25296.5,25327.75,25281.25,25305.25,7.75,+0.03%,2624
"2025-12-16 18:00",25315,25316.5,25264.5,25297.5,-18.5,-0.07%,3636
"2025-12-16 17:30",25336.5,25363,25310,25316,-20.75,-0.08%,1911
"2025-12-16 17:00",25332,25356,25294.25,25336.75,15.25,+0.06%,2550
"2025-12-16 15:30",25324.5,25342.25,25317.5,25321.5,-2.,-0.01%,2710
"2025-12-16 15:00",25372.25,25376,25308,25323.5,-48.75,-0.19%,14459
"2025-12-16 14:30",25373.25,25444,25371.5,25372.25,-1.25,0.00%,38009
"2025-12-16 14:00",25318.25,25375.5,25310.5,25373.5,55,+0.22%,16769
"2025-12-16 13:30",25280.25,25349.25,25272.5,25318.5,37.75,+0.15%,20384
"2025-12-16 13:00",25315.75,25317,25224.75,25280.75,-35.5,-0.14%,24207
"2025-12-16 12:30",25203.25,25350.25,25201.75,25316.25,112.75,+0.45%,27658
"2025-12-16 12:00",25200.5,25234.75,25171.75,25203.5,3,+0.01%,25231
"2025-12-16 11:30",25272.75,25319.75,25192.5,25200.5,-71.75,-0.28%,26394
"2025-12-16 11:00",25335.75,25355,25257.5,25272.25,-63.25,-0.25%,27038
"2025-12-16 10:30",25232.25,25340.25,25214.25,25335.5,102.5,+0.41%,30538
"2025-12-16 10:00",25322,25344,25212.75,25233,-88.75,-0.35%,31247
"2025-12-16 09:30",25241.75,25340,25193.75,25321.75,80.75,+0.32%,39640
"2025-12-16 09:00",25394.5,25409,25178.75,25241,-152.5,-0.60%,49080
"2025-12-16 08:30",25232,25398.75,25205.25,25393.5,161.5,+0.64%,63676
"2025-12-16 08:00",25252.5,25290.5,25225,25232,-20.,-0.08%,11676
"2025-12-16 07:30",25289.5,25386.5,25240.75,25252,-36.25,-0.14%,17294
"2025-12-16 07:00",25298,25317.25,25263.25,25288.25,-9.75,-0.04%,4767
"2025-12-16 06:30",25309.75,25324.25,25294.75,25298,-11.5,-0.05%,2919
"2025-12-16 06:00",25294,25320.25,25280.5,25309.5,16.5,+0.07%,2759
"2025-12-16 05:30",25250,25294,25238.75,25293,44,+0.17%,2205
"2025-12-16 05:00",25246,25256.75,25237,25249,2,+0.01%,1035
"2025-12-16 04:30",25236.5,25274.5,25221.5,25247,12.25,+0.05%,2317
"2025-12-16 04:00",25182,25237.75,25168,25234.75,52.25,+0.21%,2054
"2025-12-16 03:30",25213.5,25227,25165.75,25182.5,-30.75,-0.12%,2686
"2025-12-16 03:00",25204,25231.5,25188.5,25213.25,9.75,+0.04%,2364
"2025-12-16 02:30",25182.75,25211.75,25167.75,25203.5,19.5,+0.08%,2946
"2025-12-16 02:00",25128,25188.25,25126.25,25184,56.5,+0.22%,4076
"2025-12-16 01:30",25135.75,25136.25,25073.25,25127.5,-8.75,-0.03%,3770
"2025-12-16 01:00",25133.75,25146.75,25124,25136.25,3.25,+0.01%,1438
"2025-12-16 00:30",25122.75,25133.75,25109,25133,11,+0.04%,1250
"2025-12-16 00:00",25114,25136,25104,25122,9.5,+0.04%,2246
"2025-12-15 23:30",25140.75,25142.25,25104.75,25112.5,-29.,-0.12%,2256
"2025-12-15 23:00",25164,25165,25138,25141.5,-23.,-0.09%,1613
"2025-12-15 22:30",25152,25175.5,25149,25164.5,12.25,+0.05%,1273
"2025-12-15 22:00",25160,25163.75,25122,25152.25,-8.5,-0.03%,1581
"2025-12-15 21:30",25131.25,25169,25103.5,25160.75,29.5,+0.12%,2443
"2025-12-15 21:00",25150.25,25165.75,25118.25,25131.25,-18.5,-0.07%,2282
"2025-12-15 20:30",25175.75,25179,25137.5,25149.75,-26.75,-0.11%,2698
"2025-12-15 20:00",25152.5,25184.5,25126,25176.5,23.5,+0.09%,2566
"2025-12-15 19:30",25242,25251.25,25112.5,25153,-90.25,-0.36%,7341
"2025-12-15 19:00",25252.5,25262.75,25230.5,25243.25,-9.25,-0.04%,2284
"2025-12-15 18:30",25283.75,25294.25,25244.75,25252.5,-30.75,-0.12%,2481
"2025-12-15 18:00",25307.25,25317.5,25239.75,25283.25,-23.,-0.09%,4158
"2025-12-15 17:30",25341.75,25343.75,25280.25,25306.25,-35.,-0.14%,2706
"2025-12-15 17:00",25345.75,25373.25,25334,25341.25,-7.5,-0.03%,1669
"2025-12-15 15:30",25334.5,25351,25334.25,25348.75,14,+0.06%,1322
"2025-12-15 15:00",25335,25357.5,25326.75,25334.75,0,0.00%,7202
"2025-12-15 14:30",25370,25376.5,25331,25334.75,-35.,-0.14%,20638
"2025-12-15 14:00",25400.75,25407.75,25356.5,25369.75,-31.25,-0.12%,11397
"2025-12-15 13:30",25386,25405,25357,25401,14.5,+0.06%,9393
"2025-12-15 13:00",25402.5,25433.5,25373.75,25386.5,-16.,-0.06%,9836
"2025-12-15 12:30",25346.75,25420,25329.75,25402.5,55.75,+0.22%,10346
"2025-12-15 12:00",25379.5,25414,25333.5,25346.75,-33.25,-0.13%,11862
"2025-12-15 11:30",25398.75,25436.75,25332.75,25380,-18.25,-0.07%,14269
"2025-12-15 11:00",25411.5,25427,25377.25,25398.25,-13.,-0.05%,11541
"2025-12-15 10:30",25505.25,25511.25,25366.5,25411.25,-93.25,-0.37%,20941
"2025-12-15 10:00",25404.5,25517,25371.5,25504.5,102,+0.40%,17860
"2025-12-15 09:30",25321.25,25447,25307,25402.5,82.5,+0.33%,28437
"2025-12-15 09:00",25479.25,25490.75,25285.75,25320,-159.5,-0.63%,42269
"2025-12-15 08:30",25666.75,25668,25468.25,25479.5,-187.25,-0.73%,41496
"2025-12-15 08:00",25640,25666.75,25631,25666.75,27,+0.11%,5923
"2025-12-15 07:30",25609.5,25642.75,25606.75,25639.75,33,+0.13%,3208
"2025-12-15 07:00",25611.25,25616.5,25595.25,25606.75,-5.,-0.02%,2091
"2025-12-15 06:30",25592.75,25621,25591,25611.75,20.25,+0.08%,2143
"2025-12-15 06:00",25614.5,25614.75,25584.5,25591.5,-24.,-0.09%,2490
"2025-12-15 05:30",25604,25617.75,25604,25615.5,11.25,+0.04%,1011
"2025-12-15 05:00",25596.5,25611.75,25588,25604.25,8.5,+0.03%,1170
"2025-12-15 04:30",25595.5,25601.25,25583,25595.75,-0.25,0.00%,1191
"2025-12-15 04:00",25582,25601.5,25577,25596,11.25,+0.04%,1324
"2025-12-15 03:30",25574.5,25593.5,25572,25584.75,11.25,+0.04%,1389
"2025-12-15 03:00",25542,25579.25,25531,25573.5,32,+0.13%,1854
"2025-12-15 02:30",25507.75,25548.25,25504,25541.5,35.75,+0.14%,1533
"2025-12-15 02:00",25509,25518.5,25486.5,25505.75,-2.25,-0.01%,1511
"2025-12-15 01:30",25503.5,25514,25493.5,25508,2,+0.01%,1252
"2025-12-15 01:00",25532,25541,25499,25506,-26.,-0.10%,1128
"2025-12-15 00:30",25519.5,25537.25,25509.75,25532,11.5,+0.05%,785
"2025-12-15 00:00",25533.5,25533.5,25507,25520.5,-14.25,-0.06%,801
"2025-12-14 23:30",25524.75,25539.75,25521.25,25534.75,8,+0.03%,461
"2025-12-14 23:00",25526.25,25529.5,25512,25526.75,0.25,0.00%,506
"2025-12-14 22:30",25510.25,25533.5,25504.5,25526.5,17.25,+0.07%,685
"2025-12-14 22:00",25513.25,25517.25,25490.5,25509.25,-3.,-0.01%,863
"2025-12-14 21:30",25505.5,25516.5,25503.25,25512.25,5,+0.02%,571
"2025-12-14 21:00",25520.25,25530.25,25502.75,25507.25,-11.75,-0.05%,758
"2025-12-14 20:30",25529.5,25542,25511,25519,-9.75,-0.04%,1048
"2025-12-14 20:00",25518.75,25533.5,25516,25528.75,9,+0.04%,1246
"2025-12-14 19:30",25493,25522,25492.5,25519.75,26.75,+0.10%,1157
"2025-12-14 19:00",25489.5,25496.75,25476.5,25493,3,+0.01%,960
"2025-12-14 18:30",25461.75,25498,25461.75,25490,28,+0.11%,994
"2025-12-14 18:00",25446.75,25469.5,25443,25462,14,+0.06%,1907
"2025-12-14 17:30",25424.75,25456,25422.25,25448,23.5,+0.09%,1205
"2025-12-14 17:00",25463.25,25497.25,25385,25424.5,-34.5,-0.14%,2972
"2025-12-12 15:30",25458.75,25469.5,25455,25459,-1.,0.00%,295
"2025-12-12 15:00",25467,25481.75,25455.25,25460,-6.,-0.02%,930
"2025-12-12 14:30",25464.75,25478,25400.75,25466,2,+0.01%,4536
"2025-12-12 14:00",25501,25515.75,25459.5,25464,-35.75,-0.14%,964
"2025-12-12 13:30",25479.25,25515,25479.25,25499.75,19.75,+0.08%,564
"2025-12-12 13:00",25535.75,25538.75,25469.75,25480,-53.75,-0.21%,1067
"2025-12-12 12:30",25591.5,25597,25529,25533.75,-57.75,-0.23%,669
"2025-12-12 12:00",25530.5,25623,25518.5,25591.5,64.5,+0.25%,1254
"2025-12-12 11:30",25478,25565.75,25446.5,25527,51.5,+0.20%,946
"2025-12-12 11:00",25426.75,25555.75,25421.25,25475.5,54.25,+0.21%,1435
"2025-12-12 10:30",25479.5,25479.5,25371.5,25421.25,-59.25,-0.23%,1573
"2025-12-12 10:00",25492.75,25529,25386,25480.5,-15.5,-0.06%,2785
"2025-12-12 09:30",25576.25,25657.75,25470,25496,-76.5,-0.30%,3277
"2025-12-12 09:00",25812.5,25815.75,25572.5,25572.5,-247.5,-0.96%,2552
"2025-12-12 08:30",25818,25879,25761.75,25820,1.5,+0.01%,3860
"2025-12-12 08:00",25886.25,25890.75,25818.5,25818.5,-67.,-0.26%,479
"2025-12-12 07:30",25849.75,25885.5,25838,25885.5,38.25,+0.15%,322
"2025-12-12 07:00",25824,25858.75,25820.25,25847.25,14.75,+0.06%,234
"2025-12-12 06:30",25833.5,25855,25811.25,25832.5,-5.,-0.02%,297
"2025-12-12 06:00",25813.75,25842.25,25799.25,25837.5,28.75,+0.11%,165
"2025-12-12 05:30",25832.25,25839.25,25793.75,25808.75,-21.5,-0.08%,249
"2025-12-12 05:00",25843,25845.25,25824.25,25830.25,-13.,-0.05%,137
"2025-12-12 04:30",25845.25,25852.25,25824.25,25843.25,0.75,0.00%,238
"2025-12-12 04:00",25847,25879.5,25834,25842.5,-2.75,-0.01%,212
"2025-12-12 03:30",25849.25,25855,25820.75,25845.25,-4.,-0.02%,174
"2025-12-12 03:00",25920.25,25924.75,25849.25,25849.25,-71.75,-0.28%,170
"2025-12-12 02:30",25927,25939.5,25910.5,25921,-10.5,-0.04%,79
"2025-12-12 02:00",25925,25940.25,25911.5,25931.5,4,+0.02%,174
"2025-12-12 01:30",25921.25,25934,25916.25,25927.5,4.25,+0.02%,81
"2025-12-12 01:00",25932.75,25936.25,25921,25923.25,-18.25,-0.07%,71
"2025-12-12 00:30",25960.5,25960.75,25935.25,25941.5,-20.25,-0.08%,65
"2025-12-12 00:00",25951.25,25964.25,25948.25,25961.75,12.25,+0.05%,49
"2025-12-11 23:30",25933.75,25956,25933.75,25949.5,16.75,+0.06%,69
"2025-12-11 23:00",25917,25933.75,25916.75,25932.75,16.5,+0.06%,56
"2025-12-11 22:30",25916.5,25924.5,25912.5,25916.25,-1.5,-0.01%,310
"2025-12-11 22:00",25925.5,25929.5,25915.5,25917.75,-9.,-0.03%,272
"2025-12-11 21:30",25924.5,25940.5,25922.25,25926.75,2.5,+0.01%,24
"2025-12-11 21:00",25954.25,25954.25,25922.25,25924.25,-26.75,-0.10%,42
"2025-12-11 20:30",25951.25,25957.75,25945.75,25951,4.75,+0.02%,45
"2025-12-11 20:00",25935,25958.5,25932.25,25946.25,9.5,+0.04%,99
"2025-12-11 19:30",25930,25936.75,25920.5,25936.75,3.75,+0.01%,61
"2025-12-11 19:00",25906.25,25935.25,25905.75,25933,32,+0.12%,85
"2025-12-11 18:30",25928.75,25942.25,25900.25,25901,-25.5,-0.10%,101
"2025-12-11 18:00",25925,25933,25900,25926.5,-3.5,-0.01%,100
"2025-12-11 17:30",25923.25,25950,25923.25,25930,8,+0.03%,119
"2025-12-11 17:00",25971,25990.75,25906.25,25922,-176.,-0.67%,177
"2025-12-11 15:30",26078.5,26116.5,26048,26098,23.5,+0.09%,110
"2025-12-11 15:00",25974.5,26090,25964.5,26074.5,99.75,+0.38%,394
"2025-12-11 14:30",25931.75,25977.25,25917.5,25974.75,39.75,+0.15%,371
"2025-12-11 14:00",25946.5,25962.75,25933.25,25935,-13.,-0.05%,218
"2025-12-11 13:30",25955,25979.75,25946.75,25948,-4.75,-0.02%,205
"2025-12-11 13:00",25896.75,25957,25892.75,25952.75,57.25,+0.22%,175
"2025-12-11 12:30",25879.75,25941,25866.75,25895.5,18.5,+0.07%,233
"2025-12-11 12:00",25847.25,25899.75,25844,25877,29.25,+0.11%,160
"2025-12-11 11:30",25862,25902.5,25835,25847.75,-14.75,-0.06%,189
"2025-12-11 11:00",25753,25890.5,25753,25862.5,105.25,+0.41%,400
"2025-12-11 10:30",25719.25,25844.25,25719.25,25757.25,36.5,+0.14%,501
"2025-12-11 10:00",25786.5,25815.75,25713.5,25720.75,-67.,-0.26%,460
"2025-12-11 09:30",25856.25,25866.75,25714.25,25787.75,-67.75,-0.26%,513
"2025-12-11 09:00",25666,25883.75,25645.25,25855.5,187,+0.73%,702
"2025-12-11 08:30",25901,25904.5,25655,25668.5,-238.,-0.92%,1199
"2025-12-11 08:00",25904.75,25935.75,25899,25906.5,11,+0.04%,124
"2025-12-11 07:30",25925,25932.25,25890,25895.5,-39.25,-0.15%,77
"2025-12-11 07:00",25947,25947,25920.25,25934.75,-20.25,-0.08%,63
"2025-12-11 06:30",25931.5,25955,25928.75,25955,23,+0.09%,61
"2025-12-11 06:00",25880.75,25933.25,25880.75,25932,54.5,+0.21%,96
"2025-12-11 05:30",25863.5,25884,25854,25877.5,18.5,+0.07%,27
"2025-12-11 05:00",25853.5,25864,25853.25,25859,2.5,+0.01%,16
"2025-12-11 04:30",25858.25,25858.75,25845.25,25856.5,-5.5,-0.02%,71
"2025-12-11 04:00",25862,25872,25839.25,25862,3.75,+0.01%,109
"2025-12-11 03:30",25840.5,25877.75,25834.5,25858.25,21.25,+0.08%,93
"2025-12-11 03:00",25799.75,25848,25799.75,25837,44,+0.17%,52
"2025-12-11 02:30",25742.25,25794.5,25734.75,25793,44,+0.17%,46
"2025-12-11 02:00",25774.75,25774.75,25737.5,25749,-46.,-0.18%,56
"2025-12-11 01:30",25783,25795.25,25780,25795,23.25,+0.09%,52
"2025-12-11 01:00",25748.5,25771.75,25732.25,25771.75,8.5,+0.03%,24
"2025-12-11 00:30",25731,25769.75,25731,25763.25,37.5,+0.15%,76
"2025-12-11 00:00",25771,25777.75,25725.75,25725.75,-46.75,-0.18%,83
"2025-12-10 23:30",25748,25775,25744.25,25772.5,25.5,+0.10%,54
"2025-12-10 23:00",25762.75,25763.5,25747,25747,-18.,-0.07%,52
"2025-12-10 22:30",25756.75,25776.75,25756.75,25765,4.75,+0.02%,27
"2025-12-10 22:00",25742.25,25792.5,25736.25,25760.25,10.5,+0.04%,113
"2025-12-10 21:30",25725.25,25750.5,25692,25749.75,17.5,+0.07%,180
"2025-12-10 21:00",25803,25803,25644.5,25732.25,-71.5,-0.28%,207
"2025-12-10 20:30",25864,25864.25,25780.75,25803.75,-59.5,-0.23%,201
"2025-12-10 20:00",25915,25915,25862.5,25863.25,-51.,-0.20%,50
"2025-12-10 19:30",25932.25,25934.5,25910,25914.25,-11.75,-0.05%,38
"2025-12-10 19:00",25925.25,25932.5,25915,25926,-10.5,-0.04%,38
"2025-12-10 18:30",25979,25979,25928,25936.5,-47.5,-0.18%,49
"2025-12-10 18:00",25981,25988,25970,25984,-4.,-0.02%,5
"2025-12-10 17:30",25986.25,25990.5,25984.5,25988,1,0.00%,30
"2025-12-10 17:00",26047.5,26047.5,25983.25,25987,-73.,-0.28%,69
"2025-12-10 15:30",26051,26065,26044,26060,4.5,+0.02%,15
"2025-12-10 15:00",26058,26059.5,26018.25,26055.5,-0.75,0.00%,95
"2025-12-10 14:30",26092.75,26119.5,26048,26056.25,-39.75,-0.15%,293
"2025-12-10 14:00",26090,26123.5,26046.75,26096,17.5,+0.07%,376
"2025-12-10 13:30",25923,26089,25868.75,26078.5,163.5,+0.63%,1095
"2025-12-10 13:00",25881.25,25994.75,25881.25,25915,48.75,+0.19%,682
"2025-12-10 12:30",25854,25883,25850.75,25866.25,4.5,+0.02%,123
"2025-12-10 12:00",25911.5,25912.5,25854,25861.75,-56.25,-0.22%,51
"2025-12-10 11:30",25876,25933.75,25873,25918,34.5,+0.13%,85
"2025-12-10 11:00",25903,25909.75,25872.25,25883.5,-27.75,-0.11%,70
"2025-12-10 10:30",25901.5,25911.25,25867.75,25911.25,7.25,+0.03%,69
"2025-12-10 10:00",25817.75,25906.25,25785,25904,80.25,+0.31%,222
"2025-12-10 09:30",25886.25,25893.75,25807,25823.75,-67.5,-0.26%,276
"2025-12-10 09:00",25877.5,25911,25862,25891.25,-0.75,0.00%,64
"2025-12-10 08:30",25889,25923.5,25825.5,25892,-4.,-0.02%,206
"2025-12-10 08:00",25932.25,25936.25,25896,25896,-40.5,-0.16%,65
"2025-12-10 07:30",25967,25971.75,25930.25,25936.5,-21.5,-0.08%,11
"2025-12-10 07:00",25905.5,25967,25905.5,25958,64.75,+0.25%,22
"2025-12-10 06:30",25902.25,25902.25,25885,25893.25,-5.25,-0.02%,9
"2025-12-10 06:00",25912.5,25912.5,25888.25,25898.5,-25.,-0.10%,14
"2025-12-10 05:30",25914.25,25927.25,25912.25,25923.5,3.5,+0.01%,18
"2025-12-10 05:00",25903.75,25946.25,25903.75,25920,-4.,-0.02%,51
"2025-12-10 04:30",25880,25924,25874,25924,35,+0.14%,46
"2025-12-10 04:00",25964.75,25980,25889,25889,-77.75,-0.30%,34
"2025-12-10 03:30",25967.75,25967.75,25961.25,25966.75,0,0.00%,6
"2025-12-10 03:00",25975.5,25984.75,25965,25966.75,-8.75,-0.03%,14
"2025-12-10 02:30",25979.75,25985,25960.5,25975.5,-17.5,-0.07%,12
"2025-12-10 02:00",25984.5,26000.25,25978,25993,9.5,+0.04%,17
"2025-12-10 01:30",25970.5,25985,25970.5,25983.5,11,+0.04%,10
"2025-12-10 01:00",25963.5,25972.5,25956.25,25972.5,14.25,+0.05%,6
"2025-12-10 00:30",25967.25,25968.25,25956,25958.25,2.5,+0.01%,6
"2025-12-10 00:00",25937.25,25959,25937.25,25955.75,19.75,+0.08%,7
"2025-12-09 23:30",25934,25939,25932.75,25936,5.75,+0.02%,7
"2025-12-09 23:00",25939.75,25939.75,25927,25930.25,-17.25,-0.07%,3
"2025-12-09 22:30",25948,25965.5,25947.5,25947.5,11.75,+0.05%,19
"2025-12-09 22:00",25937.5,25938.5,25935.75,25935.75,7,+0.03%,8
"2025-12-09 21:30",25928.75,25928.75,25920.5,25928.75,3.75,+0.01%,7
"2025-12-09 21:00",25934.5,25938.5,25925,25925,-1.25,0.00%,11
"2025-12-09 20:30",25921.75,25930.25,25921.75,25926.25,0.5,0.00%,12
"2025-12-09 20:00",25913,25925.75,25913,25925.75,17.5,+0.07%,2
"2025-12-09 19:30",25902.75,25913,25902.75,25908.25,8.5,+0.03%,8
"2025-12-09 19:00",25908.75,25908.75,25899.75,25899.75,-8.25,-0.03%,8
"2025-12-09 18:30",25927,25928.5,25908,25908,-10.25,-0.04%,15
"2025-12-09 18:00",25940.75,25945.5,25918.25,25918.25,-6.75,-0.03%,10
"2025-12-09 17:30",25931.5,25934.5,25925,25925,-3.5,-0.01%,5
"2025-12-09 17:00",25940,25940,25926.75,25928.5,-7.,-0.03%,3
"2025-12-09 15:30",25935.5,25937,25928.75,25935.5,0.5,0.00%,15
"2025-12-09 15:00",25956.75,25956.75,25929.75,25935,-22.25,-0.09%,46
"2025-12-09 14:30",25954.25,25975,25940,25957.25,3.5,+0.01%,126
"2025-12-09 14:00",25953.5,25962.75,25951,25953.75,-6.25,-0.02%,15
"2025-12-09 13:30",25971.25,25971.25,25945.75,25960,-4.,-0.02%,27
"2025-12-09 13:00",25968.5,25970.5,25952.75,25964,-17.25,-0.07%,54
"2025-12-09 12:30",25978.75,25990,25949,25981.25,-2.75,-0.01%,49
"2025-12-09 12:00",25970.5,25985.5,25964.75,25984,13.25,+0.05%,85
"2025-12-09 11:30",25969.25,25970.75,25946,25970.75,8.75,+0.03%,34
"2025-12-09 11:00",25958,25986.5,25944.25,25962,-6.75,-0.03%,59
"2025-12-09 10:30",25941.25,25968.75,25926,25968.75,24,+0.09%,99
"2025-12-09 10:00",25940,25962.5,25936.75,25944.75,9.5,+0.04%,134
"2025-12-09 09:30",25912.75,25936,25890,25935.25,19.75,+0.08%,77
"2025-12-09 09:00",25872.25,25919.5,25871.75,25915.5,39,+0.15%,54
"2025-12-09 08:30",25874.25,25898.5,25820,25876.5,16,+0.06%,212
"2025-12-09 08:00",25865.25,25865.25,25844,25860.5,-8.,-0.03%,10
"2025-12-09 07:30",25890,25890,25866,25868.5,-36.5,-0.14%,23
"2025-12-09 07:00",25908.25,25909.5,25896.25,25905,-6.,-0.02%,49
"2025-12-09 06:30",25914,25916.25,25911,25911,-3.25,-0.01%,9
"2025-12-09 06:00",25923.75,25925.75,25909.75,25914.25,-8.75,-0.03%,23
"2025-12-09 05:30",25914.25,25931,25914.25,25923,17.75,+0.07%,17
"2025-12-09 05:00",25911.75,25912,25890,25905.25,-17.75,-0.07%,9
"2025-12-09 04:30",25916.25,25923,25858.5,25923,0.25,0.00%,77
"2025-12-09 04:00",25911,25924,25908,25922.75,14.5,+0.06%,8
"2025-12-09 03:30",25921.25,25926,25903.5,25908.25,-7.,-0.03%,21
"2025-12-09 03:00",25934.5,25934.5,25915.25,25915.25,-40.25,-0.16%,5
"2025-12-09 02:30",25945,25957.5,25938,25955.5,6.5,+0.03%,6
"2025-12-09 02:00",25950,25962,25945,25949,-1.,0.00%,12
"2025-12-09 01:30",25934,25950,25934,25950,11.75,+0.05%,3
"2025-12-09 01:00",25942,25947.25,25938.25,25938.25,7.25,+0.03%,5
"2025-12-09 00:30",25937.5,25937.5,25926,25931,25.25,+0.10%,4
"2025-12-09 00:00",25907.5,25911.5,25904.5,25905.75,-17.75,-0.07%,10
"2025-12-08 23:30",25922.5,25932.5,25920.75,25923.5,1.75,+0.01%,5
"2025-12-08 23:00",25930,25930,25921.75,25921.75,-22.75,-0.09%,11
"2025-12-08 22:30",25944.5,25944.5,25944.5,25944.5,-2.25,-0.01%,1
"2025-12-08 21:30",25952.75,25952.75,25946.75,25946.75,-2.75,-0.01%,2
"2025-12-08 21:00",25939,25950.25,25939,25949.5,4.5,+0.02%,3
"2025-12-08 20:30",25946,25946,25945,25945,-8.25,-0.03%,2
"2025-12-08 20:00",25947,25960,25945.75,25953.25,7.25,+0.03%,6
"2025-12-08 19:30",25959.5,25960.75,25946,25946,-30.25,-0.12%,9
"2025-12-08 19:00",25968.5,25977.5,25958,25976.25,1.25,0.00%,12
"2025-12-08 18:30",25967,25975,25967,25975,4,+0.02%,2
"2025-12-08 18:00",25970,25975,25968.25,25971,-5.,-0.02%,6
"2025-12-08 17:30",25950,25976,25946,25976,22,+0.08%,8
"2025-12-08 17:00",25960,25976.75,25950,25954,-3.75,-0.01%,19
"2025-12-08 15:30",25949,25959.5,25934.5,25957.75,33,+0.13%,30
"2025-12-08 15:00",25924.75,25924.75,25907,25924.75,7.75,+0.03%,23
"2025-12-08 14:30",25870,25922.5,25849,25917,49,+0.19%,172
"2025-12-08 14:00",25849.25,25868,25842,25868,23,+0.09%,50
"2025-12-08 13:30",25851.75,25870,25844.5,25845,-10.5,-0.04%,47
"2025-12-08 13:00",25836.5,25862,25825.25,25855.5,19.25,+0.07%,76
"2025-12-08 12:30",25873.25,25892,25821.25,25836.25,-47.75,-0.18%,98
"2025-12-08 12:00",25931.5,25944.5,25884,25884,-52.25,-0.20%,118
"2025-12-08 11:30",25868.5,25940,25867.25,25936.25,70.75,+0.27%,196
"2025-12-08 11:00",25888.25,25894,25847.75,25865.5,-33.25,-0.13%,97
"2025-12-08 10:30",25915.5,25915.5,25888.75,25898.75,-16.25,-0.06%,76
"2025-12-08 10:00",25913.75,25916,25882.75,25915,1.25,0.00%,129
"2025-12-08 09:30",25951.25,25973.25,25902.75,25913.75,-36.25,-0.14%,129
"2025-12-08 09:00",25999.25,26026,25918,25950,-47.,-0.18%,151
"2025-12-08 08:30",26042,26106,25978.75,25997,-50.5,-0.19%,230
"2025-12-08 08:00",26067.75,26077,26035.75,26047.5,-9.75,-0.04%,39
"2025-12-08 07:30",26050,26067,26041.75,26057.25,-3.75,-0.01%,40
"2025-12-08 07:00",26057.5,26085,26054.25,26061,4.5,+0.02%,24
"2025-12-08 06:30",26039.5,26062.75,26039.5,26056.5,17.75,+0.07%,14
"2025-12-08 06:00",26021.75,26040,26019,26038.75,10.25,+0.04%,10
"2025-12-08 05:30",26028,26034.75,26026.75,26028.5,-2.75,-0.01%,39
"2025-12-08 05:00",26040,26049,26029.25,26031.25,-19.5,-0.07%,15
"2025-12-08 04:30",26042,26051,26042,26050.75,20.75,+0.08%,13
"2025-12-08 04:00",26030.5,26031,26019.25,26030,3.25,+0.01%,13
"2025-12-08 03:30",26046.25,26046.25,26026.75,26026.75,-21.75,-0.08%,11
"2025-12-08 03:00",26028,26048.5,26028,26048.5,19.25,+0.07%,11
"2025-12-08 02:30",26039.25,26047,26024.75,26029.25,-7.25,-0.03%,11
"2025-12-08 02:00",26049,26054.5,26036.5,26036.5,-24.75,-0.09%,17
"2025-12-08 01:30",26066.75,26077.25,26061.25,26061.25,-8.5,-0.03%,13
"2025-12-08 01:00",26042.25,26069.75,26042.25,26069.75,26.75,+0.10%,12
"2025-12-08 00:30",26061.5,26061.5,26043,26043,-19.5,-0.07%,10
"2025-12-08 00:00",26048,26062.5,26045.5,26062.5,13.5,+0.05%,8
"2025-12-07 23:30",26054.75,26055,26043.25,26049,-7.5,-0.03%,13
"2025-12-07 23:00",26050.25,26056.5,26050.25,26056.5,10,+0.04%,5
"2025-12-07 22:30",26052,26052,26046.5,26046.5,-1.,0.00%,2
"2025-12-07 22:00",26046.25,26047.5,26046.25,26047.5,1.5,+0.01%,3
"2025-12-07 21:30",26037.75,26046,26037.75,26046,6,+0.02%,4
"2025-12-07 21:00",26038,26040,26034.5,26040,16,+0.06%,4
"2025-12-07 20:30",26028,26031.75,26022.5,26024,-2.,-0.01%,10
"2025-12-07 20:00",26018.75,26026,26018.75,26026,6.75,+0.03%,3
"2025-12-07 19:30",26008.75,26021.25,26008.75,26019.25,12.75,+0.05%,18
"2025-12-07 19:00",25998,26015.75,25998,26006.5,3,+0.01%,27
"2025-12-07 18:30",25987.5,26003.5,25987.5,26003.5,22.5,+0.09%,4
"2025-12-07 18:00",25995,25995,25961.5,25981,-18.25,-0.07%,18
"2025-12-07 17:30",26006.25,26010.5,25997.25,25999.25,15.75,+0.06%,6
"2025-12-07 17:00",25997.25,26026.5,25981.5,25983.5,-1.5,-0.01%,32
"2025-12-05 15:30",25986,25988,25985,25985,2.75,+0.01%,7
"2025-12-05 15:00",25977.75,25995.75,25977.75,25982.25,-6.,-0.02%,13
"2025-12-05 14:30",25973.75,25988.25,25936.25,25988.25,12.25,+0.05%,35
"2025-12-05 14:00",25980,25991,25970,25976,-13.5,-0.05%,18
"2025-12-05 13:30",25975.25,25991.25,25957,25989.5,14.5,+0.06%,27
"2025-12-05 13:00",25978,25983.25,25964,25975,-7.,-0.03%,14
"2025-12-05 12:30",25996.5,26004,25975,25982,-15.75,-0.06%,17
"2025-12-05 12:00",25984.5,25997.75,25956.5,25997.75,25.5,+0.10%,77
"2025-12-05 11:30",25945,25990.5,25918,25972.25,20.25,+0.08%,44
"2025-12-05 11:00",25976,25986,25940.25,25952,-31.25,-0.12%,41
"2025-12-05 10:30",25946.75,26010,25910,25983.25,34.25,+0.13%,179
"2025-12-05 10:00",26010,26014,25936.75,25949,-39.25,-0.15%,99
"2025-12-05 09:30",26099.25,26112,25971,25988.25,-98.25,-0.38%,98
"2025-12-05 09:00",26058,26120,26021,26086.5,38.75,+0.15%,156
"2025-12-05 08:30",25939.75,26054.75,25928.75,26047.75,123,+0.47%,226
"2025-12-05 08:00",25872.5,25928.5,25872.5,25924.75,60.25,+0.23%,35
"2025-12-05 07:30",25935.5,25935.5,25832.75,25864.5,-64.75,-0.25%,92
"2025-12-05 07:00",25959,25959,25929.25,25929.25,-27.75,-0.11%,13
"2025-12-05 06:30",25963.5,25967.75,25951.5,25957,-2.75,-0.01%,13
"2025-12-05 06:00",25971,25985,25959.75,25959.75,-9.5,-0.04%,22
"2025-12-05 05:30",25973,25973.5,25969.25,25969.25,-3.,-0.01%,3
"2025-12-05 05:00",25977.75,25977.75,25970.75,25972.25,3.25,+0.01%,4
"2025-12-05 04:30",25981.75,25982,25969,25969,-8.5,-0.03%,3
"2025-12-05 04:00",25980,25980,25977.5,25977.5,6.25,+0.02%,5
"2025-12-05 03:00",25975,25985.75,25971.25,25971.25,-15.25,-0.06%,4
"2025-12-05 02:30",25997,25999,25982,25986.5,-8.,-0.03%,31
"2025-12-05 02:00",25976.75,26006,25976.75,25994.5,22,+0.08%,52
"2025-12-05 01:30",25977,25981.25,25970.25,25972.5,-5.25,-0.02%,12
"2025-12-05 01:00",25972.25,25980,25963,25977.75,9.5,+0.04%,4
"2025-12-05 00:30",25966,25971.75,25957.25,25968.25,-13.,-0.05%,20
"2025-12-05 00:00",25978.25,25981.25,25977.25,25981.25,6.25,+0.02%,7
"2025-12-04 23:30",25961,25975,25961,25975,9,+0.03%,3
"2025-12-04 23:00",25965,25972.25,25965,25966,1,0.00%,7
"2025-12-04 22:30",25959,25965,25954,25965,3.5,+0.01%,19
"2025-12-04 22:00",25962.5,25964.75,25959,25961.5,6.5,+0.03%,6
"2025-12-04 21:30",25939.5,25955,25939.5,25955,12,+0.05%,6
"2025-12-04 21:00",25943.25,25952.75,25938.5,25943,8,+0.03%,21
"2025-12-04 20:30",25953,25953,25935,25935,-25.,-0.10%,45
"2025-12-04 20:00",25933,25960,25933,25960,28.5,+0.11%,37
"2025-12-04 19:30",25922.5,25932.5,25917,25931.5,12.5,+0.05%,10
"2025-12-04 19:00",25912.5,25922,25905,25919,20.25,+0.08%,20
"2025-12-04 18:30",25891,25901.75,25891,25898.75,27.25,+0.11%,8
"2025-12-04 18:00",25871.5,25871.5,25871.5,25871.5,8.75,+0.03%,1
"2025-12-04 17:30",25883.25,25883.25,25861.5,25862.75,-21.25,-0.08%,5
"2025-12-04 17:00",25892.5,25893.25,25882.5,25884,6,+0.02%,7
"2025-12-04 15:30",25882,25882,25873.75,25878,-8.25,-0.03%,4
"2025-12-04 15:00",25882.5,25886.25,25870,25886.25,7,+0.03%,11
"2025-12-04 14:30",25812.5,25879.25,25812.5,25879.25,52.75,+0.20%,57
"2025-12-04 14:00",25830.25,25842,25801.25,25826.5,-22.,-0.09%,16
"2025-12-04 13:30",25814.5,25858,25814.5,25848.5,58.5,+0.23%,21
"2025-12-04 13:00",25855.5,25860.5,25742.75,25790,-61.5,-0.24%,74
"2025-12-04 12:30",25871.75,25881,25851.5,25851.5,-21.25,-0.08%,12
"2025-12-04 12:00",25866.25,25876,25835.25,25872.75,7,+0.03%,25
"2025-12-04 11:30",25845.75,25865.75,25840,25865.75,0.75,0.00%,17
"2025-12-04 11:00",25888,25895,25850.5,25865,-28.75,-0.11%,31
"2025-12-04 10:30",25830.25,25900,25816.25,25893.75,76.75,+0.30%,79
"2025-12-04 10:00",25820,25839.75,25757.25,25817,-9.75,-0.04%,206
"2025-12-04 09:30",25843.5,25886.75,25820,25826.75,-14.25,-0.06%,59
"2025-12-04 09:00",25807,25841,25771.75,25841,34.5,+0.13%,169
"2025-12-04 08:30",25962.25,25962.25,25793.75,25806.5,-157.25,-0.61%,196
"2025-12-04 08:00",25907.75,25980,25907.75,25963.75,82.25,+0.32%,44
"2025-12-04 07:30",25894.25,25894.25,25870,25881.5,-21.5,-0.08%,10
"2025-12-04 07:00",25909.5,25909.5,25903,25903,-9.,-0.03%,3
"2025-12-04 06:30",25917.5,25924.75,25912,25912,-4.75,-0.02%,6
"2025-12-04 06:00",25915,25917,25915,25916.75,18.25,+0.07%,3
"2025-12-04 05:30",25900.75,25905.25,25898.5,25898.5,10.5,+0.04%,14
"2025-12-04 05:00",25891,25900,25888,25888,-7.25,-0.03%,22
"2025-12-04 04:30",25903,25903,25895.25,25895.25,-35.25,-0.14%,5
"2025-12-04 04:00",25924.75,25930.5,25922.25,25930.5,-5.,-0.02%,7
"2025-12-04 03:30",25897.75,25943,25897.75,25935.5,37.75,+0.15%,30
"2025-12-04 03:00",25895.25,25897.75,25861.75,25897.75,-2.,-0.01%,6
"2025-12-04 02:30",25868,25899.75,25868,25899.75,29.25,+0.11%,2
"2025-12-04 02:00",25898.25,25898.25,25870.5,25870.5,-32.75,-0.13%,7
"2025-12-04 01:30",25910,25910.5,25903.25,25903.25,-8.75,-0.03%,5
"2025-12-04 01:00",25918,25918,25908,25912,12,+0.05%,5
"2025-12-04 00:30",25906.75,25906.75,25900,25900,-0.75,0.00%,2
"2025-12-04 00:00",25907,25907,25900.75,25900.75,11.5,+0.04%,2
"2025-12-03 23:30",25889.25,25889.25,25889.25,25889.25,11.5,+0.04%,1
"2025-12-03 22:00",25877.75,25877.75,25877.75,25877.75,10.75,+0.04%,1
"2025-12-03 21:30",25867,25867,25867,25867,-21.75,-0.08%,1
"2025-12-03 21:00",25897.25,25897.25,25888.75,25888.75,-16.75,-0.06%,2
"2025-12-03 20:30",25904.5,25905.5,25904.5,25905.5,30,+0.12%,3
"2025-12-03 20:00",25895.5,25899,25875,25875.5,-14.5,-0.06%,10
"2025-12-03 19:30",25894.75,25894.75,25890,25890,-14.5,-0.06%,3
"2025-12-03 18:30",25904.5,25904.5,25904.5,25904.5,7.5,+0.03%,1
"2025-12-03 17:30",25903.25,25905.75,25895,25897,-0.5,0.00%,8
"2025-12-03 17:00",25897,25901,25897,25897.5,4.75,+0.02%,8
"2025-12-03 15:30",25890,25892.75,25887,25892.75,-11.,-0.04%,6
"2025-12-03 15:00",25911.5,25916,25898.25,25903.75,-5.25,-0.02%,20
"2025-12-03 14:30",25920.5,25926.5,25900,25909,-23.5,-0.09%,29
"2025-12-03 14:00",25923,25933.5,25911.25,25932.5,13.25,+0.05%,44
"2025-12-03 13:30",25898,25920.75,25896.75,25919.25,21.25,+0.08%,15
"2025-12-03 13:00",25877.75,25902.25,25877.75,25898,15.75,+0.06%,30
"2025-12-03 12:30",25880,25903,25878.5,25882.25,21,+0.08%,44
"2025-12-03 12:00",25875.75,25885.75,25861.25,25861.25,-9.75,-0.04%,28
"2025-12-03 11:30",25872.5,25885.5,25857.75,25871,3.5,+0.01%,21
"2025-12-03 11:00",25817.25,25880,25817.25,25867.5,57.5,+0.22%,79
"2025-12-03 10:30",25836.25,25866,25780,25810,-2.5,-0.01%,67
"2025-12-03 10:00",25838.75,25844.5,25781,25812.5,-2.,-0.01%,32
"2025-12-03 09:30",25773.75,25852.5,25753.5,25814.5,37.5,+0.15%,78
"2025-12-03 09:00",25774.5,25822,25750.5,25777,39,+0.15%,83
"2025-12-03 08:30",25756.5,25780.75,25690.25,25738,-10.,-0.04%,182
"2025-12-03 08:00",25900.25,25903.5,25678.5,25748,-154.,-0.59%,195
"2025-12-03 07:30",25910,25920.5,25902,25902,-16.,-0.06%,16
"2025-12-03 07:00",25915,25928.75,25898,25918,6,+0.02%,35
"2025-12-03 06:30",25915.5,25915.5,25912,25912,12.5,+0.05%,12
"2025-12-03 06:00",25884,25903.25,25884,25899.5,3.75,+0.01%,4
"2025-12-03 05:30",25890.5,25895.75,25890.5,25895.75,29.25,+0.11%,2
"2025-12-03 04:30",25874.25,25874.25,25866.5,25866.5,-18.25,-0.07%,2
"2025-12-03 03:30",25871,25891.5,25871,25884.75,11.5,+0.04%,17
"2025-12-03 03:00",25874,25874,25873.25,25873.25,-40.5,-0.16%,2
"2025-12-03 02:30",25871.5,25913.75,25871.5,25913.75,33.75,+0.13%,12
"2025-12-03 02:00",25917.75,25917.75,25880,25880,-24.5,-0.09%,15
"2025-12-03 01:30",25921,25921,25904.5,25904.5,-20.5,-0.08%,6
"2025-12-03 01:00",25921,25925,25921,25925,17.25,+0.07%,2
"2025-12-03 00:30",25894.25,25917.5,25892.5,25907.75,3.5,+0.01%,23
"2025-12-03 00:00",25910,25910,25904.25,25904.25,-11.75,-0.05%,2
"2025-12-02 23:30",25919,25919,25916,25916,2.75,+0.01%,2
"2025-12-02 22:30",25913.25,25913.25,25913.25,25913.25,-16.75,-0.06%,1
"2025-12-02 21:30",25923.5,25930,25922,25930,14.75,+0.06%,5
"2025-12-02 21:00",25906.75,25915.25,25906.75,25915.25,-8.5,-0.03%,3
"2025-12-02 20:00",25907.75,25923.75,25907.75,25923.75,34.5,+0.13%,5
"2025-12-02 19:30",25893,25896.75,25889.25,25889.25,2.75,+0.01%,5
"2025-12-02 19:00",25888,25888,25886.5,25886.5,5.75,+0.02%,2
"2025-12-02 18:30",25855.5,25890.25,25855.5,25880.75,40.75,+0.16%,4
"2025-12-02 18:00",25840,25840,25839,25840,-32.,-0.12%,3
"2025-12-02 17:00",25873,25873.25,25872,25872,30.25,+0.12%,3
"2025-12-02 15:30",25847,25847,25840,25841.75,-5.25,-0.02%,4
"2025-12-02 15:00",25855.75,25860,25847,25847,-14.,-0.05%,13
"2025-12-02 14:30",25891,25898,25848,25861,-18.5,-0.07%,29
"2025-12-02 14:00",25878,25885.5,25871,25879.5,-11.75,-0.05%,38
"2025-12-02 13:30",25842.75,25892,25835,25891.25,71.25,+0.28%,107
"2025-12-02 13:00",25841.5,25861.5,25820,25820,-10.,-0.04%,20
"2025-12-02 12:30",25799.5,25837,25785,25830,27,+0.10%,28
"2025-12-02 12:00",25769.5,25819.5,25769.5,25803,35,+0.14%,16
"2025-12-02 11:30",25865.5,25868,25768,25768,-88.25,-0.34%,28
"2025-12-02 11:00",25788,25864,25768,25856.25,94.5,+0.37%,64
"2025-12-02 10:30",25706,25780,25669,25761.75,56.25,+0.22%,71
"2025-12-02 10:00",25899,25912.25,25700.25,25705.5,-201.5,-0.78%,139
"2025-12-02 09:30",25827.75,25925.5,25786,25907,82.75,+0.32%,69
"2025-12-02 09:00",25851.75,25904.75,25824.25,25824.25,-25.,-0.10%,105
"2025-12-02 08:30",25744.5,25861.75,25733.75,25849.25,106.25,+0.41%,140
"2025-12-02 08:00",25763,25775.75,25743,25743,2.5,+0.01%,22
"2025-12-02 07:30",25737,25765,25737,25740.5,-8.75,-0.03%,14
"2025-12-02 07:00",25744,25749.25,25743,25749.25,-3.25,-0.01%,27
"2025-12-02 06:30",25734.25,25752.5,25711,25752.5,20,+0.08%,23
"2025-12-02 06:00",25725.5,25732.5,25722.25,25732.5,-19.,-0.07%,29
"2025-12-02 05:30",25756.75,25760.25,25743.25,25751.5,8.5,+0.03%,6
"2025-12-02 05:00",25738,25750,25735,25743,0,0.00%,13
"2025-12-02 04:30",25713,25753.5,25709.5,25743,37,+0.14%,24
"2025-12-02 04:00",25699,25710,25694.5,25706,7,+0.03%,11
"2025-12-02 03:30",25686.25,25700.5,25681.25,25699,-2.,-0.01%,5
"2025-12-02 03:00",25672.5,25703,25672.5,25701,22.5,+0.09%,28
"2025-12-02 02:30",25611.75,25678.5,25611.75,25678.5,63.5,+0.25%,13
"2025-12-02 02:00",25609.5,25615,25582,25615,6.5,+0.03%,38
"2025-12-02 01:30",25608.5,25608.5,25608.5,25608.5,-26.25,-0.10%,1
"2025-12-02 01:00",25633.25,25634.75,25625.25,25634.75,4.75,+0.02%,23
"2025-12-02 00:30",25605.5,25630,25601,25630,37,+0.14%,8
"2025-12-02 00:00",25620,25620,25591,25593,-34.,-0.13%,9
"2025-12-01 23:30",25627,25628,25620,25627,4.25,+0.02%,5
"2025-12-01 23:00",25622.5,25624.5,25620.25,25622.75,-21.,-0.08%,4
"2025-12-01 22:30",25643,25643.75,25641.25,25643.75,0.75,0.00%,4
"2025-12-01 22:00",25643,25643,25643,25643,-5.,-0.02%,1
"2025-12-01 21:30",25600.5,25652,25600.5,25648,29.25,+0.11%,6
"2025-12-01 21:00",25670,25670,25618.75,25618.75,-55.,-0.21%,16
"2025-12-01 20:30",25649.5,25673.75,25649.5,25673.75,20,+0.08%,6
"2025-12-01 20:00",25665,25665,25637.5,25653.75,-17.25,-0.07%,27
"2025-12-01 19:30",25681,25681,25669.75,25671,-28.25,-0.11%,7
"2025-12-01 19:00",25669,25706,25669,25699.25,40.5,+0.16%,17
"2025-12-01 18:30",25654,25658.75,25654,25658.75,1.5,+0.01%,2
"2025-12-01 18:00",25641.75,25657.25,25638,25657.25,-1.75,-0.01%,7
"2025-12-01 17:30",25659,25659,25659,25659,-8.5,-0.03%,1
"2025-12-01 17:00",25670.5,25670.5,25632.25,25667.5,20,+0.08%,15
"2025-12-01 15:30",25647.5,25647.5,25647.5,25647.5,2.25,+0.01%,1
"2025-12-01 15:00",25655,25655,25645.25,25645.25,25.25,+0.10%,4
"2025-12-01 14:30",25645,25669,25620,25620,-25.5,-0.10%,50
"2025-12-01 14:00",25625.25,25661,25624.25,25645.5,25,+0.10%,21
"2025-12-01 13:30",25642.25,25649.75,25612.5,25620.5,-27.25,-0.11%,25
"2025-12-01 13:00",25728,25728,25643,25647.75,-93.,-0.36%,72
"2025-12-01 12:30",25726.75,25740.75,25719,25740.75,20,+0.08%,67
"2025-12-01 12:00",25700,25736.25,25700,25720.75,4.75,+0.02%,20
"2025-12-01 11:30",25715,25746.75,25705.75,25716,9.5,+0.04%,39
"2025-12-01 11:00",25690,25718,25685.25,25706.5,21.5,+0.08%,20
"2025-12-01 10:30",25645.5,25700,25640,25685,96.25,+0.38%,38
"2025-12-01 10:00",25666,25666,25575,25588.75,-81.5,-0.32%,23
"2025-12-01 09:30",25565,25670.25,25550,25670.25,87.75,+0.34%,93
"2025-12-01 09:00",25620,25637.25,25576.5,25582.5,-13.,-0.05%,74
"2025-12-01 08:30",25544.5,25626.75,25467,25595.5,88.5,+0.35%,106
"2025-12-01 08:00",25515.25,25541.75,25507,25507,8.75,+0.03%,14
"2025-12-01 07:30",25488,25508,25488,25498.25,14.75,+0.06%,9
"2025-12-01 07:00",25471.75,25483.5,25471.75,25483.5,9.25,+0.04%,3
"2025-12-01 06:30",25500,25500,25463,25474.25,-41.5,-0.16%,32
"2025-12-01 06:00",25557.75,25557.75,25515.25,25515.75,-36.5,-0.14%,7
"2025-12-01 05:30",25539.25,25556.25,25539.25,25552.25,-4.75,-0.02%,5
"2025-12-01 05:00",25557,25557,25557,25557,-15.,-0.06%,1
"2025-12-01 04:30",25581.5,25581.5,25572,25572,5.75,+0.02%,7
"2025-12-01 04:00",25544,25572.5,25544,25566.25,38.75,+0.15%,46
"2025-12-01 03:30",25567.25,25573.75,25527.5,25527.5,-43.5,-0.17%,10
"2025-12-01 03:00",25575,25595,25571,25571,-3.,-0.01%,4
"2025-12-01 02:30",25578.75,25578.75,25574,25574,-6.5,-0.03%,3
"2025-12-01 02:00",25542,25593,25542,25580.5,53,+0.21%,10
"2025-12-01 01:30",25527.5,25529.25,25526,25527.5,17.25,+0.07%,4
"2025-12-01 01:00",25520.5,25520.5,25510.25,25510.25,-9.,-0.04%,2
"2025-12-01 00:30",25523.5,25525.25,25514.75,25519.25,2.25,+0.01%,15
"2025-12-01 00:00",25490,25517,25490,25517,38,+0.15%,15
"2025-11-30 23:30",25452.25,25479,25452.25,25479,17.75,+0.07%,2
"2025-11-30 23:00",25476.75,25476.75,25457,25461.25,-20.75,-0.08%,13
"2025-11-30 22:30",25510,25510,25480,25482,-21.,-0.08%,10
"2025-11-30 22:00",25515,25517.25,25503,25503,-5.,-0.02%,7
"2025-11-30 21:30",25494.5,25517,25494.5,25508,13.5,+0.05%,5
"2025-11-30 21:00",25521.25,25527,25494.5,25494.5,-39.,-0.15%,6
"2025-11-30 20:30",25552,25552,25521.5,25533.5,-2.5,-0.01%,13
"2025-11-30 20:00",25568.25,25568.25,25536,25536,-35.5,-0.14%,8
"2025-11-30 19:30",25552.75,25588,25552.75,25571.5,-1.,0.00%,9
"2025-11-30 19:00",25567.25,25578.25,25531.25,25572.5,-4.75,-0.02%,59
"2025-11-30 18:30",25637.5,25637.5,25565,25577.25,-63.25,-0.25%,67
"2025-11-30 18:00",25698.75,25698.75,25624,25640.5,-79.5,-0.31%,32
"2025-11-30 17:30",25744,25744,25700,25720,-29.75,-0.12%,11
"2025-11-30 17:00",25743.5,25779,25729.75,25749.75,17.75,+0.07%,15
"2025-11-28 12:00",25740.5,25750.75,25732,25732,-10.5,-0.04%,25
"2025-11-28 11:30",25668,25742.5,25650,25742.5,62,+0.24%,33
"2025-11-28 11:00",25680.5,25680.5,25680.5,25680.5,9.25,+0.04%,2
"2025-11-28 10:30",25630,25685,25627.75,25671.25,24.75,+0.10%,38
"2025-11-28 10:00",25662.25,25689,25629.75,25646.5,-13.5,-0.05%,50
"2025-11-28 09:30",25623.25,25660,25623.25,25660,40,+0.16%,12
"2025-11-28 09:00",25638.25,25650,25620,25620,-11.,-0.04%,9
"2025-11-28 08:30",25646.25,25675,25591.25,25631,6,+0.02%,39
"2025-11-28 08:00",25625,25632.25,25609,25625,-0.5,0.00%,8
"2025-11-28 07:30",25648,25650,25625.5,25625.5,16.5,+0.06%,13
"2025-11-27 20:30",25608.75,25609,25608.75,25609,0.25,0.00%,3
"2025-11-27 20:00",25608.75,25608.75,25608.75,25608.75,1.75,+0.01%,1
"2025-11-27 19:30",25604,25607,25604,25607,9.5,+0.04%,2
"2025-11-27 18:30",25588,25597.5,25588,25597.5,0.75,0.00%,2
"2025-11-27 18:00",25591.25,25605.25,25591.25,25596.75,11.75,+0.05%,12
"2025-11-27 17:30",25585,25585,25585,25585,4.5,+0.02%,2
"2025-11-27 17:00",25579,25580.5,25571.25,25580.5,30,+0.12%,11
"2025-11-27 11:30",25550.5,25550.5,25550.5,25550.5,-1.5,-0.01%,1
"2025-11-27 10:30",25552,25552,25552,25552,-1.,0.00%,1
"2025-11-27 09:30",25550.5,25553,25550.5,25553,-2.,-0.01%,2
"2025-11-27 09:00",25555,25555,25555,25555,4.5,+0.02%,3
"2025-11-27 08:30",25566.25,25566.25,25550.5,25550.5,-9.5,-0.04%,3
"2025-11-27 08:00",25560,25560,25560,25560,-2.25,-0.01%,1
"2025-11-27 07:30",25565,25565,25562.25,25562.25,12.25,+0.05%,2
"2025-11-27 07:00",25552.75,25552.75,25550,25550,-8.75,-0.03%,4
"2025-11-27 06:30",25560,25560,25551.75,25558.75,-1.25,0.00%,4
"2025-11-27 06:00",25559.5,25560,25559.5,25560,-3.,-0.01%,6
"2025-11-27 05:30",25565,25578,25563,25563,0,0.00%,5
"2025-11-27 05:00",25575,25575,25563,25563,-3.,-0.01%,10
"2025-11-27 04:30",25565,25566,25565,25566,5,+0.02%,10
"2025-11-27 04:00",25555.75,25561,25555.75,25561,-14.75,-0.06%,3
"2025-11-27 03:30",25578,25580,25575.75,25575.75,21.25,+0.08%,3
"2025-11-27 03:00",25560,25560,25554.5,25554.5,-1.,0.00%,2
"2025-11-27 02:30",25572,25572,25555.5,25555.5,-17.5,-0.07%,4
"2025-11-27 02:00",25550,25579,25550,25573,1.25,0.00%,4
"2025-11-27 01:30",25555.5,25571.75,25555.5,25571.75,12.5,+0.05%,2
"2025-11-27 01:00",25558.5,25560,25557.75,25559.25,-0.75,0.00%,13
"2025-11-27 00:30",25559,25562,25559,25560,-4.5,-0.02%,3
"2025-11-27 00:00",25564.5,25564.5,25564.5,25564.5,-25.5,-0.10%,1
"2025-11-26 23:00",25580,25590,25580,25590,8.75,+0.03%,4
"2025-11-26 22:30",25578,25581.25,25578,25581.25,16.25,+0.06%,3
"2025-11-26 22:00",25565,25565,25565,25565,0.5,0.00%,1
"2025-11-26 21:30",25564.5,25564.5,25564.5,25564.5,-11.25,-0.04%,1
"2025-11-26 21:00",25569.25,25575.75,25565,25575.75,2.25,+0.01%,5
"2025-11-26 20:30",25580.25,25580.25,25573.5,25573.5,-12.5,-0.05%,6
"2025-11-26 20:00",25592.25,25592.25,25586,25586,14,+0.05%,10
"2025-11-26 19:00",25588,25588,25572,25572,-1.25,0.00%,2
"2025-11-26 18:30",25573.25,25573.25,25573.25,25573.25,-4.,-0.02%,1
"2025-11-26 18:00",25577.25,25577.25,25577.25,25577.25,-2.75,-0.01%,1
"2025-11-26 17:30",25578.25,25585,25578.25,25580,8,+0.03%,6
"2025-11-26 17:00",25583.25,25590.5,25568.75,25572,-3.,-0.01%,44
"2025-11-26 15:00",25562.5,25575,25560.25,25575,23.5,+0.09%,28
"2025-11-26 14:30",25600,25600,25542.75,25551.5,-54.5,-0.21%,50
"2025-11-26 14:00",25595,25606,25595,25606,35,+0.14%,3
"2025-11-26 13:30",25605,25605,25568.5,25571,-24.,-0.09%,19
"2025-11-26 13:00",25590.5,25595,25575,25595,35,+0.14%,3
"2025-11-26 12:30",25565,25565,25560,25560,-45.,-0.18%,2
"2025-11-26 12:00",25601.75,25605,25536.75,25605,6,+0.02%,24
"2025-11-26 11:30",25601.25,25610,25599,25599,22.25,+0.09%,11
"2025-11-26 11:00",25590,25590.25,25567.75,25576.75,-33.25,-0.13%,7
"2025-11-26 10:30",25570,25628.5,25570,25610,19.5,+0.08%,61
"2025-11-26 10:00",25526.75,25590.5,25520,25590.5,70.5,+0.28%,40
"2025-11-26 09:30",25453.75,25522.75,25450,25520,73.5,+0.29%,31
"2025-11-26 09:00",25394.5,25468,25393.5,25446.5,22,+0.09%,47
"2025-11-26 08:30",25474.25,25530,25405.75,25424.5,-55.5,-0.22%,277
"2025-11-26 08:00",25453,25480,25429,25480,24,+0.09%,19
"2025-11-26 07:30",25451.75,25456,25424.25,25456,15,+0.06%,8
"2025-11-26 07:00",25428.75,25444,25428.75,25441,11,+0.04%,15
"2025-11-26 06:30",25378.75,25430,25378.75,25430,45.25,+0.18%,21
"2025-11-26 06:00",25419.5,25419.5,25378.75,25384.75,-47.25,-0.19%,40
"2025-11-26 05:30",25443.75,25460.75,25432,25432,-32.,-0.13%,9
"2025-11-26 05:00",25442.5,25464,25439.25,25464,24.5,+0.10%,17
"2025-11-26 04:30",25425,25442,25425,25439.5,10.25,+0.04%,4
"2025-11-26 04:00",25406.75,25429.25,25406.75,25429.25,34.25,+0.13%,2
"2025-11-26 03:30",25402.5,25411.25,25395,25395,-5.,-0.02%,23
"2025-11-26 03:00",25417.25,25417.25,25400,25400,-30.,-0.12%,3
"2025-11-26 02:30",25446.75,25446.75,25430,25430,-24.,-0.09%,2
"2025-11-26 02:00",25456,25474.5,25453,25454,-13.25,-0.05%,12
"2025-11-26 01:30",25480.5,25483.5,25466.25,25467.25,-7.75,-0.03%,15
"2025-11-26 01:00",25470.5,25475,25470,25475,17.75,+0.07%,8
"2025-11-26 00:30",25455.25,25457.25,25455.25,25457.25,5.25,+0.02%,4
"2025-11-25 23:30",25452,25452,25452,25452,12.75,+0.05%,1
"2025-11-25 23:00",25421.25,25451,25421.25,25439.25,15.75,+0.06%,9
"2025-11-25 22:30",25423.75,25423.75,25417,25423.5,-2.75,-0.01%,8
"2025-11-25 22:00",25434.5,25440.25,25425,25426.25,-8.75,-0.03%,25
"2025-11-25 21:30",25430.5,25440.75,25425.25,25435,7,+0.03%,21
"2025-11-25 21:00",25436.5,25440,25424.75,25428,-3.,-0.01%,13
"2025-11-25 20:30",25420.5,25431,25408.5,25431,17,+0.07%,15
"2025-11-25 20:00",25408.75,25420,25408.75,25414,10.75,+0.04%,8
"2025-11-25 19:30",25398,25411,25398,25403.25,10,+0.04%,13
"2025-11-25 19:00",25376,25404.5,25376,25393.25,23.25,+0.09%,8
"2025-11-25 18:30",25370,25370,25370,25370,16,+0.06%,1
"2025-11-25 18:00",25354,25354,25354,25354,23,+0.09%,1
"2025-11-25 17:30",25331,25331,25331,25331,-4.,-0.02%,1
"2025-11-25 17:00",25317.5,25335.75,25317.5,25335,18,+0.07%,3
"2025-11-25 15:30",25318,25318,25311.75,25317,-3.,-0.01%,4
"2025-11-25 15:00",25345,25345,25320,25320,-12.25,-0.05%,27
"2025-11-25 14:30",25308,25388.25,25308,25332.25,30.25,+0.12%,73
"2025-11-25 14:00",25280,25302,25275.25,25302,48,+0.19%,25
"2025-11-25 13:30",25233.5,25254,25200,25254,22.5,+0.09%,14
"2025-11-25 13:00",25276,25279.5,25205,25231.5,-48.5,-0.19%,19
"2025-11-25 12:30",25275,25296.5,25264.75,25280,33.75,+0.13%,15
"2025-11-25 12:00",25244.75,25263.25,25240,25246.25,-14.5,-0.06%,36
"2025-11-25 11:30",25250,25302.25,25250,25260.75,22,+0.09%,47
"2025-11-25 11:00",25170,25258,25147,25238.75,76.75,+0.31%,35
"2025-11-25 10:30",25101.25,25162,25095.75,25162,52.5,+0.21%,52
"2025-11-25 10:00",25051,25130,25023.5,25109.5,49,+0.20%,33
"2025-11-25 09:30",25050,25119.75,25010,25060.5,40.5,+0.16%,82
"2025-11-25 09:00",25043.75,25043.75,24906,25020,-44.25,-0.18%,118
"2025-11-25 08:30",25086.5,25120,24848,25064.25,-42.25,-0.17%,301
"2025-11-25 08:00",25133.75,25137,25106.25,25106.5,-21.25,-0.08%,13
"2025-11-25 07:30",25188,25188,25127,25127.75,-62.,-0.25%,34
"2025-11-25 07:00",25182.5,25189.75,25163.25,25189.75,34.75,+0.14%,15
"2025-11-25 06:30",25163,25225,25132,25155,-23.75,-0.09%,26
"2025-11-25 06:00",25119.5,25178.75,25119.5,25178.75,58.75,+0.23%,34
"2025-11-25 05:30",25104,25120,25101,25120,-5.,-0.02%,9
"2025-11-25 05:00",25125,25125,25125,25125,-9.5,-0.04%,1
"2025-11-25 04:30",25096.75,25138.75,25096.75,25134.5,55.5,+0.22%,8
"2025-11-25 03:30",25079.5,25079.5,25076.25,25079,-1.,0.00%,3
"2025-11-25 03:00",25115,25131,25080,25080,-33.,-0.13%,20
"2025-11-25 02:30",25137,25137,25110.25,25113,-49.,-0.19%,12
"2025-11-25 02:00",25179,25179,25162,25162,-14.25,-0.06%,2
"2025-11-25 01:30",25152.75,25176.25,25147.75,25176.25,33.5,+0.13%,5
"2025-11-25 01:00",25132,25145.5,25132,25142.75,-2.75,-0.01%,4
"2025-11-25 00:30",25163.5,25175.75,25145.5,25145.5,-14.25,-0.06%,15
"2025-11-25 00:00",25156.5,25159.75,25155,25159.75,-12.75,-0.05%,6
"2025-11-24 23:30",25171,25174.75,25171,25172.5,-20.25,-0.08%,3
"2025-11-24 23:00",25187.75,25192.75,25186.25,25192.75,10.5,+0.04%,3
"2025-11-24 22:30",25182.25,25182.25,25182.25,25182.25,-10.5,-0.04%,1
"2025-11-24 22:00",25188.75,25192.75,25185.25,25192.75,25.5,+0.10%,3
"2025-11-24 21:30",25177.25,25177.25,25167.25,25167.25,-38.5,-0.15%,4
"2025-11-24 21:00",25199.75,25205.75,25199.75,25205.75,7.25,+0.03%,3
"2025-11-24 20:30",25189.25,25198.5,25189.25,25198.5,-5.,-0.02%,21
"2025-11-24 20:00",25178.5,25203.5,25178,25203.5,4,+0.02%,5
"2025-11-24 19:00",25196.5,25199.5,25196.5,25199.5,14.25,+0.06%,3
"2025-11-24 18:30",25195,25196.5,25185.25,25185.25,5.25,+0.02%,4
"2025-11-24 18:00",25180.5,25180.5,25180,25180,-39.,-0.15%,3
"2025-11-24 17:30",25214.25,25223.5,25207.75,25219,4.75,+0.02%,11
"2025-11-24 17:00",25211,25224.5,25206.5,25214.25,1.25,0.00%,7
"2025-11-24 15:30",25227,25227,25213,25213,1,0.00%,3
"2025-11-24 15:00",25198.75,25212,25187,25212,26,+0.10%,12
"2025-11-24 14:30",25186.25,25234.5,25180.25,25186,-0.25,0.00%,46
"2025-11-24 14:00",25200.5,25207.75,25186.25,25186.25,25.25,+0.10%,11
"2025-11-24 13:30",25170.25,25180,25145.75,25161,-20.,-0.08%,27
"2025-11-24 13:00",25186.5,25205,25181,25181,-1.,0.00%,17
"2025-11-24 12:30",25173,25185.25,25173,25182,-9.,-0.04%,7
"2025-11-24 12:00",25183.25,25203.25,25183.25,25191,20.5,+0.08%,8
"2025-11-24 11:30",25155,25188,25155,25170.5,46,+0.18%,22
"2025-11-24 11:00",25112,25130,25087,25124.5,34.5,+0.14%,11
"2025-11-24 10:30",25097.75,25133.5,25088,25090,-40.,-0.16%,43
"2025-11-24 10:00",25064.75,25130,25064.75,25130,100.75,+0.40%,72
"2025-11-24 09:30",24965,25061,24965,25029.25,33,+0.13%,34
"2025-11-24 09:00",24955,25020.25,24911.25,24996.25,75.5,+0.30%,112
"2025-11-24 08:30",24787.5,24960.5,24782,24920.75,148.5,+0.60%,116
"2025-11-24 08:00",24770,24811.25,24770,24772.25,23.75,+0.10%,7
"2025-11-24 07:30",24770,24775.25,24748.5,24748.5,-54.5,-0.22%,10
"2025-11-24 07:00",24789.25,24803,24787,24803,74.25,+0.30%,4
"2025-11-24 06:30",24731.25,24749.5,24718.75,24728.75,-2.25,-0.01%,33
"2025-11-24 06:00",24695,24733.5,24673.5,24731,23.5,+0.10%,26
"2025-11-24 05:30",24652,24707.5,24652,24707.5,38.25,+0.16%,6
"2025-11-24 05:00",24650,24669.25,24650,24669.25,52.5,+0.21%,3
"2025-11-24 04:30",24635.75,24635.75,24616.75,24616.75,-27.25,-0.11%,5
"2025-11-24 04:00",24682.5,24682.5,24634.75,24644,-29.5,-0.12%,10
"2025-11-24 03:30",24673,24683.25,24645,24673.5,54,+0.22%,4
"2025-11-24 03:00",24811.25,24811.25,24619.5,24619.5,-185.5,-0.75%,11
"2025-11-24 02:30",24794.5,24805,24786.25,24805,-2.,-0.01%,4
"2025-11-24 02:00",24740,24807,24717.75,24807,55.75,+0.23%,6
"2025-11-24 01:30",24752,24764,24751.25,24751.25,41,+0.17%,13
"2025-11-24 01:00",24704,24710.25,24704,24710.25,-8.25,-0.03%,3
"2025-11-24 00:30",24724.5,24724.5,24718.5,24718.5,-7.,-0.03%,3
"2025-11-24 00:00",24749,24749,24725.5,24725.5,-19.5,-0.08%,2
"2025-11-23 23:30",24745,24745,24745,24745,-15.,-0.06%,1
"2025-11-23 23:00",24729.5,24760,24729.5,24760,52.5,+0.21%,7
"2025-11-23 22:30",24715,24718.75,24707.5,24707.5,17.75,+0.07%,6
"2025-11-23 22:00",24738,24738,24689.5,24689.75,-49.5,-0.20%,10
"2025-11-23 21:30",24760,24760,24735,24739.25,-20.75,-0.08%,7
"2025-11-23 21:00",24766.25,24768.5,24760,24760,0.5,0.00%,11
"2025-11-23 20:30",24755.25,24759.5,24755.25,24759.5,29.5,+0.12%,2
"2025-11-23 20:00",24705,24730,24685,24730,26.25,+0.11%,3
"2025-11-23 19:30",24692,24703.75,24680,24703.75,-25.,-0.10%,3
"2025-11-23 19:00",24680.25,24728.75,24675.25,24728.75,28.75,+0.12%,9
"2025-11-23 18:30",24685,24718,24685,24700,18,+0.07%,8
"2025-11-23 18:00",24704.5,24705.25,24654.75,24682,-46.25,-0.19%,18
"2025-11-23 17:00",24718.25,24773.5,24714,24728.25,142.5,+0.58%,71
"2025-11-21 15:30",24573,24598,24573,24585.75,14,+0.06%,13
"2025-11-21 15:00",24581.25,24594.75,24547.5,24571.75,21.75,+0.09%,11
"2025-11-21 14:30",24624.5,24690.5,24530,24550,-100.5,-0.41%,198
"2025-11-21 14:00",24725,24731.25,24648.75,24650.5,-43.25,-0.18%,29
"2025-11-21 13:30",24810,24817,24688,24693.75,-126.25,-0.51%,50
"2025-11-21 13:00",24723.25,24835.25,24723.25,24820,90.5,+0.37%,41
"2025-11-21 12:30",24525,24800.25,24525,24729.5,240.75,+0.98%,60
"2025-11-21 12:00",24580,24580,24449.75,24488.75,-101.,-0.41%,75
"2025-11-21 11:30",24626.75,24655,24588.75,24589.75,0,0.00%,43
"2025-11-21 11:00",24619,24632.5,24557,24589.75,-27.5,-0.11%,120
"2025-11-21 10:30",24429.25,24617.25,24396,24617.25,201.25,+0.82%,69
"2025-11-21 10:00",24240.25,24416,24187.25,24416,149.25,+0.62%,55
"2025-11-21 09:30",24273.25,24340,24177.75,24266.75,-21.25,-0.09%,108
"2025-11-21 09:00",24400,24450,24279.25,24288,-161.5,-0.66%,66
"2025-11-21 08:30",24498.5,24532.25,24350,24449.5,-0.25,0.00%,55
"2025-11-21 08:00",24481.5,24500.25,24448.25,24449.75,-38.25,-0.16%,18
"2025-11-21 07:30",24471.25,24522.75,24471.25,24488,21.75,+0.09%,23
"2025-11-21 07:00",24449.75,24535.75,24394.25,24466.25,26.25,+0.11%,25
"2025-11-21 06:30",24242,24501.75,24242,24440,230,+0.95%,134
"2025-11-21 06:00",24279.5,24303.75,24206.25,24210,-74.25,-0.31%,34
"2025-11-21 05:30",24344,24344,24268,24284.25,-88.25,-0.36%,13
"2025-11-21 05:00",24338.25,24400,24334.5,24372.5,38,+0.16%,44
"2025-11-21 04:30",24157,24339.75,24157,24334.5,181,+0.75%,49
"2025-11-21 04:00",24267.5,24267.5,24153.5,24153.5,-136.5,-0.56%,143
"2025-11-21 03:30",24377.5,24377.5,24290,24290,-88.,-0.36%,24
"2025-11-21 03:00",24443.75,24455.5,24378,24378,-80.75,-0.33%,10
"2025-11-21 02:30",24408.25,24458.75,24370,24458.75,70.75,+0.29%,15
"2025-11-21 02:00",24340,24426.25,24340,24388,62.25,+0.26%,27
"2025-11-21 01:30",24408,24408,24325.75,24325.75,-101.5,-0.42%,10
"2025-11-21 01:00",24428.25,24442,24427.25,24427.25,9.5,+0.04%,5
"2025-11-21 00:30",24420,24425,24417.75,24417.75,1.75,+0.01%,5
"2025-11-21 00:00",24384.75,24416,24382.25,24416,25.25,+0.10%,14
"2025-11-20 23:30",24385.75,24400,24385.75,24390.75,-48.25,-0.20%,11
"2025-11-20 23:00",24440,24440,24429.5,24439,19,+0.08%,3
"2025-11-20 22:30",24395.25,24420,24363,24420,25.5,+0.10%,22
"2025-11-20 22:00",24432.25,24435.5,24379.25,24394.5,-51.25,-0.21%,25
"2025-11-20 21:30",24433,24475,24432,24445.75,20.75,+0.08%,19
"2025-11-20 21:00",24417.5,24425,24413.5,24425,2.25,+0.01%,6
"2025-11-20 20:30",24427.5,24458,24422.75,24422.75,-17.75,-0.07%,31
"2025-11-20 20:00",24463.25,24463.25,24410.75,24440.5,-12.25,-0.05%,21
"2025-11-20 19:30",24468,24479,24446.5,24452.75,-20.25,-0.08%,19
"2025-11-20 19:00",24435.25,24473,24418.75,24473,36.25,+0.15%,9
"2025-11-20 18:30",24444,24448,24409.75,24436.75,5.5,+0.02%,15
"2025-11-20 18:00",24371,24435.75,24366.5,24431.25,53.5,+0.22%,50
"2025-11-20 17:30",24359.25,24397,24349.75,24377.75,8.25,+0.03%,18
"2025-11-20 17:00",24336.25,24381.75,24274,24369.5,37,+0.15%,50
"2025-11-20 15:30",24360,24360,24328.25,24332.5,-34.25,-0.14%,15
"2025-11-20 15:00",24386.25,24386.25,24335.5,24366.75,-12.75,-0.05%,39
"2025-11-20 14:30",24530.75,24530.75,24350.25,24379.5,-166.25,-0.68%,163
"2025-11-20 14:00",24644.5,24644.5,24494.5,24545.75,-105.,-0.43%,95
"2025-11-20 13:30",24581,24650.75,24510,24650.75,53,+0.22%,88
"2025-11-20 13:00",24537.25,24618,24458.25,24597.75,42,+0.17%,104
"2025-11-20 12:30",24752.75,24761.75,24500,24555.75,-207.25,-0.84%,70
"2025-11-20 12:00",24645,24840.75,24641,24763,115.5,+0.47%,64
"2025-11-20 11:30",24736.25,24736.25,24560.5,24647.5,-52.5,-0.21%,120
"2025-11-20 11:00",24827.5,24881.5,24622.25,24700,-97.75,-0.39%,193
"2025-11-20 10:30",25150,25151.75,24766.75,24797.75,-367.75,-1.46%,157
"2025-11-20 10:00",25408.75,25408.75,25154,25165.5,-254.75,-1.00%,99
"2025-11-20 09:30",25527.75,25566,25420.25,25420.25,-91.25,-0.36%,53
"2025-11-20 09:00",25550,25553.25,25426.25,25511.5,-21.,-0.08%,37
"2025-11-20 08:30",25456.25,25540,25398.75,25532.5,68.5,+0.27%,90
"2025-11-20 08:00",25483.25,25483.25,25460.75,25464,-46.,-0.18%,5
"2025-11-20 07:30",25460,25525,25448.75,25510,106.25,+0.42%,35
"2025-11-20 07:00",25430,25437,25397,25403.75,3.75,+0.01%,6
"2025-11-20 06:30",25372,25400,25372,25400,48,+0.19%,63
"2025-11-20 06:00",25327.75,25370,25327.75,25352,13.75,+0.05%,4
"2025-11-20 05:30",25327.5,25385,25327.5,25338.25,25.25,+0.10%,12
"2025-11-20 05:00",25348,25348,25313,25313,-72.,-0.28%,4
"2025-11-20 04:30",25355,25385,25344.5,25385,55.75,+0.22%,23
"2025-11-20 04:00",25302.5,25329.25,25292,25329.25,11.5,+0.05%,39
"2025-11-20 03:30",25329,25343,25317.75,25317.75,-22.25,-0.09%,6
"2025-11-20 03:00",25395,25397,25340,25340,-68.,-0.27%,8
"2025-11-20 02:30",25405,25413.5,25402.75,25408,-1.,0.00%,6
"2025-11-20 02:00",25403.25,25421,25397.75,25409,7.5,+0.03%,8
"2025-11-20 01:30",25453.25,25467.25,25401.5,25401.5,-52.,-0.20%,14
"2025-11-20 01:00",25437.75,25461,25437.75,25453.5,21.25,+0.08%,18
"2025-11-20 00:30",25419.75,25432.25,25419.75,25432.25,38.5,+0.15%,2
"2025-11-20 00:00",25439,25445,25393.75,25393.75,-39.,-0.15%,16
"2025-11-19 23:30",25436,25436,25422,25432.75,-17.75,-0.07%,4
"2025-11-19 23:00",25467,25467,25448.75,25450.5,1.25,0.00%,42
"2025-11-19 22:30",25439.75,25451.25,25439.75,25449.25,9.25,+0.04%,10
"2025-11-19 22:00",25440.25,25442,25417,25440,13.5,+0.05%,11
"2025-11-19 21:30",25445,25448,25410,25426.5,-11.5,-0.05%,9
"2025-11-19 21:00",25444,25444,25438,25438,10.25,+0.04%,6
"2025-11-19 20:30",25408,25427.75,25408,25427.75,18.25,+0.07%,4
"2025-11-19 20:00",25424.75,25424.75,25408,25409.5,10,+0.04%,4
"2025-11-19 19:30",25412.5,25412.5,25399.5,25399.5,-10.5,-0.04%,3
"2025-11-19 19:00",25386,25410,25386,25410,26.75,+0.11%,7
"2025-11-19 18:30",25399.5,25403.75,25383.25,25383.25,-19.5,-0.08%,8
"2025-11-19 18:00",25347.5,25402.75,25347.5,25402.75,40.5,+0.16%,8
"2025-11-19 17:30",25320,25362.25,25318.5,25362.25,59,+0.23%,32
"2025-11-19 17:00",25250,25350,25250,25303.25,94.75,+0.38%,31
"2025-11-19 15:30",25125.75,25215,25118.5,25208.5,118.5,+0.47%,153
"2025-11-19 15:00",24940,25160,24940,25090,82.75,+0.33%,36
"2025-11-19 14:30",25029,25075.5,24983.75,25007.25,-2.,-0.01%,18
"2025-11-19 14:00",24931,25009.25,24931,25009.25,105.25,+0.42%,11
"2025-11-19 13:30",24860,24932.25,24825,24904,54,+0.22%,42
"2025-11-19 13:00",24939.75,24939.75,24850,24850,-98.5,-0.39%,16
"2025-11-19 12:30",24860,24965,24860,24948.5,80,+0.32%,30
"2025-11-19 12:00",24900,24925,24868,24868.5,-9.75,-0.04%,21
"2025-11-19 11:30",24874.75,24901.75,24765,24878.25,3,+0.01%,41
"2025-11-19 11:00",24971.5,24971.5,24835.5,24875.25,-94.75,-0.38%,34
"2025-11-19 10:30",24955.25,24970,24904.5,24970,16,+0.06%,21
"2025-11-19 10:00",25022,25040.75,24917.5,24954,-68.5,-0.27%,69
"2025-11-19 09:30",25200,25211,25008,25022.5,-199.,-0.79%,81
"2025-11-19 09:00",25149.5,25227.75,25140,25221.5,73,+0.29%,70
"2025-11-19 08:30",24856,25150,24830,25148.5,260.5,+1.05%,66
"2025-11-19 08:00",24910,24910,24888,24888,-26.25,-0.11%,5
"2025-11-19 07:00",24916,24920,24914.25,24914.25,-43.,-0.17%,3
"2025-11-19 06:30",24976,24976,24957.25,24957.25,1,0.00%,3
"2025-11-19 06:00",24948,24956.25,24935.5,24956.25,-23.75,-0.10%,7
"2025-11-19 05:30",24951,24980,24951,24980,0,0.00%,5
"2025-11-19 05:00",24953,24983.25,24952,24980,25.75,+0.10%,15
"2025-11-19 04:30",24950.25,24961.25,24939.25,24954.25,-4.,-0.02%,8
"2025-11-19 04:00",24923,24958.25,24920,24958.25,33.25,+0.13%,6
"2025-11-19 03:30",24887.5,24925,24875.5,24925,37,+0.15%,14
"2025-11-19 03:00",24848,24888,24847.75,24888,39.5,+0.16%,4
"2025-11-19 02:30",24899,24899,24848.5,24848.5,-34.25,-0.14%,2
"2025-11-19 02:00",24867.5,24882.75,24832,24882.75,13.5,+0.05%,9
"2025-11-19 01:30",24844.25,24869.25,24844.25,24869.25,16.75,+0.07%,9
"2025-11-19 01:00",24847.25,24872.5,24847.25,24852.5,39.5,+0.16%,10
"2025-11-19 00:30",24813,24813,24813,24813,20.5,+0.08%,1
"2025-11-19 00:00",24794.5,24794.75,24776.75,24792.5,-7.5,-0.03%,8
"2025-11-18 23:30",24756.75,24805,24715,24800,23.5,+0.09%,8
"2025-11-18 23:00",24779.5,24779.5,24776.5,24776.5,-33.,-0.13%,2
"2025-11-18 22:30",24777.5,24809.5,24759.75,24809.5,3.5,+0.01%,11
"2025-11-18 22:00",24779.25,24806,24777,24806,15.75,+0.06%,9
"2025-11-18 21:30",24813.25,24819.25,24790.25,24790.25,-38.5,-0.16%,11
"2025-11-18 21:00",24877,24877,24828.75,24828.75,-66.25,-0.27%,5
"2025-11-18 20:30",24880.25,24900,24880.25,24895,15,+0.06%,8
"2025-11-18 20:00",24860.25,24880,24856.5,24880,102,+0.41%,6
"2025-11-18 19:30",24835.25,24835.25,24778,24778,-93.,-0.37%,4
"2025-11-18 19:00",24793.25,24871,24766,24871,83,+0.33%,8
"2025-11-18 18:30",24768.75,24794.25,24768.75,24788,18.25,+0.07%,17
"2025-11-18 18:00",24800,24800,24756.75,24769.75,-75.,-0.30%,15
"2025-11-18 17:30",24850.25,24861,24837,24844.75,3.5,+0.01%,32
"2025-11-18 17:00",24802.25,24854,24802.25,24841.25,37.75,+0.15%,10
"2025-11-18 15:30",24789.5,24803.5,24785,24803.5,3.5,+0.01%,5
"2025-11-18 15:00",24818,24823.25,24779.5,24800,-36.5,-0.15%,18
"2025-11-18 14:30",24930.5,24955,24836.5,24836.5,-63.5,-0.26%,17
"2025-11-18 14:00",25025.25,25025.25,24900,24900,-99.25,-0.40%,20
"2025-11-18 13:30",24954.75,25044.75,24946,24999.25,13.75,+0.06%,28
"2025-11-18 13:00",24967.75,25014.25,24956,24985.5,14.5,+0.06%,22
"2025-11-18 12:30",24990,25052.25,24971,24971,-50.75,-0.20%,48
"2025-11-18 12:00",25022.25,25035.75,24985,25021.75,13.25,+0.05%,14
"2025-11-18 11:30",24776,25033.75,24761,25008.5,212.5,+0.86%,78
"2025-11-18 11:00",24927.5,24927.5,24796,24796,-83.25,-0.33%,23
"2025-11-18 10:30",24900.5,24925,24876,24879.25,-35.75,-0.14%,42
"2025-11-18 10:00",24695.5,24915,24633.5,24915,206,+0.83%,65
"2025-11-18 09:30",24834.5,24834.5,24700.75,24709,-102.,-0.41%,89
"2025-11-18 09:00",24745.5,24856.75,24686.75,24811,32.75,+0.13%,171
"2025-11-18 08:30",25000.5,25082.25,24778.25,24778.25,-182.25,-0.73%,108
"2025-11-18 08:00",24980,25001,24957.5,24960.5,-48.75,-0.19%,19
"2025-11-18 07:30",24985,25015,24975,25009.25,36.25,+0.15%,9
"2025-11-18 07:00",24973,25017.75,24970.5,24973,28.5,+0.11%,17
"2025-11-18 06:30",24995,25005.5,24922.25,24944.5,-50.5,-0.20%,24
"2025-11-18 06:00",24988,25013.75,24956.25,24995,-48.5,-0.19%,13
"2025-11-18 05:30",25043.25,25043.5,25043.25,25043.5,-1.75,-0.01%,2
"2025-11-18 05:00",25086.5,25086.5,25045.25,25045.25,-35.,-0.14%,2
"2025-11-18 04:30",25081.25,25081.25,25080.25,25080.25,22.75,+0.09%,4
"2025-11-18 04:00",25083,25093.5,25048.75,25057.5,-38.,-0.15%,11
"2025-11-18 03:30",25033,25100,25033,25095.5,45.25,+0.18%,10
"2025-11-18 03:00",25061.25,25061.25,25046.5,25050.25,-12.,-0.05%,3
"2025-11-18 02:30",25030.25,25103.25,25030.25,25062.25,70.25,+0.28%,15
"2025-11-18 02:00",24972.25,25030,24972.25,24992,35.5,+0.14%,34
"2025-11-18 01:30",24973,24973.25,24949,24956.5,9.75,+0.04%,4
"2025-11-18 01:00",24890,24946.75,24860.5,24946.75,37,+0.15%,21
"2025-11-18 00:30",24961.5,24961.5,24901,24909.75,-48.75,-0.20%,51
"2025-11-18 00:00",24981.5,24981.5,24958.5,24958.5,-5.25,-0.02%,25
"2025-11-17 23:30",24991.25,25002.25,24963.75,24963.75,-27.5,-0.11%,10
"2025-11-17 23:00",24976,25010,24944,24991.25,-0.75,0.00%,17
"2025-11-17 22:30",24923.25,24992,24922.75,24992,78.75,+0.32%,23
"2025-11-17 22:00",25023,25030.25,24861.75,24913.25,-129.5,-0.52%,157
"2025-11-17 21:30",25040,25045,25037.5,25042.75,-45.5,-0.18%,10
"2025-11-17 21:00",25086.5,25090,25074.75,25088.25,-46.25,-0.18%,22
"2025-11-17 20:30",25171,25172.5,25134.5,25134.5,-43.5,-0.17%,8
"2025-11-17 20:00",25180,25187,25170,25178,-23.75,-0.09%,5
"2025-11-17 19:30",25190,25202,25190,25201.75,-1.75,-0.01%,3
"2025-11-17 19:00",25133.5,25203.5,25133.5,25203.5,113.5,+0.45%,5
"2025-11-17 18:30",25098,25104,25090,25090,-46.,-0.18%,7
"2025-11-17 18:00",25155.75,25155.75,25130,25136,-26.,-0.10%,11
"2025-11-17 17:30",25171.25,25171.75,25162,25162,-18.75,-0.07%,4
"2025-11-17 17:00",25205,25205,25146.25,25180.75,30.25,+0.12%,8
"2025-11-17 15:30",25149,25150.5,25149,25150.5,5.5,+0.02%,4
"2025-11-17 15:00",25148,25170.25,25145,25145,24.75,+0.10%,10
"2025-11-17 14:30",25060,25137,25019.75,25120.25,70.75,+0.28%,57
"2025-11-17 14:00",25000,25055.5,24995.75,25049.5,14,+0.06%,53
"2025-11-17 13:30",25140,25140,25022,25035.5,-59.25,-0.24%,28
"2025-11-17 13:00",25156.5,25162.5,25094.75,25094.75,-64.,-0.25%,40
"2025-11-17 12:30",25220,25296.75,25150,25158.75,-84.5,-0.33%,29
"2025-11-17 12:00",25257.25,25260,25215.75,25243.25,-24.75,-0.10%,53
"2025-11-17 11:30",25360.75,25360.75,25268,25268,-144.5,-0.57%,37
"2025-11-17 11:00",25448.5,25450,25390,25412.5,-42.75,-0.17%,10
"2025-11-17 10:30",25330.5,25460,25330.5,25455.25,125,+0.49%,34
"2025-11-17 10:00",25345,25345,25204.75,25330.25,-0.25,0.00%,40
"2025-11-17 09:30",25402.5,25407.25,25325,25330.5,-78.,-0.31%,29
"2025-11-17 09:00",25469.5,25469.5,25322,25408.5,-56.5,-0.22%,43
"2025-11-17 08:30",25231.5,25506,25222.25,25465,217.5,+0.86%,125
"2025-11-17 08:00",25303.25,25306.25,25247.5,25247.5,-61.5,-0.24%,16
"2025-11-17 07:30",25333,25333,25271.75,25309,-41.,-0.16%,43
"2025-11-17 07:00",25384,25384,25322.25,25350,-37.25,-0.15%,15
"2025-11-17 06:30",25410,25410,25381.5,25387.25,-29.75,-0.12%,26
"2025-11-17 06:00",25412,25428.5,25412,25417,-54.5,-0.21%,12
"2025-11-17 05:30",25500,25500,25471.5,25471.5,-1.,0.00%,7
"2025-11-17 05:00",25446,25472.5,25433.5,25472.5,32.5,+0.13%,11
"2025-11-17 04:30",25472.25,25498.5,25440,25440,-65.,-0.25%,15
"2025-11-17 04:00",25531.25,25534,25497.75,25505,-36.75,-0.14%,81
"2025-11-17 03:30",25541.75,25541.75,25541.75,25541.75,-41.,-0.16%,1
"2025-11-17 03:00",25575,25583.5,25573.75,25582.75,-37.,-0.14%,4
"2025-11-17 02:30",25619.5,25619.75,25619.5,25619.75,27.25,+0.11%,2
"2025-11-17 02:00",25596,25600.25,25589,25592.5,7.5,+0.03%,18
"2025-11-17 01:30",25585,25585,25585,25585,-0.5,0.00%,1
"2025-11-17 01:00",25500,25588.5,25500,25585.5,85.5,+0.34%,10
"2025-11-17 00:30",25507.25,25507.25,25491,25500,-28.5,-0.11%,7
"2025-11-17 00:00",25528.5,25528.5,25528.5,25528.5,23.5,+0.09%,1
"2025-11-16 23:30",25525,25525,25505,25505,-29.75,-0.12%,2
"2025-11-16 23:00",25534.75,25534.75,25534.75,25534.75,-1.25,0.00%,1
"2025-11-16 22:30",25536,25536,25536,25536,21.5,+0.08%,1
"2025-11-16 21:30",25502,25514.5,25502,25514.5,-8.25,-0.03%,3
"2025-11-16 21:00",25530,25530,25522.75,25522.75,19.75,+0.08%,5
"2025-11-16 20:30",25503,25503,25503,25503,34.5,+0.14%,1
"2025-11-16 20:00",25485.75,25504.5,25468.5,25468.5,-14.25,-0.06%,4
"2025-11-16 19:30",25482.75,25482.75,25482.75,25482.75,-16.,-0.06%,1
"2025-11-16 19:00",25473,25500.5,25472.75,25498.75,4,+0.02%,5
"2025-11-16 18:30",25445,25495,25445,25494.75,60.75,+0.24%,10
"2025-11-16 18:00",25435.75,25440.75,25382,25434,4,+0.02%,8
"2025-11-16 17:30",25402,25430,25400,25430,76.25,+0.30%,5
"2025-11-16 17:00",25382.75,25382.75,25295,25353.75,-46.25,-0.18%,28
"2025-11-14 15:30",25400,25400,25400,25400,-13.5,-0.05%,1
"2025-11-14 15:00",25365,25417.5,25365,25413.5,71,+0.28%,10
"2025-11-14 14:30",25407.5,25411,25336.25,25342.5,-65.75,-0.26%,24
"2025-11-14 14:00",25504,25504,25408.25,25408.25,-75.25,-0.30%,5
"2025-11-14 13:30",25445.75,25499,25442.5,25483.5,30,+0.12%,5
"2025-11-14 13:00",25416.25,25462.75,25416.25,25453.5,21,+0.08%,7
"2025-11-14 12:30",25427,25437,25354.25,25432.5,16.5,+0.06%,15
"2025-11-14 12:00",25450,25481,25385,25416,-42.5,-0.17%,24
"2025-11-14 11:30",25503.75,25539,25422.25,25458.5,-39.5,-0.15%,27
"2025-11-14 11:00",25500,25550.5,25480,25498,-17.,-0.07%,41
"2025-11-14 10:30",25485,25520,25452.25,25515,6,+0.02%,45
"2025-11-14 10:00",25405,25526.75,25345,25509,109,+0.43%,57
"2025-11-14 09:30",25276.25,25440.5,25254.5,25400,137.25,+0.54%,58
"2025-11-14 09:00",25188,25276.25,25135,25262.75,51.75,+0.21%,66
"2025-11-14 08:30",24989.75,25211,24898.75,25211,231,+0.92%,105
"2025-11-14 08:00",25003.75,25010,24980,24980,20,+0.08%,12
"2025-11-14 07:30",24943.75,24990,24910,24960,6,+0.02%,39
"2025-11-14 07:00",24985,24987.75,24928.5,24954,-26.,-0.10%,21
"2025-11-14 06:30",25011.5,25011.5,24928.25,24980,-46.5,-0.19%,28
"2025-11-14 06:00",25046,25046,24993,25026.5,-56.5,-0.23%,64
"2025-11-14 05:30",25094.75,25094.75,25040.25,25083,-12.5,-0.05%,16
"2025-11-14 05:00",25155,25155,25079.75,25095.5,-148.75,-0.59%,23
"2025-11-14 04:30",25233.75,25252.5,25233.75,25244.25,11.75,+0.05%,4
"2025-11-14 04:00",25211.5,25232.5,25211.5,25232.5,32.5,+0.13%,2
"2025-11-14 03:30",25213.25,25220.75,25198.25,25200,-60.,-0.24%,7
"2025-11-14 03:00",25270.5,25270.5,25260,25260,18.75,+0.07%,2
"2025-11-14 02:30",25214,25241.25,25171.25,25241.25,-15.,-0.06%,8
"2025-11-14 01:30",25245.5,25256.25,25231,25256.25,30.75,+0.12%,33
"2025-11-14 01:00",25317.5,25317.5,25206,25225.5,-102.,-0.40%,19
"2025-11-14 00:30",25265,25327.5,25265,25327.5,19.25,+0.08%,9
"2025-11-14 00:00",25360,25360,25308.25,25308.25,-51.75,-0.20%,10
"2025-11-13 23:30",25309.75,25360,25309.75,25360,43.75,+0.17%,4
"2025-11-13 23:00",25295,25316.25,25250,25316.25,26.25,+0.10%,21
"2025-11-13 22:30",25310.75,25336,25290,25290,-33.75,-0.13%,23
"2025-11-13 22:00",25340,25348,25321.25,25323.75,-24.,-0.09%,14
"2025-11-13 21:30",25395,25395,25347.75,25347.75,-37.25,-0.15%,7
"2025-11-13 21:00",25400,25400,25380,25385,-5.,-0.02%,5
"2025-11-13 20:30",25404,25404,25390,25390,-5.,-0.02%,7
"2025-11-13 20:00",25385.75,25395,25379.5,25395,27.25,+0.11%,5
"2025-11-13 19:30",25392,25395,25367.75,25367.75,-11.,-0.04%,6
"2025-11-13 19:00",25369,25395,25369,25378.75,8.75,+0.03%,10
"2025-11-13 18:30",25391.5,25391.5,25368,25370,5,+0.02%,5
"2025-11-13 18:00",25365.25,25365.25,25365,25365,-0.25,0.00%,2
"2025-11-13 17:30",25385.75,25385.75,25365,25365.25,-8.5,-0.03%,5
"2025-11-13 17:00",25372.5,25403.5,25372.5,25373.75,27.75,+0.11%,10
"2025-11-13 15:30",25372.75,25372.75,25345,25346,-35.25,-0.14%,7
"2025-11-13 15:00",25400,25408,25377.75,25381.25,27.25,+0.11%,15
"2025-11-13 14:30",25350.75,25400,25301.25,25354,32.75,+0.13%,22
"2025-11-13 14:00",25309,25330,25296.5,25321.25,9,+0.04%,21
"2025-11-13 13:30",25382.25,25391.5,25264.25,25312.25,-62.75,-0.25%,38
"2025-11-13 13:00",25340,25375,25282.25,25375,58,+0.23%,42
"2025-11-13 12:30",25323.25,25326,25275,25317,-19.75,-0.08%,26
"2025-11-13 12:00",25400.25,25423.5,25336.75,25336.75,-90.25,-0.35%,12
"2025-11-13 11:30",25510,25510,25411,25427,-73.,-0.29%,16
"2025-11-13 11:00",25453.25,25500,25420,25500,47.5,+0.19%,23
"2025-11-13 10:30",25494,25515.25,25424.5,25452.5,-20.,-0.08%,34
"2025-11-13 10:00",25506.5,25520.75,25450,25472.5,-40.75,-0.16%,37
"2025-11-13 09:30",25636.75,25636.75,25455.75,25513.25,-137.,-0.53%,66
"2025-11-13 09:00",25674,25754.5,25607.25,25650.25,2.25,+0.01%,35
"2025-11-13 08:30",25757,25757,25552,25648,-81.5,-0.32%,149
"2025-11-13 08:00",25757.75,25762.75,25700,25729.5,-38.25,-0.15%,22
"2025-11-13 07:30",25805.75,25805.75,25767.75,25767.75,-57.25,-0.22%,15
"2025-11-13 07:00",25839.25,25845,25825,25825,-55.,-0.21%,5
"2025-11-13 06:30",25875.25,25880,25875.25,25880,51.25,+0.20%,2
"2025-11-13 06:00",25833.75,25833.75,25828.75,25828.75,-28.,-0.11%,2
"2025-11-13 05:30",25837.5,25856.75,25829.25,25856.75,-30.25,-0.12%,7
"2025-11-13 05:00",25887,25887,25887,25887,5.5,+0.02%,1
"2025-11-13 04:30",25885.25,25885.25,25881.5,25881.5,16.75,+0.06%,3
"2025-11-13 04:00",25858.75,25864.75,25858.75,25864.75,34.25,+0.13%,2
"2025-11-13 03:30",25825.5,25840.5,25799.5,25830.5,-20.5,-0.08%,17
"2025-11-13 03:00",25894.75,25894.75,25851,25851,-94.25,-0.36%,11
"2025-11-13 02:30",25945.25,25945.25,25945.25,25945.25,10.5,+0.04%,1
"2025-11-13 02:00",25921,25938,25919,25934.75,-0.75,0.00%,4
"2025-11-13 01:30",25987.25,25987.25,25935.5,25935.5,-46.,-0.18%,5
"2025-11-13 01:00",25981.5,25981.5,25981.5,25981.5,5.75,+0.02%,1
"2025-11-13 00:30",25975.75,25975.75,25975.75,25975.75,-1.5,-0.01%,1
"2025-11-12 23:00",25976,25977.25,25976,25977.25,19.25,+0.07%,2
"2025-11-12 22:30",25940.25,25958,25940.25,25958,26,+0.10%,4
"2025-11-12 21:30",25950,25950,25932,25932,-8.,-0.03%,3
"2025-11-12 21:00",25915,25940,25907.75,25940,11.5,+0.04%,3
"2025-11-12 20:30",25940,25940,25924.25,25928.5,-33.,-0.13%,3
"2025-11-12 20:00",25964.25,25964.25,25949,25961.5,7,+0.03%,3
"2025-11-12 19:30",25971,25971,25954.25,25954.5,1.5,+0.01%,4
"2025-11-12 19:00",25860,25979.5,25860,25953,128,+0.50%,37
"2025-11-12 18:30",25833,25833,25825,25825,-25.,-0.10%,2
"2025-11-12 18:00",25818.75,25850,25818.75,25850,72,+0.28%,4
"2025-11-12 17:30",25810,25810,25775.75,25778,-28.25,-0.11%,9
"2025-11-12 17:00",25845,25845,25806.25,25806.25,-108.75,-0.42%,3
"2025-11-12 15:00",25895,25915,25895,25915,36.75,+0.14%,3
"2025-11-12 14:30",25876.25,25907,25854.25,25878.25,10.5,+0.04%,30
"2025-11-12 14:00",25824.25,25867.75,25824.25,25867.75,25.5,+0.10%,3
"2025-11-12 13:30",25818,25855.5,25818,25842.25,-10.75,-0.04%,8
"2025-11-12 13:00",25850,25860,25844.75,25853,-27.,-0.10%,7
"2025-11-12 12:30",25885,25896.75,25869.75,25880,5,+0.02%,11
"2025-11-12 12:00",25872.5,25889.75,25850,25875,-4.75,-0.02%,24
"2025-11-12 11:30",25825,25891.25,25819,25879.75,71.25,+0.28%,38
"2025-11-12 11:00",25785.25,25835.75,25785.25,25808.5,13.5,+0.05%,27
"2025-11-12 10:30",25868.25,25868.25,25759,25795,-41.75,-0.16%,34
"2025-11-12 10:00",25813.5,25836.75,25762.5,25836.75,18,+0.07%,40
"2025-11-12 09:30",25877.75,25885,25801,25818.75,-62.25,-0.24%,43
"2025-11-12 09:00",25849.75,25916.75,25840,25881,27.25,+0.11%,82
"2025-11-12 08:30",26023,26023,25833,25853.75,-196.25,-0.75%,93
"2025-11-12 08:00",26047,26050,26047,26050,-18.,-0.07%,2
"2025-11-12 07:30",26060,26068,26060,26068,-5.75,-0.02%,2
"2025-11-12 07:00",26059,26073.75,26059,26073.75,17.5,+0.07%,3
"2025-11-12 06:30",26062.25,26063,26043.25,26056.25,-6.,-0.02%,7
"2025-11-12 06:00",25994.5,26062.25,25994.5,26062.25,62.25,+0.24%,25
"2025-11-12 05:30",26023.5,26023.5,26000,26000,-56.25,-0.22%,4
"2025-11-12 04:30",26071.5,26071.5,26051.25,26056.25,-19.5,-0.07%,7
"2025-11-12 04:00",26084.25,26086.25,26073,26075.75,-16.25,-0.06%,6
"2025-11-12 03:30",26074.5,26092,26074.5,26092,20.5,+0.08%,8
"2025-11-12 03:00",26060,26071.5,26060,26071.5,30.5,+0.12%,4
"2025-11-12 02:00",26041,26041,26041,26041,-12.,-0.05%,1
"2025-11-12 01:30",26059,26077.75,26053,26053,-5.,-0.02%,9
"2025-11-12 01:00",26043,26058,26041,26058,28.75,+0.11%,11
"2025-11-12 00:30",26029.25,26029.25,26029.25,26029.25,2.5,+0.01%,2
"2025-11-12 00:00",26020,26026.75,26019.75,26026.75,11.75,+0.05%,3
"2025-11-11 23:30",26000,26015,26000,26015,19,+0.07%,4
"2025-11-11 23:00",25987.75,25996,25987.75,25996,26,+0.10%,4
"2025-11-11 22:30",25971.75,25971.75,25970,25970,-14.25,-0.05%,3
"2025-11-11 22:00",25984.25,25984.25,25984.25,25984.25,-16.5,-0.06%,1
"2025-11-11 21:30",25981.25,26000.75,25981.25,26000.75,20.75,+0.08%,2
"2025-11-11 21:00",25987.5,25987.5,25980,25980,-3.,-0.01%,2
"2025-11-11 20:30",25980,25983,25980,25983,-41.25,-0.16%,2
"2025-11-11 20:00",26000.25,26024.25,25997.25,26024.25,21.75,+0.08%,13
"2025-11-11 19:30",26000,26002.5,26000,26002.5,22.5,+0.09%,3
"2025-11-11 19:00",25969.75,25980,25964.25,25980,36.25,+0.14%,8
"2025-11-11 18:30",25942.75,25955,25942.75,25943.75,7.5,+0.03%,5
"2025-11-11 18:00",25936.25,25936.25,25936.25,25936.25,11.25,+0.04%,4
"2025-11-11 17:30",25925,25925,25925,25925,0.25,0.00%,1
"2025-11-11 17:00",25908.5,25924.75,25908.5,25924.75,-15.25,-0.06%,5
"2025-11-11 15:00",25926,25940,25926,25940,50,+0.19%,3
"2025-11-11 14:30",25912.5,25950,25888.25,25890,-30.25,-0.12%,24
"2025-11-11 14:00",25933.5,25933.5,25917.25,25920.25,-4.25,-0.02%,5
"2025-11-11 13:30",25934.25,25934.25,25913.5,25924.5,3.5,+0.01%,12
"2025-11-11 13:00",25941,25941,25910.75,25921,-37.25,-0.14%,11
"2025-11-11 12:30",25907,25958.25,25867.25,25958.25,53.5,+0.21%,30
"2025-11-11 12:00",25893.25,25932.5,25893.25,25904.75,19.75,+0.08%,20
"2025-11-11 11:30",25830.25,25889.5,25830.25,25885,60.5,+0.23%,25
"2025-11-11 11:00",25793,25858,25793,25824.5,54.5,+0.21%,31
"2025-11-11 10:30",25742.5,25799.75,25742.5,25770,-3.,-0.01%,22
"2025-11-11 10:00",25776,25844.5,25770,25773,-4.75,-0.02%,21
"2025-11-11 09:30",25800,25800,25750,25777.75,-46.75,-0.18%,20
"2025-11-11 09:00",25873,25878.75,25798,25824.5,-65.,-0.25%,34
"2025-11-11 08:30",25878.5,25903,25832,25889.5,2.25,+0.01%,30
"2025-11-11 08:00",25858.25,25887.25,25855.5,25887.25,38.25,+0.15%,9
"2025-11-11 07:30",25865.75,25872,25849,25849,6.5,+0.03%,8
"2025-11-11 07:00",25876,25880.75,25839.5,25842.5,-14.5,-0.06%,8
"2025-11-11 06:30",25864.75,25864.75,25845.75,25857,-33.,-0.13%,20
"2025-11-11 06:00",25890,25890,25890,25890,12.75,+0.05%,1
"2025-11-11 05:30",25880,25880,25877.25,25877.25,-17.25,-0.07%,3
"2025-11-11 05:00",25896,25909.25,25894.5,25894.5,4.5,+0.02%,12
"2025-11-11 04:30",25894.5,25894.5,25890,25890,9.75,+0.04%,2
"2025-11-11 04:00",25880.25,25880.25,25880.25,25880.25,13.25,+0.05%,1
"2025-11-11 03:30",25870.75,25885,25866.25,25867,-26.75,-0.10%,15
"2025-11-11 03:00",25890,25916.5,25890,25893.75,-4.25,-0.02%,4
"2025-11-11 02:30",25901,25901,25898,25898,-7.,-0.03%,3
"2025-11-11 02:00",25905,25905,25905,25905,-18.,-0.07%,1
"2025-11-11 01:00",25923,25923,25923,25923,-32.,-0.12%,1
"2025-11-11 00:00",25918,25955,25918,25955,33,+0.13%,6
"2025-11-10 23:30",25938.25,25938.25,25918,25922,-3.,-0.01%,9
"2025-11-10 23:00",25940,25940,25925,25925,-52.,-0.20%,10
"2025-11-10 22:30",25989.75,25989.75,25977,25977,4,+0.02%,3
"2025-11-10 22:00",25980,25988,25973,25973,-33.5,-0.13%,16
"2025-11-10 21:30",25988,26006.5,25987,26006.5,16.5,+0.06%,6
"2025-11-10 21:00",26004.5,26004.5,25990,25990,-18.5,-0.07%,10
"2025-11-10 20:30",25990,26009,25990,26008.5,9.75,+0.04%,4
"2025-11-10 20:00",25985.75,26017,25985.5,25998.75,-23.5,-0.09%,6
"2025-11-10 19:30",26022.25,26022.25,26022.25,26022.25,-3.25,-0.01%,2
"2025-11-10 19:00",26010.75,26025.5,26009,26025.5,27.25,+0.10%,6
"2025-11-10 18:30",26013,26013,25998.25,25998.25,9.5,+0.04%,2
"2025-11-10 17:00",25985.25,25988.75,25974,25988.75,-10.25,-0.04%,3
"2025-11-10 15:00",26000,26000,25999,25999,19,+0.07%,3
"2025-11-10 14:30",25970,26025.25,25970,25980,-2.25,-0.01%,32
"2025-11-10 14:00",25979,25990,25970,25982.25,13.5,+0.05%,14
"2025-11-10 13:30",25955.5,25977.75,25945,25968.75,13.5,+0.05%,16
"2025-11-10 13:00",25930.25,25955.25,25925,25955.25,31.25,+0.12%,24
"2025-11-10 12:30",25920,25936.5,25920,25924,19,+0.07%,7
"2025-11-10 12:00",25899.25,25920,25899.25,25905,12.75,+0.05%,24
"2025-11-10 11:30",25827.25,25892.25,25827.25,25892.25,72.25,+0.28%,14
"2025-11-10 11:00",25783,25826,25779.25,25820,35.75,+0.14%,30
"2025-11-10 10:30",25773,25784.25,25727,25784.25,31,+0.12%,24
"2025-11-10 10:00",25775,25797.5,25740,25753.25,-31.25,-0.12%,43
"2025-11-10 09:30",25920.75,25926.25,25784.5,25784.5,-137.25,-0.53%,56
"2025-11-10 09:00",25898,25928,25878.25,25921.75,21.75,+0.08%,18
"2025-11-10 08:30",25817,25900.5,25817,25900,100.25,+0.39%,71
"2025-11-10 08:00",25794,25808.75,25791.25,25799.75,-21.5,-0.08%,5
"2025-11-10 07:30",25815,25821.25,25796.75,25821.25,11.25,+0.04%,17
"2025-11-10 07:00",25808.75,25810,25797.25,25810,0,0.00%,8
"2025-11-10 06:30",25793,25810,25793,25810,22,+0.09%,3
"2025-11-10 06:00",25804,25804,25784.75,25788,-20.,-0.08%,3
"2025-11-10 05:30",25798.5,25808,25798.5,25808,30.5,+0.12%,8
"2025-11-10 05:00",25799.75,25803.75,25777.5,25777.5,-26.5,-0.10%,10
"2025-11-10 04:30",25798,25804,25798,25804,-12.25,-0.05%,3
"2025-11-10 04:00",25816.25,25816.25,25816.25,25816.25,-0.25,0.00%,1
"2025-11-10 03:30",25805.25,25819.25,25797.5,25816.5,15.25,+0.06%,47
"2025-11-10 03:00",25788.75,25831,25788.75,25801.25,4.25,+0.02%,28
"2025-11-10 02:30",25766,25797,25766,25797,59,+0.23%,11
"2025-11-10 02:00",25737.5,25738,25726.5,25738,-20.,-0.08%,13
"2025-11-10 01:30",25749.25,25758.25,25742,25758,16.75,+0.07%,17
"2025-11-10 01:00",25729,25746.5,25729,25741.25,-23.,-0.09%,3
"2025-11-10 00:30",25745,25765,25744.25,25764.25,30.25,+0.12%,4
"2025-11-10 00:00",25749.5,25749.5,25734,25734,-17.75,-0.07%,2
"2025-11-09 23:30",25739,25752.5,25739,25751.75,-3.25,-0.01%,6
"2025-11-09 23:00",25745,25755,25745,25755,30,+0.12%,7
"2025-11-09 22:30",25734,25734,25725,25725,2.25,+0.01%,3
"2025-11-09 22:00",25744,25744,25722.75,25722.75,-9.5,-0.04%,2
"2025-11-09 21:30",25742,25747,25732.25,25732.25,-1.5,-0.01%,5
"2025-11-09 21:00",25715,25733.75,25715,25733.75,27.25,+0.11%,6
"2025-11-09 20:30",25684.5,25706.5,25684.5,25706.5,24.75,+0.10%,5
"2025-11-09 20:00",25687.5,25690,25681.75,25681.75,-13.25,-0.05%,8
"2025-11-09 19:30",25642.5,25695,25636,25695,50,+0.19%,10
"2025-11-09 19:00",25610,25656.75,25610,25645,45,+0.18%,16
"2025-11-09 18:30",25580,25600,25562,25600,25,+0.10%,8
"2025-11-09 18:00",25578,25585,25525.25,25575,-24.,-0.09%,20
"2025-11-09 17:30",25561.5,25610,25557,25599,37.5,+0.15%,14
"2025-11-09 17:00",25566.75,25627,25561.5,25561.5,91,+0.36%,40
"2025-11-07 15:30",25460,25480.5,25460,25470.5,18.75,+0.07%,5
"2025-11-07 15:00",25429,25473.5,25425.75,25451.75,26.75,+0.11%,15
"2025-11-07 14:30",25350,25425,25327.5,25425,110.25,+0.44%,79
"2025-11-07 14:00",25366.5,25378.25,25287.5,25314.75,-39.75,-0.16%,32
"2025-11-07 13:30",25224.75,25354.5,25224.5,25354.5,148.25,+0.59%,55
"2025-11-07 13:00",25168.5,25212,25166.5,25206.25,12.5,+0.05%,21
"2025-11-07 12:30",25178,25201.5,25115,25193.75,29.75,+0.12%,56
"2025-11-07 12:00",25108,25166.75,25075.75,25164,83,+0.33%,57
"2025-11-07 11:30",25101.5,25101.5,25020,25081,10.5,+0.04%,32
"2025-11-07 11:00",24986,25108,24960.75,25070.5,98.25,+0.39%,33
"2025-11-07 10:30",25038.75,25064.25,24972.25,24972.25,-91.75,-0.37%,36
"2025-11-07 10:00",25098.25,25098.25,25029,25064,-27.75,-0.11%,35
"2025-11-07 09:30",25216,25216,25085,25091.75,-118.75,-0.47%,47
"2025-11-07 09:00",25255,25297,25140,25210.5,-69.,-0.27%,58
"2025-11-07 08:30",25315,25326.5,25188.25,25279.5,-61.5,-0.24%,143
"2025-11-07 08:00",25364.5,25368.5,25341,25341,-57.75,-0.23%,24
"2025-11-07 07:30",25325.25,25398.75,25321.25,25398.75,72,+0.28%,13
"2025-11-07 07:00",25342.5,25399,25326.75,25326.75,-19.25,-0.08%,25
"2025-11-07 06:30",25404,25404,25345,25346,-79.,-0.31%,11
"2025-11-07 06:00",25448.5,25455,25421,25425,-23.5,-0.09%,11
"2025-11-07 05:30",25350,25448.5,25345,25448.5,74,+0.29%,9
"2025-11-07 05:00",25445.25,25445.25,25363.75,25374.5,-110.75,-0.43%,46
"2025-11-07 04:30",25485.25,25485.25,25485.25,25485.25,29,+0.11%,1
"2025-11-07 04:00",25522.25,25522.25,25440.75,25456.25,-61.5,-0.24%,64
"2025-11-07 03:30",25534,25537.75,25514.5,25517.75,-56.25,-0.22%,7
"2025-11-07 03:00",25562.25,25574,25550,25574,15,+0.06%,4
"2025-11-07 02:30",25551.5,25559,25551.5,25559,2,+0.01%,3
"2025-11-07 02:00",25610.75,25610.75,25557,25557,-46.,-0.18%,15
"2025-11-07 01:30",25596,25603,25596,25603,24.25,+0.09%,2
"2025-11-07 01:00",25589.75,25599,25578.75,25578.75,1.5,+0.01%,7
"2025-11-07 00:30",25570,25579,25570,25577.25,-14.5,-0.06%,3
"2025-11-07 00:00",25592,25592,25591.75,25591.75,11.75,+0.05%,3
"2025-11-06 23:30",25562,25580,25562,25580,15,+0.06%,10
"2025-11-06 23:00",25538,25565,25538,25565,71.25,+0.28%,5
"2025-11-06 22:30",25506.25,25506.25,25493.75,25493.75,-25.5,-0.10%,2
"2025-11-06 22:00",25452.5,25519.25,25425.75,25519.25,45.5,+0.18%,70
"2025-11-06 21:30",25476,25491.5,25468,25473.75,-20.5,-0.08%,9
"2025-11-06 21:00",25535.5,25538.75,25484.5,25494.25,-29.,-0.11%,10
"2025-11-06 20:30",25514.75,25523.25,25514.75,25523.25,1.75,+0.01%,4
"2025-11-06 20:00",25528,25530.75,25509.75,25521.5,4,+0.02%,5
"2025-11-06 19:30",25514.75,25517.5,25466.75,25517.5,-8.,-0.03%,10
"2025-11-06 19:00",25588.75,25588.75,25525.5,25525.5,-75.25,-0.29%,7
"2025-11-06 18:30",25600.75,25600.75,25600.75,25600.75,50.25,+0.20%,1
"2025-11-06 18:00",25550.5,25550.5,25550.5,25550.5,-44.5,-0.17%,1
"2025-11-06 17:30",25575,25595,25575,25595,29.25,+0.11%,8
"2025-11-06 17:00",25536,25565.75,25536,25565.75,10,+0.04%,5
"2025-11-06 15:30",25555,25558,25555,25555.75,18.25,+0.07%,4
"2025-11-06 15:00",25509,25546.5,25505.5,25537.5,42,+0.16%,12
"2025-11-06 14:30",25606,25615.5,25495.5,25495.5,-118.75,-0.46%,31
"2025-11-06 14:00",25665.5,25668.5,25604.75,25614.25,-65.75,-0.26%,15
"2025-11-06 13:30",25681.5,25686,25625,25680,50.75,+0.20%,10
"2025-11-06 13:00",25595.5,25664.5,25595.5,25629.25,52.25,+0.20%,13
"2025-11-06 12:30",25591,25627,25570,25577,-10.25,-0.04%,10
"2025-11-06 12:00",25536.5,25593,25490.5,25587.25,-10.25,-0.04%,25
"2025-11-06 11:30",25491.25,25610.5,25491.25,25597.5,95.5,+0.37%,24
"2025-11-06 11:00",25514,25553.25,25480,25502,16.75,+0.07%,85
"2025-11-06 10:30",25578.5,25582.25,25480.5,25485.25,-92.75,-0.36%,31
"2025-11-06 10:00",25597.25,25625,25540.25,25578,21.25,+0.08%,37
"2025-11-06 09:30",25764.25,25764.25,25556.75,25556.75,-210.,-0.82%,83
"2025-11-06 09:00",25752,25800,25666,25766.75,-15.25,-0.06%,114
"2025-11-06 08:30",25907.5,25924,25782,25782,-168.,-0.65%,89
"2025-11-06 08:00",26027.25,26034,25950,25950,-82.75,-0.32%,25
"2025-11-06 07:30",26055,26055,26032.75,26032.75,-44.75,-0.17%,2
"2025-11-06 07:00",26052.25,26077.5,26052.25,26077.5,28,+0.11%,10
"2025-11-06 06:30",26049.5,26049.5,26049.5,26049.5,4,+0.02%,1
"2025-11-06 06:00",26019.75,26047.25,26019.75,26045.5,27.5,+0.11%,12
"2025-11-06 05:30",26020.25,26035,26018,26018,-14.,-0.05%,3
"2025-11-06 05:00",26018,26032,26018,26032,6.75,+0.03%,2
"2025-11-06 04:30",26038,26038,26024,26025.25,21.25,+0.08%,4
"2025-11-06 03:30",26005.25,26005.25,26004,26004,5,+0.02%,2
"2025-11-06 03:00",25956.75,25999,25956.75,25999,63.25,+0.24%,8
"2025-11-06 02:30",25935.75,25935.75,25935.75,25935.75,33.75,+0.13%,1
"2025-11-06 02:00",25900,25911.25,25897.25,25902,-3.75,-0.01%,11
"2025-11-06 01:30",25930,25941,25905.75,25905.75,-57.75,-0.22%,17
"2025-11-06 01:00",25952.75,25976,25940,25963.5,14.5,+0.06%,5
"2025-11-06 00:30",25945,25958.75,25941,25949,-14.5,-0.06%,11
"2025-11-05 23:30",25980.5,25982.75,25963.5,25963.5,-35.75,-0.14%,6
"2025-11-05 23:00",25983,25999.25,25983,25999.25,2.5,+0.01%,3
"2025-11-05 22:30",26003.75,26003.75,25996.75,25996.75,-1.75,-0.01%,3
"2025-11-05 22:00",25969.25,25998.5,25969.25,25998.5,29.25,+0.11%,3
"2025-11-05 21:30",25997.5,25997.5,25969.25,25969.25,-7.25,-0.03%,3
"2025-11-05 20:30",25926,25976.5,25925.75,25976.5,47.5,+0.18%,6
"2025-11-05 20:00",25917.5,25929,25907.75,25929,-27.25,-0.10%,4
"2025-11-05 19:00",25951,25956.25,25918.75,25956.25,-13.5,-0.05%,9
"2025-11-05 18:30",25952.25,25969.75,25952.25,25969.75,48.75,+0.19%,3
"2025-11-05 18:00",25986.25,25986.25,25921,25921,-97.,-0.37%,9
"2025-11-05 17:30",26018,26018,26018,26018,28,+0.11%,1
"2025-11-05 17:00",25990,25990,25990,25990,-1.75,-0.01%,2
"2025-11-05 15:00",25987.5,25995.25,25965,25991.75,-3.25,-0.01%,24
"2025-11-05 14:30",26091.5,26091.5,25995,25995,-100.75,-0.39%,41
"2025-11-05 14:00",26114,26120,26094,26095.75,-34.25,-0.13%,8
"2025-11-05 13:30",26132,26133,26118.5,26130,14,+0.05%,12
"2025-11-05 13:00",26119.25,26125,26105,26116,-15.5,-0.06%,19
"2025-11-05 12:30",26100,26133.5,26100,26131.5,40.5,+0.16%,28
"2025-11-05 12:00",26071.25,26091,26071.25,26091,18.75,+0.07%,17
"2025-11-05 11:30",26060,26092,26056,26072.25,16.75,+0.06%,66
"2025-11-05 11:00",26037.75,26055.5,26008.5,26055.5,16.5,+0.06%,53
"2025-11-05 10:30",26011,26050,25997.75,26039,31,+0.12%,49
"2025-11-05 10:00",25976.5,26010,25930,26008,46.75,+0.18%,74
"2025-11-05 09:30",25949.25,25995,25949.25,25961.25,4.5,+0.02%,64
"2025-11-05 09:00",25928,25970.5,25889,25956.75,16.25,+0.06%,130
"2025-11-05 08:30",25813.75,25940.5,25754.5,25940.5,131.5,+0.51%,86
"2025-11-05 08:00",25829.5,25829.5,25809,25809,-38.,-0.15%,4
"2025-11-05 07:30",25826.25,25850,25822.75,25847,30.75,+0.12%,8
"2025-11-05 07:00",25795.25,25816.25,25795.25,25816.25,40.5,+0.16%,11
"2025-11-05 06:30",25770.5,25788,25770.5,25775.75,45.25,+0.18%,16
"2025-11-05 05:30",25730.5,25730.5,25730.5,25730.5,18.5,+0.07%,1
"2025-11-05 05:00",25665,25712,25665,25712,31.75,+0.12%,4
"2025-11-05 04:30",25724.75,25724.75,25680.25,25680.25,-111.25,-0.43%,10
"2025-11-05 04:00",25791.5,25791.5,25791.5,25791.5,14,+0.05%,1
"2025-11-05 03:00",25769.75,25808,25769.75,25777.5,3,+0.01%,5
"2025-11-05 02:30",25774.5,25774.5,25774.5,25774.5,1.75,+0.01%,1
"2025-11-05 02:00",25763.5,25772.75,25763.5,25772.75,11.75,+0.05%,2
"2025-11-05 01:30",25760,25761,25760,25761,14.5,+0.06%,2
"2025-11-05 01:00",25768,25768,25746.5,25746.5,-51.5,-0.20%,3
"2025-11-05 00:30",25789.5,25800.75,25789.5,25798,8.5,+0.03%,5
"2025-11-05 00:00",25725.25,25804.5,25716.25,25789.5,64.5,+0.25%,12
"2025-11-04 23:30",25784.75,25784.75,25725,25725,-53.25,-0.21%,5
"2025-11-04 23:00",25738.5,25788,25738.5,25778.25,67.25,+0.26%,7
"2025-11-04 22:30",25740.5,25740.5,25710.75,25711,-15.25,-0.06%,6
"2025-11-04 22:00",25750,25750,25718.75,25726.25,-35.25,-0.14%,4
"2025-11-04 21:30",25735,25770.5,25720,25761.5,47.5,+0.18%,17
"2025-11-04 21:00",25686.25,25722.75,25686.25,25714,46.25,+0.18%,21
"2025-11-04 20:30",25576.5,25673,25565.25,25667.75,112.25,+0.44%,15
"2025-11-04 20:00",25602,25615,25555.5,25555.5,-39.25,-0.15%,15
"2025-11-04 19:30",25579,25594.75,25551,25594.75,4.75,+0.02%,8
"2025-11-04 19:00",25650.75,25650.75,25590,25590,-86.5,-0.34%,35
"2025-11-04 18:30",25704,25704,25670,25676.5,-38.5,-0.15%,9
"2025-11-04 18:00",25758.75,25758.75,25709,25715,-76.,-0.29%,14
"2025-11-04 17:30",25784.75,25791,25784.75,25791,2.75,+0.01%,3
"2025-11-04 17:00",25793.25,25793.25,25773.25,25788.25,-54.25,-0.21%,14
"2025-11-04 15:30",25794.25,25842.5,25785,25842.5,42.5,+0.16%,11
"2025-11-04 15:00",25844,25844,25790,25800,-40.,-0.15%,10
"2025-11-04 14:30",25880,25899,25808,25840,-38.75,-0.15%,39
"2025-11-04 14:00",25871.5,25900,25860.75,25878.75,13.5,+0.05%,18
"2025-11-04 13:30",25912,25912,25837.75,25865.25,-56.5,-0.22%,26
"2025-11-04 13:00",25917.25,25925.5,25907,25921.75,-18.5,-0.07%,13
"2025-11-04 12:30",25890,25940.25,25864.25,25940.25,60.75,+0.23%,20
"2025-11-04 12:00",25937.25,25937.25,25875,25879.5,-49.5,-0.19%,20
"2025-11-04 11:30",25960,25984.25,25925,25929,-36.,-0.14%,37
"2025-11-04 11:00",25995,25995,25906.25,25965,-29.25,-0.11%,61
"2025-11-04 10:30",26026.5,26051.5,25994.25,25994.25,-19.75,-0.08%,11
"2025-11-04 10:00",26076.5,26076.5,26000,26014,-35.25,-0.14%,63
"2025-11-04 09:30",26121,26150,26033.75,26049.25,-81.75,-0.31%,18
"2025-11-04 09:00",26134,26155,26101.5,26131,-4.,-0.02%,40
"2025-11-04 08:30",25985.5,26135,25926.5,26135,140,+0.54%,78
"2025-11-04 08:00",25948,26011.25,25948,25995,15.25,+0.06%,13
"2025-11-04 07:30",25972.5,25979.75,25955,25979.75,13.5,+0.05%,6
"2025-11-04 07:00",26008,26020,25966.25,25966.25,-64.75,-0.25%,14
"2025-11-04 06:30",26050,26050,26014.5,26031,-16.5,-0.06%,5
"2025-11-04 06:00",26020.25,26047.5,25998,26047.5,11.5,+0.04%,19
"2025-11-04 05:30",26035,26050,26032.25,26036,6,+0.02%,19
"2025-11-04 05:00",26030,26030,26030,26030,8,+0.03%,1
"2025-11-04 04:30",26000,26032,26000,26022,42,+0.16%,10
"2025-11-04 04:00",25928.25,25980,25911.5,25980,41.25,+0.16%,13
"2025-11-04 03:30",25983.25,25990.5,25937,25938.75,-61.5,-0.24%,21
"2025-11-04 03:00",26035.25,26035.25,26000.25,26000.25,-36.,-0.14%,12
"2025-11-04 02:30",26042,26042,26036.25,26036.25,36.25,+0.14%,3
"2025-11-04 02:00",26052,26052,26000,26000,-49.5,-0.19%,6
"2025-11-04 01:30",26050,26050,26035,26049.5,9.5,+0.04%,9
"2025-11-04 01:00",26020,26040,26000,26040,-1.25,0.00%,8
"2025-11-04 00:30",26026,26053.5,26005.25,26041.25,9.5,+0.04%,16
"2025-11-04 00:00",26060,26067.75,26021.75,26031.75,-48.25,-0.19%,20
"2025-11-03 23:30",26125,26125,26080,26080,-66.,-0.25%,10
"2025-11-03 23:00",26178,26180,26146,26146,-28.5,-0.11%,19
"2025-11-03 22:30",26181,26181,26169.5,26174.5,-5.5,-0.02%,10
"2025-11-03 22:00",26190,26197.75,26180,26180,-15.,-0.06%,6
"2025-11-03 21:30",26207.5,26209,26190,26195,-30.,-0.11%,8
"2025-11-03 21:00",26220,26225,26220,26225,18.75,+0.07%,2
"2025-11-03 20:30",26233,26233,26206.25,26206.25,-33.75,-0.13%,3
"2025-11-03 20:00",26256.5,26256.5,26240,26240,-30.25,-0.12%,3
"2025-11-03 19:30",26270.25,26270.25,26270.25,26270.25,-11.,-0.04%,1
"2025-11-03 19:00",26281.25,26281.25,26281.25,26281.25,2.75,+0.01%,1
"2025-11-03 18:30",26279.75,26279.75,26278.5,26278.5,28.5,+0.11%,2
"2025-11-03 18:00",26267.5,26267.5,26250,26250,-75.,-0.28%,3
"2025-11-03 17:30",26340.25,26340.25,26325,26325,-27.75,-0.11%,2
"2025-11-03 17:00",26353.75,26353.75,26352.75,26352.75,-19.75,-0.07%,2
"2025-11-03 15:30",26372.5,26372.5,26372.5,26372.5,0.5,0.00%,1
"2025-11-03 15:00",26395,26435,26372,26372,20,+0.08%,10
"2025-11-03 14:30",26361.5,26365.75,26349.25,26352,-13.25,-0.05%,4
"2025-11-03 14:00",26365.25,26365.25,26365.25,26365.25,-2.75,-0.01%,1
"2025-11-03 13:30",26376,26376,26340.5,26368,4,+0.02%,6
"2025-11-03 13:00",26395.25,26395.25,26355,26364,-37.25,-0.14%,21
"2025-11-03 12:30",26417.5,26425.5,26401,26401.25,-14.75,-0.06%,4
"2025-11-03 12:00",26419.75,26420,26416,26416,6.5,+0.02%,3
"2025-11-03 11:30",26373.75,26415.25,26373.75,26409.5,44,+0.17%,12
"2025-11-03 11:00",26369,26396.25,26354,26365.5,-24.5,-0.09%,20
"2025-11-03 10:30",26316.75,26390,26316.75,26390,64.25,+0.24%,24
"2025-11-03 10:00",26352.25,26357.5,26325.75,26325.75,-40.,-0.15%,9
"2025-11-03 09:30",26291.5,26365.75,26277,26365.75,66.5,+0.25%,17
"2025-11-03 09:00",26380,26405.25,26299.25,26299.25,-108.25,-0.41%,40
"2025-11-03 08:30",26512.75,26530,26388.25,26407.5,-92.5,-0.35%,44
"2025-11-03 08:00",26465,26501.25,26465,26500,68.25,+0.26%,17
"2025-11-03 07:30",26434,26438.75,26431.75,26431.75,31.75,+0.12%,4
"2025-11-03 07:00",26400,26400,26400,26400,-27.,-0.10%,1
"2025-11-03 06:30",26427,26427,26427,26427,7,+0.03%,1
"2025-11-03 06:00",26445,26445,26420,26420,-15.,-0.06%,4
"2025-11-03 05:30",26419.5,26435,26419,26435,0,0.00%,3
"2025-11-03 05:00",26427.25,26435,26427.25,26435,30,+0.11%,12
"2025-11-03 04:30",26405,26405,26405,26405,-8.25,-0.03%,2
"2025-11-03 03:00",26377,26413.25,26377,26413.25,75,+0.28%,8
"2025-11-03 02:30",26338.25,26338.25,26338.25,26338.25,50.25,+0.19%,1
"2025-11-03 01:30",26288,26288,26288,26288,-8.5,-0.03%,1
"2025-11-03 01:00",26296.5,26296.5,26296.5,26296.5,-17.,-0.06%,1
"2025-11-03 00:30",26315.25,26316.25,26313.5,26313.5,17.25,+0.07%,5
"2025-11-03 00:00",26321.5,26321.5,26296.25,26296.25,-38.75,-0.15%,3
"2025-11-02 20:30",26350,26350,26335,26335,-38.5,-0.15%,2
"2025-11-02 20:00",26347,26373.5,26347,26373.5,18,+0.07%,5
"2025-11-02 19:30",26351.75,26355.5,26351.75,26355.5,-12.75,-0.05%,3
"2025-11-02 19:00",26380,26380,26365,26368.25,-1.75,-0.01%,4
"2025-11-02 18:30",26370,26370,26370,26370,4.5,+0.02%,1
"2025-11-02 18:00",26360,26365.5,26349.75,26365.5,13.5,+0.05%,4
"2025-11-02 17:30",26319,26352,26319,26352,32.75,+0.12%,7
"2025-11-02 17:00",26265.5,26336,26265.5,26319.25,71.25,+0.27%,9
"2025-10-31 15:00",26237.5,26248,26237.5,26248,-37.25,-0.14%,2
"2025-10-31 14:30",26340.75,26380,26274,26285.25,-69.75,-0.26%,43
"2025-10-31 14:00",26282,26355,26282,26355,97,+0.37%,27
"2025-10-31 13:30",26278,26279.5,26233.25,26258,-11.75,-0.04%,10
"2025-10-31 13:00",26216,26273.25,26216,26269.75,53.75,+0.21%,13
"2025-10-31 12:30",26172,26232.75,26159.25,26216,35.25,+0.13%,20
"2025-10-31 12:00",26205,26207,26155,26180.75,-22.75,-0.09%,46
"2025-10-31 11:30",26281.75,26281.75,26200,26203.5,-73.5,-0.28%,22
"2025-10-31 11:00",26310,26313,26217.5,26277,-44.,-0.17%,86
"2025-10-31 10:30",26390.5,26422.5,26320,26321,-78.,-0.30%,119
"2025-10-31 10:00",26431.75,26431.75,26399,26399,-19.,-0.07%,18
"2025-10-31 09:30",26378,26438,26372,26418,52,+0.20%,15
"2025-10-31 09:00",26359.75,26373.5,26328.75,26366,16,+0.06%,44
"2025-10-31 08:30",26460,26460,26350,26350,-114.25,-0.43%,41
"2025-10-31 08:00",26467.5,26467.5,26464,26464.25,-21.,-0.08%,7
"2025-10-31 07:30",26513,26513,26477.5,26485.25,-39.75,-0.15%,5
"2025-10-31 07:00",26498,26525,26498,26525,40,+0.15%,10
"2025-10-31 06:30",26465.5,26489,26460,26485,17,+0.06%,6
"2025-10-31 06:00",26468,26468,26468,26468,18,+0.07%,4
"2025-10-31 05:30",26450,26450,26450,26450,23,+0.09%,2
"2025-10-31 05:00",26447.75,26447.75,26427,26427,-44.,-0.17%,4
"2025-10-31 03:00",26471,26471,26471,26471,-8.,-0.03%,1
"2025-10-31 02:30",26454,26479,26453.5,26479,65.25,+0.25%,45
"2025-10-31 02:00",26413.75,26413.75,26413.75,26413.75,-36.75,-0.14%,1
"2025-10-31 01:30",26453,26453,26450.5,26450.5,19.5,+0.07%,2
"2025-10-31 01:00",26424.5,26431,26424.5,26431,3,+0.01%,5
"2025-10-31 00:30",26445.25,26445.25,26428,26428,-39.25,-0.15%,2
"2025-10-30 23:00",26459.5,26471.5,26459.5,26467.25,15.75,+0.06%,58
"2025-10-30 22:30",26429,26462.25,26428,26451.5,23.5,+0.09%,63
"2025-10-30 22:00",26448.75,26449.25,26428,26428,-6.5,-0.02%,3
"2025-10-30 21:30",26450,26450,26434.5,26434.5,-27.75,-0.10%,2
"2025-10-30 21:00",26475,26475,26462.25,26462.25,-7.75,-0.03%,13
"2025-10-30 20:30",26460,26472,26460,26470,18.25,+0.07%,19
"2025-10-30 20:00",26444,26451.75,26444,26451.75,-9.,-0.03%,2
"2025-10-30 19:30",26451.5,26461.75,26443.25,26460.75,10.75,+0.04%,17
"2025-10-30 19:00",26409,26450,26409,26450,15,+0.06%,3
"2025-10-30 18:30",26407.5,26435,26407.5,26435,41.25,+0.16%,5
"2025-10-30 18:00",26401.75,26401.75,26388.75,26393.75,-13.25,-0.05%,7
"2025-10-30 17:30",26430,26430,26404.75,26407,-17.,-0.06%,9
"2025-10-30 17:00",26435,26445,26416.75,26424,19,+0.07%,11
"2025-10-30 15:30",26288.5,26405,26203.25,26405,110,+0.42%,50
"2025-10-30 15:00",26130,26295,26130,26295,158,+0.60%,43
"2025-10-30 14:30",26200,26200,26137,26137,-18.,-0.07%,30
"2025-10-30 14:00",26242.75,26242.75,26146.25,26155,-93.75,-0.36%,35
"2025-10-30 13:30",26279.5,26279.5,26240,26248.75,2.25,+0.01%,12
"2025-10-30 13:00",26321,26321,26246.5,26246.5,-70.,-0.27%,18
"2025-10-30 12:30",26303.75,26334.75,26294.75,26316.5,-8.5,-0.03%,7
"2025-10-30 12:00",26292.5,26325,26268.5,26325,8,+0.03%,12
"2025-10-30 11:30",26332.25,26338,26303.5,26317,-32.,-0.12%,17
"2025-10-30 11:00",26288,26356.25,26288,26349,97,+0.37%,22
"2025-10-30 10:30",26294,26300,26230,26252,-70.5,-0.27%,34
"2025-10-30 10:00",26288.25,26337,26288.25,26322.5,76.5,+0.29%,27
"2025-10-30 09:30",26307.75,26343.5,26242.25,26246,-54.25,-0.21%,37
"2025-10-30 09:00",26405.75,26438.25,26282.75,26300.25,-85.5,-0.32%,57
"2025-10-30 08:30",26340.5,26405.75,26215,26385.75,4.75,+0.02%,65
"2025-10-30 08:00",26369.5,26390.25,26368.25,26381,0.25,0.00%,12
"2025-10-30 07:30",26420,26435,26378,26380.75,-72.,-0.27%,20
"2025-10-30 07:00",26527.25,26532.75,26452.75,26452.75,-69.75,-0.26%,7
"2025-10-30 06:30",26524.25,26524.25,26522.5,26522.5,-16.25,-0.06%,2
"2025-10-30 06:00",26542,26542,26538.75,26538.75,63.75,+0.24%,2
"2025-10-30 04:30",26489.25,26489.25,26475,26475,-81.,-0.31%,2
"2025-10-30 04:00",26550,26556,26550,26556,48,+0.18%,2
"2025-10-30 03:30",26508,26508,26508,26508,-17.,-0.06%,1
"2025-10-30 03:00",26553.25,26553.25,26525,26525,-10.5,-0.04%,2
"2025-10-30 02:00",26461,26535.5,26461,26535.5,11,+0.04%,13
"2025-10-30 01:30",26503.5,26524.5,26503.5,26524.5,21,+0.08%,22
"2025-10-30 01:00",26512,26521.5,26492,26503.5,-51.,-0.19%,24
"2025-10-30 00:30",26568.5,26590,26532.5,26554.5,34.5,+0.13%,30
"2025-10-30 00:00",26500,26520,26497.5,26520,14.5,+0.05%,4
"2025-10-29 23:30",26420,26546.25,26420,26505.5,65.5,+0.25%,13
"2025-10-29 23:00",26578,26578,26440,26440,-214.,-0.80%,22
"2025-10-29 22:30",26660,26670,26654,26654,7.5,+0.03%,4
"2025-10-29 22:00",26635,26658,26635,26646.5,22.25,+0.08%,111
"2025-10-29 21:00",26580,26626.25,26580,26624.25,46.75,+0.18%,14
"2025-10-29 20:30",26562,26578,26562,26577.5,44,+0.17%,5
"2025-10-29 20:00",26545.75,26545.75,26533.5,26533.5,-16.,-0.06%,2
"2025-10-29 19:30",26575,26575,26549.5,26549.5,-11.5,-0.04%,4
"2025-10-29 19:00",26520,26571.75,26520,26561,61,+0.23%,10
"2025-10-29 18:30",26454.75,26500,26440.25,26500,0,0.00%,5
"2025-10-29 18:00",26500,26500,26500,26500,26.75,+0.10%,1
"2025-10-29 17:30",26473.25,26473.25,26473.25,26473.25,23.25,+0.09%,1
"2025-10-29 17:00",26442,26500,26442,26450,-41.25,-0.16%,7
"2025-10-29 15:30",26495,26535.25,26491.25,26491.25,-2.,-0.01%,8
"2025-10-29 15:00",26563,26610,26441.5,26493.25,-29.,-0.11%,57
"2025-10-29 14:30",26433,26540,26413.25,26522.25,63.5,+0.24%,39
"2025-10-29 14:00",26460,26500,26381,26458.75,4.25,+0.02%,43
"2025-10-29 13:30",26511,26538,26317,26454.5,-33.5,-0.13%,214
"2025-10-29 13:00",26533,26533,26470.5,26488,-29.,-0.11%,42
"2025-10-29 12:30",26506,26517,26506,26517,34.25,+0.13%,8
"2025-10-29 12:00",26521.5,26521.5,26482,26482.75,-19.75,-0.07%,13
"2025-10-29 11:30",26504,26520,26502.5,26502.5,16.75,+0.06%,16
"2025-10-29 11:00",26500,26500.25,26472.5,26485.75,-16.5,-0.06%,13
"2025-10-29 10:30",26512,26519,26487,26502.25,-35.25,-0.13%,26
"2025-10-29 10:00",26532.25,26537.5,26500,26537.5,14.5,+0.05%,34
"2025-10-29 09:30",26568,26568,26518,26523,-23.75,-0.09%,14
"2025-10-29 09:00",26583,26586.5,26534.75,26546.75,-29.5,-0.11%,19
"2025-10-29 08:30",26544,26577,26520,26576.25,45,+0.17%,31
"2025-10-29 08:00",26534.75,26534.75,26531.25,26531.25,13.75,+0.05%,5
"2025-10-29 07:30",26517.5,26517.5,26517.5,26517.5,-1.75,-0.01%,1
"2025-10-29 07:00",26537.75,26537.75,26519.25,26519.25,-35.,-0.13%,2
"2025-10-29 06:30",26554.25,26554.25,26554.25,26554.25,2.75,+0.01%,1
"2025-10-29 06:00",26534.25,26551.5,26534.25,26551.5,36.5,+0.14%,4
"2025-10-29 05:30",26526,26526,26515,26515,-7.,-0.03%,2
"2025-10-29 05:00",26500.5,26522,26500.5,26522,30.75,+0.12%,4
"2025-10-29 04:30",26491.25,26491.25,26491.25,26491.25,-22.5,-0.08%,1
"2025-10-29 04:00",26523,26523.25,26504.5,26513.75,-10.25,-0.04%,13
"2025-10-29 03:30",26540,26540,26524,26524,-35.25,-0.13%,2
"2025-10-29 03:00",26566.25,26566.25,26546.25,26559.25,1.25,0.00%,5
"2025-10-29 02:30",26558,26558,26558,26558,14.25,+0.05%,1
"2025-10-29 02:00",26540.25,26543.75,26540.25,26543.75,3.75,+0.01%,3
"2025-10-29 01:30",26549,26549,26536,26540,1,0.00%,4
"2025-10-29 01:00",26532,26539,26532,26539,21.25,+0.08%,3
"2025-10-29 00:30",26517.75,26517.75,26517.75,26517.75,2.75,+0.01%,2
"2025-10-29 00:00",26515,26515,26515,26515,9,+0.03%,1
"2025-10-28 23:30",26506.75,26506.75,26506,26506,23,+0.09%,2
"2025-10-28 23:00",26483,26483,26483,26483,-21.25,-0.08%,1
"2025-10-28 22:30",26490.5,26504.25,26490.5,26504.25,-0.75,0.00%,12
"2025-10-28 22:00",26502,26505,26502,26505,-9.,-0.03%,2
"2025-10-28 21:00",26478,26514,26478,26514,34,+0.13%,22
"2025-10-28 20:30",26465,26480,26454.75,26480,29.25,+0.11%,12
"2025-10-28 20:00",26440,26450.75,26440,26450.75,22,+0.08%,4
"2025-10-28 19:30",26448.75,26448.75,26428.75,26428.75,-3.5,-0.01%,4
"2025-10-28 17:00",26432.25,26432.25,26432.25,26432.25,7.25,+0.03%,1
"2025-10-28 15:30",26425,26425,26425,26425,0,0.00%,1
"2025-10-28 15:00",26420,26425,26417.5,26425,-2.,-0.01%,4
"2025-10-28 14:30",26487,26490,26427,26427,-58.,-0.22%,22
"2025-10-28 14:00",26439.5,26485,26439.5,26485,39.75,+0.15%,20
"2025-10-28 13:30",26450,26450,26437.25,26445.25,5.25,+0.02%,7
"2025-10-28 13:00",26416,26440,26415,26440,30.75,+0.12%,5
"2025-10-28 12:30",26402,26413.5,26398.5,26409.25,16.75,+0.06%,14
"2025-10-28 12:00",26368,26392.75,26365,26392.5,12.75,+0.05%,12
"2025-10-28 11:30",26352.25,26401.25,26344,26379.75,29.75,+0.11%,35
"2025-10-28 11:00",26324.25,26350,26324.25,26350,43.75,+0.17%,24
"2025-10-28 10:30",26290,26306.25,26267.25,26306.25,-0.75,0.00%,23
"2025-10-28 10:00",26299,26311,26297.75,26307,17,+0.06%,19
"2025-10-28 09:30",26295.75,26303.75,26274,26290,-13.,-0.05%,17
"2025-10-28 09:00",26317.25,26330,26300,26303,-20.25,-0.08%,16
"2025-10-28 08:30",26318,26346.25,26288,26323.25,13.25,+0.05%,38
"2025-10-28 08:00",26268.75,26313.75,26268.75,26310,46.25,+0.18%,12
"2025-10-28 07:30",26264,26264,26263.75,26263.75,-11.25,-0.04%,2
"2025-10-28 07:00",26267,26275,26267,26275,21,+0.08%,4
"2025-10-28 06:30",26249,26254,26249,26254,-1.75,-0.01%,5
"2025-10-28 06:00",26255.75,26255.75,26255.75,26255.75,10.75,+0.04%,1
"2025-10-28 05:30",26245,26245,26245,26245,3.75,+0.01%,2
"2025-10-28 05:00",26238,26241.25,26238,26241.25,20.5,+0.08%,2
"2025-10-28 04:30",26229.25,26235,26220.75,26220.75,-6.25,-0.02%,6
"2025-10-28 04:00",26226.75,26227,26226.75,26227,24.25,+0.09%,2
"2025-10-28 03:30",26210,26210,26202.75,26202.75,-1.5,-0.01%,5
"2025-10-28 03:00",26211.25,26211.25,26204.25,26204.25,-11.75,-0.04%,2
"2025-10-28 02:30",26221,26221,26216,26216,-12.5,-0.05%,2
"2025-10-28 02:00",26228.5,26228.5,26228.5,26228.5,11,+0.04%,1
"2025-10-28 01:30",26235,26235,26217.5,26217.5,2.75,+0.01%,4
"2025-10-28 01:00",26214.75,26214.75,26214.75,26214.75,-4.25,-0.02%,1
"2025-10-28 00:30",26219,26219,26219,26219,8,+0.03%,1
"2025-10-28 00:00",26211,26211,26211,26211,-36.5,-0.14%,3
"2025-10-27 22:30",26236.25,26247.5,26234.5,26247.5,19.5,+0.07%,3
"2025-10-27 20:30",26228,26228,26228,26228,-3.,-0.01%,1
"2025-10-27 20:00",26228,26231,26227.75,26231,-14.75,-0.06%,3
"2025-10-27 19:00",26245.75,26245.75,26245.75,26245.75,-12.75,-0.05%,1
"2025-10-27 18:00",26258.5,26258.5,26258.5,26258.5,0.75,0.00%,1
"2025-10-27 17:30",26257.75,26257.75,26257.75,26257.75,2.75,+0.01%,1
"2025-10-27 17:00",26255,26255,26255,26255,-11.,-0.04%,1
"2025-10-27 15:30",26256.25,26266,26256.25,26266,33,+0.13%,8
"2025-10-27 15:00",26225,26233,26225,26233,4.75,+0.02%,4
"2025-10-27 14:30",26192,26230.75,26192,26228.25,51.25,+0.20%,41
"2025-10-27 14:00",26190,26195.25,26177,26177,-19.,-0.07%,38
"2025-10-27 13:30",26184.25,26200,26179,26196,9.5,+0.04%,100
"2025-10-27 13:00",26182.25,26187,26182.25,26186.5,6.5,+0.02%,13
"2025-10-27 12:30",26175,26180,26175,26180,12,+0.05%,6
"2025-10-27 12:00",26168,26168,26168,26168,12,+0.05%,15
"2025-10-27 11:30",26162.5,26168.5,26156,26156,-5.5,-0.02%,10
"2025-10-27 11:00",26155.25,26161.5,26155.25,26161.5,16.5,+0.06%,4
"2025-10-27 10:30",26154,26158.25,26145,26145,1.25,0.00%,8
"2025-10-27 10:00",26127.25,26147,26127.25,26143.75,18,+0.07%,11
"2025-10-27 09:30",26114.75,26139.5,26114.75,26125.75,5.75,+0.02%,13
"2025-10-27 09:00",26109.25,26126.75,26078,26120,29.75,+0.11%,43
"2025-10-27 08:30",26108,26108,26072,26090.25,10.25,+0.04%,29
"2025-10-27 08:00",26080,26080,26080,26080,-4.75,-0.02%,1
"2025-10-27 07:30",26079.75,26084.75,26079.75,26084.75,-3.25,-0.01%,2
"2025-10-27 07:00",26083.5,26096,26083.5,26088,18,+0.07%,5
"2025-10-27 06:30",26070,26070,26070,26070,-30.5,-0.12%,1
"2025-10-27 05:30",26100,26100.5,26098.5,26100.5,13,+0.05%,4
"2025-10-27 05:00",26087.5,26087.5,26087.5,26087.5,7.5,+0.03%,2
"2025-10-27 04:30",26080,26080,26080,26080,33.25,+0.13%,1
"2025-10-27 02:30",26057,26057,26046.75,26046.75,-11.75,-0.05%,4
"2025-10-27 02:00",26047.5,26058.5,26045,26058.5,20.5,+0.08%,8
"2025-10-27 01:30",26040,26051.25,26038,26038,-11.,-0.04%,9
"2025-10-27 01:00",26043,26049,26043,26049,19,+0.07%,13
"2025-10-27 00:00",26016,26030,26016,26030,16.25,+0.06%,7
"2025-10-26 23:30",26017,26017,26013.75,26013.75,1.25,0.00%,3
"2025-10-26 23:00",26015.5,26019,26009,26012.5,-6.5,-0.02%,11
"2025-10-26 22:30",26021.75,26021.75,26019,26019,0,0.00%,4
"2025-10-26 22:00",26006,26019,26006,26019,38.25,+0.15%,3
"2025-10-26 21:00",25977,25980.75,25977,25980.75,3.75,+0.01%,2
"2025-10-26 20:30",25977,25977,25977,25977,14.5,+0.06%,6
"2025-10-26 20:00",25966,25967.25,25962.5,25962.5,-22.5,-0.09%,3
"2025-10-26 19:30",25991,25991,25985,25985,0,0.00%,3
"2025-10-26 19:00",25986,25986,25985,25985,8.5,+0.03%,4
"2025-10-26 18:30",25976.5,25976.5,25976.5,25976.5,0.5,0.00%,1
"2025-10-26 17:30",25985,25985,25976,25976,-16.75,-0.06%,15
"2025-10-26 17:00",25931.25,26000,25931.25,25992.75,224.75,+0.87%,25
"2025-10-24 15:30",25768,25768,25768,25768,13,+0.05%,5
"2025-10-24 15:00",25749.25,25772.25,25749.25,25755,-5.,-0.02%,6
"2025-10-24 14:30",25787.5,25787.5,25750,25760,-50.,-0.19%,8
"2025-10-24 14:00",25794.75,25811,25794,25810,20,+0.08%,5
"2025-10-24 13:30",25794.75,25799.5,25790,25790,-3.75,-0.01%,6
"2025-10-24 13:00",25796.5,25799.5,25785.75,25793.75,-6.25,-0.02%,29
"2025-10-24 12:30",25799,25815,25799,25800,4,+0.02%,30
"2025-10-24 12:00",25790,25805.25,25790,25796,-6.,-0.02%,9
"2025-10-24 11:30",25792.25,25805.5,25777.75,25802,14,+0.05%,22
"2025-10-24 11:00",25782,25808.5,25770.5,25788,21.75,+0.08%,22
"2025-10-24 10:30",25778.75,25781.25,25761.5,25766.25,-12.75,-0.05%,11
"2025-10-24 10:00",25720,25790,25714,25779,83,+0.32%,75
"2025-10-24 09:30",25756.5,25783.5,25687.75,25696,-56.5,-0.22%,39
"2025-10-24 09:00",25765.25,25788.25,25752.5,25752.5,-15.5,-0.06%,12
"2025-10-24 08:30",25730,25777.5,25717,25768,53,+0.21%,34
"2025-10-24 08:00",25724,25742,25715,25715,-5.,-0.02%,9
"2025-10-24 07:30",25613,25777.5,25613,25720,94,+0.37%,93
"2025-10-24 07:00",25630,25630,25614,25626,-3.,-0.01%,39
"2025-10-24 06:30",25629,25629,25629,25629,4,+0.02%,1
"2025-10-24 06:00",25621.75,25625,25621.75,25625,7,+0.03%,2
"2025-10-24 05:30",25629.75,25629.75,25618,25618,-10.,-0.04%,3
"2025-10-24 04:30",25641.25,25642,25628,25628,3,+0.01%,4
"2025-10-24 04:00",25622.75,25625,25622.75,25625,17,+0.07%,2
"2025-10-24 03:30",25608,25608,25608,25608,20.25,+0.08%,1
"2025-10-24 02:30",25610,25610,25587.75,25587.75,-11.25,-0.04%,2
"2025-10-24 02:00",25600,25600,25596.5,25599,-27.75,-0.11%,5
"2025-10-24 01:00",25600,25626.75,25600,25626.75,33.25,+0.13%,13
"2025-10-24 00:00",25577,25593.5,25577,25593.5,16.75,+0.07%,11
"2025-10-23 23:30",25576,25576.75,25576,25576.75,0,0.00%,2
"2025-10-23 22:30",25576.75,25576.75,25576.75,25576.75,1.75,+0.01%,1
"2025-10-23 22:00",25575,25575,25575,25575,5,+0.02%,1
"2025-10-23 21:00",25570,25570,25570,25570,5,+0.02%,1
"2025-10-23 20:30",25566,25566.5,25565,25565,-5.,-0.02%,5
"2025-10-23 20:00",25570,25570,25570,25570,18,+0.07%,1
"2025-10-23 19:30",25548.75,25552,25548.75,25552,6.5,+0.03%,4
"2025-10-23 17:00",25540,25545.5,25540,25545.5,21.5,+0.08%,2
"2025-10-23 15:30",25537,25538.5,25524,25524,11.5,+0.05%,7
"2025-10-23 15:00",25512.5,25512.5,25512.5,25512.5,16,+0.06%,5
"2025-10-23 14:30",25512.25,25518,25484.25,25496.5,-20.75,-0.08%,18
"2025-10-23 14:00",25525,25527.25,25511.5,25517.25,5.25,+0.02%,17
"2025-10-23 13:30",25512,25512,25512,25512,-8.,-0.03%,1
"2025-10-23 13:00",25519,25520,25502.25,25520,-10.,-0.04%,12
"2025-10-23 12:30",25474.75,25530,25474.75,25530,80.5,+0.32%,18
"2025-10-23 12:00",25490,25490,25449.5,25449.5,-32.25,-0.13%,33
"2025-10-23 11:30",25471.25,25485,25471.25,25481.75,44.25,+0.17%,6
"2025-10-23 11:00",25453,25473,25437.5,25437.5,-4.75,-0.02%,25
"2025-10-23 10:30",25439,25457,25370,25442.25,10.25,+0.04%,27
"2025-10-23 10:00",25429.25,25432,25390,25432,20.25,+0.08%,12
"2025-10-23 09:30",25395.75,25445.5,25395.75,25411.75,20.75,+0.08%,25
"2025-10-23 09:00",25415,25415,25340,25391,-7.,-0.03%,28
"2025-10-23 08:30",25269.25,25425.5,25269.25,25398,148,+0.59%,49
"2025-10-23 08:00",25234.75,25250,25195.25,25250,8.25,+0.03%,18
"2025-10-23 07:30",25200,25241.75,25184.75,25241.75,25.25,+0.10%,6
"2025-10-23 07:00",25207,25216.5,25191.75,25216.5,-1.,0.00%,14
"2025-10-23 06:30",25263.5,25263.5,25217.5,25217.5,-38.5,-0.15%,4
"2025-10-23 06:00",25268.5,25268.5,25236.75,25256,-34.,-0.13%,5
"2025-10-23 05:30",25290.25,25290.25,25290,25290,0,0.00%,2
"2025-10-23 04:30",25290,25290,25290,25290,10,+0.04%,1
"2025-10-23 04:00",25334,25334,25280,25280,-59.,-0.23%,5
"2025-10-23 02:30",25338,25339,25337.75,25339,22.5,+0.09%,3
"2025-10-23 02:00",25352,25364.5,25316.5,25316.5,-32.5,-0.13%,5
"2025-10-23 01:30",25349,25349,25349,25349,17.25,+0.07%,1
"2025-10-23 01:00",25331.75,25331.75,25331.75,25331.75,-4.,-0.02%,1
"2025-10-23 00:30",25316,25335.75,25316,25335.75,26.25,+0.10%,2
"2025-10-23 00:00",25309.5,25309.5,25309.5,25309.5,-30.5,-0.12%,1
"2025-10-22 22:30",25340,25340,25340,25340,-5.,-0.02%,1
"2025-10-22 22:00",25353.75,25353.75,25345,25345,-5.,-0.02%,2
"2025-10-22 21:30",25350,25350,25350,25350,13.75,+0.05%,1
"2025-10-22 20:30",25330,25350,25330,25336.25,19.75,+0.08%,8
"2025-10-22 20:00",25295,25316.5,25295,25316.5,26.5,+0.10%,4
"2025-10-22 19:30",25280,25290,25269.5,25290,55.25,+0.22%,7
"2025-10-22 19:00",25210.5,25234.75,25200,25234.75,-61.75,-0.24%,5
"2025-10-22 18:30",25292.25,25296.5,25292.25,25296.5,-11.5,-0.05%,5
"2025-10-22 18:00",25310,25310,25306.25,25308,18,+0.07%,7
"2025-10-22 17:30",25290,25290,25290,25290,45.25,+0.18%,1
"2025-10-22 17:00",25244.75,25244.75,25244.75,25244.75,-40.25,-0.16%,1
"2025-10-22 15:30",25275,25285,25275,25285,7.5,+0.03%,2
"2025-10-22 15:00",25299,25320,25275,25277.5,8.25,+0.03%,50
"2025-10-22 14:30",25269.5,25300,25269.25,25269.25,14.25,+0.06%,36
"2025-10-22 14:00",25200,25255,25200,25255,70,+0.28%,19
"2025-10-22 13:30",25185,25185,25185,25185,31,+0.12%,1
"2025-10-22 13:00",25136.75,25186,25097.5,25154,68.25,+0.27%,116
"2025-10-22 12:30",25140.75,25156,25053,25085.75,-39.25,-0.16%,22
"2025-10-22 12:00",25240,25240,25125,25125,-125.,-0.50%,8
"2025-10-22 11:30",25298,25298,25121.75,25250,-32.25,-0.13%,56
"2025-10-22 11:00",25341,25341,25276.5,25282.25,-66.25,-0.26%,17
"2025-10-22 10:30",25250,25365.75,25250,25348.5,42.75,+0.17%,39
"2025-10-22 10:00",25425,25430.25,25275,25305.75,-103.75,-0.41%,35
"2025-10-22 09:30",25374.25,25412.5,25304,25409.5,42,+0.17%,32
"2025-10-22 09:00",25518.25,25520,25367.5,25367.5,-150.,-0.59%,32
"2025-10-22 08:30",25461.5,25532.5,25437.75,25517.5,-4.75,-0.02%,27
"2025-10-22 08:00",25522,25522.25,25522,25522.25,10.25,+0.04%,2
"2025-10-22 07:30",25498,25512,25498,25512,27.5,+0.11%,3
"2025-10-22 07:00",25475,25487.5,25470,25484.5,17.75,+0.07%,5
"2025-10-22 06:30",25475.75,25475.75,25466.75,25466.75,-35.5,-0.14%,3
"2025-10-22 06:00",25530,25530,25484.25,25502.25,-48.75,-0.19%,9
"2025-10-22 05:30",25533.25,25551,25533.25,25551,20,+0.08%,2
"2025-10-22 05:00",25524.75,25531,25524.75,25531,19,+0.07%,2
"2025-10-22 04:30",25512,25512,25512,25512,6.25,+0.02%,1
"2025-10-22 04:00",25483.75,25505.75,25483.75,25505.75,-13.5,-0.05%,2
"2025-10-22 03:30",25519,25519.25,25510,25519.25,14.25,+0.06%,4
"2025-10-22 03:00",25530,25530,25505,25505,-45.75,-0.18%,3
"2025-10-22 02:30",25550.75,25550.75,25550.75,25550.75,11,+0.04%,1
"2025-10-22 02:00",25525.25,25539.75,25525,25539.75,-45.5,-0.18%,4
"2025-10-22 01:30",25585.25,25585.25,25585.25,25585.25,12.75,+0.05%,1
"2025-10-22 01:00",25543.5,25572.5,25543.5,25572.5,13.75,+0.05%,3
"2025-10-22 00:30",25558.75,25558.75,25558.75,25558.75,-8.25,-0.03%,1
"2025-10-21 23:30",25563.25,25567,25561.25,25567,-6.,-0.02%,3
"2025-10-21 23:00",25540,25573,25540,25573,33,+0.13%,9
"2025-10-21 22:30",25540,25540,25540,25540,29,+0.11%,1
"2025-10-21 20:30",25511,25511,25511,25511,23,+0.09%,1
"2025-10-21 20:00",25488,25488,25488,25488,15,+0.06%,1
"2025-10-21 19:30",25486.75,25486.75,25473,25473,-9.25,-0.04%,2
"2025-10-21 19:00",25494.5,25494.5,25482.25,25482.25,-15.5,-0.06%,2
"2025-10-21 18:30",25497.75,25497.75,25497.75,25497.75,16.25,+0.06%,1
"2025-10-21 15:00",25510.75,25510.75,25480,25481.5,-56.25,-0.22%,13
"2025-10-21 14:30",25569,25574.25,25537.75,25537.75,-19.75,-0.08%,4
"2025-10-21 14:00",25553.5,25563.25,25551,25557.5,-2.5,-0.01%,6
"2025-10-21 13:30",25565,25567,25550,25560,23,+0.09%,8
"2025-10-21 13:00",25555.25,25565,25537,25537,-22.75,-0.09%,6
"2025-10-21 12:30",25540,25559.75,25520,25559.75,29,+0.11%,5
"2025-10-21 12:00",25515,25548.75,25509.25,25530.75,-12.5,-0.05%,24
"2025-10-21 11:30",25588.5,25594.25,25543.25,25543.25,-35.,-0.14%,13
"2025-10-21 11:00",25564.5,25586.75,25564.5,25578.25,9.25,+0.04%,7
"2025-10-21 10:30",25532.75,25569,25505,25569,47.25,+0.19%,18
"2025-10-21 10:00",25532.25,25546.75,25497,25521.75,-16.5,-0.06%,19
"2025-10-21 09:30",25475.5,25538.25,25455,25538.25,72,+0.28%,28
"2025-10-21 09:00",25460,25520.5,25455,25466.25,-11.25,-0.04%,36
"2025-10-21 08:30",25510,25525.5,25470,25477.5,-50.5,-0.20%,40
"2025-10-21 08:00",25525,25533,25525,25528,-23.75,-0.09%,6
"2025-10-21 07:00",25553.5,25560,25551.75,25551.75,3.5,+0.01%,3
"2025-10-21 06:30",25543,25552.25,25540.5,25548.25,-1.75,-0.01%,6
"2025-10-21 06:00",25550,25550,25550,25550,24.5,+0.10%,1
"2025-10-21 05:30",25525.5,25525.5,25525.5,25525.5,15.5,+0.06%,1
"2025-10-21 05:00",25519.75,25519.75,25510,25510,-20.,-0.08%,2
"2025-10-21 04:30",25540.5,25540.5,25530,25530,-5.5,-0.02%,3
"2025-10-21 04:00",25515.75,25535.5,25515.75,25535.5,23.75,+0.09%,3
"2025-10-21 03:30",25511.75,25511.75,25511.75,25511.75,11.75,+0.05%,1
"2025-10-21 03:00",25507,25507,25500,25500,-15.,-0.06%,3
"2025-10-21 02:30",25525,25525,25515,25515,-20.,-0.08%,2
"2025-10-21 02:00",25520,25535,25520,25535,11,+0.04%,3
"2025-10-21 01:00",25524,25524,25524,25524,-15.5,-0.06%,1
"2025-10-21 00:30",25539.5,25539.5,25539.5,25539.5,0,0.00%,1
"2025-10-21 00:00",25539.5,25539.5,25539.5,25539.5,-33.5,-0.13%,1
"2025-10-20 23:00",25572.25,25573,25561.25,25573,0,0.00%,5
"2025-10-20 22:30",25584.25,25584.25,25573,25573,-33.,-0.13%,2
"2025-10-20 21:30",25603.75,25606,25603.75,25606,14.75,+0.06%,5
"2025-10-20 21:00",25591.25,25591.25,25591.25,25591.25,-4.5,-0.02%,1
"2025-10-20 20:30",25595.75,25595.75,25595.75,25595.75,10.75,+0.04%,1
"2025-10-20 19:30",25578.5,25585,25578.5,25585,26.25,+0.10%,2
"2025-10-20 19:00",25558.75,25558.75,25558.75,25558.75,-5.25,-0.02%,1
"2025-10-20 18:30",25564,25564,25564,25564,-12.,-0.05%,1
"2025-10-20 18:00",25571,25590,25571,25576,26.75,+0.10%,4
"2025-10-20 17:00",25567,25567,25549.25,25549.25,-15.75,-0.06%,6
"2025-10-20 15:30",25565,25565,25565,25565,13,+0.05%,1
"2025-10-20 15:00",25549,25552,25549,25552,6.75,+0.03%,3
"2025-10-20 14:30",25565.5,25565.5,25545.25,25545.25,-3.5,-0.01%,6
"2025-10-20 14:00",25548.75,25548.75,25548.75,25548.75,-14.,-0.05%,1
"2025-10-20 13:30",25583.5,25583.5,25555.5,25562.75,-22.25,-0.09%,4
"2025-10-20 13:00",25595.75,25595.75,25584.75,25585,-1.5,-0.01%,6
"2025-10-20 12:30",25597,25597,25586.5,25586.5,1.5,+0.01%,6
"2025-10-20 12:00",25570,25599,25570,25585,20,+0.08%,16
"2025-10-20 11:30",25551.75,25565,25542,25565,6.5,+0.03%,17
"2025-10-20 11:00",25560.75,25568.5,25545,25558.5,13.5,+0.05%,14
"2025-10-20 10:30",25569.25,25590,25545,25545,-20.25,-0.08%,10
"2025-10-20 10:00",25560.75,25571,25545.5,25565.25,3,+0.01%,13
"2025-10-20 09:30",25527.75,25565,25512.25,25562.25,39.75,+0.16%,23
"2025-10-20 09:00",25472,25522.5,25455,25522.5,70.5,+0.28%,19
"2025-10-20 08:30",25401.25,25473.75,25401.25,25452,62,+0.24%,18
"2025-10-20 08:00",25384.5,25390,25384.5,25390,21.25,+0.08%,8
"2025-10-20 07:30",25346.25,25368.75,25346.25,25368.75,45.75,+0.18%,5
"2025-10-20 07:00",25322.75,25323,25322.75,25323,-6.,-0.02%,2
"2025-10-20 06:30",25329,25329,25329,25329,16.5,+0.07%,1
"2025-10-20 06:00",25312.5,25312.5,25312.5,25312.5,30.5,+0.12%,1
"2025-10-20 05:30",25295,25295,25282,25282,-31.,-0.12%,4
"2025-10-20 05:00",25313,25313,25313,25313,-16.25,-0.06%,1
"2025-10-20 04:30",25317.75,25329.25,25317.75,25329.25,-8.25,-0.03%,2
"2025-10-20 04:00",25317.25,25337.5,25317.25,25337.5,2.25,+0.01%,2
"2025-10-20 03:30",25335.25,25335.25,25335.25,25335.25,-19.25,-0.08%,1
"2025-10-20 02:30",25384.5,25384.5,25354.5,25354.5,19.75,+0.08%,2
"2025-10-20 01:00",25334.75,25334.75,25334.75,25334.75,-29.75,-0.12%,1
"2025-10-20 00:30",25350.75,25364.5,25350.75,25364.5,18.5,+0.07%,3
"2025-10-20 00:00",25346,25346,25346,25346,-2.5,-0.01%,1
"2025-10-19 23:30",25345,25348.5,25342,25348.5,8.5,+0.03%,3
"2025-10-19 23:00",25336.75,25340,25336.75,25340,1,0.00%,3
"2025-10-19 22:30",25317.75,25339,25317.75,25339,39,+0.15%,3
"2025-10-19 22:00",25300,25300,25300,25300,8,+0.03%,1
"2025-10-19 21:30",25295,25296.75,25292,25292,18.5,+0.07%,3
"2025-10-19 21:00",25273.5,25273.5,25273.5,25273.5,-13.5,-0.05%,1
"2025-10-19 20:30",25290,25290,25287,25287,-12.,-0.05%,2
"2025-10-19 20:00",25293,25299,25293,25299,13,+0.05%,4
"2025-10-19 19:30",25250,25288.25,25244,25286,67,+0.27%,9
"2025-10-19 19:00",25202.5,25230,25202.5,25219,-26.,-0.10%,6
"2025-10-19 18:00",25260,25260,25245,25245,-59.,-0.23%,2
"2025-10-19 17:30",25287,25304,25287,25304,67,+0.27%,2
"2025-10-17 14:30",25235,25237,25233,25237,-51.25,-0.20%,4
"2025-10-17 14:00",25253,25294.5,25253,25288.25,52.75,+0.21%,5
"2025-10-17 13:30",25239.75,25268.25,25235.5,25235.5,-13.25,-0.05%,6
"2025-10-17 13:00",25188.25,25265.5,25179.25,25248.75,83.75,+0.33%,24
"2025-10-17 12:30",25129.75,25181.25,25088.5,25165,50,+0.20%,17
"2025-10-17 12:00",25125.25,25148,25085,25115,-25.,-0.10%,16
"2025-10-17 11:30",25200,25210.25,25134.75,25140,-50.,-0.20%,33
"2025-10-17 11:00",25114,25190.75,25114,25190,89,+0.35%,27
"2025-10-17 10:30",24993.25,25101,24917.25,25101,116.25,+0.47%,23
"2025-10-17 10:00",24999.75,25075,24940.5,24984.75,-15.25,-0.06%,35
"2025-10-17 09:30",25123.75,25134.25,25000,25000,-150.,-0.60%,31
"2025-10-17 09:00",25050,25200,25028.25,25150,91.5,+0.37%,89
"2025-10-17 08:30",25000.75,25120,24911.75,25058.5,68.25,+0.27%,54
"2025-10-17 08:00",25000,25000,24965,24990.25,-9.75,-0.04%,4
"2025-10-17 07:30",25015,25032.25,24989.5,25000,-12.75,-0.05%,10
"2025-10-17 07:00",24951.5,25038.5,24950.5,25012.75,65,+0.26%,17
"2025-10-17 06:30",24907,24949,24907,24947.75,-7.25,-0.03%,5
"2025-10-17 06:00",24810,24955,24808,24955,149,+0.60%,99
"2025-10-17 05:30",24765,24806,24740.75,24806,86.75,+0.35%,4
"2025-10-17 05:00",24770.75,24770.75,24719.25,24719.25,-17.,-0.07%,11
"2025-10-17 04:30",24739.75,24739.75,24736.25,24736.25,7.75,+0.03%,2
"2025-10-17 03:30",24744.25,24744.25,24718.5,24728.5,35.25,+0.14%,11
"2025-10-17 03:00",24714,24722,24646,24693.25,-32.75,-0.13%,37
"2025-10-17 02:30",24717.25,24745.25,24666,24726,9,+0.04%,61
"2025-10-17 02:00",24823,24823,24690,24717,-93.,-0.37%,21
"2025-10-17 01:30",24844.75,24852.25,24809.5,24810,-72.75,-0.29%,24
"2025-10-17 01:00",24898,24900,24882.75,24882.75,-24.75,-0.10%,5
"2025-10-17 00:30",24885,24907.5,24855.25,24907.5,8.75,+0.04%,14
"2025-10-17 00:00",24900,24900,24898.75,24898.75,-42.5,-0.17%,2
"2025-10-16 23:30",24945,24945,24941.25,24941.25,-22.75,-0.09%,2
"2025-10-16 22:30",25000.75,25000.75,24964,24964,-10.25,-0.04%,7
"2025-10-16 20:30",24980.25,24988.5,24974,24974.25,-75.75,-0.30%,8
"2025-10-16 20:00",25043.75,25071.75,25042.75,25050,36.25,+0.14%,15
"2025-10-16 19:00",25013,25013.75,25013,25013.75,32.75,+0.13%,3
"2025-10-16 18:30",24973.5,24981,24973.5,24981,0.5,0.00%,2
"2025-10-16 17:30",25020.25,25020.25,24980.5,24980.5,-99.5,-0.40%,8
"2025-10-16 17:00",25080,25080,25080,25080,47,+0.19%,1
"2025-10-16 15:30",25012,25033,25012,25033,33,+0.13%,4
"2025-10-16 15:00",25075,25077,24994.75,25000,-60.,-0.24%,7
"2025-10-16 14:30",24954.25,25079,24954.25,25060,100.5,+0.40%,24
"2025-10-16 14:00",25018,25046.75,24950,24959.5,-83.25,-0.33%,40
"2025-10-16 13:30",24910,25042.75,24883.5,25042.75,121.75,+0.49%,78
"2025-10-16 13:00",25098,25108,24900,24921,-182.25,-0.73%,58
"2025-10-16 12:30",25181.25,25189.5,25068,25103.25,-66.75,-0.27%,59
"2025-10-16 12:00",25169,25197,25067.25,25170,0,0.00%,40
"2025-10-16 11:30",25070,25170,24989.5,25170,56.75,+0.23%,110
"2025-10-16 11:00",25209.25,25236.25,25113.25,25113.25,-93.25,-0.37%,41
"2025-10-16 10:30",25243.5,25305.25,25198.5,25206.5,-75.5,-0.30%,31
"2025-10-16 10:00",25333.75,25340.25,25265.5,25282,-68.,-0.27%,19
"2025-10-16 09:30",25328.25,25417,25328.25,25350,35,+0.14%,45
"2025-10-16 09:00",25294.5,25335,25264.25,25315,4,+0.02%,28
"2025-10-16 08:30",25299,25367,25280,25311,7,+0.03%,51
"2025-10-16 08:00",25307.25,25307.25,25304,25304,-26.,-0.10%,2
"2025-10-16 07:30",25298,25330,25298,25330,42.5,+0.17%,7
"2025-10-16 07:00",25310.25,25314,25287.5,25287.5,-24.5,-0.10%,6
"2025-10-16 06:30",25325,25325,25305.75,25312,-3.,-0.01%,4
"2025-10-16 06:00",25306.25,25315,25302,25315,16.5,+0.07%,4
"2025-10-16 05:30",25299.25,25300.25,25298.5,25298.5,35.5,+0.14%,4
"2025-10-16 04:00",25263,25263,25263,25263,-24.75,-0.10%,1
"2025-10-16 03:00",25287.75,25287.75,25287.75,25287.75,7.75,+0.03%,1
"2025-10-16 02:30",25229.5,25280.25,25228,25280,5,+0.02%,10
"2025-10-16 02:00",25275,25275,25275,25275,40,+0.16%,1
"2025-10-16 01:00",25222,25235,25222,25235,46.5,+0.18%,2
"2025-10-16 00:30",25200.25,25202,25187,25188.5,8.5,+0.03%,6
"2025-10-15 23:30",25180,25180,25180,25180,30,+0.12%,1
"2025-10-15 22:00",25181,25183.25,25150,25150,-30.,-0.12%,4
"2025-10-15 21:30",25150,25180,25143,25180,16.75,+0.07%,7
"2025-10-15 21:00",25180,25183,25163.25,25163.25,3.25,+0.01%,3
"2025-10-15 20:30",25160,25160,25160,25160,-20.,-0.08%,1
"2025-10-15 20:00",25169.5,25180,25168,25180,22,+0.09%,13
"2025-10-15 19:30",25153.75,25158,25133.5,25158,0,0.00%,7
"2025-10-15 19:00",25156.5,25158,25156.5,25158,-12.5,-0.05%,2
"2025-10-15 18:30",25170.5,25170.5,25170.5,25170.5,-30.5,-0.12%,1
"2025-10-15 17:30",25206.5,25206.5,25200.75,25201,-25.75,-0.10%,3
"2025-10-15 17:00",25199.5,25226.75,25199.5,25226.75,41.75,+0.17%,8
"2025-10-15 15:30",25185,25185,25185,25185,-0.25,0.00%,1
"2025-10-15 15:00",25195.5,25200.5,25185,25185.25,34.5,+0.14%,4
"2025-10-15 14:30",25188.75,25188.75,25099.25,25150.75,-33.,-0.13%,18
"2025-10-15 14:00",25187.75,25193.5,25156.25,25183.75,-10.5,-0.04%,10
"2025-10-15 13:30",25152,25195,25150,25194.25,54,+0.21%,18
"2025-10-15 13:00",25121.5,25151,25110.25,25140.25,-4.75,-0.02%,19
"2025-10-15 12:30",24987.5,25145,24987.5,25145,166,+0.66%,32
"2025-10-15 12:00",25135,25135,24908.25,24979,-176.,-0.70%,82
"2025-10-15 11:30",25190,25190,25145,25155,-75.75,-0.30%,21
"2025-10-15 11:00",25185,25230.75,25170,25230.75,50.75,+0.20%,25
"2025-10-15 10:30",25270,25272,25124,25180,-144.75,-0.57%,64
"2025-10-15 10:00",25330,25344,25298.5,25324.75,-25.25,-0.10%,15
"2025-10-15 09:30",25347.25,25350,25323.25,25350,8.25,+0.03%,11
"2025-10-15 09:00",25270,25353,25263.75,25341.75,88,+0.35%,35
"2025-10-15 08:30",25220,25257.5,25133.75,25253.75,6.5,+0.03%,79
"2025-10-15 08:00",25256,25256,25240,25247.25,-13.75,-0.05%,5
"2025-10-15 07:30",25230,25261,25230,25261,28.75,+0.11%,11
"2025-10-15 07:00",25211,25261,25211,25232.25,27,+0.11%,22
"2025-10-15 06:30",25179.5,25205.25,25179.5,25205.25,17.5,+0.07%,3
"2025-10-15 06:00",25191.75,25191.75,25187.75,25187.75,-21.25,-0.08%,3
"2025-10-15 04:30",25209,25209,25209,25209,1,0.00%,1
"2025-10-15 04:00",25208,25208,25208,25208,44,+0.17%,1
"2025-10-15 03:30",25164,25164,25164,25164,-4.5,-0.02%,1
"2025-10-15 03:00",25150,25170,25150,25168.5,50.75,+0.20%,4
"2025-10-15 02:30",25117.75,25117.75,25117.75,25117.75,-11.25,-0.04%,1
"2025-10-15 02:00",25147,25147,25129,25129,-2.25,-0.01%,2
"2025-10-15 01:00",25131.25,25131.25,25131.25,25131.25,4.75,+0.02%,1
"2025-10-15 00:30",25119,25126.5,25119,25126.5,-8.5,-0.03%,3
"2025-10-15 00:00",25086.75,25154.75,25086.75,25135,75,+0.30%,21
"2025-10-14 23:00",25051,25060,25051,25060,17,+0.07%,2
"2025-10-14 22:30",25043,25043,25043,25043,-17.,-0.07%,1
"2025-10-14 22:00",25049.75,25060,25038,25060,-0.5,0.00%,6
"2025-10-14 21:30",25060,25060.5,25060,25060.5,-23.75,-0.09%,2
"2025-10-14 21:00",25064.75,25084.25,25064.75,25084.25,36.25,+0.14%,5
"2025-10-14 20:30",25048,25048,25048,25048,3,+0.01%,1
"2025-10-14 20:00",25020,25045,25020,25045,19.75,+0.08%,9
"2025-10-14 19:30",25015,25025.25,25015,25025.25,40,+0.16%,3
"2025-10-14 19:00",25020,25020,24985.25,24985.25,-69.75,-0.28%,5
"2025-10-14 18:00",25055,25055,25055,25055,34.5,+0.14%,1
"2025-10-14 17:30",25011,25020.5,25011,25020.5,-2.25,-0.01%,3
"2025-10-14 17:00",24991,25050,24991,25022.75,69.25,+0.28%,11
"2025-10-14 15:00",25011.5,25026.5,24945,24953.5,-56.5,-0.23%,10
"2025-10-14 14:30",25130,25130,24934.25,25010,-127.5,-0.51%,88
"2025-10-14 14:00",25155.75,25155.75,25137.5,25137.5,-9.5,-0.04%,8
"2025-10-14 13:30",25165,25165,25137,25147,2,+0.01%,7
"2025-10-14 13:00",25126.25,25156,25126.25,25145,5,+0.02%,7
"2025-10-14 12:30",25160,25165,25138,25140,-31.,-0.12%,10
"2025-10-14 12:00",25117.5,25176.5,25114,25171,31.5,+0.13%,39
"2025-10-14 11:30",25125,25180.5,25125,25139.5,34.5,+0.14%,35
"2025-10-14 11:00",25027,25117.5,25013.5,25105,53,+0.21%,26
"2025-10-14 10:30",24950.5,25071,24945.25,25052,107,+0.43%,49
"2025-10-14 10:00",24946.75,25002.25,24941,24945,8,+0.03%,16
"2025-10-14 09:30",24965,24967,24923.5,24937,-15.,-0.06%,28
"2025-10-14 09:00",24811.25,24952,24811.25,24952,133.75,+0.54%,49
"2025-10-14 08:30",24847.75,24850.5,24660,24818.25,-57.75,-0.23%,105
"2025-10-14 08:00",24866.25,24883.25,24848.5,24876,17.75,+0.07%,7
"2025-10-14 07:30",24828,24864.5,24806.5,24858.25,-23.5,-0.09%,6
"2025-10-14 07:00",24887.75,24895.75,24848.5,24881.75,-7.25,-0.03%,15
"2025-10-14 06:30",24875,24889,24875,24889,24,+0.10%,11
"2025-10-14 06:00",24798.5,24865,24798.5,24865,95,+0.38%,18
"2025-10-14 05:30",24808,24810,24745,24770,-64.75,-0.26%,19
"2025-10-14 05:00",24868.5,24868.5,24824.75,24834.75,-35.25,-0.14%,10
"2025-10-14 04:30",24870,24870,24870,24870,-34.75,-0.14%,1
"2025-10-14 03:30",24904.75,24904.75,24904.75,24904.75,16.25,+0.07%,1
"2025-10-14 03:00",24856.25,24888.5,24830.5,24888.5,13.75,+0.06%,4
"2025-10-14 02:30",24952,24952,24845,24874.75,-65.25,-0.26%,28
"2025-10-14 02:00",24895,24952,24883,24940,24,+0.10%,7
"2025-10-14 01:30",24957,24963.25,24909.25,24916,-26.25,-0.11%,10
"2025-10-14 01:00",24940.25,24990,24938.25,24942.25,-7.75,-0.03%,7
"2025-10-14 00:30",25001.5,25001.5,24900,24950,-102.75,-0.41%,9
"2025-10-14 00:00",25050,25052.75,25035,25052.75,11.25,+0.04%,5
"2025-10-13 23:30",25001.5,25042.5,24995,25041.5,-8.5,-0.03%,10
"2025-10-13 23:00",25140,25140,25025.5,25050,-102.,-0.41%,15
"2025-10-13 22:30",25165,25169,25152,25152,-6.75,-0.03%,11
"2025-10-13 22:00",25152,25162,25152,25158.75,-52.25,-0.21%,3
"2025-10-13 21:30",25230,25230,25211,25211,-51.,-0.20%,4
"2025-10-13 21:00",25262,25262,25262,25262,12,+0.05%,1
"2025-10-13 20:30",25244,25250,25243,25250,17.5,+0.07%,7
"2025-10-13 20:00",25240,25240,25232.5,25232.5,-29.5,-0.12%,2
"2025-10-13 19:30",25280,25280,25262,25262,22,+0.09%,3
"2025-10-13 19:00",25170,25240,25170,25240,85,+0.34%,10
"2025-10-13 18:30",25155,25155,25155,25155,0,0.00%,1
"2025-10-13 17:30",25155,25155,25155,25155,-15.,-0.06%,1
"2025-10-13 17:00",25170,25170,25170,25170,14,+0.06%,1
"2025-10-13 15:00",25149,25156,25149,25156,-16.,-0.06%,2
"2025-10-13 14:30",25162,25176.25,25160,25172,-19.5,-0.08%,7
"2025-10-13 14:00",25130.25,25191.5,25130.25,25191.5,51.5,+0.20%,5
"2025-10-13 13:30",25202.25,25202.25,25140,25140,-52.25,-0.21%,10
"2025-10-13 13:00",25172,25192.25,25169.5,25192.25,55.25,+0.22%,4
"2025-10-13 12:30",25144,25144,25137,25137,-6.,-0.02%,3
"2025-10-13 12:00",25199.75,25200,25142.25,25143,-37.,-0.15%,11
"2025-10-13 11:30",25165,25180,25135.5,25180,27.5,+0.11%,19
"2025-10-13 11:00",25145,25164.5,25126,25152.5,25,+0.10%,21
"2025-10-13 10:30",25124.25,25137.25,25100.5,25127.5,7.5,+0.03%,20
"2025-10-13 10:00",25010,25125,25005,25120,130.75,+0.52%,16
"2025-10-13 09:30",25086.5,25111.25,24989.25,24989.25,-69.,-0.28%,32
"2025-10-13 09:00",25143.5,25150,25031.25,25058.25,-69.25,-0.28%,35
"2025-10-13 08:30",25065.25,25127.5,24975.25,25127.5,55,+0.22%,54
"2025-10-13 08:00",25046.25,25115,25046.25,25072.5,36.25,+0.14%,9
"2025-10-13 07:30",25070,25070,25036.25,25036.25,-19.75,-0.08%,4
"2025-10-13 07:00",25020.5,25066,25014.5,25056,11,+0.04%,13
"2025-10-13 06:30",25004.5,25049.25,24980,25045,34.25,+0.14%,13
"2025-10-13 06:00",25088.5,25100,24978.5,25010.75,-79.25,-0.32%,98
"2025-10-13 05:30",25097.75,25097.75,25074,25090,-10.25,-0.04%,5
"2025-10-13 05:00",25090.5,25100.25,25075.25,25100.25,2.75,+0.01%,4
"2025-10-13 04:30",25091.25,25099.25,25091,25097.5,-8.5,-0.03%,4
"2025-10-13 04:00",25117,25117,25104.5,25106,14.25,+0.06%,7
"2025-10-13 03:30",25097.75,25101.75,25091.75,25091.75,-45.,-0.18%,3
"2025-10-13 03:00",25130.5,25136.75,25124.5,25136.75,-11.,-0.04%,8
"2025-10-13 02:30",25175,25175,25147.75,25147.75,-2.25,-0.01%,4
"2025-10-13 02:00",25096,25150,25096,25150,60,+0.24%,6
"2025-10-13 01:30",25062.75,25090,25062.75,25090,42.75,+0.17%,4
"2025-10-13 01:00",25085,25085,25032.75,25047.25,-30.25,-0.12%,11
"2025-10-13 00:30",25055,25077.5,25055,25077.5,6.25,+0.02%,6
"2025-10-13 00:00",25064,25071.25,25064,25071.25,11.25,+0.04%,2
"2025-10-12 23:30",25045.5,25060,25045.5,25060,15,+0.06%,4
"2025-10-12 23:00",25029.25,25045,25029.25,25045,25.5,+0.10%,6
"2025-10-12 22:30",25060,25060,25017.25,25019.5,-43.5,-0.17%,21
"2025-10-12 22:00",25058,25077,25058,25063,0.25,0.00%,7
"2025-10-12 21:30",25072,25072,25062.75,25062.75,-22.25,-0.09%,3
"2025-10-12 21:00",25084.5,25085,25084.5,25085,-1.,0.00%,2
"2025-10-12 20:30",25073,25086,25070.5,25086,10,+0.04%,5
"2025-10-12 20:00",25080,25086,25067,25076,10.25,+0.04%,11
"2025-10-12 19:30",25028,25065.75,25028,25065.75,41.75,+0.17%,12
"2025-10-12 19:00",25009.75,25043.25,24996,25024,-4.75,-0.02%,24
"2025-10-12 18:30",24980,25032.5,24974.5,25028.75,60.5,+0.24%,32
"2025-10-12 18:00",24900,24968.25,24899.75,24968.25,34.25,+0.14%,12
"2025-10-12 17:30",24925,24950,24925,24934,3.5,+0.01%,10
"2025-10-12 17:00",24809.5,24980,24809.5,24930.5,484,+1.98%,44
"2025-10-10 15:30",24649.75,24659,24400,24446.5,-235.25,-0.95%,34
"2025-10-10 15:00",24655,24681.75,24652.5,24681.75,54,+0.22%,13
"2025-10-10 14:30",24775,24791,24625,24627.75,-142.25,-0.57%,119
"2025-10-10 14:00",24843.5,24865.75,24770,24770,-60.25,-0.24%,77
"2025-10-10 13:30",24892.25,24892.25,24814.5,24830.25,-74.75,-0.30%,26
"2025-10-10 13:00",24897.25,24931,24895,24905,8,+0.03%,21
"2025-10-10 12:30",24947.25,24987.75,24897,24897,-48.,-0.19%,58
"2025-10-10 12:00",24887.25,24945,24851.25,24945,56.25,+0.23%,46
"2025-10-10 11:30",25042,25073.25,24888.75,24888.75,-130.75,-0.52%,44
"2025-10-10 11:00",25034.75,25085.5,24993,25019.5,-34.5,-0.14%,70
"2025-10-10 10:30",25053,25140,24915.5,25054,-10.25,-0.04%,177
"2025-10-10 10:00",25386.5,25386.5,25047,25064.25,-375.25,-1.48%,320
"2025-10-10 09:30",25570,25596,25378,25439.5,-155.75,-0.61%,45
"2025-10-10 09:00",25590,25595.25,25553.5,25595.25,-19.75,-0.08%,7
"2025-10-10 08:30",25553,25630,25553,25615,50.5,+0.20%,59
"2025-10-10 08:00",25554,25564.5,25553.25,25564.5,21.5,+0.08%,11
"2025-10-10 07:30",25571.25,25572,25543,25543,-31.75,-0.12%,8
"2025-10-10 07:00",25574.75,25574.75,25574.75,25574.75,16.75,+0.07%,1
"2025-10-10 06:30",25560,25570,25558,25558,-1.75,-0.01%,3
"2025-10-10 06:00",25559.75,25559.75,25559.75,25559.75,14.75,+0.06%,2
"2025-10-10 05:30",25545,25545,25545,25545,19,+0.07%,1
"2025-10-10 05:00",25505.75,25526,25505.75,25526,21,+0.08%,11
"2025-10-10 04:30",25535,25535,25505,25505,-58.,-0.23%,2
"2025-10-10 04:00",25556.25,25563,25556.25,25563,-24.,-0.09%,3
"2025-10-10 03:30",25587,25587,25587,25587,24,+0.09%,1
"2025-10-10 02:00",25563,25563,25563,25563,13,+0.05%,1
"2025-10-10 01:30",25550,25550,25550,25550,-49.25,-0.19%,1
"2025-10-10 01:00",25594.25,25599.25,25594.25,25599.25,15.25,+0.06%,2
"2025-10-10 00:30",25584,25584,25584,25584,11,+0.04%,1
"2025-10-09 23:00",25573,25573,25573,25573,-5.75,-0.02%,1
"2025-10-09 22:00",25578.75,25578.75,25578.75,25578.75,-7.,-0.03%,2
"2025-10-09 21:30",25585.75,25585.75,25585.75,25585.75,-10.75,-0.04%,1
"2025-10-09 20:30",25599.5,25599.5,25596.5,25596.5,-3.,-0.01%,2
"2025-10-09 20:00",25598.75,25599.5,25598.75,25599.5,23,+0.09%,2
"2025-10-09 19:30",25574.5,25576.5,25574.5,25576.5,12.25,+0.05%,2
"2025-10-09 18:30",25564.25,25564.25,25564.25,25564.25,-0.75,0.00%,1
"2025-10-09 18:00",25571,25571,25565,25565,32.5,+0.13%,2
"2025-10-09 15:00",25541.25,25541.25,25529.5,25532.5,6.5,+0.03%,4
"2025-10-09 14:30",25516,25535,25515,25526,7,+0.03%,25
"2025-10-09 14:00",25499.75,25519,25499.75,25519,63.75,+0.25%,3
"2025-10-09 13:00",25451.75,25455.25,25436.25,25455.25,-9.75,-0.04%,5
"2025-10-09 12:30",25422.75,25465,25422.75,25465,44,+0.17%,21
"2025-10-09 12:00",25457.5,25464.25,25421,25421,-27.25,-0.11%,29
"2025-10-09 11:30",25492.5,25500.75,25448.25,25448.25,-55.5,-0.22%,13
"2025-10-09 11:00",25516,25516,25487.5,25503.75,-15.25,-0.06%,12
"2025-10-09 10:30",25471.5,25519,25451.75,25519,39,+0.15%,55
"2025-10-09 10:00",25507.25,25513.25,25480,25480,-20.,-0.08%,26
"2025-10-09 09:30",25495,25500,25447,25500,-2.25,-0.01%,36
"2025-10-09 09:00",25534.75,25534.75,25499.5,25502.25,-37.75,-0.15%,18
"2025-10-09 08:30",25575,25576.75,25504.5,25540,-33.75,-0.13%,50
"2025-10-09 08:00",25582,25584.25,25569,25573.75,-11.75,-0.05%,12
"2025-10-09 07:30",25570,25585.5,25570,25585.5,10.5,+0.04%,2
"2025-10-09 06:30",25575,25575,25575,25575,-7.25,-0.03%,1
"2025-10-09 06:00",25582.5,25582.5,25582.25,25582.25,17.5,+0.07%,2
"2025-10-09 05:30",25564.75,25564.75,25564.75,25564.75,-3.5,-0.01%,1
"2025-10-09 03:30",25572.75,25572.75,25568.25,25568.25,-9.,-0.04%,4
"2025-10-09 03:00",25577.25,25577.25,25577.25,25577.25,-5.75,-0.02%,1
"2025-10-09 02:30",25583,25583,25583,25583,3,+0.01%,1
"2025-10-09 01:30",25580,25580,25580,25580,-39.,-0.15%,1
"2025-10-09 01:00",25617.75,25619,25617.75,25619,16,+0.06%,2
"2025-10-09 00:30",25616.75,25616.75,25603,25603,14,+0.05%,2
"2025-10-08 23:30",25588,25589,25588,25589,4.5,+0.02%,2
"2025-10-08 22:00",25577.75,25584.5,25577.75,25584.5,8.5,+0.03%,5
"2025-10-08 20:30",25576,25576,25576,25576,-6.,-0.02%,1
"2025-10-08 20:00",25615.75,25615.75,25582,25582,-33.75,-0.13%,7
"2025-10-08 19:30",25616.75,25618.25,25615.75,25615.75,-24.5,-0.10%,7
"2025-10-08 18:00",25626.5,25640.25,25626.5,25640.25,24.25,+0.09%,5
"2025-10-08 17:30",25616,25616,25616,25616,5.5,+0.02%,3
"2025-10-08 15:30",25610.5,25610.5,25610.5,25610.5,-1.5,-0.01%,1
"2025-10-08 15:00",25577,25612,25577,25612,32,+0.13%,14
"2025-10-08 14:30",25562.25,25585.25,25557.5,25580,16.5,+0.06%,22
"2025-10-08 14:00",25519.25,25564.25,25519.25,25563.5,44,+0.17%,12
"2025-10-08 13:30",25529,25532,25519.5,25519.5,-24.25,-0.09%,7
"2025-10-08 13:00",25528,25544,25520,25543.75,18.5,+0.07%,9
"2025-10-08 12:30",25513.75,25532.5,25511.25,25525.25,11.5,+0.05%,16
"2025-10-08 12:00",25503.25,25513.75,25492.75,25513.75,12.75,+0.05%,10
"2025-10-08 11:30",25499.25,25501,25487.5,25501,-3.75,-0.01%,8
"2025-10-08 11:00",25504.25,25525,25499.5,25504.75,-5.,-0.02%,23
"2025-10-08 10:30",25485,25509.75,25485,25509.75,24.75,+0.10%,6
"2025-10-08 10:00",25449,25485,25441.25,25485,55.25,+0.22%,19
"2025-10-08 09:30",25470,25473,25426,25429.75,-31.5,-0.12%,9
"2025-10-08 09:00",25429,25476,25427,25461.25,35.75,+0.14%,61
"2025-10-08 08:30",25337,25430.75,25337,25425.5,92.5,+0.37%,40
"2025-10-08 08:00",25329,25333,25329,25333,24.5,+0.10%,2
"2025-10-08 07:30",25308.5,25308.5,25308.5,25308.5,11.25,+0.04%,1
"2025-10-08 07:00",25333.25,25333.25,25297.25,25297.25,-38.5,-0.15%,5
"2025-10-08 06:30",25314.5,25335.75,25314.5,25335.75,30,+0.12%,9
"2025-10-08 06:00",25350,25350,25305.75,25305.75,-29.,-0.11%,6
"2025-10-08 05:30",25332.75,25337,25332.75,25334.75,9,+0.04%,3
"2025-10-08 05:00",25328.25,25328.25,25325.75,25325.75,-13.25,-0.05%,3
"2025-10-08 04:30",25339,25339,25339,25339,2.25,+0.01%,1
"2025-10-08 04:00",25339.25,25339.25,25336.75,25336.75,6.75,+0.03%,2
"2025-10-08 03:30",25345,25358,25330,25330,-7.5,-0.03%,7
"2025-10-08 03:00",25343,25343,25337.5,25337.5,1,0.00%,2
"2025-10-08 02:30",25330,25336.5,25330,25336.5,33.25,+0.13%,2
"2025-10-08 01:30",25278,25303.25,25278,25303.25,4,+0.02%,7
"2025-10-08 01:00",25299.25,25299.25,25299.25,25299.25,-15.5,-0.06%,1
"2025-10-08 00:30",25315,25315,25314.75,25314.75,-5.,-0.02%,2
"2025-10-08 00:00",25331.25,25331.25,25319.75,25319.75,-10.25,-0.04%,3
"2025-10-07 23:30",25330,25330,25330,25330,-8.,-0.03%,1
"2025-10-07 23:00",25338,25338,25338,25338,3,+0.01%,1
"2025-10-07 22:30",25330,25335,25330,25335,6.25,+0.02%,8
"2025-10-07 21:30",25328.75,25328.75,25328.75,25328.75,2.5,+0.01%,3
"2025-10-07 20:30",25318.5,25326.25,25318.5,25326.25,3.75,+0.01%,2
"2025-10-07 20:00",25307.25,25324.25,25307.25,25322.5,32.5,+0.13%,7
"2025-10-07 19:00",25290,25290,25290,25290,10,+0.04%,1
"2025-10-07 18:30",25280,25280,25278.75,25280,-10.,-0.04%,3
"2025-10-07 18:00",25312,25312,25287.75,25290,-33.25,-0.13%,5
"2025-10-07 17:00",25318,25323.25,25315.75,25323.25,22,+0.09%,5
"2025-10-07 15:00",25298,25303.25,25298,25301.25,25.25,+0.10%,3
"2025-10-07 14:30",25315,25315,25276,25276,-3.5,-0.01%,5
"2025-10-07 14:00",25279.5,25279.5,25279.5,25279.5,-8.5,-0.03%,1
"2025-10-07 13:30",25285.25,25292,25282,25288,0.5,0.00%,7
"2025-10-07 13:00",25260,25293,25238,25287.5,25.5,+0.10%,12
"2025-10-07 12:30",25280,25282.5,25262,25262,-25.75,-0.10%,7
"2025-10-07 12:00",25265.5,25310,25265.5,25287.75,27.75,+0.11%,21
"2025-10-07 11:30",25290,25336.25,25260,25260,-20.,-0.08%,24
"2025-10-07 11:00",25292.5,25305,25250,25280,13,+0.05%,31
"2025-10-07 10:30",25314,25316.75,25241.25,25267,-58.,-0.23%,54
"2025-10-07 10:00",25436,25436,25310.75,25325,-105.,-0.41%,53
"2025-10-07 09:30",25469,25469,25430,25430,-34.,-0.13%,16
"2025-10-07 09:00",25497.75,25505,25464,25464,-37.75,-0.15%,30
"2025-10-07 08:30",25475,25512.25,25470.25,25501.75,13.25,+0.05%,14
"2025-10-07 08:00",25509.25,25523,25487.75,25488.5,-13.5,-0.05%,12
"2025-10-07 07:30",25465,25502,25465,25502,37.5,+0.15%,9
"2025-10-07 07:00",25464.5,25464.5,25464.5,25464.5,37.5,+0.15%,1
"2025-10-07 05:30",25442,25442,25427,25427,-6.,-0.02%,2
"2025-10-07 05:00",25430,25433,25430,25433,-0.5,0.00%,2
"2025-10-07 04:30",25433.5,25433.5,25433.5,25433.5,39.5,+0.16%,1
"2025-10-07 02:00",25394,25394,25394,25394,7.25,+0.03%,1
"2025-10-07 01:30",25390,25390,25386.75,25386.75,-9.,-0.04%,2
"2025-10-07 01:00",25412.75,25412.75,25395.75,25395.75,-26.25,-0.10%,3
"2025-10-07 00:00",25422,25422,25422,25422,-6.75,-0.03%,1
"2025-10-06 23:30",25431,25431,25428.75,25428.75,7,+0.03%,2
"2025-10-06 23:00",25416,25421.75,25416,25421.75,10.75,+0.04%,3
"2025-10-06 22:30",25411,25411,25411,25411,1.75,+0.01%,2
"2025-10-06 22:00",25410.75,25412,25409.25,25409.25,19.5,+0.08%,9
"2025-10-06 20:30",25389.75,25389.75,25389.75,25389.75,11.75,+0.05%,1
"2025-10-06 20:00",25382.25,25383,25378,25378,-3.25,-0.01%,5
"2025-10-06 19:30",25389,25389,25381.25,25381.25,-11.25,-0.04%,3
"2025-10-06 19:00",25392.5,25392.5,25392.5,25392.5,-8.5,-0.03%,2
"2025-10-06 18:30",25401,25401,25401,25401,-29.,-0.11%,1
"2025-10-06 17:30",25430,25430,25430,25430,-12.,-0.05%,1
"2025-10-06 17:00",25442,25442,25442,25442,3.25,+0.01%,1
"2025-10-06 15:00",25431,25438.75,25430,25438.75,7,+0.03%,3
"2025-10-06 14:30",25474.25,25475,25431.75,25431.75,-41.25,-0.16%,15
"2025-10-06 14:00",25483,25485,25473,25473,-19.5,-0.08%,10
"2025-10-06 13:30",25493,25499.5,25486.5,25492.5,7,+0.03%,9
"2025-10-06 13:00",25474,25485.5,25472,25485.5,5.5,+0.02%,11
"2025-10-06 12:30",25466.5,25480,25457.25,25480,0,0.00%,21
"2025-10-06 12:00",25440,25480,25438,25480,40,+0.16%,14
"2025-10-06 11:30",25440,25440,25440,25440,-3.,-0.01%,1
"2025-10-06 11:00",25450,25450,25429,25443,-18.5,-0.07%,18
"2025-10-06 10:30",25421.25,25463,25421.25,25461.5,53.5,+0.21%,17
"2025-10-06 10:00",25393.5,25416.75,25393.5,25408,33,+0.13%,5
"2025-10-06 09:30",25378,25386.75,25368.75,25375,-34.25,-0.13%,14
"2025-10-06 09:00",25413,25426.75,25400,25409.25,8.25,+0.03%,16
"2025-10-06 08:30",25440.5,25444.5,25368.75,25401,-59.25,-0.23%,36
"2025-10-06 08:00",25434.5,25460.25,25434.5,25460.25,20.25,+0.08%,13
"2025-10-06 07:30",25456.5,25456.5,25437.5,25440,-30.,-0.12%,14
"2025-10-06 07:00",25450,25485.25,25450,25470,40.75,+0.16%,17
"2025-10-06 06:30",25429.25,25429.25,25429.25,25429.25,30.25,+0.12%,1
"2025-10-06 06:00",25405.5,25405.5,25381.75,25399,-30.25,-0.12%,5
"2025-10-06 05:30",25429.25,25429.25,25429.25,25429.25,80.25,+0.32%,1
"2025-10-06 03:30",25349,25349,25349,25349,-2.,-0.01%,1
"2025-10-06 03:00",25351,25351,25351,25351,26,+0.10%,1
"2025-10-06 02:30",25300,25325,25300,25325,-19.5,-0.08%,2
"2025-10-06 02:00",25344.5,25344.5,25344.5,25344.5,-10.5,-0.04%,1
"2025-10-06 01:30",25350,25355,25350,25355,17.75,+0.07%,2
"2025-10-06 00:00",25337.25,25337.25,25337.25,25337.25,-15.75,-0.06%,1
"2025-10-05 23:30",25351,25353,25351,25353,35.75,+0.14%,2
"2025-10-05 23:00",25317.25,25317.25,25317.25,25317.25,-2.75,-0.01%,1
"2025-10-05 20:30",25320,25320,25320,25320,13.25,+0.05%,1
"2025-10-05 20:00",25307,25310,25306.75,25306.75,-9.5,-0.04%,4
"2025-10-05 19:00",25316.25,25316.25,25316.25,25316.25,-12.,-0.05%,1
"2025-10-05 18:30",25324.25,25328.25,25324.25,25328.25,45.75,+0.18%,2
"2025-10-05 17:00",25253.25,25282.5,25253,25282.5,57.5,+0.23%,15
"2025-10-03 15:00",25225,25225,25225,25225,-19.75,-0.08%,1
"2025-10-03 14:30",25264,25270,25233,25244.75,-6.25,-0.02%,17
"2025-10-03 14:00",25260.25,25272.75,25246,25251,-9.,-0.04%,15
"2025-10-03 13:30",25276.5,25279.25,25229.25,25260,-23.5,-0.09%,20
"2025-10-03 13:00",25184.25,25286.5,25184.25,25283.5,61.75,+0.24%,28
"2025-10-03 12:30",25270,25300,25176.25,25221.75,-50.75,-0.20%,48
"2025-10-03 12:00",25338,25342.75,25272.5,25272.5,-94.25,-0.37%,87
"2025-10-03 11:30",25366.75,25366.75,25366.75,25366.75,-30.25,-0.12%,1
"2025-10-03 11:00",25401,25401,25386.75,25397,6.5,+0.03%,4
"2025-10-03 10:30",25375.5,25392,25358,25390.5,10.5,+0.04%,17
"2025-10-03 10:00",25351.25,25388,25351.25,25380,15.75,+0.06%,5
"2025-10-03 09:30",25368,25373.25,25342.5,25364.25,35.75,+0.14%,22
"2025-10-03 09:00",25343,25343,25313.75,25328.5,-21.25,-0.08%,25
"2025-10-03 08:30",25384,25415.5,25349.75,25349.75,-29.,-0.11%,37
"2025-10-03 08:00",25378.5,25378.75,25378.5,25378.75,11.5,+0.05%,2
"2025-10-03 07:30",25388.75,25388.75,25367.25,25367.25,-16.,-0.06%,5
"2025-10-03 06:30",25388.25,25388.25,25375.5,25383.25,-9.5,-0.04%,8
"2025-10-03 06:00",25392.75,25392.75,25392.75,25392.75,-20.,-0.08%,1
"2025-10-03 05:30",25412.75,25412.75,25412.75,25412.75,-13.75,-0.05%,1
"2025-10-03 03:00",25426.5,25426.5,25426.5,25426.5,-8.,-0.03%,1
"2025-10-03 01:30",25436.75,25436.75,25434.5,25434.5,-2.25,-0.01%,3
"2025-10-03 00:30",25436.75,25436.75,25436.75,25436.75,8.5,+0.03%,1
"2025-10-03 00:00",25428.25,25428.25,25428.25,25428.25,8.25,+0.03%,1
"2025-10-02 23:30",25420,25420,25420,25420,3.25,+0.01%,1
"2025-10-02 23:00",25416.5,25416.75,25416.5,25416.75,-3.75,-0.01%,2
"2025-10-02 22:30",25407.5,25420.5,25407.5,25420.5,15.5,+0.06%,4
"2025-10-02 20:30",25396.5,25405.75,25396.5,25405,14.75,+0.06%,4
"2025-10-02 20:00",25390.5,25390.5,25386,25390.25,-11.75,-0.05%,9
"2025-10-02 19:30",25388,25402,25388,25402,22,+0.09%,6
"2025-10-02 19:00",25380,25380,25380,25380,10,+0.04%,1
"2025-10-02 18:30",25366.25,25370,25366.25,25370,8.75,+0.03%,9
"2025-10-02 18:00",25361.25,25361.25,25361.25,25361.25,11.25,+0.04%,1
"2025-10-02 17:30",25331.5,25350,25331.25,25350,1.5,+0.01%,4
"2025-10-02 15:30",25350,25350,25348.5,25348.5,-24.,-0.09%,2
"2025-10-02 15:00",25372.5,25372.5,25372.5,25372.5,10.5,+0.04%,1
"2025-10-02 14:30",25366,25368.5,25344,25362,-7.,-0.03%,28
"2025-10-02 14:00",25369,25369,25369,25369,9,+0.04%,1
"2025-10-02 13:30",25353.75,25365.5,25350.75,25360,-1.,0.00%,7
"2025-10-02 13:00",25353.5,25361,25353.5,25361,25,+0.10%,2
"2025-10-02 12:30",25342.25,25354.5,25332.25,25336,1,0.00%,27
"2025-10-02 12:00",25326.25,25335,25325.75,25335,16,+0.06%,3
"2025-10-02 11:30",25310,25320,25290,25319,4,+0.02%,7
"2025-10-02 11:00",25307,25315,25304.5,25315,-15.,-0.06%,14
"2025-10-02 10:30",25281,25331,25259.75,25330,48.25,+0.19%,29
"2025-10-02 10:00",25263.75,25296.25,25244.75,25281.75,3,+0.01%,32
"2025-10-02 09:30",25316.75,25327,25275,25278.75,-49.75,-0.20%,15
"2025-10-02 09:00",25304.5,25333.25,25298.25,25328.5,20.75,+0.08%,52
"2025-10-02 08:30",25398.5,25398.5,25271.5,25307.75,-117.5,-0.46%,74
"2025-10-02 08:00",25413.75,25425.25,25413.75,25425.25,19.25,+0.08%,10
"2025-10-02 07:00",25404.25,25406.5,25404.25,25406,5.25,+0.02%,6
"2025-10-02 06:30",25381.25,25400.75,25381.25,25400.75,15.75,+0.06%,13
"2025-10-02 06:00",25384.75,25385,25384.75,25385,30,+0.12%,2
"2025-10-02 05:00",25355,25355,25355,25355,-5.25,-0.02%,2
"2025-10-02 04:00",25360.25,25360.25,25360.25,25360.25,5.75,+0.02%,1
"2025-10-02 03:00",25351,25354.75,25351,25354.5,23.25,+0.09%,4
"2025-10-02 02:30",25328.75,25331.25,25328.75,25331.25,1.25,0.00%,2
"2025-10-02 02:00",25330,25330,25330,25330,7.75,+0.03%,1
"2025-10-02 01:30",25322.25,25322.25,25322.25,25322.25,13.25,+0.05%,1
"2025-10-02 01:00",25310,25310,25309,25309,-6.,-0.02%,2
"2025-10-01 23:00",25315,25315,25315,25315,1,0.00%,1
"2025-10-01 22:00",25314,25314,25314,25314,9,+0.04%,1
"2025-10-01 21:30",25305,25305,25305,25305,2,+0.01%,1
"2025-10-01 21:00",25312.5,25312.5,25303,25303,-20.,-0.08%,2
"2025-10-01 20:30",25319.5,25323,25313.5,25323,5.5,+0.02%,5
"2025-10-01 20:00",25296.25,25317.5,25295,25317.5,12.5,+0.05%,6
"2025-10-01 19:30",25305,25305,25305,25305,17,+0.07%,1
"2025-10-01 19:00",25281.5,25288,25276.75,25288,26,+0.10%,7
"2025-10-01 18:30",25263.25,25263.25,25262,25262,-12.,-0.05%,2
"2025-10-01 18:00",25269.25,25274,25269,25274,10.5,+0.04%,6
"2025-10-01 17:30",25263.5,25263.5,25263.5,25263.5,8.5,+0.03%,2
"2025-10-01 15:30",25259,25259,25255,25255,13,+0.05%,2
"2025-10-01 15:00",25259,25259,25242,25242,-24.5,-0.10%,6
"2025-10-01 14:30",25272.25,25282,25255,25266.5,3.5,+0.01%,28
"2025-10-01 14:00",25276.5,25281.5,25260.5,25263,-10.25,-0.04%,12
"2025-10-01 13:30",25264.25,25280,25264.25,25273.25,3.25,+0.01%,17
"2025-10-01 13:00",25233,25270,25228.5,25270,40,+0.16%,30
"2025-10-01 12:30",25223.5,25230,25216.75,25230,-5.,-0.02%,16
"2025-10-01 12:00",25206.75,25235,25206.75,25235,30.75,+0.12%,17
"2025-10-01 11:30",25193.75,25204.25,25193.75,25204.25,14.25,+0.06%,7
"2025-10-01 11:00",25185,25195,25178,25190,4.25,+0.02%,10
"2025-10-01 10:30",25158.75,25185.75,25158,25185.75,42.5,+0.17%,10
"2025-10-01 10:00",25158.5,25166,25124.75,25143.25,-2.5,-0.01%,8
"2025-10-01 09:30",25125.75,25148,25125.75,25145.75,15.75,+0.06%,12
"2025-10-01 09:00",25017.25,25139,25017.25,25130,110,+0.44%,31
"2025-10-01 08:30",24997.5,25085,24995,25020,-18.,-0.07%,31
"2025-10-01 08:00",25038,25038,25038,25038,16,+0.06%,1
"2025-10-01 07:30",25033,25033,25022,25022,2,+0.01%,2
"2025-10-01 07:00",25041.5,25041.5,25006,25020,-21.,-0.08%,14
"2025-10-01 06:30",25036.25,25041,25036.25,25041,21.75,+0.09%,4
"2025-10-01 06:00",25021.25,25021.25,25019.25,25019.25,40.5,+0.16%,2
"2025-10-01 05:30",24978.75,24978.75,24978.75,24978.75,-27.25,-0.11%,1
"2025-10-01 05:00",25006,25006,25006,25006,11.75,+0.05%,1
"2025-10-01 04:30",24994.25,24994.25,24994.25,24994.25,-20.75,-0.08%,1
"2025-10-01 04:00",25015,25015,25015,25015,46,+0.18%,1
"2025-10-01 03:30",24964.25,24969,24960.5,24969,55,+0.22%,5
"2025-10-01 02:30",24914,24914,24914,24914,11.25,+0.05%,1
"2025-10-01 02:00",24902.75,24902.75,24902.75,24902.75,9.5,+0.04%,1
"2025-10-01 01:30",24991.75,24991.75,24893.25,24893.25,-113.75,-0.45%,10
"2025-10-01 01:00",25007,25007,25007,25007,-1.75,-0.01%,2
"2025-10-01 00:30",25008.75,25008.75,25008.75,25008.75,-4.5,-0.02%,1
"2025-10-01 00:00",25013.25,25013.25,25013.25,25013.25,-13.75,-0.05%,1
"2025-09-30 23:30",25027,25027,25027,25027,-2.5,-0.01%,1
"2025-09-30 23:00",25029.5,25029.5,25029.5,25029.5,10,+0.04%,1
"2025-09-30 22:00",25030.25,25030.25,25019.5,25019.5,-21.25,-0.08%,6
"2025-09-30 20:00",25040.75,25040.75,25040.75,25040.75,-10.,-0.04%,1
"2025-09-30 19:00",25050,25050.75,25050,25050.75,-39.75,-0.16%,4
"2025-09-30 18:30",25090.5,25090.5,25090.5,25090.5,-7.75,-0.03%,1
"2025-09-30 18:00",25078.5,25098.25,25072.25,25098.25,-21.5,-0.09%,10
"2025-09-30 17:30",25120,25120,25119.75,25119.75,7.75,+0.03%,2
"2025-09-30 17:00",25098,25112,25098,25112,22,+0.09%,3
"2025-09-30 15:30",25104.75,25104.75,25090,25090,-16.75,-0.07%,4
"2025-09-30 15:00",25136.5,25136.5,25106.5,25106.75,-51.75,-0.21%,12
"2025-09-30 14:30",25112.5,25164,25097,25158.5,47.5,+0.19%,27
"2025-09-30 14:00",25091.75,25111,25086,25111,20.75,+0.08%,9
"2025-09-30 13:30",25082.25,25100,25082.25,25090.25,19.5,+0.08%,9
"2025-09-30 13:00",25020,25078,25020,25070.75,50.75,+0.20%,11
"2025-09-30 12:30",24992.25,25043,24992.25,25020,35,+0.14%,7
"2025-09-30 12:00",25022,25022,24985,24985,-45.,-0.18%,18
"2025-09-30 11:30",25030,25030,25030,25030,-55.5,-0.22%,1
"2025-09-30 11:00",25066.5,25085.5,25041,25085.5,16.5,+0.07%,15
"2025-09-30 10:30",25048,25069,25015,25069,34.75,+0.14%,31
"2025-09-30 10:00",25095,25106.75,25010,25034.25,-52.5,-0.21%,30
"2025-09-30 09:30",25035,25095,25006.75,25086.75,54,+0.22%,31
"2025-09-30 09:00",25041,25063,25000,25032.75,0,0.00%,37
"2025-09-30 08:30",25060.25,25060.25,24980,25032.75,-34.25,-0.14%,45
"2025-09-30 08:00",25075,25083.25,25067,25067,-27.,-0.11%,4
"2025-09-30 07:30",25071,25094.5,25071,25094,23.75,+0.09%,7
"2025-09-30 07:00",25042.25,25070.25,25042.25,25070.25,4,+0.02%,3
"2025-09-30 06:30",25064.5,25066.25,25064.5,25066.25,23.25,+0.09%,2
"2025-09-30 05:00",25043,25043,25043,25043,-4.75,-0.02%,5
"2025-09-30 04:30",25071.25,25071.25,25038.75,25047.75,17.75,+0.07%,4
"2025-09-30 03:00",25041.5,25041.5,25030,25030,-2.75,-0.01%,3
"2025-09-30 02:30",25015.5,25037.5,25015.5,25032.75,-9.25,-0.04%,4
"2025-09-30 02:00",25062,25062,25042,25042,-65.,-0.26%,12
"2025-09-30 01:30",25107,25107,25107,25107,4.5,+0.02%,1
"2025-09-30 01:00",25102.5,25102.5,25102.5,25102.5,15.75,+0.06%,1
"2025-09-30 00:30",25086.75,25086.75,25086.75,25086.75,12.75,+0.05%,1
"2025-09-30 00:00",25074,25074,25074,25074,-30.,-0.12%,1
"2025-09-29 22:30",25104,25104,25104,25104,0,0.00%,1
"2025-09-29 21:30",25092.5,25104,25088.5,25104,28,+0.11%,5
"2025-09-29 21:00",25076,25076,25076,25076,11,+0.04%,1
"2025-09-29 20:30",25065,25065,25065,25065,-25.,-0.10%,1
"2025-09-29 20:00",25072,25090,25072,25090,-1.,0.00%,3
"2025-09-29 19:30",25091,25091,25091,25091,11,+0.04%,1
"2025-09-29 19:00",25065,25080,25061.5,25080,-10.,-0.04%,3
"2025-09-29 18:30",25090,25090,25090,25090,14.25,+0.06%,1
"2025-09-29 17:30",25075.75,25075.75,25075.75,25075.75,1.25,0.00%,1
"2025-09-29 17:00",25074.5,25074.5,25074.5,25074.5,-5.,-0.02%,1
"2025-09-29 15:00",25094.25,25094.25,25079.5,25079.5,-5.5,-0.02%,8
"2025-09-29 14:30",25060,25110,25060,25085,16,+0.06%,20
"2025-09-29 14:00",25083,25083,25038.75,25069,-24.,-0.10%,22
"2025-09-29 13:30",25114,25114,25093,25093,-32.75,-0.13%,6
"2025-09-29 13:00",25096.75,25125.75,25096.75,25125.75,45.75,+0.18%,7
"2025-09-29 12:00",25078,25085,25059.25,25080,-6.5,-0.03%,8
"2025-09-29 11:00",25090,25116.25,25084.75,25086.5,-8.5,-0.03%,16
"2025-09-29 10:30",25112,25115,25090.25,25095,-32.,-0.13%,19
"2025-09-29 10:00",25190.75,25190.75,25120.5,25127,-58.,-0.23%,30
"2025-09-29 09:30",25206.75,25211,25183.5,25185,-27.5,-0.11%,25
"2025-09-29 09:00",25204,25225.25,25176.5,25212.5,16.5,+0.07%,50
"2025-09-29 08:30",25120,25206.5,25120,25196,58.25,+0.23%,32
"2025-09-29 08:00",25137.75,25137.75,25136.5,25137.75,-20.75,-0.08%,11
"2025-09-29 07:30",25144.5,25160.5,25144.5,25158.5,21.25,+0.08%,8
"2025-09-29 07:00",25120,25138.5,25120,25137.25,7.5,+0.03%,8
"2025-09-29 06:30",25111,25130,25110.75,25129.75,16,+0.06%,16
"2025-09-29 06:00",25125.25,25125.25,25113.75,25113.75,-37.75,-0.15%,4
"2025-09-29 05:00",25131.75,25151.5,25131.75,25151.5,23.5,+0.09%,8
"2025-09-29 04:30",25128,25128,25128,25128,-13.5,-0.05%,5
"2025-09-29 03:30",25137.25,25141.5,25137.25,25141.5,11.5,+0.05%,2
"2025-09-29 03:00",25130,25130,25130,25130,12,+0.05%,1
"2025-09-29 02:30",25118,25118,25118,25118,27,+0.11%,1
"2025-09-29 02:00",25090.75,25091,25090.75,25091,-10.25,-0.04%,6
"2025-09-29 01:30",25101.25,25101.25,25101.25,25101.25,13.25,+0.05%,1
"2025-09-29 01:00",25088,25088,25088,25088,5.25,+0.02%,2
"2025-09-29 00:30",25082.75,25082.75,25082.75,25082.75,12.5,+0.05%,3
"2025-09-28 23:00",25070.25,25070.25,25070.25,25070.25,5.5,+0.02%,1
"2025-09-28 21:30",25059.75,25065,25059.75,25064.75,17.75,+0.07%,3
"2025-09-28 20:30",25047.75,25047.75,25047,25047,6.75,+0.03%,2
"2025-09-28 20:00",25038.25,25040.25,25033.75,25040.25,-10.75,-0.04%,3
"2025-09-28 19:30",25051,25051,25051,25051,10.25,+0.04%,1
"2025-09-28 19:00",25041.75,25041.75,25040.75,25040.75,15.75,+0.06%,3
"2025-09-28 18:30",25022.25,25025.25,25020.5,25025,9.75,+0.04%,5
"2025-09-28 18:00",25010,25015.25,25010,25015.25,5.25,+0.02%,5
"2025-09-28 17:30",24995,25015,24995,25010,12.75,+0.05%,4
"2025-09-28 17:00",24993.75,25002,24993.75,24997.25,10.25,+0.04%,14
"2025-09-26 15:30",24992,24992,24987,24987,3.25,+0.01%,31
"2025-09-26 15:00",24980,24983.75,24980,24983.75,1.75,+0.01%,3
"2025-09-26 14:30",24973.75,24982,24965.25,24982,17,+0.07%,9
"2025-09-26 14:00",24964,24968.25,24964,24965,5,+0.02%,5
"2025-09-26 13:30",24975,24978,24957.75,24960,-7.,-0.03%,7
"2025-09-26 13:00",24950,24967,24935,24967,24.75,+0.10%,10
"2025-09-26 12:30",24945,24945,24920,24942.25,-22.75,-0.09%,5
"2025-09-26 12:00",24944.5,24965,24941,24965,26.25,+0.11%,12
"2025-09-26 11:30",24911.5,24941,24894.5,24938.75,28.75,+0.12%,15
"2025-09-26 11:00",24826,24920,24826,24910,63,+0.25%,19
"2025-09-26 10:30",24885,24885,24840,24847,-9.75,-0.04%,17
"2025-09-26 10:00",24825,24856.75,24796.25,24856.75,12.75,+0.05%,15
"2025-09-26 09:30",24812.5,24885,24798.75,24844,27,+0.11%,30
"2025-09-26 09:00",24970,24974.5,24775,24817,-138.,-0.55%,45
"2025-09-26 08:30",24901.25,24964,24870,24955,47.5,+0.19%,44
"2025-09-26 08:00",24926,24934,24907.5,24907.5,-44.75,-0.18%,5
"2025-09-26 07:30",24914,24990,24914,24952.25,57.5,+0.23%,20
"2025-09-26 07:00",24886.75,24895,24886.75,24894.75,24.75,+0.10%,5
"2025-09-26 06:30",24866.25,24870,24866.25,24870,22.5,+0.09%,2
"2025-09-26 06:00",24862.25,24862.25,24847.5,24847.5,7.25,+0.03%,2
"2025-09-26 05:00",24840.25,24840.25,24840.25,24840.25,-24.75,-0.10%,1
"2025-09-26 04:30",24845,24865,24845,24865,23.25,+0.09%,6
"2025-09-26 04:00",24830.25,24841.75,24825.75,24841.75,3,+0.01%,4
"2025-09-26 03:30",24876.75,24876.75,24838.75,24838.75,-75.5,-0.30%,4
"2025-09-26 02:30",24914,24914.25,24914,24914.25,2.25,+0.01%,3
"2025-09-26 02:00",24902.5,24912,24890,24912,7.75,+0.03%,4
"2025-09-26 01:30",24902.5,24904.25,24902.5,24904.25,10,+0.04%,4
"2025-09-26 01:00",24894.25,24894.25,24894.25,24894.25,31.25,+0.13%,1
"2025-09-26 00:30",24856.25,24863,24856.25,24863,23,+0.09%,2
"2025-09-26 00:00",24828.75,24840,24828.75,24840,-12.25,-0.05%,3
"2025-09-25 23:30",24852.25,24852.25,24852.25,24852.25,-6.,-0.02%,1
"2025-09-25 23:00",24838.75,24858.25,24838.5,24858.25,26.25,+0.11%,7
"2025-09-25 22:00",24852,24852,24832,24832,-18.,-0.07%,6
"2025-09-25 20:30",24862,24862,24843.75,24850,-0.25,0.00%,4
"2025-09-25 20:00",24850.25,24850.25,24850.25,24850.25,-9.75,-0.04%,1
"2025-09-25 19:30",24865,24865,24860,24860,-5.,-0.02%,3
"2025-09-25 19:00",24875,24875,24865,24865,-12.75,-0.05%,2
"2025-09-25 18:30",24877.75,24877.75,24877.75,24877.75,-3.25,-0.01%,1
"2025-09-25 18:00",24887,24887,24881,24881,-14.,-0.06%,2
"2025-09-25 17:30",24900,24900,24895,24895,-5.,-0.02%,3
"2025-09-25 17:00",24900,24913,24900,24900,14,+0.06%,4
"2025-09-25 15:00",24889.25,24892,24886,24886,11,+0.04%,4
"2025-09-25 14:30",24865,24892,24845.5,24875,17.5,+0.07%,22
"2025-09-25 14:00",24882.25,24882.25,24848.75,24857.5,-20.5,-0.08%,9
"2025-09-25 13:30",24821,24881.5,24821,24878,48,+0.19%,22
"2025-09-25 13:00",24769.75,24832,24720.75,24830,62.75,+0.25%,35
"2025-09-25 12:30",24840,24840,24767.25,24767.25,-82.,-0.33%,32
"2025-09-25 12:00",24875,24889.5,24820,24849.25,-28.,-0.11%,27
"2025-09-25 11:30",24914.75,24920.75,24872.75,24877.25,-8.75,-0.04%,16
"2025-09-25 11:00",24923,24929,24886,24886,-35.25,-0.14%,34
"2025-09-25 10:30",24870,24942.75,24860,24921.25,75.75,+0.30%,41
"2025-09-25 10:00",24880.25,24896,24835,24845.5,-49.,-0.20%,20
"2025-09-25 09:30",24867,24901.25,24862.75,24894.5,21.25,+0.09%,33
"2025-09-25 09:00",24741.25,24887,24741.25,24873.25,193.25,+0.78%,70
"2025-09-25 08:30",24789.25,24804.25,24680,24680,-148.75,-0.60%,72
"2025-09-25 08:00",24812,24835.5,24790,24828.75,17.5,+0.07%,18
"2025-09-25 07:30",24850.25,24855,24800,24811.25,-46.75,-0.19%,21
"2025-09-25 07:00",24853,24865,24853,24858,1,0.00%,6
"2025-09-25 06:30",24880,24880,24857,24857,-21.25,-0.09%,2
"2025-09-25 06:00",24913,24913,24878.25,24878.25,-44.75,-0.18%,2
"2025-09-25 05:30",24923,24923,24923,24923,-7.,-0.03%,1
"2025-09-25 05:00",24958.75,24958.75,24930,24930,-23.5,-0.09%,2
"2025-09-25 04:30",24961.25,24961.25,24945.5,24953.5,-14.5,-0.06%,6
"2025-09-25 04:00",24968,24968,24968,24968,-37.,-0.15%,1
"2025-09-25 03:30",25005,25005,25005,25005,-2.25,-0.01%,1
"2025-09-25 03:00",25007.25,25007.25,25007.25,25007.25,11.25,+0.05%,1
"2025-09-25 02:30",24996,24996,24996,24996,49,+0.20%,1
"2025-09-25 02:00",24950,24950,24947,24947,-29.,-0.12%,2
"2025-09-25 01:30",24989,24989,24968,24976,-21.5,-0.09%,3
"2025-09-25 00:30",24997.5,24997.5,24997.5,24997.5,-7.,-0.03%,1
"2025-09-24 23:30",25007.75,25007.75,25004.5,25004.5,-26.,-0.10%,2
"2025-09-24 20:30",25030,25038,25030,25030.5,8,+0.03%,3
"2025-09-24 20:00",25022.5,25022.5,25022.5,25022.5,0.75,0.00%,1
"2025-09-24 19:30",25021.5,25021.75,25021.5,25021.75,16.75,+0.07%,2
"2025-09-24 19:00",25005,25005,25005,25005,10,+0.04%,1
"2025-09-24 17:30",24995,24995,24995,24995,4.25,+0.02%,1
"2025-09-24 17:00",24991.5,24991.5,24990.75,24990.75,-9.25,-0.04%,4
"2025-09-24 15:00",24992,25000,24992,25000,3.5,+0.01%,2
"2025-09-24 14:30",24966.5,24996.5,24959.5,24996.5,26,+0.10%,20
"2025-09-24 14:00",24974,24977,24965,24970.5,20.75,+0.08%,8
"2025-09-24 13:30",24955.25,24959.25,24949.75,24949.75,-0.25,0.00%,3
"2025-09-24 13:00",24950,24961,24935,24950,-17.5,-0.07%,20
"2025-09-24 12:30",24992.75,24992.75,24958.5,24967.5,-9.75,-0.04%,14
"2025-09-24 12:00",24937,24977.25,24937,24977.25,48.25,+0.19%,12
"2025-09-24 11:30",24940.25,24951.25,24929,24929,-14.5,-0.06%,21
"2025-09-24 11:00",24932,24946.25,24878,24943.5,15.5,+0.06%,32
"2025-09-24 10:30",25031,25031.25,24928,24928,-127.,-0.51%,55
"2025-09-24 10:00",25039,25055,25031.25,25055,0.5,0.00%,10
"2025-09-24 09:30",25066.5,25076,25048,25054.5,-8.5,-0.03%,10
"2025-09-24 09:00",25076.5,25090,25060,25063,0.25,0.00%,15
"2025-09-24 08:30",25116,25116,25036,25062.75,-64.75,-0.26%,47
"2025-09-24 07:30",25123.25,25128.25,25122.5,25127.5,-18.5,-0.07%,15
"2025-09-24 07:00",25146,25146,25146,25146,7.25,+0.03%,1
"2025-09-24 06:30",25138.75,25138.75,25138.75,25138.75,-16.25,-0.06%,1
"2025-09-24 06:00",25155,25155,25155,25155,22,+0.09%,1
"2025-09-24 05:30",25133,25133,25133,25133,-2.,-0.01%,1
"2025-09-24 05:00",25147.25,25147.25,25135,25135,-21.5,-0.09%,3
"2025-09-24 04:00",25156.5,25156.5,25156.5,25156.5,26.5,+0.11%,1
"2025-09-24 02:30",25127.25,25130,25127.25,25130,12,+0.05%,2
"2025-09-24 02:00",25118,25118,25118,25118,-22.,-0.09%,1
"2025-09-24 01:30",25135,25140,25135,25140,25.25,+0.10%,2
"2025-09-24 01:00",25114.75,25114.75,25114.75,25114.75,15.25,+0.06%,1
"2025-09-23 23:30",25099.5,25099.5,25099.5,25099.5,10,+0.04%,1
"2025-09-23 23:00",25090.25,25090.25,25089.5,25089.5,3.25,+0.01%,2
"2025-09-23 21:30",25081.75,25086.25,25081.75,25086.25,9.75,+0.04%,3
"2025-09-23 21:00",25070.75,25076.5,25070.75,25076.5,8,+0.03%,4
"2025-09-23 20:30",25078,25078,25068.5,25068.5,-3.,-0.01%,2
"2025-09-23 20:00",25076,25076,25069,25071.5,-13.5,-0.05%,3
"2025-09-23 19:00",25086,25086,25076,25085,-6.75,-0.03%,4
"2025-09-23 18:30",25094.25,25094.25,25091.75,25091.75,-13.25,-0.05%,3
"2025-09-23 17:30",25105,25105,25105,25105,1,0.00%,1
"2025-09-23 17:00",25103.25,25104.25,25103.25,25104,22.75,+0.09%,3
"2025-09-23 15:30",25076.75,25083.25,25076.75,25081.25,-2.5,-0.01%,5
"2025-09-23 15:00",25079.25,25102,25079.25,25083.75,7.75,+0.03%,6
"2025-09-23 14:30",25055.75,25084.75,25055.75,25076,24.5,+0.10%,16
"2025-09-23 14:00",25042.25,25076.25,25042.25,25051.5,-1.75,-0.01%,8
"2025-09-23 13:30",25072.5,25082,25036.25,25053.25,-7.,-0.03%,37
"2025-09-23 13:00",25090,25090,25052,25060.25,-5.75,-0.02%,9
"2025-09-23 12:30",25115.25,25124,25045,25066,-60.,-0.24%,22
"2025-09-23 12:00",25177,25177,25121.5,25126,-51.,-0.20%,16
"2025-09-23 11:30",25180,25197,25169.75,25177,-27.75,-0.11%,18
"2025-09-23 11:00",25176,25204.75,25166.75,25204.75,4.75,+0.02%,14
"2025-09-23 10:30",25210,25210.25,25192,25200,-17.,-0.07%,14
"2025-09-23 10:00",25186,25217,25185,25217,17,+0.07%,14
"2025-09-23 09:30",25205,25221.5,25194,25200,0,0.00%,18
"2025-09-23 09:00",25180,25207.75,25180,25200,12.25,+0.05%,11
"2025-09-23 08:30",25240,25240,25187.75,25187.75,-67.25,-0.27%,20
"2025-09-23 08:00",25255,25255,25255,25255,0,0.00%,2
"2025-09-23 07:30",25249.75,25255,25249.5,25255,5.75,+0.02%,6
"2025-09-23 07:00",25248,25255,25242.75,25249.25,4.25,+0.02%,9
"2025-09-23 06:30",25240,25245,25240,25245,5.5,+0.02%,2
"2025-09-23 06:00",25238,25239.5,25225,25239.5,-31.25,-0.12%,4
"2025-09-23 03:00",25263.25,25270.75,25259,25270.75,27.75,+0.11%,3
"2025-09-23 02:30",25243,25243,25243,25243,5,+0.02%,2
"2025-09-23 02:00",25240,25245,25238,25238,-23.,-0.09%,6
"2025-09-23 01:30",25261,25261,25261,25261,0,0.00%,2
"2025-09-23 01:00",25261,25261,25261,25261,0,0.00%,1
"2025-09-23 00:30",25261,25261,25261,25261,16,+0.06%,2
"2025-09-23 00:00",25239.75,25245,25239.75,25245,9,+0.04%,7
"2025-09-22 23:30",25236,25236,25236,25236,-4.,-0.02%,1
"2025-09-22 23:00",25240,25240,25240,25240,-13.5,-0.05%,2
"2025-09-22 22:00",25250,25253.5,25250,25253.5,-2.,-0.01%,2
"2025-09-22 21:00",25248.25,25255.5,25248.25,25255.5,4.25,+0.02%,2
"2025-09-22 20:00",25245,25251.25,25245,25251.25,11.25,+0.04%,4
"2025-09-22 19:30",25245,25252.5,25240,25240,0,0.00%,6
"2025-09-22 19:00",25240,25245,25240,25240,-11.,-0.04%,7
"2025-09-22 18:30",25245,25251,25245,25251,9.25,+0.04%,4
"2025-09-22 18:00",25238.75,25241.75,25238,25241.75,1.75,+0.01%,7
"2025-09-22 17:00",25240,25240,25240,25240,-2.,-0.01%,2
"2025-09-22 15:30",25240,25242,25240,25242,2.5,+0.01%,3
"2025-09-22 15:00",25242.5,25245,25239.5,25239.5,-11.5,-0.05%,5
"2025-09-22 14:30",25250,25255.5,25247.75,25251,-6.5,-0.03%,10
"2025-09-22 13:30",25259,25259,25257.5,25257.5,9.75,+0.04%,3
"2025-09-22 13:00",25246.75,25251,25246.75,25247.75,1,0.00%,6
"2025-09-22 12:30",25242.25,25246.75,25238.5,25246.75,12,+0.05%,7
"2025-09-22 12:00",25234.75,25234.75,25234.75,25234.75,-1.25,0.00%,1
"2025-09-22 11:30",25225,25236,25225,25236,15,+0.06%,7
"2025-09-22 11:00",25184.75,25221,25184.75,25221,59,+0.23%,10
"2025-09-22 10:30",25162,25162,25162,25162,-19.5,-0.08%,1
"2025-09-22 10:00",25170,25181.5,25170,25181.5,14.75,+0.06%,7
"2025-09-22 09:30",25140,25168,25140,25166.75,29.25,+0.12%,10
"2025-09-22 09:00",25119.75,25137.5,25101.25,25137.5,26,+0.10%,15
"2025-09-22 08:30",25073,25123,25064,25111.5,67.75,+0.27%,26
"2025-09-22 08:00",25043.75,25043.75,25043.75,25043.75,0.5,0.00%,1
"2025-09-22 07:30",25043.25,25043.25,25043.25,25043.25,25.25,+0.10%,1
"2025-09-22 06:30",25018,25018,25018,25018,3,+0.01%,1
"2025-09-22 06:00",25015,25015,25015,25015,5.75,+0.02%,1
"2025-09-22 04:00",25009.25,25009.25,25009.25,25009.25,-40.75,-0.16%,1
"2025-09-22 03:30",25050,25050,25050,25050,31,+0.12%,1
"2025-09-22 02:30",25019,25019,25019,25019,19,+0.08%,1
"2025-09-22 02:00",25050,25050,25000,25000,-60.,-0.24%,8
"2025-09-22 01:30",25060,25060,25060,25060,-33.25,-0.13%,1
"2025-09-22 00:30",25093.25,25093.25,25093.25,25093.25,-7.75,-0.03%,1
"2025-09-21 22:30",25101,25101,25101,25101,26,+0.10%,1
"2025-09-21 19:30",25084.25,25084.25,25075,25075,-19.5,-0.08%,2
"2025-09-21 17:30",25094.5,25094.5,25094.5,25094.5,-7.75,-0.03%,1
"2025-09-19 15:30",25101.5,25102.25,25101.5,25102.25,-14.75,-0.06%,3
"2025-09-19 15:00",25117,25117,25117,25117,2,+0.01%,1
"2025-09-19 14:30",25100,25125.25,25100,25115,41,+0.16%,18
"2025-09-19 14:00",25073.75,25074,25073.75,25074,14,+0.06%,3
"2025-09-19 13:30",25065.75,25071.5,25060,25060,-6.75,-0.03%,6
"2025-09-19 12:30",25054,25066.75,25054,25066.75,-4.,-0.02%,3
"2025-09-19 11:30",25060,25070.75,25053,25070.75,17.75,+0.07%,3
"2025-09-19 11:00",25015,25053,25015,25053,66.25,+0.27%,17
"2025-09-19 10:30",24956.5,24986.75,24956.25,24986.75,7.25,+0.03%,6
"2025-09-19 10:00",24968.75,24979.5,24962,24979.5,-10.5,-0.04%,12
"2025-09-19 09:30",25020,25022.5,24990,24990,-37.5,-0.15%,5
"2025-09-19 09:00",25025,25039,25005,25027.5,-16.75,-0.07%,8
"2025-09-19 08:30",25008.75,25049,24985,25044.25,33.5,+0.13%,68
"2025-09-19 08:00",25000,25015.25,25000,25010.75,26.75,+0.11%,9
"2025-09-19 07:00",24984,24984,24984,24984,29.75,+0.12%,1
"2025-09-19 05:30",24959.25,24959.25,24954.25,24954.25,-7.75,-0.03%,2
"2025-09-19 04:30",24962,24962,24962,24962,3,+0.01%,10
"2025-09-19 04:00",24954.5,24959,24954.5,24959,10.5,+0.04%,6
"2025-09-19 03:30",24948.5,24948.5,24948.5,24948.5,4.5,+0.02%,3
"2025-09-19 03:00",24932.5,24944,24932.5,24944,17.5,+0.07%,6
"2025-09-19 02:00",24918,24926.5,24918,24926.5,-1.5,-0.01%,7
"2025-09-19 01:30",24928,24928,24928,24928,5,+0.02%,3
"2025-09-19 01:00",24923,24923,24923,24923,-34.,-0.14%,3
"2025-09-19 00:00",24959,24959,24957,24957,29.25,+0.12%,7
"2025-09-18 23:00",24927.75,24927.75,24927.75,24927.75,-32.25,-0.13%,1
"2025-09-18 20:30",24953,24960,24953,24960,11,+0.04%,3
"2025-09-18 20:00",24949,24949,24949,24949,-30.,-0.12%,1
"2025-09-18 18:00",24979,24979,24979,24979,24,+0.10%,1
"2025-09-18 17:30",24955,24955,24955,24955,-16.,-0.06%,1
"2025-09-18 15:30",24971,24971,24971,24971,21,+0.08%,1
"2025-09-18 14:30",24950,24950,24950,24950,-20.,-0.08%,1
"2025-09-18 12:30",24970,24970,24970,24970,-60.,-0.24%,1
"2025-09-18 11:30",25022,25030,25022,25030,61,+0.24%,2
"2025-09-18 11:00",24969,24969,24969,24969,-1.,0.00%,1
"2025-09-18 10:30",24970,24970,24970,24970,-30.,-0.12%,1
"2025-09-18 10:00",25000,25000,25000,25000,0,0.00%,3
"2025-09-18 09:30",25000,25000,25000,25000,-25.,-0.10%,1
"2025-09-18 09:00",24950,25026.5,24950,25025,112.5,+0.45%,14
"2025-09-18 08:30",24920,24940.5,24847,24912.5,-7.5,-0.03%,15
"2025-09-18 08:00",24904.5,24920,24904.5,24920,-49.,-0.20%,4
"2025-09-18 07:30",24962.5,24969,24962.5,24969,-26.,-0.10%,4
"2025-09-18 07:00",24982.75,24995,24959.5,24995,25,+0.10%,34
"2025-09-18 06:30",24970,24970,24970,24970,-14.,-0.06%,1
"2025-09-18 06:00",24980,24984,24980,24984,43,+0.17%,12
"2025-09-18 05:30",24941,24941,24941,24941,41,+0.16%,1
"2025-09-18 02:30",24890,24900,24890,24900,17.5,+0.07%,2
"2025-09-17 23:30",24882.5,24882.5,24882.5,24882.5,32.5,+0.13%,10
"2025-09-17 21:30",24850,24850,24850,24850,49.25,+0.20%,2
"2025-09-17 19:30",24800.75,24800.75,24800.75,24800.75,-6.25,-0.03%,3
"2025-09-17 19:00",24807,24807,24807,24807,-0.75,0.00%,1
"2025-09-17 18:30",24807.75,24807.75,24807.75,24807.75,69.25,+0.28%,1
"2025-09-17 17:00",24738.5,24738.5,24738.5,24738.5,8.5,+0.03%,1
"2025-09-17 15:00",24730,24730,24730,24730,28,+0.11%,1
"2025-09-17 14:30",24745,24745,24700,24702,-68.,-0.27%,4
"2025-09-17 14:00",24691.25,24770,24655,24770,170,+0.69%,12
"2025-09-17 13:30",24625.5,24625.5,24501.5,24600,-79.,-0.32%,12
"2025-09-17 13:00",24692,24692,24581.75,24679,-13.,-0.05%,7
"2025-09-17 12:30",24672.5,24692,24672.5,24692,40,+0.16%,4
"2025-09-17 12:00",24652,24652,24652,24652,24.75,+0.10%,1
"2025-09-17 11:30",24629,24629,24616.75,24627.25,-25.25,-0.10%,3
"2025-09-17 10:00",24652.5,24652.5,24652.5,24652.5,-27.75,-0.11%,4
"2025-09-17 09:00",24700,24710,24680.25,24680.25,-79.75,-0.32%,4
"2025-09-17 08:00",24760,24760,24760,24760,-8.25,-0.03%,8
"2025-09-16 21:00",24768.25,24768.25,24768.25,24768.25,-11.75,-0.05%,1
"2025-09-16 20:00",24780,24780,24780,24780,-4.,-0.02%,2
"2025-09-16 19:00",24784,24784,24784,24784,17.75,+0.07%,1
"2025-09-16 14:30",24770.5,24773,24766.25,24766.25,-5.75,-0.02%,7
"2025-09-16 13:30",24772,24772,24772,24772,0,0.00%,1
"2025-09-16 12:00",24780,24780,24772,24772,-10.25,-0.04%,2
"2025-09-16 09:30",24785,24785,24777,24782.25,-5.75,-0.02%,7
"2025-09-16 08:30",24832,24832,24788,24788,-42.,-0.17%,9
"2025-09-16 08:00",24830,24830,24830,24830,-10.,-0.04%,1
"2025-09-16 07:30",24840,24840,24840,24840,5,+0.02%,1
"2025-09-16 07:00",24835,24835,24835,24835,-32.,-0.13%,1
"2025-09-16 05:30",24867,24867,24867,24867,-10.,-0.04%,1
"2025-09-16 03:30",24877,24877,24877,24877,57,+0.23%,1
"2025-09-15 23:00",24820,24820,24820,24820,38,+0.15%,1
"2025-09-15 19:30",24775,24782,24775,24782,6.5,+0.03%,2
"2025-09-15 18:30",24783.5,24783.5,24775.5,24775.5,2.5,+0.01%,5
"2025-09-15 17:00",24773,24773,24773,24773,-2.,-0.01%,1
"2025-09-15 15:00",24778.75,24778.75,24775,24775,-16.75,-0.07%,2
"2025-09-15 14:30",24765,24791.75,24765,24791.75,38.75,+0.16%,2
"2025-09-15 14:00",24753,24753,24753,24753,-14.,-0.06%,1
"2025-09-15 13:00",24767,24767,24767,24767,10,+0.04%,1
"2025-09-15 10:30",24757,24757,24757,24757,24.25,+0.10%,1
"2025-09-15 10:00",24740,24740,24732.75,24732.75,-3.75,-0.02%,3
"2025-09-15 09:30",24737,24737,24736.5,24736.5,8.5,+0.03%,3
"2025-09-15 09:00",24728,24728,24728,24728,20.75,+0.08%,1
"2025-09-15 08:30",24688,24707.25,24688,24707.25,77.25,+0.31%,2
"2025-09-15 07:00",24629.75,24630,24629.75,24630,16,+0.07%,2
"2025-09-15 06:00",24614,24614,24614,24614,40.5,+0.16%,1
"2025-09-15 03:00",24570,24573.5,24570,24573.5,-56.,-0.23%,3
"2025-09-15 02:30",24630,24630,24629.5,24629.5,34.5,+0.14%,2
"2025-09-14 22:00",24595,24595,24595,24595,10,+0.04%,1
"2025-09-14 17:00",24585,24585,24585,24585,19.5,+0.08%,1
"2025-09-12 15:30",24565.5,24565.5,24565.5,24565.5,-21.5,-0.09%,2
"2025-09-12 14:30",24567,24587,24567,24587,-18.,-0.07%,3
"2025-09-12 14:00",24605,24605,24605,24605,-15.,-0.06%,1
"2025-09-12 13:30",24620,24620,24620,24620,65,+0.26%,1
"2025-09-12 10:00",24570,24570,24555,24555,22.75,+0.09%,2
"2025-09-12 09:00",24520,24532.25,24520,24532.25,46,+0.19%,2
"2025-09-12 08:30",24486.25,24486.25,24486.25,24486.25,-20.5,-0.08%,1
"2025-09-12 07:30",24506.75,24506.75,24506.75,24506.75,8.75,+0.04%,1
"2025-09-11 14:00",24498,24498,24498,24498,1.25,+0.01%,1
"2025-09-11 11:00",24504.5,24504.5,24496.75,24496.75,21.75,+0.09%,2
"2025-09-11 09:30",24473,24475,24473,24475,40,+0.16%,3
"2025-09-11 09:00",24462,24462,24435,24435,-5.,-0.02%,2
"2025-09-11 08:30",24436.5,24440,24388,24440,22.25,+0.09%,7
"2025-09-11 07:30",24385.75,24417.75,24364.5,24417.75,73.25,+0.30%,7
"2025-09-11 00:00",24344.5,24344.5,24344.5,24344.5,-9.75,-0.04%,1
"2025-09-10 19:00",24354.25,24354.25,24354.25,24354.25,60.25,+0.25%,1
"2025-09-10 14:30",24300,24300,24294,24294,14,+0.06%,2
"2025-09-10 14:00",24302,24302,24269,24280,-56.25,-0.23%,4
"2025-09-10 13:30",24335,24336.25,24335,24336.25,16.25,+0.07%,2
"2025-09-10 13:00",24320,24320,24320,24320,-111.75,-0.46%,1
"2025-09-10 10:30",24431.75,24431.75,24431.75,24431.75,29.5,+0.12%,2
"2025-09-10 10:00",24402.25,24402.25,24402.25,24402.25,-47.75,-0.20%,2
"2025-09-10 09:00",24440,24450,24440,24450,43.75,+0.18%,2
"2025-09-10 08:30",24442,24442,24406.25,24406.25,-7.,-0.03%,2
"2025-09-10 07:30",24413.25,24413.25,24413.25,24413.25,47.5,+0.19%,1
"2025-09-10 04:00",24365.75,24365.75,24365.75,24365.75,-3.5,-0.01%,1
"2025-09-09 20:30",24369.25,24369.25,24369.25,24369.25,16.25,+0.07%,1
"2025-09-09 14:30",24353,24353,24353,24353,52.75,+0.22%,1
"2025-09-09 12:30",24300.25,24300.25,24300.25,24300.25,-6.5,-0.03%,1
"2025-09-09 12:00",24306.75,24306.75,24306.75,24306.75,61.25,+0.25%,1
"2025-09-09 09:30",24245.5,24245.5,24245.5,24245.5,-19.,-0.08%,1
"2025-09-09 09:00",24264.5,24264.5,24264.5,24264.5,-47.5,-0.20%,1
"2025-09-09 08:30",24312,24312,24312,24312,2,+0.01%,1
"2025-09-09 05:00",24310,24310,24310,24310,12,+0.05%,1
"2025-09-08 21:30",24298,24298,24298,24298,29.75,+0.12%,1
"2025-09-08 20:30",24268.25,24268.25,24268.25,24268.25,1,0.00%,1
"2025-09-08 13:30",24267.25,24267.25,24267.25,24267.25,0.75,0.00%,1
"2025-09-08 11:30",24266.5,24266.5,24266.5,24266.5,-28.5,-0.12%,1
"2025-09-08 10:30",24295,24295,24295,24295,-10.,-0.04%,1
"2025-09-08 09:00",24317,24317,24305,24305,9,+0.04%,3
"2025-09-08 08:30",24296,24296,24296,24296,177.25,+0.73%,1
"2025-09-05 14:30",24128.5,24128.5,24118.75,24118.75,43.75,+0.18%,2
"2025-09-05 12:30",24075,24075,24075,24075,14.75,+0.06%,1
"2025-09-05 11:30",24060.25,24060.25,24060.25,24060.25,-19.5,-0.08%,1
"2025-09-05 11:00",24079.75,24079.75,24079.75,24079.75,-21.5,-0.09%,1
"2025-09-05 10:30",24101.75,24101.75,24101.25,24101.25,6.25,+0.03%,3
"2025-09-05 10:00",23978.5,24095,23976.5,24095,25,+0.10%,8
"2025-09-05 09:30",24115,24118,24070,24070,-31.,-0.13%,5
"2025-09-05 09:00",24151.5,24151.5,24101,24101,-98.,-0.40%,6
"2025-09-04 19:00",24198.75,24199,24198.75,24199,78.5,+0.33%,7
"2025-09-04 14:30",24120.5,24120.5,24120.5,24120.5,36.5,+0.15%,1
"2025-09-04 13:30",24084,24084,24084,24084,18.5,+0.08%,2
"2025-09-04 13:00",24065.5,24065.5,24065.5,24065.5,262,+1.10%,1
"2025-09-03 13:00",23803.75,23803.75,23803.5,23803.5,-132.,-0.55%,4
"2025-09-03 09:00",23935.5,23935.5,23935.5,23935.5,25.5,+0.11%,1
"2025-09-03 07:00",23910,23910,23910,23910,44.5,+0.19%,2
"2025-09-03 03:00",23865.5,23865.5,23865.5,23865.5,205.5,+0.87%,1
"2025-09-02 13:30",23624,23660,23624,23660,60,+0.25%,3
"2025-09-02 11:30",23544.25,23600,23544.25,23600,-135.,-0.57%,4
"2025-09-02 09:00",23735,23735,23735,23735,13,+0.05%,1
"2025-09-02 05:30",23722,23722,23722,23722,-116.,-0.49%,1
"2025-09-02 02:30",23838,23838,23838,23838,-22.,-0.09%,2
"2025-09-02 02:00",23860,23860,23860,23860,-60.,-0.25%,2
"2025-09-01 01:30",23920,23920,23920,23920,-35.,-0.15%,1
"2025-08-31 21:30",23955,23955,23955,23955,-65.,-0.27%,1
"2025-08-31 19:00",24020,24020,24020,24020,147,+0.62%,1
"2025-08-29 12:00",23873,23873,23873,23873,-67.,-0.28%,1
"2025-08-29 10:00",23940,23940,23940,23940,-320.,-1.32%,2
"2025-08-28 13:30",24260,24260,24260,24260,25,+0.10%,1
"2025-08-28 12:30",24235,24235,24235,24235,77.25,+0.32%,1
"2025-08-28 08:30",24157.75,24157.75,24157.75,24157.75,77.75,+0.32%,1
"2025-08-28 04:30",24080,24080,24080,24080,20,+0.08%,2
"2025-08-28 01:30",24060,24060,24060,24060,20,+0.08%,1
"2025-08-27 15:30",24040,24040,24040,24040,-99.75,-0.41%,1
"2025-08-27 15:00",24113.5,24139.75,24113.5,24139.75,67.25,+0.28%,3
"2025-08-27 10:00",24070,24072.5,24070,24072.5,72.5,+0.30%,2
"2025-08-27 08:30",24000,24000,24000,24000,-80.,-0.33%,1
"2025-08-26 23:00",24080,24080,24080,24080,-10.,-0.04%,1
"2025-08-26 20:30",24090,24090,24090,24090,9,+0.04%,1
"2025-08-26 18:30",24081,24081,24081,24081,-9.,-0.04%,1
"2025-08-26 17:30",24090,24090,24090,24090,15,+0.06%,1
"2025-08-26 15:00",24075,24075,24075,24075,100,+0.42%,1
"2025-08-26 12:30",23975,23975,23975,23975,38,+0.16%,1
"2025-08-25 07:30",23937,23937,23937,23937,-123.,-0.51%,1
"2025-08-22 15:00",24060,24060,24060,24060,-33.25,-0.14%,1
"2025-08-22 10:00",24104,24104,24093.25,24093.25,-11.5,-0.05%,2
"2025-08-22 09:30",24095,24104.75,24095,24104.75,74.75,+0.31%,2
"2025-08-22 09:00",24000,24080,24000,24030,240,+1.01%,4
"2025-08-20 14:00",23790,23790,23790,23790,94,+0.40%,2
"2025-08-20 10:30",23720.5,23720.5,23696,23696,58.25,+0.25%,4
"2025-08-20 10:00",23637.75,23637.75,23637.75,23637.75,-187.25,-0.79%,1
"2025-08-19 23:30",23825,23825,23825,23825,-61.,-0.26%,1
"2025-08-19 19:30",23873.25,23886,23873.25,23886,-14.,-0.06%,4
"2025-08-19 18:00",23900,23900,23900,23900,-326.,-1.35%,1
"2025-08-18 10:00",24227,24227,24225.5,24226,-34.,-0.14%,6
"2025-08-15 10:30",24260,24260,24260,24260,-45.,-0.19%,4
"2025-08-14 07:30",24305,24305,24305,24305,-126.5,-0.52%,1
"2025-08-13 09:30",24431.5,24431.5,24431.5,24431.5,-63.5,-0.26%,1
"2025-08-13 07:30",24495,24495,24495,24495,123,+0.50%,1
"2025-08-12 11:30",24376.75,24385.5,24372,24372,260.25,+1.08%,7
"2025-08-11 21:30",24111.75,24111.75,24111.75,24111.75,-73.25,-0.30%,1
"2025-08-08 13:00",24185,24185,24185,24185,285,+1.19%,1
"2025-08-07 14:30",23900,23900,23900,23900,-200.,-0.83%,2
"2025-08-07 08:30",24100,24100,24100,24100,210,+0.88%,1
"2025-08-06 13:30",23890,23890,23890,23890,60,+0.25%,1
"2025-08-06 10:30",23805,23830,23805,23830,160,+0.68%,2
"2025-08-06 00:30",23670,23670,23670,23670,70,+0.30%,2
"2025-08-05 15:00",23600,23600,23600,23600,-76.,-0.32%,1
"2025-08-05 12:00",23676,23676,23676,23676,0,0.00%,3
"2025-08-05 10:00",23676,23676,23676,23676,44.75,+0.19%,1
"2025-08-05 09:30",23671.75,23671.75,23631.25,23631.25,-143.75,-0.60%,3
"2025-08-04 15:00",23775,23775,23775,23775,14.5,+0.06%,1
"2025-08-04 12:00",23755.5,23760.5,23755.5,23760.5,39.25,+0.17%,3
"2025-08-04 11:30",23721.75,23721.75,23721.25,23721.25,7,+0.03%,3
"2025-08-04 09:30",23714.25,23714.25,23714.25,23714.25,133.75,+0.57%,1
"2025-08-04 08:30",23580.5,23580.5,23580.5,23580.5,180.25,+0.77%,1
"2025-08-01 10:00",23400.5,23400.5,23400.25,23400.25,3,+0.01%,2
"2025-08-01 09:30",23398,23398,23397.25,23397.25,-33.5,-0.14%,4
"2025-08-01 09:00",23427,23430.75,23427,23430.75,0.75,0.00%,4
"2025-08-01 08:30",23500.75,23524.5,23430,23430,-100.,-0.42%,19
"2025-08-01 08:00",23530,23530,23530,23530,-93.,-0.39%,4
"2025-08-01 07:30",23639,23639,23594,23623,102.5,+0.44%,5
"2025-08-01 05:30",23520.5,23520.5,23520.5,23520.5,-97.5,-0.41%,2
"2025-08-01 03:00",23618,23618,23618,23618,-271.,-1.13%,2
"2025-07-31 14:30",23889,23889,23889,23889,-11.,-0.05%,1
"2025-07-31 12:30",23900,23900,23900,23900,-400.,-1.65%,1
"2025-07-31 03:00",24300,24300,24300,24300,49,+0.20%,2
"2025-07-30 20:00",24254,24254,24251,24251,258.5,+1.08%,5
"2025-07-30 10:00",23992,23992.5,23992,23992.5,20,+0.08%,4
"2025-07-30 06:00",23972.75,23972.75,23972.5,23972.5,-7.5,-0.03%,4
"2025-07-29 10:30",23980,23980,23980,23980,13.25,+0.06%,1
"2025-07-29 10:00",23966.75,23966.75,23966.75,23966.75,-111.5,-0.46%,1
"2025-07-29 06:30",24062.25,24078.25,24062.25,24078.25,11.25,+0.05%,5
"2025-07-29 06:00",24067,24067,24067,24067,90.5,+0.38%,1
"2025-07-28 10:00",23976.5,23976.5,23976.5,23976.5,136,+0.57%,1
"2025-07-24 10:30",23840.5,23840.5,23840.5,23840.5,104,+0.44%,1
"2025-07-23 12:30",23736.5,23736.5,23736.5,23736.5,-13.75,-0.06%,1
"2025-07-23 04:00",23761.75,23761.75,23750.25,23750.25,-2.25,-0.01%,2
"2025-07-23 03:30",23752.5,23752.5,23752.5,23752.5,-140.5,-0.59%,3
"2025-07-21 12:30",23893,23893,23893,23893,-1.5,-0.01%,3
"2025-07-21 12:00",23883.25,23894.5,23883.25,23894.5,8,+0.03%,2
"2025-07-21 09:00",23886.5,23886.5,23886.5,23886.5,237.75,+1.01%,1
"2025-07-18 11:30",23648.75,23648.75,23648.75,23648.75,-134.75,-0.57%,1
"2025-07-18 08:30",23783.5,23783.5,23783.5,23783.5,58,+0.24%,2
"2025-07-17 11:00",23725.5,23725.5,23725.5,23725.5,113,+0.48%,1
"2025-07-15 09:30",23614.75,23614.75,23612.5,23612.5,52.5,+0.22%,8
"2025-07-09 09:00",23560,23560,23560,23560,13.75,+0.06%,1
"2025-07-09 08:30",23538.75,23546.25,23534.5,23546.25,179.25,+0.77%,15
"2025-07-03 08:00",23368,23368,23367,23367,88.5,+0.38%,3
"2025-07-02 11:30",23278,23278.5,23278,23278.5,-3.,-0.01%,8
"2025-07-02 10:30",23266.5,23281.5,23266.5,23281.5,416,+1.82%,8
"2025-06-24 14:00",22865.5,22865.5,22865.5,22865.5,63.25,+0.28%,1
"2025-06-24 12:00",22802.25,22802.25,22802.25,22802.25,0.25,0.00%,1
"2025-06-24 10:30",22804.25,22806,22802,22802,28.75,+0.13%,17
"2025-06-24 10:00",22770.25,22773.25,22770.25,22773.25,385.25,+1.72%,12
"2025-06-18 13:30",22388,22388,22388,22388,-77.,-0.34%,2
"2025-06-18 11:30",22458,22465,22458,22465,-16.,-0.07%,8
"2025-06-18 09:00",22481,22481,22481,22481,461,+2.09%,1
"2025-05-30 04:00",22020,22020,22020,22020,40,+0.18%,2
"2025-05-21 00:00",21980,21980,21980,21980,-170.,-0.77%,2
"2025-05-15 12:00",22150,22150,22150,22150,638.5,+2.97%,1
"2025-05-12 14:30",21468.5,21511.5,21468.5,21511.5,2543.5,+13.41%,5
"2025-04-16 12:30",18968,18968,18968,18968,-501.,-2.57%,1
"2025-04-14 10:30",19469,19469,19469,19469,41,+0.21%,1
"2025-04-09 13:00",19428,19428,19428,19428,1210,+6.64%,2
"2025-04-04 09:30",18218,18218,18218,18218,-210.,-1.14%,1
"2025-04-04 06:00",18428,18428,18428,18428,-1903.,-9.36%,1
"2025-03-11 08:30",20331,20331,20331,20331,106,+0.52%,1
"2025-03-11 07:30",20265,20265,20225,20225,-64.,-0.32%,2
"Downloaded from Barchart.com as of 03-05-2026 06:11am CST"
