Time,Open,High,Low,Latest,Change,%Change,Volume
"2026-03-04 23:00",25103.25,25104.5,25033,25034.75,-67.75,-0.27%,4822
"2026-03-04 22:00",25046.75,25106.75,25031.75,25102.5,54.25,+0.22%,5163
"2026-03-04 21:00",25090.75,25101.5,25025.25,25048.25,-43.,-0.17%,8207
"2026-03-04 20:00",25070.75,25125.5,25050,25091.25,20.25,+0.08%,8219
"2026-03-04 19:00",25209.75,25217.5,25044,25071,-137.25,-0.54%,16454
"2026-03-04 18:00",25171,25250,25160.25,25208.25,36.5,+0.15%,9637
"2026-03-04 17:00",25156.5,25190.75,25140,25171.75,33.75,+0.13%,6566
"2026-03-04 15:00",25120,25163.25,25092.5,25138,18,+0.07%,20382
"2026-03-04 14:00",25188.75,25195.25,25113.5,25120,-69.,-0.27%,52579
"2026-03-04 13:00",25192.75,25217.75,25180.25,25189,-3.5,-0.01%,23325
"2026-03-04 12:00",25170,25214.25,25140.5,25192.5,23.75,+0.09%,33704
"2026-03-04 11:00",25146.25,25181.5,25105,25168.75,23.25,+0.09%,37381
"2026-03-04 10:00",25127.25,25170.5,25051,25145.5,18,+0.07%,63091
"2026-03-04 09:00",24922.75,25148.5,24891.5,25127.5,208.25,+0.84%,101161
"2026-03-04 08:00",24889.5,24970.25,24826,24919.25,30,+0.12%,79823
"2026-03-04 07:00",24800.5,24930.25,24795.5,24889.25,88.5,+0.36%,26518
"2026-03-04 06:00",24806.25,24844.25,24720.5,24800.75,-4.75,-0.02%,14982
"2026-03-04 05:00",24842.75,24895,24801.25,24805.5,-37.,-0.15%,12635
"2026-03-04 04:00",24754.25,24866.25,24734.25,24842.5,87.75,+0.35%,17361
"2026-03-04 03:00",24648.25,24771.25,24621,24754.75,110.75,+0.45%,10506
"2026-03-04 02:00",24657,24688.25,24611.5,24644,-13.,-0.05%,10322
"2026-03-04 01:00",24570.25,24677.75,24535.5,24657,84.75,+0.34%,9779
"2026-03-04 00:00",24573.5,24590,24499,24572.25,-2.,-0.01%,8611
"2026-03-03 23:00",24590.75,24617.75,24532.5,24574.25,-14.,-0.06%,6447
"2026-03-03 22:00",24600.25,24644.75,24566,24588.25,-11.,-0.04%,7171
"2026-03-03 21:00",24637,24638,24525,24599.25,-37.75,-0.15%,10769
"2026-03-03 20:00",24676.5,24703.25,24588,24637,-39.,-0.16%,9659
"2026-03-03 19:00",24749,24772.25,24630.75,24676,-71.5,-0.29%,12662
"2026-03-03 18:00",24702,24803.5,24676,24747.5,44.5,+0.18%,12184
"2026-03-03 17:00",24710.75,24765,24669.75,24703,-6.75,-0.03%,7748
"2026-03-03 15:00",24757.25,24758.25,24691.5,24709.75,-47.5,-0.19%,14165
"2026-03-03 14:00",24787.25,24821.75,24718,24757.25,-30.,-0.12%,53513
"2026-03-03 13:00",24799.5,24850,24709.5,24787.25,-13.,-0.05%,49085
"2026-03-03 12:00",24641,24832.5,24640.75,24800.25,158.75,+0.64%,49653
"2026-03-03 11:00",24671,24712.25,24602.5,24641.5,-30.5,-0.12%,46662
"2026-03-03 10:00",24447.25,24724.75,24436.5,24672,225.25,+0.92%,82905
"2026-03-03 09:00",24489,24562.5,24352,24446.75,-42.5,-0.17%,104564
"2026-03-03 08:00",24497,24661.25,24456,24489.25,-6.75,-0.03%,100817
"2026-03-03 07:00",24584,24590,24447.75,24496,-87.5,-0.36%,22661
"2026-03-03 06:00",24487,24606.75,24478.5,24583.5,95,+0.39%,19292
"2026-03-03 05:00",24450.25,24514.25,24370,24488.5,35.75,+0.15%,17686
"2026-03-03 04:00",24454,24484,24393,24452.75,-1.,0.00%,22556
"2026-03-03 03:00",24516.25,24581.75,24444,24453.75,-62.75,-0.26%,20526
"2026-03-03 02:00",24674.75,24694.5,24505,24516.5,-159.5,-0.65%,26258
"2026-03-03 01:00",24753.25,24767.5,24668.5,24676,-78.,-0.32%,11589
"2026-03-03 00:00",24765.25,24800,24736,24754,-11.5,-0.05%,8221
"2026-03-02 23:00",24811.25,24829,24744,24765.5,-44.75,-0.18%,7736
"2026-03-02 22:00",24846.5,24864,24788.75,24810.25,-35.75,-0.14%,6841
"2026-03-02 21:00",24862.75,24883.25,24804.25,24846,-15.25,-0.06%,6701
"2026-03-02 20:00",24874,24879.25,24806.5,24861.25,-11.5,-0.05%,10704
"2026-03-02 19:00",24931.75,24960,24869,24872.75,-58.75,-0.24%,7986
"2026-03-02 18:00",24972.5,24982.25,24925,24931.5,-39.5,-0.16%,5740
"2026-03-02 17:00",25002.75,25011,24944.25,24971,-24.75,-0.10%,6808
"2026-03-02 15:00",25022.25,25028.75,24976.5,24995.75,-27.5,-0.11%,14654
"2026-03-02 14:00",25082.5,25090.5,24946.75,25023.25,-59.5,-0.24%,74916
"2026-03-02 13:00",24972,25101,24966.25,25082.75,110.25,+0.44%,43537
"2026-03-02 12:00",25066,25074.75,24968.5,24972.5,-93.25,-0.37%,33111
"2026-03-02 11:00",25033.75,25076.5,25007.5,25065.75,32.25,+0.13%,37326
"2026-03-02 10:00",24923.75,25044.25,24852,25033.5,109,+0.44%,67962
"2026-03-02 09:00",24862,24958.5,24802,24924.5,62.5,+0.25%,76424
"2026-03-02 08:00",24621.5,24898.5,24605,24862,241.25,+0.98%,78131
"2026-03-02 07:00",24630,24739.25,24592.75,24620.75,-8.25,-0.03%,19748
"2026-03-02 06:00",24685.75,24705.5,24609.75,24629,-59.,-0.24%,11765
"2026-03-02 05:00",24657.75,24729,24635,24688,30.25,+0.12%,10309
"2026-03-02 04:00",24628.5,24684.5,24625.5,24657.75,28.75,+0.12%,10701
"2026-03-02 03:00",24562.25,24654.25,24552,24629,65.5,+0.27%,13817
"2026-03-02 02:00",24542,24591,24477,24563.5,23,+0.09%,20115
"2026-03-02 01:00",24588,24602.5,24531,24540.5,-50.25,-0.20%,13458
"2026-03-02 00:00",24675.75,24703,24528,24590.75,-86.5,-0.35%,12559
"2026-03-01 23:00",24759,24769.5,24672,24677.25,-82.75,-0.33%,6303
"2026-03-01 22:00",24792.75,24817.75,24740.75,24760,-31.5,-0.13%,6801
"2026-03-01 21:00",24821.25,24835.5,24785.25,24791.5,-29.5,-0.12%,4416
"2026-03-01 20:00",24864,24873.75,24796.5,24821,-40.75,-0.16%,7145
"2026-03-01 19:00",24785.5,24901.25,24772.5,24861.75,75.75,+0.31%,16116
"2026-03-01 18:00",24739.25,24796.25,24712.75,24786,44,+0.18%,13274
"2026-03-01 17:00",24682.5,24815,24635.5,24742,-210.75,-0.84%,20275
"2026-02-27 15:00",24998.25,24998.75,24939.25,24952.75,-45.75,-0.18%,21443
"2026-02-27 14:00",24894.25,25022.75,24893.5,24998.5,103.25,+0.41%,74658
"2026-02-27 13:00",24902.5,24963,24873,24895.25,-7.5,-0.03%,31457
"2026-02-27 12:00",24945,24955.25,24874.75,24902.75,-42.75,-0.17%,35830
"2026-02-27 11:00",24969.25,25036.75,24900.25,24945.5,-23.25,-0.09%,53594
"2026-02-27 10:00",24983.5,25021.5,24931.5,24968.75,-14.,-0.06%,52918
"2026-02-27 09:00",24879.5,25017.25,24866.5,24982.75,102.75,+0.41%,78751
"2026-02-27 08:00",24871,24938.5,24782,24880,9.5,+0.04%,83552
"2026-02-27 07:00",24919.5,24942.75,24793.75,24870.5,-51.25,-0.21%,28117
"2026-02-27 06:00",24952.75,24994,24898,24921.75,-32.25,-0.13%,12566
"2026-02-27 05:00",25000.25,25012.75,24928.75,24954,-47.25,-0.19%,8756
"2026-02-27 04:00",25030,25045,24966.75,25001.25,-28.,-0.11%,9331
"2026-02-27 03:00",25067.75,25098.75,25024.5,25029.25,-38.,-0.15%,7612
"2026-02-27 02:00",25072.5,25089.75,25038.25,25067.25,-7.25,-0.03%,5772
"2026-02-27 01:00",25033,25079,25032.75,25074.5,42.5,+0.17%,4259
"2026-02-27 00:00",25040,25046.25,24991.75,25032,-7.5,-0.03%,3908
"2026-02-26 23:00",25024.75,25061,25024,25039.5,15.75,+0.06%,3030
"2026-02-26 22:00",25026.5,25036.25,25012,25023.75,-1.,0.00%,2367
"2026-02-26 21:00",25032,25036,25001.75,25024.75,-7.,-0.03%,3370
"2026-02-26 20:00",24994.5,25033.25,24985.25,25031.75,40,+0.16%,4592
"2026-02-26 19:00",24986,25018.25,24971,24991.75,5.75,+0.02%,6890
"2026-02-26 18:00",24995,25026.5,24954.75,24986,-9.25,-0.04%,8159
"2026-02-26 17:00",25024.25,25038,24955,24995.25,-32.75,-0.13%,11577
"2026-02-26 15:00",25083,25090,25024.75,25028,-55.,-0.22%,15996
"2026-02-26 14:00",25062.75,25094.75,25024,25083,20,+0.08%,52416
"2026-02-26 13:00",25002,25099,24988.25,25063,61.5,+0.25%,40655
"2026-02-26 12:00",24935.25,25030.75,24888.75,25001.5,66.75,+0.27%,49310
"2026-02-26 11:00",24963.75,25009.25,24912,24934.75,-28.75,-0.12%,42513
"2026-02-26 10:00",24999.5,25085.5,24954.25,24963.5,-35.25,-0.14%,65704
"2026-02-26 09:00",25193.5,25210.75,24861.75,24998.75,-194.25,-0.77%,140984
"2026-02-26 08:00",25383,25398.75,25181.25,25193,-190.75,-0.75%,91382
"2026-02-26 07:00",25372.75,25415.25,25361.25,25383.75,9.75,+0.04%,10053
"2026-02-26 06:00",25361.75,25390.75,25360.25,25374,12,+0.05%,4431
"2026-02-26 05:00",25357.5,25370,25345.25,25362,5.5,+0.02%,3369
"2026-02-26 04:00",25379.25,25388.25,25347.5,25356.5,-22.,-0.09%,3552
"2026-02-26 03:00",25349.75,25401.5,25346,25378.5,28.5,+0.11%,5117
"2026-02-26 02:00",25348,25392.25,25343.25,25350,2.75,+0.01%,6264
"2026-02-26 01:00",25327.25,25364.75,25326.25,25347.25,19.75,+0.08%,4538
"2026-02-26 00:00",25308,25345,25307,25327.5,19.5,+0.08%,4011
"2026-02-25 23:00",25299.5,25309.75,25283.25,25308,7.75,+0.03%,2722
"2026-02-25 22:00",25300.5,25310.5,25293.25,25300.25,-1.5,-0.01%,2127
"2026-02-25 21:00",25306.75,25323.5,25294.75,25301.75,-6.25,-0.02%,2665
"2026-02-25 20:00",25315.5,25319.25,25288.75,25308,-8.25,-0.03%,3534
"2026-02-25 19:00",25316.25,25320,25264.75,25316.25,0.5,0.00%,7738
"2026-02-25 18:00",25315.75,25341.5,25302,25315.75,-1.5,-0.01%,8141
"2026-02-25 17:00",25388.25,25418.25,25274.75,25317.25,-144.5,-0.57%,14062
"2026-02-25 15:00",25384,25494.75,25370,25461.75,78.25,+0.31%,30441
"2026-02-25 14:00",25368.5,25396.5,25352,25383.5,14.75,+0.06%,45166
"2026-02-25 13:00",25350.25,25378.5,25349.5,25368.75,18.25,+0.07%,18784
"2026-02-25 12:00",25352.75,25358,25334.25,25350.5,-1.75,-0.01%,17059
"2026-02-25 11:00",25316.75,25355,25310.5,25352.25,35.75,+0.14%,28234
"2026-02-25 10:00",25295.25,25333.25,25282.75,25316.5,21.25,+0.08%,39597
"2026-02-25 09:00",25343,25361.75,25264.5,25295.25,-48.,-0.19%,72665
"2026-02-25 08:00",25150.75,25353.25,25129.75,25343.25,193,+0.77%,81429
"2026-02-25 07:00",25139.25,25165.75,25123.75,25150.25,11.75,+0.05%,8303
"2026-02-25 06:00",25124.5,25150,25105,25138.5,13.75,+0.05%,8247
"2026-02-25 05:00",25074.25,25128.5,25068.5,25124.75,51.5,+0.21%,4454
"2026-02-25 04:00",25082.75,25094.75,25065.5,25073.25,-9.25,-0.04%,3291
"2026-02-25 03:00",25072.5,25087.75,25055.25,25082.5,8,+0.03%,3774
"2026-02-25 02:00",25036.5,25090,25036.5,25074.5,38.5,+0.15%,5573
"2026-02-25 01:00",25043,25053.5,25017.5,25036,-5.75,-0.02%,2919
"2026-02-25 00:00",25041.5,25058.75,25032,25041.75,1,0.00%,2415
"2026-02-24 23:00",25051.75,25067.5,25030.75,25040.75,-9.5,-0.04%,2901
"2026-02-24 22:00",25066.75,25067.75,25034.5,25050.25,-16.5,-0.07%,3020
"2026-02-24 21:00",25106.75,25109.5,24994,25066.75,-40.75,-0.16%,8095
"2026-02-24 20:00",25103,25114.5,25082.25,25107.5,4,+0.02%,4774
"2026-02-24 19:00",25071.25,25113.25,25061.5,25103.5,32.5,+0.13%,7922
"2026-02-24 18:00",25044.5,25075,25018.5,25071,27.5,+0.11%,5702
"2026-02-24 17:00",25016.25,25051,24992,25043.5,27.25,+0.11%,4441
"2026-02-24 15:00",25030,25037.75,25003.25,25016.25,-13.75,-0.05%,14616
"2026-02-24 14:00",25021.75,25072,24994.75,25030,8.5,+0.03%,53200
"2026-02-24 13:00",25030,25060.25,24988.5,25021.5,-8.5,-0.03%,32628
"2026-02-24 12:00",25046,25078.75,25011.5,25030,-16.,-0.06%,33156
"2026-02-24 11:00",25028.75,25076.25,25021.25,25046,17.25,+0.07%,37437
"2026-02-24 10:00",24976.5,25047.25,24969.25,25028.75,52.25,+0.21%,55548
"2026-02-24 09:00",24878.5,25031,24819.5,24976.5,99.25,+0.40%,91982
"2026-02-24 08:00",24876.75,24964.25,24694.5,24877.25,0,0.00%,100651
"2026-02-24 07:00",24816.75,24892,24814.25,24877.25,61,+0.25%,12073
"2026-02-24 06:00",24832.5,24902.25,24795.25,24816.25,-16.75,-0.07%,14660
"2026-02-24 05:00",24842.5,24853.25,24808.75,24833,-9.,-0.04%,4492
"2026-02-24 04:00",24847,24865.5,24825.75,24842,-4.5,-0.02%,4016
"2026-02-24 03:00",24791.25,24848,24788.25,24846.5,54.75,+0.22%,6500
"2026-02-24 02:00",24834,24834,24761,24791.75,-41.5,-0.17%,9303
"2026-02-24 01:00",24837.5,24868.5,24830.5,24833.25,-4.5,-0.02%,3180
"2026-02-24 00:00",24840.5,24853.25,24822.75,24837.75,-3.25,-0.01%,2877
"2026-02-23 23:00",24876,24888.25,24825.75,24841,-35.,-0.14%,3899
"2026-02-23 22:00",24874,24884,24865.75,24876,2.75,+0.01%,2279
"2026-02-23 21:00",24869.75,24884.25,24866.75,24873.25,3.5,+0.01%,3434
"2026-02-23 20:00",24822,24879,24816.75,24869.75,47.75,+0.19%,4938
"2026-02-23 19:00",24815.5,24835.5,24795,24822,6,+0.02%,5597
"2026-02-23 18:00",24789,24823.5,24773.5,24816,28,+0.11%,6696
"2026-02-23 17:00",24788,24826.75,24767,24788,1.75,+0.01%,6919
"2026-02-23 15:00",24768.5,24796.5,24758,24786.25,18.25,+0.07%,16134
"2026-02-23 14:00",24692,24772.75,24678.75,24768,76,+0.31%,63706
"2026-02-23 13:00",24727.75,24755,24683.75,24692,-35.5,-0.14%,40783
"2026-02-23 12:00",24744.5,24820.25,24720,24727.5,-17.25,-0.07%,45167
"2026-02-23 11:00",24735,24763.75,24677.5,24744.75,10,+0.04%,47579
"2026-02-23 10:00",24743.25,24789.25,24668,24734.75,-8.5,-0.03%,78395
"2026-02-23 09:00",24912.75,24952.25,24738.75,24743.25,-170.,-0.68%,98297
"2026-02-23 08:00",24935,25040,24857.75,24913.25,-21.5,-0.09%,85894
"2026-02-23 07:00",24903.75,24954.5,24887.25,24934.75,30,+0.12%,10530
"2026-02-23 06:00",24928.25,24943.5,24883.75,24904.75,-24.75,-0.10%,7791
"2026-02-23 05:00",24970.75,24987.25,24907.25,24929.5,-40.,-0.16%,4977
"2026-02-23 04:00",24985.5,25002.75,24945,24969.5,-14.,-0.06%,5429
"2026-02-23 03:00",24931,25004,24930.75,24983.5,53.75,+0.22%,8085
"2026-02-23 02:00",24898.75,24934.5,24877.5,24929.75,31.75,+0.13%,5850
"2026-02-23 01:00",24868.5,24914.75,24863.25,24898,31,+0.12%,5954
"2026-02-23 00:00",24838.5,24869.5,24832.25,24867,28.75,+0.12%,2838
"2026-02-22 23:00",24833.5,24844.25,24807.25,24838.25,4,+0.02%,3763
"2026-02-22 22:00",24842.5,24853,24811,24834.25,-7.5,-0.03%,3272
"2026-02-22 21:00",24839.5,24863.5,24813.25,24841.75,2.75,+0.01%,5795
"2026-02-22 20:00",24844.25,24857.25,24808,24839,-5.25,-0.02%,7486
"2026-02-22 19:00",24853.75,24882.75,24832.5,24844.25,-8.5,-0.03%,12031
"2026-02-22 18:00",24970,24971,24848.5,24852.75,-118.25,-0.47%,12098
"2026-02-22 17:00",25033.75,25059.75,24936.5,24971,-106.5,-0.42%,11534
"2026-02-20 15:00",25075,25088,25064.25,25077.5,2.5,+0.01%,14144
"2026-02-20 14:00",25023,25079.25,25014.25,25075,52,+0.21%,44302
"2026-02-20 13:00",25098.5,25118.75,25018,25023,-74.75,-0.30%,33011
"2026-02-20 12:00",25034.25,25122.25,24928,25097.75,63.5,+0.25%,68119
"2026-02-20 11:00",25098.5,25109.25,24879.25,25034.25,-63.75,-0.25%,79196
"2026-02-20 10:00",25118.25,25139.5,24967.25,25098,-20.75,-0.08%,69835
"2026-02-20 09:00",24900.5,25127,24858.25,25118.75,221.25,+0.89%,120526
"2026-02-20 08:00",24769.75,24957.5,24678.5,24897.5,128.25,+0.52%,88095
"2026-02-20 07:00",24828,24864,24722.5,24769.25,-59.75,-0.24%,21644
"2026-02-20 06:00",24829,24849.5,24791,24829,-1.5,-0.01%,10099
"2026-02-20 05:00",24902.5,24902.5,24811.25,24830.5,-71.5,-0.29%,9190
"2026-02-20 04:00",24935.75,24946.75,24900.75,24902,-35.25,-0.14%,3913
"2026-02-20 03:00",24936.5,24984.75,24931.75,24937.25,0.5,0.00%,6293
"2026-02-20 02:00",24921.25,24942.5,24896.75,24936.75,15.25,+0.06%,4798
"2026-02-20 01:00",24942.75,24954.5,24907.5,24921.5,-21.5,-0.09%,4067
"2026-02-20 00:00",24944,24956,24930.75,24943,0,0.00%,2347
"2026-02-19 23:00",24903,24948.5,24901,24943,42.25,+0.17%,3555
"2026-02-19 22:00",24889.25,24913.75,24885.5,24900.75,9.75,+0.04%,2309
"2026-02-19 21:00",24897.75,24911,24888.25,24891,-6.,-0.02%,2029
"2026-02-19 20:00",24908.25,24934,24878,24897,-9.75,-0.04%,4747
"2026-02-19 19:00",24901.5,24936,24892,24906.75,5.75,+0.02%,5905
"2026-02-19 18:00",24878.25,24912.5,24858.5,24901,23.75,+0.10%,6468
"2026-02-19 17:00",24837.75,24889.25,24826,24877.25,41.25,+0.17%,4601
"2026-02-19 15:00",24863.5,24871.5,24828.75,24836,-27.5,-0.11%,14869
"2026-02-19 14:00",24781.25,24866,24777.5,24863.5,81.5,+0.33%,46075
"2026-02-19 13:00",24840.75,24849.25,24751.5,24782,-60.,-0.24%,35032
"2026-02-19 12:00",24779.5,24849,24749,24842,62,+0.25%,45723
"2026-02-19 11:00",24844.25,24904.75,24764.75,24780,-63.75,-0.26%,47843
"2026-02-19 10:00",24925,24959.5,24801.25,24843.75,-80.5,-0.32%,62349
"2026-02-19 09:00",24880,24956.5,24848.25,24924.25,42.75,+0.17%,80507
"2026-02-19 08:00",24855,24920,24763,24881.5,28,+0.11%,81107
"2026-02-19 07:00",24869,24881,24798,24853.5,-14.5,-0.06%,14009
"2026-02-19 06:00",24877.75,24897,24815,24868,-10.5,-0.04%,8369
"2026-02-19 05:00",24855,24885.75,24836.25,24878.5,24.25,+0.10%,5456
"2026-02-19 04:00",24892.5,24902.75,24825,24854.25,-40.,-0.16%,9661
"2026-02-19 03:00",24955,24973,24850.5,24894.25,-60.,-0.24%,9840
"2026-02-19 02:00",25019.75,25054,24946,24954.25,-66.5,-0.27%,7605
"2026-02-19 01:00",25019.5,25047.25,25008,25020.75,2.25,+0.01%,3533
"2026-02-19 00:00",24996,25023.5,24988.25,25018.5,22,+0.09%,3195
"2026-02-18 23:00",24957,25005.5,24940.75,24996.5,40.5,+0.16%,2848
"2026-02-18 22:00",24985.5,24994.25,24953.5,24956,-28.,-0.11%,1974
"2026-02-18 21:00",24980,24999.5,24966,24984,5.25,+0.02%,2593
"2026-02-18 20:00",24972.75,24988.25,24953.5,24978.75,6.25,+0.03%,2602
"2026-02-18 19:00",24946.75,24994.5,24937.75,24972.5,24.5,+0.10%,5011
"2026-02-18 18:00",24964.5,24974,24916.25,24948,-16.5,-0.07%,5034
"2026-02-18 17:00",24943.5,24995,24942.25,24964.5,28,+0.11%,5237
"2026-02-18 15:00",24957.25,24967,24926.5,24936.5,-21.,-0.08%,13344
"2026-02-18 14:00",24884,24998,24856,24957.5,74.5,+0.30%,67057
"2026-02-18 13:00",25025.75,25036.75,24862,24883,-144.5,-0.58%,57172
"2026-02-18 12:00",25097.75,25127.25,24981.75,25027.5,-70.75,-0.28%,41811
"2026-02-18 11:00",25061.25,25128.25,25058.75,25098.25,36.75,+0.15%,38418
"2026-02-18 10:00",25086.5,25117.25,25057.5,25061.5,-25.25,-0.10%,44296
"2026-02-18 09:00",24941,25099.75,24937.5,25086.75,146,+0.59%,84588
"2026-02-18 08:00",24828.75,24958.5,24752,24940.75,112.75,+0.45%,95216
"2026-02-18 07:00",24890.5,24921.75,24817.25,24828,-61.5,-0.25%,14155
"2026-02-18 06:00",24894.5,24962.5,24844,24889.5,-5.5,-0.02%,14179
"2026-02-18 05:00",24921.75,24928,24889.75,24895,-26.75,-0.11%,4798
"2026-02-18 04:00",24910,24940.5,24908,24921.75,12.75,+0.05%,4736
"2026-02-18 03:00",24903.25,24941.5,24899.75,24909,5.5,+0.02%,6506
"2026-02-18 02:00",24833.5,24916,24833.5,24903.5,68.75,+0.28%,10709
"2026-02-18 01:00",24823,24842,24802,24834.75,11.25,+0.05%,2697
"2026-02-18 00:00",24826,24846.75,24809,24823.5,-2.,-0.01%,3121
"2026-02-17 23:00",24835,24847,24820,24825.5,-10.75,-0.04%,2134
"2026-02-17 22:00",24794,24840,24783.25,24836.25,42,+0.17%,4116
"2026-02-17 21:00",24758.75,24798.75,24736.5,24794.25,36.25,+0.15%,3076
"2026-02-17 20:00",24745.75,24770.75,24736,24758,13.5,+0.05%,2864
"2026-02-17 19:00",24724.75,24746.25,24709.5,24744.5,17.5,+0.07%,3893
"2026-02-17 18:00",24711.25,24754.75,24708.5,24727,16,+0.06%,6502
"2026-02-17 17:00",24773.75,24783.25,24700.75,24711,-57.25,-0.23%,6734
"2026-02-17 15:00",24776.75,24818.5,24755.25,24768.25,-8.25,-0.03%,17455
"2026-02-17 14:00",24815,24841.75,24735.75,24776.5,-38.5,-0.16%,62856
"2026-02-17 13:00",24845.5,24889.75,24807.75,24815,-30.,-0.12%,43015
"2026-02-17 12:00",24698,24874.75,24649.25,24845,147.5,+0.60%,55651
"2026-02-17 11:00",24759,24764.5,24608.75,24697.5,-61.75,-0.25%,51867
"2026-02-17 10:00",24599.25,24796.75,24593.25,24759.25,159,+0.65%,75880
"2026-02-17 09:00",24483.75,24641,24449.25,24600.25,114.5,+0.47%,113895
"2026-02-17 08:00",24613,24815.75,24475,24485.75,-126.25,-0.51%,94080
"2026-02-17 07:00",24584.25,24705.25,24518,24612,27.5,+0.11%,23797
"2026-02-17 06:00",24622.75,24666.75,24577.75,24584.5,-39.25,-0.16%,7201
"2026-02-17 05:00",24606.75,24638,24572.25,24623.75,16.25,+0.07%,6166
"2026-02-17 04:00",24687.5,24697.5,24590,24607.5,-79.25,-0.32%,5548
"2026-02-17 03:00",24641.25,24695.5,24636.75,24686.75,47.25,+0.19%,6001
"2026-02-17 02:00",24659.75,24726.75,24623.75,24639.5,-20.5,-0.08%,9587
"2026-02-17 01:00",24628,24663.75,24584,24660,32.75,+0.13%,6465
"2026-02-17 00:00",24582.75,24641,24582.75,24627.25,44.5,+0.18%,4535
"2026-02-16 23:00",24623.75,24626,24558.25,24582.75,-40.75,-0.17%,5510
"2026-02-16 22:00",24611,24630,24593,24623.5,14.25,+0.06%,3209
"2026-02-16 21:00",24662,24665.5,24573.25,24609.25,-52.75,-0.21%,9422
"2026-02-16 20:00",24666.5,24686,24617.5,24662,-7.,-0.03%,10125
"2026-02-16 19:00",24790.5,24824.25,24651,24669,-119.25,-0.48%,11175
"2026-02-16 18:00",24818.75,24834.75,24774.25,24788.25,-29.5,-0.12%,6983
"2026-02-16 17:00",24746.25,24842.5,24739,24817.75,70.5,+0.28%,6103
"2026-02-16 11:00",24728,24770.75,24713.5,24747.25,18.5,+0.07%,7255
"2026-02-16 10:00",24692.25,24753.5,24670.75,24728.75,36.5,+0.15%,15428
"2026-02-16 09:00",24768,24797.5,24678.5,24692.25,-75.75,-0.31%,19641
"2026-02-16 08:00",24844.25,24844.25,24692.75,24768,-76.25,-0.31%,22808
"2026-02-16 07:00",24869.75,24875.75,24844.25,24844.25,-25.25,-0.10%,2310
"2026-02-16 06:00",24863.25,24880.5,24847.75,24869.5,6.25,+0.03%,2210
"2026-02-16 05:00",24878.5,24879.25,24842.5,24863.25,-15.,-0.06%,2312
"2026-02-16 04:00",24909.75,24911.5,24868.25,24878.25,-33.,-0.13%,2720
"2026-02-16 03:00",24895.75,24922.25,24888,24911.25,16.5,+0.07%,2647
"2026-02-16 02:00",24862.25,24904,24841,24894.75,33.25,+0.13%,4351
"2026-02-16 01:00",24822.25,24874,24821.5,24861.5,37.75,+0.15%,2729
"2026-02-16 00:00",24811,24827.25,24793.75,24823.75,12.75,+0.05%,1823
"2026-02-15 23:00",24825.25,24828,24794.25,24811,-14.5,-0.06%,1612
"2026-02-15 22:00",24824.25,24840,24820,24825.5,2,+0.01%,1453
"2026-02-15 21:00",24832.75,24836.5,24808.25,24823.5,-8.5,-0.03%,1903
"2026-02-15 20:00",24860.5,24872.5,24827.5,24832,-29.,-0.12%,2296
"2026-02-15 19:00",24835,24868.75,24822.25,24861,26.75,+0.11%,2758
"2026-02-15 18:00",24831.75,24849.25,24810.5,24834.25,-2.,-0.01%,3575
"2026-02-15 17:00",24789.75,24838.75,24754.5,24836.25,62.75,+0.25%,7006
"2026-02-13 15:00",24802.5,24828,24771,24773.5,-28.5,-0.11%,15345
"2026-02-13 14:00",24852.25,24890.5,24731.75,24802,-50.75,-0.20%,75023
"2026-02-13 13:00",24940.5,24968.5,24848.75,24852.75,-87.,-0.35%,38173
"2026-02-13 12:00",24939,24995.5,24900.75,24939.75,1.25,+0.01%,40805
"2026-02-13 11:00",24894.25,24993.5,24883.5,24938.5,44,+0.18%,42579
"2026-02-13 10:00",24811,24934.5,24762.75,24894.5,84.25,+0.34%,58528
"2026-02-13 09:00",24697.5,24928.5,24692.25,24810.25,111.25,+0.45%,107552
"2026-02-13 08:00",24780.75,24849.5,24578.75,24699,-82.5,-0.33%,130664
"2026-02-13 07:00",24694,24823.25,24620.5,24781.5,86,+0.35%,38627
"2026-02-13 06:00",24721.5,24745.75,24667.25,24695.5,-25.75,-0.10%,12068
"2026-02-13 05:00",24730.75,24738.5,24624,24721.25,-8.5,-0.03%,14714
"2026-02-13 04:00",24773.25,24799.5,24727.5,24729.75,-44.25,-0.18%,6904
"2026-02-13 03:00",24775.5,24808,24732,24774,-1.25,-0.01%,9335
"2026-02-13 02:00",24746.75,24785.5,24675,24775.25,28.25,+0.11%,12505
"2026-02-13 01:00",24713.5,24762.25,24711.25,24747,32.75,+0.13%,7639
"2026-02-13 00:00",24711.75,24731,24642.25,24714.25,1.75,+0.01%,8507
"2026-02-12 23:00",24757.75,24771,24690.75,24712.5,-44.75,-0.18%,6966
"2026-02-12 22:00",24750.5,24802.5,24744.5,24757.25,7,+0.03%,3624
"2026-02-12 21:00",24803.75,24820.75,24745.25,24750.25,-52.5,-0.21%,4049
"2026-02-12 20:00",24788.25,24832.25,24788.25,24802.75,16.5,+0.07%,5741
"2026-02-12 19:00",24731.25,24821.25,24730.25,24786.25,55,+0.22%,11630
"2026-02-12 18:00",24820,24864.75,24709.75,24731.25,-92.75,-0.37%,15159
"2026-02-12 17:00",24842.25,24856.75,24744.75,24824,2,+0.01%,12703
"2026-02-12 15:00",24764.5,24839.75,24743.75,24822,58.5,+0.24%,21681
"2026-02-12 14:00",24899.75,24912.75,24721.5,24763.5,-135.,-0.54%,81684
"2026-02-12 13:00",24906.25,24943.75,24846.5,24898.5,-7.,-0.03%,56793
"2026-02-12 12:00",24825.5,24929.75,24800.25,24905.5,80.25,+0.32%,61054
"2026-02-12 11:00",24878,24940.75,24823.75,24825.25,-53.25,-0.21%,67372
"2026-02-12 10:00",25011,25031.75,24805.75,24878.5,-131.75,-0.53%,116092
"2026-02-12 09:00",25208.25,25260.25,25006.5,25010.25,-198.,-0.79%,100781
"2026-02-12 08:00",25396.25,25400.25,25186.25,25208.25,-187.5,-0.74%,79278
"2026-02-12 07:00",25356.25,25419.75,25320.25,25395.75,39,+0.15%,13357
"2026-02-12 06:00",25365.75,25384,25343,25356.75,-9.75,-0.04%,5066
"2026-02-12 05:00",25349.75,25370.5,25338.25,25366.5,16.75,+0.07%,3533
"2026-02-12 04:00",25354.75,25374,25334,25349.75,-6.,-0.02%,3739
"2026-02-12 03:00",25352.75,25364.25,25330,25355.75,2.25,+0.01%,3546
"2026-02-12 02:00",25350.25,25369.25,25324.75,25353.5,2.5,+0.01%,5254
"2026-02-12 01:00",25319.25,25359.25,25313,25351,31.25,+0.12%,3627
"2026-02-12 00:00",25338.5,25344.5,25292,25319.75,-17.25,-0.07%,3911
"2026-02-11 23:00",25328,25344.75,25327.5,25337,10.5,+0.04%,2089
"2026-02-11 22:00",25311.5,25339.5,25303,25326.5,16.5,+0.07%,2971
"2026-02-11 21:00",25292.5,25320.75,25282,25310,16.5,+0.07%,2729
"2026-02-11 20:00",25301.75,25310.5,25268.75,25293.5,-7.5,-0.03%,3408
"2026-02-11 19:00",25266.25,25314.75,25242.5,25301,35.75,+0.14%,5079
"2026-02-11 18:00",25233.25,25273,25214.25,25265.25,30,+0.12%,4844
"2026-02-11 17:00",25289,25296.5,25206,25235.25,-43.5,-0.17%,5931
"2026-02-11 15:00",25278.75,25308,25268,25278.75,0.25,0.00%,12640
"2026-02-11 14:00",25308.75,25322.5,25271.75,25278.5,-30.5,-0.12%,39945
"2026-02-11 13:00",25302,25360.5,25257.75,25309,7.75,+0.03%,35030
"2026-02-11 12:00",25264.5,25312.5,25200.75,25301.25,37.5,+0.15%,41036
"2026-02-11 11:00",25180.75,25325,25141.75,25263.75,83,+0.33%,46932
"2026-02-11 10:00",25244.25,25275,25175,25180.75,-63.25,-0.25%,50895
"2026-02-11 09:00",25306.5,25343.25,25058.25,25244,-61.25,-0.24%,122347
"2026-02-11 08:00",25443.5,25465.25,25290,25305.25,-139.,-0.55%,84603
"2026-02-11 07:00",25245.75,25452,25236.25,25444.25,196.75,+0.78%,27513
"2026-02-11 06:00",25210,25276,25206,25247.5,38.5,+0.15%,7462
"2026-02-11 05:00",25207.5,25250,25205.75,25209,1.5,+0.01%,6470
"2026-02-11 04:00",25204.25,25207.5,25146.25,25207.5,2.25,+0.01%,8893
"2026-02-11 03:00",25250,25279,25204,25205.25,-45.,-0.18%,6103
"2026-02-11 02:00",25271,25278.5,25209.75,25250.25,-20.75,-0.08%,5951
"2026-02-11 01:00",25270.25,25290,25253,25271,0.25,0.00%,3561
"2026-02-11 00:00",25287.75,25316,25267.5,25270.75,-16.75,-0.07%,3369
"2026-02-10 23:00",25305.5,25325.75,25278.75,25287.5,-19.25,-0.08%,3089
"2026-02-10 22:00",25338.5,25340,25295.75,25306.75,-31.,-0.12%,2487
"2026-02-10 21:00",25322.25,25345.5,25303.25,25337.75,15.5,+0.06%,3012
"2026-02-10 20:00",25315.75,25330,25306.75,25322.25,6,+0.02%,3189
"2026-02-10 19:00",25291,25326.25,25290.25,25316.25,25.75,+0.10%,3774
"2026-02-10 18:00",25273.5,25297,25266.25,25290.5,17.75,+0.07%,2586
"2026-02-10 17:00",25259,25287.75,25252.75,25272.75,15.5,+0.06%,3659
"2026-02-10 15:00",25219.75,25258,25208,25257.25,37.5,+0.15%,11501
"2026-02-10 14:00",25292.5,25296.75,25198.25,25219.75,-74.75,-0.30%,52187
"2026-02-10 13:00",25312.5,25323.25,25274.5,25294.5,-18.,-0.07%,29728
"2026-02-10 12:00",25383.5,25386,25270.75,25312.5,-71.25,-0.28%,48516
"2026-02-10 11:00",25327.25,25397.75,25304,25383.75,56.75,+0.22%,32809
"2026-02-10 10:00",25375,25400.25,25316.25,25327,-48.,-0.19%,50966
"2026-02-10 09:00",25392.5,25447.25,25348,25375,-17.25,-0.07%,73762
"2026-02-10 08:00",25372.75,25410,25255.75,25392.25,19.5,+0.08%,75428
"2026-02-10 07:00",25339,25374.75,25292.25,25372.75,33.5,+0.13%,16005
"2026-02-10 06:00",25369.75,25421.5,25337,25339.25,-30.75,-0.12%,9141
"2026-02-10 05:00",25355,25373.75,25334,25370,14.75,+0.06%,4649
"2026-02-10 04:00",25363.75,25374.25,25341.75,25355.25,-8.75,-0.03%,5593
"2026-02-10 03:00",25335,25407.5,25334.25,25364,29.75,+0.12%,6209
"2026-02-10 02:00",25349.75,25367,25322.75,25334.25,-14.25,-0.06%,6258
"2026-02-10 01:00",25314.25,25349,25307,25348.5,35.25,+0.14%,3542
"2026-02-10 00:00",25352.5,25354.25,25291.75,25313.25,-38.5,-0.15%,3671
"2026-02-09 23:00",25345.25,25358.25,25311.75,25351.75,7.25,+0.03%,4111
"2026-02-09 22:00",25299,25348,25298.75,25344.5,44.25,+0.17%,3077
"2026-02-09 21:00",25307,25313.75,25278.5,25300.25,-6.,-0.02%,3573
"2026-02-09 20:00",25334,25336,25287.25,25306.25,-28.5,-0.11%,4551
"2026-02-09 19:00",25335.5,25352,25300,25334.75,-0.5,0.00%,7601
"2026-02-09 18:00",25344.75,25362.75,25310,25335.25,-9.,-0.04%,6244
"2026-02-09 17:00",25363,25395.5,25328,25344.25,-17.25,-0.07%,5999
"2026-02-09 15:00",25338.25,25374.75,25334.25,25361.5,23.75,+0.09%,13145
"2026-02-09 14:00",25399.25,25413,25332.25,25337.75,-61.25,-0.24%,49483
"2026-02-09 13:00",25370,25428.75,25363.75,25399,29.5,+0.12%,24453
"2026-02-09 12:00",25355,25388.75,25312,25369.5,14.25,+0.06%,38149
"2026-02-09 11:00",25390.75,25416.5,25349.5,25355.25,-35.75,-0.14%,36793
"2026-02-09 10:00",25311.5,25404,25305.75,25391,78.75,+0.31%,49088
"2026-02-09 09:00",25112.25,25329,25102.75,25312.25,199,+0.79%,68920
"2026-02-09 08:00",25080,25188.5,24955.5,25113.25,34.25,+0.14%,89171
"2026-02-09 07:00",25101,25155.75,25074.25,25079,-22.,-0.09%,12076
"2026-02-09 06:00",25049.25,25104,25015.25,25101,53.5,+0.21%,8738
"2026-02-09 05:00",25045.75,25071.75,25018.75,25047.5,3.5,+0.01%,6527
"2026-02-09 04:00",25088.25,25093.75,24968.5,25044,-45.,-0.18%,15265
"2026-02-09 03:00",25160.5,25185.25,25073,25089,-72.,-0.29%,7530
"2026-02-09 02:00",25158.25,25215.25,25148.25,25161,1.25,0.00%,7527
"2026-02-09 01:00",25167,25181.25,25120.75,25159.75,-7.,-0.03%,5273
"2026-02-09 00:00",25216,25222,25156.5,25166.75,-48.5,-0.19%,6686
"2026-02-08 23:00",25187.5,25228,25176.5,25215.25,28.25,+0.11%,3970
"2026-02-08 22:00",25189.5,25223,25179.5,25187,-2.25,-0.01%,3564
"2026-02-08 21:00",25228,25242,25188.75,25189.25,-38.5,-0.15%,4261
"2026-02-08 20:00",25216.5,25263.75,25208.75,25227.75,10,+0.04%,5143
"2026-02-08 19:00",25263.75,25266,25194.5,25217.75,-45.,-0.18%,8145
"2026-02-08 18:00",25275,25346.5,25258,25262.75,-14.,-0.06%,10572
"2026-02-08 17:00",25153.75,25294.5,25153.75,25276.75,169,+0.67%,8301
"2026-02-06 15:00",25146,25164,25090,25107.75,-39.,-0.16%,19306
"2026-02-06 14:00",25070.25,25222,25052.75,25146.75,76,+0.30%,59864
"2026-02-06 13:00",25084.25,25108.75,25065.25,25070.75,-13.75,-0.05%,24174
"2026-02-06 12:00",25092.75,25124,25074,25084.5,-7.75,-0.03%,30334
"2026-02-06 11:00",25001,25108.75,24986.5,25092.25,91.5,+0.37%,45138
"2026-02-06 10:00",24895.25,25051.75,24880.5,25000.75,105,+0.42%,68563
"2026-02-06 09:00",24856.75,24962.25,24743.25,24895.75,45,+0.18%,114795
"2026-02-06 08:00",24797,24984,24700.75,24850.75,51,+0.21%,105486
"2026-02-06 07:00",24782.75,24851.75,24758.25,24799.75,17.75,+0.07%,18714
"2026-02-06 06:00",24854,24860.5,24761,24782,-73.,-0.29%,12076
"2026-02-06 05:00",24793,24873.25,24789,24855,60.25,+0.24%,13313
"2026-02-06 04:00",24749.5,24798.5,24712,24794.75,44,+0.18%,9396
"2026-02-06 03:00",24584,24783.75,24562.25,24750.75,167,+0.68%,17935
"2026-02-06 02:00",24556.75,24606,24490.75,24583.75,26.5,+0.11%,10575
"2026-02-06 01:00",24546.75,24578.25,24506,24557.25,9.5,+0.04%,6681
"2026-02-06 00:00",24582,24613.75,24540.25,24547.75,-35.,-0.14%,5352
"2026-02-05 23:00",24456,24597.25,24430.75,24582.75,128.25,+0.52%,6741
"2026-02-05 22:00",24527.5,24527.5,24425.25,24454.5,-73.75,-0.30%,5217
"2026-02-05 21:00",24534.25,24565.5,24472.25,24528.25,-6.,-0.02%,6377
"2026-02-05 20:00",24531,24579.5,24510.75,24534.25,3,+0.01%,10215
"2026-02-05 19:00",24401,24536,24340.75,24531.25,131.25,+0.54%,14587
"2026-02-05 18:00",24334.75,24409.25,24239.75,24400,64,+0.26%,18272
"2026-02-05 17:00",24416,24474,24294,24336,-89.25,-0.37%,15865
"2026-02-05 15:00",24638.25,24720,24407.25,24425.25,-213.25,-0.87%,41991
"2026-02-05 14:00",24711.75,24808,24567.75,24638.5,-73.5,-0.30%,75859
"2026-02-05 13:00",24700.25,24839.25,24672.5,24712,11.75,+0.05%,47980
"2026-02-05 12:00",24783.75,24834.5,24662,24700.25,-82.,-0.33%,44134
"2026-02-05 11:00",24829.5,24887.5,24722.25,24782.25,-46.75,-0.19%,55345
"2026-02-05 10:00",24635,24856.5,24543.25,24829,195,+0.79%,93240
"2026-02-05 09:00",24769,24800.75,24550,24634,-135.25,-0.55%,129970
"2026-02-05 08:00",24768.25,24960.75,24652,24769.25,1.5,+0.01%,112375
"2026-02-05 07:00",24792.5,24869.25,24758.75,24767.75,-25.75,-0.10%,27587
"2026-02-05 06:00",25031.5,25056.5,24707.5,24793.5,-234.75,-0.94%,30507
"2026-02-05 05:00",25033.75,25065,24991,25028.25,-5.5,-0.02%,6749
"2026-02-05 04:00",25031,25092,25022.5,25033.75,3,+0.01%,5997
"2026-02-05 03:00",25000,25096.75,24978.75,25030.75,32.5,+0.13%,10279
"2026-02-05 02:00",25043.75,25123.75,24998,24998.25,-46.5,-0.19%,11891
"2026-02-05 01:00",25072.5,25089.75,25041.25,25044.75,-28.25,-0.11%,5724
"2026-02-05 00:00",24996.75,25077.25,24992.5,25073,76.25,+0.31%,5170
"2026-02-04 23:00",25012,25045.5,24963.75,24996.75,-12.75,-0.05%,5098
"2026-02-04 22:00",24949,25027,24915.75,25009.5,62,+0.25%,6408
"2026-02-04 21:00",24962,25037,24929.75,24947.5,-14.25,-0.06%,9379
"2026-02-04 20:00",25124,25135,24959.25,24961.75,-161.,-0.64%,13788
"2026-02-04 19:00",25109.25,25169,25099.25,25122.75,15.5,+0.06%,6522
"2026-02-04 18:00",25067.5,25135.5,25030.75,25107.25,40.25,+0.16%,6022
"2026-02-04 17:00",25061.75,25125,25042,25067,-49.25,-0.20%,6428
"2026-02-04 15:00",24998,25181.25,24876,25116.25,121.75,+0.49%,37931
"2026-02-04 14:00",25106,25123.75,24979,24994.5,-111.75,-0.45%,59855
"2026-02-04 13:00",24923.5,25115.5,24863.75,25106.25,181.25,+0.73%,72346
"2026-02-04 12:00",24873.75,24959.75,24819,24925,50.75,+0.20%,68678
"2026-02-04 11:00",25035.75,25057.5,24783.5,24874.25,-161.25,-0.64%,84781
"2026-02-04 10:00",25152.25,25171.5,24928,25035.5,-116.75,-0.46%,89795
"2026-02-04 09:00",25194.25,25305,25108,25152.25,-42.,-0.17%,125587
"2026-02-04 08:00",25356.25,25390,25186,25194.25,-163.75,-0.65%,94284
"2026-02-04 07:00",25406.25,25418,25342,25358,-47.75,-0.19%,14426
"2026-02-04 06:00",25474.75,25490.5,25396.75,25405.75,-68.5,-0.27%,7633
"2026-02-04 05:00",25450.75,25483.5,25436.75,25474.25,24.75,+0.10%,5933
"2026-02-04 04:00",25402.25,25466.25,25395.25,25449.5,45.75,+0.18%,7778
"2026-02-04 03:00",25427.75,25449.5,25354.5,25403.75,-22.75,-0.09%,8784
"2026-02-04 02:00",25502.25,25509.5,25400.75,25426.5,-76.5,-0.30%,9332
"2026-02-04 01:00",25470.75,25514.25,25469.25,25503,31.5,+0.12%,4933
"2026-02-04 00:00",25442.5,25489.75,25435.5,25471.5,28.5,+0.11%,4354
"2026-02-03 23:00",25434.5,25443.25,25408.75,25443,9.25,+0.04%,2361
"2026-02-03 22:00",25433.5,25448,25418,25433.75,0.5,0.00%,2457
"2026-02-03 21:00",25412.75,25451.75,25402.25,25433.25,21,+0.08%,4150
"2026-02-03 20:00",25441.5,25473.75,25399.5,25412.25,-28.5,-0.11%,5136
"2026-02-03 19:00",25377.5,25454.75,25377.5,25440.75,64.25,+0.25%,6603
"2026-02-03 18:00",25427.75,25435.75,25375.75,25376.5,-51.5,-0.20%,5718
"2026-02-03 17:00",25387.5,25442,25362,25428,6.75,+0.03%,7291
"2026-02-03 15:00",25445.75,25477,25380.5,25421.25,-24.25,-0.10%,28059
"2026-02-03 14:00",25316.25,25459,25269.5,25445.5,129.25,+0.51%,68787
"2026-02-03 13:00",25245.5,25359.25,25219,25316.25,70.75,+0.28%,72388
"2026-02-03 12:00",25386.5,25423.5,25245.5,25245.5,-141.75,-0.56%,57769
"2026-02-03 11:00",25491.5,25502.5,25345,25387.25,-104.,-0.41%,71865
"2026-02-03 10:00",25617.5,25619.75,25467.75,25491.25,-126.25,-0.49%,75563
"2026-02-03 09:00",25632.75,25646.75,25470.25,25617.5,-15.5,-0.06%,138850
"2026-02-03 08:00",25967,25976.75,25623.25,25633,-334.25,-1.29%,99236
"2026-02-03 07:00",25983,26003.5,25961.5,25967.25,-14.5,-0.06%,7840
"2026-02-03 06:00",25945.25,25996.25,25923.5,25981.75,36.25,+0.14%,6686
"2026-02-03 05:00",25955.75,25965.25,25935,25945.5,-10.25,-0.04%,4281
"2026-02-03 04:00",25970.5,25990,25944.75,25955.75,-13.5,-0.05%,3355
"2026-02-03 03:00",25977,26009.75,25958.25,25969.25,-8.5,-0.03%,4927
"2026-02-03 02:00",26012,26024,25970.25,25977.75,-34.75,-0.13%,6043
"2026-02-03 01:00",25991.25,26027.75,25974.25,26012.5,20.25,+0.08%,4446
"2026-02-03 00:00",25987.75,26007.25,25973.5,25992.25,6,+0.02%,3929
"2026-02-02 23:00",25980.5,25996.75,25952,25986.25,5.75,+0.02%,2719
"2026-02-02 22:00",25955.75,25988,25953,25980.5,24,+0.09%,2475
"2026-02-02 21:00",25926.5,25964.75,25913,25956.5,27.75,+0.11%,3604
"2026-02-02 20:00",25959,25960,25900.5,25928.75,-31.5,-0.12%,5423
"2026-02-02 19:00",25954,25990.75,25948,25960.25,7.25,+0.03%,5104
"2026-02-02 18:00",25947.75,25984.75,25913.5,25953,4.75,+0.02%,5467
"2026-02-02 17:00",25876.5,25977,25866.5,25948.25,75,+0.29%,6804
"2026-02-02 15:00",25857,25896,25835.75,25873.25,16.5,+0.06%,16357
"2026-02-02 14:00",25847.25,25900,25821.75,25856.75,9.75,+0.04%,58959
"2026-02-02 13:00",25941.75,25945,25841.5,25847,-94.75,-0.37%,27679
"2026-02-02 12:00",25923.75,25949.5,25897.5,25941.75,18.25,+0.07%,22564
"2026-02-02 11:00",25893.5,25941.75,25888.5,25923.5,30,+0.12%,30491
"2026-02-02 10:00",25840.25,25905.25,25803,25893.5,53,+0.21%,45654
"2026-02-02 09:00",25746.75,25912.25,25733,25840.5,91.25,+0.35%,82538
"2026-02-02 08:00",25529.75,25799.5,25520.25,25749.25,220,+0.86%,91611
"2026-02-02 07:00",25486.75,25540,25456,25529.25,41.5,+0.16%,12657
"2026-02-02 06:00",25451,25527.25,25450,25487.75,35.5,+0.14%,12336
"2026-02-02 05:00",25407.75,25491.25,25401,25452.25,45.75,+0.18%,8155
"2026-02-02 04:00",25453.25,25473.5,25391.25,25406.5,-47.5,-0.19%,7191
"2026-02-02 03:00",25401.5,25463,25355.75,25454,52.25,+0.21%,10511
"2026-02-02 02:00",25348.5,25426,25340.5,25401.75,53.25,+0.21%,11739
"2026-02-02 01:00",25233,25351,25233,25348.5,116.5,+0.46%,12353
"2026-02-02 00:00",25250,25274,25180.25,25232,-18.75,-0.07%,12345
"2026-02-01 23:00",25341.5,25348.5,25235.75,25250.75,-91.,-0.36%,11564
"2026-02-01 22:00",25281.5,25376,25216.25,25341.75,63,+0.25%,14723
"2026-02-01 21:00",25366.75,25386.75,25262.75,25278.75,-89.,-0.35%,15230
"2026-02-01 20:00",25408.25,25449.75,25357.25,25367.75,-39.5,-0.16%,14895
"2026-02-01 19:00",25605.25,25637,25400,25407.25,-198.25,-0.77%,21275
"2026-02-01 18:00",25532.5,25645.75,25487,25605.5,72.75,+0.28%,11280
"2026-02-01 17:00",25530,25571.75,25373.75,25532.75,-106.5,-0.42%,18223
"2026-01-30 15:00",25674.75,25707,25625.5,25639.25,-35.75,-0.14%,19753
"2026-01-30 14:00",25658.75,25731.75,25571.25,25675,16.5,+0.06%,86691
"2026-01-30 13:00",25741.25,25781.5,25652,25658.5,-82.75,-0.32%,62193
"2026-01-30 12:00",25677.75,25771.75,25568.75,25741.25,61.75,+0.24%,71911
"2026-01-30 11:00",25758.25,25795.75,25678.25,25679.5,-78.,-0.30%,69377
"2026-01-30 10:00",25842,25869,25744.25,25757.5,-84.,-0.33%,68420
"2026-01-30 09:00",25826.5,25934,25770.75,25841.5,14.5,+0.06%,97038
"2026-01-30 08:00",25825.75,25940,25805.5,25827,0.75,0.00%,83425
"2026-01-30 07:00",25847,25888,25752.5,25826.25,-20.25,-0.08%,15188
"2026-01-30 06:00",25870.25,25905.25,25821.75,25846.5,-24.5,-0.09%,10343
"2026-01-30 05:00",25765.25,25884,25763.75,25871,106.25,+0.41%,10309
"2026-01-30 04:00",25696.5,25790,25694,25764.75,68,+0.26%,8455
"2026-01-30 03:00",25768.75,25786.75,25649.75,25696.75,-72.,-0.28%,11257
"2026-01-30 02:00",25710.5,25792.5,25682,25768.75,61.5,+0.24%,11680
"2026-01-30 01:00",25750.75,25804,25700,25707.25,-44.25,-0.17%,7892
"2026-01-30 00:00",25833.75,25838.5,25737,25751.5,-81.5,-0.32%,8086
"2026-01-29 23:00",25859.5,25887,25832.25,25833,-24.5,-0.09%,3243
"2026-01-29 22:00",25846.75,25896,25843.25,25857.5,10.5,+0.04%,3647
"2026-01-29 21:00",25843.75,25888,25827.75,25847,4,+0.02%,7985
"2026-01-29 20:00",25852.25,25866.25,25736,25843,-9.25,-0.04%,12104
"2026-01-29 19:00",25931,25933.75,25796.75,25852.25,-77.75,-0.30%,11148
"2026-01-29 18:00",25972.5,25993.75,25907.25,25930,-42.25,-0.16%,9376
"2026-01-29 17:00",25998.5,26020,25882.75,25972.25,-10.25,-0.04%,11384
"2026-01-29 15:00",25991.5,26050,25951,25982.5,-9.,-0.03%,26406
"2026-01-29 14:00",25849.25,26020,25841.5,25991.5,142.5,+0.55%,61912
"2026-01-29 13:00",25836.25,25898.5,25820,25849,12.25,+0.05%,35228
"2026-01-29 12:00",25760.25,25891.5,25758.25,25836.75,76.25,+0.30%,45074
"2026-01-29 11:00",25711.25,25878.75,25708.75,25760.5,49.25,+0.19%,61907
"2026-01-29 10:00",25576.75,25739.75,25538,25711.25,134.5,+0.53%,90859
"2026-01-29 09:00",25864.5,25868.25,25536,25576.75,-287.75,-1.11%,160213
"2026-01-29 08:00",26194.25,26196.75,25858,25864.5,-330.25,-1.26%,110802
"2026-01-29 07:00",26176,26203.5,26150.5,26194.75,18.5,+0.07%,9113
"2026-01-29 06:00",26201,26221.75,26156.5,26176.25,-23.75,-0.09%,7028
"2026-01-29 05:00",26191.75,26208.75,26175.25,26200,8.25,+0.03%,6970
"2026-01-29 04:00",26211,26237,26187,26191.75,-20.,-0.08%,5946
"2026-01-29 03:00",26248.75,26273.25,26210,26211.75,-37.,-0.14%,5330
"2026-01-29 02:00",26255.5,26280.5,26226.5,26248.75,-6.5,-0.02%,7102
"2026-01-29 01:00",26246.5,26276.5,26231.5,26255.25,8.5,+0.03%,3587
"2026-01-29 00:00",26233.25,26268.5,26231.75,26246.75,12.5,+0.05%,3265
"2026-01-28 23:00",26227.75,26249.5,26210.25,26234.25,6.25,+0.02%,3045
"2026-01-28 22:00",26198,26233.25,26195.25,26228,29.25,+0.11%,2879
"2026-01-28 21:00",26163,26199.75,26162,26198.75,36.25,+0.14%,3596
"2026-01-28 20:00",26129.25,26177.25,26122.75,26162.5,33.75,+0.13%,5672
"2026-01-28 19:00",26164.25,26168.25,26085.5,26128.75,-35.,-0.13%,8032
"2026-01-28 18:00",26173.25,26180.5,26104.25,26163.75,-6.5,-0.02%,10926
"2026-01-28 17:00",26282.5,26296,26160,26170.25,-98.,-0.37%,12810
"2026-01-28 15:00",26149.5,26287.75,25993.25,26268.25,119,+0.46%,45468
"2026-01-28 14:00",26161,26212.25,26131.25,26149.25,-11.5,-0.04%,50283
"2026-01-28 13:00",26171,26210.25,26112.75,26160.75,-10.75,-0.04%,59164
"2026-01-28 12:00",26140.5,26180,26122,26171.5,30.75,+0.12%,25466
"2026-01-28 11:00",26117.25,26165.5,26110.5,26140.75,24,+0.09%,39691
"2026-01-28 10:00",26162.5,26198.5,26100.75,26116.75,-46.,-0.18%,45951
"2026-01-28 09:00",26253,26265.5,26159.5,26162.75,-90.75,-0.35%,72383
"2026-01-28 08:00",26273.5,26301,26213.75,26253.5,-20.,-0.08%,73094
"2026-01-28 07:00",26281.25,26306,26255.25,26273.5,-7.5,-0.03%,10657
"2026-01-28 06:00",26319.25,26320.75,26264.75,26281,-37.75,-0.14%,10131
"2026-01-28 05:00",26317.25,26326.75,26287.5,26318.75,2,+0.01%,5398
"2026-01-28 04:00",26285.25,26320.75,26272.5,26316.75,32.25,+0.12%,5072
"2026-01-28 03:00",26279.5,26290.5,26252.5,26284.5,5.5,+0.02%,7209
"2026-01-28 02:00",26315.5,26331.5,26271,26279,-37.,-0.14%,8038
"2026-01-28 01:00",26301.75,26324,26289,26316,13.25,+0.05%,6095
"2026-01-28 00:00",26246,26349,26246,26302.75,57.25,+0.22%,13230
"2026-01-27 23:00",26220.25,26248.75,26220.25,26245.5,25.5,+0.10%,2905
"2026-01-27 22:00",26200.5,26227.5,26200.5,26220,21,+0.08%,2735
"2026-01-27 21:00",26213.75,26218.75,26192.5,26199,-15.,-0.06%,3142
"2026-01-27 20:00",26204,26221.75,26203.75,26214,8.75,+0.03%,2960
"2026-01-27 19:00",26206.75,26228.25,26201.75,26205.25,-0.75,0.00%,5297
"2026-01-27 18:00",26138.25,26208.5,26135.5,26206,68.5,+0.26%,7405
"2026-01-27 17:00",26111.25,26148,26111.25,26137.5,27.5,+0.11%,4653
"2026-01-27 15:00",26076,26118,26058.75,26110,34,+0.13%,16657
"2026-01-27 14:00",26092,26114.25,26068.25,26076,-15.75,-0.06%,46873
"2026-01-27 13:00",26090,26099.75,26072.75,26091.75,1.5,+0.01%,23273
"2026-01-27 12:00",26062,26097.75,26038,26090.25,28.5,+0.11%,30473
"2026-01-27 11:00",26080,26092,26050.25,26061.75,-18.,-0.07%,35458
"2026-01-27 10:00",26078.5,26106.75,26073.25,26079.75,1.25,0.00%,40315
"2026-01-27 09:00",26052.5,26098.5,26021.5,26078.5,25.25,+0.10%,74113
"2026-01-27 08:00",25990.5,26058,25917.25,26053.25,63.5,+0.24%,82103
"2026-01-27 07:00",26003.75,26018,25982.5,25989.75,-14.25,-0.05%,8592
"2026-01-27 06:00",26031.5,26033.5,25991,26004,-28.,-0.11%,6602
"2026-01-27 05:00",26005.5,26043,25991.75,26032,26.25,+0.10%,6608
"2026-01-27 04:00",25974,26007.75,25970,26005.75,32,+0.12%,3843
"2026-01-27 03:00",25983.75,25994.75,25967.25,25973.75,-10.75,-0.04%,4993
"2026-01-27 02:00",26006,26011.75,25967,25984.5,-21.75,-0.08%,6336
"2026-01-27 01:00",26002.5,26020.5,25992,26006.25,5,+0.02%,4042
"2026-01-27 00:00",26007.75,26028.25,25999,26001.25,-7.,-0.03%,4387
"2026-01-26 23:00",25989,26009.75,25972,26008.25,18.75,+0.07%,3011
"2026-01-26 22:00",25975.75,26002.75,25971.5,25989.5,14,+0.05%,3420
"2026-01-26 21:00",25970.5,25979.5,25962.5,25975.5,4.25,+0.02%,2892
"2026-01-26 20:00",25922,25975,25921.25,25971.25,49.25,+0.19%,5305
"2026-01-26 19:00",25898.5,25927,25895.25,25922,23.25,+0.09%,3230
"2026-01-26 18:00",25890.5,25902.75,25875,25898.75,8.25,+0.03%,2944
"2026-01-26 17:00",25861.25,25897,25838.5,25890.5,29.25,+0.11%,4776
"2026-01-26 15:00",25844.75,25871,25834,25861.25,16.25,+0.06%,16309
"2026-01-26 14:00",25879,25895,25840.5,25845,-33.5,-0.13%,47154
"2026-01-26 13:00",25898.25,25913.75,25877.75,25878.5,-20.25,-0.08%,25539
"2026-01-26 12:00",25890.5,25932.25,25873.5,25898.75,7.5,+0.03%,30412
"2026-01-26 11:00",25906.5,25936.5,25881.75,25891.25,-15.,-0.06%,30980
"2026-01-26 10:00",25881,25928.5,25850.75,25906.25,25,+0.10%,50512
"2026-01-26 09:00",25837,25898.5,25803,25881.25,44,+0.17%,72012
"2026-01-26 08:00",25716.25,25853.5,25704.25,25837.25,121,+0.47%,66816
"2026-01-26 07:00",25688.5,25721.75,25658,25716.25,28.25,+0.11%,10217
"2026-01-26 06:00",25669.5,25714.5,25668.75,25688,17.5,+0.07%,6057
"2026-01-26 05:00",25651.5,25673,25641.75,25670.5,19.25,+0.08%,3051
"2026-01-26 04:00",25618.25,25674.5,25614.25,25651.25,33,+0.13%,6038
"2026-01-26 03:00",25727.75,25735,25582,25618.25,-109.25,-0.42%,10113
"2026-01-26 02:00",25700.75,25742,25699.75,25727.5,27.5,+0.11%,4885
"2026-01-26 01:00",25669.5,25711,25666.75,25700,32,+0.12%,3630
"2026-01-26 00:00",25675.5,25702,25665.75,25668,-6.,-0.02%,5463
"2026-01-25 23:00",25635.75,25676,25627.25,25674,38,+0.15%,3420
"2026-01-25 22:00",25634.5,25659,25622.75,25636,1.25,0.00%,4148
"2026-01-25 21:00",25611,25657.5,25610.5,25634.75,25.5,+0.10%,7182
"2026-01-25 20:00",25649.25,25665.75,25595.25,25609.25,-40.25,-0.16%,5880
"2026-01-25 19:00",25582,25668.75,25571.25,25649.5,67.5,+0.26%,10606
"2026-01-25 18:00",25559.75,25618.25,25544.75,25582,23,+0.09%,8970
"2026-01-25 17:00",25585.5,25585.5,25365.25,25559,-121.5,-0.47%,13406
"2026-01-23 15:00",25735.25,25738.25,25672.25,25680.5,-54.5,-0.21%,14039
"2026-01-23 14:00",25748,25755.75,25691.25,25735,-13.,-0.05%,53797
"2026-01-23 13:00",25726.25,25774.75,25719.5,25748,22.5,+0.09%,31746
"2026-01-23 12:00",25693.75,25764.25,25688.5,25725.5,31.75,+0.12%,41273
"2026-01-23 11:00",25789,25808,25683,25693.75,-95.25,-0.37%,52201
"2026-01-23 10:00",25826.5,25845.75,25761,25789,-37.5,-0.15%,61029
"2026-01-23 09:00",25668,25827.5,25661.5,25826.5,162.75,+0.63%,85383
"2026-01-23 08:00",25570.75,25668,25556.75,25663.75,93,+0.36%,70284
"2026-01-23 07:00",25628.75,25635.5,25560.25,25570.75,-58.,-0.23%,11160
"2026-01-23 06:00",25606.5,25632.75,25584,25628.75,22,+0.09%,8442
"2026-01-23 05:00",25574.75,25658,25571,25606.75,32.5,+0.13%,13052
"2026-01-23 04:00",25558.25,25574.75,25550,25574.25,16,+0.06%,4960
"2026-01-23 03:00",25602.25,25629.5,25540.25,25558.25,-42.5,-0.17%,10127
"2026-01-23 02:00",25692,25692,25581,25600.75,-91.,-0.35%,9864
"2026-01-23 01:00",25705.75,25724.75,25682.25,25691.75,-13.,-0.05%,3959
"2026-01-23 00:00",25713.5,25731.5,25703.25,25704.75,-8.75,-0.03%,3158
"2026-01-22 23:00",25701.5,25714.5,25694,25713.5,13.5,+0.05%,1951
"2026-01-22 22:00",25696,25707.5,25684.25,25700,4.25,+0.02%,2327
"2026-01-22 21:00",25668.25,25707.75,25667.75,25695.75,27,+0.11%,3409
"2026-01-22 20:00",25686.75,25689.5,25665,25668.75,-18.,-0.07%,2418
"2026-01-22 19:00",25653.5,25688,25649.25,25686.75,32.5,+0.13%,5581
"2026-01-22 18:00",25616.75,25654.75,25597.5,25654.25,36.5,+0.14%,3647
"2026-01-22 17:00",25605,25629.25,25575.5,25617.75,-12.25,-0.05%,5804
"2026-01-22 15:00",25661.75,25676.5,25609.75,25630,-32.,-0.12%,16012
"2026-01-22 14:00",25639.5,25665.75,25584.75,25662,22.25,+0.09%,69452
"2026-01-22 13:00",25673.5,25715.25,25634,25639.75,-33.75,-0.13%,36654
"2026-01-22 12:00",25711.75,25723.5,25667,25673.5,-38.75,-0.15%,32835
"2026-01-22 11:00",25668.75,25722,25652.5,25712.25,42.75,+0.17%,40148
"2026-01-22 10:00",25605.25,25700,25603.75,25669.5,63.5,+0.25%,50560
"2026-01-22 09:00",25582,25658.75,25536.75,25606,28,+0.11%,91825
"2026-01-22 08:00",25735.75,25739,25554.25,25578,-158.25,-0.61%,93760
"2026-01-22 07:00",25691.5,25739.75,25677.75,25736.25,44.75,+0.17%,14792
"2026-01-22 06:00",25674.75,25696.25,25659,25691.5,16.5,+0.06%,6438
"2026-01-22 05:00",25688.75,25714,25667,25675,-13.25,-0.05%,7387
"2026-01-22 04:00",25699.25,25703.75,25670.5,25688.25,-10.25,-0.04%,5551
"2026-01-22 03:00",25682.5,25715.75,25672.25,25698.5,15.25,+0.06%,5935
"2026-01-22 02:00",25587.75,25707.25,25583,25683.25,94.75,+0.37%,13792
"2026-01-22 01:00",25539.25,25593.5,25499,25588.5,48.75,+0.19%,6492
"2026-01-22 00:00",25533.5,25548,25483.75,25539.75,5.5,+0.02%,7156
"2026-01-21 23:00",25574.75,25577.25,25527.75,25534.25,-40.25,-0.16%,3875
"2026-01-21 22:00",25589.75,25590.25,25566,25574.5,-15.,-0.06%,1906
"2026-01-21 21:00",25568.25,25595,25568.25,25589.5,21.5,+0.08%,2698
"2026-01-21 20:00",25595.25,25602.5,25565,25568,-26.5,-0.10%,3306
"2026-01-21 19:00",25559.5,25601,25552.75,25594.5,36,+0.14%,5038
"2026-01-21 18:00",25553,25583.25,25538.5,25558.5,6,+0.02%,5840
"2026-01-21 17:00",25529.5,25569.25,25523.25,25552.5,43,+0.17%,5231
"2026-01-21 15:00",25471.75,25530.75,25470.5,25509.5,38,+0.15%,15535
"2026-01-21 14:00",25639,25653.5,25446,25471.5,-167.25,-0.65%,87483
"2026-01-21 13:00",25282.25,25648.25,25232.75,25638.75,355.5,+1.41%,106760
"2026-01-21 12:00",25244.75,25294.75,25150.75,25283.25,37,+0.15%,64053
"2026-01-21 11:00",25229.75,25262.75,25142,25246.25,17,+0.07%,88618
"2026-01-21 10:00",25469.75,25494.25,25220.5,25229.25,-240.75,-0.95%,100927
"2026-01-21 09:00",25323.5,25488,25294.75,25470,145.25,+0.57%,96155
"2026-01-21 08:00",25083,25339.25,25072.25,25324.75,239.75,+0.96%,117395
"2026-01-21 07:00",25086.5,25125.5,25041,25085,-0.75,0.00%,20946
"2026-01-21 06:00",25047,25089.75,25025,25085.75,40.25,+0.16%,13957
"2026-01-21 05:00",25153,25159.25,25040.5,25045.5,-107.75,-0.43%,12019
"2026-01-21 04:00",25129.5,25188.25,25121.75,25153.25,24.25,+0.10%,6720
"2026-01-21 03:00",25204.5,25225.25,25128.75,25129,-75.75,-0.30%,8893
"2026-01-21 02:00",25212.5,25234,25194.25,25204.75,-8.75,-0.03%,5809
"2026-01-21 01:00",25196.25,25246.5,25193.25,25213.5,17.25,+0.07%,6207
"2026-01-21 00:00",25219.75,25231.5,25191.75,25196.25,-24.,-0.10%,5172
"2026-01-20 23:00",25197.25,25225.5,25184.75,25220.25,23.25,+0.09%,3940
"2026-01-20 22:00",25196.75,25213.25,25183,25197,-0.5,0.00%,3558
"2026-01-20 21:00",25179.75,25227.5,25178.75,25197.5,18.5,+0.07%,6852
"2026-01-20 20:00",25202.25,25209,25168,25179,-23.,-0.09%,5187
"2026-01-20 19:00",25179,25218.75,25179,25202,23,+0.09%,6194
"2026-01-20 18:00",25117.25,25186,25116.25,25179,62.5,+0.25%,6452
"2026-01-20 17:00",25149.5,25175.25,25103.5,25116.5,-26.25,-0.10%,5850
"2026-01-20 15:00",25142.5,25167.25,25122.5,25142.75,-0.25,0.00%,19129
"2026-01-20 14:00",25169.25,25169.75,25098,25143,-26.25,-0.10%,80662
"2026-01-20 13:00",25199,25225,25128,25169.25,-30.,-0.12%,52413
"2026-01-20 12:00",25293,25311.25,25170.5,25199.25,-93.5,-0.37%,46782
"2026-01-20 11:00",25398.75,25406.75,25257.5,25292.75,-105.75,-0.42%,57197
"2026-01-20 10:00",25363,25429.75,25333.75,25398.5,35.75,+0.14%,74873
"2026-01-20 09:00",25322,25417,25254.75,25362.75,38,+0.15%,95319
"2026-01-20 08:00",25211.75,25368.5,25201.5,25324.75,112.25,+0.45%,107393
"2026-01-20 07:00",25258,25277.25,25181,25212.5,-44.25,-0.18%,26617
"2026-01-20 06:00",25204.75,25283.75,25191.75,25256.75,51.25,+0.20%,14053
"2026-01-20 05:00",25174.75,25228,25172.75,25205.5,29.5,+0.12%,8384
"2026-01-20 04:00",25134.5,25207.5,25109.5,25176,41.75,+0.17%,9841
"2026-01-20 03:00",25201.75,25220.25,25095.25,25134.25,-66.75,-0.26%,17926
"2026-01-20 02:00",25284,25288.25,25166.75,25201,-83.25,-0.33%,17290
"2026-01-20 01:00",25311,25320.5,25256.75,25284.25,-26.25,-0.10%,8324
"2026-01-20 00:00",25382.5,25390.5,25260,25310.5,-73.,-0.29%,11375
"2026-01-19 23:00",25379.75,25412.5,25367.25,25383.5,2.75,+0.01%,4001
"2026-01-19 22:00",25409,25412,25370,25380.75,-29.25,-0.12%,3299
"2026-01-19 21:00",25424.75,25431.5,25402.5,25410,-14.5,-0.06%,3524
"2026-01-19 20:00",25420,25439.75,25391.5,25424.5,4.25,+0.02%,5045
"2026-01-19 19:00",25362.25,25432.5,25362.25,25420.25,59,+0.23%,7155
"2026-01-19 18:00",25379,25404.25,25323.75,25361.25,-16.75,-0.07%,7609
"2026-01-19 17:00",25394.75,25405,25367.25,25378,-20.25,-0.08%,4812
"2026-01-19 11:00",25378.5,25417.25,25372,25398.25,20,+0.08%,10308
"2026-01-19 10:00",25327.75,25383.5,25321,25378.25,50.75,+0.20%,20204
"2026-01-19 09:00",25316,25344,25287,25327.5,11.5,+0.05%,20948
"2026-01-19 08:00",25318.5,25347.75,25236.5,25316,-5.5,-0.02%,21797
"2026-01-19 07:00",25329,25344,25283.75,25321.5,-7.5,-0.03%,7404
"2026-01-19 06:00",25290.25,25348.5,25271,25329,37.75,+0.15%,5981
"2026-01-19 05:00",25269,25317.75,25264.5,25291.25,21.25,+0.08%,5090
"2026-01-19 04:00",25280.25,25312.5,25257.75,25270,-10.75,-0.04%,6007
"2026-01-19 03:00",25391.75,25396,25262,25280.75,-110.25,-0.43%,10572
"2026-01-19 02:00",25352.75,25410.75,25348,25391,39.25,+0.15%,7152
"2026-01-19 01:00",25384.75,25392.5,25325.75,25351.75,-33.,-0.13%,8005
"2026-01-19 00:00",25393.25,25414.25,25381,25384.75,-8.5,-0.03%,3007
"2026-01-18 23:00",25380,25419,25371,25393.25,13.5,+0.05%,3112
"2026-01-18 22:00",25388.25,25395,25371.75,25379.75,-7.25,-0.03%,1863
"2026-01-18 21:00",25415.75,25418.25,25363,25387,-30.5,-0.12%,4830
"2026-01-18 20:00",25399.25,25424.75,25392,25417.5,19.75,+0.08%,3519
"2026-01-18 19:00",25428.75,25452,25386.5,25397.75,-29.75,-0.12%,6750
"2026-01-18 18:00",25466.25,25470,25373.25,25427.5,-39.25,-0.15%,10089
"2026-01-18 17:00",25471,25472,25396,25466.75,-214.5,-0.84%,11891
"2026-01-16 15:00",25684.25,25702.25,25671,25681.25,-3.25,-0.01%,14379
"2026-01-16 14:00",25715.75,25729.5,25681.5,25684.5,-31.75,-0.12%,55639
"2026-01-16 13:00",25716.25,25748,25672.75,25716.25,-0.25,0.00%,38604
"2026-01-16 12:00",25660.75,25732.25,25654,25716.5,56.5,+0.22%,28491
"2026-01-16 11:00",25716.5,25721.5,25657.75,25660,-56.5,-0.22%,35317
"2026-01-16 10:00",25680.25,25752.75,25661,25716.5,36,+0.14%,57035
"2026-01-16 09:00",25729,25765.5,25591.5,25680.5,-48.,-0.19%,107971
"2026-01-16 08:00",25826,25891,25726.25,25728.5,-98.,-0.38%,82570
"2026-01-16 07:00",25830.25,25838.5,25802,25826.5,-4.5,-0.02%,10215
"2026-01-16 06:00",25832.75,25853,25805.75,25831,-2.25,-0.01%,7035
"2026-01-16 05:00",25855.5,25873.25,25825.75,25833.25,-21.75,-0.08%,4465
"2026-01-16 04:00",25815.5,25864.25,25810.25,25855,39.5,+0.15%,4590
"2026-01-16 03:00",25816.25,25842.5,25810,25815.5,-1.75,-0.01%,3685
"2026-01-16 02:00",25823.5,25845.25,25795.5,25817.25,-7.25,-0.03%,5582
"2026-01-16 01:00",25823.75,25838,25807.5,25824.5,1.5,+0.01%,3029
"2026-01-16 00:00",25808,25827,25803.25,25823,15.25,+0.06%,2419
"2026-01-15 23:00",25810,25820.25,25803,25807.75,-1.75,-0.01%,2399
"2026-01-15 22:00",25787.25,25811,25784.75,25809.5,23,+0.09%,1968
"2026-01-15 21:00",25787.75,25800,25784,25786.5,-0.75,0.00%,1834
"2026-01-15 20:00",25769.75,25797,25762.5,25787.25,17.75,+0.07%,3137
"2026-01-15 19:00",25760,25783.25,25748.5,25769.5,8.75,+0.03%,4954
"2026-01-15 18:00",25741,25762.25,25731,25760.75,19.25,+0.07%,3230
"2026-01-15 17:00",25720.5,25750.75,25704.25,25741.5,34.5,+0.13%,3728
"2026-01-15 15:00",25719,25727.25,25693.75,25707,-12.,-0.05%,13494
"2026-01-15 14:00",25756,25771.75,25676.5,25719,-38.5,-0.15%,77966
"2026-01-15 13:00",25885,25885,25746.25,25757.5,-128.5,-0.50%,67363
"2026-01-15 12:00",25853.25,25911,25848.75,25886,32.5,+0.13%,30772
"2026-01-15 11:00",25924.5,25938,25849.25,25853.5,-71.25,-0.27%,39482
"2026-01-15 10:00",25884.5,25937.25,25877.25,25924.75,40.5,+0.16%,52781
"2026-01-15 09:00",25863.5,25925.75,25803.25,25884.25,20.25,+0.08%,93708
"2026-01-15 08:00",25893.75,25952.75,25843,25864,-29.75,-0.11%,101526
"2026-01-15 07:00",25852,25916.75,25834,25893.75,41,+0.16%,16179
"2026-01-15 06:00",25841.25,25854.25,25811.25,25852.75,10.25,+0.04%,8395
"2026-01-15 05:00",25817.75,25855.75,25816.25,25842.5,25.5,+0.10%,5960
"2026-01-15 04:00",25812.25,25830.25,25800,25817,4.25,+0.02%,5078
"2026-01-15 03:00",25737.5,25832.75,25733.25,25812.75,74.5,+0.29%,11566
"2026-01-15 02:00",25689,25747.25,25673.75,25738.25,49.25,+0.19%,9155
"2026-01-15 01:00",25700.5,25708,25677.75,25689,-11.75,-0.05%,5333
"2026-01-15 00:00",25622,25723,25611.25,25700.75,78,+0.30%,10688
"2026-01-14 23:00",25578,25647.5,25576.5,25622.75,44.5,+0.17%,6253
"2026-01-14 22:00",25581.5,25599.75,25569.5,25578.25,-3.25,-0.01%,3519
"2026-01-14 21:00",25609.75,25627.25,25579.5,25581.5,-27.5,-0.11%,3618
"2026-01-14 20:00",25630.25,25634.25,25595.75,25609,-20.75,-0.08%,3143
"2026-01-14 19:00",25602.5,25643,25562.5,25629.75,26.5,+0.10%,8228
"2026-01-14 18:00",25605,25610.75,25586,25603.25,-2.,-0.01%,3776
"2026-01-14 17:00",25593,25615.25,25563.5,25605.25,-6.75,-0.03%,5357
"2026-01-14 15:00",25637,25659,25553.25,25612,-24.5,-0.10%,20732
"2026-01-14 14:00",25500,25644.25,25460.5,25636.5,136,+0.53%,93697
"2026-01-14 13:00",25515.25,25534,25486,25500.5,-14.5,-0.06%,35454
"2026-01-14 12:00",25449.75,25526,25420.75,25515,65.25,+0.26%,49797
"2026-01-14 11:00",25459.5,25509,25433.25,25449.75,-10.5,-0.04%,55894
"2026-01-14 10:00",25491.75,25592.25,25440,25460.25,-31.75,-0.12%,72987
"2026-01-14 09:00",25586.25,25693.5,25469.5,25492,-93.,-0.36%,127399
"2026-01-14 08:00",25754.25,25790.25,25582,25585,-169.75,-0.66%,102650
"2026-01-14 07:00",25779,25805.5,25732.5,25754.75,-25.,-0.10%,15023
"2026-01-14 06:00",25743,25784.5,25701.25,25779.75,36.75,+0.14%,7775
"2026-01-14 05:00",25737.75,25769.25,25714.25,25743,5.5,+0.02%,7364
"2026-01-14 04:00",25852.75,25852.75,25712.25,25737.5,-114.5,-0.44%,12672
"2026-01-14 03:00",25858.5,25879,25835.75,25852,-6.,-0.02%,3826
"2026-01-14 02:00",25862.25,25876,25840.25,25858,-4.75,-0.02%,3708
"2026-01-14 01:00",25861.25,25871.75,25848.75,25862.75,3.25,+0.01%,2164
"2026-01-14 00:00",25856.5,25863.75,25835.5,25859.5,3.25,+0.01%,3624
"2026-01-13 23:00",25881.5,25883.25,25852.75,25856.25,-25.75,-0.10%,2913
"2026-01-13 22:00",25914.75,25919.25,25873.25,25882,-33.,-0.13%,2439
"2026-01-13 21:00",25893,25925.75,25890,25915,21,+0.08%,2575
"2026-01-13 20:00",25885.5,25898.75,25876,25894,7.5,+0.03%,1911
"2026-01-13 19:00",25906.75,25924.5,25879,25886.5,-20.75,-0.08%,3810
"2026-01-13 18:00",25891,25924.75,25882.5,25907.25,16.25,+0.06%,3421
"2026-01-13 17:00",25900.75,25913.75,25886.5,25891,-7.25,-0.03%,2798
"2026-01-13 15:00",25904.25,25926.5,25896,25898.25,-5.5,-0.02%,13602
"2026-01-13 14:00",25866,25912,25803.25,25903.75,37.5,+0.14%,51440
"2026-01-13 13:00",25840.25,25885.25,25821.25,25866.25,26.5,+0.10%,42463
"2026-01-13 12:00",25876.5,25910.75,25833.75,25839.75,-37.5,-0.14%,47498
"2026-01-13 11:00",26008.75,26018.25,25857.75,25877.25,-131.25,-0.50%,58240
"2026-01-13 10:00",25894.5,26025.75,25847.25,26008.5,114,+0.44%,66405
"2026-01-13 09:00",25947.25,25969.75,25809.25,25894.5,-54.25,-0.21%,104584
"2026-01-13 08:00",25970.25,26042.75,25930.75,25948.75,-22.5,-0.09%,86077
"2026-01-13 07:00",25895.25,26045.5,25887,25971.25,76,+0.29%,27929
"2026-01-13 06:00",25901.25,25918.75,25888.25,25895.25,-5.25,-0.02%,4978
"2026-01-13 05:00",25878.5,25900.75,25870.5,25900.5,22.5,+0.09%,4479
"2026-01-13 04:00",25908.75,25914.25,25871.75,25878,-31.75,-0.12%,4015
"2026-01-13 03:00",25907,25936.75,25893.5,25909.75,3.5,+0.01%,4250
"2026-01-13 02:00",25917.25,25924.25,25895.5,25906.25,-11.,-0.04%,4376
"2026-01-13 01:00",25916.25,25925.25,25906.5,25917.25,0.25,0.00%,2476
"2026-01-13 00:00",25902,25932.75,25900.75,25917,15.5,+0.06%,3092
"2026-01-12 23:00",25884.5,25907.25,25877.5,25901.5,16.5,+0.06%,2694
"2026-01-12 22:00",25883.5,25891.75,25869,25885,2.75,+0.01%,2297
"2026-01-12 21:00",25877.75,25892.25,25861.5,25882.25,4,+0.02%,3076
"2026-01-12 20:00",25879.75,25897.75,25874.25,25878.25,-0.5,0.00%,3826
"2026-01-12 19:00",25875,25891.25,25845.75,25878.75,3.5,+0.01%,6164
"2026-01-12 18:00",25895.25,25898.25,25871.5,25875.25,-20.25,-0.08%,5006
"2026-01-12 17:00",25953.5,25954,25893.5,25895.5,-46.75,-0.18%,5831
"2026-01-12 15:00",25952.25,25974,25932.75,25942.25,-10.,-0.04%,12376
"2026-01-12 14:00",26015,26020.5,25950.5,25952.25,-62.5,-0.24%,44467
"2026-01-12 13:00",25978.5,26016.5,25962,26014.75,36.25,+0.14%,26698
"2026-01-12 12:00",25968.5,25997.5,25965,25978.5,10.5,+0.04%,25933
"2026-01-12 11:00",25961,25974,25938.25,25968,7,+0.03%,26926
"2026-01-12 10:00",25915.5,25969.5,25901,25961,45.5,+0.18%,46831
"2026-01-12 09:00",25901.25,25933.5,25863.75,25915.5,14.5,+0.06%,70190
"2026-01-12 08:00",25743.75,25924,25719.75,25901,157.5,+0.61%,83789
"2026-01-12 07:00",25752.5,25763,25728.25,25743.5,-9.25,-0.04%,9742
"2026-01-12 06:00",25718.5,25761.5,25713.5,25752.75,34,+0.13%,8313
"2026-01-12 05:00",25707.5,25733,25705.25,25718.75,11.5,+0.04%,4826
"2026-01-12 04:00",25698.5,25723,25686.25,25707.25,9.25,+0.04%,4719
"2026-01-12 03:00",25660,25706.5,25660,25698,37.5,+0.15%,7805
"2026-01-12 02:00",25731.75,25750,25632.75,25660.5,-71.,-0.28%,13726
"2026-01-12 01:00",25718,25746.25,25715.75,25731.5,14.75,+0.06%,4076
"2026-01-12 00:00",25699.75,25726,25696.75,25716.75,18,+0.07%,3198
"2026-01-11 23:00",25727,25742.5,25676.25,25698.75,-28.25,-0.11%,6359
"2026-01-11 22:00",25738.25,25739.5,25715,25727,-10.75,-0.04%,3036
"2026-01-11 21:00",25748.25,25753.25,25710.25,25737.75,-10.25,-0.04%,5780
"2026-01-11 20:00",25777.5,25778.25,25731.5,25748,-30.5,-0.12%,8768
"2026-01-11 19:00",25789.75,25797,25723.25,25778.5,-11.,-0.04%,13442
"2026-01-11 18:00",25893.25,25902.75,25772.5,25789.5,-104.75,-0.40%,11899
"2026-01-11 17:00",25949,25960,25870,25894.25,-37.5,-0.14%,6419
"2026-01-09 15:00",25933,25943,25923.25,25931.75,-1.5,-0.01%,14063
"2026-01-09 14:00",25954.25,25985.5,25930.25,25933.25,-21.25,-0.08%,43545
"2026-01-09 13:00",25961.25,25972.75,25948,25954.5,-6.75,-0.03%,23265
"2026-01-09 12:00",25923.5,25967.75,25882,25961.25,37.75,+0.15%,41138
"2026-01-09 11:00",25909.75,25936,25885.5,25923.5,13.25,+0.05%,39392
"2026-01-09 10:00",25811.75,25920.5,25810.75,25910.25,98,+0.38%,61919
"2026-01-09 09:00",25734,25879,25615.5,25812.25,77.5,+0.30%,116960
"2026-01-09 08:00",25805.25,25824.75,25648.5,25734.75,-70.,-0.27%,94321
"2026-01-09 07:00",25749,25807.5,25726.5,25804.75,56,+0.22%,17866
"2026-01-09 06:00",25740,25753.75,25712,25748.75,8.25,+0.03%,4751
"2026-01-09 05:00",25729,25767.25,25721.25,25740.5,12.75,+0.05%,4243
"2026-01-09 04:00",25722.5,25738,25717,25727.75,6,+0.02%,3075
"2026-01-09 03:00",25674.25,25725.25,25662.75,25721.75,47.25,+0.18%,4647
"2026-01-09 02:00",25673.75,25701.75,25665.25,25674.5,1.75,+0.01%,5036
"2026-01-09 01:00",25691.5,25691.75,25652.25,25672.75,-17.,-0.07%,2706
"2026-01-09 00:00",25693.25,25702.5,25672.5,25689.75,-3.75,-0.01%,1814
"2026-01-08 23:00",25678.25,25695.25,25666.75,25693.5,16.25,+0.06%,2492
"2026-01-08 22:00",25675.25,25680.75,25657,25677.25,2.75,+0.01%,1925
"2026-01-08 21:00",25682.75,25690.5,25666,25674.5,-9.5,-0.04%,2300
"2026-01-08 20:00",25651.5,25694,25649.5,25684,32.25,+0.13%,4217
"2026-01-08 19:00",25666.5,25679.25,25627.5,25651.75,-14.25,-0.06%,5212
"2026-01-08 18:00",25675.25,25695,25664.25,25666,-9.75,-0.04%,3816
"2026-01-08 17:00",25725,25727.25,25671.75,25675.75,-36.25,-0.14%,3535
"2026-01-08 15:00",25682.75,25741.75,25680.75,25712,29.5,+0.11%,13304
"2026-01-08 14:00",25633.5,25700,25625.5,25682.5,48.25,+0.19%,44784
"2026-01-08 13:00",25631.25,25657.75,25595,25634.25,2.5,+0.01%,34677
"2026-01-08 12:00",25681,25684.75,25619.25,25631.75,-48.75,-0.19%,35279
"2026-01-08 11:00",25670.75,25703.75,25627,25680.5,9.25,+0.04%,35636
"2026-01-08 10:00",25684.25,25686.5,25583.75,25671.25,-13.,-0.05%,60365
"2026-01-08 09:00",25603.75,25713.5,25569,25684.25,81,+0.32%,100509
"2026-01-08 08:00",25799.5,25811,25597.25,25603.25,-196.25,-0.76%,101613
"2026-01-08 07:00",25766.5,25818,25758,25799.5,32.5,+0.13%,8456
"2026-01-08 06:00",25770.25,25778,25746.5,25767,-4.75,-0.02%,5267
"2026-01-08 05:00",25772.75,25786,25738.75,25771.75,-0.5,0.00%,5531
"2026-01-08 04:00",25769,25774.25,25744,25772.25,2.25,+0.01%,3347
"2026-01-08 03:00",25780.75,25795.5,25751,25770,-10.5,-0.04%,4338
"2026-01-08 02:00",25749,25803.5,25747.5,25780.5,30.75,+0.12%,6442
"2026-01-08 01:00",25705.75,25805.25,25680.5,25749.75,44,+0.17%,9905
"2026-01-08 00:00",25738.5,25742.5,25670,25705.75,-32.5,-0.13%,8140
"2026-01-07 23:00",25779.25,25784.75,25737.25,25738.25,-40.25,-0.16%,3325
"2026-01-07 22:00",25776.25,25794,25772.75,25778.5,1.75,+0.01%,1902
"2026-01-07 21:00",25786.5,25795.25,25769.75,25776.75,-9.5,-0.04%,3126
"2026-01-07 20:00",25837,25840.5,25774,25786.25,-51.5,-0.20%,4518
"2026-01-07 19:00",25842,25844.5,25817,25837.75,-4.75,-0.02%,3663
"2026-01-07 18:00",25822.75,25843.5,25805.75,25842.5,19.75,+0.08%,3609
"2026-01-07 17:00",25838.75,25849.75,25818.75,25822.75,-13.,-0.05%,3651
"2026-01-07 15:00",25835,25839.25,25820,25835.75,0.75,0.00%,12932
"2026-01-07 14:00",25902.75,25913.5,25814.5,25835,-67.75,-0.26%,66677
"2026-01-07 13:00",25956,25956.25,25890,25902.75,-52.75,-0.20%,40799
"2026-01-07 12:00",25971,25979,25926,25955.5,-15.5,-0.06%,40798
"2026-01-07 11:00",25969.75,25996.25,25960,25971,0.75,0.00%,42018
"2026-01-07 10:00",25905.5,25971,25879.25,25970.25,65.25,+0.25%,57058
"2026-01-07 09:00",25857.25,25911.25,25810.75,25905,50,+0.19%,81358
"2026-01-07 08:00",25788.25,25880,25761.5,25855,66.25,+0.26%,67437
"2026-01-07 07:00",25765,25793.75,25755.25,25788.75,22.5,+0.09%,9857
"2026-01-07 06:00",25768,25782.25,25753,25766.25,-1.75,-0.01%,5433
"2026-01-07 05:00",25740.25,25768.5,25732,25768,28.5,+0.11%,3996
"2026-01-07 04:00",25752.5,25762,25727.75,25739.5,-13.5,-0.05%,3270
"2026-01-07 03:00",25753.75,25758.75,25727,25753,-0.75,0.00%,6495
"2026-01-07 02:00",25766,25788,25753.5,25753.75,-12.75,-0.05%,4581
"2026-01-07 01:00",25768.75,25779.5,25764.75,25766.5,-2.75,-0.01%,2187
"2026-01-07 00:00",25782.75,25799.75,25768.25,25769.25,-14.25,-0.06%,2836
"2026-01-06 23:00",25785.75,25794.25,25775.5,25783.5,-2.25,-0.01%,2295
"2026-01-06 22:00",25800,25804,25780.5,25785.75,-13.75,-0.05%,3098
"2026-01-06 21:00",25807.25,25822,25796.75,25799.5,-6.75,-0.03%,2711
"2026-01-06 20:00",25815.75,25832.75,25801.75,25806.25,-11.25,-0.04%,2941
"2026-01-06 19:00",25828.75,25835,25811.5,25817.5,-12.,-0.05%,3692
"2026-01-06 18:00",25825.25,25842.25,25819,25829.5,4.75,+0.02%,4377
"2026-01-06 17:00",25831.25,25844.75,25815.5,25824.75,-6.5,-0.03%,3883
"2026-01-06 15:00",25813.5,25833,25809.75,25831.25,17.75,+0.07%,10403
"2026-01-06 14:00",25807.75,25837.75,25801.25,25813.5,5.75,+0.02%,41988
"2026-01-06 13:00",25805,25821,25794,25807.75,3,+0.01%,24538
"2026-01-06 12:00",25759.75,25805.75,25745,25804.75,44.5,+0.17%,32045
"2026-01-06 11:00",25696,25785.5,25674.5,25760.25,64.75,+0.25%,43489
"2026-01-06 10:00",25687,25707.75,25639.25,25695.5,8,+0.03%,61539
"2026-01-06 09:00",25753,25779,25673,25687.5,-65.5,-0.25%,78191
"2026-01-06 08:00",25616.75,25761.25,25592.5,25753,136.5,+0.53%,85081
"2026-01-06 07:00",25640.25,25650.5,25590.5,25616.5,-24.75,-0.10%,8596
"2026-01-06 06:00",25596,25649,25591.5,25641.25,44.5,+0.17%,4890
"2026-01-06 05:00",25593.5,25610.25,25590.25,25596.75,4.75,+0.02%,3109
"2026-01-06 04:00",25585.5,25597,25571.75,25592,5.25,+0.02%,2529
"2026-01-06 03:00",25572.5,25608,25557,25586.75,14.5,+0.06%,5749
"2026-01-06 02:00",25647.5,25647.75,25527.5,25572.25,-74.5,-0.29%,10947
"2026-01-06 01:00",25669.5,25670,25642.25,25646.75,-21.5,-0.08%,1913
"2026-01-06 00:00",25643,25674.25,25641.75,25668.25,25.5,+0.10%,2587
"2026-01-05 23:00",25647,25653.25,25638.5,25642.75,-3.5,-0.01%,1728
"2026-01-05 22:00",25620.75,25648,25620.5,25646.25,26,+0.10%,3262
"2026-01-05 21:00",25623.75,25629.25,25616,25620.25,-3.25,-0.01%,1892
"2026-01-05 20:00",25598,25625.5,25592.25,25623.5,26,+0.10%,2826
"2026-01-05 19:00",25563.5,25602.75,25555.25,25597.5,34.25,+0.13%,3898
"2026-01-05 18:00",25566,25582.25,25552.25,25563.25,-2.25,-0.01%,4087
"2026-01-05 17:00",25583,25598.75,25560.75,25565.5,-12.75,-0.05%,3881
"2026-01-05 15:00",25587,25590.75,25573.25,25578.25,-8.5,-0.03%,9320
"2026-01-05 14:00",25577,25613,25565,25586.75,9.25,+0.04%,42871
"2026-01-05 13:00",25612.75,25618.75,25549.5,25577.5,-35.25,-0.14%,30774
"2026-01-05 12:00",25627,25632.25,25557,25612.75,-14.,-0.05%,36632
"2026-01-05 11:00",25659,25673.5,25607.5,25626.75,-31.5,-0.12%,41602
"2026-01-05 10:00",25665.25,25708,25651.25,25658.25,-6.75,-0.03%,44841
"2026-01-05 09:00",25593.25,25690.5,25566,25665,65.25,+0.25%,71996
"2026-01-05 08:00",25576,25672.5,25538.5,25599.75,23.75,+0.09%,100057
"2026-01-05 07:00",25558.25,25592.75,25520.25,25576,18.75,+0.07%,10479
"2026-01-05 06:00",25567.5,25588.25,25544.5,25557.25,-10.25,-0.04%,5100
"2026-01-05 05:00",25554.25,25577,25544,25567.5,13.75,+0.05%,3829
"2026-01-05 04:00",25512.25,25559,25511.25,25553.75,41.75,+0.16%,3907
"2026-01-05 03:00",25511.25,25532.25,25495.75,25512,0,0.00%,4212
"2026-01-05 02:00",25478,25556.75,25467.75,25512,34,+0.13%,7664
"2026-01-05 01:00",25506.25,25509,25455,25478,-28.25,-0.11%,3683
"2026-01-05 00:00",25494.5,25507.25,25468.75,25506.25,11,+0.04%,3265
"2026-01-04 23:00",25488,25497,25465.5,25495.25,7.75,+0.03%,2672
"2026-01-04 22:00",25463.75,25491.75,25457.75,25487.5,23.5,+0.09%,2401
"2026-01-04 21:00",25474.25,25482.75,25457.5,25464,-10.,-0.04%,2230
"2026-01-04 20:00",25459.25,25483.25,25452.25,25474,15.75,+0.06%,3300
"2026-01-04 19:00",25467,25487.5,25450,25458.25,-8.5,-0.03%,6792
"2026-01-04 18:00",25459.25,25479.5,25434.75,25466.75,9.75,+0.04%,6613
"2026-01-04 17:00",25431.75,25463.25,25406.5,25457,62.5,+0.25%,9763
"2026-01-02 15:00",25385.25,25415,25379.25,25394.5,9.5,+0.04%,12623
"2026-01-02 14:00",25399.5,25450.5,25362,25385,-14.5,-0.06%,49666
"2026-01-02 13:00",25294.5,25457,25288.5,25399.5,104.5,+0.41%,42851
"2026-01-02 12:00",25323.5,25363.75,25265.25,25295,-28.75,-0.11%,36928
"2026-01-02 11:00",25340.75,25405.5,25310.75,25323.75,-17.25,-0.07%,40350
"2026-01-02 10:00",25375.75,25427.25,25293.75,25341,-34.,-0.13%,85882
"2026-01-02 09:00",25733.75,25780,25360.5,25375,-358.,-1.39%,123388
"2026-01-02 08:00",25692,25803.75,25638.25,25733,40.25,+0.16%,78047
"2026-01-02 07:00",25703.25,25709,25679.25,25692.75,-10.25,-0.04%,7008
"2026-01-02 06:00",25726.25,25727.25,25680,25703,-24.25,-0.09%,6447
"2026-01-02 05:00",25730.25,25742.75,25714,25727.25,-3.5,-0.01%,3616
"2026-01-02 04:00",25734,25737.25,25707.5,25730.75,-2.25,-0.01%,3701
"2026-01-02 03:00",25709,25740.5,25705.25,25733,22.75,+0.09%,6239
"2026-01-02 02:00",25637.75,25718.5,25637,25710.25,72.75,+0.28%,8749
"2026-01-02 01:00",25636.25,25647.5,25624.75,25637.5,1,0.00%,2898
"2026-01-02 00:00",25638.25,25650,25634,25636.5,-2.5,-0.01%,2254
"2026-01-01 23:00",25625.75,25644,25612.5,25639,13.25,+0.05%,3015
"2026-01-01 22:00",25625.5,25638.25,25617.25,25625.75,0.5,0.00%,3332
"2026-01-01 21:00",25603.25,25625.75,25596,25625.25,21.5,+0.08%,3832
"2026-01-01 20:00",25555.25,25607.5,25555,25603.75,48.25,+0.19%,5208
"2026-01-01 19:00",25511,25556.25,25510.25,25555.5,44.75,+0.18%,4853
"2026-01-01 18:00",25497,25514,25473.75,25510.75,13.75,+0.05%,2990
"2026-01-01 17:00",25478.5,25504,25448.5,25497,62.25,+0.24%,4707
"2025-12-31 15:00",25455,25471.5,25429,25434.75,-20.5,-0.08%,16348
"2025-12-31 14:00",25535.75,25539.5,25444.5,25455.25,-80.5,-0.32%,57540
"2025-12-31 13:00",25614.5,25634.5,25532,25535.75,-78.5,-0.31%,28955
"2025-12-31 12:00",25581.5,25629.5,25572.5,25614.25,32.75,+0.13%,20212
"2025-12-31 11:00",25605,25606.5,25568,25581.5,-23.5,-0.09%,22174
"2025-12-31 10:00",25554.25,25607.5,25552.75,25605,50,+0.20%,27306
"2025-12-31 09:00",25606.25,25618,25542.5,25555,-50.5,-0.20%,42439
"2025-12-31 08:00",25702.75,25716.75,25581.5,25605.5,-97.5,-0.38%,50734
"2025-12-31 07:00",25629.25,25714.75,25621.75,25703,74,+0.29%,10067
"2025-12-31 06:00",25609.25,25632,25598.25,25629,19.5,+0.08%,3840
"2025-12-31 05:00",25585,25611.75,25581.5,25609.5,25,+0.10%,2361
"2025-12-31 04:00",25569.25,25591.5,25561,25584.5,15,+0.06%,1950
"2025-12-31 03:00",25558.5,25584.75,25555.75,25569.5,10.5,+0.04%,3455
"2025-12-31 02:00",25597.25,25603.5,25552.5,25559,-39.25,-0.15%,4390
"2025-12-31 01:00",25595.5,25609.75,25576.5,25598.25,2.25,+0.01%,3303
"2025-12-31 00:00",25599,25606,25579.25,25596,-3.,-0.01%,2519
"2025-12-30 23:00",25616.75,25626.25,25593.75,25599,-17.25,-0.07%,2081
"2025-12-30 22:00",25616.75,25633.75,25614,25616.25,0.5,0.00%,1557
"2025-12-30 21:00",25626.25,25633.5,25606.75,25615.75,-10.5,-0.04%,1470
"2025-12-30 20:00",25617.5,25635.75,25605,25626.25,8.25,+0.03%,3466
"2025-12-30 19:00",25614,25624.5,25588,25618,3.75,+0.01%,4706
"2025-12-30 18:00",25656.75,25657,25604.75,25614.25,-42.75,-0.17%,4810
"2025-12-30 17:00",25683.25,25689.5,25643.75,25657,-19.,-0.07%,3598
"2025-12-30 15:00",25678.25,25691.75,25669.75,25676,-2.25,-0.01%,8562
"2025-12-30 14:00",25711.5,25717.75,25668.25,25678.25,-33.75,-0.13%,33620
"2025-12-30 13:00",25732.5,25743,25705.5,25712,-20.5,-0.08%,21698
"2025-12-30 12:00",25728.75,25744.25,25707.5,25732.5,3.75,+0.01%,19582
"2025-12-30 11:00",25719.75,25739,25699.5,25728.75,9,+0.03%,25468
"2025-12-30 10:00",25744.5,25793.75,25717,25719.75,-24.25,-0.09%,38620
"2025-12-30 09:00",25756,25761.5,25681.5,25744,-12.75,-0.05%,52755
"2025-12-30 08:00",25714.25,25774.75,25674.25,25756.75,43,+0.17%,55349
"2025-12-30 07:00",25726.25,25744.75,25691.25,25713.75,-12.75,-0.05%,6885
"2025-12-30 06:00",25732.5,25743.5,25712.25,25726.5,-6.,-0.02%,3029
"2025-12-30 05:00",25728.5,25736,25702.5,25732.5,5.25,+0.02%,3122
"2025-12-30 04:00",25738.75,25745.75,25718.75,25727.25,-11.75,-0.05%,2211
"2025-12-30 03:00",25739.5,25752.25,25729.25,25739,0.25,0.00%,2331
"2025-12-30 02:00",25704.25,25741.25,25703,25738.75,35,+0.14%,2719
"2025-12-30 01:00",25725.75,25726.5,25684.75,25703.75,-22.75,-0.09%,2462
"2025-12-30 00:00",25744.5,25744.5,25715.25,25726.5,-18.,-0.07%,1581
"2025-12-29 23:00",25749.5,25755,25721,25744.5,-4.75,-0.02%,2238
"2025-12-29 22:00",25736.25,25752.5,25729,25749.25,14.75,+0.06%,1762
"2025-12-29 21:00",25711.5,25742,25709.5,25734.5,24.25,+0.09%,1982
"2025-12-29 20:00",25724.5,25728.5,25700.75,25710.25,-13.75,-0.05%,1992
"2025-12-29 19:00",25705,25725.25,25696.75,25724,19.5,+0.08%,2281
"2025-12-29 18:00",25707.5,25727,25700.25,25704.5,-2.75,-0.01%,2536
"2025-12-29 17:00",25740,25747.75,25705.25,25707.25,-37.25,-0.14%,3646
"2025-12-29 15:00",25741.25,25748.5,25727.75,25744.5,3.5,+0.01%,7301
"2025-12-29 14:00",25765.75,25766.25,25729.25,25741,-24.5,-0.10%,31051
"2025-12-29 13:00",25694,25774.25,25683.5,25765.5,71,+0.28%,28393
"2025-12-29 12:00",25699.25,25729,25680.5,25694.5,-5.5,-0.02%,23480
"2025-12-29 11:00",25695.5,25707.75,25648,25700,4.5,+0.02%,29089
"2025-12-29 10:00",25702.5,25718.25,25680,25695.5,-7.25,-0.03%,33192
"2025-12-29 09:00",25723,25772.75,25661.75,25702.75,-21.75,-0.08%,63570
"2025-12-29 08:00",25694.75,25819,25656.75,25724.5,31.5,+0.12%,65703
"2025-12-29 07:00",25745.5,25762.75,25660.75,25693,-53.5,-0.21%,11509
"2025-12-29 06:00",25770.25,25776.75,25734.25,25746.5,-23.75,-0.09%,4009
"2025-12-29 05:00",25747,25775.5,25736,25770.25,24.25,+0.09%,3631
"2025-12-29 04:00",25762.5,25769.25,25744,25746,-16.5,-0.06%,2798
"2025-12-29 03:00",25739,25770.5,25733.75,25762.5,23.75,+0.09%,4688
"2025-12-29 02:00",25800.5,25803.5,25732,25738.75,-61.25,-0.24%,5694
"2025-12-29 01:00",25816.25,25822.75,25785.25,25800,-16.25,-0.06%,3561
"2025-12-29 00:00",25820.25,25842.75,25811,25816.25,-3.75,-0.01%,2817
"2025-12-28 23:00",25856,25856,25817.75,25820,-35.75,-0.14%,3750
"2025-12-28 22:00",25852.5,25868,25852.5,25855.75,3,+0.01%,1673
"2025-12-28 21:00",25844.25,25854,25825,25852.75,6.75,+0.03%,2290
"2025-12-28 20:00",25842.5,25850,25821,25846,4,+0.02%,2616
"2025-12-28 19:00",25890,25892.5,25835.5,25842,-49.25,-0.19%,3660
"2025-12-28 18:00",25870,25893.75,25853.75,25891.25,20.75,+0.08%,3315
"2025-12-28 17:00",25863.25,25879,25843,25870.5,14.5,+0.06%,4065
"2025-12-26 15:00",25867,25874,25850.75,25856,-10.75,-0.04%,7940
"2025-12-26 14:00",25890.75,25892,25853.5,25866.75,-24.5,-0.09%,27056
"2025-12-26 13:00",25891.75,25899,25873,25891.25,-0.5,0.00%,17686
"2025-12-26 12:00",25871.75,25893.25,25854.5,25891.75,20,+0.08%,16962
"2025-12-26 11:00",25873.5,25881.75,25847.75,25871.75,-2.,-0.01%,21690
"2025-12-26 10:00",25899,25912,25857,25873.75,-25.75,-0.10%,27950
"2025-12-26 09:00",25881,25906,25834.25,25899.5,18.5,+0.07%,45899
"2025-12-26 08:00",25897,25935.25,25864.5,25881,-15.5,-0.06%,40239
"2025-12-26 07:00",25890,25923.25,25886.75,25896.5,6.5,+0.03%,5771
"2025-12-26 06:00",25876,25897,25869,25890,13.5,+0.05%,1896
"2025-12-26 05:00",25884.25,25888.5,25866.25,25876.5,-5.75,-0.02%,1547
"2025-12-26 04:00",25876.5,25899,25875.5,25882.25,6.25,+0.02%,1761
"2025-12-26 03:00",25857.25,25878.5,25854.75,25876,18.5,+0.07%,1720
"2025-12-26 02:00",25859.5,25862,25843.25,25857.5,-2.75,-0.01%,1708
"2025-12-26 01:00",25871.5,25873.25,25849.5,25860.25,-11.5,-0.04%,1694
"2025-12-26 00:00",25876.5,25880.75,25868,25871.75,-4.5,-0.02%,1115
"2025-12-25 23:00",25879.5,25888.5,25871,25876.25,-2.5,-0.01%,1081
"2025-12-25 22:00",25882.25,25884.5,25873.25,25878.75,-3.75,-0.01%,1270
"2025-12-25 21:00",25897,25903,25881.5,25882.5,-14.,-0.05%,1287
"2025-12-25 20:00",25889.25,25900,25882,25896.5,6.5,+0.03%,1380
"2025-12-25 19:00",25903.75,25916.5,25881,25890,-13.25,-0.05%,2886
"2025-12-25 18:00",25886.75,25910.5,25886.25,25903.25,15.5,+0.06%,2403
"2025-12-25 17:00",25868,25898.25,25864.75,25887.75,23,+0.09%,2672
"2025-12-24 12:00",25877.5,25881.75,25852.5,25864.75,-13.,-0.05%,5262
"2025-12-24 11:00",25876.5,25892,25864,25877.75,1.5,+0.01%,26838
"2025-12-24 10:00",25829,25885,25828,25876.25,47.5,+0.18%,31417
"2025-12-24 09:00",25809.5,25840.75,25803.75,25828.75,19,+0.07%,34118
"2025-12-24 08:00",25822.75,25827.5,25784,25809.75,-12.75,-0.05%,34293
"2025-12-24 07:00",25815.75,25831.75,25800.5,25822.5,6.75,+0.03%,4872
"2025-12-24 06:00",25792.25,25817.5,25789,25815.75,23.75,+0.09%,2238
"2025-12-24 05:00",25792.75,25800.5,25785.5,25792,-0.75,0.00%,1076
"2025-12-24 04:00",25798.75,25799,25787,25792.75,-6.,-0.02%,1160
"2025-12-24 03:00",25789.75,25807,25783.5,25798.75,9.25,+0.04%,1494
"2025-12-24 02:00",25788.5,25797,25786.75,25789.5,1.75,+0.01%,1392
"2025-12-24 01:00",25792.75,25796.25,25784.25,25787.75,-5.25,-0.02%,1186
"2025-12-24 00:00",25791,25800.5,25790.25,25793,2.25,+0.01%,917
"2025-12-23 23:00",25781.25,25799,25777.5,25790.75,10.25,+0.04%,1529
"2025-12-23 22:00",25796.25,25802.25,25780.25,25780.5,-16.5,-0.06%,1434
"2025-12-23 21:00",25793,25802.5,25786.25,25797,3.75,+0.01%,1428
"2025-12-23 20:00",25807,25812.25,25782.75,25793.25,-14.75,-0.06%,2629
"2025-12-23 19:00",25816.5,25822.5,25802,25808,-7.75,-0.03%,2074
"2025-12-23 18:00",25810,25827,25808.5,25815.75,6,+0.02%,2220
"2025-12-23 17:00",25815.75,25819.25,25800.25,25809.75,-1.75,-0.01%,2272
"2025-12-23 15:00",25811.25,25822.5,25801.75,25811.5,0.25,0.00%,10160
"2025-12-23 14:00",25797,25820.5,25792.25,25811.25,14,+0.05%,34735
"2025-12-23 13:00",25774,25800.5,25772.5,25797.25,23.25,+0.09%,20387
"2025-12-23 12:00",25754.25,25780.25,25751.5,25774,19.25,+0.07%,19489
"2025-12-23 11:00",25774,25777.75,25750.75,25754.75,-18.5,-0.07%,24423
"2025-12-23 10:00",25731.5,25776.5,25726.5,25773.25,42,+0.16%,40645
"2025-12-23 09:00",25692.25,25741,25628.25,25731.25,38.5,+0.15%,66018
"2025-12-23 08:00",25621,25751.25,25609,25692.75,73,+0.28%,65045
"2025-12-23 07:00",25684.75,25687,25608.25,25619.75,-65.5,-0.26%,13012
"2025-12-23 06:00",25694.25,25702,25661,25685.25,-8.75,-0.03%,3884
"2025-12-23 05:00",25706.5,25709.5,25687,25694,-12.5,-0.05%,2033
"2025-12-23 04:00",25718.5,25725,25699,25706.5,-12.25,-0.05%,2391
"2025-12-23 03:00",25690,25728.5,25688.75,25718.75,27.75,+0.11%,2701
"2025-12-23 02:00",25669.5,25708.25,25666.25,25691,20.25,+0.08%,3478
"2025-12-23 01:00",25667.5,25679.25,25658,25670.75,3,+0.01%,2106
"2025-12-23 00:00",25677.25,25681.25,25653.25,25667.75,-10.,-0.04%,2799
"2025-12-22 23:00",25687.75,25698.5,25677.5,25677.75,-11.,-0.04%,1956
"2025-12-22 22:00",25711.25,25713.5,25683,25688.75,-23.5,-0.09%,2073
"2025-12-22 21:00",25723.5,25731.5,25708.25,25712.25,-10.75,-0.04%,1916
"2025-12-22 20:00",25710.75,25738.75,25709.25,25723,12.5,+0.05%,3639
"2025-12-22 19:00",25722.5,25730,25695,25710.5,-11.5,-0.04%,3382
"2025-12-22 18:00",25713.5,25724.25,25709,25722,7.75,+0.03%,1833
"2025-12-22 17:00",25701,25722.5,25700.5,25714.25,14,+0.05%,2439
"2025-12-22 15:00",25688.25,25706.5,25688,25700.25,12,+0.05%,8212
"2025-12-22 14:00",25690.75,25703.5,25679.25,25688.25,-2.25,-0.01%,33727
"2025-12-22 13:00",25689.75,25712.25,25676.25,25690.5,1,0.00%,22906
"2025-12-22 12:00",25721.25,25722.25,25673,25689.5,-31.5,-0.12%,29437
"2025-12-22 11:00",25715,25727.25,25686.5,25721,6.25,+0.02%,30781
"2025-12-22 10:00",25674.25,25721.25,25672.5,25714.75,40.25,+0.16%,38430
"2025-12-22 09:00",25747,25754.75,25628,25674.5,-73.5,-0.29%,67081
"2025-12-22 08:00",25753,25794.75,25672.25,25748,-4.5,-0.02%,76042
"2025-12-22 07:00",25736.75,25757,25730.75,25752.5,15.75,+0.06%,7250
"2025-12-22 06:00",25700.25,25740.25,25696.25,25736.75,37,+0.14%,5055
"2025-12-22 05:00",25707.75,25719.25,25698.5,25699.75,-7.5,-0.03%,2713
"2025-12-22 04:00",25712.5,25720.5,25706,25707.25,-5.25,-0.02%,1583
"2025-12-22 03:00",25687.5,25725.75,25683.25,25712.5,24.75,+0.10%,3375
"2025-12-22 02:00",25703,25716.5,25681,25687.75,-14.5,-0.06%,3455
"2025-12-22 01:00",25690.25,25711,25688.75,25702.25,12.25,+0.05%,2393
"2025-12-22 00:00",25674.25,25699,25674,25690,15.5,+0.06%,1823
"2025-12-21 23:00",25680.25,25682.5,25662.25,25674.5,-6.75,-0.03%,2225
"2025-12-21 22:00",25679,25691.25,25672,25681.25,2.5,+0.01%,2006
"2025-12-21 21:00",25695.75,25699.25,25673.5,25678.75,-16.75,-0.07%,2634
"2025-12-21 20:00",25689,25698.5,25680.75,25695.5,6.75,+0.03%,2581
"2025-12-21 19:00",25654.75,25697,25653.75,25688.75,34,+0.13%,4338
"2025-12-21 18:00",25669.5,25682.75,25645,25654.75,-13.75,-0.05%,5339
"2025-12-21 17:00",25635.25,25675,25632.25,25668.5,71,+0.28%,7946
"2025-12-19 15:00",25580.75,25599.25,25568,25597.5,16.75,+0.07%,17321
"2025-12-19 14:00",25569.5,25593,25549.75,25580.75,11.75,+0.05%,55125
"2025-12-19 13:00",25551.5,25589.5,25550.5,25569,17.25,+0.07%,20572
"2025-12-19 12:00",25577.75,25592,25543.75,25551.75,-26.5,-0.10%,27926
"2025-12-19 11:00",25505.25,25597.5,25502,25578.25,73,+0.29%,40385
"2025-12-19 10:00",25483,25565,25460,25505.25,22.25,+0.09%,56762
"2025-12-19 09:00",25558.75,25600.25,25465.25,25483,-77.25,-0.30%,81932
"2025-12-19 08:00",25323,25573,25298.25,25560.25,236.75,+0.93%,104940
"2025-12-19 07:00",25280.25,25339.75,25273.75,25323.5,43.25,+0.17%,10693
"2025-12-19 06:00",25341.75,25356.75,25279,25280.25,-60.5,-0.24%,7692
"2025-12-19 05:00",25360.5,25365,25315.5,25340.75,-20.25,-0.08%,5084
"2025-12-19 04:00",25383.25,25383.5,25354,25361,-22.75,-0.09%,4023
"2025-12-19 03:00",25370,25393.5,25355.5,25383.75,13.25,+0.05%,4079
"2025-12-19 02:00",25346.25,25387.25,25340.75,25370.5,22.25,+0.09%,6298
"2025-12-19 01:00",25299,25372.5,25298.5,25348.25,50,+0.20%,6100
"2025-12-19 00:00",25291.75,25305.25,25266.75,25298.25,6.5,+0.03%,3268
"2025-12-18 23:00",25305.25,25312.75,25282,25291.75,-14.5,-0.06%,2610
"2025-12-18 22:00",25308,25318.25,25286.25,25306.25,-0.75,0.00%,3028
"2025-12-18 21:00",25251,25321.75,25236,25307,55.25,+0.22%,6429
"2025-12-18 20:00",25266.25,25286.75,25250,25251.75,-15.,-0.06%,4484
"2025-12-18 19:00",25244,25277.25,25211.25,25266.75,23.5,+0.09%,6128
"2025-12-18 18:00",25257.25,25266.5,25220.5,25243.25,-13.75,-0.05%,5146
"2025-12-18 17:00",25240,25257.5,25209.75,25257,38,+0.15%,5594
"2025-12-18 15:00",25252,25257.25,25196.5,25219,-32.5,-0.13%,16309
"2025-12-18 14:00",25208.5,25343.5,25192.5,25251.5,43.25,+0.17%,67483
"2025-12-18 13:00",25338,25340,25193.75,25208.25,-130.25,-0.51%,65867
"2025-12-18 12:00",25355.5,25402.25,25317.25,25338.5,-16.75,-0.07%,47176
"2025-12-18 11:00",25386.75,25386.75,25184.5,25355.25,-31.25,-0.12%,97478
"2025-12-18 10:00",25366.25,25412.5,25343.25,25386.5,20.75,+0.08%,56982
"2025-12-18 09:00",25277.5,25407.25,25174.75,25365.75,88.25,+0.35%,107205
"2025-12-18 08:00",25221.5,25329.5,25161.25,25277.5,54.5,+0.22%,101217
"2025-12-18 07:00",25094.75,25264,25064.75,25223,129.25,+0.52%,31942
"2025-12-18 06:00",25101.5,25114.5,25085,25093.75,-6.25,-0.02%,5241
"2025-12-18 05:00",25079,25104,25074.5,25100,20.75,+0.08%,3435
"2025-12-18 04:00",25096.75,25099.5,25065.5,25079.25,-17.25,-0.07%,3531
"2025-12-18 03:00",25055,25097.25,25031,25096.5,41.25,+0.16%,5214
"2025-12-18 02:00",25030.25,25073,25008.25,25055.25,23.5,+0.09%,6421
"2025-12-18 01:00",24984,25041.25,24982.5,25031.75,48.75,+0.20%,6754
"2025-12-18 00:00",24984.75,24991.25,24953.75,24983,-2.25,-0.01%,3223
"2025-12-17 23:00",24986.75,24994.5,24965.5,24985.25,-2.75,-0.01%,2892
"2025-12-17 22:00",24941.5,24991,24938.75,24988,47,+0.19%,3304
"2025-12-17 21:00",24969.75,24972,24902.25,24941,-29.25,-0.12%,5335
"2025-12-17 20:00",24965,25012.25,24956.75,24970.25,8,+0.03%,5444
"2025-12-17 19:00",24987.75,24996.75,24950.5,24962.25,-24.75,-0.10%,5277
"2025-12-17 18:00",24933.5,24998,24901.25,24987,55,+0.22%,7693
"2025-12-17 17:00",24983.5,24999,24925,24932,-19.75,-0.08%,5595
"2025-12-17 15:00",24892.75,24995.75,24891.75,24951.75,60.25,+0.24%,23131
"2025-12-17 14:00",24975,24983.25,24887.75,24891.5,-84.,-0.34%,53580
"2025-12-17 13:00",24956.5,24985.5,24922,24975.5,17.75,+0.07%,37601
"2025-12-17 12:00",25022.25,25078,24933.75,24957.75,-64.25,-0.26%,46235
"2025-12-17 11:00",25035.25,25085,24981.75,25022,-12.5,-0.05%,65061
"2025-12-17 10:00",25058.25,25122.5,24985,25034.5,-25.,-0.10%,100458
"2025-12-17 09:00",25332.25,25345.75,25034.25,25059.5,-273.5,-1.08%,123448
"2025-12-17 08:00",25464.75,25482,25245.5,25333,-131.5,-0.52%,92807
"2025-12-17 07:00",25486.75,25497,25395,25464.5,-22.25,-0.09%,23133
"2025-12-17 06:00",25494.25,25508.5,25474,25486.75,-8.,-0.03%,4548
"2025-12-17 05:00",25483.5,25499,25467.25,25494.75,12,+0.05%,3561
"2025-12-17 04:00",25462.75,25491.75,25455,25482.75,19.25,+0.08%,4665
"2025-12-17 03:00",25415.25,25470,25401.75,25463.5,47.75,+0.19%,5239
"2025-12-17 02:00",25412.75,25436.5,25388.25,25415.75,3,+0.01%,5376
"2025-12-17 01:00",25394.25,25432.25,25381.25,25412.75,17,+0.07%,4517
"2025-12-17 00:00",25352.25,25417.75,25351.5,25395.75,42.75,+0.17%,4605
"2025-12-16 23:00",25312,25357.25,25291.75,25353,39.75,+0.16%,3803
"2025-12-16 22:00",25351.5,25366.5,25310.5,25313.25,-36.,-0.14%,2997
"2025-12-16 21:00",25360,25380.25,25341.25,25349.25,-13.5,-0.05%,2702
"2025-12-16 20:00",25357.25,25374,25328,25362.75,5.75,+0.02%,4535
"2025-12-16 19:00",25306.75,25359.5,25306.75,25357,51.75,+0.20%,5360
"2025-12-16 18:00",25315,25327.75,25264.5,25305.25,-10.75,-0.04%,6260
"2025-12-16 17:00",25332,25363,25294.25,25316,-5.5,-0.02%,4461
"2025-12-16 15:00",25372.25,25376,25308,25321.5,-50.75,-0.20%,17169
"2025-12-16 14:00",25318.25,25444,25310.5,25372.25,53.75,+0.21%,54778
"2025-12-16 13:00",25315.75,25349.25,25224.75,25318.5,2.25,+0.01%,44591
"2025-12-16 12:00",25200.5,25350.25,25171.75,25316.25,115.75,+0.46%,52889
"2025-12-16 11:00",25335.75,25355,25192.5,25200.5,-135.,-0.53%,53432
"2025-12-16 10:00",25322,25344,25212.75,25335.5,13.75,+0.05%,61785
"2025-12-16 09:00",25394.5,25409,25178.75,25321.75,-71.75,-0.28%,88720
"2025-12-16 08:00",25252.5,25398.75,25205.25,25393.5,141.5,+0.56%,75352
"2025-12-16 07:00",25298,25386.5,25240.75,25252,-46.,-0.18%,22061
"2025-12-16 06:00",25294,25324.25,25280.5,25298,5,+0.02%,5678
"2025-12-16 05:00",25246,25294,25237,25293,46,+0.18%,3240
"2025-12-16 04:00",25182,25274.5,25168,25247,64.5,+0.26%,4371
"2025-12-16 03:00",25204,25231.5,25165.75,25182.5,-21.,-0.08%,5050
"2025-12-16 02:00",25128,25211.75,25126.25,25203.5,76,+0.30%,7022
"2025-12-16 01:00",25133.75,25146.75,25073.25,25127.5,-5.5,-0.02%,5208
"2025-12-16 00:00",25114,25136,25104,25133,20.5,+0.08%,3496
"2025-12-15 23:00",25164,25165,25104.75,25112.5,-52.,-0.21%,3869
"2025-12-15 22:00",25160,25175.5,25122,25164.5,3.75,+0.01%,2854
"2025-12-15 21:00",25150.25,25169,25103.5,25160.75,11,+0.04%,4725
"2025-12-15 20:00",25152.5,25184.5,25126,25149.75,-3.25,-0.01%,5264
"2025-12-15 19:00",25252.5,25262.75,25112.5,25153,-99.5,-0.39%,9625
"2025-12-15 18:00",25307.25,25317.5,25239.75,25252.5,-53.75,-0.21%,6639
"2025-12-15 17:00",25345.75,25373.25,25280.25,25306.25,-42.5,-0.17%,4375
"2025-12-15 15:00",25335,25357.5,25326.75,25348.75,14,+0.06%,8524
"2025-12-15 14:00",25400.75,25407.75,25331,25334.75,-66.25,-0.26%,32035
"2025-12-15 13:00",25402.5,25433.5,25357,25401,-1.5,-0.01%,19229
"2025-12-15 12:00",25379.5,25420,25329.75,25402.5,22.5,+0.09%,22208
"2025-12-15 11:00",25411.5,25436.75,25332.75,25380,-31.25,-0.12%,25810
"2025-12-15 10:00",25404.5,25517,25366.5,25411.25,8.75,+0.03%,38801
"2025-12-15 09:00",25479.25,25490.75,25285.75,25402.5,-77.,-0.30%,70706
"2025-12-15 08:00",25640,25668,25468.25,25479.5,-160.25,-0.63%,47419
"2025-12-15 07:00",25611.25,25642.75,25595.25,25639.75,28,+0.11%,5299
"2025-12-15 06:00",25614.5,25621,25584.5,25611.75,-3.75,-0.01%,4633
"2025-12-15 05:00",25596.5,25617.75,25588,25615.5,19.75,+0.08%,2181
"2025-12-15 04:00",25582,25601.5,25577,25595.75,11,+0.04%,2515
"2025-12-15 03:00",25542,25593.5,25531,25584.75,43.25,+0.17%,3243
"2025-12-15 02:00",25509,25548.25,25486.5,25541.5,33.5,+0.13%,3044
"2025-12-15 01:00",25532,25541,25493.5,25508,-24.,-0.09%,2380
"2025-12-15 00:00",25533.5,25537.25,25507,25532,-2.75,-0.01%,1586
"2025-12-14 23:00",25526.25,25539.75,25512,25534.75,8.25,+0.03%,967
"2025-12-14 22:00",25513.25,25533.5,25490.5,25526.5,14.25,+0.06%,1548
"2025-12-14 21:00",25520.25,25530.25,25502.75,25512.25,-6.75,-0.03%,1329
"2025-12-14 20:00",25518.75,25542,25511,25519,-0.75,0.00%,2294
"2025-12-14 19:00",25489.5,25522,25476.5,25519.75,29.75,+0.12%,2117
"2025-12-14 18:00",25446.75,25498,25443,25490,42,+0.17%,2901
"2025-12-14 17:00",25463.25,25497.25,25385,25448,-11.,-0.04%,4177
"2025-12-12 15:00",25467,25481.75,25455,25459,-7.,-0.03%,1225
"2025-12-12 14:00",25501,25515.75,25400.75,25466,-33.75,-0.13%,5500
"2025-12-12 13:00",25535.75,25538.75,25469.75,25499.75,-34.,-0.13%,1631
"2025-12-12 12:00",25530.5,25623,25518.5,25533.75,6.75,+0.03%,1923
"2025-12-12 11:00",25426.75,25565.75,25421.25,25527,105.75,+0.42%,2381
"2025-12-12 10:00",25492.75,25529,25371.5,25421.25,-74.75,-0.29%,4358
"2025-12-12 09:00",25812.5,25815.75,25470,25496,-324.,-1.25%,5829
"2025-12-12 08:00",25886.25,25890.75,25761.75,25820,-65.5,-0.25%,4339
"2025-12-12 07:00",25824,25885.5,25820.25,25885.5,53,+0.21%,556
"2025-12-12 06:00",25813.75,25855,25799.25,25832.5,23.75,+0.09%,462
"2025-12-12 05:00",25843,25845.25,25793.75,25808.75,-34.5,-0.13%,386
"2025-12-12 04:00",25847,25879.5,25824.25,25843.25,-2.,-0.01%,450
"2025-12-12 03:00",25920.25,25924.75,25820.75,25845.25,-75.75,-0.29%,344
"2025-12-12 02:00",25925,25940.25,25910.5,25921,-6.5,-0.03%,253
"2025-12-12 01:00",25932.75,25936.25,25916.25,25927.5,-14.,-0.05%,152
"2025-12-12 00:00",25951.25,25964.25,25935.25,25941.5,-8.,-0.03%,114
"2025-12-11 23:00",25917,25956,25916.75,25949.5,33.25,+0.13%,125
"2025-12-11 22:00",25925.5,25929.5,25912.5,25916.25,-10.5,-0.04%,582
"2025-12-11 21:00",25954.25,25954.25,25922.25,25926.75,-24.25,-0.09%,66
"2025-12-11 20:00",25935,25958.5,25932.25,25951,14.25,+0.05%,144
"2025-12-11 19:00",25906.25,25936.75,25905.75,25936.75,35.75,+0.14%,146
"2025-12-11 18:00",25925,25942.25,25900,25901,-29.,-0.11%,201
"2025-12-11 17:00",25971,25990.75,25906.25,25930,-168.,-0.64%,296
"2025-12-11 15:00",25974.5,26116.5,25964.5,26098,123.25,+0.47%,504
"2025-12-11 14:00",25946.5,25977.25,25917.5,25974.75,26.75,+0.10%,589
"2025-12-11 13:00",25896.75,25979.75,25892.75,25948,52.5,+0.20%,380
"2025-12-11 12:00",25847.25,25941,25844,25895.5,47.75,+0.18%,393
"2025-12-11 11:00",25753,25902.5,25753,25847.75,90.5,+0.35%,589
"2025-12-11 10:00",25786.5,25844.25,25713.5,25757.25,-30.5,-0.12%,961
"2025-12-11 09:00",25666,25883.75,25645.25,25787.75,119.25,+0.46%,1215
"2025-12-11 08:00",25904.75,25935.75,25655,25668.5,-227.,-0.88%,1323
"2025-12-11 07:00",25947,25947,25890,25895.5,-59.5,-0.23%,140
"2025-12-11 06:00",25880.75,25955,25880.75,25955,77.5,+0.30%,157
"2025-12-11 05:00",25853.5,25884,25853.25,25877.5,21,+0.08%,43
"2025-12-11 04:00",25862,25872,25839.25,25856.5,-1.75,-0.01%,180
"2025-12-11 03:00",25799.75,25877.75,25799.75,25858.25,65.25,+0.25%,145
"2025-12-11 02:00",25774.75,25794.5,25734.75,25793,-2.,-0.01%,102
"2025-12-11 01:00",25748.5,25795.25,25732.25,25795,31.75,+0.12%,76
"2025-12-11 00:00",25771,25777.75,25725.75,25763.25,-9.25,-0.04%,159
"2025-12-10 23:00",25762.75,25775,25744.25,25772.5,7.5,+0.03%,106
"2025-12-10 22:00",25742.25,25792.5,25736.25,25765,15.25,+0.06%,140
"2025-12-10 21:00",25803,25803,25644.5,25749.75,-54.,-0.21%,387
"2025-12-10 20:00",25915,25915,25780.75,25803.75,-110.5,-0.43%,251
"2025-12-10 19:00",25925.25,25934.5,25910,25914.25,-22.25,-0.09%,76
"2025-12-10 18:00",25981,25988,25928,25936.5,-51.5,-0.20%,54
"2025-12-10 17:00",26047.5,26047.5,25983.25,25988,-72.,-0.28%,99
"2025-12-10 15:00",26058,26065,26018.25,26060,3.75,+0.01%,110
"2025-12-10 14:00",26090,26123.5,26046.75,26056.25,-22.25,-0.09%,669
"2025-12-10 13:00",25881.25,26089,25868.75,26078.5,212.25,+0.82%,1777
"2025-12-10 12:00",25911.5,25912.5,25850.75,25866.25,-51.75,-0.20%,174
"2025-12-10 11:00",25903,25933.75,25872.25,25918,6.75,+0.03%,155
"2025-12-10 10:00",25817.75,25911.25,25785,25911.25,87.5,+0.34%,291
"2025-12-10 09:00",25877.5,25911,25807,25823.75,-68.25,-0.26%,340
"2025-12-10 08:00",25932.25,25936.25,25825.5,25892,-44.5,-0.17%,271
"2025-12-10 07:00",25905.5,25971.75,25905.5,25936.5,43.25,+0.17%,33
"2025-12-10 06:00",25912.5,25912.5,25885,25893.25,-30.25,-0.12%,23
"2025-12-10 05:00",25903.75,25946.25,25903.75,25923.5,-0.5,0.00%,69
"2025-12-10 04:00",25964.75,25980,25874,25924,-42.75,-0.16%,80
"2025-12-10 03:00",25975.5,25984.75,25961.25,25966.75,-8.75,-0.03%,20
"2025-12-10 02:00",25984.5,26000.25,25960.5,25975.5,-8.,-0.03%,29
"2025-12-10 01:00",25963.5,25985,25956.25,25983.5,25.25,+0.10%,16
"2025-12-10 00:00",25937.25,25968.25,25937.25,25958.25,22.25,+0.09%,13
"2025-12-09 23:00",25939.75,25939.75,25927,25936,-11.5,-0.04%,10
"2025-12-09 22:00",25937.5,25965.5,25935.75,25947.5,18.75,+0.07%,27
"2025-12-09 21:00",25934.5,25938.5,25920.5,25928.75,2.5,+0.01%,18
"2025-12-09 20:00",25913,25930.25,25913,25926.25,18,+0.07%,14
"2025-12-09 19:00",25908.75,25913,25899.75,25908.25,0.25,0.00%,16
"2025-12-09 18:00",25940.75,25945.5,25908,25908,-17.,-0.07%,25
"2025-12-09 17:00",25940,25940,25925,25925,-10.5,-0.04%,8
"2025-12-09 15:00",25956.75,25956.75,25928.75,25935.5,-21.75,-0.08%,61
"2025-12-09 14:00",25953.5,25975,25940,25957.25,-2.75,-0.01%,141
"2025-12-09 13:00",25968.5,25971.25,25945.75,25960,-21.25,-0.08%,81
"2025-12-09 12:00",25970.5,25990,25949,25981.25,10.5,+0.04%,134
"2025-12-09 11:00",25958,25986.5,25944.25,25970.75,2,+0.01%,93
"2025-12-09 10:00",25940,25968.75,25926,25968.75,33.5,+0.13%,233
"2025-12-09 09:00",25872.25,25936,25871.75,25935.25,58.75,+0.23%,131
"2025-12-09 08:00",25865.25,25898.5,25820,25876.5,8,+0.03%,222
"2025-12-09 07:00",25908.25,25909.5,25866,25868.5,-42.5,-0.16%,72
"2025-12-09 06:00",25923.75,25925.75,25909.75,25911,-12.,-0.05%,32
"2025-12-09 05:00",25911.75,25931,25890,25923,0,0.00%,26
"2025-12-09 04:00",25911,25924,25858.5,25923,14.75,+0.06%,85
"2025-12-09 03:00",25934.5,25934.5,25903.5,25908.25,-47.25,-0.18%,26
"2025-12-09 02:00",25950,25962,25938,25955.5,5.5,+0.02%,18
"2025-12-09 01:00",25942,25950,25934,25950,19,+0.07%,8
"2025-12-09 00:00",25907.5,25937.5,25904.5,25931,7.5,+0.03%,14
"2025-12-08 23:00",25930,25932.5,25920.75,25923.5,-21.,-0.08%,16
"2025-12-08 22:00",25944.5,25944.5,25944.5,25944.5,-2.25,-0.01%,1
"2025-12-08 21:00",25939,25952.75,25939,25946.75,1.75,+0.01%,5
"2025-12-08 20:00",25947,25960,25945,25945,-1.,0.00%,8
"2025-12-08 19:00",25968.5,25977.5,25946,25946,-29.,-0.11%,21
"2025-12-08 18:00",25970,25975,25967,25975,-1.,0.00%,8
"2025-12-08 17:00",25960,25976.75,25946,25976,18.25,+0.07%,27
"2025-12-08 15:00",25924.75,25959.5,25907,25957.75,40.75,+0.16%,53
"2025-12-08 14:00",25849.25,25922.5,25842,25917,72,+0.28%,222
"2025-12-08 13:00",25836.5,25870,25825.25,25845,8.75,+0.03%,123
"2025-12-08 12:00",25931.5,25944.5,25821.25,25836.25,-100.,-0.39%,216
"2025-12-08 11:00",25888.25,25940,25847.75,25936.25,37.5,+0.14%,293
"2025-12-08 10:00",25913.75,25916,25882.75,25898.75,-15.,-0.06%,205
"2025-12-08 09:00",25999.25,26026,25902.75,25913.75,-83.25,-0.32%,280
"2025-12-08 08:00",26067.75,26106,25978.75,25997,-60.25,-0.23%,269
"2025-12-08 07:00",26057.5,26085,26041.75,26057.25,0.75,0.00%,64
"2025-12-08 06:00",26021.75,26062.75,26019,26056.5,28,+0.11%,24
"2025-12-08 05:00",26040,26049,26026.75,26028.5,-22.25,-0.09%,54
"2025-12-08 04:00",26030.5,26051,26019.25,26050.75,24,+0.09%,26
"2025-12-08 03:00",26028,26048.5,26026.75,26026.75,-2.5,-0.01%,22
"2025-12-08 02:00",26049,26054.5,26024.75,26029.25,-32.,-0.12%,28
"2025-12-08 01:00",26042.25,26077.25,26042.25,26061.25,18.25,+0.07%,25
"2025-12-08 00:00",26048,26062.5,26043,26043,-6.,-0.02%,18
"2025-12-07 23:00",26050.25,26056.5,26043.25,26049,2.5,+0.01%,18
"2025-12-07 22:00",26046.25,26052,26046.25,26046.5,0.5,0.00%,5
"2025-12-07 21:00",26038,26046,26034.5,26046,22,+0.08%,8
"2025-12-07 20:00",26018.75,26031.75,26018.75,26024,4.75,+0.02%,13
"2025-12-07 19:00",25998,26021.25,25998,26019.25,15.75,+0.06%,45
"2025-12-07 18:00",25995,26003.5,25961.5,26003.5,4.25,+0.02%,22
"2025-12-07 17:00",25997.25,26026.5,25981.5,25999.25,14.25,+0.05%,38
"2025-12-05 15:00",25977.75,25995.75,25977.75,25985,-3.25,-0.01%,20
"2025-12-05 14:00",25980,25991,25936.25,25988.25,-1.25,0.00%,53
"2025-12-05 13:00",25978,25991.25,25957,25989.5,7.5,+0.03%,41
"2025-12-05 12:00",25984.5,26004,25956.5,25982,9.75,+0.04%,94
"2025-12-05 11:00",25976,25990.5,25918,25972.25,-11.,-0.04%,85
"2025-12-05 10:00",26010,26014,25910,25983.25,-5.,-0.02%,278
"2025-12-05 09:00",26058,26120,25971,25988.25,-59.5,-0.23%,254
"2025-12-05 08:00",25872.5,26054.75,25872.5,26047.75,183.25,+0.71%,261
"2025-12-05 07:00",25959,25959,25832.75,25864.5,-92.5,-0.36%,105
"2025-12-05 06:00",25971,25985,25951.5,25957,-12.25,-0.05%,35
"2025-12-05 05:00",25977.75,25977.75,25969.25,25969.25,0.25,0.00%,7
"2025-12-05 04:00",25980,25982,25969,25969,-2.25,-0.01%,8
"2025-12-05 03:00",25975,25985.75,25971.25,25971.25,-15.25,-0.06%,4
"2025-12-05 02:00",25976.75,26006,25976.75,25986.5,14,+0.05%,83
"2025-12-05 01:00",25972.25,25981.25,25963,25972.5,4.25,+0.02%,16
"2025-12-05 00:00",25978.25,25981.25,25957.25,25968.25,-6.75,-0.03%,27
"2025-12-04 23:00",25965,25975,25961,25975,10,+0.04%,10
"2025-12-04 22:00",25962.5,25965,25954,25965,10,+0.04%,25
"2025-12-04 21:00",25943.25,25955,25938.5,25955,20,+0.08%,27
"2025-12-04 20:00",25933,25960,25933,25935,3.5,+0.01%,82
"2025-12-04 19:00",25912.5,25932.5,25905,25931.5,32.75,+0.13%,30
"2025-12-04 18:00",25871.5,25901.75,25871.5,25898.75,36,+0.14%,9
"2025-12-04 17:00",25892.5,25893.25,25861.5,25862.75,-15.25,-0.06%,12
"2025-12-04 15:00",25882.5,25886.25,25870,25878,-1.25,0.00%,15
"2025-12-04 14:00",25830.25,25879.25,25801.25,25879.25,30.75,+0.12%,73
"2025-12-04 13:00",25855.5,25860.5,25742.75,25848.5,-3.,-0.01%,95
"2025-12-04 12:00",25866.25,25881,25835.25,25851.5,-14.25,-0.06%,37
"2025-12-04 11:00",25888,25895,25840,25865.75,-28.,-0.11%,48
"2025-12-04 10:00",25820,25900,25757.25,25893.75,67,+0.26%,285
"2025-12-04 09:00",25807,25886.75,25771.75,25826.75,20.25,+0.08%,228
"2025-12-04 08:00",25907.75,25980,25793.75,25806.5,-75.,-0.29%,240
"2025-12-04 07:00",25909.5,25909.5,25870,25881.5,-30.5,-0.12%,13
"2025-12-04 06:00",25915,25924.75,25912,25912,13.5,+0.05%,9
"2025-12-04 05:00",25891,25905.25,25888,25898.5,3.25,+0.01%,36
"2025-12-04 04:00",25924.75,25930.5,25895.25,25895.25,-40.25,-0.16%,12
"2025-12-04 03:00",25895.25,25943,25861.75,25935.5,35.75,+0.14%,36
"2025-12-04 02:00",25898.25,25899.75,25868,25899.75,-3.5,-0.01%,9
"2025-12-04 01:00",25918,25918,25903.25,25903.25,3.25,+0.01%,10
"2025-12-04 00:00",25907,25907,25900,25900,10.75,+0.04%,4
"2025-12-03 23:00",25889.25,25889.25,25889.25,25889.25,11.5,+0.04%,1
"2025-12-03 22:00",25877.75,25877.75,25877.75,25877.75,10.75,+0.04%,1
"2025-12-03 21:00",25897.25,25897.25,25867,25867,-38.5,-0.15%,3
"2025-12-03 20:00",25895.5,25905.5,25875,25905.5,15.5,+0.06%,13
"2025-12-03 19:00",25894.75,25894.75,25890,25890,-14.5,-0.06%,3
"2025-12-03 18:00",25904.5,25904.5,25904.5,25904.5,7.5,+0.03%,1
"2025-12-03 17:00",25897,25905.75,25895,25897,4.25,+0.02%,16
"2025-12-03 15:00",25911.5,25916,25887,25892.75,-16.25,-0.06%,26
"2025-12-03 14:00",25923,25933.5,25900,25909,-10.25,-0.04%,73
"2025-12-03 13:00",25877.75,25920.75,25877.75,25919.25,37,+0.14%,45
"2025-12-03 12:00",25875.75,25903,25861.25,25882.25,11.25,+0.04%,72
"2025-12-03 11:00",25817.25,25885.5,25817.25,25871,61,+0.24%,100
"2025-12-03 10:00",25838.75,25866,25780,25810,-4.5,-0.02%,99
"2025-12-03 09:00",25774.5,25852.5,25750.5,25814.5,76.5,+0.30%,161
"2025-12-03 08:00",25900.25,25903.5,25678.5,25738,-164.,-0.63%,377
"2025-12-03 07:00",25915,25928.75,25898,25902,-10.,-0.04%,51
"2025-12-03 06:00",25884,25915.5,25884,25912,16.25,+0.06%,16
"2025-12-03 05:00",25890.5,25895.75,25890.5,25895.75,29.25,+0.11%,2
"2025-12-03 04:00",25874.25,25874.25,25866.5,25866.5,-18.25,-0.07%,2
"2025-12-03 03:00",25874,25891.5,25871,25884.75,-29.,-0.11%,19
"2025-12-03 02:00",25917.75,25917.75,25871.5,25913.75,9.25,+0.04%,27
"2025-12-03 01:00",25921,25925,25904.5,25904.5,-3.25,-0.01%,8
"2025-12-03 00:00",25910,25917.5,25892.5,25907.75,-8.25,-0.03%,25
"2025-12-02 23:00",25919,25919,25916,25916,2.75,+0.01%,2
"2025-12-02 22:00",25913.25,25913.25,25913.25,25913.25,-16.75,-0.06%,1
"2025-12-02 21:00",25906.75,25930,25906.75,25930,6.25,+0.02%,8
"2025-12-02 20:00",25907.75,25923.75,25907.75,25923.75,34.5,+0.13%,5
"2025-12-02 19:00",25888,25896.75,25886.5,25889.25,8.5,+0.03%,7
"2025-12-02 18:00",25840,25890.25,25839,25880.75,8.75,+0.03%,7
"2025-12-02 17:00",25873,25873.25,25872,25872,30.25,+0.12%,3
"2025-12-02 15:00",25855.75,25860,25840,25841.75,-19.25,-0.07%,17
"2025-12-02 14:00",25878,25898,25848,25861,-30.25,-0.12%,67
"2025-12-02 13:00",25841.5,25892,25820,25891.25,61.25,+0.24%,127
"2025-12-02 12:00",25769.5,25837,25769.5,25830,62,+0.24%,44
"2025-12-02 11:00",25788,25868,25768,25768,6.25,+0.02%,92
"2025-12-02 10:00",25899,25912.25,25669,25761.75,-145.25,-0.56%,210
"2025-12-02 09:00",25851.75,25925.5,25786,25907,57.75,+0.22%,174
"2025-12-02 08:00",25763,25861.75,25733.75,25849.25,108.75,+0.42%,162
"2025-12-02 07:00",25744,25765,25737,25740.5,-12.,-0.05%,41
"2025-12-02 06:00",25725.5,25752.5,25711,25752.5,1,0.00%,52
"2025-12-02 05:00",25738,25760.25,25735,25751.5,8.5,+0.03%,19
"2025-12-02 04:00",25699,25753.5,25694.5,25743,44,+0.17%,35
"2025-12-02 03:00",25672.5,25703,25672.5,25699,20.5,+0.08%,33
"2025-12-02 02:00",25609.5,25678.5,25582,25678.5,70,+0.27%,51
"2025-12-02 01:00",25633.25,25634.75,25608.5,25608.5,-21.5,-0.08%,24
"2025-12-02 00:00",25620,25630,25591,25630,3,+0.01%,17
"2025-12-01 23:00",25622.5,25628,25620,25627,-16.75,-0.07%,9
"2025-12-01 22:00",25643,25643.75,25641.25,25643.75,-4.25,-0.02%,5
"2025-12-01 21:00",25670,25670,25600.5,25648,-25.75,-0.10%,22
"2025-12-01 20:00",25665,25673.75,25637.5,25673.75,2.75,+0.01%,33
"2025-12-01 19:00",25669,25706,25669,25671,12.25,+0.05%,24
"2025-12-01 18:00",25641.75,25658.75,25638,25658.75,-0.25,0.00%,9
"2025-12-01 17:00",25670.5,25670.5,25632.25,25659,11.5,+0.04%,16
"2025-12-01 15:00",25655,25655,25645.25,25647.5,27.5,+0.11%,5
"2025-12-01 14:00",25625.25,25669,25620,25620,-0.5,0.00%,71
"2025-12-01 13:00",25728,25728,25612.5,25620.5,-120.25,-0.47%,97
"2025-12-01 12:00",25700,25740.75,25700,25740.75,24.75,+0.10%,87
"2025-12-01 11:00",25690,25746.75,25685.25,25716,31,+0.12%,59
"2025-12-01 10:00",25666,25700,25575,25685,14.75,+0.06%,61
"2025-12-01 09:00",25620,25670.25,25550,25670.25,74.75,+0.29%,167
"2025-12-01 08:00",25515.25,25626.75,25467,25595.5,97.25,+0.38%,120
"2025-12-01 07:00",25471.75,25508,25471.75,25498.25,24,+0.09%,12
"2025-12-01 06:00",25557.75,25557.75,25463,25474.25,-78.,-0.31%,39
"2025-12-01 05:00",25557,25557,25539.25,25552.25,-19.75,-0.08%,6
"2025-12-01 04:00",25544,25581.5,25544,25572,44.5,+0.17%,53
"2025-12-01 03:00",25575,25595,25527.5,25527.5,-46.5,-0.18%,14
"2025-12-01 02:00",25542,25593,25542,25574,46.5,+0.18%,13
"2025-12-01 01:00",25520.5,25529.25,25510.25,25527.5,8.25,+0.03%,6
"2025-12-01 00:00",25490,25525.25,25490,25519.25,40.25,+0.16%,30
"2025-11-30 23:00",25476.75,25479,25452.25,25479,-3.,-0.01%,15
"2025-11-30 22:00",25515,25517.25,25480,25482,-26.,-0.10%,17
"2025-11-30 21:00",25521.25,25527,25494.5,25508,-25.5,-0.10%,11
"2025-11-30 20:00",25568.25,25568.25,25521.5,25533.5,-38.,-0.15%,21
"2025-11-30 19:00",25567.25,25588,25531.25,25571.5,-5.75,-0.02%,68
"2025-11-30 18:00",25698.75,25698.75,25565,25577.25,-142.75,-0.56%,99
"2025-11-30 17:00",25743.5,25779,25700,25720,-12.,-0.05%,26
"2025-11-28 12:00",25740.5,25750.75,25732,25732,-10.5,-0.04%,25
"2025-11-28 11:00",25680.5,25742.5,25650,25742.5,71.25,+0.28%,35
"2025-11-28 10:00",25662.25,25689,25627.75,25671.25,11.25,+0.04%,88
"2025-11-28 09:00",25638.25,25660,25620,25660,29,+0.11%,21
"2025-11-28 08:00",25625,25675,25591.25,25631,5.5,+0.02%,47
"2025-11-28 07:00",25648,25650,25625.5,25625.5,16.5,+0.06%,13
"2025-11-27 20:00",25608.75,25609,25608.75,25609,2,+0.01%,4
"2025-11-27 19:00",25604,25607,25604,25607,9.5,+0.04%,2
"2025-11-27 18:00",25591.25,25605.25,25588,25597.5,12.5,+0.05%,14
"2025-11-27 17:00",25579,25585,25571.25,25585,34.5,+0.14%,13
"2025-11-27 11:00",25550.5,25550.5,25550.5,25550.5,-1.5,-0.01%,1
"2025-11-27 10:00",25552,25552,25552,25552,-1.,0.00%,1
"2025-11-27 09:00",25555,25555,25550.5,25553,2.5,+0.01%,5
"2025-11-27 08:00",25560,25566.25,25550.5,25550.5,-11.75,-0.05%,4
"2025-11-27 07:00",25552.75,25565,25550,25562.25,3.5,+0.01%,6
"2025-11-27 06:00",25559.5,25560,25551.75,25558.75,-4.25,-0.02%,10
"2025-11-27 05:00",25575,25578,25563,25563,-3.,-0.01%,15
"2025-11-27 04:00",25555.75,25566,25555.75,25566,-9.75,-0.04%,13
"2025-11-27 03:00",25560,25580,25554.5,25575.75,20.25,+0.08%,5
"2025-11-27 02:00",25550,25579,25550,25555.5,-16.25,-0.06%,8
"2025-11-27 01:00",25558.5,25571.75,25555.5,25571.75,11.75,+0.05%,15
"2025-11-27 00:00",25564.5,25564.5,25559,25560,-30.,-0.12%,4
"2025-11-26 23:00",25580,25590,25580,25590,8.75,+0.03%,4
"2025-11-26 22:00",25565,25581.25,25565,25581.25,16.75,+0.07%,4
"2025-11-26 21:00",25569.25,25575.75,25564.5,25564.5,-9.,-0.04%,6
"2025-11-26 20:00",25592.25,25592.25,25573.5,25573.5,1.5,+0.01%,16
"2025-11-26 19:00",25588,25588,25572,25572,-1.25,0.00%,2
"2025-11-26 18:00",25577.25,25577.25,25573.25,25573.25,-6.75,-0.03%,2
"2025-11-26 17:00",25583.25,25590.5,25568.75,25580,5,+0.02%,50
"2025-11-26 15:00",25562.5,25575,25560.25,25575,23.5,+0.09%,28
"2025-11-26 14:00",25595,25606,25542.75,25551.5,-19.5,-0.08%,53
"2025-11-26 13:00",25590.5,25605,25568.5,25571,11,+0.04%,22
"2025-11-26 12:00",25601.75,25605,25536.75,25560,-39.,-0.15%,26
"2025-11-26 11:00",25590,25610,25567.75,25599,-11.,-0.04%,18
"2025-11-26 10:00",25526.75,25628.5,25520,25610,90,+0.35%,101
"2025-11-26 09:00",25394.5,25522.75,25393.5,25520,95.5,+0.38%,78
"2025-11-26 08:00",25453,25530,25405.75,25424.5,-31.5,-0.12%,296
"2025-11-26 07:00",25428.75,25456,25424.25,25456,26,+0.10%,23
"2025-11-26 06:00",25419.5,25430,25378.75,25430,-2.,-0.01%,61
"2025-11-26 05:00",25442.5,25464,25432,25432,-7.5,-0.03%,26
"2025-11-26 04:00",25406.75,25442,25406.75,25439.5,44.5,+0.18%,6
"2025-11-26 03:00",25417.25,25417.25,25395,25395,-35.,-0.14%,26
"2025-11-26 02:00",25456,25474.5,25430,25430,-37.25,-0.15%,14
"2025-11-26 01:00",25470.5,25483.5,25466.25,25467.25,10,+0.04%,23
"2025-11-26 00:00",25455.25,25457.25,25455.25,25457.25,5.25,+0.02%,4
"2025-11-25 23:00",25421.25,25452,25421.25,25452,28.5,+0.11%,10
"2025-11-25 22:00",25434.5,25440.25,25417,25423.5,-11.5,-0.05%,33
"2025-11-25 21:00",25436.5,25440.75,25424.75,25435,4,+0.02%,34
"2025-11-25 20:00",25408.75,25431,25408.5,25431,27.75,+0.11%,23
"2025-11-25 19:00",25376,25411,25376,25403.25,33.25,+0.13%,21
"2025-11-25 18:00",25354,25370,25354,25370,39,+0.15%,2
"2025-11-25 17:00",25317.5,25335.75,25317.5,25331,14,+0.06%,4
"2025-11-25 15:00",25345,25345,25311.75,25317,-15.25,-0.06%,31
"2025-11-25 14:00",25280,25388.25,25275.25,25332.25,78.25,+0.31%,98
"2025-11-25 13:00",25276,25279.5,25200,25254,-26.,-0.10%,33
"2025-11-25 12:00",25244.75,25296.5,25240,25280,19.25,+0.08%,51
"2025-11-25 11:00",25170,25302.25,25147,25260.75,98.75,+0.39%,82
"2025-11-25 10:00",25051,25162,25023.5,25162,101.5,+0.41%,85
"2025-11-25 09:00",25043.75,25119.75,24906,25060.5,-3.75,-0.01%,200
"2025-11-25 08:00",25133.75,25137,24848,25064.25,-63.5,-0.25%,314
"2025-11-25 07:00",25182.5,25189.75,25127,25127.75,-27.25,-0.11%,49
"2025-11-25 06:00",25119.5,25225,25119.5,25155,35,+0.14%,60
"2025-11-25 05:00",25125,25125,25101,25120,-14.5,-0.06%,10
"2025-11-25 04:00",25096.75,25138.75,25096.75,25134.5,55.5,+0.22%,8
"2025-11-25 03:00",25115,25131,25076.25,25079,-34.,-0.14%,23
"2025-11-25 02:00",25179,25179,25110.25,25113,-63.25,-0.25%,14
"2025-11-25 01:00",25132,25176.25,25132,25176.25,30.75,+0.12%,9
"2025-11-25 00:00",25156.5,25175.75,25145.5,25145.5,-27.,-0.11%,21
"2025-11-24 23:00",25187.75,25192.75,25171,25172.5,-9.75,-0.04%,6
"2025-11-24 22:00",25188.75,25192.75,25182.25,25182.25,15,+0.06%,4
"2025-11-24 21:00",25199.75,25205.75,25167.25,25167.25,-31.25,-0.12%,7
"2025-11-24 20:00",25178.5,25203.5,25178,25198.5,-1.,0.00%,26
"2025-11-24 19:00",25196.5,25199.5,25196.5,25199.5,14.25,+0.06%,3
"2025-11-24 18:00",25180.5,25196.5,25180,25185.25,-33.75,-0.13%,7
"2025-11-24 17:00",25211,25224.5,25206.5,25219,6,+0.02%,18
"2025-11-24 15:00",25198.75,25227,25187,25213,27,+0.11%,15
"2025-11-24 14:00",25200.5,25234.5,25180.25,25186,25,+0.10%,57
"2025-11-24 13:00",25186.5,25205,25145.75,25161,-21.,-0.08%,44
"2025-11-24 12:00",25183.25,25203.25,25173,25182,11.5,+0.05%,15
"2025-11-24 11:00",25112,25188,25087,25170.5,80.5,+0.32%,33
"2025-11-24 10:00",25064.75,25133.5,25064.75,25090,60.75,+0.24%,115
"2025-11-24 09:00",24955,25061,24911.25,25029.25,108.5,+0.44%,146
"2025-11-24 08:00",24770,24960.5,24770,24920.75,172.25,+0.70%,123
"2025-11-24 07:00",24789.25,24803,24748.5,24748.5,19.75,+0.08%,14
"2025-11-24 06:00",24695,24749.5,24673.5,24728.75,21.25,+0.09%,59
"2025-11-24 05:00",24650,24707.5,24650,24707.5,90.75,+0.37%,9
"2025-11-24 04:00",24682.5,24682.5,24616.75,24616.75,-56.75,-0.23%,15
"2025-11-24 03:00",24811.25,24811.25,24619.5,24673.5,-131.5,-0.53%,15
"2025-11-24 02:00",24740,24807,24717.75,24805,53.75,+0.22%,10
"2025-11-24 01:00",24704,24764,24704,24751.25,32.75,+0.13%,16
"2025-11-24 00:00",24749,24749,24718.5,24718.5,-26.5,-0.11%,5
"2025-11-23 23:00",24729.5,24760,24729.5,24745,37.5,+0.15%,8
"2025-11-23 22:00",24738,24738,24689.5,24707.5,-31.75,-0.13%,16
"2025-11-23 21:00",24766.25,24768.5,24735,24739.25,-20.25,-0.08%,18
"2025-11-23 20:00",24705,24759.5,24685,24759.5,55.75,+0.23%,5
"2025-11-23 19:00",24680.25,24728.75,24675.25,24703.75,3.75,+0.02%,12
"2025-11-23 18:00",24704.5,24718,24654.75,24700,-28.25,-0.11%,26
"2025-11-23 17:00",24718.25,24773.5,24714,24728.25,142.5,+0.58%,71
"2025-11-21 15:00",24581.25,24598,24547.5,24585.75,35.75,+0.15%,24
"2025-11-21 14:00",24725,24731.25,24530,24550,-143.75,-0.58%,227
"2025-11-21 13:00",24723.25,24835.25,24688,24693.75,-35.75,-0.14%,91
"2025-11-21 12:00",24580,24800.25,24449.75,24729.5,139.75,+0.57%,135
"2025-11-21 11:00",24619,24655,24557,24589.75,-27.5,-0.11%,163
"2025-11-21 10:00",24240.25,24617.25,24187.25,24617.25,350.5,+1.44%,124
"2025-11-21 09:00",24400,24450,24177.75,24266.75,-182.75,-0.75%,174
"2025-11-21 08:00",24481.5,24532.25,24350,24449.5,-38.5,-0.16%,73
"2025-11-21 07:00",24449.75,24535.75,24394.25,24488,48,+0.20%,48
"2025-11-21 06:00",24279.5,24501.75,24206.25,24440,155.75,+0.64%,168
"2025-11-21 05:00",24338.25,24400,24268,24284.25,-50.25,-0.21%,57
"2025-11-21 04:00",24267.5,24339.75,24153.5,24334.5,44.5,+0.18%,192
"2025-11-21 03:00",24443.75,24455.5,24290,24290,-168.75,-0.69%,34
"2025-11-21 02:00",24340,24458.75,24340,24458.75,133,+0.55%,42
"2025-11-21 01:00",24428.25,24442,24325.75,24325.75,-92.,-0.38%,15
"2025-11-21 00:00",24384.75,24425,24382.25,24417.75,27,+0.11%,19
"2025-11-20 23:00",24440,24440,24385.75,24390.75,-29.25,-0.12%,14
"2025-11-20 22:00",24432.25,24435.5,24363,24420,-25.75,-0.11%,47
"2025-11-20 21:00",24417.5,24475,24413.5,24445.75,23,+0.09%,25
"2025-11-20 20:00",24463.25,24463.25,24410.75,24422.75,-30.,-0.12%,52
"2025-11-20 19:00",24435.25,24479,24418.75,24452.75,16,+0.07%,28
"2025-11-20 18:00",24371,24448,24366.5,24436.75,59,+0.24%,65
"2025-11-20 17:00",24336.25,24397,24274,24377.75,45.25,+0.19%,68
"2025-11-20 15:00",24386.25,24386.25,24328.25,24332.5,-47.,-0.19%,54
"2025-11-20 14:00",24644.5,24644.5,24350.25,24379.5,-271.25,-1.10%,258
"2025-11-20 13:00",24537.25,24650.75,24458.25,24650.75,95,+0.39%,192
"2025-11-20 12:00",24645,24840.75,24500,24555.75,-91.75,-0.37%,134
"2025-11-20 11:00",24827.5,24881.5,24560.5,24647.5,-150.25,-0.61%,313
"2025-11-20 10:00",25408.75,25408.75,24766.75,24797.75,-622.5,-2.45%,256
"2025-11-20 09:00",25550,25566,25420.25,25420.25,-112.25,-0.44%,90
"2025-11-20 08:00",25483.25,25540,25398.75,25532.5,22.5,+0.09%,95
"2025-11-20 07:00",25430,25525,25397,25510,110,+0.43%,41
"2025-11-20 06:00",25327.75,25400,25327.75,25400,61.75,+0.24%,67
"2025-11-20 05:00",25348,25385,25313,25338.25,-46.75,-0.18%,16
"2025-11-20 04:00",25302.5,25385,25292,25385,67.25,+0.27%,62
"2025-11-20 03:00",25395,25397,25317.75,25317.75,-90.25,-0.36%,14
"2025-11-20 02:00",25403.25,25421,25397.75,25408,6.5,+0.03%,14
"2025-11-20 01:00",25437.75,25467.25,25401.5,25401.5,-30.75,-0.12%,32
"2025-11-20 00:00",25439,25445,25393.75,25432.25,-0.5,0.00%,18
"2025-11-19 23:00",25467,25467,25422,25432.75,-16.5,-0.06%,46
"2025-11-19 22:00",25440.25,25451.25,25417,25449.25,22.75,+0.09%,21
"2025-11-19 21:00",25444,25448,25410,25426.5,-1.25,0.00%,15
"2025-11-19 20:00",25424.75,25427.75,25408,25427.75,28.25,+0.11%,8
"2025-11-19 19:00",25386,25412.5,25386,25399.5,16.25,+0.06%,10
"2025-11-19 18:00",25347.5,25403.75,25347.5,25383.25,21,+0.08%,16
"2025-11-19 17:00",25250,25362.25,25250,25362.25,153.75,+0.61%,63
"2025-11-19 15:00",24940,25215,24940,25208.5,201.25,+0.80%,189
"2025-11-19 14:00",24931,25075.5,24931,25007.25,103.25,+0.41%,29
"2025-11-19 13:00",24939.75,24939.75,24825,24904,-44.5,-0.18%,58
"2025-11-19 12:00",24900,24965,24860,24948.5,70.25,+0.28%,51
"2025-11-19 11:00",24971.5,24971.5,24765,24878.25,-91.75,-0.37%,75
"2025-11-19 10:00",25022,25040.75,24904.5,24970,-52.5,-0.21%,90
"2025-11-19 09:00",25149.5,25227.75,25008,25022.5,-126.,-0.50%,151
"2025-11-19 08:00",24910,25150,24830,25148.5,234.25,+0.94%,71
"2025-11-19 07:00",24916,24920,24914.25,24914.25,-43.,-0.17%,3
"2025-11-19 06:00",24948,24976,24935.5,24957.25,-22.75,-0.09%,10
"2025-11-19 05:00",24953,24983.25,24951,24980,25.75,+0.10%,20
"2025-11-19 04:00",24923,24961.25,24920,24954.25,29.25,+0.12%,14
"2025-11-19 03:00",24848,24925,24847.75,24925,76.5,+0.31%,18
"2025-11-19 02:00",24867.5,24899,24832,24848.5,-20.75,-0.08%,11
"2025-11-19 01:00",24847.25,24872.5,24844.25,24869.25,56.25,+0.23%,19
"2025-11-19 00:00",24794.5,24813,24776.75,24813,13,+0.05%,9
"2025-11-18 23:00",24779.5,24805,24715,24800,-9.5,-0.04%,10
"2025-11-18 22:00",24779.25,24809.5,24759.75,24809.5,19.25,+0.08%,20
"2025-11-18 21:00",24877,24877,24790.25,24790.25,-104.75,-0.42%,16
"2025-11-18 20:00",24860.25,24900,24856.5,24895,117,+0.47%,14
"2025-11-18 19:00",24793.25,24871,24766,24778,-10.,-0.04%,12
"2025-11-18 18:00",24800,24800,24756.75,24788,-56.75,-0.23%,32
"2025-11-18 17:00",24802.25,24861,24802.25,24844.75,41.25,+0.17%,42
"2025-11-18 15:00",24818,24823.25,24779.5,24803.5,-33.,-0.13%,23
"2025-11-18 14:00",25025.25,25025.25,24836.5,24836.5,-162.75,-0.65%,37
"2025-11-18 13:00",24967.75,25044.75,24946,24999.25,28.25,+0.11%,50
"2025-11-18 12:00",25022.25,25052.25,24971,24971,-37.5,-0.15%,62
"2025-11-18 11:00",24927.5,25033.75,24761,25008.5,129.25,+0.52%,101
"2025-11-18 10:00",24695.5,24925,24633.5,24879.25,170.25,+0.69%,107
"2025-11-18 09:00",24745.5,24856.75,24686.75,24709,-69.25,-0.28%,260
"2025-11-18 08:00",24980,25082.25,24778.25,24778.25,-231.,-0.92%,127
"2025-11-18 07:00",24973,25017.75,24970.5,25009.25,64.75,+0.26%,26
"2025-11-18 06:00",24988,25013.75,24922.25,24944.5,-99.,-0.40%,37
"2025-11-18 05:00",25086.5,25086.5,25043.25,25043.5,-36.75,-0.15%,4
"2025-11-18 04:00",25083,25093.5,25048.75,25080.25,-15.25,-0.06%,15
"2025-11-18 03:00",25061.25,25100,25033,25095.5,33.25,+0.13%,13
"2025-11-18 02:00",24972.25,25103.25,24972.25,25062.25,105.75,+0.42%,49
"2025-11-18 01:00",24890,24973.25,24860.5,24956.5,46.75,+0.19%,25
"2025-11-18 00:00",24981.5,24981.5,24901,24909.75,-54.,-0.22%,76
"2025-11-17 23:00",24976,25010,24944,24963.75,-28.25,-0.11%,27
"2025-11-17 22:00",25023,25030.25,24861.75,24992,-50.75,-0.20%,180
"2025-11-17 21:00",25086.5,25090,25037.5,25042.75,-91.75,-0.37%,32
"2025-11-17 20:00",25180,25187,25134.5,25134.5,-67.25,-0.27%,13
"2025-11-17 19:00",25133.5,25203.5,25133.5,25201.75,111.75,+0.45%,8
"2025-11-17 18:00",25155.75,25155.75,25090,25090,-72.,-0.29%,18
"2025-11-17 17:00",25205,25205,25146.25,25162,11.5,+0.05%,12
"2025-11-17 15:00",25148,25170.25,25145,25150.5,30.25,+0.12%,14
"2025-11-17 14:00",25000,25137,24995.75,25120.25,84.75,+0.34%,110
"2025-11-17 13:00",25156.5,25162.5,25022,25035.5,-123.25,-0.49%,68
"2025-11-17 12:00",25257.25,25296.75,25150,25158.75,-109.25,-0.43%,82
"2025-11-17 11:00",25448.5,25450,25268,25268,-187.25,-0.74%,47
"2025-11-17 10:00",25345,25460,25204.75,25455.25,124.75,+0.49%,74
"2025-11-17 09:00",25469.5,25469.5,25322,25330.5,-134.5,-0.53%,72
"2025-11-17 08:00",25303.25,25506,25222.25,25465,156,+0.62%,141
"2025-11-17 07:00",25384,25384,25271.75,25309,-78.25,-0.31%,58
"2025-11-17 06:00",25412,25428.5,25381.5,25387.25,-84.25,-0.33%,38
"2025-11-17 05:00",25446,25500,25433.5,25471.5,31.5,+0.12%,18
"2025-11-17 04:00",25531.25,25534,25440,25440,-101.75,-0.40%,96
"2025-11-17 03:00",25575,25583.5,25541.75,25541.75,-78.,-0.30%,5
"2025-11-17 02:00",25596,25619.75,25589,25619.75,34.75,+0.14%,20
"2025-11-17 01:00",25500,25588.5,25500,25585,85,+0.33%,11
"2025-11-17 00:00",25528.5,25528.5,25491,25500,-5.,-0.02%,8
"2025-11-16 23:00",25534.75,25534.75,25505,25505,-31.,-0.12%,3
"2025-11-16 22:00",25536,25536,25536,25536,21.5,+0.08%,1
"2025-11-16 21:00",25530,25530,25502,25514.5,11.5,+0.05%,8
"2025-11-16 20:00",25485.75,25504.5,25468.5,25503,20.25,+0.08%,5
"2025-11-16 19:00",25473,25500.5,25472.75,25482.75,-12.,-0.05%,6
"2025-11-16 18:00",25435.75,25495,25382,25494.75,64.75,+0.25%,18
"2025-11-16 17:00",25382.75,25430,25295,25430,30,+0.12%,33
"2025-11-14 15:00",25365,25417.5,25365,25400,57.5,+0.23%,11
"2025-11-14 14:00",25504,25504,25336.25,25342.5,-141.,-0.55%,29
"2025-11-14 13:00",25416.25,25499,25416.25,25483.5,51,+0.20%,12
"2025-11-14 12:00",25450,25481,25354.25,25432.5,-26.,-0.10%,39
"2025-11-14 11:00",25500,25550.5,25422.25,25458.5,-56.5,-0.22%,68
"2025-11-14 10:00",25405,25526.75,25345,25515,115,+0.45%,102
"2025-11-14 09:00",25188,25440.5,25135,25400,189,+0.75%,124
"2025-11-14 08:00",25003.75,25211,24898.75,25211,251,+1.01%,117
"2025-11-14 07:00",24985,24990,24910,24960,-20.,-0.08%,60
"2025-11-14 06:00",25046,25046,24928.25,24980,-103.,-0.41%,92
"2025-11-14 05:00",25155,25155,25040.25,25083,-161.25,-0.64%,39
"2025-11-14 04:00",25211.5,25252.5,25211.5,25244.25,44.25,+0.18%,6
"2025-11-14 03:00",25270.5,25270.5,25198.25,25200,-41.25,-0.16%,9
"2025-11-14 02:00",25214,25241.25,25171.25,25241.25,-15.,-0.06%,8
"2025-11-14 01:00",25317.5,25317.5,25206,25256.25,-71.25,-0.28%,52
"2025-11-14 00:00",25360,25360,25265,25327.5,-32.5,-0.13%,19
"2025-11-13 23:00",25295,25360,25250,25360,70,+0.28%,25
"2025-11-13 22:00",25340,25348,25290,25290,-57.75,-0.23%,37
"2025-11-13 21:00",25400,25400,25347.75,25347.75,-42.25,-0.17%,12
"2025-11-13 20:00",25385.75,25404,25379.5,25390,22.25,+0.09%,12
"2025-11-13 19:00",25369,25395,25367.75,25367.75,-2.25,-0.01%,16
"2025-11-13 18:00",25365.25,25391.5,25365,25370,4.75,+0.02%,7
"2025-11-13 17:00",25372.5,25403.5,25365,25365.25,19.25,+0.08%,15
"2025-11-13 15:00",25400,25408,25345,25346,-8.,-0.03%,22
"2025-11-13 14:00",25309,25400,25296.5,25354,41.75,+0.16%,43
"2025-11-13 13:00",25340,25391.5,25264.25,25312.25,-4.75,-0.02%,80
"2025-11-13 12:00",25400.25,25423.5,25275,25317,-110.,-0.43%,38
"2025-11-13 11:00",25453.25,25510,25411,25427,-25.5,-0.10%,39
"2025-11-13 10:00",25506.5,25520.75,25424.5,25452.5,-60.75,-0.24%,71
"2025-11-13 09:00",25674,25754.5,25455.75,25513.25,-134.75,-0.53%,101
"2025-11-13 08:00",25757.75,25762.75,25552,25648,-119.75,-0.46%,171
"2025-11-13 07:00",25839.25,25845,25767.75,25767.75,-112.25,-0.43%,20
"2025-11-13 06:00",25833.75,25880,25828.75,25880,23.25,+0.09%,4
"2025-11-13 05:00",25887,25887,25829.25,25856.75,-24.75,-0.10%,8
"2025-11-13 04:00",25858.75,25885.25,25858.75,25881.5,51,+0.20%,5
"2025-11-13 03:00",25894.75,25894.75,25799.5,25830.5,-114.75,-0.44%,28
"2025-11-13 02:00",25921,25945.25,25919,25945.25,9.75,+0.04%,5
"2025-11-13 01:00",25981.5,25987.25,25935.5,25935.5,-40.25,-0.15%,6
"2025-11-13 00:00",25975.75,25975.75,25975.75,25975.75,-1.5,-0.01%,1
"2025-11-12 23:00",25976,25977.25,25976,25977.25,19.25,+0.07%,2
"2025-11-12 22:00",25940.25,25958,25940.25,25958,26,+0.10%,4
"2025-11-12 21:00",25915,25950,25907.75,25932,3.5,+0.01%,6
"2025-11-12 20:00",25964.25,25964.25,25924.25,25928.5,-26.,-0.10%,6
"2025-11-12 19:00",25860,25979.5,25860,25954.5,129.5,+0.50%,41
"2025-11-12 18:00",25818.75,25850,25818.75,25825,47,+0.18%,6
"2025-11-12 17:00",25845,25845,25775.75,25778,-137.,-0.53%,12
"2025-11-12 15:00",25895,25915,25895,25915,36.75,+0.14%,3
"2025-11-12 14:00",25824.25,25907,25824.25,25878.25,36,+0.14%,33
"2025-11-12 13:00",25850,25860,25818,25842.25,-37.75,-0.15%,15
"2025-11-12 12:00",25872.5,25896.75,25850,25880,0.25,0.00%,35
"2025-11-12 11:00",25785.25,25891.25,25785.25,25879.75,84.75,+0.33%,65
"2025-11-12 10:00",25813.5,25868.25,25759,25795,-23.75,-0.09%,74
"2025-11-12 09:00",25849.75,25916.75,25801,25818.75,-35.,-0.14%,125
"2025-11-12 08:00",26047,26050,25833,25853.75,-214.25,-0.82%,95
"2025-11-12 07:00",26059,26073.75,26059,26068,11.75,+0.05%,5
"2025-11-12 06:00",25994.5,26063,25994.5,26056.25,56.25,+0.22%,32
"2025-11-12 05:00",26023.5,26023.5,26000,26000,-56.25,-0.22%,4
"2025-11-12 04:00",26084.25,26086.25,26051.25,26056.25,-35.75,-0.14%,13
"2025-11-12 03:00",26060,26092,26060,26092,51,+0.20%,12
"2025-11-12 02:00",26041,26041,26041,26041,-12.,-0.05%,1
"2025-11-12 01:00",26043,26077.75,26041,26053,23.75,+0.09%,20
"2025-11-12 00:00",26020,26029.25,26019.75,26029.25,14.25,+0.05%,5
"2025-11-11 23:00",25987.75,26015,25987.75,26015,45,+0.17%,8
"2025-11-11 22:00",25984.25,25984.25,25970,25970,-30.75,-0.12%,4
"2025-11-11 21:00",25987.5,26000.75,25980,26000.75,17.75,+0.07%,4
"2025-11-11 20:00",26000.25,26024.25,25980,25983,-19.5,-0.07%,15
"2025-11-11 19:00",25969.75,26002.5,25964.25,26002.5,58.75,+0.23%,11
"2025-11-11 18:00",25936.25,25955,25936.25,25943.75,18.75,+0.07%,9
"2025-11-11 17:00",25908.5,25925,25908.5,25925,-15.,-0.06%,6
"2025-11-11 15:00",25926,25940,25926,25940,50,+0.19%,3
"2025-11-11 14:00",25933.5,25950,25888.25,25890,-34.5,-0.13%,29
"2025-11-11 13:00",25941,25941,25910.75,25924.5,-33.75,-0.13%,23
"2025-11-11 12:00",25893.25,25958.25,25867.25,25958.25,73.25,+0.28%,50
"2025-11-11 11:00",25793,25889.5,25793,25885,115,+0.45%,56
"2025-11-11 10:00",25776,25844.5,25742.5,25770,-7.75,-0.03%,43
"2025-11-11 09:00",25873,25878.75,25750,25777.75,-111.75,-0.43%,54
"2025-11-11 08:00",25858.25,25903,25832,25889.5,40.5,+0.16%,39
"2025-11-11 07:00",25876,25880.75,25839.5,25849,-8.,-0.03%,16
"2025-11-11 06:00",25890,25890,25845.75,25857,-20.25,-0.08%,21
"2025-11-11 05:00",25896,25909.25,25877.25,25877.25,-12.75,-0.05%,15
"2025-11-11 04:00",25880.25,25894.5,25880.25,25890,23,+0.09%,3
"2025-11-11 03:00",25890,25916.5,25866.25,25867,-31.,-0.12%,19
"2025-11-11 02:00",25905,25905,25898,25898,-25.,-0.10%,4
"2025-11-11 01:00",25923,25923,25923,25923,-32.,-0.12%,1
"2025-11-11 00:00",25918,25955,25918,25955,33,+0.13%,6
"2025-11-10 23:00",25940,25940,25918,25922,-55.,-0.21%,19
"2025-11-10 22:00",25980,25989.75,25973,25977,-29.5,-0.11%,19
"2025-11-10 21:00",26004.5,26006.5,25987,26006.5,-2.,-0.01%,16
"2025-11-10 20:00",25985.75,26017,25985.5,26008.5,-13.75,-0.05%,10
"2025-11-10 19:00",26010.75,26025.5,26009,26022.25,24,+0.09%,8
"2025-11-10 18:00",26013,26013,25998.25,25998.25,9.5,+0.04%,2
"2025-11-10 17:00",25985.25,25988.75,25974,25988.75,-10.25,-0.04%,3
"2025-11-10 15:00",26000,26000,25999,25999,19,+0.07%,3
"2025-11-10 14:00",25979,26025.25,25970,25980,11.25,+0.04%,46
"2025-11-10 13:00",25930.25,25977.75,25925,25968.75,44.75,+0.17%,40
"2025-11-10 12:00",25899.25,25936.5,25899.25,25924,31.75,+0.12%,31
"2025-11-10 11:00",25783,25892.25,25779.25,25892.25,108,+0.42%,44
"2025-11-10 10:00",25775,25797.5,25727,25784.25,-0.25,0.00%,67
"2025-11-10 09:00",25898,25928,25784.5,25784.5,-115.5,-0.45%,74
"2025-11-10 08:00",25794,25900.5,25791.25,25900,78.75,+0.30%,76
"2025-11-10 07:00",25808.75,25821.25,25796.75,25821.25,11.25,+0.04%,25
"2025-11-10 06:00",25804,25810,25784.75,25810,2,+0.01%,6
"2025-11-10 05:00",25799.75,25808,25777.5,25808,4,+0.02%,18
"2025-11-10 04:00",25816.25,25816.25,25798,25804,-12.5,-0.05%,4
"2025-11-10 03:00",25788.75,25831,25788.75,25816.5,19.5,+0.08%,75
"2025-11-10 02:00",25737.5,25797,25726.5,25797,39,+0.15%,24
"2025-11-10 01:00",25729,25758.25,25729,25758,-6.25,-0.02%,20
"2025-11-10 00:00",25749.5,25765,25734,25764.25,12.5,+0.05%,6
"2025-11-09 23:00",25745,25755,25739,25751.75,26.75,+0.10%,13
"2025-11-09 22:00",25744,25744,25722.75,25725,-7.25,-0.03%,5
"2025-11-09 21:00",25715,25747,25715,25732.25,25.75,+0.10%,11
"2025-11-09 20:00",25687.5,25706.5,25681.75,25706.5,11.5,+0.04%,13
"2025-11-09 19:00",25610,25695,25610,25695,95,+0.37%,26
"2025-11-09 18:00",25578,25600,25525.25,25600,1,0.00%,28
"2025-11-09 17:00",25566.75,25627,25557,25599,128.5,+0.50%,54
"2025-11-07 15:00",25429,25480.5,25425.75,25470.5,45.5,+0.18%,20
"2025-11-07 14:00",25366.5,25425,25287.5,25425,70.5,+0.28%,111
"2025-11-07 13:00",25168.5,25354.5,25166.5,25354.5,160.75,+0.64%,76
"2025-11-07 12:00",25108,25201.5,25075.75,25193.75,112.75,+0.45%,113
"2025-11-07 11:00",24986,25108,24960.75,25081,108.75,+0.44%,65
"2025-11-07 10:00",25098.25,25098.25,24972.25,24972.25,-119.5,-0.48%,71
"2025-11-07 09:00",25255,25297,25085,25091.75,-187.75,-0.74%,105
"2025-11-07 08:00",25364.5,25368.5,25188.25,25279.5,-119.25,-0.47%,167
"2025-11-07 07:00",25342.5,25399,25321.25,25398.75,52.75,+0.21%,38
"2025-11-07 06:00",25448.5,25455,25345,25346,-102.5,-0.40%,22
"2025-11-07 05:00",25445.25,25448.5,25345,25448.5,-36.75,-0.14%,55
"2025-11-07 04:00",25522.25,25522.25,25440.75,25485.25,-32.5,-0.13%,65
"2025-11-07 03:00",25562.25,25574,25514.5,25517.75,-41.25,-0.16%,11
"2025-11-07 02:00",25610.75,25610.75,25551.5,25559,-44.,-0.17%,18
"2025-11-07 01:00",25589.75,25603,25578.75,25603,25.75,+0.10%,9
"2025-11-07 00:00",25592,25592,25570,25577.25,-2.75,-0.01%,6
"2025-11-06 23:00",25538,25580,25538,25580,86.25,+0.34%,15
"2025-11-06 22:00",25452.5,25519.25,25425.75,25493.75,20,+0.08%,72
"2025-11-06 21:00",25535.5,25538.75,25468,25473.75,-49.5,-0.19%,19
"2025-11-06 20:00",25528,25530.75,25509.75,25523.25,5.75,+0.02%,9
"2025-11-06 19:00",25588.75,25588.75,25466.75,25517.5,-83.25,-0.33%,17
"2025-11-06 18:00",25550.5,25600.75,25550.5,25600.75,5.75,+0.02%,2
"2025-11-06 17:00",25536,25595,25536,25595,39.25,+0.15%,13
"2025-11-06 15:00",25509,25558,25505.5,25555.75,60.25,+0.24%,16
"2025-11-06 14:00",25665.5,25668.5,25495.5,25495.5,-184.5,-0.72%,46
"2025-11-06 13:00",25595.5,25686,25595.5,25680,103,+0.40%,23
"2025-11-06 12:00",25536.5,25627,25490.5,25577,-20.5,-0.08%,35
"2025-11-06 11:00",25514,25610.5,25480,25597.5,112.25,+0.44%,109
"2025-11-06 10:00",25597.25,25625,25480.5,25485.25,-71.5,-0.28%,68
"2025-11-06 09:00",25752,25800,25556.75,25556.75,-225.25,-0.87%,197
"2025-11-06 08:00",26027.25,26034,25782,25782,-250.75,-0.96%,114
"2025-11-06 07:00",26052.25,26077.5,26032.75,26032.75,-16.75,-0.06%,12
"2025-11-06 06:00",26019.75,26049.5,26019.75,26049.5,31.5,+0.12%,13
"2025-11-06 05:00",26018,26035,26018,26018,-7.25,-0.03%,5
"2025-11-06 04:00",26038,26038,26024,26025.25,21.25,+0.08%,4
"2025-11-06 03:00",25956.75,26005.25,25956.75,26004,68.25,+0.26%,10
"2025-11-06 02:00",25900,25935.75,25897.25,25935.75,30,+0.12%,12
"2025-11-06 01:00",25952.75,25976,25905.75,25905.75,-43.25,-0.17%,22
"2025-11-06 00:00",25945,25958.75,25941,25949,-14.5,-0.06%,11
"2025-11-05 23:00",25983,25999.25,25963.5,25963.5,-33.25,-0.13%,9
"2025-11-05 22:00",25969.25,26003.75,25969.25,25996.75,27.5,+0.11%,6
"2025-11-05 21:00",25997.5,25997.5,25969.25,25969.25,-7.25,-0.03%,3
"2025-11-05 20:00",25917.5,25976.5,25907.75,25976.5,20.25,+0.08%,10
"2025-11-05 19:00",25951,25956.25,25918.75,25956.25,-13.5,-0.05%,9
"2025-11-05 18:00",25986.25,25986.25,25921,25969.75,-48.25,-0.19%,12
"2025-11-05 17:00",25990,26018,25990,26018,26.25,+0.10%,3
"2025-11-05 15:00",25987.5,25995.25,25965,25991.75,-3.25,-0.01%,24
"2025-11-05 14:00",26114,26120,25995,25995,-135.,-0.52%,49
"2025-11-05 13:00",26119.25,26133,26105,26130,-1.5,-0.01%,31
"2025-11-05 12:00",26071.25,26133.5,26071.25,26131.5,59.25,+0.23%,45
"2025-11-05 11:00",26037.75,26092,26008.5,26072.25,33.25,+0.13%,119
"2025-11-05 10:00",25976.5,26050,25930,26039,77.75,+0.30%,123
"2025-11-05 09:00",25928,25995,25889,25961.25,20.75,+0.08%,194
"2025-11-05 08:00",25829.5,25940.5,25754.5,25940.5,93.5,+0.36%,90
"2025-11-05 07:00",25795.25,25850,25795.25,25847,71.25,+0.28%,19
"2025-11-05 06:00",25770.5,25788,25770.5,25775.75,45.25,+0.18%,16
"2025-11-05 05:00",25665,25730.5,25665,25730.5,50.25,+0.20%,5
"2025-11-05 04:00",25791.5,25791.5,25680.25,25680.25,-97.25,-0.38%,11
"2025-11-05 03:00",25769.75,25808,25769.75,25777.5,3,+0.01%,5
"2025-11-05 02:00",25763.5,25774.5,25763.5,25774.5,13.5,+0.05%,3
"2025-11-05 01:00",25768,25768,25746.5,25761,-37.,-0.14%,5
"2025-11-05 00:00",25725.25,25804.5,25716.25,25798,73,+0.28%,17
"2025-11-04 23:00",25738.5,25788,25725,25725,14,+0.05%,12
"2025-11-04 22:00",25750,25750,25710.75,25711,-50.5,-0.20%,10
"2025-11-04 21:00",25686.25,25770.5,25686.25,25761.5,93.75,+0.37%,38
"2025-11-04 20:00",25602,25673,25555.5,25667.75,73,+0.29%,30
"2025-11-04 19:00",25650.75,25650.75,25551,25594.75,-81.75,-0.32%,43
"2025-11-04 18:00",25758.75,25758.75,25670,25676.5,-114.5,-0.44%,23
"2025-11-04 17:00",25793.25,25793.25,25773.25,25791,-51.5,-0.20%,17
"2025-11-04 15:00",25844,25844,25785,25842.5,2.5,+0.01%,21
"2025-11-04 14:00",25871.5,25900,25808,25840,-25.25,-0.10%,57
"2025-11-04 13:00",25917.25,25925.5,25837.75,25865.25,-75.,-0.29%,39
"2025-11-04 12:00",25937.25,25940.25,25864.25,25940.25,11.25,+0.04%,40
"2025-11-04 11:00",25995,25995,25906.25,25929,-65.25,-0.25%,98
"2025-11-04 10:00",26076.5,26076.5,25994.25,25994.25,-55.,-0.21%,74
"2025-11-04 09:00",26134,26155,26033.75,26049.25,-85.75,-0.33%,58
"2025-11-04 08:00",25948,26135,25926.5,26135,155.25,+0.60%,91
"2025-11-04 07:00",26008,26020,25955,25979.75,-51.25,-0.20%,20
"2025-11-04 06:00",26020.25,26050,25998,26031,-5.,-0.02%,24
"2025-11-04 05:00",26030,26050,26030,26036,14,+0.05%,20
"2025-11-04 04:00",25928.25,26032,25911.5,26022,83.25,+0.32%,23
"2025-11-04 03:00",26035.25,26035.25,25937,25938.75,-97.5,-0.37%,33
"2025-11-04 02:00",26052,26052,26000,26036.25,-13.25,-0.05%,9
"2025-11-04 01:00",26020,26050,26000,26049.5,8.25,+0.03%,17
"2025-11-04 00:00",26060,26067.75,26005.25,26041.25,-38.75,-0.15%,36
"2025-11-03 23:00",26178,26180,26080,26080,-94.5,-0.36%,29
"2025-11-03 22:00",26190,26197.75,26169.5,26174.5,-20.5,-0.08%,16
"2025-11-03 21:00",26220,26225,26190,26195,-11.25,-0.04%,10
"2025-11-03 20:00",26256.5,26256.5,26206.25,26206.25,-64.,-0.24%,6
"2025-11-03 19:00",26281.25,26281.25,26270.25,26270.25,-8.25,-0.03%,2
"2025-11-03 18:00",26267.5,26279.75,26250,26278.5,-46.5,-0.18%,5
"2025-11-03 17:00",26353.75,26353.75,26325,26325,-47.5,-0.18%,4
"2025-11-03 15:00",26395,26435,26372,26372.5,20.5,+0.08%,11
"2025-11-03 14:00",26365.25,26365.75,26349.25,26352,-16.,-0.06%,5
"2025-11-03 13:00",26395.25,26395.25,26340.5,26368,-33.25,-0.13%,27
"2025-11-03 12:00",26419.75,26425.5,26401,26401.25,-8.25,-0.03%,7
"2025-11-03 11:00",26369,26415.25,26354,26409.5,19.5,+0.07%,32
"2025-11-03 10:00",26352.25,26390,26316.75,26390,24.25,+0.09%,33
"2025-11-03 09:00",26380,26405.25,26277,26365.75,-41.75,-0.16%,57
"2025-11-03 08:00",26465,26530,26388.25,26407.5,-24.25,-0.09%,61
"2025-11-03 07:00",26400,26438.75,26400,26431.75,4.75,+0.02%,5
"2025-11-03 06:00",26445,26445,26420,26427,-8.,-0.03%,5
"2025-11-03 05:00",26427.25,26435,26419,26435,30,+0.11%,15
"2025-11-03 04:00",26405,26405,26405,26405,-8.25,-0.03%,2
"2025-11-03 03:00",26377,26413.25,26377,26413.25,75,+0.28%,8
"2025-11-03 02:00",26338.25,26338.25,26338.25,26338.25,50.25,+0.19%,1
"2025-11-03 01:00",26296.5,26296.5,26288,26288,-25.5,-0.10%,2
"2025-11-03 00:00",26321.5,26321.5,26296.25,26313.5,-21.5,-0.08%,8
"2025-11-02 20:00",26347,26373.5,26335,26335,-20.5,-0.08%,7
"2025-11-02 19:00",26380,26380,26351.75,26355.5,-14.5,-0.05%,7
"2025-11-02 18:00",26360,26370,26349.75,26370,18,+0.07%,5
"2025-11-02 17:00",26265.5,26352,26265.5,26352,104,+0.40%,16
"2025-10-31 15:00",26237.5,26248,26237.5,26248,-37.25,-0.14%,2
"2025-10-31 14:00",26282,26380,26274,26285.25,27.25,+0.10%,70
"2025-10-31 13:00",26216,26279.5,26216,26258,42,+0.16%,23
"2025-10-31 12:00",26205,26232.75,26155,26216,12.5,+0.05%,66
"2025-10-31 11:00",26310,26313,26200,26203.5,-117.5,-0.45%,108
"2025-10-31 10:00",26431.75,26431.75,26320,26321,-97.,-0.37%,137
"2025-10-31 09:00",26359.75,26438,26328.75,26418,68,+0.26%,59
"2025-10-31 08:00",26467.5,26467.5,26350,26350,-135.25,-0.51%,48
"2025-10-31 07:00",26498,26525,26477.5,26485.25,0.25,0.00%,15
"2025-10-31 06:00",26468,26489,26460,26485,35,+0.13%,10
"2025-10-31 05:00",26447.75,26450,26427,26450,-21.,-0.08%,6
"2025-10-31 03:00",26471,26471,26471,26471,-8.,-0.03%,1
"2025-10-31 02:00",26413.75,26479,26413.75,26479,28.5,+0.11%,46
"2025-10-31 01:00",26424.5,26453,26424.5,26450.5,22.5,+0.09%,7
"2025-10-31 00:00",26445.25,26445.25,26428,26428,-39.25,-0.15%,2
"2025-10-30 23:00",26459.5,26471.5,26459.5,26467.25,15.75,+0.06%,58
"2025-10-30 22:00",26448.75,26462.25,26428,26451.5,17,+0.06%,66
"2025-10-30 21:00",26475,26475,26434.5,26434.5,-35.5,-0.13%,15
"2025-10-30 20:00",26444,26472,26444,26470,9.25,+0.03%,21
"2025-10-30 19:00",26409,26461.75,26409,26460.75,25.75,+0.10%,20
"2025-10-30 18:00",26401.75,26435,26388.75,26435,28,+0.11%,12
"2025-10-30 17:00",26435,26445,26404.75,26407,2,+0.01%,20
"2025-10-30 15:00",26130,26405,26130,26405,268,+1.03%,93
"2025-10-30 14:00",26242.75,26242.75,26137,26137,-111.75,-0.43%,65
"2025-10-30 13:00",26321,26321,26240,26248.75,-67.75,-0.26%,30
"2025-10-30 12:00",26292.5,26334.75,26268.5,26316.5,-0.5,0.00%,19
"2025-10-30 11:00",26288,26356.25,26288,26317,65,+0.25%,39
"2025-10-30 10:00",26288.25,26337,26230,26252,6,+0.02%,61
"2025-10-30 09:00",26405.75,26438.25,26242.25,26246,-139.75,-0.53%,94
"2025-10-30 08:00",26369.5,26405.75,26215,26385.75,5,+0.02%,77
"2025-10-30 07:00",26527.25,26532.75,26378,26380.75,-141.75,-0.53%,27
"2025-10-30 06:00",26542,26542,26522.5,26522.5,47.5,+0.18%,4
"2025-10-30 04:00",26550,26556,26475,26475,-33.,-0.12%,4
"2025-10-30 03:00",26553.25,26553.25,26508,26508,-27.5,-0.10%,3
"2025-10-30 02:00",26461,26535.5,26461,26535.5,11,+0.04%,13
"2025-10-30 01:00",26512,26524.5,26492,26524.5,-30.,-0.11%,46
"2025-10-30 00:00",26500,26590,26497.5,26554.5,49,+0.18%,34
"2025-10-29 23:00",26578,26578,26420,26505.5,-148.5,-0.56%,35
"2025-10-29 22:00",26635,26670,26635,26654,29.75,+0.11%,115
"2025-10-29 21:00",26580,26626.25,26580,26624.25,46.75,+0.18%,14
"2025-10-29 20:00",26545.75,26578,26533.5,26577.5,28,+0.11%,7
"2025-10-29 19:00",26520,26575,26520,26549.5,49.5,+0.19%,14
"2025-10-29 18:00",26500,26500,26440.25,26500,26.75,+0.10%,6
"2025-10-29 17:00",26442,26500,26442,26473.25,-18.,-0.07%,8
"2025-10-29 15:00",26563,26610,26441.5,26491.25,-31.,-0.12%,65
"2025-10-29 14:00",26460,26540,26381,26522.25,67.75,+0.26%,82
"2025-10-29 13:00",26533,26538,26317,26454.5,-62.5,-0.24%,256
"2025-10-29 12:00",26521.5,26521.5,26482,26517,14.5,+0.05%,21
"2025-10-29 11:00",26500,26520,26472.5,26502.5,0.25,0.00%,29
"2025-10-29 10:00",26532.25,26537.5,26487,26502.25,-20.75,-0.08%,60
"2025-10-29 09:00",26583,26586.5,26518,26523,-53.25,-0.20%,33
"2025-10-29 08:00",26534.75,26577,26520,26576.25,58.75,+0.22%,36
"2025-10-29 07:00",26537.75,26537.75,26517.5,26517.5,-36.75,-0.14%,3
"2025-10-29 06:00",26534.25,26554.25,26534.25,26554.25,39.25,+0.15%,5
"2025-10-29 05:00",26500.5,26526,26500.5,26515,23.75,+0.09%,6
"2025-10-29 04:00",26523,26523.25,26491.25,26491.25,-32.75,-0.12%,14
"2025-10-29 03:00",26566.25,26566.25,26524,26524,-34.,-0.13%,7
"2025-10-29 02:00",26540.25,26558,26540.25,26558,18,+0.07%,4
"2025-10-29 01:00",26532,26549,26532,26540,22.25,+0.08%,7
"2025-10-29 00:00",26515,26517.75,26515,26517.75,11.75,+0.04%,3
"2025-10-28 23:00",26483,26506.75,26483,26506,1.75,+0.01%,3
"2025-10-28 22:00",26502,26505,26490.5,26504.25,-9.75,-0.04%,14
"2025-10-28 21:00",26478,26514,26478,26514,34,+0.13%,22
"2025-10-28 20:00",26440,26480,26440,26480,51.25,+0.19%,16
"2025-10-28 19:00",26448.75,26448.75,26428.75,26428.75,-3.5,-0.01%,4
"2025-10-28 17:00",26432.25,26432.25,26432.25,26432.25,7.25,+0.03%,1
"2025-10-28 15:00",26420,26425,26417.5,26425,-2.,-0.01%,5
"2025-10-28 14:00",26439.5,26490,26427,26427,-18.25,-0.07%,42
"2025-10-28 13:00",26416,26450,26415,26445.25,36,+0.14%,12
"2025-10-28 12:00",26368,26413.5,26365,26409.25,29.5,+0.11%,26
"2025-10-28 11:00",26324.25,26401.25,26324.25,26379.75,73.5,+0.28%,59
"2025-10-28 10:00",26299,26311,26267.25,26306.25,16.25,+0.06%,42
"2025-10-28 09:00",26317.25,26330,26274,26290,-33.25,-0.13%,33
"2025-10-28 08:00",26268.75,26346.25,26268.75,26323.25,59.5,+0.23%,50
"2025-10-28 07:00",26267,26275,26263.75,26263.75,9.75,+0.04%,6
"2025-10-28 06:00",26255.75,26255.75,26249,26254,9,+0.03%,6
"2025-10-28 05:00",26238,26245,26238,26245,24.25,+0.09%,4
"2025-10-28 04:00",26226.75,26235,26220.75,26220.75,18,+0.07%,8
"2025-10-28 03:00",26211.25,26211.25,26202.75,26202.75,-13.25,-0.05%,7
"2025-10-28 02:00",26228.5,26228.5,26216,26216,-1.5,-0.01%,3
"2025-10-28 01:00",26214.75,26235,26214.75,26217.5,-1.5,-0.01%,5
"2025-10-28 00:00",26211,26219,26211,26219,-28.5,-0.11%,4
"2025-10-27 22:00",26236.25,26247.5,26234.5,26247.5,19.5,+0.07%,3
"2025-10-27 20:00",26228,26231,26227.75,26228,-17.75,-0.07%,4
"2025-10-27 19:00",26245.75,26245.75,26245.75,26245.75,-12.75,-0.05%,1
"2025-10-27 18:00",26258.5,26258.5,26258.5,26258.5,0.75,0.00%,1
"2025-10-27 17:00",26255,26257.75,26255,26257.75,-8.25,-0.03%,2
"2025-10-27 15:00",26225,26266,26225,26266,37.75,+0.14%,12
"2025-10-27 14:00",26190,26230.75,26177,26228.25,32.25,+0.12%,79
"2025-10-27 13:00",26182.25,26200,26179,26196,16,+0.06%,113
"2025-10-27 12:00",26168,26180,26168,26180,24,+0.09%,21
"2025-10-27 11:00",26155.25,26168.5,26155.25,26156,11,+0.04%,14
"2025-10-27 10:00",26127.25,26158.25,26127.25,26145,19.25,+0.07%,19
"2025-10-27 09:00",26109.25,26139.5,26078,26125.75,35.5,+0.14%,56
"2025-10-27 08:00",26080,26108,26072,26090.25,5.5,+0.02%,30
"2025-10-27 07:00",26083.5,26096,26079.75,26084.75,14.75,+0.06%,7
"2025-10-27 06:00",26070,26070,26070,26070,-30.5,-0.12%,1
"2025-10-27 05:00",26087.5,26100.5,26087.5,26100.5,20.5,+0.08%,6
"2025-10-27 04:00",26080,26080,26080,26080,33.25,+0.13%,1
"2025-10-27 02:00",26047.5,26058.5,26045,26046.75,8.75,+0.03%,12
"2025-10-27 01:00",26043,26051.25,26038,26038,8,+0.03%,22
"2025-10-27 00:00",26016,26030,26016,26030,16.25,+0.06%,7
"2025-10-26 23:00",26015.5,26019,26009,26013.75,-5.25,-0.02%,14
"2025-10-26 22:00",26006,26021.75,26006,26019,38.25,+0.15%,7
"2025-10-26 21:00",25977,25980.75,25977,25980.75,3.75,+0.01%,2
"2025-10-26 20:00",25966,25977,25962.5,25977,-8.,-0.03%,9
"2025-10-26 19:00",25986,25991,25985,25985,8.5,+0.03%,7
"2025-10-26 18:00",25976.5,25976.5,25976.5,25976.5,0.5,0.00%,1
"2025-10-26 17:00",25931.25,26000,25931.25,25976,208,+0.81%,40
"2025-10-24 15:00",25749.25,25772.25,25749.25,25768,8,+0.03%,11
"2025-10-24 14:00",25794.75,25811,25750,25760,-30.,-0.12%,13
"2025-10-24 13:00",25796.5,25799.5,25785.75,25790,-10.,-0.04%,35
"2025-10-24 12:00",25790,25815,25790,25800,-2.,-0.01%,39
"2025-10-24 11:00",25782,25808.5,25770.5,25802,35.75,+0.14%,44
"2025-10-24 10:00",25720,25790,25714,25766.25,70.25,+0.27%,86
"2025-10-24 09:00",25765.25,25788.25,25687.75,25696,-72.,-0.28%,51
"2025-10-24 08:00",25724,25777.5,25715,25768,48,+0.19%,43
"2025-10-24 07:00",25630,25777.5,25613,25720,91,+0.36%,132
"2025-10-24 06:00",25621.75,25629,25621.75,25629,11,+0.04%,3
"2025-10-24 05:00",25629.75,25629.75,25618,25618,-10.,-0.04%,3
"2025-10-24 04:00",25622.75,25642,25622.75,25628,20,+0.08%,6
"2025-10-24 03:00",25608,25608,25608,25608,20.25,+0.08%,1
"2025-10-24 02:00",25600,25610,25587.75,25587.75,-39.,-0.15%,7
"2025-10-24 01:00",25600,25626.75,25600,25626.75,33.25,+0.13%,13
"2025-10-24 00:00",25577,25593.5,25577,25593.5,16.75,+0.07%,11
"2025-10-23 23:00",25576,25576.75,25576,25576.75,0,0.00%,2
"2025-10-23 22:00",25575,25576.75,25575,25576.75,6.75,+0.03%,2
"2025-10-23 21:00",25570,25570,25570,25570,5,+0.02%,1
"2025-10-23 20:00",25570,25570,25565,25565,13,+0.05%,6
"2025-10-23 19:00",25548.75,25552,25548.75,25552,6.5,+0.03%,4
"2025-10-23 17:00",25540,25545.5,25540,25545.5,21.5,+0.08%,2
"2025-10-23 15:00",25512.5,25538.5,25512.5,25524,27.5,+0.11%,12
"2025-10-23 14:00",25525,25527.25,25484.25,25496.5,-15.5,-0.06%,35
"2025-10-23 13:00",25519,25520,25502.25,25512,-18.,-0.07%,13
"2025-10-23 12:00",25490,25530,25449.5,25530,48.25,+0.19%,51
"2025-10-23 11:00",25453,25485,25437.5,25481.75,39.5,+0.16%,31
"2025-10-23 10:00",25429.25,25457,25370,25442.25,30.5,+0.12%,39
"2025-10-23 09:00",25415,25445.5,25340,25411.75,13.75,+0.05%,53
"2025-10-23 08:00",25234.75,25425.5,25195.25,25398,156.25,+0.62%,67
"2025-10-23 07:00",25207,25241.75,25184.75,25241.75,24.25,+0.10%,20
"2025-10-23 06:00",25268.5,25268.5,25217.5,25217.5,-72.5,-0.29%,9
"2025-10-23 05:00",25290.25,25290.25,25290,25290,0,0.00%,2
"2025-10-23 04:00",25334,25334,25280,25290,-49.,-0.19%,6
"2025-10-23 02:00",25352,25364.5,25316.5,25339,-10.,-0.04%,8
"2025-10-23 01:00",25331.75,25349,25331.75,25349,13.25,+0.05%,2
"2025-10-23 00:00",25309.5,25335.75,25309.5,25335.75,-4.25,-0.02%,3
"2025-10-22 22:00",25353.75,25353.75,25340,25340,-10.,-0.04%,3
"2025-10-22 21:00",25350,25350,25350,25350,13.75,+0.05%,1
"2025-10-22 20:00",25295,25350,25295,25336.25,46.25,+0.18%,12
"2025-10-22 19:00",25210.5,25290,25200,25290,-6.5,-0.03%,12
"2025-10-22 18:00",25310,25310,25292.25,25296.5,6.5,+0.03%,12
"2025-10-22 17:00",25244.75,25290,25244.75,25290,5,+0.02%,2
"2025-10-22 15:00",25299,25320,25275,25285,15.75,+0.06%,52
"2025-10-22 14:00",25200,25300,25200,25269.25,84.25,+0.33%,55
"2025-10-22 13:00",25136.75,25186,25097.5,25185,99.25,+0.40%,117
"2025-10-22 12:00",25240,25240,25053,25085.75,-164.25,-0.65%,30
"2025-10-22 11:00",25341,25341,25121.75,25250,-98.5,-0.39%,73
"2025-10-22 10:00",25425,25430.25,25250,25348.5,-61.,-0.24%,74
"2025-10-22 09:00",25518.25,25520,25304,25409.5,-108.,-0.42%,64
"2025-10-22 08:00",25522,25532.5,25437.75,25517.5,5.5,+0.02%,29
"2025-10-22 07:00",25475,25512,25470,25512,45.25,+0.18%,8
"2025-10-22 06:00",25530,25530,25466.75,25466.75,-84.25,-0.33%,12
"2025-10-22 05:00",25524.75,25551,25524.75,25551,39,+0.15%,4
"2025-10-22 04:00",25483.75,25512,25483.75,25512,-7.25,-0.03%,3
"2025-10-22 03:00",25530,25530,25505,25519.25,-31.5,-0.12%,7
"2025-10-22 02:00",25525.25,25550.75,25525,25550.75,-34.5,-0.13%,5
"2025-10-22 01:00",25543.5,25585.25,25543.5,25585.25,26.5,+0.10%,4
"2025-10-22 00:00",25558.75,25558.75,25558.75,25558.75,-8.25,-0.03%,1
"2025-10-21 23:00",25540,25573,25540,25567,27,+0.11%,12
"2025-10-21 22:00",25540,25540,25540,25540,29,+0.11%,1
"2025-10-21 20:00",25488,25511,25488,25511,38,+0.15%,2
"2025-10-21 19:00",25494.5,25494.5,25473,25473,-24.75,-0.10%,4
"2025-10-21 18:00",25497.75,25497.75,25497.75,25497.75,16.25,+0.06%,1
"2025-10-21 15:00",25510.75,25510.75,25480,25481.5,-56.25,-0.22%,13
"2025-10-21 14:00",25553.5,25574.25,25537.75,25537.75,-22.25,-0.09%,10
"2025-10-21 13:00",25555.25,25567,25537,25560,0.25,0.00%,14
"2025-10-21 12:00",25515,25559.75,25509.25,25559.75,16.5,+0.06%,29
"2025-10-21 11:00",25564.5,25594.25,25543.25,25543.25,-25.75,-0.10%,20
"2025-10-21 10:00",25532.25,25569,25497,25569,30.75,+0.12%,37
"2025-10-21 09:00",25460,25538.25,25455,25538.25,60.75,+0.24%,64
"2025-10-21 08:00",25525,25533,25470,25477.5,-74.25,-0.29%,46
"2025-10-21 07:00",25553.5,25560,25551.75,25551.75,3.5,+0.01%,3
"2025-10-21 06:00",25550,25552.25,25540.5,25548.25,22.75,+0.09%,7
"2025-10-21 05:00",25519.75,25525.5,25510,25525.5,-4.5,-0.02%,3
"2025-10-21 04:00",25515.75,25540.5,25515.75,25530,18.25,+0.07%,6
"2025-10-21 03:00",25507,25511.75,25500,25511.75,-3.25,-0.01%,4
"2025-10-21 02:00",25520,25535,25515,25515,-9.,-0.04%,5
"2025-10-21 01:00",25524,25524,25524,25524,-15.5,-0.06%,1
"2025-10-21 00:00",25539.5,25539.5,25539.5,25539.5,-33.5,-0.13%,2
"2025-10-20 23:00",25572.25,25573,25561.25,25573,0,0.00%,5
"2025-10-20 22:00",25584.25,25584.25,25573,25573,-33.,-0.13%,2
"2025-10-20 21:00",25591.25,25606,25591.25,25606,10.25,+0.04%,6
"2025-10-20 20:00",25595.75,25595.75,25595.75,25595.75,10.75,+0.04%,1
"2025-10-20 19:00",25558.75,25585,25558.75,25585,21,+0.08%,3
"2025-10-20 18:00",25571,25590,25564,25564,14.75,+0.06%,5
"2025-10-20 17:00",25567,25567,25549.25,25549.25,-15.75,-0.06%,6
"2025-10-20 15:00",25549,25565,25549,25565,19.75,+0.08%,4
"2025-10-20 14:00",25548.75,25565.5,25545.25,25545.25,-17.5,-0.07%,7
"2025-10-20 13:00",25595.75,25595.75,25555.5,25562.75,-23.75,-0.09%,10
"2025-10-20 12:00",25570,25599,25570,25586.5,21.5,+0.08%,22
"2025-10-20 11:00",25560.75,25568.5,25542,25565,20,+0.08%,31
"2025-10-20 10:00",25560.75,25590,25545,25545,-17.25,-0.07%,23
"2025-10-20 09:00",25472,25565,25455,25562.25,110.25,+0.43%,42
"2025-10-20 08:00",25384.5,25473.75,25384.5,25452,83.25,+0.33%,26
"2025-10-20 07:00",25322.75,25368.75,25322.75,25368.75,39.75,+0.16%,7
"2025-10-20 06:00",25312.5,25329,25312.5,25329,47,+0.19%,2
"2025-10-20 05:00",25313,25313,25282,25282,-47.25,-0.19%,5
"2025-10-20 04:00",25317.25,25337.5,25317.25,25329.25,-6.,-0.02%,4
"2025-10-20 03:00",25335.25,25335.25,25335.25,25335.25,-19.25,-0.08%,1
"2025-10-20 02:00",25384.5,25384.5,25354.5,25354.5,19.75,+0.08%,2
"2025-10-20 01:00",25334.75,25334.75,25334.75,25334.75,-29.75,-0.12%,1
"2025-10-20 00:00",25346,25364.5,25346,25364.5,16,+0.06%,4
"2025-10-19 23:00",25336.75,25348.5,25336.75,25348.5,9.5,+0.04%,6
"2025-10-19 22:00",25300,25339,25300,25339,47,+0.19%,4
"2025-10-19 21:00",25273.5,25296.75,25273.5,25292,5,+0.02%,4
"2025-10-19 20:00",25293,25299,25287,25287,1,0.00%,6
"2025-10-19 19:00",25202.5,25288.25,25202.5,25286,41,+0.16%,15
"2025-10-19 18:00",25260,25260,25245,25245,-59.,-0.23%,2
"2025-10-19 17:00",25287,25304,25287,25304,67,+0.27%,2
"2025-10-17 14:00",25253,25294.5,25233,25237,1.5,+0.01%,9
"2025-10-17 13:00",25188.25,25268.25,25179.25,25235.5,70.5,+0.28%,30
"2025-10-17 12:00",25125.25,25181.25,25085,25165,25,+0.10%,33
"2025-10-17 11:00",25114,25210.25,25114,25140,39,+0.16%,60
"2025-10-17 10:00",24999.75,25101,24917.25,25101,101,+0.40%,58
"2025-10-17 09:00",25050,25200,25000,25000,-58.5,-0.23%,120
"2025-10-17 08:00",25000,25120,24911.75,25058.5,58.5,+0.23%,58
"2025-10-17 07:00",24951.5,25038.5,24950.5,25000,52.25,+0.21%,27
"2025-10-17 06:00",24810,24955,24808,24947.75,141.75,+0.57%,104
"2025-10-17 05:00",24770.75,24806,24719.25,24806,69.75,+0.28%,15
"2025-10-17 04:00",24739.75,24739.75,24736.25,24736.25,7.75,+0.03%,2
"2025-10-17 03:00",24714,24744.25,24646,24728.5,2.5,+0.01%,48
"2025-10-17 02:00",24823,24823,24666,24726,-84.,-0.34%,82
"2025-10-17 01:00",24898,24900,24809.5,24810,-97.5,-0.39%,29
"2025-10-17 00:00",24900,24907.5,24855.25,24907.5,-33.75,-0.14%,16
"2025-10-16 23:00",24945,24945,24941.25,24941.25,-22.75,-0.09%,2
"2025-10-16 22:00",25000.75,25000.75,24964,24964,-10.25,-0.04%,7
"2025-10-16 20:00",25043.75,25071.75,24974,24974.25,-39.5,-0.16%,23
"2025-10-16 19:00",25013,25013.75,25013,25013.75,32.75,+0.13%,3
"2025-10-16 18:00",24973.5,24981,24973.5,24981,0.5,0.00%,2
"2025-10-16 17:00",25080,25080,24980.5,24980.5,-52.5,-0.21%,9
"2025-10-16 15:00",25075,25077,24994.75,25033,-27.,-0.11%,11
"2025-10-16 14:00",25018,25079,24950,25060,17.25,+0.07%,64
"2025-10-16 13:00",25098,25108,24883.5,25042.75,-60.5,-0.24%,136
"2025-10-16 12:00",25169,25197,25067.25,25103.25,-66.75,-0.27%,99
"2025-10-16 11:00",25209.25,25236.25,24989.5,25170,-36.5,-0.14%,151
"2025-10-16 10:00",25333.75,25340.25,25198.5,25206.5,-143.5,-0.57%,50
"2025-10-16 09:00",25294.5,25417,25264.25,25350,39,+0.15%,73
"2025-10-16 08:00",25307.25,25367,25280,25311,-19.,-0.08%,53
"2025-10-16 07:00",25310.25,25330,25287.5,25330,18,+0.07%,13
"2025-10-16 06:00",25306.25,25325,25302,25312,13.5,+0.05%,8
"2025-10-16 05:00",25299.25,25300.25,25298.5,25298.5,35.5,+0.14%,4
"2025-10-16 04:00",25263,25263,25263,25263,-24.75,-0.10%,1
"2025-10-16 03:00",25287.75,25287.75,25287.75,25287.75,7.75,+0.03%,1
"2025-10-16 02:00",25275,25280.25,25228,25280,45,+0.18%,11
"2025-10-16 01:00",25222,25235,25222,25235,46.5,+0.18%,2
"2025-10-16 00:00",25200.25,25202,25187,25188.5,8.5,+0.03%,6
"2025-10-15 23:00",25180,25180,25180,25180,30,+0.12%,1
"2025-10-15 22:00",25181,25183.25,25150,25150,-30.,-0.12%,4
"2025-10-15 21:00",25180,25183,25143,25180,20,+0.08%,10
"2025-10-15 20:00",25169.5,25180,25160,25160,2,+0.01%,14
"2025-10-15 19:00",25156.5,25158,25133.5,25158,-12.5,-0.05%,9
"2025-10-15 18:00",25170.5,25170.5,25170.5,25170.5,-30.5,-0.12%,1
"2025-10-15 17:00",25199.5,25226.75,25199.5,25201,16,+0.06%,11
"2025-10-15 15:00",25195.5,25200.5,25185,25185,34.25,+0.14%,5
"2025-10-15 14:00",25187.75,25193.5,25099.25,25150.75,-43.5,-0.17%,28
"2025-10-15 13:00",25121.5,25195,25110.25,25194.25,49.25,+0.20%,37
"2025-10-15 12:00",25135,25145,24908.25,25145,-10.,-0.04%,114
"2025-10-15 11:00",25185,25230.75,25145,25155,-25.,-0.10%,46
"2025-10-15 10:00",25330,25344,25124,25180,-170.,-0.67%,79
"2025-10-15 09:00",25270,25353,25263.75,25350,96.25,+0.38%,46
"2025-10-15 08:00",25256,25257.5,25133.75,25253.75,-7.25,-0.03%,84
"2025-10-15 07:00",25211,25261,25211,25261,55.75,+0.22%,33
"2025-10-15 06:00",25191.75,25205.25,25179.5,25205.25,-3.75,-0.01%,6
"2025-10-15 04:00",25208,25209,25208,25209,45,+0.18%,2
"2025-10-15 03:00",25150,25170,25150,25164,46.25,+0.18%,5
"2025-10-15 02:00",25147,25147,25117.75,25117.75,-13.5,-0.05%,3
"2025-10-15 01:00",25131.25,25131.25,25131.25,25131.25,4.75,+0.02%,1
"2025-10-15 00:00",25086.75,25154.75,25086.75,25126.5,66.5,+0.27%,24
"2025-10-14 23:00",25051,25060,25051,25060,17,+0.07%,2
"2025-10-14 22:00",25049.75,25060,25038,25043,-17.5,-0.07%,7
"2025-10-14 21:00",25064.75,25084.25,25060,25060.5,12.5,+0.05%,7
"2025-10-14 20:00",25020,25048,25020,25048,22.75,+0.09%,10
"2025-10-14 19:00",25020,25025.25,24985.25,25025.25,-29.75,-0.12%,8
"2025-10-14 18:00",25055,25055,25055,25055,34.5,+0.14%,1
"2025-10-14 17:00",24991,25050,24991,25020.5,67,+0.27%,14
"2025-10-14 15:00",25011.5,25026.5,24945,24953.5,-56.5,-0.23%,10
"2025-10-14 14:00",25155.75,25155.75,24934.25,25010,-137.,-0.54%,96
"2025-10-14 13:00",25126.25,25165,25126.25,25147,7,+0.03%,14
"2025-10-14 12:00",25117.5,25176.5,25114,25140,0.5,0.00%,49
"2025-10-14 11:00",25027,25180.5,25013.5,25139.5,87.5,+0.35%,61
"2025-10-14 10:00",24946.75,25071,24941,25052,115,+0.46%,65
"2025-10-14 09:00",24811.25,24967,24811.25,24937,118.75,+0.48%,77
"2025-10-14 08:00",24866.25,24883.25,24660,24818.25,-40.,-0.16%,112
"2025-10-14 07:00",24887.75,24895.75,24806.5,24858.25,-30.75,-0.12%,21
"2025-10-14 06:00",24798.5,24889,24798.5,24889,119,+0.48%,29
"2025-10-14 05:00",24868.5,24868.5,24745,24770,-100.,-0.40%,29
"2025-10-14 04:00",24870,24870,24870,24870,-34.75,-0.14%,1
"2025-10-14 03:00",24856.25,24904.75,24830.5,24904.75,30,+0.12%,5
"2025-10-14 02:00",24895,24952,24845,24874.75,-41.25,-0.17%,35
"2025-10-14 01:00",24940.25,24990,24909.25,24916,-34.,-0.14%,17
"2025-10-14 00:00",25050,25052.75,24900,24950,-91.5,-0.37%,14
"2025-10-13 23:00",25140,25140,24995,25041.5,-110.5,-0.44%,25
"2025-10-13 22:00",25152,25169,25152,25152,-59.,-0.23%,14
"2025-10-13 21:00",25262,25262,25211,25211,-39.,-0.15%,5
"2025-10-13 20:00",25240,25250,25232.5,25250,-12.,-0.05%,9
"2025-10-13 19:00",25170,25280,25170,25262,107,+0.43%,13
"2025-10-13 18:00",25155,25155,25155,25155,0,0.00%,1
"2025-10-13 17:00",25170,25170,25155,25155,-1.,0.00%,2
"2025-10-13 15:00",25149,25156,25149,25156,-16.,-0.06%,2
"2025-10-13 14:00",25130.25,25191.5,25130.25,25172,32,+0.13%,12
"2025-10-13 13:00",25172,25202.25,25140,25140,3,+0.01%,14
"2025-10-13 12:00",25199.75,25200,25137,25137,-43.,-0.17%,14
"2025-10-13 11:00",25145,25180,25126,25180,52.5,+0.21%,40
"2025-10-13 10:00",25010,25137.25,25005,25127.5,138.25,+0.55%,36
"2025-10-13 09:00",25143.5,25150,24989.25,24989.25,-138.25,-0.55%,67
"2025-10-13 08:00",25046.25,25127.5,24975.25,25127.5,91.25,+0.36%,63
"2025-10-13 07:00",25020.5,25070,25014.5,25036.25,-8.75,-0.03%,17
"2025-10-13 06:00",25088.5,25100,24978.5,25045,-45.,-0.18%,111
"2025-10-13 05:00",25090.5,25100.25,25074,25090,-7.5,-0.03%,9
"2025-10-13 04:00",25117,25117,25091,25097.5,5.75,+0.02%,11
"2025-10-13 03:00",25130.5,25136.75,25091.75,25091.75,-56.,-0.22%,11
"2025-10-13 02:00",25096,25175,25096,25147.75,57.75,+0.23%,10
"2025-10-13 01:00",25085,25090,25032.75,25090,12.5,+0.05%,15
"2025-10-13 00:00",25064,25077.5,25055,25077.5,17.5,+0.07%,8
"2025-10-12 23:00",25029.25,25060,25029.25,25060,40.5,+0.16%,10
"2025-10-12 22:00",25058,25077,25017.25,25019.5,-43.25,-0.17%,28
"2025-10-12 21:00",25084.5,25085,25062.75,25062.75,-23.25,-0.09%,5
"2025-10-12 20:00",25080,25086,25067,25086,20.25,+0.08%,16
"2025-10-12 19:00",25009.75,25065.75,24996,25065.75,37,+0.15%,36
"2025-10-12 18:00",24900,25032.5,24899.75,25028.75,94.75,+0.38%,44
"2025-10-12 17:00",24809.5,24980,24809.5,24934,487.5,+1.99%,54
"2025-10-10 15:00",24655,24681.75,24400,24446.5,-181.25,-0.74%,47
"2025-10-10 14:00",24843.5,24865.75,24625,24627.75,-202.5,-0.82%,196
"2025-10-10 13:00",24897.25,24931,24814.5,24830.25,-66.75,-0.27%,47
"2025-10-10 12:00",24887.25,24987.75,24851.25,24897,8.25,+0.03%,104
"2025-10-10 11:00",25034.75,25085.5,24888.75,24888.75,-165.25,-0.66%,114
"2025-10-10 10:00",25386.5,25386.5,24915.5,25054,-385.5,-1.52%,497
"2025-10-10 09:00",25590,25596,25378,25439.5,-175.5,-0.69%,52
"2025-10-10 08:00",25554,25630,25553,25615,72,+0.28%,70
"2025-10-10 07:00",25574.75,25574.75,25543,25543,-15.,-0.06%,9
"2025-10-10 06:00",25559.75,25570,25558,25558,13,+0.05%,5
"2025-10-10 05:00",25505.75,25545,25505.75,25545,40,+0.16%,12
"2025-10-10 04:00",25556.25,25563,25505,25505,-82.,-0.32%,5
"2025-10-10 03:00",25587,25587,25587,25587,24,+0.09%,1
"2025-10-10 02:00",25563,25563,25563,25563,13,+0.05%,1
"2025-10-10 01:00",25594.25,25599.25,25550,25550,-34.,-0.13%,3
"2025-10-10 00:00",25584,25584,25584,25584,11,+0.04%,1
"2025-10-09 23:00",25573,25573,25573,25573,-5.75,-0.02%,1
"2025-10-09 22:00",25578.75,25578.75,25578.75,25578.75,-7.,-0.03%,2
"2025-10-09 21:00",25585.75,25585.75,25585.75,25585.75,-10.75,-0.04%,1
"2025-10-09 20:00",25598.75,25599.5,25596.5,25596.5,20,+0.08%,4
"2025-10-09 19:00",25574.5,25576.5,25574.5,25576.5,12.25,+0.05%,2
"2025-10-09 18:00",25571,25571,25564.25,25564.25,31.75,+0.12%,3
"2025-10-09 15:00",25541.25,25541.25,25529.5,25532.5,6.5,+0.03%,4
"2025-10-09 14:00",25499.75,25535,25499.75,25526,70.75,+0.28%,28
"2025-10-09 13:00",25451.75,25455.25,25436.25,25455.25,-9.75,-0.04%,5
"2025-10-09 12:00",25457.5,25465,25421,25465,16.75,+0.07%,50
"2025-10-09 11:00",25516,25516,25448.25,25448.25,-70.75,-0.28%,25
"2025-10-09 10:00",25507.25,25519,25451.75,25519,19,+0.07%,81
"2025-10-09 09:00",25534.75,25534.75,25447,25500,-40.,-0.16%,54
"2025-10-09 08:00",25582,25584.25,25504.5,25540,-45.5,-0.18%,62
"2025-10-09 07:00",25570,25585.5,25570,25585.5,10.5,+0.04%,2
"2025-10-09 06:00",25582.5,25582.5,25575,25575,10.25,+0.04%,3
"2025-10-09 05:00",25564.75,25564.75,25564.75,25564.75,-3.5,-0.01%,1
"2025-10-09 03:00",25577.25,25577.25,25568.25,25568.25,-14.75,-0.06%,5
"2025-10-09 02:00",25583,25583,25583,25583,3,+0.01%,1
"2025-10-09 01:00",25617.75,25619,25580,25580,-23.,-0.09%,3
"2025-10-09 00:00",25616.75,25616.75,25603,25603,14,+0.05%,2
"2025-10-08 23:00",25588,25589,25588,25589,4.5,+0.02%,2
"2025-10-08 22:00",25577.75,25584.5,25577.75,25584.5,8.5,+0.03%,5
"2025-10-08 20:00",25615.75,25615.75,25576,25576,-39.75,-0.16%,8
"2025-10-08 19:00",25616.75,25618.25,25615.75,25615.75,-24.5,-0.10%,7
"2025-10-08 18:00",25626.5,25640.25,25626.5,25640.25,24.25,+0.09%,5
"2025-10-08 17:00",25616,25616,25616,25616,5.5,+0.02%,3
"2025-10-08 15:00",25577,25612,25577,25610.5,30.5,+0.12%,15
"2025-10-08 14:00",25519.25,25585.25,25519.25,25580,60.5,+0.24%,34
"2025-10-08 13:00",25528,25544,25519.5,25519.5,-5.75,-0.02%,16
"2025-10-08 12:00",25503.25,25532.5,25492.75,25525.25,24.25,+0.10%,26
"2025-10-08 11:00",25504.25,25525,25487.5,25501,-8.75,-0.03%,31
"2025-10-08 10:00",25449,25509.75,25441.25,25509.75,80,+0.31%,25
"2025-10-08 09:00",25429,25476,25426,25429.75,4.25,+0.02%,70
"2025-10-08 08:00",25329,25430.75,25329,25425.5,117,+0.46%,42
"2025-10-08 07:00",25333.25,25333.25,25297.25,25308.5,-27.25,-0.11%,6
"2025-10-08 06:00",25350,25350,25305.75,25335.75,1,0.00%,15
"2025-10-08 05:00",25328.25,25337,25325.75,25334.75,-4.25,-0.02%,6
"2025-10-08 04:00",25339.25,25339.25,25336.75,25339,9,+0.04%,3
"2025-10-08 03:00",25343,25358,25330,25330,-6.5,-0.03%,9
"2025-10-08 02:00",25330,25336.5,25330,25336.5,33.25,+0.13%,2
"2025-10-08 01:00",25299.25,25303.25,25278,25303.25,-11.5,-0.05%,8
"2025-10-08 00:00",25331.25,25331.25,25314.75,25314.75,-15.25,-0.06%,5
"2025-10-07 23:00",25338,25338,25330,25330,-5.,-0.02%,2
"2025-10-07 22:00",25330,25335,25330,25335,6.25,+0.02%,8
"2025-10-07 21:00",25328.75,25328.75,25328.75,25328.75,2.5,+0.01%,3
"2025-10-07 20:00",25307.25,25326.25,25307.25,25326.25,36.25,+0.14%,9
"2025-10-07 19:00",25290,25290,25290,25290,10,+0.04%,1
"2025-10-07 18:00",25312,25312,25278.75,25280,-43.25,-0.17%,8
"2025-10-07 17:00",25318,25323.25,25315.75,25323.25,22,+0.09%,5
"2025-10-07 15:00",25298,25303.25,25298,25301.25,25.25,+0.10%,3
"2025-10-07 14:00",25279.5,25315,25276,25276,-12.,-0.05%,6
"2025-10-07 13:00",25260,25293,25238,25288,26,+0.10%,19
"2025-10-07 12:00",25265.5,25310,25262,25262,2,+0.01%,28
"2025-10-07 11:00",25292.5,25336.25,25250,25260,-7.,-0.03%,55
"2025-10-07 10:00",25436,25436,25241.25,25267,-163.,-0.64%,107
"2025-10-07 09:00",25497.75,25505,25430,25430,-71.75,-0.28%,46
"2025-10-07 08:00",25509.25,25523,25470.25,25501.75,-0.25,0.00%,26
"2025-10-07 07:00",25464.5,25502,25464.5,25502,75,+0.29%,10
"2025-10-07 05:00",25430,25442,25427,25427,-6.5,-0.03%,4
"2025-10-07 04:00",25433.5,25433.5,25433.5,25433.5,39.5,+0.16%,1
"2025-10-07 02:00",25394,25394,25394,25394,7.25,+0.03%,1
"2025-10-07 01:00",25412.75,25412.75,25386.75,25386.75,-35.25,-0.14%,5
"2025-10-07 00:00",25422,25422,25422,25422,-6.75,-0.03%,1
"2025-10-06 23:00",25416,25431,25416,25428.75,17.75,+0.07%,5
"2025-10-06 22:00",25410.75,25412,25409.25,25411,21.25,+0.08%,11
"2025-10-06 20:00",25382.25,25389.75,25378,25389.75,8.5,+0.03%,6
"2025-10-06 19:00",25392.5,25392.5,25381.25,25381.25,-19.75,-0.08%,5
"2025-10-06 18:00",25401,25401,25401,25401,-29.,-0.11%,1
"2025-10-06 17:00",25442,25442,25430,25430,-8.75,-0.03%,2
"2025-10-06 15:00",25431,25438.75,25430,25438.75,7,+0.03%,3
"2025-10-06 14:00",25483,25485,25431.75,25431.75,-60.75,-0.24%,25
"2025-10-06 13:00",25474,25499.5,25472,25492.5,12.5,+0.05%,20
"2025-10-06 12:00",25440,25480,25438,25480,40,+0.16%,35
"2025-10-06 11:00",25450,25450,25429,25440,-21.5,-0.08%,19
"2025-10-06 10:00",25393.5,25463,25393.5,25461.5,86.5,+0.34%,22
"2025-10-06 09:00",25413,25426.75,25368.75,25375,-26.,-0.10%,30
"2025-10-06 08:00",25434.5,25460.25,25368.75,25401,-39.,-0.15%,49
"2025-10-06 07:00",25450,25485.25,25437.5,25440,10.75,+0.04%,31
"2025-10-06 06:00",25405.5,25429.25,25381.75,25429.25,0,0.00%,6
"2025-10-06 05:00",25429.25,25429.25,25429.25,25429.25,80.25,+0.32%,1
"2025-10-06 03:00",25351,25351,25349,25349,24,+0.09%,2
"2025-10-06 02:00",25344.5,25344.5,25300,25325,-30.,-0.12%,3
"2025-10-06 01:00",25350,25355,25350,25355,17.75,+0.07%,2
"2025-10-06 00:00",25337.25,25337.25,25337.25,25337.25,-15.75,-0.06%,1
"2025-10-05 23:00",25317.25,25353,25317.25,25353,33,+0.13%,3
"2025-10-05 20:00",25307,25320,25306.75,25320,3.75,+0.01%,5
"2025-10-05 19:00",25316.25,25316.25,25316.25,25316.25,-12.,-0.05%,1
"2025-10-05 18:00",25324.25,25328.25,25324.25,25328.25,45.75,+0.18%,2
"2025-10-05 17:00",25253.25,25282.5,25253,25282.5,57.5,+0.23%,15
"2025-10-03 15:00",25225,25225,25225,25225,-19.75,-0.08%,1
"2025-10-03 14:00",25260.25,25272.75,25233,25244.75,-15.25,-0.06%,32
"2025-10-03 13:00",25184.25,25286.5,25184.25,25260,38.25,+0.15%,48
"2025-10-03 12:00",25338,25342.75,25176.25,25221.75,-145.,-0.57%,135
"2025-10-03 11:00",25401,25401,25366.75,25366.75,-23.75,-0.09%,5
"2025-10-03 10:00",25351.25,25392,25351.25,25390.5,26.25,+0.10%,22
"2025-10-03 09:00",25343,25373.25,25313.75,25364.25,14.5,+0.06%,47
"2025-10-03 08:00",25378.5,25415.5,25349.75,25349.75,-17.5,-0.07%,39
"2025-10-03 07:00",25388.75,25388.75,25367.25,25367.25,-16.,-0.06%,5
"2025-10-03 06:00",25392.75,25392.75,25375.5,25383.25,-29.5,-0.12%,9
"2025-10-03 05:00",25412.75,25412.75,25412.75,25412.75,-13.75,-0.05%,1
"2025-10-03 03:00",25426.5,25426.5,25426.5,25426.5,-8.,-0.03%,1
"2025-10-03 01:00",25436.75,25436.75,25434.5,25434.5,-2.25,-0.01%,3
"2025-10-03 00:00",25428.25,25436.75,25428.25,25436.75,16.75,+0.07%,2
"2025-10-02 23:00",25416.5,25420,25416.5,25420,-0.5,0.00%,3
"2025-10-02 22:00",25407.5,25420.5,25407.5,25420.5,15.5,+0.06%,4
"2025-10-02 20:00",25390.5,25405.75,25386,25405,3,+0.01%,13
"2025-10-02 19:00",25380,25402,25380,25402,32,+0.13%,7
"2025-10-02 18:00",25361.25,25370,25361.25,25370,20,+0.08%,10
"2025-10-02 17:00",25331.5,25350,25331.25,25350,1.5,+0.01%,4
"2025-10-02 15:00",25372.5,25372.5,25348.5,25348.5,-13.5,-0.05%,3
"2025-10-02 14:00",25369,25369,25344,25362,2,+0.01%,29
"2025-10-02 13:00",25353.5,25365.5,25350.75,25360,24,+0.09%,9
"2025-10-02 12:00",25326.25,25354.5,25325.75,25336,17,+0.07%,30
"2025-10-02 11:00",25307,25320,25290,25319,-11.,-0.04%,21
"2025-10-02 10:00",25263.75,25331,25244.75,25330,51.25,+0.20%,61
"2025-10-02 09:00",25304.5,25333.25,25275,25278.75,-29.,-0.11%,67
"2025-10-02 08:00",25413.75,25425.25,25271.5,25307.75,-98.25,-0.39%,84
"2025-10-02 07:00",25404.25,25406.5,25404.25,25406,5.25,+0.02%,6
"2025-10-02 06:00",25384.75,25400.75,25381.25,25400.75,45.75,+0.18%,15
"2025-10-02 05:00",25355,25355,25355,25355,-5.25,-0.02%,2
"2025-10-02 04:00",25360.25,25360.25,25360.25,25360.25,5.75,+0.02%,1
"2025-10-02 03:00",25351,25354.75,25351,25354.5,23.25,+0.09%,4
"2025-10-02 02:00",25330,25331.25,25328.75,25331.25,9,+0.04%,3
"2025-10-02 01:00",25310,25322.25,25309,25322.25,7.25,+0.03%,3
"2025-10-01 23:00",25315,25315,25315,25315,1,0.00%,1
"2025-10-01 22:00",25314,25314,25314,25314,9,+0.04%,1
"2025-10-01 21:00",25312.5,25312.5,25303,25305,-18.,-0.07%,3
"2025-10-01 20:00",25296.25,25323,25295,25323,18,+0.07%,11
"2025-10-01 19:00",25281.5,25305,25276.75,25305,43,+0.17%,8
"2025-10-01 18:00",25269.25,25274,25262,25262,-1.5,-0.01%,8
"2025-10-01 17:00",25263.5,25263.5,25263.5,25263.5,8.5,+0.03%,2
"2025-10-01 15:00",25259,25259,25242,25255,-11.5,-0.05%,8
"2025-10-01 14:00",25276.5,25282,25255,25266.5,-6.75,-0.03%,40
"2025-10-01 13:00",25233,25280,25228.5,25273.25,43.25,+0.17%,47
"2025-10-01 12:00",25206.75,25235,25206.75,25230,25.75,+0.10%,33
"2025-10-01 11:00",25185,25204.25,25178,25204.25,18.5,+0.07%,17
"2025-10-01 10:00",25158.5,25185.75,25124.75,25185.75,40,+0.16%,18
"2025-10-01 09:00",25017.25,25148,25017.25,25145.75,125.75,+0.50%,43
"2025-10-01 08:00",25038,25085,24995,25020,-2.,-0.01%,32
"2025-10-01 07:00",25041.5,25041.5,25006,25022,-19.,-0.08%,16
"2025-10-01 06:00",25021.25,25041,25019.25,25041,62.25,+0.25%,6
"2025-10-01 05:00",25006,25006,24978.75,24978.75,-15.5,-0.06%,2
"2025-10-01 04:00",25015,25015,24994.25,24994.25,25.25,+0.10%,2
"2025-10-01 03:00",24964.25,24969,24960.5,24969,55,+0.22%,5
"2025-10-01 02:00",24902.75,24914,24902.75,24914,20.75,+0.08%,2
"2025-10-01 01:00",25007,25007,24893.25,24893.25,-115.5,-0.46%,12
"2025-10-01 00:00",25013.25,25013.25,25008.75,25008.75,-18.25,-0.07%,2
"2025-09-30 23:00",25029.5,25029.5,25027,25027,7.5,+0.03%,2
"2025-09-30 22:00",25030.25,25030.25,25019.5,25019.5,-21.25,-0.08%,6
"2025-09-30 20:00",25040.75,25040.75,25040.75,25040.75,-10.,-0.04%,1
"2025-09-30 19:00",25050,25050.75,25050,25050.75,-39.75,-0.16%,4
"2025-09-30 18:00",25078.5,25098.25,25072.25,25090.5,-29.25,-0.12%,11
"2025-09-30 17:00",25098,25120,25098,25119.75,29.75,+0.12%,5
"2025-09-30 15:00",25136.5,25136.5,25090,25090,-68.5,-0.27%,16
"2025-09-30 14:00",25091.75,25164,25086,25158.5,68.25,+0.27%,36
"2025-09-30 13:00",25020,25100,25020,25090.25,70.25,+0.28%,20
"2025-09-30 12:00",25022,25043,24985,25020,-10.,-0.04%,25
"2025-09-30 11:00",25066.5,25085.5,25030,25030,-39.,-0.16%,16
"2025-09-30 10:00",25095,25106.75,25010,25069,-17.75,-0.07%,61
"2025-09-30 09:00",25041,25095,25000,25086.75,54,+0.22%,68
"2025-09-30 08:00",25075,25083.25,24980,25032.75,-61.25,-0.24%,49
"2025-09-30 07:00",25042.25,25094.5,25042.25,25094,27.75,+0.11%,10
"2025-09-30 06:00",25064.5,25066.25,25064.5,25066.25,23.25,+0.09%,2
"2025-09-30 05:00",25043,25043,25043,25043,-4.75,-0.02%,5
"2025-09-30 04:00",25071.25,25071.25,25038.75,25047.75,17.75,+0.07%,4
"2025-09-30 03:00",25041.5,25041.5,25030,25030,-2.75,-0.01%,3
"2025-09-30 02:00",25062,25062,25015.5,25032.75,-74.25,-0.30%,16
"2025-09-30 01:00",25102.5,25107,25102.5,25107,20.25,+0.08%,2
"2025-09-30 00:00",25074,25086.75,25074,25086.75,-17.25,-0.07%,2
"2025-09-29 22:00",25104,25104,25104,25104,0,0.00%,1
"2025-09-29 21:00",25076,25104,25076,25104,39,+0.16%,6
"2025-09-29 20:00",25072,25090,25065,25065,-26.,-0.10%,4
"2025-09-29 19:00",25065,25091,25061.5,25091,1,0.00%,4
"2025-09-29 18:00",25090,25090,25090,25090,14.25,+0.06%,1
"2025-09-29 17:00",25074.5,25075.75,25074.5,25075.75,-3.75,-0.01%,2
"2025-09-29 15:00",25094.25,25094.25,25079.5,25079.5,-5.5,-0.02%,8
"2025-09-29 14:00",25083,25110,25038.75,25085,-8.,-0.03%,42
"2025-09-29 13:00",25096.75,25125.75,25093,25093,13,+0.05%,13
"2025-09-29 12:00",25078,25085,25059.25,25080,-6.5,-0.03%,8
"2025-09-29 11:00",25090,25116.25,25084.75,25086.5,-8.5,-0.03%,16
"2025-09-29 10:00",25190.75,25190.75,25090.25,25095,-90.,-0.36%,49
"2025-09-29 09:00",25204,25225.25,25176.5,25185,-11.,-0.04%,75
"2025-09-29 08:00",25137.75,25206.5,25120,25196,37.5,+0.15%,43
"2025-09-29 07:00",25120,25160.5,25120,25158.5,28.75,+0.11%,16
"2025-09-29 06:00",25125.25,25130,25110.75,25129.75,-21.75,-0.09%,20
"2025-09-29 05:00",25131.75,25151.5,25131.75,25151.5,23.5,+0.09%,8
"2025-09-29 04:00",25128,25128,25128,25128,-13.5,-0.05%,5
"2025-09-29 03:00",25130,25141.5,25130,25141.5,23.5,+0.09%,3
"2025-09-29 02:00",25090.75,25118,25090.75,25118,16.75,+0.07%,7
"2025-09-29 01:00",25088,25101.25,25088,25101.25,18.5,+0.07%,3
"2025-09-29 00:00",25082.75,25082.75,25082.75,25082.75,12.5,+0.05%,3
"2025-09-28 23:00",25070.25,25070.25,25070.25,25070.25,5.5,+0.02%,1
"2025-09-28 21:00",25059.75,25065,25059.75,25064.75,17.75,+0.07%,3
"2025-09-28 20:00",25038.25,25047.75,25033.75,25047,-4.,-0.02%,5
"2025-09-28 19:00",25041.75,25051,25040.75,25051,26,+0.10%,4
"2025-09-28 18:00",25010,25025.25,25010,25025,15,+0.06%,10
"2025-09-28 17:00",24993.75,25015,24993.75,25010,23,+0.09%,18
"2025-09-26 15:00",24980,24992,24980,24987,5,+0.02%,34
"2025-09-26 14:00",24964,24982,24964,24982,22,+0.09%,14
"2025-09-26 13:00",24950,24978,24935,24960,17.75,+0.07%,17
"2025-09-26 12:00",24944.5,24965,24920,24942.25,3.5,+0.01%,17
"2025-09-26 11:00",24826,24941,24826,24938.75,91.75,+0.37%,34
"2025-09-26 10:00",24825,24885,24796.25,24847,3,+0.01%,32
"2025-09-26 09:00",24970,24974.5,24775,24844,-111.,-0.44%,75
"2025-09-26 08:00",24926,24964,24870,24955,2.75,+0.01%,49
"2025-09-26 07:00",24886.75,24990,24886.75,24952.25,82.25,+0.33%,25
"2025-09-26 06:00",24862.25,24870,24847.5,24870,29.75,+0.12%,4
"2025-09-26 05:00",24840.25,24840.25,24840.25,24840.25,-24.75,-0.10%,1
"2025-09-26 04:00",24830.25,24865,24825.75,24865,26.25,+0.11%,10
"2025-09-26 03:00",24876.75,24876.75,24838.75,24838.75,-75.5,-0.30%,4
"2025-09-26 02:00",24902.5,24914.25,24890,24914.25,10,+0.04%,7
"2025-09-26 01:00",24894.25,24904.25,24894.25,24904.25,41.25,+0.17%,5
"2025-09-26 00:00",24828.75,24863,24828.75,24863,10.75,+0.04%,5
"2025-09-25 23:00",24838.75,24858.25,24838.5,24852.25,20.25,+0.08%,8
"2025-09-25 22:00",24852,24852,24832,24832,-18.,-0.07%,6
"2025-09-25 20:00",24850.25,24862,24843.75,24850,-10.,-0.04%,5
"2025-09-25 19:00",24875,24875,24860,24860,-17.75,-0.07%,5
"2025-09-25 18:00",24887,24887,24877.75,24877.75,-17.25,-0.07%,3
"2025-09-25 17:00",24900,24913,24895,24895,9,+0.04%,7
"2025-09-25 15:00",24889.25,24892,24886,24886,11,+0.04%,4
"2025-09-25 14:00",24882.25,24892,24845.5,24875,-3.,-0.01%,31
"2025-09-25 13:00",24769.75,24881.5,24720.75,24878,110.75,+0.45%,57
"2025-09-25 12:00",24875,24889.5,24767.25,24767.25,-110.,-0.44%,59
"2025-09-25 11:00",24923,24929,24872.75,24877.25,-44.,-0.18%,50
"2025-09-25 10:00",24880.25,24942.75,24835,24921.25,26.75,+0.11%,61
"2025-09-25 09:00",24741.25,24901.25,24741.25,24894.5,214.5,+0.87%,103
"2025-09-25 08:00",24812,24835.5,24680,24680,-131.25,-0.53%,90
"2025-09-25 07:00",24853,24865,24800,24811.25,-45.75,-0.18%,27
"2025-09-25 06:00",24913,24913,24857,24857,-66.,-0.26%,4
"2025-09-25 05:00",24958.75,24958.75,24923,24923,-30.5,-0.12%,3
"2025-09-25 04:00",24968,24968,24945.5,24953.5,-51.5,-0.21%,7
"2025-09-25 03:00",25007.25,25007.25,25005,25005,9,+0.04%,2
"2025-09-25 02:00",24950,24996,24947,24996,20,+0.08%,3
"2025-09-25 01:00",24989,24989,24968,24976,-21.5,-0.09%,3
"2025-09-25 00:00",24997.5,24997.5,24997.5,24997.5,-7.,-0.03%,1
"2025-09-24 23:00",25007.75,25007.75,25004.5,25004.5,-26.,-0.10%,2
"2025-09-24 20:00",25022.5,25038,25022.5,25030.5,8.75,+0.03%,4
"2025-09-24 19:00",25005,25021.75,25005,25021.75,26.75,+0.11%,3
"2025-09-24 17:00",24991.5,24995,24990.75,24995,-5.,-0.02%,5
"2025-09-24 15:00",24992,25000,24992,25000,3.5,+0.01%,2
"2025-09-24 14:00",24974,24996.5,24959.5,24996.5,46.75,+0.19%,28
"2025-09-24 13:00",24950,24961,24935,24949.75,-17.75,-0.07%,23
"2025-09-24 12:00",24937,24992.75,24937,24967.5,38.5,+0.15%,26
"2025-09-24 11:00",24932,24951.25,24878,24929,1,0.00%,53
"2025-09-24 10:00",25039,25055,24928,24928,-126.5,-0.50%,65
"2025-09-24 09:00",25076.5,25090,25048,25054.5,-8.25,-0.03%,25
"2025-09-24 08:00",25116,25116,25036,25062.75,-64.75,-0.26%,47
"2025-09-24 07:00",25146,25146,25122.5,25127.5,-11.25,-0.04%,16
"2025-09-24 06:00",25155,25155,25138.75,25138.75,5.75,+0.02%,2
"2025-09-24 05:00",25147.25,25147.25,25133,25133,-23.5,-0.09%,4
"2025-09-24 04:00",25156.5,25156.5,25156.5,25156.5,26.5,+0.11%,1
"2025-09-24 02:00",25118,25130,25118,25130,-10.,-0.04%,3
"2025-09-24 01:00",25114.75,25140,25114.75,25140,40.5,+0.16%,3
"2025-09-23 23:00",25090.25,25099.5,25089.5,25099.5,13.25,+0.05%,3
"2025-09-23 21:00",25070.75,25086.25,25070.75,25086.25,17.75,+0.07%,7
"2025-09-23 20:00",25076,25078,25068.5,25068.5,-16.5,-0.07%,5
"2025-09-23 19:00",25086,25086,25076,25085,-6.75,-0.03%,4
"2025-09-23 18:00",25094.25,25094.25,25091.75,25091.75,-13.25,-0.05%,3
"2025-09-23 17:00",25103.25,25105,25103.25,25105,23.75,+0.09%,4
"2025-09-23 15:00",25079.25,25102,25076.75,25081.25,5.25,+0.02%,11
"2025-09-23 14:00",25042.25,25084.75,25042.25,25076,22.75,+0.09%,24
"2025-09-23 13:00",25090,25090,25036.25,25053.25,-12.75,-0.05%,46
"2025-09-23 12:00",25177,25177,25045,25066,-111.,-0.44%,38
"2025-09-23 11:00",25176,25204.75,25166.75,25177,-23.,-0.09%,32
"2025-09-23 10:00",25186,25217,25185,25200,0,0.00%,28
"2025-09-23 09:00",25180,25221.5,25180,25200,12.25,+0.05%,29
"2025-09-23 08:00",25255,25255,25187.75,25187.75,-67.25,-0.27%,22
"2025-09-23 07:00",25248,25255,25242.75,25255,10,+0.04%,15
"2025-09-23 06:00",25238,25245,25225,25245,-25.75,-0.10%,6
"2025-09-23 03:00",25263.25,25270.75,25259,25270.75,27.75,+0.11%,3
"2025-09-23 02:00",25240,25245,25238,25243,-18.,-0.07%,8
"2025-09-23 01:00",25261,25261,25261,25261,0,0.00%,3
"2025-09-23 00:00",25239.75,25261,25239.75,25261,25,+0.10%,9
"2025-09-22 23:00",25240,25240,25236,25236,-17.5,-0.07%,3
"2025-09-22 22:00",25250,25253.5,25250,25253.5,-2.,-0.01%,2
"2025-09-22 21:00",25248.25,25255.5,25248.25,25255.5,4.25,+0.02%,2
"2025-09-22 20:00",25245,25251.25,25245,25251.25,11.25,+0.04%,4
"2025-09-22 19:00",25240,25252.5,25240,25240,-11.,-0.04%,13
"2025-09-22 18:00",25238.75,25251,25238,25251,11,+0.04%,11
"2025-09-22 17:00",25240,25240,25240,25240,-2.,-0.01%,2
"2025-09-22 15:00",25242.5,25245,25239.5,25242,-9.,-0.04%,8
"2025-09-22 14:00",25250,25255.5,25247.75,25251,-6.5,-0.03%,10
"2025-09-22 13:00",25246.75,25259,25246.75,25257.5,10.75,+0.04%,9
"2025-09-22 12:00",25234.75,25246.75,25234.75,25246.75,10.75,+0.04%,8
"2025-09-22 11:00",25184.75,25236,25184.75,25236,74,+0.29%,17
"2025-09-22 10:00",25170,25181.5,25162,25162,-4.75,-0.02%,8
"2025-09-22 09:00",25119.75,25168,25101.25,25166.75,55.25,+0.22%,25
"2025-09-22 08:00",25043.75,25123,25043.75,25111.5,68.25,+0.27%,27
"2025-09-22 07:00",25043.25,25043.25,25043.25,25043.25,25.25,+0.10%,1
"2025-09-22 06:00",25015,25018,25015,25018,8.75,+0.03%,2
"2025-09-22 04:00",25009.25,25009.25,25009.25,25009.25,-40.75,-0.16%,1
"2025-09-22 03:00",25050,25050,25050,25050,31,+0.12%,1
"2025-09-22 02:00",25050,25050,25000,25019,-41.,-0.16%,9
"2025-09-22 01:00",25060,25060,25060,25060,-33.25,-0.13%,1
"2025-09-22 00:00",25093.25,25093.25,25093.25,25093.25,-7.75,-0.03%,1
"2025-09-21 22:00",25101,25101,25101,25101,26,+0.10%,1
"2025-09-21 19:00",25084.25,25084.25,25075,25075,-19.5,-0.08%,2
"2025-09-21 17:00",25094.5,25094.5,25094.5,25094.5,-7.75,-0.03%,1
"2025-09-19 15:00",25117,25117,25101.5,25102.25,-12.75,-0.05%,4
"2025-09-19 14:00",25073.75,25125.25,25073.75,25115,55,+0.22%,21
"2025-09-19 13:00",25065.75,25071.5,25060,25060,-6.75,-0.03%,6
"2025-09-19 12:00",25054,25066.75,25054,25066.75,-4.,-0.02%,3
"2025-09-19 11:00",25015,25070.75,25015,25070.75,84,+0.34%,20
"2025-09-19 10:00",24968.75,24986.75,24956.25,24986.75,-3.25,-0.01%,18
"2025-09-19 09:00",25025,25039,24990,24990,-54.25,-0.22%,13
"2025-09-19 08:00",25000,25049,24985,25044.25,60.25,+0.24%,77
"2025-09-19 07:00",24984,24984,24984,24984,29.75,+0.12%,1
"2025-09-19 05:00",24959.25,24959.25,24954.25,24954.25,-7.75,-0.03%,2
"2025-09-19 04:00",24954.5,24962,24954.5,24962,13.5,+0.05%,16
"2025-09-19 03:00",24932.5,24948.5,24932.5,24948.5,22,+0.09%,9
"2025-09-19 02:00",24918,24926.5,24918,24926.5,-1.5,-0.01%,7
"2025-09-19 01:00",24923,24928,24923,24928,-29.,-0.12%,6
"2025-09-19 00:00",24959,24959,24957,24957,29.25,+0.12%,7
"2025-09-18 23:00",24927.75,24927.75,24927.75,24927.75,-32.25,-0.13%,1
"2025-09-18 20:00",24949,24960,24949,24960,-19.,-0.08%,4
"2025-09-18 18:00",24979,24979,24979,24979,24,+0.10%,1
"2025-09-18 17:00",24955,24955,24955,24955,-16.,-0.06%,1
"2025-09-18 15:00",24971,24971,24971,24971,21,+0.08%,1
"2025-09-18 14:00",24950,24950,24950,24950,-20.,-0.08%,1
"2025-09-18 12:00",24970,24970,24970,24970,-60.,-0.24%,1
"2025-09-18 11:00",24969,25030,24969,25030,60,+0.24%,3
"2025-09-18 10:00",25000,25000,24970,24970,-30.,-0.12%,4
"2025-09-18 09:00",24950,25026.5,24950,25000,87.5,+0.35%,15
"2025-09-18 08:00",24904.5,24940.5,24847,24912.5,-56.5,-0.23%,19
"2025-09-18 07:00",24982.75,24995,24959.5,24969,-1.,0.00%,38
"2025-09-18 06:00",24980,24984,24970,24970,29,+0.12%,13
"2025-09-18 05:00",24941,24941,24941,24941,41,+0.16%,1
"2025-09-18 02:00",24890,24900,24890,24900,17.5,+0.07%,2
"2025-09-17 23:00",24882.5,24882.5,24882.5,24882.5,32.5,+0.13%,10
"2025-09-17 21:00",24850,24850,24850,24850,49.25,+0.20%,2
"2025-09-17 19:00",24807,24807,24800.75,24800.75,-7.,-0.03%,4
"2025-09-17 18:00",24807.75,24807.75,24807.75,24807.75,69.25,+0.28%,1
"2025-09-17 17:00",24738.5,24738.5,24738.5,24738.5,8.5,+0.03%,1
"2025-09-17 15:00",24730,24730,24730,24730,28,+0.11%,1
"2025-09-17 14:00",24691.25,24770,24655,24702,102,+0.41%,16
"2025-09-17 13:00",24692,24692,24501.5,24600,-92.,-0.37%,19
"2025-09-17 12:00",24652,24692,24652,24692,64.75,+0.26%,5
"2025-09-17 11:00",24629,24629,24616.75,24627.25,-25.25,-0.10%,3
"2025-09-17 10:00",24652.5,24652.5,24652.5,24652.5,-27.75,-0.11%,4
"2025-09-17 09:00",24700,24710,24680.25,24680.25,-79.75,-0.32%,4
"2025-09-17 08:00",24760,24760,24760,24760,-8.25,-0.03%,8
"2025-09-16 21:00",24768.25,24768.25,24768.25,24768.25,-11.75,-0.05%,1
"2025-09-16 20:00",24780,24780,24780,24780,-4.,-0.02%,2
"2025-09-16 19:00",24784,24784,24784,24784,17.75,+0.07%,1
"2025-09-16 14:00",24770.5,24773,24766.25,24766.25,-5.75,-0.02%,7
"2025-09-16 13:00",24772,24772,24772,24772,0,0.00%,1
"2025-09-16 12:00",24780,24780,24772,24772,-10.25,-0.04%,2
"2025-09-16 09:00",24785,24785,24777,24782.25,-5.75,-0.02%,7
"2025-09-16 08:00",24830,24832,24788,24788,-52.,-0.21%,10
"2025-09-16 07:00",24835,24840,24835,24840,-27.,-0.11%,2
"2025-09-16 05:00",24867,24867,24867,24867,-10.,-0.04%,1
"2025-09-16 03:00",24877,24877,24877,24877,57,+0.23%,1
"2025-09-15 23:00",24820,24820,24820,24820,38,+0.15%,1
"2025-09-15 19:00",24775,24782,24775,24782,6.5,+0.03%,2
"2025-09-15 18:00",24783.5,24783.5,24775.5,24775.5,2.5,+0.01%,5
"2025-09-15 17:00",24773,24773,24773,24773,-2.,-0.01%,1
"2025-09-15 15:00",24778.75,24778.75,24775,24775,-16.75,-0.07%,2
"2025-09-15 14:00",24753,24791.75,24753,24791.75,24.75,+0.10%,3
"2025-09-15 13:00",24767,24767,24767,24767,10,+0.04%,1
"2025-09-15 10:00",24740,24757,24732.75,24757,20.5,+0.08%,4
"2025-09-15 09:00",24728,24737,24728,24736.5,29.25,+0.12%,4
"2025-09-15 08:00",24688,24707.25,24688,24707.25,77.25,+0.31%,2
"2025-09-15 07:00",24629.75,24630,24629.75,24630,16,+0.07%,2
"2025-09-15 06:00",24614,24614,24614,24614,40.5,+0.16%,1
"2025-09-15 03:00",24570,24573.5,24570,24573.5,-56.,-0.23%,3
"2025-09-15 02:00",24630,24630,24629.5,24629.5,34.5,+0.14%,2
"2025-09-14 22:00",24595,24595,24595,24595,10,+0.04%,1
"2025-09-14 17:00",24585,24585,24585,24585,19.5,+0.08%,1
"2025-09-12 15:00",24565.5,24565.5,24565.5,24565.5,-21.5,-0.09%,2
"2025-09-12 14:00",24605,24605,24567,24587,-33.,-0.13%,4
"2025-09-12 13:00",24620,24620,24620,24620,65,+0.26%,1
"2025-09-12 10:00",24570,24570,24555,24555,22.75,+0.09%,2
"2025-09-12 09:00",24520,24532.25,24520,24532.25,46,+0.19%,2
"2025-09-12 08:00",24486.25,24486.25,24486.25,24486.25,-20.5,-0.08%,1
"2025-09-12 07:00",24506.75,24506.75,24506.75,24506.75,8.75,+0.04%,1
"2025-09-11 14:00",24498,24498,24498,24498,1.25,+0.01%,1
"2025-09-11 11:00",24504.5,24504.5,24496.75,24496.75,21.75,+0.09%,2
"2025-09-11 09:00",24462,24475,24435,24475,35,+0.14%,5
"2025-09-11 08:00",24436.5,24440,24388,24440,22.25,+0.09%,7
"2025-09-11 07:00",24385.75,24417.75,24364.5,24417.75,73.25,+0.30%,7
"2025-09-11 00:00",24344.5,24344.5,24344.5,24344.5,-9.75,-0.04%,1
"2025-09-10 19:00",24354.25,24354.25,24354.25,24354.25,60.25,+0.25%,1
"2025-09-10 14:00",24302,24302,24269,24294,-42.25,-0.17%,6
"2025-09-10 13:00",24320,24336.25,24320,24336.25,-95.5,-0.39%,3
"2025-09-10 10:00",24402.25,24431.75,24402.25,24431.75,-18.25,-0.07%,4
"2025-09-10 09:00",24440,24450,24440,24450,43.75,+0.18%,2
"2025-09-10 08:00",24442,24442,24406.25,24406.25,-7.,-0.03%,2
"2025-09-10 07:00",24413.25,24413.25,24413.25,24413.25,47.5,+0.19%,1
"2025-09-10 04:00",24365.75,24365.75,24365.75,24365.75,-3.5,-0.01%,1
"2025-09-09 20:00",24369.25,24369.25,24369.25,24369.25,16.25,+0.07%,1
"2025-09-09 14:00",24353,24353,24353,24353,52.75,+0.22%,1
"2025-09-09 12:00",24306.75,24306.75,24300.25,24300.25,54.75,+0.23%,2
"2025-09-09 09:00",24264.5,24264.5,24245.5,24245.5,-66.5,-0.27%,2
"2025-09-09 08:00",24312,24312,24312,24312,2,+0.01%,1
"2025-09-09 05:00",24310,24310,24310,24310,12,+0.05%,1
"2025-09-08 21:00",24298,24298,24298,24298,29.75,+0.12%,1
"2025-09-08 20:00",24268.25,24268.25,24268.25,24268.25,1,0.00%,1
"2025-09-08 13:00",24267.25,24267.25,24267.25,24267.25,0.75,0.00%,1
"2025-09-08 11:00",24266.5,24266.5,24266.5,24266.5,-28.5,-0.12%,1
"2025-09-08 10:00",24295,24295,24295,24295,-10.,-0.04%,1
"2025-09-08 09:00",24317,24317,24305,24305,9,+0.04%,3
"2025-09-08 08:00",24296,24296,24296,24296,177.25,+0.73%,1
"2025-09-05 14:00",24128.5,24128.5,24118.75,24118.75,43.75,+0.18%,2
"2025-09-05 12:00",24075,24075,24075,24075,14.75,+0.06%,1
"2025-09-05 11:00",24079.75,24079.75,24060.25,24060.25,-41.,-0.17%,2
"2025-09-05 10:00",23978.5,24101.75,23976.5,24101.25,31.25,+0.13%,11
"2025-09-05 09:00",24151.5,24151.5,24070,24070,-129.,-0.53%,11
"2025-09-04 19:00",24198.75,24199,24198.75,24199,78.5,+0.33%,7
"2025-09-04 14:00",24120.5,24120.5,24120.5,24120.5,36.5,+0.15%,1
"2025-09-04 13:00",24065.5,24084,24065.5,24084,280.5,+1.18%,3
"2025-09-03 13:00",23803.75,23803.75,23803.5,23803.5,-132.,-0.55%,4
"2025-09-03 09:00",23935.5,23935.5,23935.5,23935.5,25.5,+0.11%,1
"2025-09-03 07:00",23910,23910,23910,23910,44.5,+0.19%,2
"2025-09-03 03:00",23865.5,23865.5,23865.5,23865.5,205.5,+0.87%,1
"2025-09-02 13:00",23624,23660,23624,23660,60,+0.25%,3
"2025-09-02 11:00",23544.25,23600,23544.25,23600,-135.,-0.57%,4
"2025-09-02 09:00",23735,23735,23735,23735,13,+0.05%,1
"2025-09-02 05:00",23722,23722,23722,23722,-116.,-0.49%,1
"2025-09-02 02:00",23860,23860,23838,23838,-82.,-0.34%,4
"2025-09-01 01:00",23920,23920,23920,23920,-35.,-0.15%,1
"2025-08-31 21:00",23955,23955,23955,23955,-65.,-0.27%,1
"2025-08-31 19:00",24020,24020,24020,24020,147,+0.62%,1
"2025-08-29 12:00",23873,23873,23873,23873,-67.,-0.28%,1
"2025-08-29 10:00",23940,23940,23940,23940,-320.,-1.32%,2
"2025-08-28 13:00",24260,24260,24260,24260,25,+0.10%,1
"2025-08-28 12:00",24235,24235,24235,24235,77.25,+0.32%,1
"2025-08-28 08:00",24157.75,24157.75,24157.75,24157.75,77.75,+0.32%,1
"2025-08-28 04:00",24080,24080,24080,24080,20,+0.08%,2
"2025-08-28 01:00",24060,24060,24060,24060,20,+0.08%,1
"2025-08-27 15:00",24113.5,24139.75,24040,24040,-32.5,-0.14%,4
"2025-08-27 10:00",24070,24072.5,24070,24072.5,72.5,+0.30%,2
"2025-08-27 08:00",24000,24000,24000,24000,-80.,-0.33%,1
"2025-08-26 23:00",24080,24080,24080,24080,-10.,-0.04%,1
"2025-08-26 20:00",24090,24090,24090,24090,9,+0.04%,1
"2025-08-26 18:00",24081,24081,24081,24081,-9.,-0.04%,1
"2025-08-26 17:00",24090,24090,24090,24090,15,+0.06%,1
"2025-08-26 15:00",24075,24075,24075,24075,100,+0.42%,1
"2025-08-26 12:00",23975,23975,23975,23975,38,+0.16%,1
"2025-08-25 07:00",23937,23937,23937,23937,-123.,-0.51%,1
"2025-08-22 15:00",24060,24060,24060,24060,-33.25,-0.14%,1
"2025-08-22 10:00",24104,24104,24093.25,24093.25,-11.5,-0.05%,2
"2025-08-22 09:00",24000,24104.75,24000,24104.75,314.75,+1.32%,6
"2025-08-20 14:00",23790,23790,23790,23790,94,+0.40%,2
"2025-08-20 10:00",23637.75,23720.5,23637.75,23696,-129.,-0.54%,5
"2025-08-19 23:00",23825,23825,23825,23825,-61.,-0.26%,1
"2025-08-19 19:00",23873.25,23886,23873.25,23886,-14.,-0.06%,4
"2025-08-19 18:00",23900,23900,23900,23900,-326.,-1.35%,1
"2025-08-18 10:00",24227,24227,24225.5,24226,-34.,-0.14%,6
"2025-08-15 10:00",24260,24260,24260,24260,-45.,-0.19%,4
"2025-08-14 07:00",24305,24305,24305,24305,-126.5,-0.52%,1
"2025-08-13 09:00",24431.5,24431.5,24431.5,24431.5,-63.5,-0.26%,1
"2025-08-13 07:00",24495,24495,24495,24495,123,+0.50%,1
"2025-08-12 11:00",24376.75,24385.5,24372,24372,260.25,+1.08%,7
"2025-08-11 21:00",24111.75,24111.75,24111.75,24111.75,-73.25,-0.30%,1
"2025-08-08 13:00",24185,24185,24185,24185,285,+1.19%,1
"2025-08-07 14:00",23900,23900,23900,23900,-200.,-0.83%,2
"2025-08-07 08:00",24100,24100,24100,24100,210,+0.88%,1
"2025-08-06 13:00",23890,23890,23890,23890,60,+0.25%,1
"2025-08-06 10:00",23805,23830,23805,23830,160,+0.68%,2
"2025-08-06 00:00",23670,23670,23670,23670,70,+0.30%,2
"2025-08-05 15:00",23600,23600,23600,23600,-76.,-0.32%,1
"2025-08-05 12:00",23676,23676,23676,23676,0,0.00%,3
"2025-08-05 10:00",23676,23676,23676,23676,44.75,+0.19%,1
"2025-08-05 09:00",23671.75,23671.75,23631.25,23631.25,-143.75,-0.60%,3
"2025-08-04 15:00",23775,23775,23775,23775,14.5,+0.06%,1
"2025-08-04 12:00",23755.5,23760.5,23755.5,23760.5,39.25,+0.17%,3
"2025-08-04 11:00",23721.75,23721.75,23721.25,23721.25,7,+0.03%,3
"2025-08-04 09:00",23714.25,23714.25,23714.25,23714.25,133.75,+0.57%,1
"2025-08-04 08:00",23580.5,23580.5,23580.5,23580.5,180.25,+0.77%,1
"2025-08-01 10:00",23400.5,23400.5,23400.25,23400.25,3,+0.01%,2
"2025-08-01 09:00",23427,23430.75,23397.25,23397.25,-32.75,-0.14%,8
"2025-08-01 08:00",23530,23530,23430,23430,-193.,-0.82%,23
"2025-08-01 07:00",23639,23639,23594,23623,102.5,+0.44%,5
"2025-08-01 05:00",23520.5,23520.5,23520.5,23520.5,-97.5,-0.41%,2
"2025-08-01 03:00",23618,23618,23618,23618,-271.,-1.13%,2
"2025-07-31 14:00",23889,23889,23889,23889,-11.,-0.05%,1
"2025-07-31 12:00",23900,23900,23900,23900,-400.,-1.65%,1
"2025-07-31 03:00",24300,24300,24300,24300,49,+0.20%,2
"2025-07-30 20:00",24254,24254,24251,24251,258.5,+1.08%,5
"2025-07-30 10:00",23992,23992.5,23992,23992.5,20,+0.08%,4
"2025-07-30 06:00",23972.75,23972.75,23972.5,23972.5,-7.5,-0.03%,4
"2025-07-29 10:00",23966.75,23980,23966.75,23980,-98.25,-0.41%,2
"2025-07-29 06:00",24067,24078.25,24062.25,24078.25,101.75,+0.42%,6
"2025-07-28 10:00",23976.5,23976.5,23976.5,23976.5,136,+0.57%,1
"2025-07-24 10:00",23840.5,23840.5,23840.5,23840.5,104,+0.44%,1
"2025-07-23 12:00",23736.5,23736.5,23736.5,23736.5,-13.75,-0.06%,1
"2025-07-23 04:00",23761.75,23761.75,23750.25,23750.25,-2.25,-0.01%,2
"2025-07-23 03:00",23752.5,23752.5,23752.5,23752.5,-140.5,-0.59%,3
"2025-07-21 12:00",23883.25,23894.5,23883.25,23893,6.5,+0.03%,5
"2025-07-21 09:00",23886.5,23886.5,23886.5,23886.5,237.75,+1.01%,1
"2025-07-18 11:00",23648.75,23648.75,23648.75,23648.75,-134.75,-0.57%,1
"2025-07-18 08:00",23783.5,23783.5,23783.5,23783.5,58,+0.24%,2
"2025-07-17 11:00",23725.5,23725.5,23725.5,23725.5,113,+0.48%,1
"2025-07-15 09:00",23614.75,23614.75,23612.5,23612.5,52.5,+0.22%,8
"2025-07-09 09:00",23560,23560,23560,23560,13.75,+0.06%,1
"2025-07-09 08:00",23538.75,23546.25,23534.5,23546.25,179.25,+0.77%,15
"2025-07-03 08:00",23368,23368,23367,23367,88.5,+0.38%,3
"2025-07-02 11:00",23278,23278.5,23278,23278.5,-3.,-0.01%,8
"2025-07-02 10:00",23266.5,23281.5,23266.5,23281.5,416,+1.82%,8
"2025-06-24 14:00",22865.5,22865.5,22865.5,22865.5,63.25,+0.28%,1
"2025-06-24 12:00",22802.25,22802.25,22802.25,22802.25,0.25,0.00%,1
"2025-06-24 10:00",22770.25,22806,22770.25,22802,414,+1.85%,29
"2025-06-18 13:00",22388,22388,22388,22388,-77.,-0.34%,2
"2025-06-18 11:00",22458,22465,22458,22465,-16.,-0.07%,8
"2025-06-18 09:00",22481,22481,22481,22481,461,+2.09%,1
"2025-05-30 04:00",22020,22020,22020,22020,40,+0.18%,2
"2025-05-21 00:00",21980,21980,21980,21980,-170.,-0.77%,2
"2025-05-15 12:00",22150,22150,22150,22150,638.5,+2.97%,1
"2025-05-12 14:00",21468.5,21511.5,21468.5,21511.5,2543.5,+13.41%,5
"2025-04-16 12:00",18968,18968,18968,18968,-501.,-2.57%,1
"2025-04-14 10:00",19469,19469,19469,19469,41,+0.21%,1
"2025-04-09 13:00",19428,19428,19428,19428,1210,+6.64%,2
"2025-04-04 09:00",18218,18218,18218,18218,-210.,-1.14%,1
"2025-04-04 06:00",18428,18428,18428,18428,-1903.,-9.36%,1
"2025-03-11 08:00",20331,20331,20331,20331,106,+0.52%,1
"Downloaded from Barchart.com as of 03-05-2026 06:11am CST"
