Time,Open,High,Low,Latest,Change,%Change,Volume
"2026-03-04 13:30",6875.96,6881.57,6875.91,6880.34,4.39,+0.06%,0
"2026-03-04 13:00",6876.8,6879.44,6869.26,6875.95,-1.01,-0.01%,0
"2026-03-04 12:30",6868.55,6878.43,6861.37,6876.96,8.22,+0.12%,0
"2026-03-04 12:00",6872.75,6878.19,6868.36,6868.74,-3.99,-0.06%,0
"2026-03-04 11:30",6865.89,6878.44,6864.22,6872.73,6.86,+0.10%,0
"2026-03-04 11:00",6872.52,6880.38,6856.84,6865.87,-7.14,-0.10%,0
"2026-03-04 10:30",6876.17,6877.23,6854.31,6873.01,-2.44,-0.04%,0
"2026-03-04 10:00",6829.85,6876.76,6824.69,6875.45,46.32,+0.68%,0
"2026-03-04 09:30",6831.69,6848.04,6811.64,6829.13,12.5,+0.18%,0
"2026-03-03 16:30",6816.63,6816.63,6816.63,6816.63,0,0.00%,0
"2026-03-03 16:00",6816.35,6816.78,6816.35,6816.63,0.04,0.00%,0
"2026-03-03 15:30",6824.69,6828.85,6806.83,6816.59,-8.2,-0.12%,0
"2026-03-03 15:00",6827.03,6833.46,6816.68,6824.79,-2.13,-0.03%,0
"2026-03-03 14:30",6819.34,6840.05,6808.12,6826.92,7.6,+0.11%,0
"2026-03-03 14:00",6826.56,6829.34,6812.05,6819.32,-7.17,-0.11%,0
"2026-03-03 13:30",6812.94,6832.92,6812.03,6826.49,13.59,+0.20%,0
"2026-03-03 13:00",6788.73,6818.48,6788.73,6812.9,24.25,+0.36%,0
"2026-03-03 12:30",6797.8,6798.64,6776.45,6788.65,-9.39,-0.14%,0
"2026-03-03 12:00",6789.89,6799.01,6778.8,6798.04,8.07,+0.12%,0
"2026-03-03 11:30",6775.13,6798,6761.78,6789.97,14.39,+0.21%,0
"2026-03-03 11:00",6733.4,6779.76,6731.81,6775.58,42.48,+0.63%,0
"2026-03-03 10:30",6711.91,6738.33,6711.91,6733.1,21.29,+0.32%,0
"2026-03-03 10:00",6736.82,6751.74,6710.42,6711.81,-25.14,-0.37%,0
"2026-03-03 09:30",6800.26,6800.26,6733.72,6736.95,-144.67,-2.10%,0
"2026-03-02 16:30",6881.62,6881.62,6881.62,6881.62,0,0.00%,0
"2026-03-02 16:00",6879.42,6881.62,6879.42,6881.62,1.57,+0.02%,0
"2026-03-02 15:30",6868.71,6887.99,6867.84,6880.05,11.24,+0.16%,0
"2026-03-02 15:00",6896.94,6898.17,6864.78,6868.81,-28.19,-0.41%,0
"2026-03-02 14:30",6896.87,6901.01,6894.93,6897,0.2,0.00%,0
"2026-03-02 14:00",6868.62,6897.33,6867.6,6896.8,28.11,+0.41%,0
"2026-03-02 13:30",6882.42,6883.61,6868.09,6868.69,-13.61,-0.20%,0
"2026-03-02 13:00",6887.62,6889.03,6876.82,6882.3,-5.37,-0.08%,0
"2026-03-02 12:30",6880.12,6888.32,6876.07,6887.67,7.49,+0.11%,0
"2026-03-02 12:00",6878.11,6887.01,6873.02,6880.18,2.03,+0.03%,0
"2026-03-02 11:30",6847.65,6884.65,6845.12,6878.15,29.82,+0.44%,0
"2026-03-02 11:00",6857.6,6871.6,6845.27,6848.33,-9.2,-0.13%,0
"2026-03-02 10:30",6849.77,6863.32,6840.15,6857.53,9.29,+0.14%,0
"2026-03-02 10:00",6845.18,6868.53,6835.61,6848.24,2.77,+0.04%,0
"2026-03-02 09:30",6824.36,6849.05,6796.85,6845.47,-33.41,-0.49%,0
"2026-02-27 16:30",6878.88,6878.88,6878.88,6878.88,0,0.00%,0
"2026-02-27 16:00",6878.41,6878.91,6878.37,6878.88,0.84,+0.01%,0
"2026-02-27 15:30",6871.17,6882.96,6860.52,6878.04,6.91,+0.10%,0
"2026-02-27 15:00",6848.81,6875.96,6848.81,6871.13,22.13,+0.32%,0
"2026-02-27 14:30",6851.11,6855.3,6845.6,6849,-2.1,-0.03%,0
"2026-02-27 14:00",6854.86,6865.28,6850.4,6851.1,-3.77,-0.05%,0
"2026-02-27 13:30",6852.84,6857.49,6848.46,6854.87,2.11,+0.03%,0
"2026-02-27 13:00",6859.03,6861.42,6846.02,6852.76,-6.31,-0.09%,0
"2026-02-27 12:30",6856.3,6865.88,6850.58,6859.07,2.78,+0.04%,0
"2026-02-27 12:00",6863.76,6877.6,6848.5,6856.29,-7.61,-0.11%,0
"2026-02-27 11:30",6869.05,6877.38,6861.19,6863.9,-4.97,-0.07%,0
"2026-02-27 11:00",6867.58,6875.69,6862.39,6868.87,1.04,+0.02%,0
"2026-02-27 10:30",6861.05,6875.4,6853.61,6867.83,6.84,+0.10%,0
"2026-02-27 10:00",6843.93,6870.59,6841.96,6860.99,16.3,+0.24%,0
"2026-02-27 09:30",6856.54,6857.04,6831.74,6844.69,-64.17,-0.93%,0
"2026-02-26 16:30",6908.86,6908.86,6908.86,6908.86,0,0.00%,0
"2026-02-26 16:00",6909.24,6909.24,6908.85,6908.86,-0.15,0.00%,0
"2026-02-26 15:30",6902.45,6910.95,6902.45,6909.01,6.54,+0.09%,0
"2026-02-26 15:00",6906.29,6913.71,6902.19,6902.47,-3.94,-0.06%,0
"2026-02-26 14:30",6902.16,6912.57,6901.26,6906.41,4.14,+0.06%,0
"2026-02-26 14:00",6889.92,6908.99,6887.92,6902.27,12.4,+0.18%,0
"2026-02-26 13:30",6872.63,6897.17,6870.89,6889.87,17.11,+0.25%,0
"2026-02-26 13:00",6871.06,6875.03,6864.14,6872.76,1.6,+0.02%,0
"2026-02-26 12:30",6878.29,6886.21,6866.6,6871.16,-7.27,-0.11%,0
"2026-02-26 12:00",6877.97,6886.13,6876.52,6878.43,0.61,+0.01%,0
"2026-02-26 11:30",6903.79,6904.56,6876.3,6877.82,-26.03,-0.38%,0
"2026-02-26 11:00",6893.4,6906.7,6891.3,6903.85,10.58,+0.15%,0
"2026-02-26 10:30",6872.8,6897.4,6859.73,6893.27,19.89,+0.29%,0
"2026-02-26 10:00",6922.89,6925.87,6863.84,6873.38,-49.9,-0.72%,0
"2026-02-26 09:30",6944.74,6947.25,6920.74,6923.28,-22.85,-0.33%,0
"2026-02-25 17:00",6946.13,6946.13,6946.13,6946.13,0,0.00%,0
"2026-02-25 16:00",6946.53,6946.61,6946.12,6946.13,-0.76,-0.01%,0
"2026-02-25 15:30",6945.96,6952.51,6944.4,6946.89,0.96,+0.01%,0
"2026-02-25 15:00",6947.75,6949.53,6945.22,6945.93,-1.8,-0.03%,0
"2026-02-25 14:30",6945.28,6949.84,6945.18,6947.73,2.49,+0.04%,0
"2026-02-25 14:00",6941.86,6947.17,6941.72,6945.24,3.4,+0.05%,0
"2026-02-25 13:30",6939.85,6943.32,6938.83,6941.84,2.01,+0.03%,0
"2026-02-25 13:00",6942.08,6943.33,6939.06,6939.83,-2.26,-0.03%,0
"2026-02-25 12:30",6936.18,6942.25,6935.25,6942.09,5.8,+0.08%,0
"2026-02-25 12:00",6937.24,6940.19,6935.41,6936.29,-0.94,-0.01%,0
"2026-02-25 11:30",6931.22,6940.44,6930.71,6937.23,5.9,+0.09%,0
"2026-02-25 11:00",6924.93,6932.12,6923.3,6931.33,6.41,+0.09%,0
"2026-02-25 10:30",6927.74,6929.73,6918.36,6924.92,-2.68,-0.04%,0
"2026-02-25 10:00",6929.67,6932.23,6919.4,6927.6,-2.26,-0.03%,0
"2026-02-25 09:30",6915.15,6936.2,6915.15,6929.86,39.79,+0.58%,0
"2026-02-24 16:30",6890.07,6890.07,6890.07,6890.07,0,0.00%,0
"2026-02-24 16:00",6890.05,6890.45,6890.05,6890.07,-0.97,-0.01%,0
"2026-02-24 15:30",6881.7,6899.17,6881.67,6891.04,9.42,+0.14%,0
"2026-02-24 15:00",6887.64,6889.61,6881.47,6881.62,-6.04,-0.09%,0
"2026-02-24 14:30",6885.33,6892.82,6884.39,6887.66,2.27,+0.03%,0
"2026-02-24 14:00",6890.71,6892.3,6883.12,6885.39,-5.34,-0.08%,0
"2026-02-24 13:30",6886.49,6894.76,6886.01,6890.73,4.21,+0.06%,0
"2026-02-24 13:00",6890.48,6897.22,6885.91,6886.52,-3.97,-0.06%,0
"2026-02-24 12:30",6891.76,6893.16,6886.92,6890.49,-1.23,-0.02%,0
"2026-02-24 12:00",6880.61,6894.1,6880.27,6891.72,10.85,+0.16%,0
"2026-02-24 11:30",6876.83,6882.86,6867.72,6880.87,4.15,+0.06%,0
"2026-02-24 11:00",6870.03,6884.68,6869.76,6876.72,6.64,+0.10%,0
"2026-02-24 10:30",6880.17,6881.85,6868.34,6870.08,-10.06,-0.15%,0
"2026-02-24 10:00",6847.27,6880.53,6837.49,6880.14,32.26,+0.47%,0
"2026-02-24 09:30",6837.37,6870.29,6815.43,6847.88,10.13,+0.15%,0
"2026-02-23 16:30",6837.75,6837.75,6837.75,6837.75,0,0.00%,0
"2026-02-23 16:00",6839.2,6839.2,6837.75,6837.75,-1.84,-0.03%,0
"2026-02-23 15:30",6830.04,6839.59,6825.9,6839.59,9.34,+0.14%,0
"2026-02-23 15:00",6826.65,6831.07,6822.89,6830.25,3.72,+0.05%,0
"2026-02-23 14:30",6828.6,6832.47,6821.78,6826.53,-1.98,-0.03%,0
"2026-02-23 14:00",6836.35,6838.6,6828.03,6828.51,-7.78,-0.11%,0
"2026-02-23 13:30",6854.33,6855.55,6835.22,6836.29,-17.96,-0.26%,0
"2026-02-23 13:00",6836.23,6855.54,6835.71,6854.25,18.06,+0.26%,0
"2026-02-23 12:30",6833.39,6839.23,6821.81,6836.19,2.77,+0.04%,0
"2026-02-23 12:00",6835.94,6840.55,6832.77,6833.42,-2.43,-0.04%,0
"2026-02-23 11:30",6844.91,6847.47,6834.82,6835.85,-9.06,-0.13%,0
"2026-02-23 11:00",6838.63,6845.01,6819.82,6844.91,6.06,+0.09%,0
"2026-02-23 10:30",6860.91,6865.28,6838.28,6838.85,-21.7,-0.32%,0
"2026-02-23 10:00",6881.35,6887.94,6859.13,6860.55,-21.35,-0.31%,0
"2026-02-23 09:30",6901.25,6916.96,6880.2,6881.9,-27.61,-0.40%,0
"2026-02-20 16:30",6909.51,6909.51,6909.51,6909.51,0,0.00%,0
"2026-02-20 16:00",6910.07,6910.07,6909.5,6909.51,-0.71,-0.01%,0
"2026-02-20 15:30",6900.38,6910.3,6899.7,6910.22,9.95,+0.14%,0
"2026-02-20 15:00",6897.23,6909.42,6897.17,6900.27,3.04,+0.04%,0
"2026-02-20 14:30",6902.05,6907.45,6895.31,6897.23,-4.91,-0.07%,0
"2026-02-20 14:00",6909.8,6914.04,6899.32,6902.14,-7.54,-0.11%,0
"2026-02-20 13:30",6882.9,6915.86,6876.26,6909.68,26.54,+0.39%,0
"2026-02-20 13:00",6891.48,6893.99,6875.72,6883.14,-8.32,-0.12%,0
"2026-02-20 12:30",6868.28,6892.8,6866.99,6891.46,23.41,+0.34%,0
"2026-02-20 12:00",6902.26,6904.69,6858.51,6868.05,-34.,-0.49%,0
"2026-02-20 11:30",6878.72,6908.12,6876.36,6902.05,23.29,+0.34%,0
"2026-02-20 11:00",6905.83,6908.82,6878.59,6878.76,-27.12,-0.39%,0
"2026-02-20 10:30",6884.09,6908.03,6872.77,6905.88,21.46,+0.31%,0
"2026-02-20 10:00",6865.14,6909.87,6859.51,6884.42,18.65,+0.27%,0
"2026-02-20 09:30",6843.26,6869.98,6836.33,6865.77,3.88,+0.06%,0
"2026-02-19 17:30",6861.89,6861.89,6861.89,6861.89,0,0.00%,0
"2026-02-19 16:30",6861.89,6861.89,6861.89,6861.89,0,0.00%,0
"2026-02-19 16:00",6861.94,6861.94,6861.85,6861.89,0.24,0.00%,0
"2026-02-19 15:30",6845.55,6861.73,6845.02,6861.65,16.06,+0.23%,0
"2026-02-19 15:00",6842.56,6851.53,6842.46,6845.59,3.01,+0.04%,0
"2026-02-19 14:30",6849.38,6852.08,6836.87,6842.58,-6.82,-0.10%,0
"2026-02-19 14:00",6854.41,6857.26,6847.38,6849.4,-5.16,-0.08%,0
"2026-02-19 13:30",6841.15,6854.95,6837.73,6854.56,13.48,+0.20%,0
"2026-02-19 13:00",6841.03,6850.79,6833.06,6841.08,0.33,0.00%,0
"2026-02-19 12:30",6856.33,6858.91,6838.78,6840.75,-15.63,-0.23%,0
"2026-02-19 12:00",6852.52,6864.05,6844.49,6856.38,3.83,+0.06%,0
"2026-02-19 11:30",6858.63,6869.2,6844.67,6852.55,-6.1,-0.09%,0
"2026-02-19 11:00",6869.9,6874.98,6856.51,6858.65,-11.3,-0.16%,0
"2026-02-19 10:30",6856.49,6875.35,6855.21,6869.95,13.34,+0.19%,0
"2026-02-19 10:00",6867.32,6879.12,6855.92,6856.61,-10.77,-0.16%,0
"2026-02-19 09:30",6861.34,6875.99,6842.82,6867.38,-13.93,-0.20%,0
"2026-02-18 16:30",6881.31,6881.31,6881.31,6881.31,0,0.00%,0
"2026-02-18 16:00",6880.27,6881.32,6880.27,6881.31,1.65,+0.02%,0
"2026-02-18 15:30",6859.94,6889.75,6859.53,6879.66,19.57,+0.29%,0
"2026-02-18 15:00",6863.52,6871.37,6857.45,6860.09,-3.08,-0.04%,0
"2026-02-18 14:30",6882.23,6883.92,6858.68,6863.17,-19.07,-0.28%,0
"2026-02-18 14:00",6887.68,6891.67,6879.24,6882.24,-5.77,-0.08%,0
"2026-02-18 13:30",6895.94,6898.3,6879.32,6888.01,-7.86,-0.11%,0
"2026-02-18 13:00",6903.01,6909.12,6893.7,6895.87,-6.87,-0.10%,0
"2026-02-18 12:30",6900.51,6905.83,6897.41,6902.74,2.22,+0.03%,0
"2026-02-18 12:00",6893.91,6906.88,6892.67,6900.52,6.71,+0.10%,0
"2026-02-18 11:30",6900.65,6905.58,6893.37,6893.81,-6.8,-0.10%,0
"2026-02-18 11:00",6903.91,6907.85,6898.75,6900.61,-3.28,-0.05%,0
"2026-02-18 10:30",6897.21,6905.73,6891.82,6903.89,6.81,+0.10%,0
"2026-02-18 10:00",6880.7,6902.99,6880.08,6897.08,16.83,+0.24%,0
"2026-02-18 09:30",6855.48,6882.2,6849.66,6880.25,37.03,+0.54%,0
"2026-02-17 16:30",6843.22,6843.22,6843.22,6843.22,0,0.00%,0
"2026-02-17 16:00",6843.51,6844.11,6843.22,6843.22,-2.81,-0.04%,0
"2026-02-17 15:30",6846.93,6850.53,6837.73,6846.03,-1.02,-0.01%,0
"2026-02-17 15:00",6853.7,6858.9,6845.06,6847.05,-6.56,-0.10%,0
"2026-02-17 14:30",6857.54,6866.99,6852.5,6853.61,-3.51,-0.05%,0
"2026-02-17 14:00",6858.87,6863.86,6854.62,6857.12,-1.38,-0.02%,0
"2026-02-17 13:30",6841.5,6865.17,6838.84,6858.5,17.13,+0.25%,0
"2026-02-17 13:00",6828.27,6842.84,6816.76,6841.37,13.16,+0.19%,0
"2026-02-17 12:30",6839.5,6840.78,6809.67,6828.21,-10.92,-0.16%,0
"2026-02-17 12:00",6842.73,6843.09,6823.26,6839.13,-3.61,-0.05%,0
"2026-02-17 11:30",6834.25,6847.86,6826.9,6842.74,8.63,+0.13%,0
"2026-02-17 11:00",6803.71,6849.56,6802.78,6834.11,30.67,+0.45%,0
"2026-02-17 10:30",6790.98,6803.44,6775.5,6803.44,12.12,+0.18%,0
"2026-02-17 10:00",6783.56,6814.84,6780.48,6791.32,7.44,+0.11%,0
"2026-02-17 09:30",6819.86,6845.24,6783.33,6783.88,-52.29,-0.76%,0
"2026-02-13 16:30",6836.17,6836.17,6836.17,6836.17,0,0.00%,0
"2026-02-13 16:00",6835.71,6836.17,6835.71,6836.17,1.09,+0.02%,0
"2026-02-13 15:30",6825.41,6837.12,6817.63,6835.08,9.43,+0.14%,0
"2026-02-13 15:00",6842.84,6851.53,6823.01,6825.65,-17.17,-0.25%,0
"2026-02-13 14:30",6861.93,6867.83,6842.4,6842.82,-19.03,-0.28%,0
"2026-02-13 14:00",6866.49,6872.82,6859.55,6861.85,-4.76,-0.07%,0
"2026-02-13 13:30",6872.12,6879.07,6863.4,6866.61,-5.21,-0.08%,0
"2026-02-13 13:00",6869.82,6880.94,6860.66,6871.82,2.07,+0.03%,0
"2026-02-13 12:30",6872.87,6881.96,6868.14,6869.75,-3.16,-0.05%,0
"2026-02-13 12:00",6866.45,6879.6,6864.5,6872.91,6.06,+0.09%,0
"2026-02-13 11:30",6856.25,6873.75,6849.33,6866.85,11.44,+0.17%,0
"2026-02-13 11:00",6843.9,6861.21,6838.23,6855.41,10.95,+0.16%,0
"2026-02-13 10:30",6848.55,6864.25,6827.21,6844.46,-4.07,-0.06%,0
"2026-02-13 10:00",6817.69,6851.65,6817.69,6848.53,31.96,+0.47%,0
"2026-02-13 09:30",6834.27,6846.77,6794.55,6816.57,-16.19,-0.24%,0
"2026-02-12 16:30",6832.76,6832.76,6832.76,6832.76,0,0.00%,0
"2026-02-12 16:00",6832.64,6832.77,6832.62,6832.76,-0.78,-0.01%,0
"2026-02-12 15:30",6851.64,6853.27,6824.04,6833.54,-18.34,-0.27%,0
"2026-02-12 15:00",6871.04,6874.64,6851.12,6851.88,-18.92,-0.28%,0
"2026-02-12 14:30",6861.28,6879.13,6861.28,6870.8,9.6,+0.14%,0
"2026-02-12 14:00",6866.96,6874.15,6856.33,6861.2,-5.63,-0.08%,0
"2026-02-12 13:30",6851.29,6873.13,6847.88,6866.83,15.62,+0.23%,0
"2026-02-12 13:00",6849.61,6860.47,6842.45,6851.21,1.41,+0.02%,0
"2026-02-12 12:30",6860.68,6875.36,6849.38,6849.8,-10.75,-0.16%,0
"2026-02-12 12:00",6866.02,6871.49,6854.38,6860.55,-5.81,-0.08%,0
"2026-02-12 11:30",6855.31,6877.38,6855.03,6866.36,10.97,+0.16%,0
"2026-02-12 11:00",6905.4,6906.77,6854.94,6855.39,-49.99,-0.72%,0
"2026-02-12 10:30",6950.68,6954.26,6904.98,6905.38,-45.28,-0.65%,0
"2026-02-12 10:00",6949.47,6956.89,6941.13,6950.66,4.73,+0.07%,0
"2026-02-12 09:30",6957.54,6973.22,6942.64,6945.93,4.46,+0.06%,0
"2026-02-11 16:30",6941.47,6941.47,6941.47,6941.47,0,0.00%,0
"2026-02-11 16:00",6940.19,6941.47,6940.19,6941.47,1.79,+0.03%,0
"2026-02-11 15:30",6943.45,6950.29,6939.68,6939.68,-3.76,-0.05%,0
"2026-02-11 15:00",6949.78,6951.9,6943.36,6943.44,-6.5,-0.09%,0
"2026-02-11 14:30",6958.6,6959.33,6944.81,6949.94,-8.66,-0.12%,0
"2026-02-11 14:00",6947.88,6960.09,6942.92,6958.6,10.67,+0.15%,0
"2026-02-11 13:30",6948.73,6950.89,6941.67,6947.93,-0.95,-0.01%,0
"2026-02-11 13:00",6948.19,6949.93,6934.97,6948.88,0.68,+0.01%,0
"2026-02-11 12:30",6956.23,6960.28,6946.62,6948.2,-7.68,-0.11%,0
"2026-02-11 12:00",6941.12,6958.56,6934.69,6955.88,14.73,+0.21%,0
"2026-02-11 11:30",6939.37,6953.69,6936.62,6941.15,1.7,+0.02%,0
"2026-02-11 11:00",6944.19,6955.35,6935.06,6939.45,-4.39,-0.06%,0
"2026-02-11 10:30",6917.49,6946.68,6916.78,6943.84,26.12,+0.38%,0
"2026-02-11 10:00",6961.26,6967.44,6911.97,6917.72,-43.58,-0.63%,0
"2026-02-11 09:30",6976.48,6993.48,6959.36,6961.3,19.49,+0.28%,0
"2026-02-10 16:30",6941.81,6941.81,6941.81,6941.81,0,0.00%,0
"2026-02-10 16:00",6942.07,6942.07,6941.33,6941.81,1.8,+0.03%,0
"2026-02-10 15:30",6953.85,6956.46,6937.53,6940.01,-13.79,-0.20%,0
"2026-02-10 15:00",6958.54,6960.55,6951.83,6953.8,-4.65,-0.07%,0
"2026-02-10 14:30",6959.51,6962.02,6954.99,6958.45,-1.01,-0.01%,0
"2026-02-10 14:00",6957.63,6959.58,6952.63,6959.46,1.89,+0.03%,0
"2026-02-10 13:30",6955.53,6959.2,6949.64,6957.57,2.08,+0.03%,0
"2026-02-10 13:00",6975.08,6975.23,6955.1,6955.49,-19.57,-0.28%,0
"2026-02-10 12:30",6973.36,6979.06,6969.63,6975.06,1.68,+0.02%,0
"2026-02-10 12:00",6968.4,6977.77,6963.21,6973.38,5.06,+0.07%,0
"2026-02-10 11:30",6968.98,6974.37,6964.33,6968.32,-0.68,-0.01%,0
"2026-02-10 11:00",6975.33,6977.8,6962.18,6969,-6.39,-0.09%,0
"2026-02-10 10:30",6980.4,6986.83,6970.95,6975.39,-4.88,-0.07%,0
"2026-02-10 10:00",6978.38,6985.77,6969.31,6980.27,1.49,+0.02%,0
"2026-02-10 09:30",6974.49,6981.59,6956.78,6978.78,13.96,+0.20%,0
"2026-02-09 16:30",6964.82,6964.82,6964.82,6964.82,0,0.00%,0
"2026-02-09 16:00",6962.69,6964.82,6962.69,6964.82,1.65,+0.02%,0
"2026-02-09 15:30",6967.61,6971.5,6960.91,6963.17,-4.09,-0.06%,0
"2026-02-09 15:00",6975.79,6978.85,6965.4,6967.26,-8.51,-0.12%,0
"2026-02-09 14:30",6979.25,6980.07,6975.49,6975.77,-3.35,-0.05%,0
"2026-02-09 14:00",6968.63,6980.1,6966.91,6979.12,10.44,+0.15%,0
"2026-02-09 13:30",6964.21,6973.79,6962.45,6968.68,4.48,+0.06%,0
"2026-02-09 13:00",6967.67,6971.45,6958.24,6964.2,-3.38,-0.05%,0
"2026-02-09 12:30",6973.23,6976.58,6967.18,6967.58,-5.72,-0.08%,0
"2026-02-09 12:00",6975.68,6978.61,6973.17,6973.3,-2.26,-0.03%,0
"2026-02-09 11:30",6969.11,6978.17,6964.71,6975.56,6.37,+0.09%,0
"2026-02-09 11:00",6964.64,6969.7,6962.83,6969.19,4.51,+0.06%,0
"2026-02-09 10:30",6941.16,6966.86,6941.16,6964.68,23.53,+0.34%,0
"2026-02-09 10:00",6924.94,6950.81,6924.55,6941.15,14.18,+0.20%,0
"2026-02-09 09:30",6917.26,6938.54,6905.87,6926.97,-5.33,-0.08%,0
"2026-02-06 16:30",6932.3,6932.3,6932.3,6932.3,0,0.00%,0
"2026-02-06 16:00",6930.54,6932.3,6930.54,6932.3,2.03,+0.03%,0
"2026-02-06 15:30",6919.94,6944.89,6918.51,6930.27,10.46,+0.15%,0
"2026-02-06 15:00",6915.42,6923.76,6913.16,6919.81,4.4,+0.06%,0
"2026-02-06 14:30",6916.97,6919.64,6911.44,6915.41,-1.54,-0.02%,0
"2026-02-06 14:00",6911.87,6916.95,6909.45,6916.95,5.19,+0.08%,0
"2026-02-06 13:30",6911.3,6918.15,6911.22,6911.76,0.45,+0.01%,0
"2026-02-06 13:00",6911.55,6917.64,6908.3,6911.31,-0.24,0.00%,0
"2026-02-06 12:30",6906.84,6916.85,6901.16,6911.55,4.8,+0.07%,0
"2026-02-06 12:00",6896.38,6907.41,6893.96,6906.75,10.41,+0.15%,0
"2026-02-06 11:30",6893.16,6902.12,6892,6896.34,3.58,+0.05%,0
"2026-02-06 11:00",6879.43,6898.91,6876.98,6892.76,13.37,+0.19%,0
"2026-02-06 10:30",6878.02,6891.68,6865.83,6879.39,1.21,+0.02%,0
"2026-02-06 10:00",6868.13,6879.88,6853.6,6878.18,9.19,+0.13%,0
"2026-02-06 09:30",6816.74,6887.13,6816.74,6868.99,70.59,+1.04%,0
"2026-02-05 16:30",6798.4,6798.4,6798.4,6798.4,0,0.00%,0
"2026-02-05 16:00",6797.54,6798.4,6797.54,6798.4,-1.59,-0.02%,0
"2026-02-05 15:30",6799.05,6804.72,6783.67,6799.99,0.94,+0.01%,0
"2026-02-05 15:00",6812.59,6830.13,6797.86,6799.05,-13.39,-0.20%,0
"2026-02-05 14:30",6823.53,6823.53,6805.56,6812.44,-10.98,-0.16%,0
"2026-02-05 14:00",6804.36,6835.64,6801.65,6823.42,18.97,+0.28%,0
"2026-02-05 13:30",6812.73,6820.88,6798.47,6804.45,-8.23,-0.12%,0
"2026-02-05 13:00",6826.11,6834.17,6810.49,6812.68,-13.6,-0.20%,0
"2026-02-05 12:30",6837.04,6847.57,6823.9,6826.28,-10.81,-0.16%,0
"2026-02-05 12:00",6834.55,6840.69,6811.92,6837.09,2.4,+0.04%,0
"2026-02-05 11:30",6817.97,6836.28,6811.56,6834.69,17.64,+0.26%,0
"2026-02-05 11:00",6793.81,6819.47,6780.13,6817.05,23.71,+0.35%,0
"2026-02-05 10:30",6786.86,6805.67,6780.46,6793.34,6.19,+0.09%,0
"2026-02-05 10:00",6827.6,6832.71,6783.03,6787.15,-40.18,-0.59%,0
"2026-02-05 09:30",6837.39,6857.85,6806.92,6827.33,-55.39,-0.80%,0
"2026-02-04 16:30",6882.72,6882.72,6882.72,6882.72,0,0.00%,0
"2026-02-04 16:00",6882.22,6882.75,6882.22,6882.72,-0.04,0.00%,0
"2026-02-04 15:30",6897.43,6904.92,6878.91,6882.76,-14.66,-0.21%,0
"2026-02-04 15:00",6905,6906.42,6889.55,6897.42,-7.43,-0.11%,0
"2026-02-04 14:30",6875.73,6906.56,6875.73,6904.85,29.59,+0.43%,0
"2026-02-04 14:00",6868.05,6875.94,6856.49,6875.26,7.32,+0.11%,0
"2026-02-04 13:30",6870.31,6876.86,6853.25,6867.94,-2.52,-0.04%,0
"2026-02-04 13:00",6858.36,6871.43,6845.04,6870.46,12.13,+0.18%,0
"2026-02-04 12:30",6858.02,6868.45,6838.8,6858.33,0.41,+0.01%,0
"2026-02-04 12:00",6887.58,6891.98,6855.17,6857.92,-29.79,-0.43%,0
"2026-02-04 11:30",6904.89,6905.56,6864.83,6887.71,-17.67,-0.26%,0
"2026-02-04 11:00",6907.57,6910.46,6885.78,6905.38,-1.1,-0.02%,0
"2026-02-04 10:30",6921.26,6924.7,6895.3,6906.48,-14.7,-0.21%,0
"2026-02-04 10:00",6902.77,6930,6886.09,6921.18,18.89,+0.27%,0
"2026-02-04 09:30",6924.5,6936.09,6899.69,6902.29,-15.52,-0.22%,0
"2026-02-03 16:30",6917.81,6917.81,6917.81,6917.81,0,0.00%,0
"2026-02-03 16:00",6917.38,6917.81,6917.38,6917.81,0.41,+0.01%,0
"2026-02-03 15:30",6897.35,6919.54,6897.35,6917.4,19.91,+0.29%,0
"2026-02-03 15:00",6890.52,6899.48,6884.9,6897.49,6.8,+0.10%,0
"2026-02-03 14:30",6883.37,6892.15,6873.61,6890.69,7.86,+0.11%,0
"2026-02-03 14:00",6869.76,6893.98,6862.05,6882.83,12.84,+0.19%,0
"2026-02-03 13:30",6885.64,6885.69,6869.9,6869.99,-15.57,-0.23%,0
"2026-02-03 13:00",6898.63,6906.68,6884.14,6885.56,-12.76,-0.18%,0
"2026-02-03 12:30",6910.24,6910.82,6895.73,6898.32,-11.95,-0.17%,0
"2026-02-03 12:00",6928.12,6928.86,6909.1,6910.27,-17.78,-0.26%,0
"2026-02-03 11:30",6930.28,6936.19,6924.76,6928.05,-1.9,-0.03%,0
"2026-02-03 11:00",6953.38,6953.65,6929.47,6929.95,-23.52,-0.34%,0
"2026-02-03 10:30",6944.26,6956.87,6931.55,6953.47,9.29,+0.13%,0
"2026-02-03 10:00",6955.9,6958.34,6930.65,6944.18,-11.78,-0.17%,0
"2026-02-03 09:30",6985.45,6993.08,6954.71,6955.96,-20.48,-0.29%,0
"2026-02-02 16:30",6976.44,6976.44,6976.44,6976.44,0,0.00%,0
"2026-02-02 16:00",6976.78,6976.91,6976.44,6976.44,0.21,0.00%,0
"2026-02-02 15:30",6980.08,6981.72,6973.3,6976.23,-3.85,-0.06%,0
"2026-02-02 15:00",6976.62,6987.09,6972.69,6980.08,3.91,+0.06%,0
"2026-02-02 14:30",6990.71,6990.71,6975.66,6976.17,-14.59,-0.21%,0
"2026-02-02 14:00",6987.36,6991.55,6986.09,6990.76,3.2,+0.05%,0
"2026-02-02 13:30",6983.51,6989.88,6983.07,6987.56,3.93,+0.06%,0
"2026-02-02 13:00",6986.95,6990.09,6979.85,6983.63,-3.3,-0.05%,0
"2026-02-02 12:30",6985.3,6991.92,6983.39,6986.93,1.66,+0.02%,0
"2026-02-02 12:00",6979.82,6987.82,6979.01,6985.27,5.5,+0.08%,0
"2026-02-02 11:30",6978.14,6980.58,6967.85,6979.77,1.52,+0.02%,0
"2026-02-02 11:00",6969.86,6978.91,6962.11,6978.25,8.46,+0.12%,0
"2026-02-02 10:30",6970.31,6980.82,6966.02,6969.79,-0.59,-0.01%,0
"2026-02-02 10:00",6948.75,6979.6,6946.69,6970.38,21.08,+0.30%,0
"2026-02-02 09:30",6916.64,6960.31,6914.34,6949.3,10.27,+0.15%,0
"2026-01-30 16:30",6939.03,6939.03,6939.03,6939.03,0,0.00%,0
"2026-01-30 16:00",6938.98,6939.88,6938.98,6939.03,1.53,+0.02%,0
"2026-01-30 15:30",6922.97,6949.72,6922.56,6937.5,14.61,+0.21%,0
"2026-01-30 15:00",6927.59,6933.82,6915.68,6922.89,-4.12,-0.06%,0
"2026-01-30 14:30",6936,6945.16,6927.01,6927.01,-9.37,-0.14%,0
"2026-01-30 14:00",6935.98,6949.36,6935.98,6936.38,0.45,+0.01%,0
"2026-01-30 13:30",6917.16,6942.58,6901.36,6935.93,18.65,+0.27%,0
"2026-01-30 13:00",6914.11,6924.76,6893.48,6917.28,3.14,+0.05%,0
"2026-01-30 12:30",6933.4,6937.46,6914.12,6914.14,-18.84,-0.27%,0
"2026-01-30 12:00",6929.23,6934.03,6910.36,6932.98,3.74,+0.05%,0
"2026-01-30 11:30",6933.07,6946.19,6927.24,6929.24,-3.71,-0.05%,0
"2026-01-30 11:00",6943.78,6948.78,6925.11,6932.95,-10.5,-0.15%,0
"2026-01-30 10:30",6935.87,6964.09,6931.91,6943.45,7.48,+0.11%,0
"2026-01-30 10:00",6940.62,6962.2,6935.97,6935.97,-4.56,-0.07%,0
"2026-01-30 09:30",6947.27,6960.82,6935.89,6940.53,-28.48,-0.41%,0
"2026-01-29 16:00",6967.41,6969.01,6967.41,6969.01,2.74,+0.04%,0
"2026-01-29 15:30",6938.14,6971.09,6936.96,6966.27,28.16,+0.41%,0
"2026-01-29 15:00",6933.62,6942.62,6933.33,6938.11,4.74,+0.07%,0
"2026-01-29 14:30",6943.98,6944.85,6933.29,6933.37,-10.54,-0.15%,0
"2026-01-29 14:00",6928.67,6944.5,6925.5,6943.91,14.9,+0.22%,0
"2026-01-29 13:30",6932.82,6940.31,6924.88,6929.01,-3.89,-0.06%,0
"2026-01-29 13:00",6911.4,6933.96,6910.55,6932.9,21.99,+0.32%,0
"2026-01-29 12:30",6933.52,6939.41,6910.23,6910.91,-22.8,-0.33%,0
"2026-01-29 12:00",6909.69,6936.16,6909.59,6933.71,24.17,+0.35%,0
"2026-01-29 11:30",6902.46,6912.74,6901.95,6909.54,6.82,+0.10%,0
"2026-01-29 11:00",6882.79,6909.16,6870.8,6902.72,19.87,+0.29%,0
"2026-01-29 10:30",6912.59,6914.64,6874.52,6882.85,-29.75,-0.43%,0
"2026-01-29 10:00",6937.54,6938.53,6911.6,6912.6,-24.11,-0.35%,0
"2026-01-29 09:30",6977.74,6992.84,6936.71,6936.71,-41.32,-0.59%,0
"2026-01-28 16:30",6978.03,6978.03,6978.03,6978.03,0,0.00%,0
"2026-01-28 16:00",6976.87,6978.06,6976.87,6978.03,1.75,+0.03%,0
"2026-01-28 15:30",6977.57,6984.08,6971.23,6976.28,-1.4,-0.02%,0
"2026-01-28 15:00",6971.93,6985.54,6971.45,6977.68,5.8,+0.08%,0
"2026-01-28 14:30",6964.44,6983.62,6963.46,6971.88,7.45,+0.11%,0
"2026-01-28 14:00",6973.87,6979.18,6964.22,6964.43,-9.45,-0.14%,0
"2026-01-28 13:30",6974.81,6976.36,6971.05,6973.88,-0.95,-0.01%,0
"2026-01-28 13:00",6971.71,6977.6,6969.04,6974.83,3.18,+0.05%,0
"2026-01-28 12:30",6971.78,6977.48,6968.44,6971.65,-0.14,0.00%,0
"2026-01-28 12:00",6970.14,6979.65,6969.89,6971.79,1.73,+0.02%,0
"2026-01-28 11:30",6985.27,6985.27,6968.23,6970.06,-14.25,-0.20%,0
"2026-01-28 11:00",6978.8,6986.46,6978.23,6984.31,5.62,+0.08%,0
"2026-01-28 10:30",6988.99,6991.25,6978.67,6978.69,-10.29,-0.15%,0
"2026-01-28 10:00",6994.7,6996.48,6983.75,6988.98,-5.45,-0.08%,0
"2026-01-28 09:30",7002,7002.28,6993.73,6994.43,15.83,+0.23%,0
"2026-01-27 16:30",6978.6,6978.6,6978.6,6978.6,0,0.00%,0
"2026-01-27 16:00",6978.77,6978.77,6978.53,6978.6,0.02,0.00%,0
"2026-01-27 15:30",6983.56,6984.99,6978.13,6978.58,-5.01,-0.07%,0
"2026-01-27 15:00",6984.1,6987.63,6982.97,6983.59,-0.51,-0.01%,0
"2026-01-27 14:30",6985.2,6986.89,6983.13,6984.1,-1.06,-0.02%,0
"2026-01-27 14:00",6983.57,6985.7,6980.56,6985.16,1.62,+0.02%,0
"2026-01-27 13:30",6981.42,6985.14,6980.68,6983.54,2.16,+0.03%,0
"2026-01-27 13:00",6977.55,6983.02,6972.74,6981.38,3.88,+0.06%,0
"2026-01-27 12:30",6983.37,6984.1,6976.8,6977.5,-5.86,-0.08%,0
"2026-01-27 12:00",6983.86,6984.81,6977.22,6983.36,-0.59,-0.01%,0
"2026-01-27 11:30",6985.88,6988.82,6983.73,6983.95,-1.88,-0.03%,0
"2026-01-27 11:00",6983.54,6988.72,6983.42,6985.83,2.35,+0.03%,0
"2026-01-27 10:30",6971.61,6984.89,6970.97,6983.48,11.66,+0.17%,0
"2026-01-27 10:00",6975.61,6977.58,6968.83,6971.82,-4.38,-0.06%,0
"2026-01-27 09:30",6965.96,6978.44,6958.83,6976.2,25.97,+0.37%,0
"2026-01-26 16:30",6950.23,6950.23,6950.23,6950.23,0,0.00%,0
"2026-01-26 16:00",6949.77,6950.3,6949.77,6950.23,0.08,0.00%,0
"2026-01-26 15:30",6958.84,6961.53,6949.54,6950.15,-8.75,-0.13%,0
"2026-01-26 15:00",6958.97,6960.87,6957.67,6958.9,-0.1,0.00%,0
"2026-01-26 14:30",6961.77,6963.33,6958.68,6959,-2.85,-0.04%,0
"2026-01-26 14:00",6959.26,6962.98,6958.13,6961.85,2.56,+0.04%,0
"2026-01-26 13:30",6961.15,6964.66,6957.04,6959.29,-1.94,-0.03%,0
"2026-01-26 13:00",6956.11,6961.75,6952.47,6961.23,5.17,+0.07%,0
"2026-01-26 12:30",6958.49,6959.35,6953.81,6956.06,-2.49,-0.04%,0
"2026-01-26 12:00",6954.69,6960.53,6953.98,6958.55,3.94,+0.06%,0
"2026-01-26 11:30",6954.52,6956.61,6951.36,6954.61,0.02,0.00%,0
"2026-01-26 11:00",6953.66,6956.02,6946.01,6954.59,0.72,+0.01%,0
"2026-01-26 10:30",6949.27,6956.97,6945.4,6953.87,4.93,+0.07%,0
"2026-01-26 10:00",6945.28,6957.46,6940.87,6948.94,3.08,+0.04%,0
"2026-01-26 09:30",6923.23,6950.02,6921.6,6945.86,30.25,+0.44%,0
"2026-01-23 16:30",6915.61,6915.61,6915.61,6915.61,0,0.00%,0
"2026-01-23 16:00",6915.1,6915.62,6915.1,6915.61,0.45,+0.01%,0
"2026-01-23 15:30",6911.55,6918.96,6908.76,6915.16,3.53,+0.05%,0
"2026-01-23 15:00",6918.6,6918.94,6908.93,6911.63,-6.97,-0.10%,0
"2026-01-23 14:30",6919.08,6921.73,6912.88,6918.6,-0.39,-0.01%,0
"2026-01-23 14:00",6912.74,6924.51,6912.69,6918.99,6.18,+0.09%,0
"2026-01-23 13:30",6912.67,6915.26,6907.29,6912.81,0.12,0.00%,0
"2026-01-23 13:00",6903.01,6914.31,6902.33,6912.69,9.78,+0.14%,0
"2026-01-23 12:30",6925.18,6925.72,6901.03,6902.91,-22.46,-0.32%,0
"2026-01-23 12:00",6920.52,6926.26,6916.52,6925.37,4.78,+0.07%,0
"2026-01-23 11:30",6924.09,6929.2,6917.76,6920.59,-3.61,-0.05%,0
"2026-01-23 11:00",6928.63,6932.96,6922.89,6924.2,-4.46,-0.06%,0
"2026-01-23 10:30",6917.16,6930.54,6916.05,6928.66,11.43,+0.17%,0
"2026-01-23 10:00",6910.64,6921.77,6906.69,6917.23,6.14,+0.09%,0
"2026-01-23 09:30",6907.85,6912.76,6895.5,6911.09,-2.26,-0.03%,0
"2026-01-22 16:30",6913.35,6913.35,6913.35,6913.35,0,0.00%,0
"2026-01-22 16:00",6913.44,6913.44,6913.34,6913.35,0.81,+0.01%,0
"2026-01-22 15:30",6905.56,6913.66,6899.9,6912.54,6.94,+0.10%,0
"2026-01-22 15:00",6911.43,6918.33,6905.6,6905.6,-5.84,-0.08%,0
"2026-01-22 14:30",6930.14,6930.74,6911.43,6911.44,-18.59,-0.27%,0
"2026-01-22 14:00",6923.73,6932.89,6923.62,6930.03,6.29,+0.09%,0
"2026-01-22 13:30",6928.14,6931.75,6922.25,6923.74,-4.4,-0.06%,0
"2026-01-22 13:00",6933.51,6934.75,6927.11,6928.14,-5.41,-0.08%,0
"2026-01-22 12:30",6926.1,6934.1,6926.1,6933.55,7.57,+0.11%,0
"2026-01-22 12:00",6921.08,6929.1,6918.1,6925.98,4.74,+0.07%,0
"2026-01-22 11:30",6921.65,6928.4,6920.57,6921.24,-0.54,-0.01%,0
"2026-01-22 11:00",6910.08,6924.47,6910.08,6921.78,11.68,+0.17%,0
"2026-01-22 10:30",6908.83,6918.4,6905.32,6910.1,1.33,+0.02%,0
"2026-01-22 10:00",6903.43,6910.04,6893.62,6908.77,5.97,+0.09%,0
"2026-01-22 09:30",6914.44,6930.43,6897.59,6902.8,27.18,+0.40%,0
"2026-01-21 16:30",6875.62,6875.62,6875.62,6875.62,0,0.00%,0
"2026-01-21 16:00",6876.08,6876.08,6875.62,6875.62,0.14,0.00%,0
"2026-01-21 15:30",6877.07,6884.62,6869.91,6875.48,-1.41,-0.02%,0
"2026-01-21 15:00",6907.63,6910.39,6876.89,6876.89,-30.54,-0.44%,0
"2026-01-21 14:30",6867.66,6909.69,6867.66,6907.43,39.86,+0.58%,0
"2026-01-21 14:00",6833.09,6872.16,6822.45,6867.57,34.46,+0.50%,0
"2026-01-21 13:30",6828.73,6837.62,6820.95,6833.11,4.48,+0.07%,0
"2026-01-21 13:00",6829.45,6830.5,6810.17,6828.63,-0.77,-0.01%,0
"2026-01-21 12:30",6821.75,6832.4,6813.6,6829.4,7.65,+0.11%,0
"2026-01-21 12:00",6824.12,6830.05,6804.96,6821.75,-2.53,-0.04%,0
"2026-01-21 11:30",6865.86,6866.03,6823.05,6824.28,-41.65,-0.61%,0
"2026-01-21 11:00",6870.68,6871.76,6861.73,6865.93,-4.7,-0.07%,0
"2026-01-21 10:30",6853.41,6874.89,6853.22,6870.63,17.2,+0.25%,0
"2026-01-21 10:00",6847.07,6857.38,6840.45,6853.43,5.56,+0.08%,0
"2026-01-21 09:30",6810.71,6849.98,6810.71,6847.87,51.01,+0.75%,0
"2026-01-20 16:30",6796.86,6796.86,6796.86,6796.86,0,0.00%,0
"2026-01-20 16:00",6798.48,6798.48,6796.86,6796.86,0.1,0.00%,0
"2026-01-20 15:30",6796.87,6799.87,6789.05,6796.76,0.04,0.00%,0
"2026-01-20 15:00",6801.96,6803.25,6792.86,6796.72,-5.07,-0.07%,0
"2026-01-20 14:30",6803.45,6807.64,6796.8,6801.79,-1.65,-0.02%,0
"2026-01-20 14:00",6810.74,6815.52,6800.78,6803.44,-7.37,-0.11%,0
"2026-01-20 13:30",6826.65,6827.15,6803.99,6810.81,-15.99,-0.23%,0
"2026-01-20 13:00",6834.24,6838.01,6826.36,6826.8,-7.41,-0.11%,0
"2026-01-20 12:30",6847.68,6847.68,6828.49,6834.21,-13.37,-0.20%,0
"2026-01-20 12:00",6860.6,6862.31,6845.44,6847.58,-13.13,-0.19%,0
"2026-01-20 11:30",6862.35,6866.7,6847.48,6860.71,-1.52,-0.02%,0
"2026-01-20 11:00",6861.59,6868.7,6849.66,6862.23,0.8,+0.01%,0
"2026-01-20 10:30",6862.01,6871.17,6853.17,6861.43,-0.63,-0.01%,0
"2026-01-20 10:00",6845.94,6863.34,6833.29,6862.06,15.65,+0.23%,0
"2026-01-20 09:30",6865.24,6865.24,6837.75,6846.41,-93.6,-1.35%,0
"2026-01-16 16:30",6940.01,6940.01,6940.01,6940.01,0,0.00%,0
"2026-01-16 16:00",6939.58,6940.18,6939.58,6940.01,0.55,+0.01%,0
"2026-01-16 15:30",6945.73,6948.53,6939.23,6939.46,-6.33,-0.09%,0
"2026-01-16 15:00",6950.86,6952.8,6945.79,6945.79,-5.1,-0.07%,0
"2026-01-16 14:30",6944.75,6954.05,6944.54,6950.89,6.04,+0.09%,0
"2026-01-16 14:00",6950.18,6960.5,6943.87,6944.85,-5.32,-0.08%,0
"2026-01-16 13:30",6954.11,6956.46,6950,6950.17,-3.88,-0.06%,0
"2026-01-16 13:00",6942.85,6955.76,6942.85,6954.05,11.37,+0.16%,0
"2026-01-16 12:30",6949.23,6952.73,6942.68,6942.68,-6.56,-0.09%,0
"2026-01-16 12:00",6950.54,6953.54,6948.58,6949.24,-1.31,-0.02%,0
"2026-01-16 11:30",6951.46,6958.4,6945.98,6950.55,-0.54,-0.01%,0
"2026-01-16 11:00",6942.37,6951.91,6939.63,6951.09,8.89,+0.13%,0
"2026-01-16 10:30",6940.54,6942.2,6925.09,6942.2,1.62,+0.02%,0
"2026-01-16 10:00",6943.47,6951.8,6939.56,6940.58,-2.81,-0.04%,0
"2026-01-16 09:30",6960.54,6967.3,6943.22,6943.39,-1.08,-0.02%,0
"2026-01-15 16:30",6944.47,6944.47,6944.47,6944.47,0,0.00%,0
"2026-01-15 16:00",6945.28,6945.28,6944.47,6944.47,-0.5,-0.01%,0
"2026-01-15 15:30",6942.73,6946.66,6938.29,6944.97,2.27,+0.03%,0
"2026-01-15 15:00",6952.8,6954.75,6937.93,6942.7,-10.1,-0.15%,0
"2026-01-15 14:30",6960.88,6961.86,6950.91,6952.8,-8.22,-0.12%,0
"2026-01-15 14:00",6972.1,6972.1,6960.08,6961.02,-11.14,-0.16%,0
"2026-01-15 13:30",6973.78,6976.93,6971.06,6972.16,-1.69,-0.02%,0
"2026-01-15 13:00",6964.5,6973.85,6963.96,6973.85,9.36,+0.13%,0
"2026-01-15 12:30",6969.64,6974.73,6964.18,6964.49,-5.1,-0.07%,0
"2026-01-15 12:00",6975.47,6979.34,6969.2,6969.59,-5.88,-0.08%,0
"2026-01-15 11:30",6973.51,6978.2,6969.65,6975.47,2.02,+0.03%,0
"2026-01-15 11:00",6969.6,6975.85,6968.48,6973.45,3.48,+0.05%,0
"2026-01-15 10:30",6963.79,6973.78,6955.46,6969.97,6.37,+0.09%,0
"2026-01-15 10:00",6960.81,6971.52,6957.43,6963.6,1.79,+0.03%,0
"2026-01-15 09:30",6969.46,6972.15,6956.7,6961.81,35.21,+0.51%,0
"2026-01-14 16:30",6926.6,6926.6,6926.6,6926.6,0,0.00%,0
"2026-01-14 16:00",6927.63,6927.63,6926.6,6926.6,-1.81,-0.03%,0
"2026-01-14 15:30",6915.68,6928.41,6910.68,6928.41,12.95,+0.19%,0
"2026-01-14 15:00",6904.8,6920.32,6897.6,6915.46,11.12,+0.16%,0
"2026-01-14 14:30",6905.32,6909.86,6902.13,6904.34,-0.93,-0.01%,0
"2026-01-14 14:00",6905.29,6907.12,6900.71,6905.27,0,0.00%,0
"2026-01-14 13:30",6900.49,6906.22,6887.18,6905.27,4.78,+0.07%,0
"2026-01-14 13:00",6890.6,6900.58,6889.85,6900.49,10.01,+0.15%,0
"2026-01-14 12:30",6895.18,6898.58,6886.37,6890.48,-4.75,-0.07%,0
"2026-01-14 12:00",6890.08,6897.38,6886.71,6895.23,5.14,+0.07%,0
"2026-01-14 11:30",6916.1,6918.88,6885.74,6890.09,-26.06,-0.38%,0
"2026-01-14 11:00",6896.39,6917.53,6894.47,6916.15,19.86,+0.29%,0
"2026-01-14 10:30",6912.38,6913.93,6889.8,6896.29,-15.95,-0.23%,0
"2026-01-14 10:00",6911.35,6932.3,6902.67,6912.24,0.17,0.00%,0
"2026-01-14 09:30",6937.41,6941.3,6912.07,6912.07,-51.67,-0.74%,0
"2026-01-13 16:30",6963.74,6963.74,6963.74,6963.74,0,0.00%,0
"2026-01-13 16:00",6963.3,6963.74,6963.16,6963.74,0.76,+0.01%,0
"2026-01-13 15:30",6944.75,6964.4,6938.77,6962.98,18.21,+0.26%,0
"2026-01-13 15:00",6953.56,6953.56,6944.77,6944.77,-8.6,-0.12%,0
"2026-01-13 14:30",6955.1,6956.52,6950.56,6953.37,-1.53,-0.02%,0
"2026-01-13 14:00",6952.45,6955.22,6947.05,6954.9,2.36,+0.03%,0
"2026-01-13 13:30",6954.62,6961.32,6950.31,6952.54,-2.06,-0.03%,0
"2026-01-13 13:00",6954.24,6959.76,6949.79,6954.6,0.29,0.00%,0
"2026-01-13 12:30",6970.94,6972.55,6950.67,6954.31,-16.6,-0.24%,0
"2026-01-13 12:00",6973.93,6976.58,6964.56,6970.91,-3.03,-0.04%,0
"2026-01-13 11:30",6960.18,6977.04,6958.38,6973.94,13.74,+0.20%,0
"2026-01-13 11:00",6962.91,6968.15,6950.07,6960.2,-2.63,-0.04%,0
"2026-01-13 10:30",6951.47,6965.35,6950.48,6962.83,11.23,+0.16%,0
"2026-01-13 10:00",6967.16,6969.9,6945.69,6951.6,-16.25,-0.23%,0
"2026-01-13 09:30",6977.41,6985.83,6967.75,6967.85,-9.42,-0.14%,0
"2026-01-12 16:30",6977.27,6977.27,6977.27,6977.27,0,0.00%,0
"2026-01-12 16:00",6976.63,6977.32,6976.63,6977.27,0.55,+0.01%,0
"2026-01-12 15:30",6978.8,6982.19,6976.39,6976.72,-2.18,-0.03%,0
"2026-01-12 15:00",6985.03,6986.33,6977.57,6978.9,-6.19,-0.09%,0
"2026-01-12 14:30",6978.89,6985.64,6978.71,6985.09,6.15,+0.09%,0
"2026-01-12 14:00",6977.57,6980.23,6974.8,6978.94,1.42,+0.02%,0
"2026-01-12 13:30",6976.69,6978.78,6974.9,6977.52,0.79,+0.01%,0
"2026-01-12 13:00",6972.02,6977.29,6971.25,6976.73,4.78,+0.07%,0
"2026-01-12 12:30",6971.11,6973.23,6966.43,6971.95,0.84,+0.01%,0
"2026-01-12 12:00",6971.09,6974.01,6967.93,6971.11,-0.02,0.00%,0
"2026-01-12 11:30",6967.51,6974.34,6966.3,6971.13,3.55,+0.05%,0
"2026-01-12 11:00",6964.86,6972.62,6962.54,6967.58,2.71,+0.04%,0
"2026-01-12 10:30",6961.24,6966.17,6955.05,6964.87,3.83,+0.06%,0
"2026-01-12 10:00",6962.56,6963.66,6955.5,6961.04,-1.84,-0.03%,0
"2026-01-12 09:30",6944.12,6964.87,6934.07,6962.88,-3.4,-0.05%,0
"2026-01-09 16:30",6966.28,6966.28,6966.28,6966.28,0,0.00%,0
"2026-01-09 16:00",6965.73,6966.28,6965.73,6966.28,0.29,0.00%,0
"2026-01-09 15:30",6975.68,6976.91,6965.6,6965.99,-9.75,-0.14%,0
"2026-01-09 15:00",6974.31,6978.36,6973.48,6975.74,1.42,+0.02%,0
"2026-01-09 14:30",6974.07,6977.6,6973.02,6974.32,0.22,0.00%,0
"2026-01-09 14:00",6971.27,6974.53,6969.57,6974.1,2.64,+0.04%,0
"2026-01-09 13:30",6964.48,6974.46,6964.32,6971.46,7.03,+0.10%,0
"2026-01-09 13:00",6965.86,6965.96,6959.68,6964.43,-1.46,-0.02%,0
"2026-01-09 12:30",6968.06,6970.41,6965.71,6965.89,-2.12,-0.03%,0
"2026-01-09 12:00",6964.12,6969.52,6963.09,6968.01,3.73,+0.05%,0
"2026-01-09 11:30",6954.75,6965.89,6951.02,6964.28,9.63,+0.14%,0
"2026-01-09 11:00",6945.56,6961.93,6945.56,6954.65,8.9,+0.13%,0
"2026-01-09 10:30",6957.03,6960.44,6939.21,6945.75,-11.33,-0.16%,0
"2026-01-09 10:00",6941.52,6959.03,6917.64,6957.08,15.47,+0.22%,0
"2026-01-09 09:30",6927.83,6949.25,6927.83,6941.61,20.15,+0.29%,0
"2026-01-08 16:30",6921.46,6921.46,6921.46,6921.46,0,0.00%,0
"2026-01-08 16:00",6920.82,6921.46,6920.75,6921.46,0.36,+0.01%,0
"2026-01-08 15:30",6921.14,6925.86,6918.05,6921.1,0.04,0.00%,0
"2026-01-08 15:00",6913.96,6921.84,6912.81,6921.06,7.08,+0.10%,0
"2026-01-08 14:30",6915.15,6918.25,6911.52,6913.98,-1.08,-0.02%,0
"2026-01-08 14:00",6914.53,6919.06,6908.46,6915.06,0.47,+0.01%,0
"2026-01-08 13:30",6921.04,6923.37,6913.47,6914.59,-6.37,-0.09%,0
"2026-01-08 13:00",6926.34,6927.23,6913.9,6920.96,-5.44,-0.08%,0
"2026-01-08 12:30",6918.86,6931.28,6918.86,6926.4,7.67,+0.11%,0
"2026-01-08 12:00",6924.45,6925.29,6916.98,6918.73,-5.94,-0.09%,0
"2026-01-08 11:30",6916.33,6925.95,6910.08,6924.67,8.2,+0.12%,0
"2026-01-08 11:00",6923.75,6925.02,6912,6916.47,-7.21,-0.10%,0
"2026-01-08 10:30",6921.88,6924.56,6910.82,6923.68,1.84,+0.03%,0
"2026-01-08 10:00",6906.9,6925.24,6903.3,6921.84,13.47,+0.19%,0
"2026-01-08 09:30",6914.11,6917.94,6899.33,6908.37,-12.56,-0.18%,0
"2026-01-07 16:30",6920.93,6920.93,6920.93,6920.93,0,0.00%,0
"2026-01-07 16:00",6921.18,6921.18,6920.9,6920.93,-0.6,-0.01%,0
"2026-01-07 15:30",6928.89,6928.89,6919.19,6921.53,-7.4,-0.11%,0
"2026-01-07 15:00",6943.39,6943.83,6927.11,6928.93,-14.49,-0.21%,0
"2026-01-07 14:30",6942.53,6947.23,6941.81,6943.42,1.02,+0.01%,0
"2026-01-07 14:00",6954.27,6954.82,6940.38,6942.4,-11.83,-0.17%,0
"2026-01-07 13:30",6947.59,6957.51,6947.59,6954.23,6.75,+0.10%,0
"2026-01-07 13:00",6955.96,6956.01,6946.93,6947.48,-8.43,-0.12%,0
"2026-01-07 12:30",6962.96,6963.64,6954.17,6955.91,-7.06,-0.10%,0
"2026-01-07 12:00",6960.88,6965.69,6960.77,6962.97,2.09,+0.03%,0
"2026-01-07 11:30",6948.24,6961.88,6947.82,6960.88,12.64,+0.18%,0
"2026-01-07 11:00",6951.38,6954.34,6945.64,6948.24,-3.24,-0.05%,0
"2026-01-07 10:30",6943.15,6952.26,6936.58,6951.48,8.33,+0.12%,0
"2026-01-07 10:00",6951.22,6953.05,6937.22,6943.15,-8.43,-0.12%,0
"2026-01-07 09:30",6945.07,6957.4,6942.78,6951.58,6.76,+0.10%,0
"2026-01-06 16:30",6944.82,6944.82,6944.82,6944.82,0,0.00%,0
"2026-01-06 16:00",6944.43,6944.97,6944.43,6944.82,0.3,0.00%,0
"2026-01-06 15:30",6945.39,6948.69,6944.29,6944.52,-0.89,-0.01%,0
"2026-01-06 15:00",6944.3,6948.26,6944,6945.41,1.04,+0.01%,0
"2026-01-06 14:30",6945.42,6947.28,6943.88,6944.37,-1.03,-0.01%,0
"2026-01-06 14:00",6943.18,6947.28,6942.42,6945.4,2.27,+0.03%,0
"2026-01-06 13:30",6934.73,6943.19,6932.73,6943.13,8.4,+0.12%,0
"2026-01-06 13:00",6935.51,6937.69,6931.62,6934.73,-0.82,-0.01%,0
"2026-01-06 12:30",6929.89,6936.88,6929.89,6935.55,5.7,+0.08%,0
"2026-01-06 12:00",6920.47,6932.18,6917.36,6929.85,9.37,+0.14%,0
"2026-01-06 11:30",6916.09,6920.87,6912.36,6920.48,4.09,+0.06%,0
"2026-01-06 11:00",6917.08,6920.75,6908.9,6916.39,-0.43,-0.01%,0
"2026-01-06 10:30",6932.56,6932.56,6913.28,6916.82,-15.7,-0.23%,0
"2026-01-06 10:00",6927.23,6934.6,6926.24,6932.52,5.4,+0.08%,0
"2026-01-06 09:30",6908.03,6927.68,6904.02,6927.12,25.07,+0.36%,0
"2026-01-05 16:30",6902.05,6902.05,6902.05,6902.05,0,0.00%,0
"2026-01-05 16:00",6902.63,6902.63,6902.05,6902.05,-0.69,-0.01%,0
"2026-01-05 15:30",6905.55,6907.49,6897.74,6902.74,-2.83,-0.04%,0
"2026-01-05 15:00",6902.65,6908.29,6901.63,6905.57,2.95,+0.04%,0
"2026-01-05 14:30",6908.32,6909.39,6899.44,6902.62,-5.74,-0.08%,0
"2026-01-05 14:00",6911.7,6913.03,6907.23,6908.36,-3.34,-0.05%,0
"2026-01-05 13:30",6910.11,6914.22,6909.13,6911.7,1.67,+0.02%,0
"2026-01-05 13:00",6911.96,6914.07,6903.22,6910.03,-1.92,-0.03%,0
"2026-01-05 12:30",6909.98,6914.17,6908.42,6911.95,2.04,+0.03%,0
"2026-01-05 12:00",6915.16,6918.03,6908.59,6909.91,-5.18,-0.07%,0
"2026-01-05 11:30",6913.25,6920.38,6910.87,6915.09,2.26,+0.03%,0
"2026-01-05 11:00",6909.63,6915.18,6906.41,6912.83,3.2,+0.05%,0
"2026-01-05 10:30",6912.84,6914.72,6906.33,6909.63,-3.25,-0.05%,0
"2026-01-05 10:00",6897.15,6913.37,6892.54,6912.88,16.35,+0.24%,0
"2026-01-05 09:30",6892.19,6905.34,6891.56,6896.53,38.06,+0.55%,0
"2026-01-02 16:30",6858.47,6858.47,6858.47,6858.47,0,0.00%,0
"2026-01-02 16:00",6858.02,6858.48,6858.02,6858.47,-0.07,0.00%,0
"2026-01-02 15:30",6858.62,6860.15,6846.64,6858.54,-0.15,0.00%,0
"2026-01-02 15:00",6857.43,6862.75,6855.14,6858.69,1.2,+0.02%,0
"2026-01-02 14:30",6855.09,6865.2,6855.07,6857.49,2.44,+0.04%,0
"2026-01-02 14:00",6830.94,6855.64,6830.14,6855.05,24.03,+0.35%,0
"2026-01-02 13:30",6835.93,6839.19,6824.31,6831.02,-4.84,-0.07%,0
"2026-01-02 13:00",6837.67,6843.39,6832.36,6835.86,-1.72,-0.03%,0
"2026-01-02 12:30",6850.45,6853.94,6836.18,6837.58,-12.79,-0.19%,0
"2026-01-02 12:00",6837.28,6850.54,6832.73,6850.37,13.11,+0.19%,0
"2026-01-02 11:30",6844.35,6851.79,6828.99,6837.26,-7.06,-0.10%,0
"2026-01-02 11:00",6840.12,6849.55,6830.78,6844.32,4.13,+0.06%,0
"2026-01-02 10:30",6850.29,6871.26,6837.28,6840.19,-9.9,-0.14%,0
"2026-01-02 10:00",6887.91,6894.87,6842.31,6850.09,-37.69,-0.55%,0
"2026-01-02 09:30",6878.11,6894.5,6867.9,6887.78,42.28,+0.62%,0
"2025-12-31 16:30",6845.5,6845.5,6845.5,6845.5,0,0.00%,0
"2025-12-31 16:00",6845.1,6845.87,6845.1,6845.5,-0.27,0.00%,0
"2025-12-31 15:30",6854.36,6864.18,6844.55,6845.77,-8.6,-0.13%,0
"2025-12-31 15:00",6868.77,6869.16,6853.1,6854.37,-14.37,-0.21%,0
"2025-12-31 14:30",6877.91,6878.53,6868.04,6868.74,-9.23,-0.13%,0
"2025-12-31 14:00",6885.25,6889.31,6877.7,6877.97,-7.32,-0.11%,0
"2025-12-31 13:30",6880.76,6887.31,6880.05,6885.29,4.57,+0.07%,0
"2025-12-31 13:00",6875.22,6881.07,6874.59,6880.72,5.57,+0.08%,0
"2025-12-31 12:30",6877.15,6880.13,6873.91,6875.15,-1.99,-0.03%,0
"2025-12-31 12:00",6880.63,6881.12,6873.56,6877.14,-3.51,-0.05%,0
"2025-12-31 11:30",6878.53,6881.1,6874.79,6880.65,2.14,+0.03%,0
"2025-12-31 11:00",6870.32,6878.53,6870.28,6878.51,8.36,+0.12%,0
"2025-12-31 10:30",6882.2,6883.2,6868.98,6870.15,-12.03,-0.17%,0
"2025-12-31 10:00",6886.49,6887.13,6876.24,6882.18,-4.33,-0.06%,0
"2025-12-31 09:30",6898.82,6901.42,6879.88,6886.51,-9.73,-0.14%,0
"2025-12-30 16:30",6896.24,6896.24,6896.24,6896.24,0,0.00%,0
"2025-12-30 16:00",6896.23,6896.8,6896.23,6896.24,-0.21,0.00%,0
"2025-12-30 15:30",6902.76,6905.87,6895.18,6896.45,-6.41,-0.09%,0
"2025-12-30 15:00",6903.24,6905.09,6898.78,6902.86,-0.35,-0.01%,0
"2025-12-30 14:30",6905.64,6906.88,6901.85,6903.21,-2.44,-0.04%,0
"2025-12-30 14:00",6905.47,6906.61,6902.23,6905.65,0.19,0.00%,0
"2025-12-30 13:30",6905.35,6906.78,6902.72,6905.46,0.12,0.00%,0
"2025-12-30 13:00",6903.93,6905.48,6900.01,6905.34,1.45,+0.02%,0
"2025-12-30 12:30",6901.43,6904.71,6899.83,6903.89,2.55,+0.04%,0
"2025-12-30 12:00",6900.15,6901.69,6897.03,6901.34,1.02,+0.01%,0
"2025-12-30 11:30",6910.08,6910.42,6900.06,6900.32,-9.79,-0.14%,0
"2025-12-30 11:00",6903.85,6913.06,6903.14,6910.11,6.23,+0.09%,0
"2025-12-30 10:30",6896.97,6905.03,6893.47,6903.88,7.05,+0.10%,0
"2025-12-30 10:00",6909.45,6909.92,6895.61,6896.83,-12.65,-0.18%,0
"2025-12-30 09:30",6900.44,6913.25,6896.64,6909.48,3.74,+0.05%,0
"2025-12-29 16:30",6905.74,6905.74,6905.74,6905.74,0,0.00%,0
"2025-12-29 16:00",6905.9,6906.1,6905.74,6905.74,-1.22,-0.02%,0
"2025-12-29 15:30",6909.74,6911.68,6902.45,6906.96,-2.71,-0.04%,0
"2025-12-29 15:00",6910.78,6913.71,6908.92,6909.67,-1.11,-0.02%,0
"2025-12-29 14:30",6902.1,6912.22,6902.1,6910.78,8.64,+0.13%,0
"2025-12-29 14:00",6899.76,6902.44,6896.72,6902.14,2.36,+0.03%,0
"2025-12-29 13:30",6900.98,6906.39,6899.45,6899.78,-1.2,-0.02%,0
"2025-12-29 13:00",6897.78,6902.77,6895.69,6900.98,3.17,+0.05%,0
"2025-12-29 12:30",6890.28,6898.43,6889.71,6897.81,7.51,+0.11%,0
"2025-12-29 12:00",6898.54,6899.86,6888.76,6890.3,-8.29,-0.12%,0
"2025-12-29 11:30",6899.48,6902.54,6894.83,6898.59,-0.89,-0.01%,0
"2025-12-29 11:00",6901.45,6903.9,6897.38,6899.48,-2.04,-0.03%,0
"2025-12-29 10:30",6907.48,6911.66,6896.71,6901.52,-6.1,-0.09%,0
"2025-12-29 10:00",6903.63,6908.18,6896.18,6907.62,3.84,+0.06%,0
"2025-12-29 09:30",6903.6,6920.21,6897.5,6903.78,-26.16,-0.38%,0
"2025-12-26 16:30",6929.94,6929.94,6929.94,6929.94,0,0.00%,0
"2025-12-26 16:00",6929.83,6930.48,6929.83,6929.94,-0.58,-0.01%,0
"2025-12-26 15:30",6930.08,6932.85,6927.97,6930.52,0.43,+0.01%,0
"2025-12-26 15:00",6929.81,6931.5,6928.54,6930.09,0.32,0.00%,0
"2025-12-26 14:30",6928.75,6931.2,6928.75,6929.77,1.08,+0.02%,0
"2025-12-26 14:00",6930.92,6932.91,6928.2,6928.69,-2.37,-0.03%,0
"2025-12-26 13:30",6925.46,6931.35,6925.27,6931.06,5.54,+0.08%,0
"2025-12-26 13:00",6926.27,6929.05,6921.6,6925.52,-0.73,-0.01%,0
"2025-12-26 12:30",6929.62,6930.23,6923.94,6926.25,-3.37,-0.05%,0
"2025-12-26 12:00",6928.46,6929.65,6922.64,6929.62,1.06,+0.02%,0
"2025-12-26 11:30",6931.3,6931.77,6926.96,6928.56,-2.76,-0.04%,0
"2025-12-26 11:00",6936.7,6938.04,6926.79,6931.32,-5.44,-0.08%,0
"2025-12-26 10:30",6935.86,6938.49,6932.93,6936.76,0.96,+0.01%,0
"2025-12-26 10:00",6935.87,6936.71,6925.4,6935.8,-0.08,0.00%,0
"2025-12-26 09:30",6936.02,6945.77,6932.43,6935.88,3.83,+0.06%,0
"2025-12-24 14:30",6932.05,6932.05,6932.05,6932.05,0,0.00%,0
"2025-12-24 13:00",6931.43,6932.13,6931.34,6932.05,0.7,+0.01%,0
"2025-12-24 12:30",6934.75,6937.32,6930.28,6931.35,-3.53,-0.05%,0
"2025-12-24 12:00",6932.74,6935.7,6931.93,6934.88,2.09,+0.03%,0
"2025-12-24 11:30",6928.98,6934.13,6928.46,6932.79,3.85,+0.06%,0
"2025-12-24 11:00",6923.54,6929.19,6922.43,6928.94,5.39,+0.08%,0
"2025-12-24 10:30",6920.27,6923.9,6918.61,6923.55,3.34,+0.05%,0
"2025-12-24 10:00",6914.69,6921.42,6914.01,6920.21,5.57,+0.08%,0
"2025-12-24 09:30",6904.91,6916.21,6904.91,6914.64,4.85,+0.07%,0
"2025-12-23 16:30",6909.79,6909.79,6909.79,6909.79,0,0.00%,0
"2025-12-23 16:00",6909.42,6909.79,6909.4,6909.79,0.77,+0.01%,0
"2025-12-23 15:30",6906.92,6910.88,6904.86,6909.02,2.1,+0.03%,0
"2025-12-23 15:00",6906.87,6908.73,6906.66,6906.92,0.11,0.00%,0
"2025-12-23 14:30",6907.59,6907.86,6905.73,6906.81,-0.79,-0.01%,0
"2025-12-23 14:00",6903.92,6908.2,6903.78,6907.6,3.73,+0.05%,0
"2025-12-23 13:30",6904.21,6906.32,6903.84,6903.87,-0.4,-0.01%,0
"2025-12-23 13:00",6899.21,6905.85,6898.49,6904.27,5.04,+0.07%,0
"2025-12-23 12:30",6899.91,6900.86,6896.57,6899.23,-0.7,-0.01%,0
"2025-12-23 12:00",6898.37,6901.03,6896.23,6899.93,1.55,+0.02%,0
"2025-12-23 11:30",6894.32,6899.2,6892.91,6898.38,4.08,+0.06%,0
"2025-12-23 11:00",6892.2,6896.75,6891.63,6894.3,2.03,+0.03%,0
"2025-12-23 10:30",6881.19,6893.64,6881.19,6892.27,11.06,+0.16%,0
"2025-12-23 10:00",6882.21,6884.83,6872.62,6881.21,-1.34,-0.02%,0
"2025-12-23 09:30",6872.41,6891.83,6868.81,6882.55,4.06,+0.06%,0
"2025-12-22 16:30",6878.49,6878.49,6878.49,6878.49,0,0.00%,0
"2025-12-22 16:00",6877.4,6878.49,6877.4,6878.49,2,+0.03%,0
"2025-12-22 15:30",6877.42,6879.79,6874.91,6876.49,-0.9,-0.01%,0
"2025-12-22 15:00",6876.28,6878.61,6875.05,6877.39,1.14,+0.02%,0
"2025-12-22 14:30",6875.79,6878.98,6875.12,6876.25,0.51,+0.01%,0
"2025-12-22 14:00",6873.59,6875.84,6870.6,6875.74,2.25,+0.03%,0
"2025-12-22 13:30",6875.89,6877.89,6872.26,6873.49,-2.44,-0.04%,0
"2025-12-22 13:00",6881.14,6881.14,6872.55,6875.93,-5.17,-0.08%,0
"2025-12-22 12:30",6875.07,6882.03,6874.54,6881.1,5.96,+0.09%,0
"2025-12-22 12:00",6877.78,6879.34,6874.17,6875.14,-2.53,-0.04%,0
"2025-12-22 11:30",6875.49,6877.69,6872.3,6877.67,2.3,+0.03%,0
"2025-12-22 11:00",6864.88,6878.23,6864.88,6875.37,10.38,+0.15%,0
"2025-12-22 10:30",6866.27,6868.36,6855.74,6864.99,-1.34,-0.02%,0
"2025-12-22 10:00",6868.14,6869.47,6858.27,6866.33,-1.82,-0.03%,0
"2025-12-22 09:30",6865.21,6873.89,6858.49,6868.15,33.65,+0.49%,0
"2025-12-19 16:30",6834.5,6834.5,6834.5,6834.5,0,0.00%,0
"2025-12-19 16:00",6835.91,6835.91,6834.34,6834.5,-0.2,0.00%,0
"2025-12-19 15:30",6833.54,6836.16,6825.28,6834.7,1.22,+0.02%,0
"2025-12-19 15:00",6834.84,6837.48,6832.27,6833.48,-1.38,-0.02%,0
"2025-12-19 14:30",6835.44,6838.89,6834.52,6834.86,-0.56,-0.01%,0
"2025-12-19 14:00",6831.53,6837.1,6831.27,6835.42,3.81,+0.06%,0
"2025-12-19 13:30",6837.02,6837.67,6830.99,6831.61,-5.32,-0.08%,0
"2025-12-19 13:00",6835.98,6840.02,6834.26,6836.93,0.9,+0.01%,0
"2025-12-19 12:30",6836.08,6839.84,6832.79,6836.03,-0.07,0.00%,0
"2025-12-19 12:00",6826.25,6837.43,6826.05,6836.1,9.91,+0.15%,0
"2025-12-19 11:30",6831.03,6833.78,6822.54,6826.19,-4.84,-0.07%,0
"2025-12-19 11:00",6819.08,6831.88,6815.37,6831.03,11.96,+0.18%,0
"2025-12-19 10:30",6821.17,6829.87,6816.08,6819.07,-2.08,-0.03%,0
"2025-12-19 10:00",6826.8,6833.82,6813.92,6821.15,-5.88,-0.09%,0
"2025-12-19 09:30",6792.62,6827.18,6792.62,6827.03,52.27,+0.77%,0
"2025-12-18 16:30",6774.76,6774.76,6774.76,6774.76,0,0.00%,0
"2025-12-18 16:00",6773.91,6774.8,6773.91,6774.76,0.41,+0.01%,0
"2025-12-18 15:30",6784.99,6794.07,6773.44,6774.35,-10.55,-0.16%,0
"2025-12-18 15:00",6766.23,6786.92,6763.81,6784.9,18.49,+0.27%,0
"2025-12-18 14:30",6780.31,6781.55,6762.64,6766.41,-13.83,-0.20%,0
"2025-12-18 14:00",6791.33,6791.57,6775.26,6780.24,-11.74,-0.17%,0
"2025-12-18 13:30",6797.24,6805.78,6789.6,6791.98,-5.31,-0.08%,0
"2025-12-18 13:00",6792.44,6799.19,6785.67,6797.29,4.85,+0.07%,0
"2025-12-18 12:30",6767.27,6795.63,6764.67,6792.44,25.29,+0.37%,0
"2025-12-18 12:00",6804.99,6804.99,6758.5,6767.15,-37.85,-0.56%,0
"2025-12-18 11:30",6806.43,6816.13,6802.81,6805,-2.26,-0.03%,0
"2025-12-18 11:00",6808.78,6815.19,6803.84,6807.26,-1.31,-0.02%,0
"2025-12-18 10:30",6798.69,6814.93,6795.94,6808.57,9.9,+0.15%,0
"2025-12-18 10:00",6789.67,6800.08,6770.82,6798.67,9.39,+0.14%,0
"2025-12-18 09:30",6778.06,6796.4,6765.8,6789.28,67.85,+1.01%,0
"2025-12-17 16:30",6721.43,6721.43,6721.43,6721.43,0,0.00%,0
"2025-12-17 16:00",6720.95,6721.75,6720.95,6721.43,-0.79,-0.01%,0
"2025-12-17 15:30",6734.05,6738.3,6720.43,6722.22,-11.77,-0.17%,0
"2025-12-17 15:00",6740.05,6741.52,6731.55,6733.99,-6.14,-0.09%,0
"2025-12-17 14:30",6733.36,6741.45,6730.75,6740.13,6.72,+0.10%,0
"2025-12-17 14:00",6733.95,6738.21,6729.19,6733.41,-0.54,-0.01%,0
"2025-12-17 13:30",6742.59,6744.72,6729.84,6733.95,-8.82,-0.13%,0
"2025-12-17 13:00",6746.61,6757.3,6739.05,6742.77,-3.81,-0.06%,0
"2025-12-17 12:30",6750.24,6758.66,6739.49,6746.58,-3.62,-0.05%,0
"2025-12-17 12:00",6750.46,6758.84,6739.5,6750.2,-0.43,-0.01%,0
"2025-12-17 11:30",6755.05,6755.67,6739.61,6750.63,-5.03,-0.07%,0
"2025-12-17 11:00",6754.21,6764.7,6742.51,6755.66,1.64,+0.02%,0
"2025-12-17 10:30",6798.36,6800.2,6748.9,6754.02,-44.4,-0.65%,0
"2025-12-17 10:00",6800.17,6805.13,6789.62,6798.42,-3.67,-0.05%,0
"2025-12-17 09:30",6802.88,6812.26,6784.69,6802.09,1.83,+0.03%,0
"2025-12-16 16:30",6800.26,6800.26,6800.26,6800.26,0,0.00%,0
"2025-12-16 16:00",6798.33,6800.26,6798.33,6800.26,1.75,+0.03%,0
"2025-12-16 15:30",6801.38,6814.71,6798.35,6798.51,-2.87,-0.04%,0
"2025-12-16 15:00",6788.42,6801.54,6787.23,6801.38,12.85,+0.19%,0
"2025-12-16 14:30",6779.47,6794.48,6778.57,6788.53,9.14,+0.13%,0
"2025-12-16 14:00",6787.67,6787.67,6767.83,6779.39,-8.31,-0.12%,0
"2025-12-16 13:30",6764.5,6794.86,6764.5,6787.7,23.09,+0.34%,0
"2025-12-16 13:00",6765.44,6770.56,6759.74,6764.61,-0.9,-0.01%,0
"2025-12-16 12:30",6782.79,6791.34,6764.18,6765.51,-17.3,-0.26%,0
"2025-12-16 12:00",6792.2,6797.89,6779.81,6782.81,-9.1,-0.13%,0
"2025-12-16 11:30",6780.83,6793.36,6775.16,6791.91,11.81,+0.17%,0
"2025-12-16 11:00",6799.19,6801.82,6777.72,6780.1,-19.36,-0.28%,0
"2025-12-16 10:30",6785.99,6803.05,6779.44,6799.46,13.62,+0.20%,0
"2025-12-16 10:00",6817.52,6819.27,6773.23,6785.84,-31.46,-0.46%,0
"2025-12-16 09:30",6800.12,6819.22,6785.83,6817.3,0.79,+0.01%,0
"2025-12-15 16:30",6816.51,6816.51,6816.51,6816.51,0,0.00%,0
"2025-12-15 16:00",6816.11,6816.54,6816.11,6816.51,0.17,0.00%,0
"2025-12-15 15:30",6819.8,6824.84,6814.62,6816.34,-3.49,-0.05%,0
"2025-12-15 15:00",6826.02,6826.46,6816.35,6819.83,-6.15,-0.09%,0
"2025-12-15 14:30",6817.48,6826.61,6813.65,6825.98,8.56,+0.13%,0
"2025-12-15 14:00",6819.77,6824.29,6814.21,6817.42,-2.54,-0.04%,0
"2025-12-15 13:30",6809.05,6823.17,6805.85,6819.96,10.91,+0.16%,0
"2025-12-15 13:00",6814.25,6820.86,6804.38,6809.05,-5.38,-0.08%,0
"2025-12-15 12:30",6815.36,6823.27,6803.53,6814.43,-0.78,-0.01%,0
"2025-12-15 12:00",6818.1,6822.06,6811.53,6815.21,-2.79,-0.04%,0
"2025-12-15 11:30",6837.34,6838.18,6810.98,6818,-19.3,-0.28%,0
"2025-12-15 11:00",6820.63,6839.86,6816.14,6837.3,16.62,+0.24%,0
"2025-12-15 10:30",6806.76,6830.22,6804.94,6820.68,13.87,+0.20%,0
"2025-12-15 10:00",6833.16,6834.26,6801.49,6806.81,-25.55,-0.37%,0
"2025-12-15 09:30",6860.19,6861.59,6831.4,6832.36,4.95,+0.07%,0
"2025-12-12 16:30",6827.41,6827.41,6827.41,6827.41,0,0.00%,0
"2025-12-12 16:00",6827.63,6827.7,6827.38,6827.41,-0.48,-0.01%,0
"2025-12-12 15:30",6823.79,6828.54,6811.3,6827.89,4.13,+0.06%,0
"2025-12-12 15:00",6829.95,6834.96,6821.63,6823.76,-6.26,-0.09%,0
"2025-12-12 14:30",6824.85,6832.92,6824.85,6830.02,4.99,+0.07%,0
"2025-12-12 14:00",6835.88,6836.77,6822.79,6825.03,-10.86,-0.16%,0
"2025-12-12 13:30",6848.88,6849.1,6835.24,6835.89,-12.37,-0.18%,0
"2025-12-12 13:00",6837.04,6853.89,6834.29,6848.26,11.26,+0.16%,0
"2025-12-12 12:30",6824.85,6842.92,6820.47,6837,12.33,+0.18%,0
"2025-12-12 12:00",6815.98,6839.87,6814.21,6824.67,9.4,+0.14%,0
"2025-12-12 11:30",6823.23,6823.23,6801.79,6815.27,-7.94,-0.12%,0
"2025-12-12 11:00",6827.74,6834.69,6807.07,6823.21,-4.96,-0.07%,0
"2025-12-12 10:30",6847.66,6866.13,6824.11,6828.17,-19.44,-0.28%,0
"2025-12-12 10:00",6886.13,6886.13,6847.1,6847.61,-38.98,-0.57%,0
"2025-12-12 09:30",6886.85,6899.85,6882.07,6886.59,-14.41,-0.21%,0
"2025-12-11 16:30",6901,6901,6901,6901,0,0.00%,0
"2025-12-11 16:00",6902.19,6902.19,6900.99,6901,-1.1,-0.02%,0
"2025-12-11 15:30",6895.13,6902.47,6891.42,6902.1,7.18,+0.10%,0
"2025-12-11 15:00",6899.57,6902.85,6894.92,6894.92,-4.95,-0.07%,0
"2025-12-11 14:30",6898.49,6903.46,6897.55,6899.87,1.42,+0.02%,0
"2025-12-11 14:00",6890.92,6899.39,6890.34,6898.45,7.52,+0.11%,0
"2025-12-11 13:30",6887.62,6897.6,6884.79,6890.93,3.32,+0.05%,0
"2025-12-11 13:00",6883.88,6893.03,6882.62,6887.61,3.7,+0.05%,0
"2025-12-11 12:30",6884.54,6891.39,6881.14,6883.91,-0.61,-0.01%,0
"2025-12-11 12:00",6865.98,6890.04,6865.43,6884.52,18.57,+0.27%,0
"2025-12-11 11:30",6856.92,6880.77,6856.75,6865.95,8.93,+0.13%,0
"2025-12-11 11:00",6868.43,6871.82,6855.26,6857.02,-11.37,-0.17%,0
"2025-12-11 10:30",6874.09,6875.92,6851.96,6868.39,-5.65,-0.08%,0
"2025-12-11 10:00",6837.19,6879.08,6833.45,6874.04,36.78,+0.54%,0
"2025-12-11 09:30",6861.3,6869.33,6834.49,6837.26,-49.42,-0.72%,0
"2025-12-10 17:00",6886.68,6886.68,6886.68,6886.68,0,0.00%,0
"2025-12-10 16:00",6886.26,6886.96,6886.26,6886.68,-0.27,0.00%,0
"2025-12-10 15:30",6892.34,6900.67,6884.27,6886.95,-5.18,-0.08%,0
"2025-12-10 15:00",6890.29,6898.88,6882.79,6892.13,1.95,+0.03%,0
"2025-12-10 14:30",6852.53,6891.58,6845.35,6890.18,37.8,+0.55%,0
"2025-12-10 14:00",6839.75,6867.72,6838.95,6852.38,12.65,+0.18%,0
"2025-12-10 13:30",6839.79,6844.55,6835.94,6839.73,-0.07,0.00%,0
"2025-12-10 13:00",6849.67,6851.35,6838.26,6839.8,-9.98,-0.15%,0
"2025-12-10 12:30",6842.56,6852.38,6840.48,6849.78,7.25,+0.11%,0
"2025-12-10 12:00",6847.16,6847.58,6840.45,6842.53,-4.54,-0.07%,0
"2025-12-10 11:30",6848.66,6849.16,6841.31,6847.07,-1.82,-0.03%,0
"2025-12-10 11:00",6833.31,6849.59,6825.83,6848.89,15.7,+0.23%,0
"2025-12-10 10:30",6841.32,6843,6827.78,6833.19,-8.21,-0.12%,0
"2025-12-10 10:00",6841.94,6845.53,6838.12,6841.4,-1.31,-0.02%,0
"2025-12-10 09:30",6833.49,6844.2,6824.69,6842.71,2.2,+0.03%,0
"2025-12-09 16:30",6840.51,6840.51,6840.51,6840.51,0,0.00%,0
"2025-12-09 16:00",6841.05,6841.05,6840.51,6840.51,0.19,0.00%,0
"2025-12-09 15:30",6844.62,6847.01,6837.43,6840.32,-4.4,-0.06%,0
"2025-12-09 15:00",6847.75,6849.71,6844.27,6844.72,-3.02,-0.04%,0
"2025-12-09 14:30",6848.64,6849.43,6843.89,6847.74,-0.81,-0.01%,0
"2025-12-09 14:00",6851.91,6852.5,6847.85,6848.55,-3.41,-0.05%,0
"2025-12-09 13:30",6853.34,6854.52,6845.28,6851.96,-1.27,-0.02%,0
"2025-12-09 13:00",6854.14,6855.86,6850.01,6853.23,-0.95,-0.01%,0
"2025-12-09 12:30",6857.88,6860.1,6848.11,6854.18,-3.76,-0.05%,0
"2025-12-09 12:00",6861.11,6864.63,6854.13,6857.94,-3.51,-0.05%,0
"2025-12-09 11:30",6859.55,6864.92,6856.53,6861.45,2.05,+0.03%,0
"2025-12-09 11:00",6856.47,6864.47,6856.17,6859.4,2.93,+0.04%,0
"2025-12-09 10:30",6853.61,6856.77,6847.5,6856.47,2.39,+0.03%,0
"2025-12-09 10:00",6856.42,6861.16,6849.24,6854.08,-2.4,-0.04%,0
"2025-12-09 09:30",6840.61,6856.92,6840.17,6856.48,9.97,+0.15%,0
"2025-12-08 16:30",6846.51,6846.51,6846.51,6846.51,0,0.00%,0
"2025-12-08 16:00",6847.67,6847.67,6846.51,6846.51,-1.33,-0.02%,0
"2025-12-08 15:30",6837.5,6847.96,6831.85,6847.84,10.38,+0.15%,0
"2025-12-08 15:00",6834.34,6839.27,6833.51,6837.46,3.19,+0.05%,0
"2025-12-08 14:30",6834.02,6839.56,6832.79,6834.27,0.21,0.00%,0
"2025-12-08 14:00",6832.28,6837.12,6827.6,6834.06,1.76,+0.03%,0
"2025-12-08 13:30",6839.82,6842.39,6827.19,6832.3,-7.6,-0.11%,0
"2025-12-08 13:00",6852.79,6856.04,6839.79,6839.9,-12.94,-0.19%,0
"2025-12-08 12:30",6837.94,6854.7,6837.2,6852.84,14.97,+0.22%,0
"2025-12-08 12:00",6845.45,6845.45,6833.87,6837.87,-7.55,-0.11%,0
"2025-12-08 11:30",6852.26,6852.53,6841.65,6845.42,-6.83,-0.10%,0
"2025-12-08 11:00",6847.99,6852.73,6841.14,6852.25,4.31,+0.06%,0
"2025-12-08 10:30",6856.6,6861.28,6846.85,6847.94,-8.7,-0.13%,0
"2025-12-08 10:00",6866.69,6870.05,6850.28,6856.64,-10.12,-0.15%,0
"2025-12-08 09:30",6875.2,6878.27,6861.21,6866.76,-3.64,-0.05%,0
"2025-12-05 16:30",6870.4,6870.4,6870.4,6870.4,0,0.00%,0
"2025-12-05 16:00",6869.45,6870.4,6869.45,6870.4,1.33,+0.02%,0
"2025-12-05 15:30",6871.86,6872.21,6858.29,6869.07,-2.83,-0.04%,0
"2025-12-05 15:00",6874.24,6874.95,6868.06,6871.9,-2.35,-0.03%,0
"2025-12-05 14:30",6871.27,6875.41,6867.84,6874.25,2.87,+0.04%,0
"2025-12-05 14:00",6873.72,6875.84,6868.74,6871.38,-2.23,-0.03%,0
"2025-12-05 13:30",6877.55,6881.29,6872.98,6873.61,-3.98,-0.06%,0
"2025-12-05 13:00",6874.48,6878.73,6867.5,6877.59,3.05,+0.04%,0
"2025-12-05 12:30",6865.82,6875.95,6858.31,6874.54,8.74,+0.13%,0
"2025-12-05 12:00",6872.41,6874.44,6864.9,6865.8,-6.62,-0.10%,0
"2025-12-05 11:30",6871.21,6877.99,6862.89,6872.42,1,+0.01%,0
"2025-12-05 11:00",6878.78,6882.85,6869.42,6871.42,-7.54,-0.11%,0
"2025-12-05 10:30",6890.92,6895.78,6875.03,6878.96,-11.95,-0.17%,0
"2025-12-05 10:00",6882.61,6895.5,6879.54,6890.91,9.49,+0.14%,0
"2025-12-05 09:30",6866.32,6883.31,6866.32,6881.42,24.3,+0.35%,0
"2025-12-04 16:30",6857.12,6857.12,6857.12,6857.12,0,0.00%,0
"2025-12-04 16:00",6857.54,6857.54,6856.92,6857.12,-0.84,-0.01%,0
"2025-12-04 15:30",6840.69,6857.96,6840.21,6857.96,17.21,+0.25%,0
"2025-12-04 15:00",6845.33,6847.06,6836.44,6840.75,-4.6,-0.07%,0
"2025-12-04 14:30",6834.65,6851.95,6833.1,6845.35,10.61,+0.16%,0
"2025-12-04 14:00",6853.95,6854.93,6827.12,6834.74,-19.27,-0.28%,0
"2025-12-04 13:30",6859.79,6860.39,6852.3,6854.01,-5.87,-0.09%,0
"2025-12-04 13:00",6855.87,6860.29,6848.09,6859.88,4.01,+0.06%,0
"2025-12-04 12:30",6852.77,6857.65,6849.07,6855.87,3.06,+0.04%,0
"2025-12-04 12:00",6856.82,6858.85,6847.09,6852.81,-4.43,-0.06%,0
"2025-12-04 11:30",6846.57,6858.68,6842.25,6857.24,10.64,+0.16%,0
"2025-12-04 11:00",6846.26,6850.6,6835.34,6846.6,0.07,0.00%,0
"2025-12-04 10:30",6849.2,6858.55,6844.82,6846.53,-2.87,-0.04%,0
"2025-12-04 10:00",6842.92,6851.12,6835.17,6849.4,6.12,+0.09%,0
"2025-12-04 09:30",6866.47,6866.47,6840.27,6843.28,-6.44,-0.09%,0
"2025-12-03 16:30",6849.72,6849.72,6849.72,6849.72,0,0.00%,0
"2025-12-03 16:00",6850.64,6850.64,6849.72,6849.72,-0.79,-0.01%,0
"2025-12-03 15:30",6858.69,6859.39,6848.85,6850.51,-8.21,-0.12%,0
"2025-12-03 15:00",6859.83,6862.42,6855.62,6858.72,-1.1,-0.02%,0
"2025-12-03 14:30",6856.28,6860.88,6855.03,6859.82,3.62,+0.05%,0
"2025-12-03 14:00",6852.48,6857.73,6851.88,6856.2,3.62,+0.05%,0
"2025-12-03 13:30",6852.23,6858.03,6851.39,6852.58,0.42,+0.01%,0
"2025-12-03 13:00",6852.14,6854.92,6848.28,6852.16,-0.03,0.00%,0
"2025-12-03 12:30",6848.91,6853.92,6846.25,6852.19,3.24,+0.05%,0
"2025-12-03 12:00",6835.51,6850.18,6834.38,6848.95,13.41,+0.20%,0
"2025-12-03 11:30",6837.45,6848.48,6830.01,6835.54,-1.84,-0.03%,0
"2025-12-03 11:00",6836.94,6843.4,6829.88,6837.38,0.58,+0.01%,0
"2025-12-03 10:30",6830.34,6842.95,6826.87,6836.8,6.33,+0.09%,0
"2025-12-03 10:00",6823.19,6836.77,6822,6830.47,7.97,+0.12%,0
"2025-12-03 09:30",6815.29,6828.76,6810.43,6822.5,-6.87,-0.10%,0
"2025-12-02 16:30",6829.37,6829.37,6829.37,6829.37,0,0.00%,0
"2025-12-02 16:00",6828.68,6829.38,6828.68,6829.37,1.54,+0.02%,0
"2025-12-02 15:30",6838.4,6841.97,6827.83,6827.83,-10.62,-0.16%,0
"2025-12-02 15:00",6837.37,6840.43,6833.81,6838.45,1.08,+0.02%,0
"2025-12-02 14:30",6827.41,6839.22,6826.9,6837.37,9.94,+0.15%,0
"2025-12-02 14:00",6824.8,6832.64,6821.35,6827.43,2.64,+0.04%,0
"2025-12-02 13:30",6824.22,6826.87,6816.2,6824.79,0.52,+0.01%,0
"2025-12-02 13:00",6815.2,6829.3,6813.54,6824.27,8.92,+0.13%,0
"2025-12-02 12:30",6838.13,6841.75,6815.35,6815.35,-22.91,-0.34%,0
"2025-12-02 12:00",6819.26,6839.75,6818.74,6838.26,18.87,+0.28%,0
"2025-12-02 11:30",6813.54,6826,6806.71,6819.39,5.81,+0.09%,0
"2025-12-02 11:00",6848.46,6851.55,6810.85,6813.58,-35.02,-0.51%,0
"2025-12-02 10:30",6829.52,6850.57,6822.86,6848.6,18.96,+0.28%,0
"2025-12-02 10:00",6837.58,6846.73,6828.74,6829.64,-8.26,-0.12%,0
"2025-12-02 09:30",6830.96,6843.76,6829.5,6837.9,25.27,+0.37%,0
"2025-12-01 16:30",6812.63,6812.63,6812.63,6812.63,0,0.00%,0
"2025-12-01 16:00",6815.09,6815.09,6812.63,6812.63,-2.02,-0.03%,0
"2025-12-01 15:30",6820.93,6823.94,6807.02,6814.65,-6.23,-0.09%,0
"2025-12-01 15:00",6815.41,6823.4,6814.06,6820.88,5.47,+0.08%,0
"2025-12-01 14:30",6819.55,6824.33,6812.32,6815.41,-4.04,-0.06%,0
"2025-12-01 14:00",6842.53,6842.53,6818.76,6819.45,-23.06,-0.34%,0
"2025-12-01 13:30",6838.21,6843.65,6838.21,6842.51,4.35,+0.06%,0
"2025-12-01 13:00",6833.99,6841.03,6833.76,6838.16,4.18,+0.06%,0
"2025-12-01 12:30",6833.89,6841.78,6831.69,6833.98,0.17,0.00%,0
"2025-12-01 12:00",6833.01,6838.37,6827.01,6833.81,0.81,+0.01%,0
"2025-12-01 11:30",6824.66,6837.94,6824.66,6833,8.22,+0.12%,0
"2025-12-01 11:00",6830.33,6831.39,6815.37,6824.78,-5.65,-0.08%,0
"2025-12-01 10:30",6812.46,6832.21,6802.22,6830.43,18.06,+0.27%,0
"2025-12-01 10:00",6828.89,6831.34,6810.7,6812.37,-15.82,-0.23%,0
"2025-12-01 09:30",6812.3,6832.07,6799.94,6828.19,-20.9,-0.31%,0
"2025-11-28 14:00",6849.09,6849.09,6849.09,6849.09,0,0.00%,0
"2025-11-28 13:00",6848.62,6849.09,6848.52,6849.09,0.61,+0.01%,0
"2025-11-28 12:30",6837.92,6850.86,6833.4,6848.48,10.53,+0.15%,0
"2025-11-28 12:00",6842.43,6844.75,6837.57,6837.95,-4.54,-0.07%,0
"2025-11-28 11:30",6835.99,6843.94,6832.87,6842.49,6.35,+0.09%,0
"2025-11-28 11:00",6839.69,6844.53,6831.61,6836.14,-3.61,-0.05%,0
"2025-11-28 10:30",6831.33,6840.96,6830.37,6839.75,8.3,+0.12%,0
"2025-11-28 10:00",6826.15,6836.85,6824.4,6831.45,5.42,+0.08%,0
"2025-11-28 09:30",6822.52,6833.07,6819.75,6826.03,13.42,+0.20%,0
"2025-11-26 17:00",6812.61,6812.61,6812.61,6812.61,0,0.00%,0
"2025-11-26 16:00",6811.6,6812.63,6811.6,6812.61,0.85,+0.01%,0
"2025-11-26 15:30",6826.92,6828.37,6811.76,6811.76,-15.19,-0.22%,0
"2025-11-26 15:00",6823.22,6830.41,6821.11,6826.95,3.87,+0.06%,0
"2025-11-26 14:30",6826.97,6828.54,6819.92,6823.08,-3.79,-0.06%,0
"2025-11-26 14:00",6818.34,6827.46,6816.28,6826.87,8.5,+0.12%,0
"2025-11-26 13:30",6825.92,6826.11,6810.92,6818.37,-7.49,-0.11%,0
"2025-11-26 13:00",6825.59,6830.04,6813.12,6825.86,0.2,0.00%,0
"2025-11-26 12:30",6823.78,6830.69,6823.37,6825.66,1.75,+0.03%,0
"2025-11-26 12:00",6828.1,6829.81,6819.24,6823.91,-4.17,-0.06%,0
"2025-11-26 11:30",6820.41,6831.44,6817.95,6828.08,7.63,+0.11%,0
"2025-11-26 11:00",6809.86,6823.11,6809.66,6820.45,10.43,+0.15%,0
"2025-11-26 10:30",6796.14,6810.54,6795.35,6810.02,14.14,+0.21%,0
"2025-11-26 10:00",6789.67,6799.88,6783.87,6795.88,8.58,+0.13%,0
"2025-11-26 09:30",6793.55,6810.29,6786.26,6787.3,21.42,+0.32%,0
"2025-11-25 16:30",6765.88,6765.88,6765.88,6765.88,0,0.00%,0
"2025-11-25 16:00",6765.43,6765.89,6765.43,6765.88,-0.22,0.00%,0
"2025-11-25 15:30",6759.85,6776.4,6759.47,6766.1,6.26,+0.09%,0
"2025-11-25 15:00",6754.29,6762.19,6754.29,6759.84,5.57,+0.08%,0
"2025-11-25 14:30",6747.38,6756.15,6738.73,6754.27,6.78,+0.10%,0
"2025-11-25 14:00",6753.16,6754.56,6741.93,6747.49,-5.82,-0.09%,0
"2025-11-25 13:30",6754.52,6758.38,6750.58,6753.31,-1.17,-0.02%,0
"2025-11-25 13:00",6747.42,6754.48,6746.83,6754.48,7.05,+0.10%,0
"2025-11-25 12:30",6747.61,6758.48,6746.46,6747.43,-0.27,0.00%,0
"2025-11-25 12:00",6732.06,6753.17,6732.05,6747.7,15.57,+0.23%,0
"2025-11-25 11:30",6718.72,6734.36,6717.24,6732.13,13.51,+0.20%,0
"2025-11-25 11:00",6712,6724.5,6703.72,6718.62,6.58,+0.10%,0
"2025-11-25 10:30",6700.35,6724.91,6699.44,6712.04,11.77,+0.18%,0
"2025-11-25 10:00",6704.6,6704.6,6674.3,6700.27,-4.23,-0.06%,0
"2025-11-25 09:30",6697.03,6714.72,6659.98,6704.5,-0.62,-0.01%,0
"2025-11-24 16:30",6705.12,6705.12,6705.12,6705.12,0,0.00%,0
"2025-11-24 16:00",6704.1,6705.12,6703.99,6705.12,0.45,+0.01%,0
"2025-11-24 15:30",6704.07,6715.75,6701.18,6704.67,0.51,+0.01%,0
"2025-11-24 15:00",6697.47,6709.6,6697.47,6704.16,6.71,+0.10%,0
"2025-11-24 14:30",6703.83,6704.54,6693.57,6697.45,-6.37,-0.10%,0
"2025-11-24 14:00",6707.24,6712.77,6702.82,6703.82,-3.52,-0.05%,0
"2025-11-24 13:30",6707.19,6709.68,6702.96,6707.34,0.06,0.00%,0
"2025-11-24 13:00",6705.61,6712.42,6705.61,6707.28,1.68,+0.03%,0
"2025-11-24 12:30",6696.59,6708.5,6694.69,6705.6,8.83,+0.13%,0
"2025-11-24 12:00",6689.13,6697.76,6684.36,6696.77,7.68,+0.11%,0
"2025-11-24 11:30",6694.64,6699.08,6687,6689.09,-5.55,-0.08%,0
"2025-11-24 11:00",6680.28,6699.08,6680.28,6694.64,14.31,+0.21%,0
"2025-11-24 10:30",6670.05,6686.86,6664.5,6680.33,10.28,+0.15%,0
"2025-11-24 10:00",6656.97,6672.32,6654.73,6670.05,16.95,+0.25%,0
"2025-11-24 09:30",6636.54,6670.99,6630.7,6653.1,50.11,+0.76%,0
"2025-11-21 16:30",6602.99,6602.99,6602.99,6602.99,0,0.00%,0
"2025-11-21 16:00",6603.65,6603.65,6602.96,6602.99,-0.81,-0.01%,0
"2025-11-21 15:30",6611.12,6626.58,6596.99,6603.8,-7.6,-0.11%,0
"2025-11-21 15:00",6632.2,6636.13,6611.38,6611.4,-20.78,-0.31%,0
"2025-11-21 14:30",6657.3,6659.62,6625.2,6632.18,-25.26,-0.38%,0
"2025-11-21 14:00",6637.06,6660.05,6637.06,6657.44,20.07,+0.30%,0
"2025-11-21 13:30",6597.94,6654.63,6595.05,6637.37,39.41,+0.60%,0
"2025-11-21 13:00",6615.91,6618.41,6583.68,6597.96,-17.74,-0.27%,0
"2025-11-21 12:30",6617.91,6629.22,6612.28,6615.7,-1.68,-0.03%,0
"2025-11-21 12:00",6621.17,6626.33,6609.08,6617.38,-3.7,-0.06%,0
"2025-11-21 11:30",6573.49,6621.77,6567.49,6621.08,47.55,+0.72%,0
"2025-11-21 11:00",6541.92,6573.55,6525.07,6573.53,31.79,+0.49%,0
"2025-11-21 10:30",6543.83,6557.08,6521.92,6541.74,-2.25,-0.03%,0
"2025-11-21 10:00",6559.33,6572.52,6537.57,6543.99,-15.07,-0.23%,0
"2025-11-21 09:30",6555.77,6578.52,6545.3,6559.06,20.3,+0.31%,0
"2025-11-20 17:00",6538.76,6538.76,6538.76,6538.76,0,0.00%,0
"2025-11-20 16:00",6540.18,6540.18,6538.76,6538.76,-0.42,-0.01%,0
"2025-11-20 15:30",6576.24,6579.93,6534.05,6539.18,-37.14,-0.56%,0
"2025-11-20 15:00",6595.87,6595.87,6568.29,6576.32,-19.48,-0.30%,0
"2025-11-20 14:30",6584.65,6596.3,6567.4,6595.8,11.19,+0.17%,0
"2025-11-20 14:00",6565.22,6589.27,6553.36,6584.61,19.46,+0.30%,0
"2025-11-20 13:30",6610.68,6613.99,6555.96,6565.15,-45.45,-0.69%,0
"2025-11-20 13:00",6586.96,6633.7,6581.93,6610.6,23.6,+0.36%,0
"2025-11-20 12:30",6599.98,6609.47,6569.21,6587,-13.22,-0.20%,0
"2025-11-20 12:00",6616.76,6637.55,6580.93,6600.22,-16.8,-0.25%,0
"2025-11-20 11:30",6693.74,6696.35,6609.81,6617.02,-76.9,-1.15%,0
"2025-11-20 11:00",6743.13,6743.13,6690.12,6693.92,-49.22,-0.73%,0
"2025-11-20 10:30",6763.02,6770.35,6743.05,6743.14,-19.84,-0.29%,0
"2025-11-20 10:00",6765.72,6769.61,6742.81,6762.98,-0.56,-0.01%,0
"2025-11-20 09:30",6737.93,6765.55,6737.93,6763.54,121.38,+1.83%,0
"2025-11-19 16:30",6642.16,6642.16,6642.16,6642.16,0,0.00%,0
"2025-11-19 16:00",6642.69,6642.69,6642.04,6642.16,-0.77,-0.01%,0
"2025-11-19 15:30",6650.78,6663.29,6635.8,6642.93,-7.88,-0.12%,0
"2025-11-19 15:00",6628.07,6659.4,6626.56,6650.81,22.76,+0.34%,0
"2025-11-19 14:30",6613.94,6635.12,6609.28,6628.05,14.25,+0.22%,0
"2025-11-19 14:00",6640.85,6642.41,6611.42,6613.8,-26.74,-0.40%,0
"2025-11-19 13:30",6625.78,6648.97,6624.01,6640.54,14.82,+0.22%,0
"2025-11-19 13:00",6628.99,6641.34,6625.37,6625.72,-3.4,-0.05%,0
"2025-11-19 12:30",6627.65,6634.15,6603.5,6629.12,1.52,+0.02%,0
"2025-11-19 12:00",6640.69,6644.87,6618.53,6627.6,-13.36,-0.20%,0
"2025-11-19 11:30",6636,6641.19,6624.19,6640.96,5.12,+0.08%,0
"2025-11-19 11:00",6645.33,6650.35,6628.91,6635.84,-9.63,-0.14%,0
"2025-11-19 10:30",6679.08,6681.81,6642.16,6645.47,-33.54,-0.50%,0
"2025-11-19 10:00",6673.97,6689.75,6670.79,6679.01,5.31,+0.08%,0
"2025-11-19 09:30",6625.84,6674.96,6618.48,6673.7,56.38,+0.85%,0
"2025-11-18 16:30",6617.32,6617.32,6617.32,6617.32,0,0.00%,0
"2025-11-18 16:00",6616.87,6617.59,6616.87,6617.32,0.38,+0.01%,0
"2025-11-18 15:30",6640.24,6643.3,6616.94,6616.94,-23.21,-0.35%,0
"2025-11-18 15:00",6660.3,6664.98,6631.72,6640.15,-20.06,-0.30%,0
"2025-11-18 14:30",6645.42,6665.01,6641.25,6660.21,15.16,+0.23%,0
"2025-11-18 14:00",6646.57,6657.88,6642.54,6645.05,-1.5,-0.02%,0
"2025-11-18 13:30",6649.58,6666.63,6643.9,6646.55,-3.17,-0.05%,0
"2025-11-18 13:00",6653.36,6660.34,6647.88,6649.72,-3.38,-0.05%,0
"2025-11-18 12:30",6602.56,6659.64,6595.67,6653.1,50.71,+0.77%,0
"2025-11-18 12:00",6628.01,6634.11,6602.16,6602.39,-25.86,-0.39%,0
"2025-11-18 11:30",6632.18,6639.5,6623.81,6628.25,-3.61,-0.05%,0
"2025-11-18 11:00",6587.84,6634.44,6574.32,6631.86,44.1,+0.67%,0
"2025-11-18 10:30",6606.38,6616.7,6586.9,6587.76,-18.5,-0.28%,0
"2025-11-18 10:00",6601.17,6618.24,6583.84,6606.26,4.86,+0.07%,0
"2025-11-18 09:30",6641.19,6656.69,6600.87,6601.4,-71.01,-1.06%,0
"2025-11-17 17:00",6672.41,6672.41,6672.41,6672.41,0,0.00%,0
"2025-11-17 16:00",6673.54,6673.54,6672.39,6672.41,-0.5,-0.01%,0
"2025-11-17 15:30",6653.66,6673.75,6647.8,6672.91,19.64,+0.30%,0
"2025-11-17 15:00",6644.31,6656.2,6638.9,6653.27,9.07,+0.14%,0
"2025-11-17 14:30",6674.78,6677.37,6644.2,6644.2,-30.66,-0.46%,0
"2025-11-17 14:00",6682.54,6684.76,6666.37,6674.86,-7.73,-0.12%,0
"2025-11-17 13:30",6703.85,6715.04,6682.02,6682.59,-21.25,-0.32%,0
"2025-11-17 13:00",6708.95,6710.72,6699.43,6703.84,-4.99,-0.07%,0
"2025-11-17 12:30",6739.61,6742.47,6708.82,6708.83,-30.82,-0.46%,0
"2025-11-17 12:00",6746.1,6746.38,6734.23,6739.65,-6.24,-0.09%,0
"2025-11-17 11:30",6721.68,6746.67,6721.06,6745.89,24.4,+0.36%,0
"2025-11-17 11:00",6723.61,6725.78,6695.26,6721.49,-1.8,-0.03%,0
"2025-11-17 10:30",6737.43,6739.78,6719.13,6723.29,-14.12,-0.21%,0
"2025-11-17 10:00",6745.04,6747.99,6721.74,6737.41,-6.17,-0.09%,0
"2025-11-17 09:30",6713.61,6754.5,6704.59,6743.58,9.47,+0.14%,0
"2025-11-14 16:30",6734.11,6734.11,6734.11,6734.11,0,0.00%,0
"2025-11-14 16:00",6735.37,6735.37,6734.11,6734.11,-0.99,-0.01%,0
"2025-11-14 15:30",6744.18,6748.29,6729.17,6735.1,-9.12,-0.14%,0
"2025-11-14 15:00",6764.32,6768.62,6740.29,6744.22,-20.14,-0.30%,0
"2025-11-14 14:30",6757.52,6766.57,6754.57,6764.36,7.05,+0.10%,0
"2025-11-14 14:00",6750.1,6761.56,6741.02,6757.31,7.21,+0.11%,0
"2025-11-14 13:30",6748.62,6754.57,6732.99,6750.1,1.31,+0.02%,0
"2025-11-14 13:00",6758.25,6760.92,6739.31,6748.79,-9.38,-0.14%,0
"2025-11-14 12:30",6768.13,6773.89,6749.41,6758.17,-9.88,-0.15%,0
"2025-11-14 12:00",6764.93,6774.31,6760.54,6768.05,3.24,+0.05%,0
"2025-11-14 11:30",6761.91,6767.78,6749.63,6764.81,3.07,+0.05%,0
"2025-11-14 11:00",6739.67,6766.79,6726.8,6761.74,22.2,+0.33%,0
"2025-11-14 10:30",6715.68,6746.04,6709.99,6739.54,23.82,+0.35%,0
"2025-11-14 10:00",6703.83,6717.34,6687.29,6715.72,11.38,+0.17%,0
"2025-11-14 09:30",6672.14,6705.33,6646.87,6704.34,-33.15,-0.49%,0
"2025-11-13 16:30",6737.49,6737.49,6737.49,6737.49,0,0.00%,0
"2025-11-13 16:00",6738.73,6738.73,6737.49,6737.49,-1.03,-0.02%,0
"2025-11-13 15:30",6735.27,6749.07,6726.32,6738.52,3.24,+0.05%,0
"2025-11-13 15:00",6735.97,6739.06,6724.72,6735.28,-0.83,-0.01%,0
"2025-11-13 14:30",6754.39,6755.07,6724.81,6736.11,-18.1,-0.27%,0
"2025-11-13 14:00",6745.08,6754.58,6734.7,6754.21,9.32,+0.14%,0
"2025-11-13 13:30",6746.97,6747.07,6733.8,6744.89,-2.01,-0.03%,0
"2025-11-13 13:00",6760.12,6765.98,6744.91,6746.9,-13.12,-0.19%,0
"2025-11-13 12:30",6778.19,6783.33,6758.41,6760.02,-18.22,-0.27%,0
"2025-11-13 12:00",6770.75,6779.99,6762.91,6778.24,7.34,+0.11%,0
"2025-11-13 11:30",6776.25,6784.66,6761.27,6770.9,-5.32,-0.08%,0
"2025-11-13 11:00",6783.45,6786.33,6768.75,6776.22,-7.28,-0.11%,0
"2025-11-13 10:30",6808.09,6808.59,6772.38,6783.5,-24.5,-0.36%,0
"2025-11-13 10:00",6807.08,6828.05,6798.49,6808,1.1,+0.02%,0
"2025-11-13 09:30",6826.47,6826.47,6794.91,6806.9,-44.02,-0.64%,0
"2025-11-12 16:30",6850.92,6850.92,6850.92,6850.92,0,0.00%,0
"2025-11-12 16:00",6852.03,6852.03,6850.91,6850.92,-1.08,-0.02%,0
"2025-11-12 15:30",6853.06,6859.82,6845.96,6852,-1.11,-0.02%,0
"2025-11-12 15:00",6847.62,6853.48,6840.71,6853.11,5.55,+0.08%,0
"2025-11-12 14:30",6847.09,6851.78,6842.67,6847.56,0.51,+0.01%,0
"2025-11-12 14:00",6856.23,6857.5,6845.11,6847.05,-9.12,-0.13%,0
"2025-11-12 13:30",6854.59,6861.2,6852.58,6856.17,1.7,+0.02%,0
"2025-11-12 13:00",6856.11,6859.27,6850.33,6854.47,-1.6,-0.02%,0
"2025-11-12 12:30",6844.48,6858.66,6843.85,6856.07,11.71,+0.17%,0
"2025-11-12 12:00",6837.23,6847.42,6835.53,6844.36,7.1,+0.10%,0
"2025-11-12 11:30",6843.78,6849.2,6829.62,6837.26,-7.23,-0.11%,0
"2025-11-12 11:00",6843.16,6844.8,6830.73,6844.49,1.45,+0.02%,0
"2025-11-12 10:30",6851.28,6851.86,6837.12,6843.04,-8.34,-0.12%,0
"2025-11-12 10:00",6857.53,6862.01,6847.18,6851.38,-5.58,-0.08%,0
"2025-11-12 09:30",6867.77,6869.91,6850.82,6856.96,10.35,+0.15%,0
"2025-11-11 16:30",6846.61,6846.61,6846.61,6846.61,0,0.00%,0
"2025-11-11 16:00",6847.55,6847.55,6846.61,6846.61,-1.48,-0.02%,0
"2025-11-11 15:30",6848.85,6855.08,6842.38,6848.09,-0.83,-0.01%,0
"2025-11-11 15:00",6850.73,6855.13,6847.94,6848.92,-1.86,-0.03%,0
"2025-11-11 14:30",6851.13,6853.7,6847.36,6850.78,-0.26,0.00%,0
"2025-11-11 14:00",6851.99,6852.53,6844.73,6851.04,-1.03,-0.02%,0
"2025-11-11 13:30",6848.34,6853,6841.33,6852.07,3.84,+0.06%,0
"2025-11-11 13:00",6840.27,6851.65,6840.26,6848.23,7.84,+0.11%,0
"2025-11-11 12:30",6829.84,6841.72,6829.25,6840.39,10.57,+0.15%,0
"2025-11-11 12:00",6817.07,6833.33,6816.73,6829.82,12.72,+0.19%,0
"2025-11-11 11:30",6813.03,6821.62,6807.72,6817.1,4.28,+0.06%,0
"2025-11-11 11:00",6810.73,6827.1,6810.18,6812.82,2.07,+0.03%,0
"2025-11-11 10:30",6814.24,6816.03,6806.87,6810.75,-3.58,-0.05%,0
"2025-11-11 10:00",6827.31,6827.31,6807.58,6814.33,-12.88,-0.19%,0
"2025-11-11 09:30",6815.64,6828.65,6813.85,6827.21,-5.22,-0.08%,0
"2025-11-10 16:30",6832.43,6832.43,6832.43,6832.43,0,0.00%,0
"2025-11-10 16:00",6832.28,6832.71,6832.28,6832.43,0.61,+0.01%,0
"2025-11-10 15:30",6832.97,6841.32,6830.35,6831.82,-1.17,-0.02%,0
"2025-11-10 15:00",6832.23,6840.38,6831.45,6832.99,0.93,+0.01%,0
"2025-11-10 14:30",6827.56,6835.91,6825.11,6832.06,4.61,+0.07%,0
"2025-11-10 14:00",6818.01,6829.11,6817.88,6827.45,9.42,+0.14%,0
"2025-11-10 13:30",6814.34,6824.91,6814.34,6818.03,3.75,+0.06%,0
"2025-11-10 13:00",6814.07,6819.81,6813.65,6814.28,0.26,0.00%,0
"2025-11-10 12:30",6794.35,6816.76,6794.35,6814.02,19.83,+0.29%,0
"2025-11-10 12:00",6786.24,6797.59,6784.53,6794.19,7.9,+0.12%,0
"2025-11-10 11:30",6775.91,6786.4,6770.56,6786.29,10.23,+0.15%,0
"2025-11-10 11:00",6782.76,6787.97,6772.38,6776.06,-6.77,-0.10%,0
"2025-11-10 10:30",6808.95,6810.06,6782.08,6782.83,-25.89,-0.38%,0
"2025-11-10 10:00",6805.52,6812.35,6802.52,6808.72,2.36,+0.03%,0
"2025-11-10 09:30",6785.36,6812.79,6785.36,6806.36,77.56,+1.15%,0
"2025-11-07 16:30",6728.8,6728.8,6728.8,6728.8,0,0.00%,0
"2025-11-07 16:00",6729.2,6729.2,6728.8,6728.8,-0.22,0.00%,0
"2025-11-07 15:30",6706.77,6730.11,6706.53,6729.02,22.18,+0.33%,0
"2025-11-07 15:00",6719.85,6720.27,6699.27,6706.84,-12.91,-0.19%,0
"2025-11-07 14:30",6684.45,6720.02,6684.45,6719.75,35.33,+0.53%,0
"2025-11-07 14:00",6675.9,6686.71,6672.37,6684.42,8.44,+0.13%,0
"2025-11-07 13:30",6672.96,6680.61,6662.83,6675.98,2.97,+0.04%,0
"2025-11-07 13:00",6659.25,6675.48,6656.38,6673.01,13.56,+0.20%,0
"2025-11-07 12:30",6655.25,6660.03,6640.53,6659.45,4.18,+0.06%,0
"2025-11-07 12:00",6639.17,6661.97,6631.44,6655.27,15.97,+0.24%,0
"2025-11-07 11:30",6647.6,6652.82,6633.1,6639.3,-8.17,-0.12%,0
"2025-11-07 11:00",6652.56,6659.11,6641.77,6647.47,-5.39,-0.08%,0
"2025-11-07 10:30",6678.57,6682.23,6652.86,6652.86,-25.38,-0.38%,0
"2025-11-07 10:00",6683.29,6691.05,6659.79,6678.24,-3.12,-0.05%,0
"2025-11-07 09:30",6696.18,6696.18,6661.98,6681.36,-38.96,-0.58%,0
"2025-11-06 16:30",6720.32,6720.32,6720.32,6720.32,0,0.00%,0
"2025-11-06 16:00",6721.11,6721.21,6720.32,6720.32,-1.4,-0.02%,0
"2025-11-06 15:30",6743.88,6747.53,6715.98,6721.72,-22.1,-0.33%,0
"2025-11-06 15:00",6750.72,6753.8,6743.29,6743.82,-6.64,-0.10%,0
"2025-11-06 14:30",6754.81,6757.63,6740.85,6750.46,-4.3,-0.06%,0
"2025-11-06 14:00",6735.2,6755.86,6733.95,6754.76,19.56,+0.29%,0
"2025-11-06 13:30",6730.25,6741.91,6730.25,6735.2,4.95,+0.07%,0
"2025-11-06 13:00",6731.84,6734.35,6712.43,6730.25,-1.51,-0.02%,0
"2025-11-06 12:30",6715.78,6736.29,6713.47,6731.76,15.89,+0.24%,0
"2025-11-06 12:00",6712.32,6731.51,6707.51,6715.87,3.55,+0.05%,0
"2025-11-06 11:30",6734.21,6734.21,6710.34,6712.32,-21.86,-0.32%,0
"2025-11-06 11:00",6729.04,6740.33,6722.14,6734.18,5.16,+0.08%,0
"2025-11-06 10:30",6765.93,6766.92,6727.43,6729.02,-36.83,-0.54%,0
"2025-11-06 10:00",6761.92,6774.68,6746.09,6765.85,4.15,+0.06%,0
"2025-11-06 09:30",6787.59,6796.68,6761.34,6761.7,-34.59,-0.51%,0
"2025-11-05 16:30",6796.29,6796.29,6796.29,6796.29,0,0.00%,0
"2025-11-05 16:00",6795.94,6796.63,6795.94,6796.29,0.34,+0.01%,0
"2025-11-05 15:30",6818.65,6819.62,6794.94,6795.95,-22.78,-0.33%,0
"2025-11-05 15:00",6823.4,6826.33,6817.95,6818.73,-4.82,-0.07%,0
"2025-11-05 14:30",6823.3,6826.43,6822.44,6823.55,0.12,0.00%,0
"2025-11-05 14:00",6827.71,6827.71,6818.5,6823.43,-4.32,-0.06%,0
"2025-11-05 13:30",6825.03,6829.78,6823.88,6827.75,2.67,+0.04%,0
"2025-11-05 13:00",6823.38,6827.96,6821.56,6825.08,1.74,+0.03%,0
"2025-11-05 12:30",6821.19,6829.42,6820.82,6823.34,2.16,+0.03%,0
"2025-11-05 12:00",6815.25,6821.9,6811.23,6821.18,6.03,+0.09%,0
"2025-11-05 11:30",6804.13,6818.48,6802.41,6815.15,10.88,+0.16%,0
"2025-11-05 11:00",6799.38,6804.69,6788.64,6804.27,4.82,+0.07%,0
"2025-11-05 10:30",6795.79,6803.78,6791.35,6799.45,3.52,+0.05%,0
"2025-11-05 10:00",6793.83,6801.71,6783.8,6795.93,2.42,+0.04%,0
"2025-11-05 09:30",6769.77,6797.05,6763.11,6793.51,21.96,+0.32%,0
"2025-11-04 16:30",6771.55,6771.55,6771.55,6771.55,0,0.00%,0
"2025-11-04 16:00",6772.23,6772.23,6771.54,6771.55,-0.85,-0.01%,0
"2025-11-04 15:30",6780.19,6785.97,6766.97,6772.4,-7.74,-0.11%,0
"2025-11-04 15:00",6772.38,6782.54,6771.07,6780.14,7.9,+0.12%,0
"2025-11-04 14:30",6783.38,6784.2,6766.76,6772.24,-11.05,-0.16%,0
"2025-11-04 14:00",6781.94,6786.74,6777.29,6783.29,1.13,+0.02%,0
"2025-11-04 13:30",6773.05,6784.51,6767.56,6782.16,8.95,+0.13%,0
"2025-11-04 13:00",6780.78,6781.69,6770.91,6773.21,-7.54,-0.11%,0
"2025-11-04 12:30",6790.54,6792.94,6777.86,6780.75,-9.77,-0.14%,0
"2025-11-04 12:00",6802.48,6802.67,6778.19,6790.52,-11.99,-0.18%,0
"2025-11-04 11:30",6802.93,6807.09,6795.56,6802.51,-0.49,-0.01%,0
"2025-11-04 11:00",6802.23,6808.8,6796.55,6803,0.8,+0.01%,0
"2025-11-04 10:30",6814.42,6820.21,6797.61,6802.2,-12.07,-0.18%,0
"2025-11-04 10:00",6808.96,6817.12,6804.63,6814.27,4.96,+0.07%,0
"2025-11-04 09:30",6788.52,6809.61,6766.71,6809.31,-42.66,-0.62%,0
"2025-11-03 16:30",6851.97,6851.97,6851.97,6851.97,0,0.00%,0
"2025-11-03 16:00",6853.45,6853.45,6851.97,6851.97,-0.06,0.00%,0
"2025-11-03 15:30",6852.61,6853.36,6845.63,6852.03,-0.59,-0.01%,0
"2025-11-03 15:00",6855.61,6857.44,6851.82,6852.62,-3.03,-0.04%,0
"2025-11-03 14:30",6853.71,6857.89,6847.53,6855.65,2.02,+0.03%,0
"2025-11-03 14:00",6856.8,6859.49,6851.77,6853.63,-3.16,-0.05%,0
"2025-11-03 13:30",6857.68,6863.36,6855.64,6856.79,-1.01,-0.01%,0
"2025-11-03 13:00",6859.98,6863.32,6857.02,6857.8,-2.11,-0.03%,0
"2025-11-03 12:30",6848.98,6860.89,6848.68,6859.91,10.84,+0.16%,0
"2025-11-03 12:00",6856.04,6860.38,6845.73,6849.07,-7.06,-0.10%,0
"2025-11-03 11:30",6841.97,6857.18,6841.41,6856.13,14.18,+0.21%,0
"2025-11-03 11:00",6845.09,6850.2,6840.18,6841.95,-3.08,-0.04%,0
"2025-11-03 10:30",6825.52,6849.18,6820.62,6845.03,19.69,+0.29%,0
"2025-11-03 10:00",6846.3,6851.08,6824.45,6825.34,-21.21,-0.31%,0
"2025-11-03 09:30",6882.32,6882.32,6843.28,6846.55,6.35,+0.09%,0
"2025-10-31 16:30",6840.2,6840.2,6840.2,6840.2,0,0.00%,0
"2025-10-31 16:00",6839.87,6840.46,6839.87,6840.2,-0.03,0.00%,0
"2025-10-31 15:30",6862.6,6869.01,6840.23,6840.23,-22.38,-0.33%,0
"2025-10-31 15:00",6847.46,6863.99,6844.69,6862.61,15.21,+0.22%,0
"2025-10-31 14:30",6844.75,6848.53,6838.42,6847.4,2.62,+0.04%,0
"2025-10-31 14:00",6829.7,6845.57,6829.43,6844.78,15.15,+0.22%,0
"2025-10-31 13:30",6819.52,6835.88,6815.9,6829.63,10.06,+0.15%,0
"2025-10-31 13:00",6824.98,6828.45,6814.26,6819.57,-5.44,-0.08%,0
"2025-10-31 12:30",6838.91,6845.83,6822.64,6825.01,-13.92,-0.20%,0
"2025-10-31 12:00",6843.36,6844.23,6826.21,6838.93,-4.9,-0.07%,0
"2025-10-31 11:30",6859.41,6863.29,6843.39,6843.83,-15.53,-0.23%,0
"2025-10-31 11:00",6865.84,6868.25,6857.46,6859.36,-6.42,-0.09%,0
"2025-10-31 10:30",6853.57,6868.8,6852.26,6865.78,11.83,+0.17%,0
"2025-10-31 10:00",6855.06,6857.1,6844.29,6853.95,-1.01,-0.01%,0
"2025-10-31 09:30",6879.17,6879.17,6850.15,6854.96,32.62,+0.48%,0
"2025-10-30 16:30",6822.34,6822.34,6822.34,6822.34,0,0.00%,0
"2025-10-30 16:00",6821.76,6822.36,6821.76,6822.34,-0.09,0.00%,0
"2025-10-30 15:30",6834.7,6841.51,6820.69,6822.43,-12.27,-0.18%,0
"2025-10-30 15:00",6846.39,6846.57,6825.52,6834.7,-12.06,-0.18%,0
"2025-10-30 14:30",6852.02,6856.9,6844.1,6846.76,-5.18,-0.08%,0
"2025-10-30 14:00",6865.79,6865.82,6848.04,6851.94,-13.84,-0.20%,0
"2025-10-30 13:30",6866.61,6868.63,6858.67,6865.78,-0.86,-0.01%,0
"2025-10-30 13:00",6866.91,6868.14,6853.29,6866.64,-0.13,0.00%,0
"2025-10-30 12:30",6871.71,6871.73,6859.17,6866.77,-4.73,-0.07%,0
"2025-10-30 12:00",6855.66,6873.94,6854.79,6871.5,16.1,+0.23%,0
"2025-10-30 11:30",6870.28,6871.04,6852.38,6855.4,-14.76,-0.21%,0
"2025-10-30 11:00",6865.6,6876.86,6865.6,6870.16,4.41,+0.06%,0
"2025-10-30 10:30",6856.38,6878.72,6855.91,6865.75,9.4,+0.14%,0
"2025-10-30 10:00",6871.89,6880.75,6855.26,6856.35,-15.59,-0.23%,0
"2025-10-30 09:30",6860.5,6879.11,6834.93,6871.94,-18.65,-0.27%,0
"2025-10-29 17:00",6890.59,6890.59,6890.59,6890.59,0,0.00%,0
"2025-10-29 16:00",6893.77,6893.77,6890.59,6890.59,-1.58,-0.02%,0
"2025-10-29 15:30",6876.55,6894.84,6863.6,6892.17,15.7,+0.23%,0
"2025-10-29 15:00",6882.53,6889.27,6868.16,6876.47,-6.61,-0.10%,0
"2025-10-29 14:30",6902.36,6909.32,6851.91,6883.08,-19.16,-0.28%,0
"2025-10-29 14:00",6903.62,6910.88,6896.65,6902.24,-1.3,-0.02%,0
"2025-10-29 13:30",6902.52,6908.52,6899.52,6903.54,0.98,+0.01%,0
"2025-10-29 13:00",6908.61,6910.86,6900.63,6902.56,-5.92,-0.09%,0
"2025-10-29 12:30",6907.75,6910.87,6906,6908.48,0.75,+0.01%,0
"2025-10-29 12:00",6903.65,6908.1,6898.4,6907.73,4.04,+0.06%,0
"2025-10-29 11:30",6906.1,6907.12,6901.28,6903.69,-2.45,-0.04%,0
"2025-10-29 11:00",6906.4,6910.91,6902.97,6906.14,-0.46,-0.01%,0
"2025-10-29 10:30",6912.82,6914.35,6901.37,6906.6,-6.16,-0.09%,0
"2025-10-29 10:00",6919.75,6920.34,6907.77,6912.76,-6.73,-0.10%,0
"2025-10-29 09:30",6910.95,6920.21,6905.35,6919.49,28.6,+0.42%,0
"2025-10-28 17:00",6890.89,6890.89,6890.89,6890.89,0,0.00%,0
"2025-10-28 16:00",6891.16,6891.34,6890.88,6890.89,0,0.00%,0
"2025-10-28 15:30",6909.94,6910.02,6890.89,6890.89,-19.1,-0.28%,0
"2025-10-28 15:00",6904.38,6911.3,6900.59,6909.99,5.62,+0.08%,0
"2025-10-28 14:30",6903.3,6905.12,6900.07,6904.37,1.11,+0.02%,0
"2025-10-28 14:00",6898.31,6906.89,6897.64,6903.26,4.95,+0.07%,0
"2025-10-28 13:30",6892.29,6899.92,6891.75,6898.31,6.07,+0.09%,0
"2025-10-28 13:00",6891.12,6896.52,6890.93,6892.24,1.16,+0.02%,0
"2025-10-28 12:30",6883.73,6895.34,6883.37,6891.08,7.34,+0.11%,0
"2025-10-28 12:00",6878.18,6884.07,6878.18,6883.74,5.53,+0.08%,0
"2025-10-28 11:30",6877.8,6878.22,6870.73,6878.21,0.35,+0.01%,0
"2025-10-28 11:00",6879.83,6884.28,6876.76,6877.86,-2.24,-0.03%,0
"2025-10-28 10:30",6884.03,6886.39,6878.37,6880.1,-4.04,-0.06%,0
"2025-10-28 10:00",6878.74,6884.39,6877.52,6884.14,5.36,+0.08%,0
"2025-10-28 09:30",6897.74,6897.74,6873.86,6878.78,3.62,+0.05%,0
"2025-10-27 16:30",6875.16,6875.16,6875.16,6875.16,0,0.00%,0
"2025-10-27 16:00",6874.63,6875.17,6874.63,6875.16,0.66,+0.01%,0
"2025-10-27 15:30",6864.68,6877.28,6864.47,6874.5,9.81,+0.14%,0
"2025-10-27 15:00",6863.97,6865.38,6862.2,6864.69,0.74,+0.01%,0
"2025-10-27 14:30",6861.24,6865.26,6861.24,6863.95,2.61,+0.04%,0
"2025-10-27 14:00",6861.67,6862.32,6859.92,6861.34,-0.36,-0.01%,0
"2025-10-27 13:30",6856.39,6862.32,6855.32,6861.7,5.33,+0.08%,0
"2025-10-27 13:00",6860.15,6860.61,6853.83,6856.37,-3.63,-0.05%,0
"2025-10-27 12:30",6857.18,6861.36,6857.18,6860,2.74,+0.04%,0
"2025-10-27 12:00",6856.76,6860.1,6856.21,6857.26,0.66,+0.01%,0
"2025-10-27 11:30",6855.87,6858.6,6854.22,6856.6,0.77,+0.01%,0
"2025-10-27 11:00",6849.57,6856.4,6848.52,6855.83,6.23,+0.09%,0
"2025-10-27 10:30",6853.27,6856.07,6848.47,6849.6,-3.66,-0.05%,0
"2025-10-27 10:00",6854.11,6859.13,6847.06,6853.26,-0.94,-0.01%,0
"2025-10-27 09:30",6845.46,6856.3,6843.94,6854.2,62.51,+0.92%,0
"2025-10-24 16:30",6791.69,6791.69,6791.69,6791.69,0,0.00%,0
"2025-10-24 16:00",6791.67,6792.21,6791.67,6791.69,0.55,+0.01%,0
"2025-10-24 15:30",6804.79,6804.95,6789.33,6791.14,-13.74,-0.20%,0
"2025-10-24 15:00",6804.06,6807.11,6803.26,6804.88,0.86,+0.01%,0
"2025-10-24 14:30",6803.45,6805.27,6800.18,6804.02,0.61,+0.01%,0
"2025-10-24 14:00",6802.75,6805.36,6801.06,6803.41,0.7,+0.01%,0
"2025-10-24 13:30",6802.86,6806.09,6802.18,6802.71,-0.05,0.00%,0
"2025-10-24 13:00",6802.05,6804.03,6798.73,6802.76,0.76,+0.01%,0
"2025-10-24 12:30",6801.81,6804.15,6794.56,6802,-0.04,0.00%,0
"2025-10-24 12:00",6801.83,6806.42,6800.79,6802.04,0.29,0.00%,0
"2025-10-24 11:30",6803.99,6806.26,6797.86,6801.75,-2.08,-0.03%,0
"2025-10-24 11:00",6789.31,6806.2,6787.86,6803.83,14.65,+0.22%,0
"2025-10-24 10:30",6790.54,6798.55,6782.28,6789.18,-1.37,-0.02%,0
"2025-10-24 10:00",6795.52,6801.21,6790.32,6790.55,-5.19,-0.08%,0
"2025-10-24 09:30",6772.07,6799.79,6772.07,6795.74,57.3,+0.85%,0
"2025-10-23 16:30",6738.44,6738.44,6738.44,6738.44,0,0.00%,0
"2025-10-23 16:00",6738.58,6738.58,6738.35,6738.44,0.27,0.00%,0
"2025-10-23 15:30",6746.96,6746.96,6735.34,6738.17,-8.77,-0.13%,0
"2025-10-23 15:00",6747.98,6749.53,6745.58,6746.94,-1.12,-0.02%,0
"2025-10-23 14:30",6747.15,6749.36,6745.57,6748.06,0.83,+0.01%,0
"2025-10-23 14:00",6746.52,6747.55,6741.1,6747.23,0.74,+0.01%,0
"2025-10-23 13:30",6732.19,6747.06,6732.13,6746.49,14.24,+0.21%,0
"2025-10-23 13:00",6736.54,6738.73,6726.95,6732.25,-4.05,-0.06%,0
"2025-10-23 12:30",6727.92,6737.11,6727.87,6736.3,8.27,+0.12%,0
"2025-10-23 12:00",6724.94,6732.65,6723.96,6728.03,3.08,+0.05%,0
"2025-10-23 11:30",6722.47,6728.84,6710.18,6724.95,2.48,+0.04%,0
"2025-10-23 11:00",6724.13,6725.22,6713.73,6722.47,-1.71,-0.03%,0
"2025-10-23 10:30",6716.26,6726.05,6712.81,6724.18,7.97,+0.12%,0
"2025-10-23 10:00",6722.12,6724.94,6702.65,6716.21,-5.73,-0.09%,0
"2025-10-23 09:30",6703.65,6729.75,6700.14,6721.94,22.54,+0.34%,0
"2025-10-22 16:30",6699.4,6699.4,6699.4,6699.4,0,0.00%,0
"2025-10-22 16:00",6699.46,6699.56,6699.4,6699.4,-0.38,-0.01%,0
"2025-10-22 15:30",6696.44,6705.25,6695.35,6699.78,3.3,+0.05%,0
"2025-10-22 15:00",6687.07,6697.71,6678.48,6696.48,9.39,+0.14%,0
"2025-10-22 14:30",6678.37,6687.48,6673.62,6687.09,8.7,+0.13%,0
"2025-10-22 14:00",6668.43,6683.22,6660.33,6678.39,10.08,+0.15%,0
"2025-10-22 13:30",6675.59,6679.18,6655.69,6668.31,-7.39,-0.11%,0
"2025-10-22 13:00",6695.23,6697.27,6669.11,6675.7,-19.29,-0.29%,0
"2025-10-22 12:30",6698.52,6702.92,6662.73,6694.99,-3.47,-0.05%,0
"2025-10-22 12:00",6712.27,6713.44,6694.69,6698.46,-13.66,-0.20%,0
"2025-10-22 11:30",6700.52,6719.62,6695.9,6712.12,11.49,+0.17%,0
"2025-10-22 11:00",6722.96,6725.93,6697.77,6700.63,-22.29,-0.33%,0
"2025-10-22 10:30",6715.69,6723.16,6702.5,6722.92,7.39,+0.11%,0
"2025-10-22 10:00",6733.42,6738.04,6714.86,6715.53,-18.24,-0.27%,0
"2025-10-22 09:30",6741.34,6741.75,6726.84,6733.77,-1.58,-0.02%,0
"2025-10-21 16:30",6735.35,6735.35,6735.35,6735.35,0,0.00%,0
"2025-10-21 16:00",6734.79,6735.35,6734.79,6735.35,0.59,+0.01%,0
"2025-10-21 15:30",6741.28,6745.69,6734.64,6734.76,-6.46,-0.10%,0
"2025-10-21 15:00",6742.31,6745.18,6739.46,6741.22,-1.19,-0.02%,0
"2025-10-21 14:30",6745.24,6746.56,6740.6,6742.41,-2.78,-0.04%,0
"2025-10-21 14:00",6744.53,6747.2,6740.46,6745.19,0.63,+0.01%,0
"2025-10-21 13:30",6738.07,6744.94,6735.09,6744.56,6.54,+0.10%,0
"2025-10-21 13:00",6737.62,6743.92,6730.08,6738.02,0.42,+0.01%,0
"2025-10-21 12:30",6748.68,6752.16,6736.22,6737.6,-11.01,-0.16%,0
"2025-10-21 12:00",6744.98,6749,6744.09,6748.61,3.66,+0.05%,0
"2025-10-21 11:30",6741.11,6747.33,6736.57,6744.95,3.75,+0.06%,0
"2025-10-21 11:00",6748.41,6749.91,6737.87,6741.2,-7.28,-0.11%,0
"2025-10-21 10:30",6728.69,6748.68,6724.66,6748.48,19.79,+0.29%,0
"2025-10-21 10:00",6727.98,6740.86,6722.03,6728.69,0.55,+0.01%,0
"2025-10-21 09:30",6736.75,6741.27,6724.43,6728.14,-6.99,-0.10%,0
"2025-10-20 16:30",6735.13,6735.13,6735.13,6735.13,0,0.00%,0
"2025-10-20 16:00",6735.02,6735.17,6735.02,6735.13,0.36,+0.01%,0
"2025-10-20 15:30",6739.11,6742.48,6734.3,6734.77,-4.39,-0.07%,0
"2025-10-20 15:00",6738.95,6741.97,6734.33,6739.16,0.17,0.00%,0
"2025-10-20 14:30",6740.52,6741.06,6734.48,6738.99,-1.59,-0.02%,0
"2025-10-20 14:00",6739.98,6744.35,6739.75,6740.58,0.66,+0.01%,0
"2025-10-20 13:30",6738.63,6743.09,6738.13,6739.92,1.17,+0.02%,0
"2025-10-20 13:00",6732.51,6742.25,6732.3,6738.75,6.15,+0.09%,0
"2025-10-20 12:30",6729.84,6732.74,6725.67,6732.6,2.82,+0.04%,0
"2025-10-20 12:00",6727.79,6731.09,6724.23,6729.78,2.32,+0.03%,0
"2025-10-20 11:30",6731.03,6734.99,6724.44,6727.46,-3.31,-0.05%,0
"2025-10-20 11:00",6734.15,6734.77,6724.55,6730.77,-3.44,-0.05%,0
"2025-10-20 10:30",6725.17,6736.23,6720.52,6734.21,9.15,+0.14%,0
"2025-10-20 10:00",6710.07,6725.88,6710.07,6725.06,15.81,+0.24%,0
"2025-10-20 09:30",6690.05,6716.64,6690.05,6709.25,45.24,+0.68%,0
"2025-10-17 16:30",6664.01,6664.01,6664.01,6664.01,0,0.00%,0
"2025-10-17 16:00",6663.73,6664.03,6663.73,6664.01,1.1,+0.02%,0
"2025-10-17 15:30",6673.19,6673.19,6662.44,6662.91,-10.36,-0.16%,0
"2025-10-17 15:00",6665.73,6678.88,6665.73,6673.27,7.57,+0.11%,0
"2025-10-17 14:30",6668.88,6672.42,6663.06,6665.7,-3.14,-0.05%,0
"2025-10-17 14:00",6650.2,6671.62,6650.2,6668.84,18.61,+0.28%,0
"2025-10-17 13:30",6633.67,6651.75,6629.96,6650.23,16.58,+0.25%,0
"2025-10-17 13:00",6642.24,6642.54,6628.36,6633.65,-8.66,-0.13%,0
"2025-10-17 12:30",6653.11,6657.61,6635.35,6642.31,-10.8,-0.16%,0
"2025-10-17 12:00",6638.69,6654.85,6638.69,6653.11,14.42,+0.22%,0
"2025-10-17 11:30",6615.09,6643.53,6603.81,6638.69,23.8,+0.36%,0
"2025-10-17 11:00",6617.13,6637.98,6607.27,6614.89,-2.27,-0.03%,0
"2025-10-17 10:30",6644.88,6645.64,6615.42,6617.16,-27.85,-0.42%,0
"2025-10-17 10:00",6628.33,6658.05,6618.97,6645.01,15.71,+0.24%,0
"2025-10-17 09:30",6613.27,6646.45,6603.76,6629.3,0.23,0.00%,0
"2025-10-16 16:30",6629.07,6629.07,6629.07,6629.07,0,0.00%,0
"2025-10-16 16:00",6628.73,6629.08,6628.73,6629.07,0.07,0.00%,0
"2025-10-16 15:30",6611.13,6633.86,6603.99,6629,17.87,+0.27%,0
"2025-10-16 15:00",6626.93,6630.23,6602.67,6611.13,-15.78,-0.24%,0
"2025-10-16 14:30",6605.68,6627.8,6593.99,6626.91,21.12,+0.32%,0
"2025-10-16 14:00",6639.94,6640.77,6597,6605.79,-34.02,-0.51%,0
"2025-10-16 13:30",6657.63,6661.54,6633.98,6639.81,-17.87,-0.27%,0
"2025-10-16 13:00",6656.05,6664.09,6636.57,6657.68,1.62,+0.02%,0
"2025-10-16 12:30",6646.86,6656.38,6616.47,6656.06,9.3,+0.14%,0
"2025-10-16 12:00",6666.97,6672.72,6645.9,6646.76,-20.05,-0.30%,0
"2025-10-16 11:30",6680.67,6689.41,6662.34,6666.81,-13.96,-0.21%,0
"2025-10-16 11:00",6693.57,6702.59,6677.8,6680.77,-12.68,-0.19%,0
"2025-10-16 10:30",6691.58,6709.34,6691.31,6693.45,1.85,+0.03%,0
"2025-10-16 10:00",6688.12,6697.72,6677.59,6691.6,1.45,+0.02%,0
"2025-10-16 09:30",6689.02,6703.15,6683.7,6690.15,19.09,+0.29%,0
"2025-10-15 16:30",6671.06,6671.06,6671.06,6671.06,0,0.00%,0
"2025-10-15 16:00",6672.59,6672.59,6671.04,6671.06,-0.44,-0.01%,0
"2025-10-15 15:30",6676.16,6676.84,6654.7,6671.5,-4.65,-0.07%,0
"2025-10-15 15:00",6679.73,6680.32,6668.96,6676.15,-3.58,-0.05%,0
"2025-10-15 14:30",6665.41,6680.62,6664.55,6679.73,14.33,+0.21%,0
"2025-10-15 14:00",6665.75,6670.63,6657.11,6665.4,-0.35,-0.01%,0
"2025-10-15 13:30",6630.71,6666.9,6630.01,6665.75,35.02,+0.53%,0
"2025-10-15 13:00",6663.4,6663.6,6612.11,6630.73,-32.74,-0.49%,0
"2025-10-15 12:30",6678.74,6678.91,6662.2,6663.47,-15.19,-0.23%,0
"2025-10-15 12:00",6674.49,6686.17,6671.94,6678.66,4.14,+0.06%,0
"2025-10-15 11:30",6700.18,6700.99,6661.6,6674.52,-25.37,-0.38%,0
"2025-10-15 11:00",6712.3,6714.12,6698.82,6699.89,-12.4,-0.18%,0
"2025-10-15 10:30",6718.7,6721.41,6708.72,6712.29,-6.32,-0.09%,0
"2025-10-15 10:00",6705.37,6724.12,6705.37,6718.61,12.78,+0.19%,0
"2025-10-15 09:30",6688.27,6707.94,6683.95,6705.83,61.52,+0.93%,0
"2025-10-14 17:00",6644.31,6644.31,6644.31,6644.31,0,0.00%,0
"2025-10-14 16:00",6644.47,6644.47,6644.31,6644.31,0.4,+0.01%,0
"2025-10-14 15:30",6670.99,6670.99,6626.41,6643.91,-27.03,-0.41%,0
"2025-10-14 15:00",6671.62,6676.26,6669.42,6670.94,-0.67,-0.01%,0
"2025-10-14 14:30",6674.15,6675.82,6667.85,6671.61,-2.55,-0.04%,0
"2025-10-14 14:00",6673.83,6676.24,6668.89,6674.16,0.33,0.00%,0
"2025-10-14 13:30",6675.67,6680.7,6666.56,6673.83,-1.81,-0.03%,0
"2025-10-14 13:00",6666.64,6677.91,6659.89,6675.64,9.02,+0.14%,0
"2025-10-14 12:30",6659.53,6678.44,6659.14,6666.62,7.18,+0.11%,0
"2025-10-14 12:00",6646.51,6661.28,6637.64,6659.44,12.92,+0.19%,0
"2025-10-14 11:30",6619.4,6652.63,6619.28,6646.52,27.15,+0.41%,0
"2025-10-14 11:00",6620.01,6633.36,6618.42,6619.37,-0.63,-0.01%,0
"2025-10-14 10:30",6621.02,6625.2,6613.75,6620,-1.04,-0.02%,0
"2025-10-14 10:00",6590.29,6621.69,6588.42,6621.04,30.22,+0.46%,0
"2025-10-14 09:30",6602.49,6602.49,6555.07,6590.82,-63.9,-0.96%,0
"2025-10-13 16:30",6654.72,6654.72,6654.72,6654.72,0,0.00%,0
"2025-10-13 16:00",6653.89,6654.72,6653.89,6654.72,0.81,+0.01%,0
"2025-10-13 15:30",6651.04,6659.31,6649.74,6653.91,2.85,+0.04%,0
"2025-10-13 15:00",6643.5,6656.06,6640.27,6651.06,7.62,+0.11%,0
"2025-10-13 14:30",6662.89,6665.79,6641.92,6643.44,-19.38,-0.29%,0
"2025-10-13 14:00",6655.5,6663.29,6654.77,6662.82,7.48,+0.11%,0
"2025-10-13 13:30",6654.37,6656.02,6647.09,6655.34,0.96,+0.01%,0
"2025-10-13 13:00",6665.42,6668.68,6652.89,6654.38,-11.03,-0.17%,0
"2025-10-13 12:30",6657.64,6666.14,6653.46,6665.41,7.94,+0.12%,0
"2025-10-13 12:00",6652.86,6661.2,6650.26,6657.47,4.64,+0.07%,0
"2025-10-13 11:30",6649.65,6654.09,6645.46,6652.83,3.26,+0.05%,0
"2025-10-13 11:00",6625.09,6651.59,6621.17,6649.57,24.5,+0.37%,0
"2025-10-13 10:30",6631.82,6647.64,6622.49,6625.07,-6.67,-0.10%,0
"2025-10-13 10:00",6651.42,6654.88,6624.47,6631.74,-19.94,-0.30%,0
"2025-10-13 09:30",6622.53,6652.54,6620.71,6651.68,99.17,+1.51%,0
"2025-10-10 17:00",6552.51,6552.51,6552.51,6552.51,0,0.00%,0
"2025-10-10 16:00",6552.6,6552.77,6552.5,6552.51,-0.29,0.00%,0
"2025-10-10 15:30",6581.85,6589.77,6550.78,6552.8,-28.97,-0.44%,0
"2025-10-10 15:00",6594.57,6603.96,6578.05,6581.77,-12.72,-0.19%,0
"2025-10-10 14:30",6613.92,6616.73,6590.79,6594.49,-19.41,-0.29%,0
"2025-10-10 14:00",6618.3,6623.11,6609.31,6613.9,-4.45,-0.07%,0
"2025-10-10 13:30",6620.05,6630.91,6610.86,6618.35,-1.76,-0.03%,0
"2025-10-10 13:00",6613.68,6621.02,6600.37,6620.11,6.26,+0.09%,0
"2025-10-10 12:30",6638.46,6648.8,6611.51,6613.85,-24.52,-0.37%,0
"2025-10-10 12:00",6640.67,6648.33,6625.7,6638.37,-2.37,-0.04%,0
"2025-10-10 11:30",6646.48,6662,6618.1,6640.74,-5.97,-0.09%,0
"2025-10-10 11:00",6713.45,6713.45,6643.72,6646.71,-66.15,-0.99%,0
"2025-10-10 10:30",6748.34,6753.38,6702.26,6712.86,-35.4,-0.52%,0
"2025-10-10 10:00",6752.15,6755.06,6740.93,6748.26,-5.42,-0.08%,0
"2025-10-10 09:30",6740.49,6762.4,6740.49,6753.68,18.57,+0.28%,0
"2025-10-09 16:30",6735.11,6735.11,6735.11,6735.11,0,0.00%,0
"2025-10-09 16:00",6735.22,6735.22,6735.1,6735.11,0.2,0.00%,0
"2025-10-09 15:30",6729.1,6736.45,6728.4,6734.91,5.79,+0.09%,0
"2025-10-09 15:00",6723.11,6730.49,6722.22,6729.12,6,+0.09%,0
"2025-10-09 14:30",6722.07,6724.5,6719.17,6723.12,1.04,+0.02%,0
"2025-10-09 14:00",6726.16,6727.22,6717.59,6722.08,-4.15,-0.06%,0
"2025-10-09 13:30",6718.45,6727.34,6716.17,6726.23,7.77,+0.12%,0
"2025-10-09 13:00",6721.49,6726.79,6717.52,6718.46,-2.98,-0.04%,0
"2025-10-09 12:30",6733.72,6734.86,6720.41,6721.44,-12.29,-0.18%,0
"2025-10-09 12:00",6737.37,6739.78,6729.85,6733.73,-3.7,-0.05%,0
"2025-10-09 11:30",6731.49,6738.72,6724.47,6737.43,5.86,+0.09%,0
"2025-10-09 11:00",6737.16,6742.64,6730.64,6731.57,-5.46,-0.08%,0
"2025-10-09 10:30",6735.91,6738.58,6723.74,6737.03,1.14,+0.02%,0
"2025-10-09 10:00",6742.29,6745.87,6735.18,6735.89,-7.39,-0.11%,0
"2025-10-09 09:30",6760.5,6764.58,6739.38,6743.28,-10.44,-0.15%,0
"2025-10-08 16:30",6753.72,6753.72,6753.72,6753.72,0,0.00%,0
"2025-10-08 16:00",6754.09,6754.17,6753.72,6753.72,0.14,0.00%,0
"2025-10-08 15:30",6753.11,6755.64,6750.51,6753.58,0.45,+0.01%,0
"2025-10-08 15:00",6746.39,6753.96,6745.56,6753.13,6.58,+0.10%,0
"2025-10-08 14:30",6752.24,6752.77,6745.77,6746.55,-5.63,-0.08%,0
"2025-10-08 14:00",6750.98,6755.31,6749.44,6752.18,1.15,+0.02%,0
"2025-10-08 13:30",6753.36,6754.15,6749.67,6751.03,-2.27,-0.03%,0
"2025-10-08 13:00",6750.98,6754.22,6748.8,6753.3,2.33,+0.03%,0
"2025-10-08 12:30",6750.43,6751.65,6746.35,6750.97,0.53,+0.01%,0
"2025-10-08 12:00",6752.29,6754.91,6749.41,6750.44,-1.67,-0.02%,0
"2025-10-08 11:30",6749.45,6754.01,6747.63,6752.11,2.69,+0.04%,0
"2025-10-08 11:00",6741.45,6751.09,6741.05,6749.42,8.01,+0.12%,0
"2025-10-08 10:30",6742.58,6745.43,6737.28,6741.41,-1.08,-0.02%,0
"2025-10-08 10:00",6726.55,6742.77,6726.3,6742.49,15.95,+0.24%,0
"2025-10-08 09:30",6723.87,6730.16,6718.09,6726.54,11.95,+0.18%,0
"2025-10-07 16:30",6714.59,6714.59,6714.59,6714.59,0,0.00%,0
"2025-10-07 16:00",6714.23,6714.65,6714.23,6714.59,0.31,0.00%,0
"2025-10-07 15:30",6709.7,6717.55,6709.25,6714.28,4.58,+0.07%,0
"2025-10-07 15:00",6714.4,6715.16,6709.1,6709.7,-4.65,-0.07%,0
"2025-10-07 14:30",6709.8,6714.54,6709.12,6714.35,4.7,+0.07%,0
"2025-10-07 14:00",6707.21,6712.91,6702.18,6709.65,2.46,+0.04%,0
"2025-10-07 13:30",6713.44,6715.92,6707.06,6707.19,-6.28,-0.09%,0
"2025-10-07 13:00",6707.23,6717.38,6706.18,6713.47,6.25,+0.09%,0
"2025-10-07 12:30",6707.73,6719.21,6705.68,6707.22,-0.56,-0.01%,0
"2025-10-07 12:00",6706.25,6711.66,6700.43,6707.78,1.68,+0.03%,0
"2025-10-07 11:30",6715.61,6716.78,6699.96,6706.1,-9.5,-0.14%,0
"2025-10-07 11:00",6732.71,6733.83,6710.96,6715.6,-17.08,-0.25%,0
"2025-10-07 10:30",6736.74,6739.96,6729.87,6732.68,-4.01,-0.06%,0
"2025-10-07 10:00",6745.76,6747.28,6736.46,6736.69,-8.55,-0.13%,0
"2025-10-07 09:30",6746.14,6754.49,6743.85,6745.24,4.96,+0.07%,0
"2025-10-06 16:30",6740.28,6740.28,6740.28,6740.28,0,0.00%,0
"2025-10-06 16:00",6740.27,6740.35,6740.27,6740.28,-0.01,0.00%,0
"2025-10-06 15:30",6741.39,6745.08,6739.62,6740.29,-1.15,-0.02%,0
"2025-10-06 15:00",6745.56,6745.93,6740.45,6741.44,-4.07,-0.06%,0
"2025-10-06 14:30",6746.81,6749.52,6744.3,6745.51,-1.24,-0.02%,0
"2025-10-06 14:00",6747.49,6749.04,6745.16,6746.75,-0.95,-0.01%,0
"2025-10-06 13:30",6745.02,6748.18,6742.27,6747.7,2.68,+0.04%,0
"2025-10-06 13:00",6741.42,6747.63,6737.51,6745.02,3.63,+0.05%,0
"2025-10-06 12:30",6742.42,6742.55,6738.13,6741.39,-1.08,-0.02%,0
"2025-10-06 12:00",6742.83,6743.37,6737.21,6742.47,-0.29,0.00%,0
"2025-10-06 11:30",6735.51,6743.61,6734.92,6742.76,7.37,+0.11%,0
"2025-10-06 11:00",6731.46,6737.99,6730.82,6735.39,4.06,+0.06%,0
"2025-10-06 10:30",6728.94,6732.62,6725.85,6731.33,2.34,+0.03%,0
"2025-10-06 10:00",6723.21,6731,6717.78,6728.99,5.88,+0.09%,0
"2025-10-06 09:30",6733.86,6738.75,6722.52,6723.11,7.32,+0.11%,0
"2025-10-03 17:00",6715.79,6715.79,6715.79,6715.79,0,0.00%,0
"2025-10-03 16:00",6715.82,6715.93,6715.78,6715.79,-0.07,0.00%,0
"2025-10-03 15:30",6720.57,6726.2,6712.67,6715.86,-4.77,-0.07%,0
"2025-10-03 15:00",6722.82,6726.75,6719.16,6720.63,-2.2,-0.03%,0
"2025-10-03 14:30",6729.76,6730.79,6717.4,6722.83,-6.91,-0.10%,0
"2025-10-03 14:00",6716.17,6731.18,6706.87,6729.74,13.52,+0.20%,0
"2025-10-03 13:30",6728.09,6733.59,6705.67,6716.22,-11.92,-0.18%,0
"2025-10-03 13:00",6746.56,6746.56,6727.92,6728.14,-18.46,-0.27%,0
"2025-10-03 12:30",6748.81,6749.44,6744.3,6746.6,-2.28,-0.03%,0
"2025-10-03 12:00",6749.14,6750.87,6746.55,6748.88,-0.34,-0.01%,0
"2025-10-03 11:30",6742.28,6750.35,6738.03,6749.22,6.94,+0.10%,0
"2025-10-03 11:00",6746,6746,6740.12,6742.28,-3.75,-0.06%,0
"2025-10-03 10:30",6738.19,6747.51,6737.62,6746.03,7.76,+0.12%,0
"2025-10-03 10:00",6731.63,6739.87,6724.5,6738.27,5.85,+0.09%,0
"2025-10-03 09:30",6722.14,6740.68,6722.14,6732.42,17.07,+0.25%,0
"2025-10-02 17:00",6715.35,6715.35,6715.35,6715.35,0,0.00%,0
"2025-10-02 16:00",6715.58,6715.76,6715.35,6715.35,-0.45,-0.01%,0
"2025-10-02 15:30",6720.1,6720.15,6712.82,6715.8,-4.29,-0.06%,0
"2025-10-02 15:00",6719.29,6721.7,6717.86,6720.09,0.77,+0.01%,0
"2025-10-02 14:30",6721.48,6722.68,6717.94,6719.32,-2.14,-0.03%,0
"2025-10-02 14:00",6714.51,6722.03,6714.05,6721.46,7.03,+0.10%,0
"2025-10-02 13:30",6710.35,6715.8,6708.9,6714.43,4.02,+0.06%,0
"2025-10-02 13:00",6709.6,6711.79,6704.98,6710.41,0.81,+0.01%,0
"2025-10-02 12:30",6706.63,6710.79,6700.91,6709.6,2.88,+0.04%,0
"2025-10-02 12:00",6708.23,6708.23,6701.53,6706.72,-1.56,-0.02%,0
"2025-10-02 11:30",6701.51,6708.97,6693.23,6708.28,6.77,+0.10%,0
"2025-10-02 11:00",6700.49,6706.01,6695.07,6701.51,1.1,+0.02%,0
"2025-10-02 10:30",6711.62,6714.67,6699.99,6700.41,-11.14,-0.17%,0
"2025-10-02 10:00",6720.48,6720.48,6707.76,6711.55,-7.87,-0.12%,0
"2025-10-02 09:30",6731.31,6731.94,6711.76,6719.42,8.22,+0.12%,0
"2025-10-01 16:30",6711.2,6711.2,6711.2,6711.2,0,0.00%,0
"2025-10-01 16:00",6710.62,6711.22,6710.62,6711.2,0.28,0.00%,0
"2025-10-01 15:30",6715.69,6717.54,6710.71,6710.92,-4.8,-0.07%,0
"2025-10-01 15:00",6716.05,6718.48,6712,6715.72,-0.36,-0.01%,0
"2025-10-01 14:30",6712.64,6718.21,6712.37,6716.08,3.44,+0.05%,0
"2025-10-01 14:00",6704.67,6714.1,6704.23,6712.64,7.83,+0.12%,0
"2025-10-01 13:30",6704.51,6704.95,6701.2,6704.81,0.38,+0.01%,0
"2025-10-01 13:00",6694.51,6705.82,6693.68,6704.43,9.84,+0.15%,0
"2025-10-01 12:30",6694.6,6695.99,6690.06,6694.59,-0.1,0.00%,0
"2025-10-01 12:00",6695.63,6697.12,6691.66,6694.69,-0.91,-0.01%,0
"2025-10-01 11:30",6688.5,6697.18,6688.38,6695.6,7.03,+0.11%,0
"2025-10-01 11:00",6683.35,6689.65,6682.66,6688.57,5.23,+0.08%,0
"2025-10-01 10:30",6680.72,6685.52,6678.49,6683.34,2.53,+0.04%,0
"2025-10-01 10:00",6662.08,6682.63,6659.85,6680.81,18.46,+0.28%,0
"2025-10-01 09:30",6664.92,6678.93,6656.2,6662.35,-26.11,-0.39%,0
"2025-09-30 16:30",6688.46,6688.46,6688.46,6688.46,0,0.00%,0
"2025-09-30 16:00",6687.65,6688.46,6687.65,6688.46,1.4,+0.02%,0
"2025-09-30 15:30",6678.81,6691.25,6673.76,6687.06,8.25,+0.12%,0
"2025-09-30 15:00",6669.15,6679.97,6669.02,6678.81,9.63,+0.14%,0
"2025-09-30 14:30",6664,6670.97,6661.59,6669.18,5.23,+0.08%,0
"2025-09-30 14:00",6649.9,6665.01,6649.24,6663.95,14.11,+0.21%,0
"2025-09-30 13:30",6645.93,6655.46,6642.89,6649.84,3.87,+0.06%,0
"2025-09-30 13:00",6653.25,6653.68,6642.71,6645.97,-7.24,-0.11%,0
"2025-09-30 12:30",6658.75,6661.38,6651.36,6653.21,-5.49,-0.08%,0
"2025-09-30 12:00",6655.17,6665.15,6651.5,6658.7,3.53,+0.05%,0
"2025-09-30 11:30",6646.76,6656.72,6643.98,6655.17,8.41,+0.13%,0
"2025-09-30 11:00",6657.18,6660.53,6641,6646.76,-10.34,-0.16%,0
"2025-09-30 10:30",6653.26,6658.22,6641.73,6657.1,3.92,+0.06%,0
"2025-09-30 10:00",6657.92,6661.57,6647.58,6653.18,-4.75,-0.07%,0
"2025-09-30 09:30",6656.19,6658.21,6644.99,6657.93,-3.28,-0.05%,0
"2025-09-29 16:30",6661.21,6661.21,6661.21,6661.21,0,0.00%,0
"2025-09-29 16:00",6661.22,6661.41,6661.21,6661.21,-0.5,-0.01%,0
"2025-09-29 15:30",6651.5,6663.21,6651.48,6661.71,10.35,+0.16%,0
"2025-09-29 15:00",6658.75,6658.81,6644.49,6651.36,-7.33,-0.11%,0
"2025-09-29 14:30",6660.44,6661.25,6656.5,6658.69,-1.71,-0.03%,0
"2025-09-29 14:00",6655.08,6661.36,6654.53,6660.4,5.36,+0.08%,0
"2025-09-29 13:30",6650.93,6656.08,6647.93,6655.04,4.14,+0.06%,0
"2025-09-29 13:00",6656.08,6656.21,6649.36,6650.9,-5.17,-0.08%,0
"2025-09-29 12:30",6660.21,6662.42,6654.16,6656.07,-4.15,-0.06%,0
"2025-09-29 12:00",6657.99,6663.31,6654.76,6660.22,2.37,+0.04%,0
"2025-09-29 11:30",6661.45,6662.3,6653.89,6657.85,-3.63,-0.05%,0
"2025-09-29 11:00",6670.17,6671.69,6658.32,6661.48,-8.8,-0.13%,0
"2025-09-29 10:30",6673.16,6677.27,6668.82,6670.28,-2.85,-0.04%,0
"2025-09-29 10:00",6670.92,6677.31,6665.73,6673.13,2.04,+0.03%,0
"2025-09-29 09:30",6661.58,6672.23,6661.58,6671.09,27.39,+0.41%,0
"2025-09-26 16:30",6643.7,6643.7,6643.7,6643.7,0,0.00%,0
"2025-09-26 16:00",6643.67,6643.75,6643.67,6643.7,0.16,0.00%,0
"2025-09-26 15:30",6641.84,6644.79,6637.28,6643.54,1.71,+0.03%,0
"2025-09-26 15:00",6644.38,6645.25,6639.04,6641.83,-2.56,-0.04%,0
"2025-09-26 14:30",6642.89,6646.9,6640.76,6644.39,1.52,+0.02%,0
"2025-09-26 14:00",6638.94,6645.59,6634.17,6642.87,3.96,+0.06%,0
"2025-09-26 13:30",6641.76,6642.7,6633.74,6638.91,-2.83,-0.04%,0
"2025-09-26 13:00",6639.38,6643.01,6637.32,6641.74,2.31,+0.03%,0
"2025-09-26 12:30",6630.2,6640.25,6626.75,6639.43,9.25,+0.14%,0
"2025-09-26 12:00",6612.88,6633.06,6611.05,6630.18,17.36,+0.26%,0
"2025-09-26 11:30",6624.49,6625.75,6612.74,6612.82,-11.74,-0.18%,0
"2025-09-26 11:00",6610.32,6624.56,6606.81,6624.56,14.47,+0.22%,0
"2025-09-26 10:30",6613.29,6624.83,6607.56,6610.09,-3.21,-0.05%,0
"2025-09-26 10:00",6645.11,6648.97,6604.43,6613.3,-31.61,-0.48%,0
"2025-09-26 09:30",6615.38,6644.91,6615.38,6644.91,40.19,+0.61%,0
"2025-09-25 16:30",6604.72,6604.72,6604.72,6604.72,0,0.00%,0
"2025-09-25 16:00",6604.83,6604.86,6604.72,6604.72,0.52,+0.01%,0
"2025-09-25 15:30",6599.91,6607.86,6596.43,6604.2,4.32,+0.07%,0
"2025-09-25 15:00",6604.7,6605.9,6596.95,6599.88,-4.79,-0.07%,0
"2025-09-25 14:30",6595.5,6607.18,6592.55,6604.67,9.07,+0.14%,0
"2025-09-25 14:00",6581.59,6596.65,6569.22,6595.6,13.98,+0.21%,0
"2025-09-25 13:30",6598.78,6600.26,6580.95,6581.62,-17.18,-0.26%,0
"2025-09-25 13:00",6604.03,6609.12,6592.21,6598.8,-5.24,-0.08%,0
"2025-09-25 12:30",6605.24,6614.72,6601.88,6604.04,-1.21,-0.02%,0
"2025-09-25 12:00",6614.99,6618.18,6604.87,6605.25,-9.63,-0.15%,0
"2025-09-25 11:30",6600.38,6619,6600.38,6614.88,14.38,+0.22%,0
"2025-09-25 11:00",6613.42,6613.62,6598.32,6600.5,-13.,-0.20%,0
"2025-09-25 10:30",6610.79,6616.58,6608.24,6613.5,2.73,+0.04%,0
"2025-09-25 10:00",6583.01,6617.01,6581.38,6610.77,28.41,+0.43%,0
"2025-09-25 09:30",6608.19,6608.19,6575.04,6582.36,-55.61,-0.84%,0
"2025-09-24 16:30",6637.97,6637.97,6637.97,6637.97,0,0.00%,0
"2025-09-24 16:00",6636.99,6637.98,6636.99,6637.97,1.29,+0.02%,0
"2025-09-24 15:30",6633.69,6639.74,6630.72,6636.68,3.11,+0.05%,0
"2025-09-24 15:00",6637.09,6637.3,6631.76,6633.57,-3.48,-0.05%,0
"2025-09-24 14:30",6629.88,6637.61,6628.95,6637.05,7.22,+0.11%,0
"2025-09-24 14:00",6631.67,6632.46,6625.75,6629.83,-1.82,-0.03%,0
"2025-09-24 13:30",6639.5,6643.59,6630.39,6631.65,-7.83,-0.12%,0
"2025-09-24 13:00",6631.11,6642.14,6630.55,6639.48,8.36,+0.13%,0
"2025-09-24 12:30",6634.74,6636.45,6630.52,6631.12,-3.61,-0.05%,0
"2025-09-24 12:00",6628.88,6636.38,6621.76,6634.73,5.84,+0.09%,0
"2025-09-24 11:30",6652.82,6653.02,6628.56,6628.89,-24.06,-0.36%,0
"2025-09-24 11:00",6655.33,6657.36,6650.29,6652.95,-2.33,-0.04%,0
"2025-09-24 10:30",6657.73,6662.14,6654.19,6655.28,-2.58,-0.04%,0
"2025-09-24 10:00",6656.38,6660.21,6652.54,6657.86,0.95,+0.01%,0
"2025-09-24 09:30",6669.79,6672.66,6649.49,6656.91,-0.01,0.00%,0
"2025-09-23 16:30",6656.92,6656.92,6656.92,6656.92,0,0.00%,0
"2025-09-23 16:00",6657.81,6657.81,6656.92,6656.92,-1.17,-0.02%,0
"2025-09-23 15:30",6649.48,6661.59,6648.95,6658.09,8.61,+0.13%,0
"2025-09-23 15:00",6647.08,6653.91,6646.93,6649.48,2.45,+0.04%,0
"2025-09-23 14:30",6652.17,6658.93,6646,6647.03,-5.21,-0.08%,0
"2025-09-23 14:00",6658.48,6659.57,6647.51,6652.24,-6.21,-0.09%,0
"2025-09-23 13:30",6663.87,6664.2,6645.58,6658.45,-5.38,-0.08%,0
"2025-09-23 13:00",6678.08,6678.98,6663.69,6663.83,-14.23,-0.21%,0
"2025-09-23 12:30",6678.62,6684.74,6675.64,6678.06,-0.62,-0.01%,0
"2025-09-23 12:00",6681.9,6683.04,6676.22,6678.68,-3.24,-0.05%,0
"2025-09-23 11:30",6687.9,6688.35,6681.63,6681.92,-6.03,-0.09%,0
"2025-09-23 11:00",6689.07,6690.9,6686.72,6687.95,-1.23,-0.02%,0
"2025-09-23 10:30",6692.34,6693.48,6687.39,6689.18,-3.03,-0.05%,0
"2025-09-23 10:00",6695.05,6699.21,6689.87,6692.21,-2.61,-0.04%,0
"2025-09-23 09:30",6692.44,6699.52,6691.47,6694.82,1.07,+0.02%,0
"2025-09-22 16:30",6693.75,6693.75,6693.75,6693.75,0,0.00%,0
"2025-09-22 16:00",6693.83,6693.94,6693.75,6693.75,-0.01,0.00%,0
"2025-09-22 15:30",6697.91,6698.88,6693.76,6693.76,-4.21,-0.06%,0
"2025-09-22 15:00",6694.4,6698.78,6694.23,6697.97,3.67,+0.05%,0
"2025-09-22 14:30",6692.43,6694.73,6691.34,6694.3,1.83,+0.03%,0
"2025-09-22 14:00",6689.81,6692.76,6687.25,6692.47,2.53,+0.04%,0
"2025-09-22 13:30",6691.55,6694.37,6688.98,6689.94,-1.66,-0.02%,0
"2025-09-22 13:00",6690.68,6691.99,6687.09,6691.6,1.11,+0.02%,0
"2025-09-22 12:30",6685.47,6691.71,6684.65,6690.49,4.96,+0.07%,0
"2025-09-22 12:00",6672.38,6686.44,6672.22,6685.53,12.97,+0.19%,0
"2025-09-22 11:30",6676.04,6676.82,6671.46,6672.56,-3.46,-0.05%,0
"2025-09-22 11:00",6676.79,6679.36,6673.57,6676.02,-0.87,-0.01%,0
"2025-09-22 10:30",6667.52,6677.3,6665.61,6676.89,9.26,+0.14%,0
"2025-09-22 10:00",6660.49,6667.84,6657.91,6667.63,6.63,+0.10%,0
"2025-09-22 09:30",6654.28,6661.84,6648.07,6661,-3.36,-0.05%,0
"2025-09-19 17:00",6664.36,6664.36,6664.36,6664.36,0,0.00%,0
"2025-09-19 16:00",6663.05,6664.42,6663.05,6664.36,1.52,+0.02%,0
"2025-09-19 15:30",6664.37,6671.82,6660.13,6662.84,-1.54,-0.02%,0
"2025-09-19 15:00",6657.25,6666.5,6656.87,6664.38,7.14,+0.11%,0
"2025-09-19 14:30",6651.65,6657.24,6650.69,6657.24,5.65,+0.08%,0
"2025-09-19 14:00",6653.47,6654.45,6649.8,6651.59,-1.83,-0.03%,0
"2025-09-19 13:30",6651.07,6655,6650.89,6653.42,2.29,+0.03%,0
"2025-09-19 13:00",6651.76,6652.86,6648.38,6651.13,-0.74,-0.01%,0
"2025-09-19 12:30",6651.3,6653.98,6647.57,6651.87,0.58,+0.01%,0
"2025-09-19 12:00",6641.98,6652.74,6641.64,6651.29,9.37,+0.14%,0
"2025-09-19 11:30",6634.07,6642.49,6630.31,6641.92,7.79,+0.12%,0
"2025-09-19 11:00",6642.23,6645.23,6632.73,6634.13,-8.1,-0.12%,0
"2025-09-19 10:30",6645.54,6648.22,6635.85,6642.23,-3.34,-0.05%,0
"2025-09-19 10:00",6647.4,6650.25,6643.32,6645.57,-2.22,-0.03%,0
"2025-09-19 09:30",6647.11,6653.94,6639.67,6647.79,15.83,+0.24%,0
"2025-09-18 17:30",6631.96,6631.96,6631.96,6631.96,0,0.00%,0
"2025-09-18 16:00",6631.82,6631.97,6631.82,6631.96,0.79,+0.01%,0
"2025-09-18 15:30",6635.36,6638.34,6627.92,6631.17,-4.21,-0.06%,0
"2025-09-18 15:00",6640.96,6642.67,6635.21,6635.38,-5.64,-0.08%,0
"2025-09-18 14:30",6636.67,6643.29,6632.5,6641.02,4.34,+0.07%,0
"2025-09-18 14:00",6636.49,6641.67,6634.7,6636.68,0.18,0.00%,0
"2025-09-18 13:30",6641.88,6642.35,6633.81,6636.5,-5.38,-0.08%,0
"2025-09-18 13:00",6648.6,6650.54,6641.33,6641.88,-6.75,-0.10%,0
"2025-09-18 12:30",6642.69,6650,6642.64,6648.63,6.01,+0.09%,0
"2025-09-18 12:00",6634.2,6643.23,6632.04,6642.62,8.32,+0.13%,0
"2025-09-18 11:30",6641.24,6647.52,6630.9,6634.3,-6.95,-0.10%,0
"2025-09-18 11:00",6636.25,6647.3,6634.64,6641.25,5.16,+0.08%,0
"2025-09-18 10:30",6652.63,6656.8,6635.66,6636.09,-16.53,-0.25%,0
"2025-09-18 10:00",6628.91,6653.61,6628.91,6652.62,24.38,+0.37%,0
"2025-09-18 09:30",6626.85,6632.64,6611.89,6628.24,27.89,+0.42%,0
"2025-09-17 16:30",6600.35,6600.35,6600.35,6600.35,0,0.00%,0
"2025-09-17 16:00",6600.02,6600.43,6600.02,6600.35,-0.54,-0.01%,0
"2025-09-17 15:30",6610.7,6612.81,6593.61,6600.89,-9.76,-0.15%,0
"2025-09-17 15:00",6584.94,6614.8,6583.8,6610.65,25.81,+0.39%,0
"2025-09-17 14:30",6611.28,6612.93,6551.15,6584.84,-26.22,-0.40%,0
"2025-09-17 14:00",6603.83,6624.39,6579.89,6611.06,7.37,+0.11%,0
"2025-09-17 13:30",6594.4,6603.69,6594.4,6603.69,9.26,+0.14%,0
"2025-09-17 13:00",6590.85,6595.21,6590.85,6594.43,3.59,+0.05%,0
"2025-09-17 12:30",6597.15,6597.5,6589.22,6590.84,-6.34,-0.10%,0
"2025-09-17 12:00",6600.47,6601.04,6596.01,6597.18,-3.29,-0.05%,0
"2025-09-17 11:30",6597.38,6601.34,6596.63,6600.47,3.05,+0.05%,0
"2025-09-17 11:00",6600.58,6604.7,6596.93,6597.42,-3.16,-0.05%,0
"2025-09-17 10:30",6599.04,6603.54,6598.04,6600.58,1.42,+0.02%,0
"2025-09-17 10:00",6606.09,6606.96,6598.46,6599.16,-6.58,-0.10%,0
"2025-09-17 09:30",6604.87,6613.71,6603.34,6605.74,-1.02,-0.02%,0
"2025-09-16 16:30",6606.76,6606.76,6606.76,6606.76,0,0.00%,0
"2025-09-16 16:00",6606.43,6606.95,6606.43,6606.76,0.12,0.00%,0
"2025-09-16 15:30",6609.24,6614.7,6605.36,6606.64,-2.63,-0.04%,0
"2025-09-16 15:00",6614.27,6615.39,6608.69,6609.27,-5.01,-0.08%,0
"2025-09-16 14:30",6609.75,6615.64,6609.12,6614.28,4.55,+0.07%,0
"2025-09-16 14:00",6610.2,6611.86,6608.25,6609.73,-0.43,-0.01%,0
"2025-09-16 13:30",6610.67,6611.48,6607.18,6610.16,-0.52,-0.01%,0
"2025-09-16 13:00",6607.32,6612.49,6606.93,6610.68,3.3,+0.05%,0
"2025-09-16 12:30",6607.31,6609.04,6603.14,6607.38,0.09,0.00%,0
"2025-09-16 12:00",6604.92,6607.76,6603.38,6607.29,2.42,+0.04%,0
"2025-09-16 11:30",6604.4,6607.37,6600.11,6604.87,0.58,+0.01%,0
"2025-09-16 11:00",6606.6,6609.09,6602.17,6604.29,-2.29,-0.03%,0
"2025-09-16 10:30",6607.64,6610.98,6605.03,6606.58,-1.07,-0.02%,0
"2025-09-16 10:00",6610.42,6612.99,6603.88,6607.65,-3.15,-0.05%,0
"2025-09-16 09:30",6624.13,6626.99,6608.13,6610.8,-4.48,-0.07%,0
"2025-09-15 16:30",6615.28,6615.28,6615.28,6615.28,0,0.00%,0
"2025-09-15 16:00",6616.31,6616.31,6615.28,6615.28,-0.69,-0.01%,0
"2025-09-15 15:30",6609.05,6616.88,6606.17,6615.97,6.88,+0.10%,0
"2025-09-15 15:00",6608.1,6609.75,6605.5,6609.09,1.06,+0.02%,0
"2025-09-15 14:30",6607.23,6609.51,6602.07,6608.03,0.84,+0.01%,0
"2025-09-15 14:00",6614.15,6614.18,6607.19,6607.19,-7.06,-0.11%,0
"2025-09-15 13:30",6606.14,6614.87,6605.79,6614.25,8.14,+0.12%,0
"2025-09-15 13:00",6610.22,6612.6,6604.18,6606.11,-4.24,-0.06%,0
"2025-09-15 12:30",6614.56,6616.93,6609.35,6610.35,-4.18,-0.06%,0
"2025-09-15 12:00",6614.73,6617.84,6612.97,6614.53,-0.3,0.00%,0
"2025-09-15 11:30",6612.51,6617,6611.32,6614.83,2.26,+0.03%,0
"2025-09-15 11:00",6618.65,6619.62,6611.51,6612.57,-6.03,-0.09%,0
"2025-09-15 10:30",6615.59,6618.88,6612.69,6618.6,3.06,+0.05%,0
"2025-09-15 10:00",6615.94,6617.01,6608.54,6615.54,-0.08,0.00%,0
"2025-09-15 09:30",6603.49,6615.98,6602.49,6615.62,31.33,+0.48%,0
"2025-09-12 16:30",6584.29,6584.29,6584.29,6584.29,0,0.00%,0
"2025-09-12 16:00",6584,6584.42,6584,6584.29,0.32,0.00%,0
"2025-09-12 15:30",6591.45,6593.46,6579.49,6583.97,-7.51,-0.11%,0
"2025-09-12 15:00",6597.69,6599.08,6590.88,6591.48,-6.2,-0.09%,0
"2025-09-12 14:30",6594.4,6600.21,6593.57,6597.68,3.3,+0.05%,0
"2025-09-12 14:00",6593.68,6594.95,6591.85,6594.38,0.75,+0.01%,0
"2025-09-12 13:30",6590.72,6594.54,6588.51,6593.63,2.91,+0.04%,0
"2025-09-12 13:00",6590.31,6592.45,6587.62,6590.72,0.48,+0.01%,0
"2025-09-12 12:30",6590.58,6591.96,6586.53,6590.24,-0.35,-0.01%,0
"2025-09-12 12:00",6585.61,6590.59,6583.21,6590.59,4.86,+0.07%,0
"2025-09-12 11:30",6586.25,6588.3,6582.13,6585.73,-0.54,-0.01%,0
"2025-09-12 11:00",6593.27,6594.2,6586.21,6586.27,-7.15,-0.11%,0
"2025-09-12 10:30",6589.05,6594.22,6587.11,6593.42,4.38,+0.07%,0
"2025-09-12 10:00",6590.7,6591.73,6583.49,6589.04,-1.6,-0.02%,0
"2025-09-12 09:30",6590.66,6590.79,6580.48,6590.64,3.17,+0.05%,0
"2025-09-11 16:30",6587.47,6587.47,6587.47,6587.47,0,0.00%,0
"2025-09-11 16:00",6586.74,6587.47,6586.74,6587.47,0.77,+0.01%,0
"2025-09-11 15:30",6587.27,6592.89,6585.46,6586.7,-0.61,-0.01%,0
"2025-09-11 15:00",6584.81,6587.79,6583.63,6587.31,2.51,+0.04%,0
"2025-09-11 14:30",6583,6586.93,6581.59,6584.8,1.9,+0.03%,0
"2025-09-11 14:00",6585.33,6586.17,6581.75,6582.9,-2.45,-0.04%,0
"2025-09-11 13:30",6581.13,6585.51,6580.09,6585.35,4.1,+0.06%,0
"2025-09-11 13:00",6581.26,6585.19,6579.13,6581.25,0.08,0.00%,0
"2025-09-11 12:30",6583.38,6584.93,6578.51,6581.17,-2.17,-0.03%,0
"2025-09-11 12:00",6581.53,6587.08,6581.04,6583.34,1.8,+0.03%,0
"2025-09-11 11:30",6583.97,6586.75,6576.85,6581.54,-2.43,-0.04%,0
"2025-09-11 11:00",6576.79,6585.42,6575.6,6583.97,7.18,+0.11%,0
"2025-09-11 10:30",6569.17,6580.25,6568.75,6576.79,7.68,+0.12%,0
"2025-09-11 10:00",6565.35,6572.09,6563.18,6569.11,3.98,+0.06%,0
"2025-09-11 09:30",6554.41,6566.03,6545.8,6565.13,33.09,+0.51%,0
"2025-09-10 16:30",6532.04,6532.04,6532.04,6532.04,0,0.00%,0
"2025-09-10 16:00",6531.71,6532.32,6531.71,6532.04,0.14,0.00%,0
"2025-09-10 15:30",6518.43,6536.69,6517.13,6531.9,13.49,+0.21%,0
"2025-09-10 15:00",6529.7,6531.15,6516.34,6518.41,-11.31,-0.17%,0
"2025-09-10 14:30",6526.26,6530.79,6523.74,6529.72,3.52,+0.05%,0
"2025-09-10 14:00",6533.32,6533.77,6523.75,6526.2,-7.12,-0.11%,0
"2025-09-10 13:30",6532.74,6537.18,6529.49,6533.32,0.55,+0.01%,0
"2025-09-10 13:00",6539.92,6544.58,6531.4,6532.77,-7.17,-0.11%,0
"2025-09-10 12:30",6537.08,6540.51,6532.03,6539.94,2.89,+0.04%,0
"2025-09-10 12:00",6543.18,6544.17,6536.41,6537.05,-6.17,-0.09%,0
"2025-09-10 11:30",6538.04,6546.3,6533.56,6543.22,5.18,+0.08%,0
"2025-09-10 11:00",6544.18,6545.96,6534.27,6538.04,-6.11,-0.09%,0
"2025-09-10 10:30",6549.28,6550.46,6543.19,6544.15,-4.98,-0.08%,0
"2025-09-10 10:00",6546.37,6555.97,6545.55,6549.13,2.9,+0.04%,0
"2025-09-10 09:30",6550.29,6550.29,6536.61,6546.23,33.62,+0.52%,0
"2025-09-09 16:30",6512.61,6512.61,6512.61,6512.61,0,0.00%,0
"2025-09-09 16:00",6512.66,6512.67,6512.61,6512.61,0.21,0.00%,0
"2025-09-09 15:30",6510.71,6518.23,6506.71,6512.4,1.78,+0.03%,0
"2025-09-09 15:00",6508.6,6511.32,6505.37,6510.62,1.97,+0.03%,0
"2025-09-09 14:30",6508.23,6510.78,6506.09,6508.65,0.56,+0.01%,0
"2025-09-09 14:00",6507.83,6509.8,6505.39,6508.09,0.34,+0.01%,0
"2025-09-09 13:30",6505.8,6509.4,6504.68,6507.75,1.89,+0.03%,0
"2025-09-09 13:00",6500.8,6508.05,6500.4,6505.86,5.03,+0.08%,0
"2025-09-09 12:30",6498.82,6501.95,6497.66,6500.83,2.06,+0.03%,0
"2025-09-09 12:00",6493.29,6501.03,6492.36,6498.77,5.47,+0.08%,0
"2025-09-09 11:30",6497.74,6498.08,6490.59,6493.3,-4.63,-0.07%,0
"2025-09-09 11:00",6493.54,6498.14,6488.29,6497.93,4.28,+0.07%,0
"2025-09-09 10:30",6497.7,6497.99,6483.08,6493.65,-4.15,-0.06%,0
"2025-09-09 10:00",6500.52,6507.1,6494.64,6497.8,-2.44,-0.04%,0
"2025-09-09 09:30",6503.33,6505.32,6495.79,6500.24,5.09,+0.08%,0
"2025-09-08 16:30",6495.15,6495.15,6495.15,6495.15,0,0.00%,0
"2025-09-08 16:00",6496.1,6496.1,6495.15,6495.15,-0.91,-0.01%,0
"2025-09-08 15:30",6485.69,6496.84,6484.84,6496.06,10.37,+0.16%,0
"2025-09-08 15:00",6492.64,6492.64,6484.18,6485.69,-6.91,-0.11%,0
"2025-09-08 14:30",6493.94,6495.61,6489.66,6492.6,-1.35,-0.02%,0
"2025-09-08 14:00",6485.91,6494.66,6484.32,6493.95,8.03,+0.12%,0
"2025-09-08 13:30",6495.08,6496.53,6483.29,6485.92,-9.11,-0.14%,0
"2025-09-08 13:00",6495.22,6497.53,6490.17,6495.03,-0.15,0.00%,0
"2025-09-08 12:30",6496.56,6497.81,6488.63,6495.18,-1.41,-0.02%,0
"2025-09-08 12:00",6504.34,6504.53,6494.47,6496.59,-7.62,-0.12%,0
"2025-09-08 11:30",6507.98,6508.67,6495.45,6504.21,-3.75,-0.06%,0
"2025-09-08 11:00",6503.9,6508.1,6501.67,6507.96,4.12,+0.06%,0
"2025-09-08 10:30",6498.38,6507.46,6497.37,6503.84,5.36,+0.08%,0
"2025-09-08 10:00",6494.04,6499.01,6487.73,6498.48,3.53,+0.05%,0
"2025-09-08 09:30",6498.09,6501.68,6490.43,6494.95,13.45,+0.21%,0
"2025-09-05 16:30",6481.5,6481.5,6481.5,6481.5,0,0.00%,0
"2025-09-05 16:00",6481.56,6481.79,6481.5,6481.5,-0.66,-0.01%,0
"2025-09-05 15:30",6482.03,6482.24,6472.42,6482.16,0.18,0.00%,0
"2025-09-05 15:00",6473.79,6484.25,6470.03,6481.98,8.18,+0.13%,0
"2025-09-05 14:30",6467.27,6473.8,6467.27,6473.8,6.42,+0.10%,0
"2025-09-05 14:00",6461.8,6469.98,6459.76,6467.38,5.61,+0.09%,0
"2025-09-05 13:30",6469.2,6470.72,6457.25,6461.77,-7.36,-0.11%,0
"2025-09-05 13:00",6475.06,6475.86,6464.81,6469.13,-5.9,-0.09%,0
"2025-09-05 12:30",6467.91,6475.03,6463.37,6475.03,7.21,+0.11%,0
"2025-09-05 12:00",6467.5,6478.22,6464.18,6467.82,0.35,+0.01%,0
"2025-09-05 11:30",6473.09,6479.7,6464.91,6467.47,-5.42,-0.08%,0
"2025-09-05 11:00",6452.4,6473.31,6443.98,6472.89,20.36,+0.32%,0
"2025-09-05 10:30",6475.76,6476.98,6451.93,6452.53,-23.34,-0.36%,0
"2025-09-05 10:00",6520.8,6520.8,6471.69,6475.87,-45.4,-0.70%,0
"2025-09-05 09:30",6529.08,6532.65,6515.54,6521.27,19.19,+0.30%,0
"2025-09-04 16:30",6502.08,6502.08,6502.08,6502.08,0,0.00%,0
"2025-09-04 16:00",6501.74,6502.12,6501.74,6502.08,0.58,+0.01%,0
"2025-09-04 15:30",6490.44,6502.54,6489.53,6501.5,11.01,+0.17%,0
"2025-09-04 15:00",6487.37,6493.27,6487,6490.49,3.15,+0.05%,0
"2025-09-04 14:30",6483.14,6488,6482.69,6487.34,4.18,+0.06%,0
"2025-09-04 14:00",6483.13,6487.05,6482.98,6483.16,0.01,0.00%,0
"2025-09-04 13:30",6479.49,6485.64,6477.18,6483.15,3.61,+0.06%,0
"2025-09-04 13:00",6470.33,6480.39,6470.11,6479.54,9.24,+0.14%,0
"2025-09-04 12:30",6470.31,6475.43,6469.48,6470.3,-0.02,0.00%,0
"2025-09-04 12:00",6473.48,6476.4,6469.34,6470.32,-3.25,-0.05%,0
"2025-09-04 11:30",6473.46,6476.75,6469.62,6473.57,0.03,0.00%,0
"2025-09-04 11:00",6467.19,6475.54,6464.06,6473.54,6.37,+0.10%,0
"2025-09-04 10:30",6459.92,6468.73,6459.73,6467.17,7.38,+0.11%,0
"2025-09-04 10:00",6459.93,6462.05,6445.98,6459.79,-0.09,0.00%,0
"2025-09-04 09:30",6456.6,6464.28,6453.58,6459.88,11.62,+0.18%,0
"2025-09-03 16:30",6448.26,6448.26,6448.26,6448.26,0,0.00%,0
"2025-09-03 16:00",6448.04,6448.29,6448,6448.26,0.45,+0.01%,0
"2025-09-03 15:30",6421.7,6447.81,6421.7,6447.81,26.04,+0.41%,0
"2025-09-03 15:00",6420.28,6423.4,6417.4,6421.77,1.53,+0.02%,0
"2025-09-03 14:30",6423.03,6423.63,6416.17,6420.24,-2.82,-0.04%,0
"2025-09-03 14:00",6421.38,6423.96,6417.19,6423.06,1.63,+0.03%,0
"2025-09-03 13:30",6433.9,6435.36,6417.94,6421.43,-12.66,-0.20%,0
"2025-09-03 13:00",6429.93,6439.79,6429.8,6434.09,4.32,+0.07%,0
"2025-09-03 12:30",6435.99,6436.76,6426.06,6429.77,-6.21,-0.10%,0
"2025-09-03 12:00",6435.14,6442.56,6432.09,6435.98,0.77,+0.01%,0
"2025-09-03 11:30",6435.78,6441.09,6433.33,6435.21,-0.49,-0.01%,0
"2025-09-03 11:00",6451.46,6453.67,6435.02,6435.7,-15.79,-0.24%,0
"2025-09-03 10:30",6435.59,6453.6,6435.59,6451.49,16.08,+0.25%,0
"2025-09-03 10:00",6432.46,6443.75,6428.1,6435.41,3.7,+0.06%,0
"2025-09-03 09:30",6445.82,6445.82,6430.57,6431.71,16.17,+0.25%,0
"2025-09-02 16:30",6415.54,6415.54,6415.54,6415.54,0,0.00%,0
"2025-09-02 16:00",6414.63,6415.55,6414.63,6415.54,0.59,+0.01%,0
"2025-09-02 15:30",6402.61,6416.54,6402.09,6414.95,12.36,+0.19%,0
"2025-09-02 15:00",6392.18,6404.12,6391.64,6402.59,10.39,+0.16%,0
"2025-09-02 14:30",6388.56,6400.22,6385.1,6392.2,3.66,+0.06%,0
"2025-09-02 14:00",6395.09,6399.14,6388.11,6388.54,-6.61,-0.10%,0
"2025-09-02 13:30",6387.7,6401.5,6387.65,6395.15,7.45,+0.12%,0
"2025-09-02 13:00",6380.41,6389.51,6377.2,6387.7,7.46,+0.12%,0
"2025-09-02 12:30",6367.79,6380.39,6367.77,6380.24,12.41,+0.19%,0
"2025-09-02 12:00",6363.37,6371.61,6361.69,6367.83,4.58,+0.07%,0
"2025-09-02 11:30",6377.21,6377.21,6360.58,6363.25,-14.01,-0.22%,0
"2025-09-02 11:00",6388.21,6390.86,6372.97,6377.26,-11.15,-0.17%,0
"2025-09-02 10:30",6405.46,6406.96,6383.65,6388.41,-17.21,-0.27%,0
"2025-09-02 10:00",6403.53,6412.01,6393.99,6405.62,3.82,+0.06%,0
"2025-09-02 09:30",6401.51,6404.19,6369.57,6401.8,-58.46,-0.90%,0
"2025-08-29 17:30",6460.26,6460.26,6460.26,6460.26,0,0.00%,0
"2025-08-29 16:00",6460.82,6461.07,6460.26,6460.26,-1.56,-0.02%,0
"2025-08-29 15:30",6458.49,6463.88,6450.45,6461.82,3.34,+0.05%,0
"2025-08-29 15:00",6457.58,6462.62,6456.01,6458.48,0.92,+0.01%,0
"2025-08-29 14:30",6455.53,6459.99,6454.8,6457.56,2,+0.03%,0
"2025-08-29 14:00",6459.54,6459.95,6454.17,6455.56,-3.94,-0.06%,0
"2025-08-29 13:30",6452.38,6462.71,6451.34,6459.5,7.26,+0.11%,0
"2025-08-29 13:00",6460.17,6460.17,6447.81,6452.24,-7.98,-0.12%,0
"2025-08-29 12:30",6454.81,6462.87,6454.81,6460.22,5.42,+0.08%,0
"2025-08-29 12:00",6451.31,6460.37,6450.95,6454.8,3.5,+0.05%,0
"2025-08-29 11:30",6457.03,6457.97,6450.28,6451.3,-5.69,-0.09%,0
"2025-08-29 11:00",6450.6,6460.3,6449.88,6456.99,6.58,+0.10%,0
"2025-08-29 10:30",6459.17,6463.37,6444.57,6450.41,-8.7,-0.13%,0
"2025-08-29 10:00",6467.93,6473.55,6449.52,6459.11,-8.89,-0.14%,0
"2025-08-29 09:30",6489.28,6491.76,6466.82,6468,-33.86,-0.52%,0
"2025-08-28 16:30",6501.86,6501.86,6501.86,6501.86,0,0.00%,0
"2025-08-28 16:00",6501.02,6502.02,6501.02,6501.86,-0.45,-0.01%,0
"2025-08-28 15:30",6503,6508.23,6501.18,6502.31,-0.62,-0.01%,0
"2025-08-28 15:00",6503.54,6505.89,6502.09,6502.93,-0.51,-0.01%,0
"2025-08-28 14:30",6500.35,6504.02,6500.35,6503.44,3.1,+0.05%,0
"2025-08-28 14:00",6497.59,6500.49,6497.09,6500.34,2.78,+0.04%,0
"2025-08-28 13:30",6494.95,6498.93,6494.95,6497.56,2.58,+0.04%,0
"2025-08-28 13:00",6490.63,6495.17,6488.63,6494.98,4.43,+0.07%,0
"2025-08-28 12:30",6495.28,6497.35,6490.31,6490.55,-4.65,-0.07%,0
"2025-08-28 12:00",6484.28,6496.19,6483.3,6495.2,10.8,+0.17%,0
"2025-08-28 11:30",6476.28,6485.44,6476.28,6484.4,8,+0.12%,0
"2025-08-28 11:00",6483.07,6490.03,6474.86,6476.4,-7.07,-0.11%,0
"2025-08-28 10:30",6473.35,6485.33,6473.35,6483.47,10,+0.15%,0
"2025-08-28 10:00",6474.42,6480.67,6469.78,6473.47,0.72,+0.01%,0
"2025-08-28 09:30",6483.84,6495.44,6466.96,6472.75,-8.65,-0.13%,0
"2025-08-27 16:30",6481.4,6481.4,6481.4,6481.4,0,0.00%,0
"2025-08-27 16:00",6480.84,6481.4,6480.84,6481.4,0.55,+0.01%,0
"2025-08-27 15:30",6480.26,6487.06,6480.26,6480.85,0.63,+0.01%,0
"2025-08-27 15:00",6484.03,6484.03,6472.62,6480.22,-3.81,-0.06%,0
"2025-08-27 14:30",6486.51,6486.62,6483.66,6484.03,-2.49,-0.04%,0
"2025-08-27 14:00",6481.1,6487.03,6479.45,6486.52,5.35,+0.08%,0
"2025-08-27 13:30",6478.17,6481.49,6478.15,6481.17,3,+0.05%,0
"2025-08-27 13:00",6476.9,6479.15,6474.44,6478.17,1.24,+0.02%,0
"2025-08-27 12:30",6473.14,6478.99,6468.09,6476.93,3.88,+0.06%,0
"2025-08-27 12:00",6479.51,6480.09,6468.76,6473.05,-6.42,-0.10%,0
"2025-08-27 11:30",6476.96,6480.69,6472.62,6479.47,2.55,+0.04%,0
"2025-08-27 11:00",6475.56,6479.33,6475.56,6476.92,1.35,+0.02%,0
"2025-08-27 10:30",6474.89,6477.79,6471.91,6475.57,0.72,+0.01%,0
"2025-08-27 10:00",6468.24,6477.24,6466.63,6474.85,7.21,+0.11%,0
"2025-08-27 09:30",6462.26,6469.11,6457.84,6467.64,1.7,+0.03%,0
"2025-08-26 16:30",6465.94,6465.94,6465.94,6465.94,0,0.00%,0
"2025-08-26 16:00",6465.91,6465.94,6465.86,6465.94,0.24,0.00%,0
"2025-08-26 15:30",6459.05,6468.37,6452.49,6465.7,6.62,+0.10%,0
"2025-08-26 15:00",6452.43,6460.17,6449.91,6459.08,6.68,+0.10%,0
"2025-08-26 14:30",6448.66,6453.35,6448.66,6452.4,3.76,+0.06%,0
"2025-08-26 14:00",6442,6448.64,6441.73,6448.64,6.65,+0.10%,0
"2025-08-26 13:30",6448.37,6449.06,6438.32,6441.99,-6.5,-0.10%,0
"2025-08-26 13:00",6446.39,6448.97,6442.71,6448.49,2.12,+0.03%,0
"2025-08-26 12:30",6446.94,6448.28,6445.02,6446.37,-0.65,-0.01%,0
"2025-08-26 12:00",6441.32,6448.9,6441.32,6447.02,5.73,+0.09%,0
"2025-08-26 11:30",6437.98,6442.24,6436.71,6441.29,3.35,+0.05%,0
"2025-08-26 11:00",6441.02,6442.28,6437.41,6437.94,-2.93,-0.05%,0
"2025-08-26 10:30",6444.83,6445.56,6438.4,6440.87,-3.98,-0.06%,0
"2025-08-26 10:00",6439.31,6446.95,6437.92,6444.85,6.57,+0.10%,0
"2025-08-26 09:30",6435.49,6442.3,6429.21,6438.28,-1.04,-0.02%,0
"2025-08-25 16:30",6439.32,6439.32,6439.32,6439.32,0,0.00%,0
"2025-08-25 16:00",6438.85,6439.32,6438.85,6439.32,-0.13,0.00%,0
"2025-08-25 15:30",6450.98,6452.12,6438.06,6439.45,-11.6,-0.18%,0
"2025-08-25 15:00",6453.91,6455.63,6450.37,6451.05,-2.87,-0.04%,0
"2025-08-25 14:30",6455.73,6456.89,6453.43,6453.92,-1.85,-0.03%,0
"2025-08-25 14:00",6459.07,6459.75,6454.11,6455.77,-3.27,-0.05%,0
"2025-08-25 13:30",6460.34,6461.79,6454.44,6459.04,-1.27,-0.02%,0
"2025-08-25 13:00",6463.71,6463.9,6458.3,6460.31,-3.41,-0.05%,0
"2025-08-25 12:30",6463.75,6466.89,6462.4,6463.72,-0.06,0.00%,0
"2025-08-25 12:00",6464.22,6465.39,6462.32,6463.78,-0.37,-0.01%,0
"2025-08-25 11:30",6463.68,6464.94,6459.25,6464.15,0.48,+0.01%,0
"2025-08-25 11:00",6458.06,6464.77,6456.69,6463.67,5.57,+0.09%,0
"2025-08-25 10:30",6455.45,6458.67,6451.68,6458.1,2.62,+0.04%,0
"2025-08-25 10:00",6458.22,6461.17,6452.07,6455.48,-2.65,-0.04%,0
"2025-08-25 09:30",6457.67,6458.31,6448.04,6458.13,-8.78,-0.14%,0
"2025-08-22 16:30",6466.91,6466.91,6466.91,6466.91,0,0.00%,0
"2025-08-22 16:00",6466.55,6466.92,6466.55,6466.91,0.56,+0.01%,0
"2025-08-22 15:30",6464.67,6468.62,6457.16,6466.35,1.57,+0.02%,0
"2025-08-22 15:00",6468.6,6470.32,6464.58,6464.78,-3.99,-0.06%,0
"2025-08-22 14:30",6468.01,6472.57,6466.89,6468.77,0.94,+0.01%,0
"2025-08-22 14:00",6471.98,6474.32,6467.39,6467.83,-4.15,-0.06%,0
"2025-08-22 13:30",6476.01,6477.98,6471.3,6471.98,-4.03,-0.06%,0
"2025-08-22 13:00",6461.13,6477.01,6461.13,6476.01,14.89,+0.23%,0
"2025-08-22 12:30",6462.2,6468.04,6457.33,6461.12,-1.12,-0.02%,0
"2025-08-22 12:00",6467.88,6473.41,6461.53,6462.24,-5.37,-0.08%,0
"2025-08-22 11:30",6473.8,6478.89,6467.09,6467.61,-6.,-0.09%,0
"2025-08-22 11:00",6471.24,6477.08,6469.69,6473.61,2.34,+0.04%,0
"2025-08-22 10:30",6455.83,6475.47,6455.83,6471.27,15.12,+0.23%,0
"2025-08-22 10:00",6399.01,6469.61,6399.01,6456.15,57.28,+0.90%,0
"2025-08-22 09:30",6384.59,6411.23,6384.59,6398.87,28.7,+0.45%,0
"2025-08-21 17:00",6370.17,6370.17,6370.17,6370.17,0,0.00%,0
"2025-08-21 16:00",6370.08,6370.19,6370.06,6370.17,-0.01,0.00%,0
"2025-08-21 15:30",6373.44,6373.48,6365.55,6370.18,-3.2,-0.05%,0
"2025-08-21 15:00",6375.44,6379.03,6373.17,6373.38,-2.04,-0.03%,0
"2025-08-21 14:30",6369.45,6376.58,6365.68,6375.42,5.97,+0.09%,0
"2025-08-21 14:00",6372.72,6375.65,6368.81,6369.45,-3.28,-0.05%,0
"2025-08-21 13:30",6358.01,6375.48,6357.6,6372.73,14.7,+0.23%,0
"2025-08-21 13:00",6362.35,6368.38,6352.71,6358.03,-4.28,-0.07%,0
"2025-08-21 12:30",6366.49,6373.4,6361.15,6362.31,-4.16,-0.07%,0
"2025-08-21 12:00",6370.01,6372.56,6364.06,6366.47,-3.57,-0.06%,0
"2025-08-21 11:30",6381.25,6389.67,6368.81,6370.04,-11.22,-0.18%,0
"2025-08-21 11:00",6385.46,6388.33,6367.67,6381.26,-4.28,-0.07%,0
"2025-08-21 10:30",6393.48,6393.48,6375.76,6385.54,-7.85,-0.12%,0
"2025-08-21 10:00",6365.03,6393.65,6360.27,6393.39,28.25,+0.44%,0
"2025-08-21 09:30",6380.83,6380.83,6357.79,6365.14,-30.64,-0.48%,0
"2025-08-20 16:30",6395.78,6395.78,6395.78,6395.78,0,0.00%,0
"2025-08-20 16:00",6394.97,6395.8,6394.97,6395.78,0.9,+0.01%,0
"2025-08-20 15:30",6398.08,6405.1,6393.49,6394.88,-3.09,-0.05%,0
"2025-08-20 15:00",6381.84,6403.36,6381.84,6397.97,16.21,+0.25%,0
"2025-08-20 14:30",6372.97,6388.3,6372.84,6381.76,8.79,+0.14%,0
"2025-08-20 14:00",6386.44,6387.69,6367.78,6372.97,-13.52,-0.21%,0
"2025-08-20 13:30",6380.35,6394.28,6380.11,6386.49,6.19,+0.10%,0
"2025-08-20 13:00",6377.41,6386.5,6376.31,6380.3,2.88,+0.05%,0
"2025-08-20 12:30",6389,6389.15,6374.57,6377.42,-11.62,-0.18%,0
"2025-08-20 12:00",6365.98,6389.34,6365.37,6389.04,23.12,+0.36%,0
"2025-08-20 11:30",6378.4,6383.31,6362.16,6365.92,-12.63,-0.20%,0
"2025-08-20 11:00",6347.99,6379.05,6346.5,6378.55,30.54,+0.48%,0
"2025-08-20 10:30",6353.43,6358.03,6343.86,6348.01,-5.48,-0.09%,0
"2025-08-20 10:00",6367.9,6377.13,6350.48,6353.49,-14.81,-0.23%,0
"2025-08-20 09:30",6406.62,6408.4,6364.41,6368.3,-43.07,-0.67%,0
"2025-08-19 16:30",6411.37,6411.37,6411.37,6411.37,0,0.00%,0
"2025-08-19 16:00",6411.53,6411.58,6411.37,6411.37,-0.43,-0.01%,0
"2025-08-19 15:30",6407.05,6413.47,6402.57,6411.8,4.83,+0.08%,0
"2025-08-19 15:00",6406.46,6407.33,6400.22,6406.97,0.65,+0.01%,0
"2025-08-19 14:30",6406.1,6407.6,6401.92,6406.32,0.16,0.00%,0
"2025-08-19 14:00",6413.85,6413.88,6404.23,6406.16,-7.63,-0.12%,0
"2025-08-19 13:30",6412.61,6416.23,6411.73,6413.79,1.11,+0.02%,0
"2025-08-19 13:00",6411.28,6413.6,6403.39,6412.68,1.42,+0.02%,0
"2025-08-19 12:30",6418.58,6420.66,6408.32,6411.26,-7.32,-0.11%,0
"2025-08-19 12:00",6422.42,6425.73,6416.23,6418.58,-3.84,-0.06%,0
"2025-08-19 11:30",6430.95,6434.09,6421.66,6422.42,-8.52,-0.13%,0
"2025-08-19 11:00",6427.51,6431.69,6420.66,6430.94,3.32,+0.05%,0
"2025-08-19 10:30",6444.99,6450.27,6427.62,6427.62,-17.59,-0.27%,0
"2025-08-19 10:00",6444.36,6456.48,6443.25,6445.21,1.18,+0.02%,0
"2025-08-19 09:30",6446.24,6450.13,6435.47,6444.03,-5.12,-0.08%,0
"2025-08-18 16:30",6449.15,6449.15,6449.15,6449.15,0,0.00%,0
"2025-08-18 16:00",6448.79,6449.16,6448.79,6449.15,-0.09,0.00%,0
"2025-08-18 15:30",6447.93,6454.11,6447.01,6449.24,1.28,+0.02%,0
"2025-08-18 15:00",6449.73,6450.88,6446.58,6447.96,-1.58,-0.02%,0
"2025-08-18 14:30",6443.28,6451.1,6443.23,6449.54,6.27,+0.10%,0
"2025-08-18 14:00",6443.75,6445.82,6440.58,6443.27,-0.46,-0.01%,0
"2025-08-18 13:30",6447.25,6453.58,6442.51,6443.73,-3.48,-0.05%,0
"2025-08-18 13:00",6440.53,6447.47,6440.33,6447.21,6.73,+0.10%,0
"2025-08-18 12:30",6446.74,6449.09,6437.7,6440.48,-6.27,-0.10%,0
"2025-08-18 12:00",6443.35,6448.27,6442.71,6446.75,3.36,+0.05%,0
"2025-08-18 11:30",6443.08,6446.13,6441.31,6443.39,0.39,+0.01%,0
"2025-08-18 11:00",6448.06,6449.7,6442.38,6443,-5.08,-0.08%,0
"2025-08-18 10:30",6446.25,6450.56,6439.68,6448.08,1.48,+0.02%,0
"2025-08-18 10:00",6443.88,6455.35,6443.8,6446.6,3.36,+0.05%,0
"2025-08-18 09:30",6445.02,6454.12,6441.78,6443.24,-6.56,-0.10%,0
"2025-08-15 16:30",6449.8,6449.8,6449.8,6449.8,0,0.00%,0
"2025-08-15 16:00",6449.68,6450.22,6449.68,6449.8,-0.32,0.00%,0
"2025-08-15 15:30",6454.29,6456.89,6447.5,6450.12,-4.16,-0.06%,0
"2025-08-15 15:00",6458.48,6458.73,6450.33,6454.28,-4.19,-0.06%,0
"2025-08-15 14:30",6461.9,6462.62,6455.12,6458.47,-3.33,-0.05%,0
"2025-08-15 14:00",6464.17,6464.79,6456.36,6461.8,-2.36,-0.04%,0
"2025-08-15 13:30",6457.96,6464.49,6457.69,6464.16,6.25,+0.10%,0
"2025-08-15 13:00",6457.28,6459.07,6453.61,6457.91,0.66,+0.01%,0
"2025-08-15 12:30",6449.35,6458.86,6449.28,6457.25,8.05,+0.12%,0
"2025-08-15 12:00",6450.67,6455.57,6447.18,6449.2,-1.39,-0.02%,0
"2025-08-15 11:30",6451.38,6457.66,6441.85,6450.59,-0.77,-0.01%,0
"2025-08-15 11:00",6451.87,6458.76,6448.97,6451.36,-0.42,-0.01%,0
"2025-08-15 10:30",6458.44,6459.54,6449.78,6451.78,-6.72,-0.10%,0
"2025-08-15 10:00",6457.54,6463.44,6451.38,6458.5,0.7,+0.01%,0
"2025-08-15 09:30",6477.38,6481.34,6453.53,6457.8,-10.74,-0.17%,0
"2025-08-14 16:30",6468.54,6468.54,6468.54,6468.54,0,0.00%,0
"2025-08-14 16:00",6467.73,6468.54,6467.73,6468.54,0.74,+0.01%,0
"2025-08-14 15:30",6467.53,6473.56,6465.79,6467.8,0.23,0.00%,0
"2025-08-14 15:00",6463.36,6472.07,6462.5,6467.57,4.18,+0.06%,0
"2025-08-14 14:30",6458.29,6466.66,6457.34,6463.39,5.05,+0.08%,0
"2025-08-14 14:00",6464.63,6464.66,6456.76,6458.34,-6.4,-0.10%,0
"2025-08-14 13:30",6467.88,6468.06,6460.53,6464.74,-3.19,-0.05%,0
"2025-08-14 13:00",6459.76,6468.14,6459.22,6467.93,8.12,+0.13%,0
"2025-08-14 12:30",6449.28,6460.07,6447.98,6459.81,10.33,+0.16%,0
"2025-08-14 12:00",6458.53,6458.81,6444.98,6449.48,-9.16,-0.14%,0
"2025-08-14 11:30",6451.19,6459.65,6448.26,6458.64,7.26,+0.11%,0
"2025-08-14 11:00",6465.13,6465.63,6448.08,6451.38,-13.83,-0.21%,0
"2025-08-14 10:30",6460.68,6473.92,6460.64,6465.21,4.65,+0.07%,0
"2025-08-14 10:00",6458.54,6463.91,6454.97,6460.56,2.04,+0.03%,0
"2025-08-14 09:30",6453.46,6461.26,6441.07,6458.52,-8.06,-0.12%,0
"2025-08-13 16:30",6466.58,6466.58,6466.58,6466.58,0,0.00%,0
"2025-08-13 16:00",6466.4,6466.65,6466.4,6466.58,-0.21,0.00%,0
"2025-08-13 15:30",6460.72,6468.23,6457.01,6466.79,6.02,+0.09%,0
"2025-08-13 15:00",6458.08,6464.66,6456.47,6460.77,2.73,+0.04%,0
"2025-08-13 14:30",6457.03,6460.62,6449.83,6458.04,1.06,+0.02%,0
"2025-08-13 14:00",6453.72,6460.05,6452.38,6456.98,3.15,+0.05%,0
"2025-08-13 13:30",6454.29,6454.96,6445.99,6453.83,-0.45,-0.01%,0
"2025-08-13 13:00",6447.77,6454.45,6445.26,6454.28,6.49,+0.10%,0
"2025-08-13 12:30",6450.82,6453.18,6445.02,6447.79,-3.06,-0.05%,0
"2025-08-13 12:00",6452.21,6456.85,6450.16,6450.85,-1.28,-0.02%,0
"2025-08-13 11:30",6454.32,6460.19,6451.46,6452.13,-2.4,-0.04%,0
"2025-08-13 11:00",6456.08,6458.45,6447.99,6454.53,-1.58,-0.02%,0
"2025-08-13 10:30",6460.58,6461.77,6453.95,6456.11,-4.09,-0.06%,0
"2025-08-13 10:00",6474.33,6474.82,6458.34,6460.2,-14.39,-0.22%,0
"2025-08-13 09:30",6462.67,6480.28,6462.67,6474.59,28.83,+0.45%,0
"2025-08-12 16:30",6445.76,6445.76,6445.76,6445.76,0,0.00%,0
"2025-08-12 16:00",6445.68,6445.82,6445.62,6445.76,0.46,+0.01%,0
"2025-08-12 15:30",6441.25,6446.55,6437.32,6445.3,4.06,+0.06%,0
"2025-08-12 15:00",6438.53,6442.18,6438.35,6441.24,2.74,+0.04%,0
"2025-08-12 14:30",6440.44,6440.77,6438.12,6438.5,-1.86,-0.03%,0
"2025-08-12 14:00",6438.52,6444.25,6438.52,6440.36,1.86,+0.03%,0
"2025-08-12 13:30",6433.16,6439.26,6432.36,6438.5,5.38,+0.08%,0
"2025-08-12 13:00",6435.2,6436.39,6432.66,6433.12,-2.15,-0.03%,0
"2025-08-12 12:30",6432.09,6438.14,6431.83,6435.27,3.21,+0.05%,0
"2025-08-12 12:00",6430.08,6432.89,6426.96,6432.06,2.09,+0.03%,0
"2025-08-12 11:30",6422.38,6430.48,6420.57,6429.97,7.69,+0.12%,0
"2025-08-12 11:00",6416.7,6428.75,6416.4,6422.28,5.49,+0.09%,0
"2025-08-12 10:30",6411.16,6420.21,6406.73,6416.79,5.92,+0.09%,0
"2025-08-12 10:00",6391.27,6413.35,6385.76,6410.87,19.59,+0.31%,0
"2025-08-12 09:30",6395.17,6416.46,6388.33,6391.28,17.83,+0.28%,0
"2025-08-11 16:30",6373.45,6373.45,6373.45,6373.45,0,0.00%,0
"2025-08-11 16:00",6374.32,6374.6,6373.45,6373.45,-1.04,-0.02%,0
"2025-08-11 15:30",6380.61,6381.46,6364.06,6374.49,-6.12,-0.10%,0
"2025-08-11 15:00",6383.23,6384.25,6378.67,6380.61,-2.69,-0.04%,0
"2025-08-11 14:30",6382.8,6386.3,6374.31,6383.3,0.49,+0.01%,0
"2025-08-11 14:00",6385.42,6386.24,6381.27,6382.81,-2.64,-0.04%,0
"2025-08-11 13:30",6389.6,6391.88,6382.32,6385.45,-4.15,-0.06%,0
"2025-08-11 13:00",6391.77,6394.07,6387.85,6389.6,-2.12,-0.03%,0
"2025-08-11 12:30",6403.6,6403.85,6391.64,6391.72,-11.91,-0.19%,0
"2025-08-11 12:00",6396.69,6407.25,6395.85,6403.63,7.05,+0.11%,0
"2025-08-11 11:30",6388.78,6396.72,6385.95,6396.58,7.82,+0.12%,0
"2025-08-11 11:00",6386.07,6391.22,6384.09,6388.76,2.67,+0.04%,0
"2025-08-11 10:30",6390.85,6392.22,6383.79,6386.09,-4.71,-0.07%,0
"2025-08-11 10:00",6395.59,6397.94,6390.45,6390.8,-4.01,-0.06%,0
"2025-08-11 09:30",6389.67,6396.27,6385.89,6394.81,5.36,+0.08%,0
"2025-08-08 16:30",6389.45,6389.45,6389.45,6389.45,0,0.00%,0
"2025-08-08 16:00",6389.97,6389.97,6389.45,6389.45,-0.74,-0.01%,0
"2025-08-08 15:30",6390.93,6390.94,6379.4,6390.19,-0.83,-0.01%,0
"2025-08-08 15:00",6390.91,6394.49,6389.11,6391.02,0.2,0.00%,0
"2025-08-08 14:30",6390.64,6393.73,6390.42,6390.82,0.22,0.00%,0
"2025-08-08 14:00",6390.62,6395.16,6388.32,6390.6,-0.02,0.00%,0
"2025-08-08 13:30",6382.52,6392.14,6382.38,6390.62,8.17,+0.13%,0
"2025-08-08 13:00",6384.39,6386.67,6380.07,6382.45,-2.01,-0.03%,0
"2025-08-08 12:30",6388.08,6390.15,6383.42,6384.46,-3.75,-0.06%,0
"2025-08-08 12:00",6382.11,6391.33,6381.86,6388.21,6.07,+0.10%,0
"2025-08-08 11:30",6378.92,6382.57,6367.96,6382.14,3.14,+0.05%,0
"2025-08-08 11:00",6377,6383.25,6374.93,6379,2.23,+0.03%,0
"2025-08-08 10:30",6383.13,6388.95,6375.77,6376.77,-6.31,-0.10%,0
"2025-08-08 10:00",6376.41,6386.43,6375.93,6383.08,6.73,+0.11%,0
"2025-08-08 09:30",6355.22,6377.62,6355.22,6376.35,36.35,+0.57%,0
"2025-08-07 16:30",6340,6340,6340,6340,0,0.00%,0
"2025-08-07 16:00",6341.56,6341.56,6340,6340,-1.08,-0.02%,0
"2025-08-07 15:30",6321.9,6341.08,6321.9,6341.08,19.18,+0.30%,0
"2025-08-07 15:00",6324.5,6326.67,6319.38,6321.9,-2.64,-0.04%,0
"2025-08-07 14:30",6317.91,6327.41,6313.83,6324.54,6.5,+0.10%,0
"2025-08-07 14:00",6326.82,6328.97,6310.32,6318.04,-8.82,-0.14%,0
"2025-08-07 13:30",6319.46,6329.44,6316.12,6326.86,7.41,+0.12%,0
"2025-08-07 13:00",6331.83,6337.87,6319.45,6319.45,-12.42,-0.20%,0
"2025-08-07 12:30",6341.86,6344.66,6319.88,6331.87,-9.96,-0.16%,0
"2025-08-07 12:00",6337.77,6344.86,6331.68,6341.83,3.56,+0.06%,0
"2025-08-07 11:30",6338.87,6343.06,6333.17,6338.27,-0.54,-0.01%,0
"2025-08-07 11:00",6346.8,6350.28,6337.15,6338.81,-7.56,-0.12%,0
"2025-08-07 10:30",6356.92,6361.73,6343.65,6346.37,-10.25,-0.16%,0
"2025-08-07 10:00",6384.07,6387.93,6350.73,6356.62,-27.4,-0.43%,0
"2025-08-07 09:30",6374.32,6389.71,6373.34,6384.02,38.96,+0.61%,0
"2025-08-06 16:30",6345.06,6345.06,6345.06,6345.06,0,0.00%,0
"2025-08-06 16:00",6345.25,6345.37,6345.06,6345.06,0.28,0.00%,0
"2025-08-06 15:30",6348.97,6352.83,6343.18,6344.78,-4.23,-0.07%,0
"2025-08-06 15:00",6345.1,6350.3,6344.76,6349.01,3.84,+0.06%,0
"2025-08-06 14:30",6348.64,6350.75,6344.41,6345.17,-3.52,-0.06%,0
"2025-08-06 14:00",6341.3,6349.49,6341.04,6348.69,7.41,+0.12%,0
"2025-08-06 13:30",6342.19,6346.01,6338.99,6341.28,-0.86,-0.01%,0
"2025-08-06 13:00",6341.69,6345.62,6338.88,6342.14,0.46,+0.01%,0
"2025-08-06 12:30",6342.94,6348.15,6337.83,6341.68,-1.18,-0.02%,0
"2025-08-06 12:00",6346.37,6348.16,6341.49,6342.86,-3.79,-0.06%,0
"2025-08-06 11:30",6338.87,6348.33,6331.78,6346.65,7.71,+0.12%,0
"2025-08-06 11:00",6328.65,6339.97,6324.32,6338.94,10.33,+0.16%,0
"2025-08-06 10:30",6306.84,6328.78,6303.84,6328.61,21.67,+0.34%,0
"2025-08-06 10:00",6308.98,6324.45,6301.11,6306.94,-2.1,-0.03%,0
"2025-08-06 09:30",6309.3,6318.25,6301.88,6309.04,9.85,+0.16%,0
"2025-08-05 17:00",6299.19,6299.19,6299.19,6299.19,0,0.00%,0
"2025-08-05 16:00",6299.1,6299.22,6299.1,6299.19,0,0.00%,0
"2025-08-05 15:30",6308.92,6309.45,6297.58,6299.19,-9.68,-0.15%,0
"2025-08-05 15:00",6303.3,6309.8,6302.71,6308.87,5.53,+0.09%,0
"2025-08-05 14:30",6306.34,6308.8,6297.9,6303.34,-2.85,-0.05%,0
"2025-08-05 14:00",6320.85,6321.24,6305.35,6306.19,-14.61,-0.23%,0
"2025-08-05 13:30",6316.25,6322.3,6314.88,6320.8,4.57,+0.07%,0
"2025-08-05 13:00",6308.4,6317.06,6306.34,6316.23,7.76,+0.12%,0
"2025-08-05 12:30",6309.86,6315.1,6297.54,6308.47,-1.4,-0.02%,0
"2025-08-05 12:00",6299.99,6310.86,6299.2,6309.87,9.82,+0.16%,0
"2025-08-05 11:30",6298.71,6302.43,6291.07,6300.05,1.64,+0.03%,0
"2025-08-05 11:00",6298.11,6305.64,6293.36,6298.41,0.24,0.00%,0
"2025-08-05 10:30",6317.07,6317.07,6289.37,6298.17,-18.83,-0.30%,0
"2025-08-05 10:00",6339.47,6339.47,6311.18,6317,-21.87,-0.35%,0
"2025-08-05 09:30",6336.63,6346,6331.72,6338.87,8.93,+0.14%,0
"2025-08-04 17:00",6329.94,6329.94,6329.94,6329.94,0,0.00%,0
"2025-08-04 16:00",6330.07,6330.07,6329.93,6329.94,0.4,+0.01%,0
"2025-08-04 15:30",6321.73,6330.69,6318.18,6329.54,7.86,+0.12%,0
"2025-08-04 15:00",6317.59,6325.91,6316.89,6321.68,4.19,+0.07%,0
"2025-08-04 14:30",6319.29,6323.15,6316.91,6317.49,-1.86,-0.03%,0
"2025-08-04 14:00",6317.29,6322.27,6316.91,6319.35,1.92,+0.03%,0
"2025-08-04 13:30",6322.54,6324.05,6313.89,6317.43,-4.96,-0.08%,0
"2025-08-04 13:00",6321.07,6324.49,6320.46,6322.39,1.31,+0.02%,0
"2025-08-04 12:30",6317.04,6323.73,6316.69,6321.08,3.98,+0.06%,0
"2025-08-04 12:00",6318.28,6320.35,6315.98,6317.1,-1.16,-0.02%,0
"2025-08-04 11:30",6309.93,6319.33,6305.55,6318.26,8.29,+0.13%,0
"2025-08-04 11:00",6310.77,6314.79,6306.19,6309.97,-0.69,-0.01%,0
"2025-08-04 10:30",6313.68,6315.1,6304.33,6310.66,-2.86,-0.05%,0
"2025-08-04 10:00",6309.82,6314.22,6302.79,6313.52,3.51,+0.06%,0
"2025-08-04 09:30",6271.71,6311.19,6271.71,6310.01,72,+1.15%,0
"2025-08-01 16:30",6238.01,6238.01,6238.01,6238.01,0,0.00%,0
"2025-08-01 16:00",6236.45,6238.01,6236.45,6238.01,0.71,+0.01%,0
"2025-08-01 15:30",6237.26,6251.84,6228.23,6237.3,0.08,0.00%,0
"2025-08-01 15:00",6233.4,6241.51,6229.55,6237.22,3.82,+0.06%,0
"2025-08-01 14:30",6235.08,6249.78,6228.86,6233.4,-1.63,-0.03%,0
"2025-08-01 14:00",6225.04,6236.5,6212.69,6235.03,9.97,+0.16%,0
"2025-08-01 13:30",6224.38,6232.67,6221.09,6225.06,0.68,+0.01%,0
"2025-08-01 13:00",6232.8,6236.23,6222.84,6224.38,-8.53,-0.14%,0
"2025-08-01 12:30",6261.85,6263.22,6231.51,6232.91,-29.06,-0.46%,0
"2025-08-01 12:00",6259.48,6268.65,6258.67,6261.97,2.54,+0.04%,0
"2025-08-01 11:30",6234.23,6259.46,6233.1,6259.43,25.18,+0.40%,0
"2025-08-01 11:00",6238.66,6248.09,6233.48,6234.25,-4.44,-0.07%,0
"2025-08-01 10:30",6252.66,6259.54,6237.08,6238.69,-13.61,-0.22%,0
"2025-08-01 10:00",6232.33,6254.15,6214.43,6252.3,19.81,+0.32%,0
"2025-08-01 09:30",6287.28,6287.28,6229.51,6232.49,-106.9,-1.69%,0
"2025-07-31 16:30",6339.39,6339.39,6339.39,6339.39,0,0.00%,0
"2025-07-31 16:00",6339.31,6339.89,6339.31,6339.39,-2.15,-0.03%,0
"2025-07-31 15:30",6347.52,6356.08,6327.64,6341.54,-5.98,-0.09%,0
"2025-07-31 15:00",6361.19,6367.34,6346.38,6347.52,-13.72,-0.22%,0
"2025-07-31 14:30",6361.55,6370.29,6360.76,6361.24,-0.38,-0.01%,0
"2025-07-31 14:00",6353.93,6361.8,6334.62,6361.62,7.72,+0.12%,0
"2025-07-31 13:30",6368.03,6376.03,6350.24,6353.9,-14.12,-0.22%,0
"2025-07-31 13:00",6397.79,6397.86,6364.23,6368.02,-29.82,-0.47%,0
"2025-07-31 12:30",6400.89,6403.32,6395.38,6397.84,-2.98,-0.05%,0
"2025-07-31 12:00",6395.05,6402.17,6392.89,6400.82,5.8,+0.09%,0
"2025-07-31 11:30",6382.13,6395.09,6381.39,6395.02,12.74,+0.20%,0
"2025-07-31 11:00",6385.45,6393.25,6371.01,6382.28,-3.23,-0.05%,0
"2025-07-31 10:30",6407.91,6411.04,6384.73,6385.51,-22.55,-0.35%,0
"2025-07-31 10:00",6413.37,6418.34,6404.84,6408.06,-5.98,-0.09%,0
"2025-07-31 09:30",6427.02,6427.02,6396.97,6414.04,51.14,+0.80%,0
"2025-07-30 17:00",6362.9,6362.9,6362.9,6362.9,0,0.00%,0
"2025-07-30 16:00",6365.11,6365.11,6362.9,6362.9,-1.93,-0.03%,0
"2025-07-30 15:30",6340.61,6366.09,6337,6364.83,24.23,+0.38%,0
"2025-07-30 15:00",6348.08,6359.86,6336.38,6340.6,-7.58,-0.12%,0
"2025-07-30 14:30",6387.89,6396.54,6346.55,6348.18,-39.73,-0.62%,0
"2025-07-30 14:00",6386.63,6390.25,6381.01,6387.91,1.34,+0.02%,0
"2025-07-30 13:30",6382.46,6389.3,6381.88,6386.57,4.11,+0.06%,0
"2025-07-30 13:00",6384.9,6386.87,6382.29,6382.46,-2.42,-0.04%,0
"2025-07-30 12:30",6385.92,6386.69,6382.93,6384.88,-1.09,-0.02%,0
"2025-07-30 12:00",6381.59,6387.09,6379.92,6385.97,4.52,+0.07%,0
"2025-07-30 11:30",6373.47,6381.61,6371.45,6381.45,8.05,+0.13%,0
"2025-07-30 11:00",6382.64,6383.93,6370.62,6373.4,-9.25,-0.14%,0
"2025-07-30 10:30",6383.27,6387.8,6382.16,6382.65,-0.51,-0.01%,0
"2025-07-30 10:00",6377.61,6386.79,6374.69,6383.16,5.65,+0.09%,0
"2025-07-30 09:30",6381.23,6382.32,6372.6,6377.51,6.65,+0.10%,0
"2025-07-29 17:00",6370.86,6370.86,6370.86,6370.86,0,0.00%,0
"2025-07-29 16:00",6371.42,6371.64,6370.86,6370.86,-0.77,-0.01%,0
"2025-07-29 15:30",6371.21,6372.94,6363.92,6371.63,0.46,+0.01%,0
"2025-07-29 15:00",6373.59,6376.5,6371.17,6371.17,-2.42,-0.04%,0
"2025-07-29 14:30",6373.47,6379.16,6372.57,6373.59,0.12,0.00%,0
"2025-07-29 14:00",6376.6,6378.37,6371.85,6373.47,-3.1,-0.05%,0
"2025-07-29 13:30",6382.47,6384.02,6370.11,6376.57,-5.89,-0.09%,0
"2025-07-29 13:00",6382.43,6385.99,6381.45,6382.46,0.1,0.00%,0
"2025-07-29 12:30",6376.32,6382.42,6370.96,6382.36,6.04,+0.09%,0
"2025-07-29 12:00",6379.45,6380.63,6374.83,6376.32,-3.13,-0.05%,0
"2025-07-29 11:30",6372.7,6382.29,6367.43,6379.45,6.59,+0.10%,0
"2025-07-29 11:00",6387.34,6390.23,6372.15,6372.86,-14.24,-0.22%,0
"2025-07-29 10:30",6397.36,6398.03,6385.66,6387.1,-10.14,-0.16%,0
"2025-07-29 10:00",6400.48,6401.63,6393.99,6397.24,-3.47,-0.05%,0
"2025-07-29 09:30",6405.62,6409.26,6392.76,6400.71,10.94,+0.17%,0
"2025-07-28 16:30",6389.77,6389.77,6389.77,6389.77,0,0.00%,0
"2025-07-28 16:00",6389.81,6389.81,6389.77,6389.77,0.19,0.00%,0
"2025-07-28 15:30",6380.41,6390.11,6378.33,6389.58,9.18,+0.14%,0
"2025-07-28 15:00",6380.58,6381.4,6377.8,6380.4,-0.12,0.00%,0
"2025-07-28 14:30",6380.08,6382.91,6378.39,6380.52,0.41,+0.01%,0
"2025-07-28 14:00",6381.19,6382.16,6375.79,6380.11,-1.12,-0.02%,0
"2025-07-28 13:30",6383.13,6387.39,6380.96,6381.23,-2.02,-0.03%,0
"2025-07-28 13:00",6389.16,6391.66,6382.35,6383.25,-5.91,-0.09%,0
"2025-07-28 12:30",6394.32,6394.32,6387.76,6389.16,-5.1,-0.08%,0
"2025-07-28 12:00",6394.3,6396.31,6390.98,6394.26,-0.15,0.00%,0
"2025-07-28 11:30",6391.13,6396.02,6390.43,6394.41,3.32,+0.05%,0
"2025-07-28 11:00",6394.62,6395.33,6383.76,6391.09,-3.58,-0.06%,0
"2025-07-28 10:30",6397.99,6399.45,6392.8,6394.67,-3.42,-0.05%,0
"2025-07-28 10:00",6395.5,6401.07,6394.08,6398.09,1.82,+0.03%,0
"2025-07-28 09:30",6397.69,6400.56,6392.03,6396.27,7.63,+0.12%,0
"2025-07-25 17:00",6388.64,6388.64,6388.64,6388.64,0,0.00%,0
"2025-07-25 16:00",6389.36,6389.36,6388.64,6388.64,-0.95,-0.01%,0
"2025-07-25 15:30",6393.38,6394.74,6386.24,6389.59,-3.82,-0.06%,0
"2025-07-25 15:00",6391.96,6395.82,6391.85,6393.41,1.48,+0.02%,0
"2025-07-25 14:30",6393.52,6395.51,6391.82,6391.93,-1.54,-0.02%,0
"2025-07-25 14:00",6391.72,6395.37,6389.83,6393.47,1.73,+0.03%,0
"2025-07-25 13:30",6390.78,6393.66,6390.78,6391.74,0.94,+0.01%,0
"2025-07-25 13:00",6388.72,6391.2,6387.33,6390.8,2.12,+0.03%,0
"2025-07-25 12:30",6388.14,6389.87,6386.29,6388.68,0.51,+0.01%,0
"2025-07-25 12:00",6379.67,6389.23,6378.3,6388.17,8.46,+0.13%,0
"2025-07-25 11:30",6380.71,6380.95,6376.5,6379.71,-1.01,-0.02%,0
"2025-07-25 11:00",6378.37,6381.47,6377.08,6380.72,2.36,+0.04%,0
"2025-07-25 10:30",6375.29,6381.02,6373.56,6378.36,3.11,+0.05%,0
"2025-07-25 10:00",6372.99,6376.3,6369.53,6375.25,2.46,+0.04%,0
"2025-07-25 09:30",6370.01,6376.24,6368.53,6372.79,9.44,+0.15%,0
"2025-07-24 16:30",6363.35,6363.35,6363.35,6363.35,0,0.00%,0
"2025-07-24 16:00",6363.74,6363.87,6363.35,6363.35,-0.67,-0.01%,0
"2025-07-24 15:30",6374.99,6375.82,6362.77,6364.02,-11.04,-0.17%,0
"2025-07-24 15:00",6372.65,6377.59,6372,6375.06,2.39,+0.04%,0
"2025-07-24 14:30",6377.64,6379.33,6368.27,6372.67,-4.96,-0.08%,0
"2025-07-24 14:00",6372.95,6381.31,6372.95,6377.63,4.66,+0.07%,0
"2025-07-24 13:30",6373.99,6375.85,6371.98,6372.97,-1.,-0.02%,0
"2025-07-24 13:00",6369.34,6379.66,6368.25,6373.97,4.64,+0.07%,0
"2025-07-24 12:30",6366.17,6370.74,6365.11,6369.33,3.18,+0.05%,0
"2025-07-24 12:00",6375.64,6375.78,6363.57,6366.15,-9.48,-0.15%,0
"2025-07-24 11:30",6375.51,6377.77,6373.33,6375.63,0.17,0.00%,0
"2025-07-24 11:00",6375.22,6379.54,6374.63,6375.46,0.28,0.00%,0
"2025-07-24 10:30",6369.01,6376.92,6367.98,6375.18,6.29,+0.10%,0
"2025-07-24 10:00",6372.32,6373.98,6361.43,6368.89,-3.33,-0.05%,0
"2025-07-24 09:30",6368.6,6374.63,6360.57,6372.22,13.31,+0.21%,0
"2025-07-23 16:30",6358.91,6358.91,6358.91,6358.91,0,0.00%,0
"2025-07-23 16:00",6360.64,6360.64,6358.91,6358.91,-1.,-0.02%,0
"2025-07-23 15:30",6354.03,6359.91,6350.29,6359.91,5.92,+0.09%,0
"2025-07-23 15:00",6353.1,6354.18,6350.83,6353.99,0.89,+0.01%,0
"2025-07-23 14:30",6353.18,6355.12,6351.99,6353.1,-0.12,0.00%,0
"2025-07-23 14:00",6345.48,6356.86,6345.48,6353.22,7.71,+0.12%,0
"2025-07-23 13:30",6341.62,6349.32,6339.14,6345.51,3.89,+0.06%,0
"2025-07-23 13:00",6339.06,6342.37,6336.35,6341.62,2.58,+0.04%,0
"2025-07-23 12:30",6337.24,6341.16,6334.55,6339.04,1.82,+0.03%,0
"2025-07-23 12:00",6341.38,6346.33,6334.76,6337.22,-4.27,-0.07%,0
"2025-07-23 11:30",6328.56,6347.09,6325.46,6341.49,12.96,+0.20%,0
"2025-07-23 11:00",6327.42,6329.86,6324.11,6328.53,1.08,+0.02%,0
"2025-07-23 10:30",6327.39,6328.09,6321.61,6327.45,0.12,0.00%,0
"2025-07-23 10:00",6320.62,6327.33,6317.49,6327.33,6.84,+0.11%,0
"2025-07-23 09:30",6326.9,6335.68,6318.79,6320.49,10.87,+0.17%,0
"2025-07-22 16:30",6309.62,6309.62,6309.62,6309.62,0,0.00%,0
"2025-07-22 16:00",6308.94,6309.62,6308.8,6309.62,0.49,+0.01%,0
"2025-07-22 15:30",6312.81,6316.12,6309.13,6309.13,-3.65,-0.06%,0
"2025-07-22 15:00",6314.25,6314.87,6310.29,6312.78,-1.42,-0.02%,0
"2025-07-22 14:30",6305.08,6315.4,6304.72,6314.2,9.1,+0.14%,0
"2025-07-22 14:00",6303.91,6307.76,6296.59,6305.1,1.16,+0.02%,0
"2025-07-22 13:30",6310.87,6311.42,6303.44,6303.94,-6.92,-0.11%,0
"2025-07-22 13:00",6298.91,6311.54,6298.25,6310.86,12,+0.19%,0
"2025-07-22 12:30",6292.38,6299.82,6291.28,6298.86,6.49,+0.10%,0
"2025-07-22 12:00",6296.79,6301.44,6291.21,6292.37,-4.46,-0.07%,0
"2025-07-22 11:30",6296.9,6300.85,6294.78,6296.83,-0.15,0.00%,0
"2025-07-22 11:00",6299.41,6300.99,6293.78,6296.98,-2.33,-0.04%,0
"2025-07-22 10:30",6290.98,6300.43,6290.23,6299.31,8.43,+0.13%,0
"2025-07-22 10:00",6288.44,6294.26,6281.89,6290.88,2.6,+0.04%,0
"2025-07-22 09:30",6306.6,6312.74,6281.71,6288.28,-17.32,-0.27%,0
"2025-07-21 16:30",6305.6,6305.6,6305.6,6305.6,0,0.00%,0
"2025-07-21 16:00",6306.45,6306.69,6305.6,6305.6,-1.86,-0.03%,0
"2025-07-21 15:30",6314.91,6317.32,6303.79,6307.46,-7.38,-0.12%,0
"2025-07-21 15:00",6324.26,6324.53,6312.68,6314.84,-9.43,-0.15%,0
"2025-07-21 14:30",6332.44,6332.7,6324.2,6324.27,-8.22,-0.13%,0
"2025-07-21 14:00",6332.34,6333.25,6331.15,6332.49,0.1,0.00%,0
"2025-07-21 13:30",6334.91,6336.04,6332.13,6332.39,-2.55,-0.04%,0
"2025-07-21 13:00",6333.36,6335.84,6333.33,6334.94,1.56,+0.02%,0
"2025-07-21 12:30",6328.5,6334.27,6328.18,6333.38,4.93,+0.08%,0
"2025-07-21 12:00",6332.52,6332.52,6326.57,6328.45,-4.04,-0.06%,0
"2025-07-21 11:30",6333.7,6336.08,6331.7,6332.49,-1.03,-0.02%,0
"2025-07-21 11:00",6331.15,6334.51,6329.99,6333.52,2.48,+0.04%,0
"2025-07-21 10:30",6333.8,6335.14,6327.38,6331.04,-2.7,-0.04%,0
"2025-07-21 10:00",6326.1,6334.22,6324.95,6333.74,7.29,+0.12%,0
"2025-07-21 09:30",6304.74,6328.16,6304.74,6326.45,29.66,+0.47%,0
"2025-07-18 16:30",6296.79,6296.79,6296.79,6296.79,0,0.00%,0
"2025-07-18 16:00",6296.35,6296.79,6296.35,6296.79,0.11,0.00%,0
"2025-07-18 15:30",6294.18,6298.16,6290.57,6296.68,2.51,+0.04%,0
"2025-07-18 15:00",6292.25,6296.41,6290.85,6294.17,1.91,+0.03%,0
"2025-07-18 14:30",6291.58,6294.32,6290.82,6292.26,0.73,+0.01%,0
"2025-07-18 14:00",6291.13,6294.56,6287.53,6291.53,0.37,+0.01%,0
"2025-07-18 13:30",6289.93,6295.59,6288.5,6291.16,1.32,+0.02%,0
"2025-07-18 13:00",6287.21,6292.75,6285.27,6289.84,2.59,+0.04%,0
"2025-07-18 12:30",6289.84,6293.96,6285.7,6287.25,-2.52,-0.04%,0
"2025-07-18 12:00",6301.41,6301.71,6286.7,6289.77,-11.58,-0.18%,0
"2025-07-18 11:30",6296.46,6302.03,6296.38,6301.35,4.9,+0.08%,0
"2025-07-18 11:00",6292.32,6297.48,6289.57,6296.45,4,+0.06%,0
"2025-07-18 10:30",6293.82,6299.19,6292.24,6292.45,-1.44,-0.02%,0
"2025-07-18 10:00",6306.66,6312.21,6292.79,6293.89,-13.28,-0.21%,0
"2025-07-18 09:30",6312.95,6315.61,6306.2,6307.17,9.81,+0.16%,0
"2025-07-17 16:30",6297.36,6297.36,6297.36,6297.36,0,0.00%,0
"2025-07-17 16:00",6299.31,6299.31,6297.36,6297.36,-1.66,-0.03%,0
"2025-07-17 15:30",6300.5,6303.54,6296.86,6299.02,-1.37,-0.02%,0
"2025-07-17 15:00",6300.43,6304.69,6300.1,6300.39,-0.02,0.00%,0
"2025-07-17 14:30",6299.81,6301.92,6297.41,6300.41,0.51,+0.01%,0
"2025-07-17 14:00",6295.43,6299.96,6292.21,6299.9,4.41,+0.07%,0
"2025-07-17 13:30",6291.32,6295.56,6291.16,6295.49,4.23,+0.07%,0
"2025-07-17 13:00",6289.76,6291.73,6287.9,6291.26,1.61,+0.03%,0
"2025-07-17 12:30",6289.69,6290.4,6286.33,6289.65,0.02,0.00%,0
"2025-07-17 12:00",6293.44,6296.12,6288.97,6289.63,-3.88,-0.06%,0
"2025-07-17 11:30",6287.75,6293.72,6286.94,6293.51,5.7,+0.09%,0
"2025-07-17 11:00",6279.61,6288.26,6279.53,6287.81,8.19,+0.13%,0
"2025-07-17 10:30",6275.73,6280.77,6271.93,6279.62,3.96,+0.06%,0
"2025-07-17 10:00",6278.97,6283.54,6270.49,6275.66,-3.23,-0.05%,0
"2025-07-17 09:30",6263.4,6283.41,6262.27,6278.89,15.19,+0.24%,0
"2025-07-16 16:30",6263.7,6263.7,6263.7,6263.7,0,0.00%,0
"2025-07-16 16:00",6263.19,6263.7,6263.19,6263.7,0.12,0.00%,0
"2025-07-16 15:30",6262.48,6268.12,6260.11,6263.58,1.18,+0.02%,0
"2025-07-16 15:00",6263.88,6265.71,6259.64,6262.4,-1.44,-0.02%,0
"2025-07-16 14:30",6254.4,6263.93,6254.4,6263.84,9.41,+0.15%,0
"2025-07-16 14:00",6251.89,6255.29,6248.27,6254.43,2.55,+0.04%,0
"2025-07-16 13:30",6251.78,6254.23,6250.01,6251.88,0,0.00%,0
"2025-07-16 13:00",6251.65,6258.13,6250.38,6251.88,0.26,0.00%,0
"2025-07-16 12:30",6237.36,6251.72,6232.94,6251.62,14.25,+0.23%,0
"2025-07-16 12:00",6239.86,6242.51,6231.84,6237.37,-2.52,-0.04%,0
"2025-07-16 11:30",6234.12,6244.96,6201.59,6239.89,5.54,+0.09%,0
"2025-07-16 11:00",6242.29,6254.35,6216.61,6234.35,-8.02,-0.13%,0
"2025-07-16 10:30",6245.59,6253.7,6237.17,6242.37,-3.42,-0.05%,0
"2025-07-16 10:00",6241.85,6249.32,6238.54,6245.79,4.04,+0.06%,0
"2025-07-16 09:30",6254.5,6261.6,6241.61,6241.75,-2.01,-0.03%,0
"2025-07-15 16:30",6243.76,6243.76,6243.76,6243.76,0,0.00%,0
"2025-07-15 16:00",6241.68,6243.76,6241.68,6243.76,0.66,+0.01%,0
"2025-07-15 15:30",6254.08,6258.49,6242.45,6243.1,-10.95,-0.18%,0
"2025-07-15 15:00",6253.75,6258.47,6251.61,6254.05,0.29,0.00%,0
"2025-07-15 14:30",6267.08,6269.48,6253.72,6253.76,-13.34,-0.21%,0
"2025-07-15 14:00",6266.81,6269.63,6264.3,6267.1,0.29,0.00%,0
"2025-07-15 13:30",6259.41,6266.9,6259.4,6266.81,7.34,+0.12%,0
"2025-07-15 13:00",6253.14,6259.48,6250.98,6259.47,6.23,+0.10%,0
"2025-07-15 12:30",6263.59,6266.63,6251.79,6253.24,-10.3,-0.16%,0
"2025-07-15 12:00",6269,6270.36,6261.51,6263.54,-5.4,-0.09%,0
"2025-07-15 11:30",6272.36,6274.56,6266.45,6268.94,-3.49,-0.06%,0
"2025-07-15 11:00",6259.42,6273.08,6259.42,6272.43,13.14,+0.21%,0
"2025-07-15 10:30",6276.65,6276.93,6259.14,6259.29,-17.44,-0.28%,0
"2025-07-15 10:00",6277.99,6285.24,6274.46,6276.73,-1.28,-0.02%,0
"2025-07-15 09:30",6295.29,6302.04,6277.17,6278.01,9.45,+0.15%,0
"2025-07-14 16:30",6268.56,6268.56,6268.56,6268.56,0,0.00%,0
"2025-07-14 16:00",6268.07,6268.59,6268.07,6268.56,0.45,+0.01%,0
"2025-07-14 15:30",6268.65,6270.78,6264.78,6268.11,-0.48,-0.01%,0
"2025-07-14 15:00",6270.9,6272.64,6266.88,6268.59,-2.27,-0.04%,0
"2025-07-14 14:30",6271.25,6273.31,6270.27,6270.86,-0.4,-0.01%,0
"2025-07-14 14:00",6268.53,6271.44,6268.04,6271.26,2.73,+0.04%,0
"2025-07-14 13:30",6268.87,6271.32,6265.94,6268.53,-0.32,-0.01%,0
"2025-07-14 13:00",6264.85,6270.74,6264.85,6268.85,3.9,+0.06%,0
"2025-07-14 12:30",6260.54,6266.47,6258.19,6264.95,4.37,+0.07%,0
"2025-07-14 12:00",6261.13,6264.98,6259.88,6260.58,-0.55,-0.01%,0
"2025-07-14 11:30",6262.29,6265.42,6259.69,6261.13,-1.28,-0.02%,0
"2025-07-14 11:00",6256.3,6262.41,6254.87,6262.41,6.11,+0.10%,0
"2025-07-14 10:30",6248.66,6256.51,6245.62,6256.3,7.66,+0.12%,0
"2025-07-14 10:00",6247.91,6259.01,6244.95,6248.64,0.08,0.00%,0
"2025-07-14 09:30",6255.15,6256.5,6239.22,6248.56,-11.19,-0.18%,0
"2025-07-11 16:30",6259.75,6259.75,6259.75,6259.75,0,0.00%,0
"2025-07-11 16:00",6258.4,6259.75,6258.4,6259.75,1.4,+0.02%,0
"2025-07-11 15:30",6266,6266.85,6256.72,6258.35,-7.63,-0.12%,0
"2025-07-11 15:00",6264.75,6267.87,6253.28,6265.98,1.25,+0.02%,0
"2025-07-11 14:30",6263.92,6269.44,6263.41,6264.73,0.9,+0.01%,0
"2025-07-11 14:00",6265.99,6267.73,6262.71,6263.83,-2.22,-0.04%,0
"2025-07-11 13:30",6265.49,6266.55,6258.84,6266.05,0.58,+0.01%,0
"2025-07-11 13:00",6264.7,6266.61,6262.87,6265.47,0.77,+0.01%,0
"2025-07-11 12:30",6260.76,6265.04,6257.01,6264.7,3.77,+0.06%,0
"2025-07-11 12:00",6259.07,6261.7,6253.25,6260.93,1.87,+0.03%,0
"2025-07-11 11:30",6254.83,6267.04,6254.77,6259.06,4.4,+0.07%,0
"2025-07-11 11:00",6260.12,6260.12,6249.18,6254.66,-5.45,-0.09%,0
"2025-07-11 10:30",6262,6265.45,6254.67,6260.11,-1.86,-0.03%,0
"2025-07-11 10:00",6254.21,6264.21,6251.88,6261.97,7.96,+0.13%,0
"2025-07-11 09:30",6255.68,6256.58,6237.6,6254.01,-26.45,-0.42%,0
"2025-07-10 16:30",6280.46,6280.46,6280.46,6280.46,0,0.00%,0
"2025-07-10 16:00",6280.25,6280.46,6280.19,6280.46,0.32,+0.01%,0
"2025-07-10 15:30",6283.44,6287.85,6274.09,6280.14,-3.35,-0.05%,0
"2025-07-10 15:00",6283.91,6287.13,6282.77,6283.49,-0.4,-0.01%,0
"2025-07-10 14:30",6287.67,6288.1,6282.68,6283.89,-3.79,-0.06%,0
"2025-07-10 14:00",6287.23,6290.22,6286.41,6287.68,0.46,+0.01%,0
"2025-07-10 13:30",6282.64,6289.04,6282.62,6287.22,4.62,+0.07%,0
"2025-07-10 13:00",6276.69,6284.03,6276.58,6282.6,5.99,+0.10%,0
"2025-07-10 12:30",6277.04,6279.13,6274.01,6276.61,-0.45,-0.01%,0
"2025-07-10 12:00",6278.32,6278.84,6271.73,6277.06,-1.22,-0.02%,0
"2025-07-10 11:30",6276.44,6279.45,6275.39,6278.28,1.62,+0.03%,0
"2025-07-10 11:00",6269.89,6276.85,6269.64,6276.66,6.73,+0.11%,0
"2025-07-10 10:30",6258.89,6272.47,6258.89,6269.93,11.18,+0.18%,0
"2025-07-10 10:00",6255.85,6263.99,6251.44,6258.75,2.8,+0.04%,0
"2025-07-10 09:30",6266.8,6267.19,6253.32,6255.95,-7.31,-0.12%,0
"2025-07-09 17:00",6263.26,6263.26,6263.26,6263.26,0,0.00%,0
"2025-07-09 16:00",6262.71,6263.35,6262.71,6263.26,0.99,+0.02%,0
"2025-07-09 15:30",6257.88,6263.85,6256.45,6262.27,4.42,+0.07%,0
"2025-07-09 15:00",6256.08,6259.71,6252.96,6257.85,1.76,+0.03%,0
"2025-07-09 14:30",6250.61,6257.47,6250.46,6256.09,5.35,+0.09%,0
"2025-07-09 14:00",6246.48,6254.66,6246.16,6250.74,4.18,+0.07%,0
"2025-07-09 13:30",6245.44,6249.94,6242.95,6246.56,1.1,+0.02%,0
"2025-07-09 13:00",6242.58,6248.62,6239.09,6245.46,2.84,+0.05%,0
"2025-07-09 12:30",6240.47,6245.23,6240,6242.62,2.13,+0.03%,0
"2025-07-09 12:00",6241.63,6246.23,6238.42,6240.49,-1.16,-0.02%,0
"2025-07-09 11:30",6243.05,6247.14,6236.06,6241.65,-1.38,-0.02%,0
"2025-07-09 11:00",6235.94,6244.38,6231.43,6243.03,7.05,+0.11%,0
"2025-07-09 10:30",6255.95,6255.95,6233.14,6235.98,-20.1,-0.32%,0
"2025-07-09 10:00",6264.12,6267.64,6254.4,6256.08,-9.38,-0.15%,0
"2025-07-09 09:30",6243.33,6269.16,6243.33,6265.46,39.94,+0.64%,0
"2025-07-08 16:30",6225.52,6225.52,6225.52,6225.52,0,0.00%,0
"2025-07-08 16:00",6225.62,6225.71,6225.52,6225.52,0.04,0.00%,0
"2025-07-08 15:30",6226.84,6228.56,6221.72,6225.48,-1.4,-0.02%,0
"2025-07-08 15:00",6227.15,6228.04,6223.29,6226.88,-0.28,0.00%,0
"2025-07-08 14:30",6228.55,6230.87,6225.37,6227.16,-1.37,-0.02%,0
"2025-07-08 14:00",6233.53,6234.75,6228.42,6228.53,-5.12,-0.08%,0
"2025-07-08 13:30",6230.06,6234.62,6224.54,6233.65,3.64,+0.06%,0
"2025-07-08 13:00",6229.88,6230.93,6220.88,6230.01,0.1,0.00%,0
"2025-07-08 12:30",6240.9,6241.76,6227.45,6229.91,-10.99,-0.18%,0
"2025-07-08 12:00",6233.13,6242.7,6227.54,6240.9,7.72,+0.12%,0
"2025-07-08 11:30",6221.72,6234.41,6221.72,6233.18,11.42,+0.18%,0
"2025-07-08 11:00",6225.9,6232.94,6219.39,6221.76,-4.01,-0.06%,0
"2025-07-08 10:30",6222.41,6236.84,6217.75,6225.77,3.39,+0.05%,0
"2025-07-08 10:00",6228.1,6231.07,6218.91,6222.38,-6.95,-0.11%,0
"2025-07-08 09:30",6234.03,6238.45,6227.53,6229.33,-0.65,-0.01%,0
"2025-07-07 16:30",6229.98,6229.98,6229.98,6229.98,0,0.00%,0
"2025-07-07 16:00",6230.07,6230.07,6229.95,6229.98,-0.78,-0.01%,0
"2025-07-07 15:30",6216.72,6230.76,6216.29,6230.76,13.98,+0.22%,0
"2025-07-07 15:00",6223.75,6225.79,6216.03,6216.78,-6.97,-0.11%,0
"2025-07-07 14:30",6201.65,6223.93,6201,6223.75,22.12,+0.36%,0
"2025-07-07 14:00",6222.48,6225.58,6201.5,6201.63,-20.89,-0.34%,0
"2025-07-07 13:30",6223.57,6234.95,6218.34,6222.52,-1.07,-0.02%,0
"2025-07-07 13:00",6220.22,6231.79,6218.51,6223.59,3.36,+0.05%,0
"2025-07-07 12:30",6227.93,6234.04,6217.42,6220.23,-7.76,-0.12%,0
"2025-07-07 12:00",6239.54,6244.66,6215.25,6227.99,-11.47,-0.18%,0
"2025-07-07 11:30",6242.6,6243.64,6234.02,6239.46,-3.32,-0.05%,0
"2025-07-07 11:00",6243.69,6245.68,6237.76,6242.78,-1.07,-0.02%,0
"2025-07-07 10:30",6252.43,6252.83,6241.39,6243.85,-8.53,-0.14%,0
"2025-07-07 10:00",6258.81,6260.01,6248.22,6252.38,-6.26,-0.10%,0
"2025-07-07 09:30",6259.04,6262.07,6250.4,6258.64,-20.71,-0.33%,0
"2025-07-03 13:30",6279.35,6279.35,6279.35,6279.35,0,0.00%,0
"2025-07-03 13:00",6277.6,6279.36,6277.6,6279.35,1.59,+0.03%,0
"2025-07-03 12:30",6279.16,6284.65,6271.35,6277.76,-1.39,-0.02%,0
"2025-07-03 12:00",6280.97,6282.42,6277.88,6279.15,-1.76,-0.03%,0
"2025-07-03 11:30",6276.49,6282.8,6276.09,6280.91,4.32,+0.07%,0
"2025-07-03 11:00",6275.43,6279.69,6274,6276.59,1.13,+0.02%,0
"2025-07-03 10:30",6272.03,6276.49,6270.13,6275.46,3.59,+0.06%,0
"2025-07-03 10:00",6262.25,6272.85,6262.25,6271.87,9.44,+0.15%,0
"2025-07-03 09:30",6246.46,6267.54,6246.46,6262.43,35.01,+0.56%,0
"2025-07-02 16:30",6227.42,6227.42,6227.42,6227.42,0,0.00%,0
"2025-07-02 16:00",6227.11,6227.42,6227.11,6227.42,0.15,0.00%,0
"2025-07-02 15:30",6220.41,6227.6,6218.87,6227.27,6.81,+0.11%,0
"2025-07-02 15:00",6221.07,6224.61,6220.03,6220.46,-0.63,-0.01%,0
"2025-07-02 14:30",6218.58,6222.27,6218.43,6221.09,2.49,+0.04%,0
"2025-07-02 14:00",6217.36,6219.96,6215.43,6218.6,1.28,+0.02%,0
"2025-07-02 13:30",6217.41,6219.83,6215.86,6217.32,-0.08,0.00%,0
"2025-07-02 13:00",6218.49,6219.2,6214.21,6217.4,-1.04,-0.02%,0
"2025-07-02 12:30",6214.7,6219.1,6213.29,6218.44,3.7,+0.06%,0
"2025-07-02 12:00",6215.98,6216.48,6211.83,6214.74,-1.4,-0.02%,0
"2025-07-02 11:30",6210.87,6217.48,6210.54,6216.14,5.2,+0.08%,0
"2025-07-02 11:00",6210.53,6214.37,6209.04,6210.94,0.53,+0.01%,0
"2025-07-02 10:30",6209.23,6214.63,6205.41,6210.41,1.27,+0.02%,0
"2025-07-02 10:00",6196.18,6210.47,6195.56,6209.14,13.57,+0.22%,0
"2025-07-02 09:30",6193.88,6200.19,6188.29,6195.57,-2.44,-0.04%,0
"2025-07-01 16:30",6198.01,6198.01,6198.01,6198.01,0,0.00%,0
"2025-07-01 16:00",6197.53,6198.1,6197.53,6198.01,0.43,+0.01%,0
"2025-07-01 15:30",6206.09,6209.52,6197.29,6197.58,-8.54,-0.14%,0
"2025-07-01 15:00",6202.46,6206.15,6190.31,6206.12,3.61,+0.06%,0
"2025-07-01 14:30",6202.86,6207.59,6202.32,6202.51,-0.35,-0.01%,0
"2025-07-01 14:00",6208.41,6209.51,6202.4,6202.86,-5.44,-0.09%,0
"2025-07-01 13:30",6203.45,6210.78,6200.79,6208.3,4.81,+0.08%,0
"2025-07-01 13:00",6194.17,6205.29,6193.17,6203.49,9.18,+0.15%,0
"2025-07-01 12:30",6196.09,6203.97,6193.51,6194.31,-1.83,-0.03%,0
"2025-07-01 12:00",6191.85,6203.55,6190.12,6196.14,4.37,+0.07%,0
"2025-07-01 11:30",6195.76,6197.63,6183.53,6191.77,-4.11,-0.07%,0
"2025-07-01 11:00",6187.54,6197.97,6177.97,6195.88,8.3,+0.13%,0
"2025-07-01 10:30",6193.61,6199,6184.02,6187.58,-6.15,-0.10%,0
"2025-07-01 10:00",6194.85,6203.21,6190.62,6193.73,-1.26,-0.02%,0
"2025-07-01 09:30",6187.25,6200.12,6184.96,6194.99,-9.96,-0.16%,0
"2025-06-30 16:30",6204.95,6204.95,6204.95,6204.95,0,0.00%,0
"2025-06-30 16:00",6203.31,6204.95,6203.31,6204.95,0.6,+0.01%,0
"2025-06-30 15:30",6202.32,6215.08,6197.4,6204.35,2.03,+0.03%,0
"2025-06-30 15:00",6191.83,6205.26,6191.81,6202.32,10.62,+0.17%,0
"2025-06-30 14:30",6183.42,6191.74,6176.03,6191.7,8.21,+0.13%,0
"2025-06-30 14:00",6181.19,6186.93,6179.99,6183.49,2.24,+0.04%,0
"2025-06-30 13:30",6188.02,6188.48,6174.97,6181.25,-6.72,-0.11%,0
"2025-06-30 13:00",6189.53,6190.95,6185.39,6187.97,-1.43,-0.02%,0
"2025-06-30 12:30",6185.67,6194.01,6185.21,6189.4,3.68,+0.06%,0
"2025-06-30 12:00",6187.39,6191.77,6184.6,6185.72,-1.7,-0.03%,0
"2025-06-30 11:30",6184.63,6192.03,6183.83,6187.42,2.86,+0.05%,0
"2025-06-30 11:00",6182.82,6188.4,6180.26,6184.56,1.8,+0.03%,0
"2025-06-30 10:30",6189.33,6189.97,6179.83,6182.76,-6.34,-0.10%,0
"2025-06-30 10:00",6187.78,6190.9,6183.05,6189.1,1.8,+0.03%,0
"2025-06-30 09:30",6193.36,6195.34,6183.98,6187.3,14.23,+0.23%,0
"2025-06-27 16:30",6173.07,6173.07,6173.07,6173.07,0,0.00%,0
"2025-06-27 16:00",6172.85,6173.14,6172.74,6173.07,1.1,+0.02%,0
"2025-06-27 15:30",6147.57,6174.79,6147.57,6171.97,24.42,+0.40%,0
"2025-06-27 15:00",6135.45,6150.5,6134.19,6147.55,12.11,+0.20%,0
"2025-06-27 14:30",6147.11,6148.98,6132.35,6135.44,-11.89,-0.19%,0
"2025-06-27 14:00",6165.15,6166.66,6147.28,6147.33,-17.91,-0.29%,0
"2025-06-27 13:30",6177.37,6179.27,6156.76,6165.24,-12.11,-0.20%,0
"2025-06-27 13:00",6183.31,6183.38,6176.52,6177.35,-5.94,-0.10%,0
"2025-06-27 12:30",6186.76,6187.68,6180.33,6183.29,-3.47,-0.06%,0
"2025-06-27 12:00",6182.63,6186.99,6180.6,6186.76,4.13,+0.07%,0
"2025-06-27 11:30",6176.89,6184.73,6176.89,6182.63,5.8,+0.09%,0
"2025-06-27 11:00",6172.33,6177.75,6170.54,6176.83,4.38,+0.07%,0
"2025-06-27 10:30",6173.06,6178.8,6170.03,6172.45,-0.55,-0.01%,0
"2025-06-27 10:00",6167.14,6178.74,6167.14,6173,6.09,+0.10%,0
"2025-06-27 09:30",6150.7,6170.25,6150.7,6166.91,25.89,+0.42%,0
"2025-06-26 16:30",6141.02,6141.02,6141.02,6141.02,0,0.00%,0
"2025-06-26 16:00",6142.09,6142.09,6141.02,6141.02,-1.6,-0.03%,0
"2025-06-26 15:30",6140.1,6146.52,6136.15,6142.62,2.47,+0.04%,0
"2025-06-26 15:00",6138.14,6141.44,6136.81,6140.15,1.99,+0.03%,0
"2025-06-26 14:30",6140.87,6142.8,6134.83,6138.16,-2.74,-0.04%,0
"2025-06-26 14:00",6136.5,6144.66,6135.53,6140.9,4.42,+0.07%,0
"2025-06-26 13:30",6135.28,6139.46,6135.28,6136.48,1.13,+0.02%,0
"2025-06-26 13:00",6132.17,6136.16,6130.32,6135.35,3.27,+0.05%,0
"2025-06-26 12:30",6132.51,6134.87,6130.63,6132.08,-0.37,-0.01%,0
"2025-06-26 12:00",6128.83,6134.99,6128.18,6132.45,3.55,+0.06%,0
"2025-06-26 11:30",6124.78,6130.26,6122.12,6128.9,4.21,+0.07%,0
"2025-06-26 11:00",6127.65,6132.31,6124.64,6124.69,-2.94,-0.05%,0
"2025-06-26 10:30",6123.18,6129,6123.04,6127.63,4.43,+0.07%,0
"2025-06-26 10:00",6115.83,6123.76,6115.05,6123.2,7.35,+0.12%,0
"2025-06-26 09:30",6112.09,6118.05,6107.27,6115.85,23.69,+0.39%,0
"2025-06-25 16:30",6092.16,6092.16,6092.16,6092.16,0,0.00%,0
"2025-06-25 16:00",6093.46,6093.46,6092.16,6092.16,-1.7,-0.03%,0
"2025-06-25 15:30",6094.07,6094.49,6087.6,6093.86,-0.19,0.00%,0
"2025-06-25 15:00",6087.81,6097.18,6087.77,6094.05,6.25,+0.10%,0
"2025-06-25 14:30",6087.44,6088.85,6084.32,6087.8,0.35,+0.01%,0
"2025-06-25 14:00",6085.96,6089.08,6084.37,6087.45,1.5,+0.02%,0
"2025-06-25 13:30",6093.78,6094.11,6080.09,6085.95,-7.88,-0.13%,0
"2025-06-25 13:00",6090.81,6094.88,6086.26,6093.83,3,+0.05%,0
"2025-06-25 12:30",6093.34,6094.49,6088.04,6090.83,-2.49,-0.04%,0
"2025-06-25 12:00",6092.77,6096.25,6091.94,6093.32,0.49,+0.01%,0
"2025-06-25 11:30",6095.17,6095.17,6088.81,6092.83,-2.36,-0.04%,0
"2025-06-25 11:00",6101.53,6101.93,6092.18,6095.19,-6.27,-0.10%,0
"2025-06-25 10:30",6101.01,6107.39,6099.39,6101.46,0.63,+0.01%,0
"2025-06-25 10:00",6106.08,6106.85,6096.88,6100.83,-5.11,-0.08%,0
"2025-06-25 09:30",6104.23,6108.51,6097.84,6105.94,13.76,+0.23%,0
"2025-06-24 16:30",6092.18,6092.18,6092.18,6092.18,0,0.00%,0
"2025-06-24 16:00",6092.45,6092.51,6092.18,6092.18,-1.1,-0.02%,0
"2025-06-24 15:30",6098.76,6101.76,6092.42,6093.28,-5.48,-0.09%,0
"2025-06-24 15:00",6096.68,6100.24,6096.66,6098.76,2,+0.03%,0
"2025-06-24 14:30",6093.83,6096.81,6092.69,6096.76,2.95,+0.05%,0
"2025-06-24 14:00",6095.56,6098.25,6093.35,6093.81,-1.74,-0.03%,0
"2025-06-24 13:30",6087.35,6097.07,6087.31,6095.55,8.22,+0.14%,0
"2025-06-24 13:00",6089.95,6093.57,6087.33,6087.33,-2.62,-0.04%,0
"2025-06-24 12:30",6089.14,6095.37,6087.59,6089.95,0.84,+0.01%,0
"2025-06-24 12:00",6081.35,6089.83,6080.61,6089.11,7.76,+0.13%,0
"2025-06-24 11:30",6081.39,6085.4,6080.55,6081.35,-0.08,0.00%,0
"2025-06-24 11:00",6073.04,6081.62,6073.04,6081.43,8.47,+0.14%,0
"2025-06-24 10:30",6069.38,6077.19,6069.38,6072.96,3.71,+0.06%,0
"2025-06-24 10:00",6062.42,6072.92,6059.25,6069.25,6.02,+0.10%,0
"2025-06-24 09:30",6061.21,6078.71,6061.03,6063.23,38.06,+0.63%,0
"2025-06-23 16:30",6025.17,6025.17,6025.17,6025.17,0,0.00%,0
"2025-06-23 16:00",6025.04,6025.19,6024.93,6025.17,0.42,+0.01%,0
"2025-06-23 15:30",6016.06,6028.77,6012.94,6024.75,8.68,+0.14%,0
"2025-06-23 15:00",6008.41,6017.2,6007.92,6016.07,7.69,+0.13%,0
"2025-06-23 14:30",6007.59,6010.69,6004.3,6008.38,0.75,+0.01%,0
"2025-06-23 14:00",6008.76,6014.42,6007.33,6007.63,-1.08,-0.02%,0
"2025-06-23 13:30",6000.94,6014.6,6000.94,6008.71,7.93,+0.13%,0
"2025-06-23 13:00",5959.43,6002.57,5955.98,6000.78,41.43,+0.70%,0
"2025-06-23 12:30",5966.59,5976.73,5943.23,5959.35,-7.16,-0.12%,0
"2025-06-23 12:00",5982.52,5983.94,5965.7,5966.51,-16.1,-0.27%,0
"2025-06-23 11:30",5988.15,5990.91,5981.5,5982.61,-5.43,-0.09%,0
"2025-06-23 11:00",5988.61,5999.52,5988.04,5988.04,-0.49,-0.01%,0
"2025-06-23 10:30",5999.74,6000.98,5988.52,5988.53,-11.12,-0.19%,0
"2025-06-23 10:00",5989.87,6005.58,5989.87,5999.65,9.78,+0.16%,0
"2025-06-23 09:30",5969.67,5989.87,5958.16,5989.87,22.03,+0.37%,0
"2025-06-20 16:30",5967.84,5967.84,5967.84,5967.84,0,0.00%,0
"2025-06-20 16:00",5966.93,5967.84,5966.93,5967.84,-0.5,-0.01%,0
"2025-06-20 15:30",5958.44,5973.24,5957.18,5968.34,9.95,+0.17%,0
"2025-06-20 15:00",5959.36,5963.27,5956.62,5958.39,-1.04,-0.02%,0
"2025-06-20 14:30",5972.25,5975.58,5958.09,5959.43,-12.78,-0.21%,0
"2025-06-20 14:00",5963.9,5976.48,5963.02,5972.21,8.3,+0.14%,0
"2025-06-20 13:30",5959.66,5964.05,5952.56,5963.91,4.23,+0.07%,0
"2025-06-20 13:00",5976.38,5981.44,5959.64,5959.68,-16.73,-0.28%,0
"2025-06-20 12:30",5972.82,5980.34,5972.82,5976.41,3.58,+0.06%,0
"2025-06-20 12:00",5970.6,5976.71,5966.19,5972.83,2.37,+0.04%,0
"2025-06-20 11:30",5974.93,5987.33,5970.02,5970.46,-4.3,-0.07%,0
"2025-06-20 11:00",5967.56,5979.59,5959.18,5974.76,7.19,+0.12%,0
"2025-06-20 10:30",5985.21,5988.87,5963.72,5967.57,-17.66,-0.30%,0
"2025-06-20 10:00",5996.94,5999.38,5977.31,5985.23,-11.62,-0.19%,0
"2025-06-20 09:30",5999.67,6018.2,5995.89,5996.85,15.98,+0.27%,0
"2025-06-18 16:30",5980.87,5980.87,5980.87,5980.87,0,0.00%,0
"2025-06-18 16:00",5980.12,5980.89,5980.12,5980.87,0.54,+0.01%,0
"2025-06-18 15:30",5975.82,5993.7,5973.52,5980.33,4.52,+0.08%,0
"2025-06-18 15:00",5978.6,5994.84,5971.89,5975.81,-2.8,-0.05%,0
"2025-06-18 14:30",5999.77,6013.25,5973.92,5978.61,-21.04,-0.35%,0
"2025-06-18 14:00",6001.44,6014.55,5991.8,5999.65,-2.64,-0.04%,0
"2025-06-18 13:30",5994.76,6005.27,5987.13,6002.29,7.52,+0.13%,0
"2025-06-18 13:00",6001.33,6003.2,5994.77,5994.77,-6.5,-0.11%,0
"2025-06-18 12:30",6001.38,6006.98,6000.58,6001.27,-0.13,0.00%,0
"2025-06-18 12:00",6003.42,6009,6000.64,6001.4,-2.,-0.03%,0
"2025-06-18 11:30",6007.48,6011.15,6002.71,6003.4,-4.09,-0.07%,0
"2025-06-18 11:00",6014.92,6015.22,6005.68,6007.49,-7.57,-0.13%,0
"2025-06-18 10:30",6014.45,6018.25,6011.93,6015.06,0.45,+0.01%,0
"2025-06-18 10:00",5997.91,6016.81,5994.51,6014.61,16.64,+0.28%,0
"2025-06-18 09:30",5987.93,6001.54,5980.68,5997.97,15.25,+0.25%,0
"2025-06-17 16:30",5982.72,5982.72,5982.72,5982.72,0,0.00%,0
"2025-06-17 16:00",5982.05,5982.72,5982.05,5982.72,0.66,+0.01%,0
"2025-06-17 15:30",5988.84,5990.78,5980.24,5982.06,-6.79,-0.11%,0
"2025-06-17 15:00",5987.61,5989.91,5980.77,5988.85,1.14,+0.02%,0
"2025-06-17 14:30",5980.33,5987.71,5974.8,5987.71,7.4,+0.12%,0
"2025-06-17 14:00",5987.36,5987.67,5976.5,5980.31,-7.2,-0.12%,0
"2025-06-17 13:30",5996.82,6005.12,5983.18,5987.51,-9.35,-0.16%,0
"2025-06-17 13:00",6004.04,6007.9,5996.86,5996.86,-7.3,-0.12%,0
"2025-06-17 12:30",6018.44,6022.56,6002.2,6004.16,-14.34,-0.24%,0
"2025-06-17 12:00",6014,6022.06,6013.28,6018.5,4.55,+0.08%,0
"2025-06-17 11:30",6011.73,6018.63,6008.89,6013.95,2.27,+0.04%,0
"2025-06-17 11:00",6011.53,6023.25,6010.86,6011.68,0.08,0.00%,0
"2025-06-17 10:30",6018.55,6020.42,6010.73,6011.6,-7.08,-0.12%,0
"2025-06-17 10:00",6015.59,6023.25,6010.95,6018.68,3.62,+0.06%,0
"2025-06-17 09:30",6012.15,6015.7,6005.82,6015.06,-18.05,-0.30%,0
"2025-06-16 16:30",6033.11,6033.11,6033.11,6033.11,0,0.00%,0
"2025-06-16 16:00",6033.26,6033.52,6033.1,6033.11,-0.27,0.00%,0
"2025-06-16 15:30",6027.09,6034.4,6024.81,6033.38,6.31,+0.10%,0
"2025-06-16 15:00",6031.97,6032.55,6023.4,6027.07,-4.91,-0.08%,0
"2025-06-16 14:30",6032.39,6033.8,6025.43,6031.98,-0.33,-0.01%,0
"2025-06-16 14:00",6029.95,6034.93,6029.73,6032.31,2.34,+0.04%,0
"2025-06-16 13:30",6040.37,6043.21,6028.69,6029.97,-10.35,-0.17%,0
"2025-06-16 13:00",6033.8,6041.83,6030.4,6040.32,6.58,+0.11%,0
"2025-06-16 12:30",6037.08,6038.52,6032.07,6033.74,-3.4,-0.06%,0
"2025-06-16 12:00",6037.97,6043.01,6035.31,6037.14,-0.8,-0.01%,0
"2025-06-16 11:30",6040.38,6044.82,6035.4,6037.94,-2.24,-0.04%,0
"2025-06-16 11:00",6045.79,6047.39,6039.53,6040.18,-5.9,-0.10%,0
"2025-06-16 10:30",6046.9,6050.83,6044.27,6046.08,-0.65,-0.01%,0
"2025-06-16 10:00",6036.39,6047.81,6036.39,6046.73,10.08,+0.17%,0
"2025-06-16 09:30",6004,6039.87,6004,6036.65,59.68,+1.00%,0
"2025-06-13 16:30",5976.97,5976.97,5976.97,5976.97,0,0.00%,0
"2025-06-13 16:00",5976.99,5976.99,5976.86,5976.97,-0.51,-0.01%,0
"2025-06-13 15:30",5970.89,5979.78,5963.21,5977.48,6.6,+0.11%,0
"2025-06-13 15:00",5979.37,5983.93,5968.7,5970.88,-8.4,-0.14%,0
"2025-06-13 14:30",5979.32,5980.55,5964.26,5979.28,-0.16,0.00%,0
"2025-06-13 14:00",6005.83,6010.22,5978.67,5979.44,-26.44,-0.44%,0
"2025-06-13 13:30",6003.77,6008.6,5998.38,6005.88,2.1,+0.03%,0
"2025-06-13 13:00",6018.83,6019.53,6000.59,6003.78,-15.03,-0.25%,0
"2025-06-13 12:30",6016.57,6022.29,6011.27,6018.81,2.16,+0.04%,0
"2025-06-13 12:00",6020.67,6026.16,6015.71,6016.65,-4.08,-0.07%,0
"2025-06-13 11:30",6013.6,6024.88,6011.38,6020.73,7.18,+0.12%,0
"2025-06-13 11:00",5999.3,6013.9,5997.6,6013.55,14.23,+0.24%,0
"2025-06-13 10:30",5975.91,6001.13,5974.65,5999.32,23.42,+0.39%,0
"2025-06-13 10:00",5988.05,5998.19,5974.68,5975.9,-11.96,-0.20%,0
"2025-06-13 09:30",6000.56,6010.13,5987.19,5987.86,-57.4,-0.95%,0
"2025-06-12 16:30",6045.26,6045.26,6045.26,6045.26,0,0.00%,0
"2025-06-12 16:00",6045.43,6045.43,6045.05,6045.26,0.06,0.00%,0
"2025-06-12 15:30",6041.62,6045.2,6033.12,6045.2,3.57,+0.06%,0
"2025-06-12 15:00",6042.32,6044.1,6039.81,6041.63,-0.77,-0.01%,0
"2025-06-12 14:30",6036.87,6042.46,6034,6042.4,5.58,+0.09%,0
"2025-06-12 14:00",6039.66,6042.76,6033.81,6036.82,-2.76,-0.05%,0
"2025-06-12 13:30",6038.01,6044.21,6038.01,6039.58,1.61,+0.03%,0
"2025-06-12 13:00",6033.58,6041.77,6033.01,6037.97,4.31,+0.07%,0
"2025-06-12 12:30",6038.85,6041.91,6030.57,6033.66,-5.2,-0.09%,0
"2025-06-12 12:00",6033.57,6040.1,6028.8,6038.86,5.33,+0.09%,0
"2025-06-12 11:30",6032.71,6034.44,6026.8,6033.53,0.85,+0.01%,0
"2025-06-12 11:00",6035.7,6044.67,6025.61,6032.68,-3.03,-0.05%,0
"2025-06-12 10:30",6033.89,6040.5,6032.47,6035.71,1.86,+0.03%,0
"2025-06-12 10:00",6017.63,6034.91,6015.78,6033.85,16.61,+0.28%,0
"2025-06-12 09:30",6009.9,6021.2,6003.88,6017.24,-5.,-0.08%,0
"2025-06-11 16:30",6022.24,6022.24,6022.24,6022.24,0,0.00%,0
"2025-06-11 16:00",6023.29,6023.29,6022.24,6022.24,-1.48,-0.02%,0
"2025-06-11 15:30",6014.04,6023.79,6006.76,6023.72,9.72,+0.16%,0
"2025-06-11 15:00",6016.92,6019.67,6008.64,6014,-2.91,-0.05%,0
"2025-06-11 14:30",6016.01,6030.2,6007.95,6016.91,0.9,+0.01%,0
"2025-06-11 14:00",6033.76,6036.14,6002.32,6016.01,-17.72,-0.29%,0
"2025-06-11 13:30",6052.12,6052.89,6033.06,6033.73,-18.36,-0.30%,0
"2025-06-11 13:00",6043.05,6052.65,6041.86,6052.09,9.03,+0.15%,0
"2025-06-11 12:30",6040.67,6044.32,6036.74,6043.06,2.33,+0.04%,0
"2025-06-11 12:00",6045.08,6047.45,6028.81,6040.73,-4.56,-0.08%,0
"2025-06-11 11:30",6051.31,6052.91,6041.87,6045.29,-6.06,-0.10%,0
"2025-06-11 11:00",6056.13,6058.66,6044.38,6051.35,-4.75,-0.08%,0
"2025-06-11 10:30",6057,6059.4,6053.33,6056.1,-0.9,-0.01%,0
"2025-06-11 10:00",6045.74,6058.13,6042.44,6057,11.85,+0.20%,0
"2025-06-11 09:30",6049.38,6050.85,6031.81,6045.15,6.34,+0.10%,0
"2025-06-10 16:30",6038.81,6038.81,6038.81,6038.81,0,0.00%,0
"2025-06-10 16:00",6039.45,6039.45,6038.8,6038.81,-1.02,-0.02%,0
"2025-06-10 15:30",6035.53,6040.43,6025.5,6039.83,4.33,+0.07%,0
"2025-06-10 15:00",6033.14,6043.01,6031.73,6035.5,2.13,+0.04%,0
"2025-06-10 14:30",6018.27,6037.03,6017.54,6033.37,15.08,+0.25%,0
"2025-06-10 14:00",6021.81,6021.81,6011.41,6018.29,-3.6,-0.06%,0
"2025-06-10 13:30",6027.69,6028.36,6021.61,6021.89,-5.82,-0.10%,0
"2025-06-10 13:00",6030.44,6035.83,6026.37,6027.71,-2.81,-0.05%,0
"2025-06-10 12:30",6027.61,6031.3,6026.78,6030.52,2.92,+0.05%,0
"2025-06-10 12:00",6021.43,6028.64,6021.14,6027.6,6.2,+0.10%,0
"2025-06-10 11:30",6020.44,6021.54,6000.28,6021.4,0.94,+0.02%,0
"2025-06-10 11:00",6019.84,6023.91,6018.2,6020.46,0.52,+0.01%,0
"2025-06-10 10:30",6020.9,6024.86,6019.3,6019.94,-1.05,-0.02%,0
"2025-06-10 10:00",6014.92,6022.02,6014.45,6020.99,6.69,+0.11%,0
"2025-06-10 09:30",6009.91,6020.4,6009.91,6014.3,8.42,+0.14%,0
"2025-06-09 16:30",6005.88,6005.88,6005.88,6005.88,0,0.00%,0
"2025-06-09 16:00",6004.81,6005.88,6004.81,6005.88,1.68,+0.03%,0
"2025-06-09 15:30",6014.04,6016.1,6004.2,6004.2,-9.88,-0.16%,0
"2025-06-09 15:00",6019.02,6020.02,6012.63,6014.08,-5.06,-0.08%,0
"2025-06-09 14:30",6019.43,6020.78,6012.94,6019.14,-0.29,0.00%,0
"2025-06-09 14:00",6018.68,6021.31,6016.58,6019.43,0.78,+0.01%,0
"2025-06-09 13:30",6017.14,6020.88,6014.71,6018.65,1.58,+0.03%,0
"2025-06-09 13:00",6015.82,6019.84,6010.24,6017.07,1.19,+0.02%,0
"2025-06-09 12:30",6007.09,6019.41,6007.06,6015.88,8.89,+0.15%,0
"2025-06-09 12:00",6007.62,6009.3,6003.05,6006.99,-0.59,-0.01%,0
"2025-06-09 11:30",6001.17,6009.06,6001.17,6007.58,6.37,+0.11%,0
"2025-06-09 11:00",6004.06,6007.59,5999.74,6001.21,-2.8,-0.05%,0
"2025-06-09 10:30",6006.8,6012.37,6000.01,6004.01,-2.76,-0.05%,0
"2025-06-09 10:00",5999.2,6009.55,5997.3,6006.77,7.56,+0.13%,0
"2025-06-09 09:30",6004.63,6009.16,5994.18,5999.21,-1.15,-0.02%,0
"2025-06-06 17:00",6000.36,6000.36,6000.36,6000.36,0,0.00%,0
"2025-06-06 16:00",5999.74,6000.36,5999.74,6000.36,0.7,+0.01%,0
"2025-06-06 15:30",6002.94,6007.54,5999.48,5999.66,-3.34,-0.06%,0
"2025-06-06 15:00",6006.86,6009.56,6001.62,6003,-3.88,-0.06%,0
"2025-06-06 14:30",6005.29,6013.09,6004.48,6006.88,1.63,+0.03%,0
"2025-06-06 14:00",5998.94,6010.38,5998.91,6005.25,6.27,+0.10%,0
"2025-06-06 13:30",5991.85,5999.78,5991.85,5998.98,7.15,+0.12%,0
"2025-06-06 13:00",5985.65,5994.87,5981.41,5991.83,6.19,+0.10%,0
"2025-06-06 12:30",5995.76,5997.84,5978.63,5985.64,-10.11,-0.17%,0
"2025-06-06 12:00",5996.62,6003.48,5994.08,5995.75,-1.,-0.02%,0
"2025-06-06 11:30",5994.16,6000.97,5989.91,5996.75,2.6,+0.04%,0
"2025-06-06 11:00",6002.54,6012.12,5982.9,5994.15,-8.4,-0.14%,0
"2025-06-06 10:30",6000.93,6008.15,5996.35,6002.55,1.52,+0.03%,0
"2025-06-06 10:00",6011.55,6013.3,5998.12,6001.03,-9.89,-0.16%,0
"2025-06-06 09:30",5987.06,6016.87,5987.06,6010.92,71.62,+1.21%,0
"2025-06-05 16:30",5939.3,5939.3,5939.3,5939.3,0,0.00%,0
"2025-06-05 16:00",5939.24,5939.51,5939.24,5939.3,-0.38,-0.01%,0
"2025-06-05 15:30",5933.85,5956.52,5932.59,5939.68,5.87,+0.10%,0
"2025-06-05 15:00",5962.21,5964.49,5921.2,5933.81,-28.54,-0.48%,0
"2025-06-05 14:30",5962.96,5970.77,5961.38,5962.35,-0.68,-0.01%,0
"2025-06-05 14:00",5968.67,5969.72,5942.07,5963.03,-5.66,-0.09%,0
"2025-06-05 13:30",5974.62,5979.4,5967.96,5968.69,-5.94,-0.10%,0
"2025-06-05 13:00",5957.83,5976.51,5953.44,5974.63,16.8,+0.28%,0
"2025-06-05 12:30",5989.33,5990.19,5953.35,5957.83,-31.57,-0.53%,0
"2025-06-05 12:00",5997.81,5999.7,5981.07,5989.4,-8.42,-0.14%,0
"2025-06-05 11:30",5996.47,5999.21,5992.23,5997.82,1.46,+0.02%,0
"2025-06-05 11:00",5983.22,5996.89,5981.44,5996.36,12.91,+0.22%,0
"2025-06-05 10:30",5971.32,5984.6,5951.89,5983.45,12.14,+0.20%,0
"2025-06-05 10:00",5952.11,5971.68,5951.79,5971.31,18.82,+0.32%,0
"2025-06-05 09:30",5985.67,5989.37,5949.36,5952.49,-18.32,-0.31%,0
"2025-06-04 16:30",5970.81,5970.81,5970.81,5970.81,0,0.00%,0
"2025-06-04 16:00",5970.73,5970.89,5970.73,5970.81,-0.35,-0.01%,0
"2025-06-04 15:30",5980.65,5982.53,5970.53,5971.16,-9.42,-0.16%,0
"2025-06-04 15:00",5980.58,5982.62,5977.86,5980.58,-0.03,0.00%,0
"2025-06-04 14:30",5986.25,5987.01,5979.4,5980.61,-5.57,-0.09%,0
"2025-06-04 14:00",5986.2,5989.61,5983.78,5986.18,0,0.00%,0
"2025-06-04 13:30",5983.48,5987.14,5981.56,5986.18,2.71,+0.05%,0
"2025-06-04 13:00",5977.84,5984.65,5977.84,5983.47,5.63,+0.09%,0
"2025-06-04 12:30",5969.79,5978.57,5969.36,5977.84,8,+0.13%,0
"2025-06-04 12:00",5978.92,5979.54,5968.86,5969.84,-9.15,-0.15%,0
"2025-06-04 11:30",5980.48,5984.05,5975.1,5978.99,-1.58,-0.03%,0
"2025-06-04 11:00",5985.58,5988.88,5980.57,5980.57,-5.02,-0.08%,0
"2025-06-04 10:30",5986.9,5988.29,5977.81,5985.59,-1.29,-0.02%,0
"2025-06-04 10:00",5985.92,5987.84,5966.11,5986.88,1.45,+0.02%,0
"2025-06-04 09:30",5978.94,5990.48,5978.94,5985.43,15.06,+0.25%,0
"2025-06-03 16:30",5970.37,5970.37,5970.37,5970.37,0,0.00%,0
"2025-06-03 16:00",5971.26,5971.26,5970.36,5970.37,-0.16,0.00%,0
"2025-06-03 15:30",5972.74,5975.23,5963.21,5970.53,-2.2,-0.04%,0
"2025-06-03 15:00",5973.73,5975.34,5968.74,5972.73,-1.04,-0.02%,0
"2025-06-03 14:30",5971.98,5974.88,5969.86,5973.77,1.76,+0.03%,0
"2025-06-03 14:00",5971.96,5972.47,5959.25,5972.01,0.08,0.00%,0
"2025-06-03 13:30",5978.18,5980.38,5971.42,5971.93,-6.24,-0.10%,0
"2025-06-03 13:00",5975.49,5981.35,5973.37,5978.17,2.73,+0.05%,0
"2025-06-03 12:30",5971.26,5977.04,5971.03,5975.44,4.26,+0.07%,0
"2025-06-03 12:00",5967.04,5972.58,5963.13,5971.18,4.21,+0.07%,0
"2025-06-03 11:30",5959.85,5967.27,5959.16,5966.97,7.4,+0.12%,0
"2025-06-03 11:00",5954.2,5961.66,5954.2,5959.57,5.4,+0.09%,0
"2025-06-03 10:30",5948.81,5954.39,5942.39,5954.17,5.65,+0.09%,0
"2025-06-03 10:00",5934.03,5948.52,5929,5948.52,14.18,+0.24%,0
"2025-06-03 09:30",5938.56,5941.92,5930.18,5934.34,-1.6,-0.03%,0
"2025-06-02 16:30",5935.94,5935.94,5935.94,5935.94,0,0.00%,0
"2025-06-02 16:00",5936.49,5936.49,5935.94,5935.94,-1.46,-0.02%,0
"2025-06-02 15:30",5934.22,5937.4,5927.18,5937.4,3.32,+0.06%,0
"2025-06-02 15:00",5929.06,5936.94,5928.38,5934.08,5.09,+0.09%,0
"2025-06-02 14:30",5925.29,5929.83,5922.95,5928.99,3.76,+0.06%,0
"2025-06-02 14:00",5910.03,5926.92,5906.42,5925.23,15.16,+0.26%,0
"2025-06-02 13:30",5909.1,5912.32,5905.62,5910.07,0.96,+0.02%,0
"2025-06-02 13:00",5910.32,5916.2,5908,5909.11,-1.23,-0.02%,0
"2025-06-02 12:30",5904.13,5911.79,5901.48,5910.34,6.28,+0.11%,0
"2025-06-02 12:00",5908.3,5909.44,5900.81,5904.06,-4.24,-0.07%,0
"2025-06-02 11:30",5895.96,5910.91,5892.23,5908.3,12.52,+0.21%,0
"2025-06-02 11:00",5903.5,5906.33,5893.87,5895.78,-7.87,-0.13%,0
"2025-06-02 10:30",5895.8,5904.98,5892.64,5903.65,7.72,+0.13%,0
"2025-06-02 10:00",5877.05,5896.41,5861.43,5895.93,18.58,+0.32%,0
"2025-06-02 09:30",5896.68,5908.01,5876.54,5877.35,-34.34,-0.58%,0
"2025-05-30 16:30",5911.69,5911.69,5911.69,5911.69,0,0.00%,0
"2025-05-30 16:00",5907.2,5911.69,5907.2,5911.69,4.63,+0.08%,0
"2025-05-30 15:30",5917.33,5922.14,5904.19,5907.06,-10.29,-0.17%,0
"2025-05-30 15:00",5898.1,5919.96,5897.32,5917.35,19.23,+0.33%,0
"2025-05-30 14:30",5893.79,5899.39,5889.25,5898.12,4.32,+0.07%,0
"2025-05-30 14:00",5869.6,5897.71,5869.6,5893.8,24.25,+0.41%,0
"2025-05-30 13:30",5869.63,5877.43,5867.11,5869.55,-0.05,0.00%,0
"2025-05-30 13:00",5854.28,5871.05,5851.49,5869.6,15.5,+0.26%,0
"2025-05-30 12:30",5860.86,5865.31,5843.66,5854.1,-6.,-0.10%,0
"2025-05-30 12:00",5891.21,5897.16,5858.87,5860.1,-31.1,-0.53%,0
"2025-05-30 11:30",5902.62,5904.74,5884.68,5891.2,-11.45,-0.19%,0
"2025-05-30 11:00",5897.93,5904.27,5892.28,5902.65,4.75,+0.08%,0
"2025-05-30 10:30",5907.25,5910.24,5896.29,5897.9,-9.3,-0.16%,0
"2025-05-30 10:00",5881.58,5908.11,5881.58,5907.2,26.16,+0.44%,0
"2025-05-30 09:30",5903.67,5903.67,5875.4,5881.04,-31.13,-0.53%,0
"2025-05-29 16:30",5912.17,5912.17,5912.17,5912.17,0,0.00%,0
"2025-05-29 16:00",5912.03,5912.34,5912.03,5912.17,0.01,0.00%,0
"2025-05-29 15:30",5900.74,5917.77,5900.74,5912.16,11.41,+0.19%,0
"2025-05-29 15:00",5899.45,5908.52,5895.75,5900.75,1.28,+0.02%,0
"2025-05-29 14:30",5892.01,5906.73,5891.99,5899.47,7.31,+0.12%,0
"2025-05-29 14:00",5897.42,5904.32,5888.13,5892.16,-5.27,-0.09%,0
"2025-05-29 13:30",5905.37,5909.32,5896.22,5897.43,-7.91,-0.13%,0
"2025-05-29 13:00",5910.23,5915.43,5903.91,5905.34,-4.89,-0.08%,0
"2025-05-29 12:30",5902.09,5912.63,5901.3,5910.23,7.99,+0.14%,0
"2025-05-29 12:00",5882.83,5903.65,5873.8,5902.24,19.54,+0.33%,0
"2025-05-29 11:30",5919.11,5919.61,5878.38,5882.7,-36.44,-0.62%,0
"2025-05-29 11:00",5920.93,5921.49,5908.01,5919.14,-1.74,-0.03%,0
"2025-05-29 10:30",5912.59,5922.19,5905.38,5920.88,8.27,+0.14%,0
"2025-05-29 10:00",5924.7,5927.54,5897.45,5912.61,-12.11,-0.20%,0
"2025-05-29 09:30",5939.96,5943.13,5914.84,5924.72,36.17,+0.61%,0
"2025-05-28 16:30",5888.55,5888.55,5888.55,5888.55,0,0.00%,0
"2025-05-28 16:00",5888.95,5888.95,5888.55,5888.55,-0.95,-0.02%,0
"2025-05-28 15:30",5906.78,5907.62,5881.88,5889.5,-17.31,-0.29%,0
"2025-05-28 15:00",5909.35,5918.86,5905.3,5906.81,-2.61,-0.04%,0
"2025-05-28 14:30",5912.34,5914.63,5892.18,5909.42,-2.83,-0.05%,0
"2025-05-28 14:00",5908.9,5915.86,5908.76,5912.25,3.3,+0.06%,0
"2025-05-28 13:30",5914.26,5914.33,5906.77,5908.95,-5.29,-0.09%,0
"2025-05-28 13:00",5911.15,5917.43,5910.11,5914.24,3.03,+0.05%,0
"2025-05-28 12:30",5910.43,5913.78,5908.4,5911.21,0.75,+0.01%,0
"2025-05-28 12:00",5902.06,5911.35,5902.06,5910.46,8.49,+0.14%,0
"2025-05-28 11:30",5905.81,5907.99,5901.79,5901.97,-3.86,-0.07%,0
"2025-05-28 11:00",5905.29,5912.73,5903.87,5905.83,0.38,+0.01%,0
"2025-05-28 10:30",5914.28,5914.83,5904.07,5905.45,-8.87,-0.15%,0
"2025-05-28 10:00",5920.24,5923.83,5912.05,5914.32,-5.63,-0.10%,0
"2025-05-28 09:30",5925.54,5939.92,5918.19,5919.95,-1.59,-0.03%,0
"2025-05-27 16:30",5921.54,5921.54,5921.54,5921.54,0,0.00%,0
"2025-05-27 16:00",5921.68,5921.69,5921.54,5921.54,0.37,+0.01%,0
"2025-05-27 15:30",5914.7,5921.75,5910.82,5921.17,6.48,+0.11%,0
"2025-05-27 15:00",5915.65,5919.04,5913.53,5914.69,-1.07,-0.02%,0
"2025-05-27 14:30",5918.48,5920.54,5915.44,5915.76,-2.72,-0.05%,0
"2025-05-27 14:00",5921.48,5924.33,5917.34,5918.48,-2.94,-0.05%,0
"2025-05-27 13:30",5913.26,5922.04,5911.77,5921.42,8.21,+0.14%,0
"2025-05-27 13:00",5911.1,5916.02,5910.64,5913.21,2.09,+0.04%,0
"2025-05-27 12:30",5905.37,5917.96,5905.16,5911.12,5.79,+0.10%,0
"2025-05-27 12:00",5901.41,5907.59,5900.82,5905.33,3.97,+0.07%,0
"2025-05-27 11:30",5899.82,5902.51,5896.8,5901.36,1.55,+0.03%,0
"2025-05-27 11:00",5891.7,5901.56,5891.36,5899.81,8.04,+0.14%,0
"2025-05-27 10:30",5890.46,5897.27,5888.44,5891.77,1.37,+0.02%,0
"2025-05-27 10:00",5874.34,5894.33,5874.34,5890.4,16.34,+0.28%,0
"2025-05-27 09:30",5854.07,5875.2,5854.07,5874.06,71.24,+1.23%,0
"2025-05-23 16:30",5802.82,5802.82,5802.82,5802.82,0,0.00%,0
"2025-05-23 16:00",5803.21,5803.21,5802.81,5802.82,-1.34,-0.02%,0
"2025-05-23 15:30",5810.77,5821.63,5797.47,5804.16,-6.45,-0.11%,0
"2025-05-23 15:00",5818.99,5825.93,5806.53,5810.61,-8.36,-0.14%,0
"2025-05-23 14:30",5819.12,5826.54,5816.41,5818.97,-0.07,0.00%,0
"2025-05-23 14:00",5820.61,5829.51,5812.71,5819.04,-1.52,-0.03%,0
"2025-05-23 13:30",5823.39,5825.57,5813.08,5820.56,-3.02,-0.05%,0
"2025-05-23 13:00",5802.11,5823.66,5799.93,5823.58,21.44,+0.37%,0
"2025-05-23 12:30",5799.13,5807.57,5792.07,5802.14,3.04,+0.05%,0
"2025-05-23 12:00",5792.83,5803.05,5788.3,5799.1,6.24,+0.11%,0
"2025-05-23 11:30",5796.36,5808,5792.58,5792.86,-3.43,-0.06%,0
"2025-05-23 11:00",5783.47,5796.85,5780.84,5796.29,12.87,+0.22%,0
"2025-05-23 10:30",5789.09,5800.81,5782.9,5783.42,-5.46,-0.09%,0
"2025-05-23 10:00",5779.96,5800.14,5779.8,5788.88,9.66,+0.17%,0
"2025-05-23 09:30",5781.89,5792.2,5767.41,5779.22,-62.79,-1.07%,0
"2025-05-22 16:30",5842.01,5842.01,5842.01,5842.01,0,0.00%,0
"2025-05-22 16:00",5841.68,5842.04,5841.59,5842.01,1.01,+0.02%,0
"2025-05-22 15:30",5877.22,5877.64,5838.63,5841,-36.14,-0.61%,0
"2025-05-22 15:00",5870.52,5878.08,5869.84,5877.14,6.69,+0.11%,0
"2025-05-22 14:30",5867.78,5872.7,5861.72,5870.45,2.69,+0.05%,0
"2025-05-22 14:00",5865.93,5872.02,5863.22,5867.76,1.87,+0.03%,0
"2025-05-22 13:30",5858.67,5870.14,5855.42,5865.89,7.21,+0.12%,0
"2025-05-22 13:00",5843.5,5860.32,5838.86,5858.68,15.28,+0.26%,0
"2025-05-22 12:30",5855.63,5856.5,5843.17,5843.4,-12.23,-0.21%,0
"2025-05-22 12:00",5854.35,5867.58,5850.7,5855.63,2.14,+0.04%,0
"2025-05-22 11:30",5838.75,5855.65,5837.62,5853.49,14.37,+0.25%,0
"2025-05-22 11:00",5841.23,5850.42,5836.66,5839.12,-2.21,-0.04%,0
"2025-05-22 10:30",5840.95,5845.6,5827.71,5841.33,0.47,+0.01%,0
"2025-05-22 10:00",5855.32,5863.44,5838.63,5840.86,-13.22,-0.23%,0
"2025-05-22 09:30",5841.26,5856.12,5825.82,5854.08,9.47,+0.16%,0
"2025-05-21 17:00",5844.61,5844.61,5844.61,5844.61,0,0.00%,0
"2025-05-21 16:00",5843.09,5844.61,5843.09,5844.61,0.44,+0.01%,0
"2025-05-21 15:30",5835.13,5858,5835.13,5844.17,8.87,+0.15%,0
"2025-05-21 15:00",5852.77,5857.67,5830.91,5835.3,-17.47,-0.30%,0
"2025-05-21 14:30",5865.36,5874.83,5850.58,5852.77,-12.63,-0.22%,0
"2025-05-21 14:00",5873.53,5874.96,5854.59,5865.4,-8.1,-0.14%,0
"2025-05-21 13:30",5859.18,5889.3,5850.84,5873.5,14.55,+0.25%,0
"2025-05-21 13:00",5928.57,5929.83,5858.51,5858.95,-69.61,-1.17%,0
"2025-05-21 12:30",5930.73,5938.37,5928.3,5928.56,-2.22,-0.04%,0
"2025-05-21 12:00",5930.33,5935.32,5927.68,5930.78,0.36,+0.01%,0
"2025-05-21 11:30",5930.68,5934.59,5925.76,5930.42,-0.19,0.00%,0
"2025-05-21 11:00",5919.46,5934.91,5916.57,5930.61,11.12,+0.19%,0
"2025-05-21 10:30",5909.64,5919.55,5901.96,5919.49,9.72,+0.16%,0
"2025-05-21 10:00",5911.73,5924.39,5909.36,5909.77,-1.1,-0.02%,0
"2025-05-21 09:30",5910.18,5917.34,5899.65,5910.87,-29.59,-0.50%,0
"2025-05-20 16:30",5940.46,5940.46,5940.46,5940.46,0,0.00%,0
"2025-05-20 16:00",5940.99,5940.99,5940.44,5940.46,-0.37,-0.01%,0
"2025-05-20 15:30",5926.26,5942.05,5926.26,5940.83,14.61,+0.25%,0
"2025-05-20 15:00",5921.91,5929,5909.26,5926.22,4.23,+0.07%,0
"2025-05-20 14:30",5921.27,5928.32,5919.49,5921.99,0.61,+0.01%,0
"2025-05-20 14:00",5943,5944.55,5920.05,5921.38,-21.68,-0.36%,0
"2025-05-20 13:30",5947.32,5947.83,5938.02,5943.06,-4.25,-0.07%,0
"2025-05-20 13:00",5946.4,5950.63,5945.41,5947.31,0.98,+0.02%,0
"2025-05-20 12:30",5939.81,5948.38,5939.66,5946.33,6.49,+0.11%,0
"2025-05-20 12:00",5945,5946.09,5935.7,5939.84,-5.19,-0.09%,0
"2025-05-20 11:30",5947.37,5948.14,5938.37,5945.03,-2.37,-0.04%,0
"2025-05-20 11:00",5942.78,5949.03,5938.85,5947.4,4.55,+0.08%,0
"2025-05-20 10:30",5942.04,5953.06,5940.17,5942.85,0.7,+0.01%,0
"2025-05-20 10:00",5942.39,5947.37,5937.61,5942.15,-0.11,0.00%,0
"2025-05-20 09:30",5944.66,5949.05,5933.53,5942.26,-21.34,-0.36%,0
"2025-05-19 16:30",5963.6,5963.6,5963.6,5963.6,0,0.00%,0
"2025-05-19 16:00",5962.98,5963.61,5962.98,5963.6,-0.56,-0.01%,0
"2025-05-19 15:30",5948.38,5965.11,5948.23,5964.16,15.7,+0.26%,0
"2025-05-19 15:00",5956.77,5959.3,5945.49,5948.46,-8.36,-0.14%,0
"2025-05-19 14:30",5950.43,5957.78,5949.37,5956.82,6.45,+0.11%,0
"2025-05-19 14:00",5956.52,5958.29,5947.02,5950.37,-6.17,-0.10%,0
"2025-05-19 13:30",5964.29,5967.57,5956.45,5956.54,-7.79,-0.13%,0
"2025-05-19 13:00",5959.35,5968.61,5958.34,5964.33,4.95,+0.08%,0
"2025-05-19 12:30",5953.35,5960.08,5949.25,5959.38,5.93,+0.10%,0
"2025-05-19 12:00",5944.32,5954.35,5942.98,5953.45,9.16,+0.15%,0
"2025-05-19 11:30",5936.82,5950.53,5936.03,5944.29,7.62,+0.13%,0
"2025-05-19 11:00",5932.95,5941.58,5932.59,5936.67,3.8,+0.06%,0
"2025-05-19 10:30",5935.48,5942.39,5929.85,5932.87,-2.48,-0.04%,0
"2025-05-19 10:00",5925.52,5946.26,5924.75,5935.35,9.21,+0.16%,0
"2025-05-19 09:30",5902.88,5927.63,5895.69,5926.14,-32.24,-0.54%,0
"2025-05-16 16:30",5958.38,5958.38,5958.38,5958.38,0,0.00%,0
"2025-05-16 16:00",5957.61,5958.38,5957.61,5958.38,-0.02,0.00%,0
"2025-05-16 15:30",5952.51,5958.62,5946.53,5958.4,5.83,+0.10%,0
"2025-05-16 15:00",5949.86,5957.14,5949.86,5952.57,2.74,+0.05%,0
"2025-05-16 14:30",5946.49,5953.98,5945.68,5949.83,3.01,+0.05%,0
"2025-05-16 14:00",5942.2,5948.03,5941.03,5946.82,4.71,+0.08%,0
"2025-05-16 13:30",5945.3,5948.96,5940.38,5942.11,-3.21,-0.05%,0
"2025-05-16 13:00",5937.04,5946.45,5935.65,5945.32,8.14,+0.14%,0
"2025-05-16 12:30",5935.11,5939.19,5932.35,5937.18,2.2,+0.04%,0
"2025-05-16 12:00",5924.61,5936.82,5923.68,5934.98,10.34,+0.17%,0
"2025-05-16 11:30",5923.4,5930.28,5923.37,5924.64,1.31,+0.02%,0
"2025-05-16 11:00",5918.96,5925.11,5918.58,5923.33,4.4,+0.07%,0
"2025-05-16 10:30",5923.18,5923.18,5907.36,5918.93,-4.32,-0.07%,0
"2025-05-16 10:00",5929.56,5930.27,5918.24,5923.25,-3.18,-0.05%,0
"2025-05-16 09:30",5929.09,5930.42,5914.36,5926.43,9.5,+0.16%,0
"2025-05-15 16:30",5916.93,5916.93,5916.93,5916.93,0,0.00%,0
"2025-05-15 16:00",5917.59,5917.93,5916.92,5916.93,-0.51,-0.01%,0
"2025-05-15 15:30",5901.87,5917.44,5901.87,5917.44,15.46,+0.26%,0
"2025-05-15 15:00",5911.68,5917.13,5898.52,5901.98,-9.73,-0.16%,0
"2025-05-15 14:30",5909.35,5917.74,5908.86,5911.71,2.36,+0.04%,0
"2025-05-15 14:00",5913.73,5913.73,5901.49,5909.35,-4.4,-0.07%,0
"2025-05-15 13:30",5922,5922.05,5912.7,5913.75,-8.21,-0.14%,0
"2025-05-15 13:00",5916.7,5924.21,5915.27,5921.96,5.29,+0.09%,0
"2025-05-15 12:30",5907.14,5916.67,5904,5916.67,9.58,+0.16%,0
"2025-05-15 12:00",5905.92,5913.83,5903.22,5907.09,1.17,+0.02%,0
"2025-05-15 11:30",5898.55,5908.57,5895.84,5905.92,7.55,+0.13%,0
"2025-05-15 11:00",5880.8,5903.28,5879.72,5898.37,17.61,+0.30%,0
"2025-05-15 10:30",5872.98,5880.76,5867.82,5880.76,7.81,+0.13%,0
"2025-05-15 10:00",5876.27,5885.54,5870.25,5872.95,-3.23,-0.05%,0
"2025-05-15 09:30",5869.82,5878.84,5865.16,5876.18,-16.4,-0.28%,0
"2025-05-14 16:30",5892.58,5892.58,5892.58,5892.58,0,0.00%,0
"2025-05-14 16:00",5892.31,5892.6,5892.11,5892.58,1.07,+0.02%,0
"2025-05-14 15:30",5886.19,5897.04,5880.31,5891.51,5.01,+0.09%,0
"2025-05-14 15:00",5891.71,5893.42,5881.53,5886.5,-5.15,-0.09%,0
"2025-05-14 14:30",5884.07,5897.38,5883.97,5891.65,7.53,+0.13%,0
"2025-05-14 14:00",5889.16,5892.39,5882.31,5884.12,-5.01,-0.09%,0
"2025-05-14 13:30",5879.25,5889.6,5878.6,5889.13,9.8,+0.17%,0
"2025-05-14 13:00",5890.76,5890.88,5872.11,5879.33,-11.48,-0.19%,0
"2025-05-14 12:30",5895.49,5901.7,5887.58,5890.81,-4.69,-0.08%,0
"2025-05-14 12:00",5896.53,5901.24,5893.58,5895.5,-1.02,-0.02%,0
"2025-05-14 11:30",5895.17,5899.33,5893.78,5896.52,0.93,+0.02%,0
"2025-05-14 11:00",5891.87,5896.9,5874.62,5895.59,3.55,+0.06%,0
"2025-05-14 10:30",5891.08,5894.81,5884.95,5892.04,0.89,+0.02%,0
"2025-05-14 10:00",5892.33,5894.11,5881.05,5891.15,-1.03,-0.02%,0
"2025-05-14 09:30",5896.74,5906.55,5880.75,5892.18,5.63,+0.10%,0
"2025-05-13 16:30",5886.55,5886.55,5886.55,5886.55,0,0.00%,0
"2025-05-13 16:00",5884.92,5886.56,5884.92,5886.55,1.68,+0.03%,0
"2025-05-13 15:30",5900.88,5906.64,5884.47,5884.87,-16.03,-0.27%,0
"2025-05-13 15:00",5902.29,5905.52,5899.07,5900.9,-1.41,-0.02%,0
"2025-05-13 14:30",5895.71,5902.76,5891.06,5902.31,6.63,+0.11%,0
"2025-05-13 14:00",5895.05,5899.32,5891.03,5895.68,0.54,+0.01%,0
"2025-05-13 13:30",5899.18,5906.47,5895.04,5895.14,-4.09,-0.07%,0
"2025-05-13 13:00",5895.66,5899.87,5892.62,5899.23,3.61,+0.06%,0
"2025-05-13 12:30",5893.01,5899.7,5889.71,5895.62,2.68,+0.05%,0
"2025-05-13 12:00",5893.29,5894.26,5886.12,5892.94,0.01,0.00%,0
"2025-05-13 11:30",5893.93,5899.99,5890.5,5892.93,-1.,-0.02%,0
"2025-05-13 11:00",5887.26,5896.95,5884.3,5893.93,6.9,+0.12%,0
"2025-05-13 10:30",5885.26,5890.28,5877.46,5887.03,1.62,+0.03%,0
"2025-05-13 10:00",5869.72,5895.25,5869.22,5885.41,15.8,+0.27%,0
"2025-05-13 09:30",5854.15,5870.97,5845.02,5869.61,25.42,+0.43%,0
"2025-05-12 16:30",5844.19,5844.19,5844.19,5844.19,0,0.00%,0
"2025-05-12 16:00",5844.78,5844.78,5844.17,5844.19,-0.39,-0.01%,0
"2025-05-12 15:30",5830.54,5845.37,5824.32,5844.58,14.18,+0.24%,0
"2025-05-12 15:00",5831.05,5837.57,5827.53,5830.4,-0.61,-0.01%,0
"2025-05-12 14:30",5835.41,5841.14,5830.81,5831.01,-4.42,-0.08%,0
"2025-05-12 14:00",5831.34,5837.28,5829.66,5835.43,4.11,+0.07%,0
"2025-05-12 13:30",5829.34,5835.7,5828.21,5831.32,1.96,+0.03%,0
"2025-05-12 13:00",5826.79,5839.68,5826.16,5829.36,2.56,+0.04%,0
"2025-05-12 12:30",5809.15,5827.41,5808.85,5826.8,17.56,+0.30%,0
"2025-05-12 12:00",5797.81,5813.67,5796.02,5809.24,11.43,+0.20%,0
"2025-05-12 11:30",5804.11,5808.9,5796.56,5797.81,-6.45,-0.11%,0
"2025-05-12 11:00",5806.23,5812.76,5797.84,5804.26,-2.15,-0.04%,0
"2025-05-12 10:30",5797.48,5817.36,5786.08,5806.41,8.73,+0.15%,0
"2025-05-12 10:00",5804.01,5820.3,5794.53,5797.68,-5.47,-0.09%,0
"2025-05-12 09:30",5807.2,5828.96,5799.4,5803.15,143.24,+2.53%,0
"2025-05-09 16:30",5659.91,5659.91,5659.91,5659.91,0,0.00%,0
"2025-05-09 16:00",5659.4,5659.91,5659.07,5659.91,0.76,+0.01%,0
"2025-05-09 15:30",5665.67,5667.17,5657.4,5659.15,-6.45,-0.11%,0
"2025-05-09 15:00",5664.23,5674.52,5664.23,5665.6,1.33,+0.02%,0
"2025-05-09 14:30",5658.78,5666.53,5658.55,5664.27,5.59,+0.10%,0
"2025-05-09 14:00",5667.92,5668.38,5657.51,5658.68,-9.31,-0.16%,0
"2025-05-09 13:30",5655.69,5668.95,5651.89,5667.99,12.14,+0.21%,0
"2025-05-09 13:00",5649.83,5659.46,5646,5655.85,6,+0.11%,0
"2025-05-09 12:30",5654.93,5660.63,5647.66,5649.85,-5.06,-0.09%,0
"2025-05-09 12:00",5671.66,5672.05,5651.61,5654.91,-16.61,-0.29%,0
"2025-05-09 11:30",5661.33,5671.68,5655.45,5671.52,10.2,+0.18%,0
"2025-05-09 11:00",5662.02,5668.96,5656.42,5661.32,-0.61,-0.01%,0
"2025-05-09 10:30",5659.59,5663.8,5644.15,5661.93,2.39,+0.04%,0
"2025-05-09 10:00",5686.68,5689.78,5654.56,5659.54,-26.71,-0.47%,0
"2025-05-09 09:30",5679.65,5691.69,5675.34,5686.25,22.31,+0.39%,0
"2025-05-08 16:30",5663.94,5663.94,5663.94,5663.94,0,0.00%,0
"2025-05-08 16:00",5664.39,5664.83,5663.94,5663.94,0.08,0.00%,0
"2025-05-08 15:30",5707.23,5707.9,5662.55,5663.86,-43.33,-0.76%,0
"2025-05-08 15:00",5700.67,5710.26,5694.3,5707.19,6.54,+0.11%,0
"2025-05-08 14:30",5697.27,5707.99,5697.24,5700.65,3.35,+0.06%,0
"2025-05-08 14:00",5694.38,5703.89,5692.04,5697.3,2.86,+0.05%,0
"2025-05-08 13:30",5709.1,5710.79,5694.33,5694.44,-14.74,-0.26%,0
"2025-05-08 13:00",5718.27,5718.83,5706.51,5709.18,-9.01,-0.16%,0
"2025-05-08 12:30",5704.84,5720.1,5704.57,5718.19,13.36,+0.23%,0
"2025-05-08 12:00",5700.9,5713.83,5700.63,5704.83,3.86,+0.07%,0
"2025-05-08 11:30",5678.9,5712.42,5673.13,5700.97,22.44,+0.40%,0
"2025-05-08 11:00",5642.72,5686.72,5638.94,5678.53,35.66,+0.63%,0
"2025-05-08 10:30",5661.82,5668.53,5635.38,5642.87,-18.7,-0.33%,0
"2025-05-08 10:00",5659.53,5665.24,5641.26,5661.57,2.71,+0.05%,0
"2025-05-08 09:30",5663.6,5672.98,5653.6,5658.86,27.58,+0.49%,0
"2025-05-07 16:30",5631.28,5631.28,5631.28,5631.28,0,0.00%,0
"2025-05-07 16:00",5630.69,5631.28,5630.36,5631.28,1.53,+0.03%,0
"2025-05-07 15:30",5596.2,5654.73,5593.12,5629.75,33.45,+0.60%,0
"2025-05-07 15:00",5625.31,5625.93,5595.29,5596.3,-29.19,-0.52%,0
"2025-05-07 14:30",5596.98,5627.99,5591.43,5625.49,28.7,+0.51%,0
"2025-05-07 14:00",5609.55,5620.7,5578.64,5596.79,-14.09,-0.25%,0
"2025-05-07 13:30",5629.98,5631.25,5606.04,5610.88,-19.15,-0.34%,0
"2025-05-07 13:00",5629.77,5635.15,5626.34,5630.03,0.34,+0.01%,0
"2025-05-07 12:30",5609.02,5630.51,5608.44,5629.69,20.69,+0.37%,0
"2025-05-07 12:00",5616,5620.68,5608.84,5609,-7.02,-0.12%,0
"2025-05-07 11:30",5608.38,5618.1,5603.76,5616.02,7.6,+0.14%,0
"2025-05-07 11:00",5611.58,5612.11,5601.1,5608.42,-3.17,-0.06%,0
"2025-05-07 10:30",5635.55,5637.1,5607.17,5611.59,-23.96,-0.43%,0
"2025-05-07 10:00",5631.41,5636.77,5627.98,5635.55,4.41,+0.08%,0
"2025-05-07 09:30",5614.18,5632.94,5613.32,5631.14,24.23,+0.43%,0
"2025-05-06 16:30",5606.91,5606.91,5606.91,5606.91,0,0.00%,0
"2025-05-06 16:00",5605.83,5606.91,5605.83,5606.91,1.39,+0.02%,0
"2025-05-06 15:30",5624.75,5630.45,5605.47,5605.52,-19.21,-0.34%,0
"2025-05-06 15:00",5627.44,5627.84,5616.27,5624.73,-2.68,-0.05%,0
"2025-05-06 14:30",5621.66,5627.44,5617.1,5627.41,5.73,+0.10%,0
"2025-05-06 14:00",5601.86,5621.73,5601.86,5621.68,19.63,+0.35%,0
"2025-05-06 13:30",5613.53,5617.72,5600.98,5602.05,-11.51,-0.21%,0
"2025-05-06 13:00",5609.25,5622.31,5609.25,5613.56,4.31,+0.08%,0
"2025-05-06 12:30",5623,5630.85,5608.82,5609.25,-13.8,-0.25%,0
"2025-05-06 12:00",5620.86,5649.58,5619.22,5623.05,2.27,+0.04%,0
"2025-05-06 11:30",5633.74,5636.21,5619.65,5620.78,-12.93,-0.23%,0
"2025-05-06 11:00",5624.86,5634.92,5622.85,5633.71,8.77,+0.16%,0
"2025-05-06 10:30",5622.96,5630.27,5621.09,5624.94,1.99,+0.04%,0
"2025-05-06 10:00",5591.85,5625.43,5588.14,5622.95,30.76,+0.55%,0
"2025-05-06 09:30",5605.87,5613.36,5586.04,5592.19,-58.19,-1.03%,0
"2025-05-05 17:00",5650.38,5650.38,5650.38,5650.38,0,0.00%,0
"2025-05-05 16:00",5650.64,5651.28,5650.38,5650.38,-0.82,-0.01%,0
"2025-05-05 15:30",5665.02,5670.53,5648.29,5651.2,-13.83,-0.24%,0
"2025-05-05 15:00",5674.99,5675.43,5663.34,5665.03,-10.,-0.18%,0
"2025-05-05 14:30",5679.02,5683.38,5674.45,5675.03,-3.97,-0.07%,0
"2025-05-05 14:00",5674.58,5681.17,5673.46,5679,4.37,+0.08%,0
"2025-05-05 13:30",5669.05,5677.73,5668.46,5674.63,5.57,+0.10%,0
"2025-05-05 13:00",5673.87,5674.28,5666.43,5669.06,-4.79,-0.08%,0
"2025-05-05 12:30",5674.33,5676.82,5669.83,5673.85,-0.44,-0.01%,0
"2025-05-05 12:00",5667.42,5676.06,5666.22,5674.29,6.87,+0.12%,0
"2025-05-05 11:30",5665.59,5668.48,5656.47,5667.42,1.87,+0.03%,0
"2025-05-05 11:00",5667.19,5670.24,5662.31,5665.55,-1.51,-0.03%,0
"2025-05-05 10:30",5654.06,5668.98,5646.62,5667.06,13.1,+0.23%,0
"2025-05-05 10:00",5646.95,5659.9,5642.25,5653.96,6.65,+0.12%,0
"2025-05-05 09:30",5655.32,5655.32,5634.48,5647.31,-39.36,-0.69%,0
"2025-05-02 16:30",5686.67,5686.67,5686.67,5686.67,0,0.00%,0
"2025-05-02 16:00",5685.33,5686.68,5685.33,5686.67,0.94,+0.02%,0
"2025-05-02 15:30",5693.79,5695.15,5678.44,5685.73,-8.15,-0.14%,0
"2025-05-02 15:00",5688.14,5696.01,5679.88,5693.88,5.76,+0.10%,0
"2025-05-02 14:30",5694.23,5700.7,5682.99,5688.12,-6.1,-0.11%,0
"2025-05-02 14:00",5689.75,5696.53,5689.19,5694.22,4.49,+0.08%,0
"2025-05-02 13:30",5685.35,5693.15,5682.96,5689.73,4.36,+0.08%,0
"2025-05-02 13:00",5692.42,5694.8,5681.72,5685.37,-7.05,-0.12%,0
"2025-05-02 12:30",5689.8,5697.78,5689.62,5692.42,2.62,+0.05%,0
"2025-05-02 12:00",5679.91,5696.6,5679.33,5689.8,9.9,+0.17%,0
"2025-05-02 11:30",5663.83,5681.59,5661.73,5679.9,16.02,+0.28%,0
"2025-05-02 11:00",5675.44,5678.45,5662.98,5663.88,-11.46,-0.20%,0
"2025-05-02 10:30",5680.3,5680.3,5665.87,5675.34,-4.6,-0.08%,0
"2025-05-02 10:00",5653.79,5680.38,5650.93,5679.94,26.17,+0.46%,0
"2025-05-02 09:30",5645.88,5671.18,5642.28,5653.77,49.63,+0.89%,0
"2025-05-01 16:30",5604.14,5604.14,5604.14,5604.14,0,0.00%,0
"2025-05-01 16:00",5601.8,5604.16,5601.8,5604.14,1.83,+0.03%,0
"2025-05-01 15:30",5637.69,5639.81,5597.35,5602.31,-35.45,-0.63%,0
"2025-05-01 15:00",5634.62,5637.89,5627.02,5637.76,3.15,+0.06%,0
"2025-05-01 14:30",5636.15,5643.62,5634.37,5634.61,-1.55,-0.03%,0
"2025-05-01 14:00",5624.12,5640.62,5622.99,5636.16,12.07,+0.21%,0
"2025-05-01 13:30",5630.37,5634.23,5617.56,5624.09,-6.18,-0.11%,0
"2025-05-01 13:00",5614.6,5637.26,5614.27,5630.27,15.72,+0.28%,0
"2025-05-01 12:30",5620.93,5627,5610.4,5614.55,-6.44,-0.11%,0
"2025-05-01 12:00",5621,5630.09,5609.4,5620.99,-0.03,0.00%,0
"2025-05-01 11:30",5650.54,5651.63,5616.42,5621.02,-29.37,-0.52%,0
"2025-05-01 11:00",5652.23,5658.91,5645.43,5650.39,-1.91,-0.03%,0
"2025-05-01 10:30",5639.04,5652.35,5630.65,5652.3,13.18,+0.23%,0
"2025-05-01 10:00",5606.76,5640.27,5606.76,5639.12,30.71,+0.55%,0
"2025-05-01 09:30",5625.14,5631.1,5607.2,5608.41,39.35,+0.71%,0
"2025-04-30 17:00",5569.06,5569.06,5569.06,5569.06,0,0.00%,0
"2025-04-30 16:00",5564.52,5569.06,5564.52,5569.06,8.9,+0.16%,0
"2025-04-30 15:30",5515.72,5581.84,5511.99,5560.16,44.5,+0.81%,0
"2025-04-30 15:00",5513.56,5527.16,5513.56,5515.66,1.99,+0.04%,0
"2025-04-30 14:30",5521.75,5527.42,5509.03,5513.67,-7.92,-0.14%,0
"2025-04-30 14:00",5522.14,5546.48,5516.5,5521.59,-1.12,-0.02%,0
"2025-04-30 13:30",5517.18,5527.8,5515.56,5522.71,5.51,+0.10%,0
"2025-04-30 13:00",5512.35,5517.65,5489.51,5517.2,4.85,+0.09%,0
"2025-04-30 12:30",5498.74,5514.3,5491.91,5512.35,13.63,+0.25%,0
"2025-04-30 12:00",5511.38,5518.99,5496.09,5498.72,-12.74,-0.23%,0
"2025-04-30 11:30",5507.82,5514.2,5504.26,5511.46,3.64,+0.07%,0
"2025-04-30 11:00",5486.84,5513.95,5486.64,5507.82,21.25,+0.39%,0
"2025-04-30 10:30",5481,5491.15,5471.31,5486.57,5.51,+0.10%,0
"2025-04-30 10:00",5435.66,5481.43,5435.02,5481.06,44.69,+0.82%,0
"2025-04-30 09:30",5499.44,5499.44,5433.24,5436.37,-124.46,-2.24%,0
"2025-04-29 16:30",5560.83,5560.83,5560.83,5560.83,0,0.00%,0
"2025-04-29 16:00",5559.95,5560.83,5559.95,5560.83,0.53,+0.01%,0
"2025-04-29 15:30",5563.47,5569.96,5556.64,5560.3,-3.15,-0.06%,0
"2025-04-29 15:00",5560.78,5568.81,5560.22,5563.45,2.73,+0.05%,0
"2025-04-29 14:30",5566.21,5569.84,5559.63,5560.72,-5.46,-0.10%,0
"2025-04-29 14:00",5565.31,5571.95,5559.62,5566.18,0.97,+0.02%,0
"2025-04-29 13:30",5544.05,5568.26,5543.65,5565.21,21.23,+0.38%,0
"2025-04-29 13:00",5528.35,5546.64,5526.13,5543.98,15.68,+0.28%,0
"2025-04-29 12:30",5546.56,5549.44,5523.7,5528.3,-18.31,-0.33%,0
"2025-04-29 12:00",5535.44,5551.56,5535.32,5546.61,11.14,+0.20%,0
"2025-04-29 11:30",5540.26,5545.03,5527.47,5535.47,-4.81,-0.09%,0
"2025-04-29 11:00",5547.39,5550.21,5529.07,5540.28,-7.1,-0.13%,0
"2025-04-29 10:30",5516.46,5547.96,5516.01,5547.38,30.72,+0.56%,0
"2025-04-29 10:00",5524.06,5544.79,5512.57,5516.66,-6.97,-0.13%,0
"2025-04-29 09:30",5508.87,5532.76,5505.7,5523.63,-5.12,-0.09%,0
"2025-04-28 16:30",5528.75,5528.75,5528.75,5528.75,0,0.00%,0
"2025-04-28 16:00",5527.82,5528.75,5527.82,5528.75,0.11,0.00%,0
"2025-04-28 15:30",5523.39,5539.65,5517.45,5528.64,5.22,+0.09%,0
"2025-04-28 15:00",5504.96,5525.46,5504.54,5523.42,18.41,+0.33%,0
"2025-04-28 14:30",5502.8,5507.61,5498.18,5505.01,2.07,+0.04%,0
"2025-04-28 14:00",5494.38,5505.13,5491.72,5502.94,8.69,+0.16%,0
"2025-04-28 13:30",5471.44,5495.67,5468.64,5494.25,22.77,+0.42%,0
"2025-04-28 13:00",5481.95,5485.47,5469.61,5471.48,-10.47,-0.19%,0
"2025-04-28 12:30",5477.37,5491.51,5477.37,5481.95,4.61,+0.08%,0
"2025-04-28 12:00",5492.25,5493.16,5475.02,5477.34,-14.9,-0.27%,0
"2025-04-28 11:30",5489.22,5502.26,5488.8,5492.24,2.88,+0.05%,0
"2025-04-28 11:00",5523.34,5527.71,5487.99,5489.36,-34.05,-0.62%,0
"2025-04-28 10:30",5527.83,5536.33,5516.48,5523.41,-4.61,-0.08%,0
"2025-04-28 10:00",5521.47,5538.65,5514.84,5528.02,6.45,+0.12%,0
"2025-04-28 09:30",5529.22,5553.66,5520.34,5521.57,-3.64,-0.07%,0
"2025-04-25 16:30",5525.21,5525.21,5525.21,5525.21,0,0.00%,0
"2025-04-25 16:00",5524.31,5525.25,5524.31,5525.21,1.69,+0.03%,0
"2025-04-25 15:30",5514.41,5527.1,5506.16,5523.52,9.1,+0.17%,0
"2025-04-25 15:00",5516.32,5523.71,5513.59,5514.42,-2.,-0.04%,0
"2025-04-25 14:30",5515.37,5525.23,5511.85,5516.42,1.07,+0.02%,0
"2025-04-25 14:00",5496.38,5519,5493.85,5515.35,19.04,+0.35%,0
"2025-04-25 13:30",5527.66,5527.83,5486.29,5496.31,-31.4,-0.57%,0
"2025-04-25 13:00",5509.44,5528.11,5506.51,5527.71,18.27,+0.33%,0
"2025-04-25 12:30",5501.75,5509.54,5498.49,5509.44,7.71,+0.14%,0
"2025-04-25 12:00",5488.36,5502.96,5488.01,5501.73,13.35,+0.24%,0
"2025-04-25 11:30",5482.33,5490.64,5475.4,5488.38,5.93,+0.11%,0
"2025-04-25 11:00",5481.67,5492.27,5477.02,5482.45,0.83,+0.02%,0
"2025-04-25 10:30",5463.84,5486.77,5455.86,5481.62,17.72,+0.32%,0
"2025-04-25 10:00",5466.75,5497.12,5458.04,5463.9,-2.32,-0.04%,0
"2025-04-25 09:30",5489.73,5498.47,5465.23,5466.22,-18.55,-0.34%,0
"2025-04-24 16:30",5484.77,5484.77,5484.77,5484.77,0,0.00%,0
"2025-04-24 16:00",5483.4,5484.8,5483.4,5484.77,1.18,+0.02%,0
"2025-04-24 15:30",5466.69,5489.4,5465.37,5483.59,16.84,+0.31%,0
"2025-04-24 15:00",5478.3,5478.3,5461.13,5466.75,-11.57,-0.21%,0
"2025-04-24 14:30",5472.26,5485.54,5471.8,5478.32,6.07,+0.11%,0
"2025-04-24 14:00",5470.37,5478.91,5468.19,5472.25,1.85,+0.03%,0
"2025-04-24 13:30",5467.11,5472.73,5461.51,5470.4,3.34,+0.06%,0
"2025-04-24 13:00",5471.85,5471.85,5458.49,5467.06,-4.63,-0.08%,0
"2025-04-24 12:30",5461.12,5475.36,5460.59,5471.69,10.87,+0.20%,0
"2025-04-24 12:00",5444.53,5465.68,5440.76,5460.82,16.52,+0.30%,0
"2025-04-24 11:30",5442.85,5455.57,5437.38,5444.3,2.66,+0.05%,0
"2025-04-24 11:00",5442.27,5455.97,5438.16,5441.64,-0.63,-0.01%,0
"2025-04-24 10:30",5439.91,5450.29,5429.09,5442.27,2.4,+0.04%,0
"2025-04-24 10:00",5413.13,5439.99,5408.76,5439.87,27.04,+0.50%,0
"2025-04-24 09:30",5381.38,5414.31,5371.96,5412.83,36.97,+0.69%,0
"2025-04-23 16:30",5375.86,5375.86,5375.86,5375.86,0,0.00%,0
"2025-04-23 16:00",5373.58,5375.86,5373.58,5375.86,3.44,+0.06%,0
"2025-04-23 15:30",5363.56,5387.12,5356.17,5372.42,8.64,+0.16%,0
"2025-04-23 15:00",5380.8,5386.1,5358.43,5363.78,-16.85,-0.31%,0
"2025-04-23 14:30",5382.76,5393.46,5376.04,5380.63,-2.1,-0.04%,0
"2025-04-23 14:00",5400.2,5404.97,5380.9,5382.73,-17.54,-0.32%,0
"2025-04-23 13:30",5399.92,5405.98,5381.61,5400.27,0.37,+0.01%,0
"2025-04-23 13:00",5398.86,5411.38,5382.23,5399.9,0.98,+0.02%,0
"2025-04-23 12:30",5379.18,5402.1,5375.83,5398.92,19.65,+0.37%,0
"2025-04-23 12:00",5391.53,5392.16,5357.64,5379.27,-12.14,-0.23%,0
"2025-04-23 11:30",5401.78,5410.78,5373.37,5391.41,-10.17,-0.19%,0
"2025-04-23 11:00",5442.6,5450.06,5394.22,5401.58,-40.9,-0.75%,0
"2025-04-23 10:30",5455.42,5468.88,5440.62,5442.48,-12.72,-0.23%,0
"2025-04-23 10:00",5452.46,5469.69,5426.01,5455.2,5.1,+0.09%,0
"2025-04-23 09:30",5395.92,5465.94,5395.92,5450.1,162.34,+3.07%,0
"2025-04-22 16:30",5287.76,5287.76,5287.76,5287.76,0,0.00%,0
"2025-04-22 16:00",5287.33,5287.76,5287.33,5287.76,0.95,+0.02%,0
"2025-04-22 15:30",5263.14,5291.81,5259.1,5286.81,23.49,+0.45%,0
"2025-04-22 15:00",5284.26,5287.17,5259.81,5263.32,-21.06,-0.40%,0
"2025-04-22 14:30",5270.05,5288.27,5269.96,5284.38,14.32,+0.27%,0
"2025-04-22 14:00",5235.73,5272.5,5235.13,5270.06,34.17,+0.65%,0
"2025-04-22 13:30",5243.38,5254.99,5234.97,5235.89,-7.55,-0.14%,0
"2025-04-22 13:00",5292.22,5301.98,5241.42,5243.44,-48.83,-0.92%,0
"2025-04-22 12:30",5304.71,5307.3,5286.48,5292.27,-12.61,-0.24%,0
"2025-04-22 12:00",5278.17,5309.61,5278.17,5304.88,26.74,+0.51%,0
"2025-04-22 11:30",5266.35,5280.37,5254.26,5278.14,11.83,+0.22%,0
"2025-04-22 11:00",5262.87,5274.09,5262.58,5266.31,3.41,+0.06%,0
"2025-04-22 10:30",5246.56,5264.84,5239.84,5262.9,16.39,+0.31%,0
"2025-04-22 10:00",5236.06,5250.29,5235.39,5246.51,10.62,+0.20%,0
"2025-04-22 09:30",5207.67,5239.24,5207.67,5235.89,77.69,+1.51%,0
"2025-04-21 17:00",5158.2,5158.2,5158.2,5158.2,0,0.00%,0
"2025-04-21 16:00",5157.24,5158.21,5157.24,5158.2,0.39,+0.01%,0
"2025-04-21 15:30",5119.65,5164.57,5119.65,5157.81,38.1,+0.74%,0
"2025-04-21 15:00",5104.5,5127.35,5104.24,5119.71,15.25,+0.30%,0
"2025-04-21 14:30",5115.04,5121.68,5103.53,5104.46,-10.75,-0.21%,0
"2025-04-21 14:00",5105.57,5115.21,5101.63,5115.21,9.64,+0.19%,0
"2025-04-21 13:30",5115.54,5121.12,5104.34,5105.57,-10.,-0.20%,0
"2025-04-21 13:00",5128.52,5132.75,5112.18,5115.57,-12.95,-0.25%,0
"2025-04-21 12:30",5132.44,5148.14,5127.86,5128.52,-3.9,-0.08%,0
"2025-04-21 12:00",5126.4,5137.98,5126.39,5132.42,6.01,+0.12%,0
"2025-04-21 11:30",5147.44,5148.2,5124.87,5126.41,-20.96,-0.41%,0
"2025-04-21 11:00",5162.22,5166.37,5145.02,5147.37,-14.89,-0.29%,0
"2025-04-21 10:30",5171.96,5184.14,5160.74,5162.26,-9.52,-0.18%,0
"2025-04-21 10:00",5191.47,5191.47,5168.77,5171.78,-20.15,-0.39%,0
"2025-04-21 09:30",5232.94,5232.94,5191.93,5191.93,-90.77,-1.72%,0
"2025-04-17 16:30",5282.7,5282.7,5282.7,5282.7,0,0.00%,0
"2025-04-17 16:00",5282.01,5282.7,5282.01,5282.7,-0.8,-0.02%,0
"2025-04-17 15:30",5289.76,5301.39,5274.28,5283.5,-6.31,-0.12%,0
"2025-04-17 15:00",5302.78,5304.42,5283.57,5289.81,-13.06,-0.25%,0
"2025-04-17 14:30",5317.27,5325.87,5302.83,5302.87,-14.43,-0.27%,0
"2025-04-17 14:00",5312.52,5328.31,5311.32,5317.3,4.76,+0.09%,0
"2025-04-17 13:30",5293.68,5319.75,5293.68,5312.54,18.9,+0.36%,0
"2025-04-17 13:00",5316,5319.5,5293.59,5293.64,-22.43,-0.42%,0
"2025-04-17 12:30",5311.9,5319.93,5295.75,5316.07,4.23,+0.08%,0
"2025-04-17 12:00",5284.34,5314.8,5280.22,5311.84,27.54,+0.52%,0
"2025-04-17 11:30",5283.85,5301.32,5283.11,5284.3,0.64,+0.01%,0
"2025-04-17 11:00",5267.18,5304.37,5267.05,5283.66,16.45,+0.31%,0
"2025-04-17 10:30",5268.94,5278.7,5255.58,5267.21,-1.65,-0.03%,0
"2025-04-17 10:00",5302.8,5307.54,5268.52,5268.86,-33.59,-0.63%,0
"2025-04-17 09:30",5305.45,5308.26,5281.06,5302.45,26.75,+0.51%,0
"2025-04-16 16:30",5275.7,5275.7,5275.7,5275.7,0,0.00%,0
"2025-04-16 16:00",5275.79,5275.79,5275.55,5275.7,-0.56,-0.01%,0
"2025-04-16 15:30",5223.64,5279.04,5223.64,5276.26,52.59,+1.01%,0
"2025-04-16 15:00",5245.11,5249.53,5220.79,5223.67,-21.44,-0.41%,0
"2025-04-16 14:30",5277.88,5278.64,5245.08,5245.11,-32.78,-0.62%,0
"2025-04-16 14:00",5258.59,5284.61,5258.59,5277.89,19.32,+0.37%,0
"2025-04-16 13:30",5332.96,5333.38,5257.92,5258.57,-74.34,-1.39%,0
"2025-04-16 13:00",5326.61,5334.19,5320.14,5332.91,6.36,+0.12%,0
"2025-04-16 12:30",5332.25,5337.91,5323.23,5326.55,-5.71,-0.11%,0
"2025-04-16 12:00",5334.44,5335.74,5326.04,5332.26,-2.07,-0.04%,0
"2025-04-16 11:30",5363.75,5364.3,5332.4,5334.33,-29.42,-0.55%,0
"2025-04-16 11:00",5340.38,5367.24,5335.09,5363.75,23.34,+0.44%,0
"2025-04-16 10:30",5335.44,5346.27,5331.65,5340.41,4.93,+0.09%,0
"2025-04-16 10:00",5316.23,5338.85,5314.5,5335.48,18.62,+0.35%,0
"2025-04-16 09:30",5335.75,5355.19,5316.86,5316.86,-79.77,-1.48%,0
"2025-04-15 16:30",5396.63,5396.63,5396.63,5396.63,0,0.00%,0
"2025-04-15 16:00",5396.1,5396.63,5396.1,5396.63,-0.07,0.00%,0
"2025-04-15 15:30",5401.36,5404.94,5389.94,5396.7,-4.68,-0.09%,0
"2025-04-15 15:00",5404.81,5410.33,5396.22,5401.38,-3.47,-0.06%,0
"2025-04-15 14:30",5392.49,5409.09,5392.05,5404.85,12.37,+0.23%,0
"2025-04-15 14:00",5401.32,5404.61,5386.44,5392.48,-8.82,-0.16%,0
"2025-04-15 13:30",5395.68,5409.51,5392.79,5401.3,5.54,+0.10%,0
"2025-04-15 13:00",5407.81,5416.21,5392.59,5395.76,-12.23,-0.23%,0
"2025-04-15 12:30",5428.09,5431.66,5403.13,5407.99,-20.1,-0.37%,0
"2025-04-15 12:00",5427.59,5433.45,5422.37,5428.09,0.58,+0.01%,0
"2025-04-15 11:30",5420.1,5432,5413.19,5427.51,7.55,+0.14%,0
"2025-04-15 11:00",5424.15,5437.31,5419.96,5419.96,-4.08,-0.08%,0
"2025-04-15 10:30",5412.59,5435.25,5412.25,5424.04,11.35,+0.21%,0
"2025-04-15 10:00",5433.57,5450.41,5401.57,5412.69,-21.22,-0.39%,0
"2025-04-15 09:30",5411.99,5446.75,5411.06,5433.91,27.94,+0.52%,0
"2025-04-14 16:30",5405.97,5405.97,5405.97,5405.97,0,0.00%,0
"2025-04-14 16:00",5406.76,5406.76,5405.97,5405.97,0.41,+0.01%,0
"2025-04-14 15:30",5431.89,5439.56,5402.15,5405.56,-26.34,-0.48%,0
"2025-04-14 15:00",5425.4,5443.7,5425.05,5431.9,6.5,+0.12%,0
"2025-04-14 14:30",5421.63,5430.96,5419.65,5425.4,3.5,+0.06%,0
"2025-04-14 14:00",5408.1,5422.78,5407.07,5421.9,13.81,+0.26%,0
"2025-04-14 13:30",5391.87,5411.4,5384.11,5408.09,15.67,+0.29%,0
"2025-04-14 13:00",5373.69,5408.08,5372.36,5392.42,18.68,+0.35%,0
"2025-04-14 12:30",5376.82,5395.87,5372.48,5373.74,-3.17,-0.06%,0
"2025-04-14 12:00",5375.8,5395.14,5358.02,5376.91,0.93,+0.02%,0
"2025-04-14 11:30",5403.54,5416.34,5370.34,5375.98,-27.49,-0.51%,0
"2025-04-14 11:00",5443.28,5448,5403.1,5403.47,-39.75,-0.73%,0
"2025-04-14 10:30",5438.92,5456.2,5434.81,5443.22,4.77,+0.09%,0
"2025-04-14 10:00",5424,5453.13,5418.03,5438.45,14.3,+0.26%,0
"2025-04-14 09:30",5441.96,5459.46,5411.61,5424.15,60.79,+1.13%,0
"2025-04-11 16:30",5363.36,5363.36,5363.36,5363.36,0,0.00%,0
"2025-04-11 16:00",5361.11,5363.36,5361.11,5363.36,2.16,+0.04%,0
"2025-04-11 15:30",5365.18,5371.49,5353.94,5361.2,-4.1,-0.08%,0
"2025-04-11 15:00",5340.01,5373.71,5339.91,5365.3,25.22,+0.47%,0
"2025-04-11 14:30",5348.83,5362.24,5339.24,5340.08,-9.13,-0.17%,0
"2025-04-11 14:00",5364.18,5367.32,5335.06,5349.21,-15.17,-0.28%,0
"2025-04-11 13:30",5315.94,5381.46,5307.66,5364.38,48.72,+0.92%,0
"2025-04-11 13:00",5335.48,5347.5,5314.03,5315.66,-20.14,-0.38%,0
"2025-04-11 12:30",5291.49,5344.94,5291.49,5335.8,44.44,+0.84%,0
"2025-04-11 12:00",5285.94,5303.34,5279.82,5291.36,5.79,+0.11%,0
"2025-04-11 11:30",5248.05,5287.4,5242.74,5285.57,37.21,+0.71%,0
"2025-04-11 11:00",5250.24,5291.95,5227.83,5248.36,-2.12,-0.04%,0
"2025-04-11 10:30",5224.9,5283.8,5220.77,5250.48,25.34,+0.48%,0
"2025-04-11 10:00",5282.9,5300.03,5221.6,5225.14,-58.71,-1.11%,0
"2025-04-11 09:30",5255.56,5304.94,5230.55,5283.85,15.8,+0.30%,0
"2025-04-10 16:30",5268.05,5268.05,5268.05,5268.05,0,0.00%,0
"2025-04-10 16:00",5267.11,5268.05,5266.98,5268.05,-0.13,0.00%,0
"2025-04-10 15:30",5243.74,5281.84,5201.2,5268.18,23.99,+0.46%,0
"2025-04-10 15:00",5279.4,5310.41,5244.12,5244.19,-35.57,-0.67%,0
"2025-04-10 14:30",5301.06,5313.26,5255.36,5279.76,-21.16,-0.40%,0
"2025-04-10 14:00",5260.94,5303.37,5222.87,5300.92,40.23,+0.76%,0
"2025-04-10 13:30",5210.08,5271.58,5202.25,5260.69,50.76,+0.97%,0
"2025-04-10 13:00",5213.89,5262.05,5148.3,5209.93,-4.14,-0.08%,0
"2025-04-10 12:30",5136.55,5220.67,5134.87,5214.07,77.73,+1.51%,0
"2025-04-10 12:00",5203.84,5216.8,5115.27,5136.34,-67.64,-1.30%,0
"2025-04-10 11:30",5255.4,5259.46,5198.31,5203.98,-51.4,-0.98%,0
"2025-04-10 11:00",5280.44,5303.38,5255.11,5255.38,-25.39,-0.48%,0
"2025-04-10 10:30",5299.36,5335.7,5279.03,5280.77,-20.58,-0.39%,0
"2025-04-10 10:00",5308.53,5322.98,5282.72,5301.35,-6.99,-0.13%,0
"2025-04-10 09:30",5353.15,5353.15,5303.35,5308.34,-148.56,-2.72%,0
"2025-04-09 16:30",5456.9,5456.9,5456.9,5456.9,0,0.00%,0
"2025-04-09 16:00",5453.35,5456.9,5453.35,5456.9,5.29,+0.10%,0
"2025-04-09 15:30",5423.78,5481.34,5415.56,5451.61,27.79,+0.51%,0
"2025-04-09 15:00",5327.73,5435.81,5315.5,5423.82,95.37,+1.79%,0
"2025-04-09 14:30",5402.47,5417.45,5324.19,5328.45,-75.52,-1.40%,0
"2025-04-09 14:00",5367.93,5415.31,5333.23,5403.97,36.12,+0.67%,0
"2025-04-09 13:30",5256.84,5381.55,5252.27,5367.85,111.53,+2.12%,0
"2025-04-09 13:00",5029.87,5351.17,5000.78,5256.32,226.27,+4.50%,0
"2025-04-09 12:30",5010.28,5042.69,5006.04,5030.05,20.36,+0.41%,0
"2025-04-09 12:00",4977.5,5021.76,4966.58,5009.69,32.05,+0.64%,0
"2025-04-09 11:30",4999.98,5011.85,4967.03,4977.64,-22.48,-0.45%,0
"2025-04-09 11:00",4949.68,5013.72,4948.43,5000.12,50.27,+1.02%,0
"2025-04-09 10:30",5007.9,5032.66,4949.53,4949.85,-58.03,-1.16%,0
"2025-04-09 10:00",5015.69,5052.01,4986.09,5007.88,-11.85,-0.24%,0
"2025-04-09 09:30",4965.28,5036.02,4956,5019.73,36.96,+0.74%,0
"2025-04-08 16:30",4982.77,4982.77,4982.77,4982.77,0,0.00%,0
"2025-04-08 16:00",4986.4,4986.4,4982.73,4982.77,-2.9,-0.06%,0
"2025-04-08 15:30",4993.35,4993.35,4910.42,4985.67,-7.54,-0.15%,0
"2025-04-08 15:00",5035.47,5038.08,4962.32,4993.21,-42.43,-0.84%,0
"2025-04-08 14:30",5042.14,5092.6,5033.32,5035.64,-6.13,-0.12%,0
"2025-04-08 14:00",5085.52,5088.19,5040.63,5041.77,-43.7,-0.86%,0
"2025-04-08 13:30",5042.58,5107.21,5039.61,5085.47,42.86,+0.85%,0
"2025-04-08 13:00",5089.73,5101.55,5042,5042.61,-47.08,-0.93%,0
"2025-04-08 12:30",5157.18,5163.31,5089.55,5089.69,-67.35,-1.31%,0
"2025-04-08 12:00",5185.93,5190.59,5136.95,5157.04,-28.81,-0.56%,0
"2025-04-08 11:30",5161.19,5203.27,5159.82,5185.85,24.7,+0.48%,0
"2025-04-08 11:00",5197.45,5210.21,5161.15,5161.15,-36.81,-0.71%,0
"2025-04-08 10:30",5253.01,5259.77,5197.96,5197.96,-55.9,-1.06%,0
"2025-04-08 10:00",5243.92,5267.47,5240.44,5253.86,9.24,+0.18%,0
"2025-04-08 09:30",5193.57,5249.89,5193.57,5244.62,182.37,+3.60%,0
"2025-04-07 16:30",5062.25,5062.25,5062.25,5062.25,0,0.00%,0
"2025-04-07 16:00",5062.58,5062.58,5061.89,5062.25,2.39,+0.05%,0
"2025-04-07 15:30",5024.4,5083.78,5024.4,5059.86,35.4,+0.70%,0
"2025-04-07 15:00",5049.56,5078.63,5020.45,5024.46,-24.91,-0.49%,0
"2025-04-07 14:30",5068.26,5099.97,5041.68,5049.37,-18.82,-0.37%,0
"2025-04-07 14:00",5108.53,5120.57,5065.92,5068.19,-40.75,-0.80%,0
"2025-04-07 13:30",5073.85,5109.95,5041.61,5108.94,35.01,+0.69%,0
"2025-04-07 13:00",4975.06,5075.23,4975.06,5073.93,98.48,+1.98%,0
"2025-04-07 12:30",5012.99,5033.64,4967,4975.45,-37.65,-0.75%,0
"2025-04-07 12:00",5013.2,5019.72,4969.35,5013.1,-0.66,-0.01%,0
"2025-04-07 11:30",4955.64,5055.71,4955.64,5013.76,57.5,+1.16%,0
"2025-04-07 11:00",5077.16,5114.71,4950.87,4956.26,-122.44,-2.41%,0
"2025-04-07 10:30",5000.91,5103.09,4956.07,5078.7,73.74,+1.47%,0
"2025-04-07 10:00",4974.35,5246.57,4951.86,5004.96,28.39,+0.57%,0
"2025-04-07 09:30",4953.79,4980.88,4835.04,4976.57,-97.51,-1.92%,0
"2025-04-04 16:30",5074.08,5074.08,5074.08,5074.08,0,0.00%,0
"2025-04-04 16:00",5073.28,5074.13,5073.28,5074.08,-1.16,-0.02%,0
"2025-04-04 15:30",5123.62,5156.56,5069.9,5075.24,-48.,-0.94%,0
"2025-04-04 15:00",5095.94,5137.26,5083.11,5123.24,27.19,+0.53%,0
"2025-04-04 14:30",5106.52,5110.16,5074.49,5096.05,-11.17,-0.22%,0
"2025-04-04 14:00",5163.25,5174.93,5104.81,5107.22,-55.93,-1.08%,0
"2025-04-04 13:30",5129.94,5164.08,5116.4,5163.15,33.17,+0.65%,0
"2025-04-04 13:00",5139.49,5152.91,5101.75,5129.98,-10.01,-0.19%,0
"2025-04-04 12:30",5141.87,5161.4,5129.05,5139.99,-1.81,-0.04%,0
"2025-04-04 12:00",5167.7,5191.1,5137.98,5141.8,-25.83,-0.50%,0
"2025-04-04 11:30",5182.64,5200.91,5160.59,5167.63,-15.3,-0.30%,0
"2025-04-04 11:00",5172.7,5243.5,5167.25,5182.93,9.85,+0.19%,0
"2025-04-04 10:30",5180.88,5192.18,5118.78,5173.08,-7.57,-0.15%,0
"2025-04-04 10:00",5249.71,5249.71,5180.4,5180.65,-70.86,-1.35%,0
"2025-04-04 09:30",5292.14,5292.14,5208.55,5251.51,-145.01,-2.69%,0
"2025-04-03 17:00",5396.52,5396.52,5396.52,5396.52,0,0.00%,0
"2025-04-03 16:00",5395.92,5396.61,5395.92,5396.52,1.63,+0.03%,0
"2025-04-03 15:30",5410.72,5415.93,5390.83,5394.89,-15.93,-0.29%,0
"2025-04-03 15:00",5439.17,5440.21,5406.75,5410.82,-28.52,-0.52%,0
"2025-04-03 14:30",5427.83,5443.2,5420.61,5439.34,11.53,+0.21%,0
"2025-04-03 14:00",5439.36,5445.27,5424.22,5427.81,-11.56,-0.21%,0
"2025-04-03 13:30",5443.34,5457.72,5439.08,5439.37,-3.72,-0.07%,0
"2025-04-03 13:00",5454.87,5463.69,5440.69,5443.09,-11.81,-0.22%,0
"2025-04-03 12:30",5479.14,5483.05,5451.45,5454.9,-24.16,-0.44%,0
"2025-04-03 12:00",5455.8,5479.83,5455.34,5479.06,23.27,+0.43%,0
"2025-04-03 11:30",5438.29,5463.79,5437.21,5455.79,17.37,+0.32%,0
"2025-04-03 11:00",5421.74,5447.14,5415.66,5438.42,16.44,+0.30%,0
"2025-04-03 10:30",5451.23,5458.47,5421.31,5421.98,-29.82,-0.55%,0
"2025-04-03 10:00",5469.93,5471.47,5436.66,5451.8,-19.24,-0.35%,0
"2025-04-03 09:30",5492.74,5499.53,5463.38,5471.04,-199.93,-3.53%,0
"2025-04-02 16:30",5670.97,5670.97,5670.97,5670.97,0,0.00%,0
"2025-04-02 16:00",5669.42,5670.97,5669.42,5670.97,1.72,+0.03%,0
"2025-04-02 15:30",5653.17,5677.94,5648.79,5669.25,16.15,+0.29%,0
"2025-04-02 15:00",5633.27,5654.54,5633.27,5653.1,19.8,+0.35%,0
"2025-04-02 14:30",5633.59,5658.64,5632.14,5633.3,-0.81,-0.01%,0
"2025-04-02 14:00",5661.89,5664.69,5633.92,5634.11,-27.69,-0.49%,0
"2025-04-02 13:30",5682.72,5682.72,5654.2,5661.8,-21.07,-0.37%,0
"2025-04-02 13:00",5678.16,5695.31,5677.87,5682.87,4.59,+0.08%,0
"2025-04-02 12:30",5664.48,5681.42,5657.87,5678.28,13.92,+0.25%,0
"2025-04-02 12:00",5644.61,5664.37,5643.18,5664.36,19.6,+0.35%,0
"2025-04-02 11:30",5655.21,5659.05,5633.37,5644.76,-10.44,-0.18%,0
"2025-04-02 11:00",5642.62,5659.15,5630.88,5655.2,12.5,+0.22%,0
"2025-04-02 10:30",5629.99,5643.96,5625.89,5642.7,12.8,+0.23%,0
"2025-04-02 10:00",5609.11,5630.22,5604.33,5629.9,18.83,+0.34%,0
"2025-04-02 09:30",5580.76,5619.35,5571.48,5611.07,-22.,-0.39%,0
"2025-04-01 16:30",5633.07,5633.07,5633.07,5633.07,0,0.00%,0
"2025-04-01 16:00",5632.88,5633.09,5632.74,5633.07,0.15,0.00%,0
"2025-04-01 15:30",5606.27,5636.72,5603.87,5632.92,26.46,+0.47%,0
"2025-04-01 15:00",5597.99,5611.25,5596.32,5606.46,8.42,+0.15%,0
"2025-04-01 14:30",5588.62,5598.34,5583.22,5598.04,9.32,+0.17%,0
"2025-04-01 14:00",5612.05,5613.1,5585.59,5588.72,-23.34,-0.42%,0
"2025-04-01 13:30",5615.59,5624.4,5611.47,5612.06,-3.5,-0.06%,0
"2025-04-01 13:00",5628.88,5632.58,5614.13,5615.56,-13.25,-0.24%,0
"2025-04-01 12:30",5629.77,5634.78,5615.74,5628.81,-1.04,-0.02%,0
"2025-04-01 12:00",5637.34,5650.57,5629.27,5629.85,-7.52,-0.13%,0
"2025-04-01 11:30",5630.47,5639.04,5624.64,5637.37,6.53,+0.12%,0
"2025-04-01 11:00",5618.77,5640.62,5616.13,5630.84,12.14,+0.22%,0
"2025-04-01 10:30",5574.03,5619.14,5572.7,5618.7,44.55,+0.80%,0
"2025-04-01 10:00",5593.34,5596.84,5558.52,5574.15,-24.7,-0.44%,0
"2025-04-01 09:30",5597.53,5607.33,5582.83,5598.85,-13.,-0.23%,0
"2025-03-31 16:30",5611.85,5611.85,5611.85,5611.85,0,0.00%,0
"2025-03-31 16:00",5612.62,5612.62,5611.85,5611.85,0.52,+0.01%,0
"2025-03-31 15:30",5595.35,5627.56,5593.1,5611.33,15.95,+0.29%,0
"2025-03-31 15:00",5585.6,5612.44,5585.17,5595.38,9.73,+0.17%,0
"2025-03-31 14:30",5590.77,5600.3,5584.72,5585.65,-4.85,-0.09%,0
"2025-03-31 14:00",5553.02,5590.77,5552.46,5590.5,37.49,+0.68%,0
"2025-03-31 13:30",5557.28,5562.81,5549.1,5553.01,-4.07,-0.07%,0
"2025-03-31 13:00",5554.49,5572.6,5550.42,5557.08,2.6,+0.05%,0
"2025-03-31 12:30",5566.19,5566.19,5553.02,5554.48,-11.66,-0.21%,0
"2025-03-31 12:00",5554.09,5566.16,5540.74,5566.14,12.27,+0.22%,0
"2025-03-31 11:30",5546.75,5562.42,5542.42,5553.87,7.46,+0.13%,0
"2025-03-31 11:00",5536.36,5555.2,5534.26,5546.41,10.27,+0.19%,0
"2025-03-31 10:30",5516.25,5539.85,5516.25,5536.14,19.87,+0.36%,0
"2025-03-31 10:00",5519.11,5536.52,5515.19,5516.27,-2.02,-0.04%,0
"2025-03-31 09:30",5527.91,5527.91,5488.73,5518.29,-62.65,-1.12%,0
"2025-03-28 16:30",5580.94,5580.94,5580.94,5580.94,0,0.00%,0
"2025-03-28 16:00",5580.03,5580.95,5580.03,5580.94,0.66,+0.01%,0
"2025-03-28 15:30",5579.05,5586.56,5572.42,5580.28,1.12,+0.02%,0
"2025-03-28 15:00",5584.01,5588.75,5578.35,5579.16,-4.74,-0.08%,0
"2025-03-28 14:30",5581.82,5584.7,5575.39,5583.9,2.02,+0.04%,0
"2025-03-28 14:00",5585.67,5591.25,5579.04,5581.88,-3.9,-0.07%,0
"2025-03-28 13:30",5575.08,5585.78,5574.07,5585.78,10.73,+0.19%,0
"2025-03-28 13:00",5587.02,5587.02,5573.94,5575.05,-11.98,-0.21%,0
"2025-03-28 12:30",5590.47,5597.08,5586.28,5587.03,-3.46,-0.06%,0
"2025-03-28 12:00",5601.2,5609.26,5588.49,5590.49,-10.85,-0.19%,0
"2025-03-28 11:30",5610.99,5619.33,5601.34,5601.34,-9.76,-0.17%,0
"2025-03-28 11:00",5609.22,5613.47,5599.64,5611.1,1.31,+0.02%,0
"2025-03-28 10:30",5616.95,5622.32,5605.1,5609.79,-7.16,-0.13%,0
"2025-03-28 10:00",5660.87,5665.52,5616.74,5616.95,-43.98,-0.78%,0
"2025-03-28 09:30",5679.2,5685.89,5660.46,5660.93,-32.38,-0.57%,0
"2025-03-27 17:00",5693.31,5693.31,5693.31,5693.31,0,0.00%,0
"2025-03-27 16:00",5692.87,5693.31,5692.74,5693.31,0.95,+0.02%,0
"2025-03-27 15:30",5719.83,5719.87,5690.62,5692.36,-27.54,-0.48%,0
"2025-03-27 15:00",5698.17,5722.31,5697.34,5719.9,21.68,+0.38%,0
"2025-03-27 14:30",5701.88,5713.96,5697.44,5698.22,-3.67,-0.06%,0
"2025-03-27 14:00",5688.55,5708.59,5688.35,5701.89,13.35,+0.23%,0
"2025-03-27 13:30",5690.37,5699.41,5687.17,5688.54,-1.93,-0.03%,0
"2025-03-27 13:00",5689.22,5703.73,5686.99,5690.47,1.18,+0.02%,0
"2025-03-27 12:30",5709.02,5715.23,5688.84,5689.29,-19.64,-0.34%,0
"2025-03-27 12:00",5701.93,5721.21,5700.92,5708.93,7.15,+0.13%,0
"2025-03-27 11:30",5721.02,5721.09,5700.94,5701.78,-19.13,-0.33%,0
"2025-03-27 11:00",5731.54,5732.28,5720.91,5720.91,-9.75,-0.17%,0
"2025-03-27 10:30",5717.79,5730.67,5715.91,5730.66,12.8,+0.22%,0
"2025-03-27 10:00",5705.62,5717.86,5697.97,5717.86,12.52,+0.22%,0
"2025-03-27 09:30",5695.64,5706.63,5670.94,5705.34,-6.86,-0.12%,0
"2025-03-26 16:30",5712.2,5712.2,5712.2,5712.2,0,0.00%,0
"2025-03-26 16:00",5711.11,5712.2,5711.11,5712.2,0.09,0.00%,0
"2025-03-26 15:30",5699.12,5717.92,5698.73,5712.11,12.89,+0.23%,0
"2025-03-26 15:00",5696.51,5708.72,5694.41,5699.22,2.68,+0.05%,0
"2025-03-26 14:30",5715.22,5717.16,5695.19,5696.54,-18.72,-0.33%,0
"2025-03-26 14:00",5702.86,5717.59,5702.64,5715.26,12.43,+0.22%,0
"2025-03-26 13:30",5712.2,5714.49,5701.83,5702.83,-9.54,-0.17%,0
"2025-03-26 13:00",5716.82,5724.16,5710.17,5712.37,-4.45,-0.08%,0
"2025-03-26 12:30",5732.95,5736.03,5715.64,5716.82,-16.15,-0.28%,0
"2025-03-26 12:00",5728.95,5733.06,5724.82,5732.97,4.04,+0.07%,0
"2025-03-26 11:30",5745.57,5749.95,5724.68,5728.93,-16.75,-0.29%,0
"2025-03-26 11:00",5757.23,5760.77,5742.93,5745.68,-11.51,-0.20%,0
"2025-03-26 10:30",5755.79,5760.46,5750.88,5757.19,1.42,+0.02%,0
"2025-03-26 10:00",5758.76,5766.15,5746.79,5755.77,-3.01,-0.05%,0
"2025-03-26 09:30",5771.66,5783.62,5755.72,5758.78,-17.87,-0.31%,0
"2025-03-25 16:30",5776.65,5776.65,5776.65,5776.65,0,0.00%,0
"2025-03-25 16:00",5776.69,5776.79,5776.62,5776.65,-0.18,0.00%,0
"2025-03-25 15:30",5764.4,5778.45,5761.14,5776.83,12.25,+0.21%,0
"2025-03-25 15:00",5762.05,5768.63,5762.02,5764.58,2.51,+0.04%,0
"2025-03-25 14:30",5766.64,5768.22,5760.42,5762.07,-4.44,-0.08%,0
"2025-03-25 14:00",5764.36,5772.15,5761.45,5766.51,2.2,+0.04%,0
"2025-03-25 13:30",5764.4,5769.31,5764.01,5764.31,-0.06,0.00%,0
"2025-03-25 13:00",5771.88,5778.42,5763.22,5764.37,-7.43,-0.13%,0
"2025-03-25 12:30",5767.92,5773.18,5764.62,5771.8,3.83,+0.07%,0
"2025-03-25 12:00",5770.38,5772.31,5767.09,5767.97,-2.51,-0.04%,0
"2025-03-25 11:30",5780.39,5780.6,5768.69,5770.48,-9.92,-0.17%,0
"2025-03-25 11:00",5783.1,5785.36,5779.43,5780.4,-2.92,-0.05%,0
"2025-03-25 10:30",5781.37,5786.95,5777.46,5783.32,1.97,+0.03%,0
"2025-03-25 10:00",5770.58,5781.35,5763.05,5781.35,11.35,+0.20%,0
"2025-03-25 09:30",5775.96,5779.76,5763.91,5770,2.43,+0.04%,0
"2025-03-24 16:30",5767.57,5767.57,5767.57,5767.57,0,0.00%,0
"2025-03-24 16:00",5764.84,5767.57,5764.84,5767.57,2.42,+0.04%,0
"2025-03-24 15:30",5762.01,5775.14,5761.22,5765.15,3.26,+0.06%,0
"2025-03-24 15:00",5758.68,5764.81,5757.42,5761.89,3.29,+0.06%,0
"2025-03-24 14:30",5746.51,5759.13,5743.69,5758.6,12.18,+0.21%,0
"2025-03-24 14:00",5753.29,5753.85,5743.86,5746.42,-6.96,-0.12%,0
"2025-03-24 13:30",5752.75,5756.11,5750.34,5753.38,0.61,+0.01%,0
"2025-03-24 13:00",5754.18,5754.8,5747.77,5752.77,-1.41,-0.02%,0
"2025-03-24 12:30",5755.79,5758.1,5750.82,5754.18,-2.,-0.03%,0
"2025-03-24 12:00",5761.3,5766.56,5756.05,5756.18,-5.16,-0.09%,0
"2025-03-24 11:30",5759.72,5761.6,5754.65,5761.34,1.67,+0.03%,0
"2025-03-24 11:00",5758.43,5762.95,5755.04,5759.67,1.28,+0.02%,0
"2025-03-24 10:30",5754.15,5759.34,5749.82,5758.39,4.2,+0.07%,0
"2025-03-24 10:00",5750.6,5755.94,5742.91,5754.19,3.62,+0.06%,0
"2025-03-24 09:30",5718.08,5753.52,5718.08,5750.57,83.01,+1.46%,0
"2025-03-21 16:30",5667.56,5667.56,5667.56,5667.56,0,0.00%,0
"2025-03-21 16:00",5666.95,5667.58,5666.95,5667.56,0.88,+0.02%,0
"2025-03-21 15:30",5642.46,5670.84,5640.04,5666.68,24.23,+0.43%,0
"2025-03-21 15:00",5647.93,5648.2,5637.59,5642.45,-5.47,-0.10%,0
"2025-03-21 14:30",5643.59,5655.07,5643.59,5647.92,4.31,+0.08%,0
"2025-03-21 14:00",5651.81,5655.24,5643.41,5643.61,-8.14,-0.14%,0
"2025-03-21 13:30",5643.67,5661.61,5638.76,5651.75,8.07,+0.14%,0
"2025-03-21 13:00",5658.78,5658.78,5642.22,5643.68,-15.14,-0.27%,0
"2025-03-21 12:30",5646.81,5658.82,5641.19,5658.82,12.05,+0.21%,0
"2025-03-21 12:00",5617.14,5650.1,5611.41,5646.77,29.37,+0.52%,0
"2025-03-21 11:30",5620.88,5627.68,5612.24,5617.4,-3.61,-0.06%,0
"2025-03-21 11:00",5637.25,5640.5,5620.13,5621.01,-16.5,-0.29%,0
"2025-03-21 10:30",5621.73,5637.52,5613.66,5637.51,16.01,+0.28%,0
"2025-03-21 10:00",5621.22,5625.93,5603.1,5621.5,0.15,0.00%,0
"2025-03-21 09:30",5630.73,5630.73,5605.5,5621.35,-41.54,-0.73%,0
"2025-03-20 17:00",5662.89,5662.89,5662.89,5662.89,0,0.00%,0
"2025-03-20 16:00",5662.77,5662.95,5662.64,5662.89,0.82,+0.01%,0
"2025-03-20 15:30",5652.27,5671.94,5652.27,5662.07,9.71,+0.17%,0
"2025-03-20 15:00",5650.15,5668.32,5649.78,5652.36,2.21,+0.04%,0
"2025-03-20 14:30",5647.13,5663.92,5643.84,5650.15,2.97,+0.05%,0
"2025-03-20 14:00",5656.86,5666.92,5646.93,5647.18,-9.58,-0.17%,0
"2025-03-20 13:30",5652.91,5670.04,5652.53,5656.76,3.87,+0.07%,0
"2025-03-20 13:00",5663.74,5677.39,5652.88,5652.89,-10.79,-0.19%,0
"2025-03-20 12:30",5667.36,5675.31,5662.42,5663.68,-3.42,-0.06%,0
"2025-03-20 12:00",5687.61,5698.96,5665.9,5667.1,-20.5,-0.36%,0
"2025-03-20 11:30",5695.45,5700.82,5683.24,5687.6,-7.75,-0.14%,0
"2025-03-20 11:00",5700.12,5704.33,5693.39,5695.35,-5.19,-0.09%,0
"2025-03-20 10:30",5701.29,5711.15,5695.05,5700.54,-0.73,-0.01%,0
"2025-03-20 10:00",5672.89,5706.19,5672.36,5701.27,27.06,+0.48%,0
"2025-03-20 09:30",5646.92,5674.27,5632.33,5674.21,-1.08,-0.02%,0
"2025-03-19 16:30",5675.29,5675.29,5675.29,5675.29,0,0.00%,0
"2025-03-19 16:00",5675.52,5675.52,5675.29,5675.29,0.01,0.00%,0
"2025-03-19 15:30",5678.09,5699.46,5672.88,5675.28,-2.93,-0.05%,0
"2025-03-19 15:00",5688.86,5715.33,5673.3,5678.21,-10.79,-0.19%,0
"2025-03-19 14:30",5652.26,5690.91,5652.26,5689,36.76,+0.65%,0
"2025-03-19 14:00",5637.4,5664.23,5633.2,5652.24,13.84,+0.25%,0
"2025-03-19 13:30",5640,5648.37,5634.09,5638.4,-1.59,-0.03%,0
"2025-03-19 13:00",5655.69,5657.83,5639.69,5639.99,-15.63,-0.28%,0
"2025-03-19 12:30",5662.11,5662.44,5653.64,5655.62,-6.58,-0.12%,0
"2025-03-19 12:00",5663.74,5668.32,5657.45,5662.2,-1.52,-0.03%,0
"2025-03-19 11:30",5652.31,5668.93,5650.35,5663.72,11.38,+0.20%,0
"2025-03-19 11:00",5641.05,5653.54,5639.85,5652.34,11.85,+0.21%,0
"2025-03-19 10:30",5651.65,5654.85,5640.06,5640.49,-11.2,-0.20%,0
"2025-03-19 10:00",5646.45,5660.04,5646.45,5651.69,5.31,+0.09%,0
"2025-03-19 09:30",5632.37,5651.15,5622.2,5646.38,31.72,+0.56%,0
"2025-03-18 16:30",5614.66,5614.66,5614.66,5614.66,0,0.00%,0
"2025-03-18 16:00",5615.78,5615.78,5614.66,5614.66,-0.71,-0.01%,0
"2025-03-18 15:30",5617.38,5620.48,5605.2,5615.37,-2.05,-0.04%,0
"2025-03-18 15:00",5620.4,5623.15,5612.55,5617.42,-3.14,-0.06%,0
"2025-03-18 14:30",5611.41,5627.73,5610.95,5620.56,9.08,+0.16%,0
"2025-03-18 14:00",5614.2,5619.47,5603.9,5611.48,-2.88,-0.05%,0
"2025-03-18 13:30",5611.41,5621.55,5607.19,5614.36,3.06,+0.05%,0
"2025-03-18 13:00",5615.01,5617.55,5601.15,5611.3,-3.93,-0.07%,0
"2025-03-18 12:30",5622.02,5623.25,5600,5615.23,-6.38,-0.11%,0
"2025-03-18 12:00",5602.14,5621.77,5600.45,5621.61,19.35,+0.35%,0
"2025-03-18 11:30",5606.6,5613.33,5597.76,5602.26,-4.1,-0.07%,0
"2025-03-18 11:00",5613.6,5614.56,5599.87,5606.36,-7.52,-0.13%,0
"2025-03-18 10:30",5618.94,5626.44,5609.92,5613.88,-5.31,-0.09%,0
"2025-03-18 10:00",5614,5622.43,5608.15,5619.19,5.09,+0.09%,0
"2025-03-18 09:30",5654.53,5654.53,5611.75,5614.1,-61.02,-1.08%,0
"2025-03-17 16:30",5675.12,5675.12,5675.12,5675.12,0,0.00%,0
"2025-03-17 16:00",5674.77,5675.33,5674.77,5675.12,-1.04,-0.02%,0
"2025-03-17 15:30",5696.86,5699.23,5674.76,5676.16,-20.76,-0.36%,0
"2025-03-17 15:00",5698.68,5699.35,5691.05,5696.92,-1.74,-0.03%,0
"2025-03-17 14:30",5693.63,5703.52,5692.17,5698.66,5.04,+0.09%,0
"2025-03-17 14:00",5677.72,5695.64,5677.67,5693.62,15.87,+0.28%,0
"2025-03-17 13:30",5664.37,5679.7,5663.1,5677.75,13.57,+0.24%,0
"2025-03-17 13:00",5652.39,5666.23,5646.64,5664.18,11.74,+0.21%,0
"2025-03-17 12:30",5644.96,5655.37,5641.82,5652.44,7.52,+0.13%,0
"2025-03-17 12:00",5644.55,5658.63,5639.99,5644.92,0.29,+0.01%,0
"2025-03-17 11:30",5648.54,5651.28,5636.01,5644.63,-3.92,-0.07%,0
"2025-03-17 11:00",5646.32,5658.05,5641.76,5648.55,2.84,+0.05%,0
"2025-03-17 10:30",5652.5,5662.8,5643.41,5645.71,-6.71,-0.12%,0
"2025-03-17 10:00",5663.06,5668.6,5650.43,5652.42,-10.81,-0.19%,0
"2025-03-17 09:30",5635.6,5669.3,5631.12,5663.23,24.29,+0.43%,0
"2025-03-14 16:30",5638.94,5638.94,5638.94,5638.94,0,0.00%,0
"2025-03-14 16:00",5637.47,5638.94,5637.47,5638.94,2.08,+0.04%,0
"2025-03-14 15:30",5625.25,5645.27,5621.29,5636.86,11.62,+0.21%,0
"2025-03-14 15:00",5624.53,5634,5622.25,5625.24,0.75,+0.01%,0
"2025-03-14 14:30",5613.83,5631.19,5613.83,5624.49,10.75,+0.19%,0
"2025-03-14 14:00",5613.14,5623.62,5609.68,5613.74,0.7,+0.01%,0
"2025-03-14 13:30",5621.45,5625.84,5612.28,5613.04,-8.43,-0.15%,0
"2025-03-14 13:00",5626.99,5634.06,5619.71,5621.47,-5.72,-0.10%,0
"2025-03-14 12:30",5609.28,5630.34,5607.72,5627.19,17.8,+0.32%,0
"2025-03-14 12:00",5627.6,5628.39,5607.83,5609.39,-18.12,-0.32%,0
"2025-03-14 11:30",5617.38,5630.92,5617.38,5627.51,10.12,+0.18%,0
"2025-03-14 11:00",5609.21,5621.5,5606.94,5617.39,9.05,+0.16%,0
"2025-03-14 10:30",5575.99,5608.34,5575.71,5608.34,32.32,+0.58%,0
"2025-03-14 10:00",5590.24,5595.25,5565.7,5576.02,-13.48,-0.24%,0
"2025-03-14 09:30",5563.85,5603.93,5563.85,5589.5,67.98,+1.23%,0
"2025-03-13 16:30",5521.52,5521.52,5521.52,5521.52,0,0.00%,0
"2025-03-13 16:00",5521.92,5521.92,5521.17,5521.52,-0.04,0.00%,0
"2025-03-13 15:30",5522.36,5527.59,5509.26,5521.56,-0.69,-0.01%,0
"2025-03-13 15:00",5546.71,5553.1,5517.99,5522.25,-24.54,-0.44%,0
"2025-03-13 14:30",5537.35,5550.2,5533.41,5546.79,9.52,+0.17%,0
"2025-03-13 14:00",5507.6,5538.66,5507.04,5537.27,29.64,+0.54%,0
"2025-03-13 13:30",5518.82,5518.96,5504.65,5507.63,-11.53,-0.21%,0
"2025-03-13 13:00",5532.72,5539.55,5511.4,5519.16,-13.57,-0.25%,0
"2025-03-13 12:30",5533.59,5552.21,5521.79,5532.73,-0.77,-0.01%,0
"2025-03-13 12:00",5531.58,5546.52,5530.06,5533.5,1.9,+0.03%,0
"2025-03-13 11:30",5550.67,5556.79,5530.99,5531.6,-19.31,-0.35%,0
"2025-03-13 11:00",5568.72,5576.73,5549.38,5550.91,-17.02,-0.31%,0
"2025-03-13 10:30",5579.21,5590.13,5564.51,5567.93,-11.29,-0.20%,0
"2025-03-13 10:00",5557.67,5597.78,5551.7,5579.22,21.48,+0.39%,0
"2025-03-13 09:30",5594.45,5595.87,5553,5557.74,-41.56,-0.74%,0
"2025-03-12 16:30",5599.3,5599.3,5599.3,5599.3,0,0.00%,0
"2025-03-12 16:00",5598.5,5599.3,5598.5,5599.3,1.02,+0.02%,0
"2025-03-12 15:30",5605.01,5610.94,5590.94,5598.28,-6.73,-0.12%,0
"2025-03-12 15:00",5620.59,5620.59,5598.04,5605.01,-15.7,-0.28%,0
"2025-03-12 14:30",5610.3,5626.91,5607.88,5620.71,10.54,+0.19%,0
"2025-03-12 14:00",5587.85,5610.22,5586.68,5610.17,22.43,+0.40%,0
"2025-03-12 13:30",5622.5,5625.95,5587.74,5587.74,-34.74,-0.62%,0
"2025-03-12 13:00",5599.73,5622.7,5596,5622.48,22.71,+0.41%,0
"2025-03-12 12:30",5611.12,5621.37,5596.49,5599.77,-11.23,-0.20%,0
"2025-03-12 12:00",5599.79,5616.55,5591.37,5611,11.14,+0.20%,0
"2025-03-12 11:30",5577.5,5600.05,5574.96,5599.86,22.42,+0.40%,0
"2025-03-12 11:00",5563.44,5579.42,5546.09,5577.44,14.16,+0.25%,0
"2025-03-12 10:30",5599.22,5600.65,5563.28,5563.28,-36.1,-0.64%,0
"2025-03-12 10:00",5603.84,5614,5589.35,5599.38,-4.,-0.07%,0
"2025-03-12 09:30",5624.84,5642.19,5593.7,5603.38,31.31,+0.56%,0
"2025-03-11 16:30",5572.07,5572.07,5572.07,5572.07,0,0.00%,0
"2025-03-11 16:00",5570.27,5572.07,5570.27,5572.07,0.28,+0.01%,0
"2025-03-11 15:30",5604.45,5610.56,5569.59,5571.79,-32.52,-0.58%,0
"2025-03-11 15:00",5623.47,5633.35,5595.66,5604.31,-19.21,-0.34%,0
"2025-03-11 14:30",5592.65,5636.3,5582.68,5623.52,30.81,+0.55%,0
"2025-03-11 14:00",5550.07,5600.61,5549.5,5592.71,43.01,+0.77%,0
"2025-03-11 13:30",5529.85,5560.97,5528.41,5549.7,19.63,+0.35%,0
"2025-03-11 13:00",5551.06,5551.33,5528.88,5530.07,-21.04,-0.38%,0
"2025-03-11 12:30",5567.2,5576.57,5544.67,5551.11,-15.83,-0.28%,0
"2025-03-11 12:00",5580.35,5583.9,5556.95,5566.94,-13.03,-0.23%,0
"2025-03-11 11:30",5580.39,5607.51,5578.23,5579.97,-0.3,-0.01%,0
"2025-03-11 11:00",5555.61,5596.02,5549.42,5580.27,23.85,+0.43%,0
"2025-03-11 10:30",5567.35,5579.08,5549.08,5556.42,-10.99,-0.20%,0
"2025-03-11 10:00",5605.47,5626.88,5564.62,5567.41,-37.98,-0.68%,0
"2025-03-11 09:30",5603.65,5625.68,5592.65,5605.39,-9.17,-0.16%,0
"2025-03-10 16:30",5614.56,5614.56,5614.56,5614.56,0,0.00%,0
"2025-03-10 16:00",5615.72,5615.72,5614.56,5614.56,-0.44,-0.01%,0
"2025-03-10 15:30",5605.24,5632.68,5599.96,5615,9.97,+0.18%,0
"2025-03-10 15:00",5580.51,5620.33,5564.02,5605.03,24.57,+0.44%,0
"2025-03-10 14:30",5605.91,5612.28,5579.16,5580.46,-25.43,-0.45%,0
"2025-03-10 14:00",5612.17,5622.5,5602.78,5605.89,-6.53,-0.12%,0
"2025-03-10 13:30",5626.28,5627.1,5609.25,5612.42,-13.88,-0.25%,0
"2025-03-10 13:00",5637.75,5639.41,5619.52,5626.3,-11.34,-0.20%,0
"2025-03-10 12:30",5645.34,5658.88,5635.56,5637.64,-7.3,-0.13%,0
"2025-03-10 12:00",5646.53,5653.07,5633.17,5644.94,-1.72,-0.03%,0
"2025-03-10 11:30",5659.11,5673.95,5645.24,5646.66,-12.5,-0.22%,0
"2025-03-10 11:00",5647.33,5661.63,5647.33,5659.16,11.37,+0.20%,0
"2025-03-10 10:30",5663.11,5668.1,5638.84,5647.79,-15.31,-0.27%,0
"2025-03-10 10:00",5681.37,5681.37,5659.98,5663.1,-18.38,-0.32%,0
"2025-03-10 09:30",5705.37,5705.37,5672.52,5681.48,-88.72,-1.54%,0
"2025-03-07 16:30",5770.2,5770.2,5770.2,5770.2,0,0.00%,0
"2025-03-07 16:00",5769.69,5770.2,5769.48,5770.2,1.05,+0.02%,0
"2025-03-07 15:30",5769.71,5783.01,5739.68,5769.15,-0.66,-0.01%,0
"2025-03-07 15:00",5761.86,5776.66,5757.25,5769.81,8.04,+0.14%,0
"2025-03-07 14:30",5776,5781.19,5757.78,5761.77,-14.07,-0.24%,0
"2025-03-07 14:00",5761.99,5782.51,5751.94,5775.84,14.09,+0.24%,0
"2025-03-07 13:30",5735.74,5762.51,5733.57,5761.75,26.1,+0.46%,0
"2025-03-07 13:00",5712.07,5751.84,5712.07,5735.65,23.37,+0.41%,0
"2025-03-07 12:30",5689.71,5739.96,5684.92,5712.28,22.67,+0.40%,0
"2025-03-07 12:00",5679.92,5694.88,5668.16,5689.61,9.66,+0.17%,0
"2025-03-07 11:30",5685.4,5689.13,5666.29,5679.95,-5.13,-0.09%,0
"2025-03-07 11:00",5718.39,5721.42,5683.43,5685.08,-33.14,-0.58%,0
"2025-03-07 10:30",5732.98,5737.15,5693.99,5718.22,-14.58,-0.25%,0
"2025-03-07 10:00",5749.2,5759.73,5728.31,5732.8,-17.79,-0.31%,0
"2025-03-07 09:30",5726.01,5770.48,5719.68,5750.59,12.07,+0.21%,0
"2025-03-06 16:30",5738.52,5738.52,5738.52,5738.52,0,0.00%,0
"2025-03-06 16:00",5738.65,5738.65,5738.42,5738.52,0.03,0.00%,0
"2025-03-06 15:30",5740.7,5752.12,5726.74,5738.49,-2.29,-0.04%,0
"2025-03-06 15:00",5720.9,5745.89,5716.54,5740.78,19.52,+0.34%,0
"2025-03-06 14:30",5716.59,5759.48,5711.64,5721.26,4.54,+0.08%,0
"2025-03-06 14:00",5732.14,5733.14,5712.14,5716.72,-15.67,-0.27%,0
"2025-03-06 13:30",5736.09,5741.32,5715.33,5732.39,-3.69,-0.06%,0
"2025-03-06 13:00",5741.28,5751.68,5731.37,5736.08,-5.26,-0.09%,0
"2025-03-06 12:30",5736.72,5746.85,5721.59,5741.34,4.71,+0.08%,0
"2025-03-06 12:00",5756.16,5760.34,5731.79,5736.63,-19.61,-0.34%,0
"2025-03-06 11:30",5797.01,5810.04,5755.82,5756.24,-41.01,-0.71%,0
"2025-03-06 11:00",5798.13,5812.08,5784.38,5797.25,-0.76,-0.01%,0
"2025-03-06 10:30",5796.14,5811.55,5787.17,5798.01,1.65,+0.03%,0
"2025-03-06 10:00",5755.2,5798.49,5751.94,5796.36,40.44,+0.70%,0
"2025-03-06 09:30",5785.87,5785.87,5746.53,5755.92,-86.71,-1.48%,0
"2025-03-05 16:30",5842.63,5842.63,5842.63,5842.63,0,0.00%,0
"2025-03-05 16:00",5842.79,5842.79,5842.15,5842.63,1.68,+0.03%,0
"2025-03-05 15:30",5853.46,5853.46,5826.52,5840.95,-12.69,-0.22%,0
"2025-03-05 15:00",5842.73,5860.59,5835.4,5853.64,11,+0.19%,0
"2025-03-05 14:30",5839.79,5853.23,5832.88,5842.64,3.07,+0.05%,0
"2025-03-05 14:00",5825.96,5854.72,5821.01,5839.57,13.55,+0.23%,0
"2025-03-05 13:30",5803.94,5826.02,5791.67,5826.02,22.08,+0.38%,0
"2025-03-05 13:00",5819.28,5822.31,5790.75,5803.94,-15.35,-0.26%,0
"2025-03-05 12:30",5798.51,5819.86,5791.5,5819.29,20.93,+0.36%,0
"2025-03-05 12:00",5770.42,5798.42,5770.42,5798.36,27.31,+0.47%,0
"2025-03-05 11:30",5759.72,5777.34,5742.35,5771.05,11.15,+0.19%,0
"2025-03-05 11:00",5781.09,5781.09,5750.49,5759.9,-21.22,-0.37%,0
"2025-03-05 10:30",5770.83,5794.34,5767.71,5781.12,10.41,+0.18%,0
"2025-03-05 10:00",5769.08,5806.69,5766.34,5770.71,-0.15,0.00%,0
"2025-03-05 09:30",5781.36,5803.55,5761.63,5770.86,-7.29,-0.13%,0
"2025-03-04 16:30",5778.15,5778.15,5778.15,5778.15,0,0.00%,0
"2025-03-04 16:00",5778.68,5778.68,5778.15,5778.15,0.71,+0.01%,0
"2025-03-04 15:30",5850.89,5852.03,5759.35,5777.44,-74.06,-1.27%,0
"2025-03-04 15:00",5840.68,5865.08,5834.39,5851.5,10.65,+0.18%,0
"2025-03-04 14:30",5826.29,5842.4,5820.57,5840.85,14.73,+0.25%,0
"2025-03-04 14:00",5814.31,5841.13,5813.89,5826.12,11.85,+0.20%,0
"2025-03-04 13:30",5786.7,5819.22,5781.87,5814.27,27.4,+0.47%,0
"2025-03-04 13:00",5776.35,5811.45,5772.61,5786.87,10.56,+0.18%,0
"2025-03-04 12:30",5790.32,5792.3,5771.45,5776.31,-13.86,-0.24%,0
"2025-03-04 12:00",5770.41,5796.35,5764.98,5790.17,19.95,+0.35%,0
"2025-03-04 11:30",5740.38,5776.82,5740.35,5770.22,29.44,+0.51%,0
"2025-03-04 11:00",5751.26,5760.78,5733.24,5740.78,-10.84,-0.19%,0
"2025-03-04 10:30",5756.4,5770.65,5745.06,5751.62,-4.96,-0.09%,0
"2025-03-04 10:00",5767.86,5771.19,5732.59,5756.58,-10.69,-0.19%,0
"2025-03-04 09:30",5811.98,5811.98,5767.06,5767.27,-82.45,-1.41%,0
"2025-03-03 16:30",5849.72,5849.72,5849.72,5849.72,0,0.00%,0
"2025-03-03 16:00",5850.48,5850.48,5849.72,5849.72,-1.61,-0.03%,0
"2025-03-03 15:30",5823.25,5851.33,5810.91,5851.33,28.06,+0.48%,0
"2025-03-03 15:00",5872.35,5872.35,5819.92,5823.27,-49.1,-0.84%,0
"2025-03-03 14:30",5896.5,5917.6,5872.13,5872.37,-24.21,-0.41%,0
"2025-03-03 14:00",5903.33,5913.34,5894.61,5896.58,-6.95,-0.12%,0
"2025-03-03 13:30",5892.6,5910.22,5886.86,5903.53,10.9,+0.18%,0
"2025-03-03 13:00",5931.89,5932.64,5890.63,5892.63,-39.3,-0.66%,0
"2025-03-03 12:30",5949.51,5953.47,5926.48,5931.93,-17.58,-0.30%,0
"2025-03-03 12:00",5942.75,5953.16,5939.45,5949.51,6.74,+0.11%,0
"2025-03-03 11:30",5937.15,5945.65,5923.85,5942.77,5.58,+0.09%,0
"2025-03-03 11:00",5936.41,5957.3,5935.65,5937.19,0.87,+0.01%,0
"2025-03-03 10:30",5952.87,5962.74,5935.12,5936.32,-16.39,-0.28%,0
"2025-03-03 10:00",5939.45,5952.74,5919.18,5952.71,15.67,+0.26%,0
"2025-03-03 09:30",5968.33,5986.09,5936.76,5937.04,-17.46,-0.29%,0
"2025-02-28 17:00",5954.5,5954.5,5954.5,5954.5,0,0.00%,0
"2025-02-28 16:00",5954.48,5954.53,5954.18,5954.5,1.47,+0.02%,0
"2025-02-28 15:30",5908.66,5959.4,5892.56,5953.03,44.35,+0.75%,0
"2025-02-28 15:00",5893.18,5908.68,5890.25,5908.68,15.5,+0.26%,0
"2025-02-28 14:30",5868.37,5894.09,5865.33,5893.18,24.93,+0.42%,0
"2025-02-28 14:00",5849.31,5869.86,5848.63,5868.25,18.8,+0.32%,0
"2025-02-28 13:30",5859.87,5876.96,5849.16,5849.45,-10.43,-0.18%,0
"2025-02-28 13:00",5848.94,5859.9,5837.66,5859.88,10.95,+0.19%,0
"2025-02-28 12:30",5883.03,5883.75,5848.85,5848.93,-34.05,-0.58%,0
"2025-02-28 12:00",5885.97,5895.31,5878.4,5882.98,-3.11,-0.05%,0
"2025-02-28 11:30",5873.88,5895.32,5871.79,5886.09,12.12,+0.21%,0
"2025-02-28 11:00",5901.34,5903.49,5873.27,5873.97,-27.41,-0.46%,0
"2025-02-28 10:30",5896.9,5901.75,5884.48,5901.38,4.49,+0.08%,0
"2025-02-28 10:00",5871.87,5897.35,5865.43,5896.89,24.75,+0.42%,0
"2025-02-28 09:30",5856.74,5875.21,5842.78,5872.14,10.57,+0.18%,0
"2025-02-27 16:30",5861.57,5861.57,5861.57,5861.57,0,0.00%,0
"2025-02-27 16:00",5861.63,5862.3,5861.57,5861.57,-1.22,-0.02%,0
"2025-02-27 15:30",5876.19,5888.06,5858.78,5862.79,-13.58,-0.23%,0
"2025-02-27 15:00",5906.47,5906.67,5875.68,5876.37,-30.16,-0.51%,0
"2025-02-27 14:30",5921.05,5921.05,5897.03,5906.53,-14.4,-0.24%,0
"2025-02-27 14:00",5950.81,5951.27,5920.54,5920.93,-29.84,-0.50%,0
"2025-02-27 13:30",5959.45,5962.54,5950.51,5950.77,-8.48,-0.14%,0
"2025-02-27 13:00",5947.11,5964.89,5947,5959.25,12.04,+0.20%,0
"2025-02-27 12:30",5952.38,5956.99,5938.06,5947.21,-5.17,-0.09%,0
"2025-02-27 12:00",5938.02,5952.4,5927.81,5952.38,14.45,+0.24%,0
"2025-02-27 11:30",5954.87,5962.75,5936.65,5937.93,-17.02,-0.29%,0
"2025-02-27 11:00",5947.7,5975.12,5946.54,5954.95,7.16,+0.12%,0
"2025-02-27 10:30",5968.13,5969.8,5947.16,5947.79,-20.39,-0.34%,0
"2025-02-27 10:00",5937.02,5977.76,5918.04,5968.18,30.88,+0.52%,0
"2025-02-27 09:30",5981.88,5993.69,5933.86,5937.3,-18.76,-0.31%,0
"2025-02-26 16:30",5956.06,5956.06,5956.06,5956.06,0,0.00%,0
"2025-02-26 16:00",5957.01,5957.01,5956.06,5956.06,-1.37,-0.02%,0
"2025-02-26 15:30",5949.74,5965.88,5945.71,5957.43,7.44,+0.13%,0
"2025-02-26 15:00",5940.72,5953.59,5938.53,5949.99,9.21,+0.16%,0
"2025-02-26 14:30",5947.66,5959.12,5940.01,5940.78,-6.88,-0.12%,0
"2025-02-26 14:00",5939.74,5952.07,5932.69,5947.66,7.92,+0.13%,0
"2025-02-26 13:30",5952.91,5958.96,5935.25,5939.74,-13.39,-0.22%,0
"2025-02-26 13:00",5969.33,5971.54,5952.79,5953.13,-16.39,-0.27%,0
"2025-02-26 12:30",5999.94,6003.01,5965.31,5969.52,-30.54,-0.51%,0
"2025-02-26 12:00",5993.61,6007.25,5990.91,6000.06,6.52,+0.11%,0
"2025-02-26 11:30",6000.23,6007.81,5992.46,5993.54,-6.7,-0.11%,0
"2025-02-26 11:00",6002.16,6009.82,6000.24,6000.24,-1.76,-0.03%,0
"2025-02-26 10:30",5992.54,6005.8,5992.54,6002,9.37,+0.16%,0
"2025-02-26 10:00",5990.62,6005.87,5986.79,5992.63,2.25,+0.04%,0
"2025-02-26 09:30",5970.87,5991.99,5964.71,5990.38,35.13,+0.59%,0
"2025-02-25 16:30",5955.25,5955.25,5955.25,5955.25,0,0.00%,0
"2025-02-25 16:00",5954.93,5955.36,5954.93,5955.25,-0.67,-0.01%,0
"2025-02-25 15:30",5972.13,5973.04,5949.29,5955.92,-16.21,-0.27%,0
"2025-02-25 15:00",5965.58,5979.95,5961.55,5972.13,6.62,+0.11%,0
"2025-02-25 14:30",5944.42,5968.5,5943.81,5965.51,21.02,+0.35%,0
"2025-02-25 14:00",5960.8,5961.8,5944.21,5944.49,-16.3,-0.27%,0
"2025-02-25 13:30",5950.6,5971.54,5949.48,5960.79,10.25,+0.17%,0
"2025-02-25 13:00",5960.86,5974.63,5950.31,5950.54,-10.33,-0.17%,0
"2025-02-25 12:30",5949.78,5960.92,5948.35,5960.87,11.18,+0.19%,0
"2025-02-25 12:00",5945.19,5949.69,5934.42,5949.69,4.17,+0.07%,0
"2025-02-25 11:30",5921.44,5950.49,5908.49,5945.52,23.96,+0.40%,0
"2025-02-25 11:00",5936.47,5936.51,5920.27,5921.56,-14.77,-0.25%,0
"2025-02-25 10:30",5920.78,5946.93,5918.15,5936.33,15.73,+0.27%,0
"2025-02-25 10:00",5965.05,5965.05,5919.51,5920.6,-43.86,-0.74%,0
"2025-02-25 09:30",5982.73,5992.65,5955.27,5964.46,-18.79,-0.31%,0
"2025-02-24 16:30",5983.25,5983.25,5983.25,5983.25,0,0.00%,0
"2025-02-24 16:00",5983.78,5983.96,5983.25,5983.25,-1.05,-0.02%,0
"2025-02-24 15:30",6004.59,6010.54,5979.93,5984.3,-20.11,-0.33%,0
"2025-02-24 15:00",6011.35,6013.49,6004.35,6004.41,-6.96,-0.12%,0
"2025-02-24 14:30",6014.05,6020.28,6008.27,6011.37,-2.83,-0.05%,0
"2025-02-24 14:00",6020.13,6027.75,6012.68,6014.2,-5.87,-0.10%,0
"2025-02-24 13:30",6028.12,6029.59,6017.88,6020.07,-8.02,-0.13%,0
"2025-02-24 13:00",6020.75,6030.68,6019.87,6028.09,7.39,+0.12%,0
"2025-02-24 12:30",6025.06,6031.45,6020.23,6020.7,-4.3,-0.07%,0
"2025-02-24 12:00",6013.33,6029.41,6012.59,6025,11.71,+0.19%,0
"2025-02-24 11:30",6014.95,6021.59,6008.55,6013.29,-1.63,-0.03%,0
"2025-02-24 11:00",5990.33,6017.06,5988.35,6014.92,24.72,+0.41%,0
"2025-02-24 10:30",5992.22,5997.03,5981.24,5990.2,-2.04,-0.03%,0
"2025-02-24 10:00",5999.72,6006.88,5977.83,5992.24,-7.75,-0.13%,0
"2025-02-24 09:30",6026.69,6043.65,5999.65,5999.99,-13.14,-0.22%,0
"2025-02-21 16:30",6013.13,6013.13,6013.13,6013.13,0,0.00%,0
"2025-02-21 16:00",6012.46,6013.51,6012.46,6013.13,-0.33,-0.01%,0
"2025-02-21 15:30",6019.33,6022.43,6009.65,6013.46,-5.78,-0.10%,0
"2025-02-21 15:00",6014.58,6020.01,6010.82,6019.24,4.73,+0.08%,0
"2025-02-21 14:30",6012.32,6020.41,6008.56,6014.51,2.36,+0.04%,0
"2025-02-21 14:00",6031.44,6036.58,6010.86,6012.15,-19.18,-0.32%,0
"2025-02-21 13:30",6035.88,6045.99,6030.01,6031.33,-4.54,-0.08%,0
"2025-02-21 13:00",6051.98,6052.36,6035.69,6035.87,-16.19,-0.27%,0
"2025-02-21 12:30",6071.1,6071.69,6050.06,6052.06,-18.9,-0.31%,0
"2025-02-21 12:00",6081.84,6084.92,6065.76,6070.96,-11.03,-0.18%,0
"2025-02-21 11:30",6083.7,6088.53,6078.04,6081.99,-1.74,-0.03%,0
"2025-02-21 11:00",6082.48,6089.13,6076.44,6083.73,1.93,+0.03%,0
"2025-02-21 10:30",6081.91,6084.22,6071.91,6081.8,-0.08,0.00%,0
"2025-02-21 10:00",6098.3,6101.25,6079.77,6081.88,-16.06,-0.26%,0
"2025-02-21 09:30",6114.1,6114.82,6096.68,6097.94,-19.58,-0.32%,0
"2025-02-20 16:30",6117.52,6117.52,6117.52,6117.52,0,0.00%,0
"2025-02-20 16:00",6117.99,6117.99,6117.52,6117.52,-0.49,-0.01%,0
"2025-02-20 15:30",6112.85,6121.87,6109.59,6118.01,5.21,+0.09%,0
"2025-02-20 15:00",6113.41,6115.42,6107.39,6112.8,-0.56,-0.01%,0
"2025-02-20 14:30",6106.66,6115.35,6101.78,6113.36,6.73,+0.11%,0
"2025-02-20 14:00",6100.84,6109.53,6100.09,6106.63,5.8,+0.10%,0
"2025-02-20 13:30",6094.15,6102.06,6092.88,6100.83,6.65,+0.11%,0
"2025-02-20 13:00",6094.58,6099.06,6091.55,6094.18,-0.38,-0.01%,0
"2025-02-20 12:30",6102.52,6105.3,6094.53,6094.56,-7.93,-0.13%,0
"2025-02-20 12:00",6089.55,6104.11,6087.77,6102.49,12.89,+0.21%,0
"2025-02-20 11:30",6096.71,6098.09,6086.27,6089.6,-7.15,-0.12%,0
"2025-02-20 11:00",6087.34,6098.84,6086.61,6096.75,9.71,+0.16%,0
"2025-02-20 10:30",6105.9,6109.96,6084.97,6087.04,-18.73,-0.31%,0
"2025-02-20 10:00",6097.74,6108.47,6084.59,6105.77,7.84,+0.13%,0
"2025-02-20 09:30",6134.5,6134.5,6097.56,6097.93,-46.22,-0.75%,0
"2025-02-19 16:30",6144.15,6144.15,6144.15,6144.15,0,0.00%,0
"2025-02-19 16:00",6144.44,6144.44,6144.09,6144.15,0.2,0.00%,0
"2025-02-19 15:30",6136.11,6145.66,6136.11,6143.95,7.83,+0.13%,0
"2025-02-19 15:00",6146.33,6146.33,6133.6,6136.12,-10.4,-0.17%,0
"2025-02-19 14:30",6143.52,6147.43,6142.15,6146.52,2.87,+0.05%,0
"2025-02-19 14:00",6130.71,6146.12,6130.2,6143.65,13.08,+0.21%,0
"2025-02-19 13:30",6132.06,6136.07,6130.52,6130.57,-1.47,-0.02%,0
"2025-02-19 13:00",6131.37,6132.51,6122.59,6132.04,0.71,+0.01%,0
"2025-02-19 12:30",6126.11,6134.47,6124.23,6131.33,5.21,+0.09%,0
"2025-02-19 12:00",6132.99,6135.07,6125.5,6126.12,-6.83,-0.11%,0
"2025-02-19 11:30",6127.6,6134.08,6125.95,6132.95,5.42,+0.09%,0
"2025-02-19 11:00",6117.17,6128.98,6117.03,6127.53,10.38,+0.17%,0
"2025-02-19 10:30",6116.88,6123.97,6114.16,6117.15,0.18,0.00%,0
"2025-02-19 10:00",6115.35,6118.3,6111.15,6116.97,2.22,+0.04%,0
"2025-02-19 09:30",6117.76,6119.06,6112.19,6114.75,-14.83,-0.24%,0
"2025-02-18 16:30",6129.58,6129.58,6129.58,6129.58,0,0.00%,0
"2025-02-18 16:00",6129.49,6129.63,6129.49,6129.58,0.19,0.00%,0
"2025-02-18 15:30",6113.25,6129.39,6111.52,6129.39,16.18,+0.26%,0
"2025-02-18 15:00",6114.27,6115.15,6112.04,6113.21,-1.,-0.02%,0
"2025-02-18 14:30",6107.69,6115.85,6106.59,6114.21,6.6,+0.11%,0
"2025-02-18 14:00",6111.91,6113.82,6099.51,6107.61,-4.3,-0.07%,0
"2025-02-18 13:30",6114.06,6114.89,6109.93,6111.91,-2.15,-0.04%,0
"2025-02-18 13:00",6118.9,6122.28,6111,6114.06,-4.82,-0.08%,0
"2025-02-18 12:30",6115.86,6120.83,6115.86,6118.88,3.15,+0.05%,0
"2025-02-18 12:00",6118.15,6118.44,6113.48,6115.73,-2.43,-0.04%,0
"2025-02-18 11:30",6119.83,6123.56,6116.03,6118.16,-1.68,-0.03%,0
"2025-02-18 11:00",6121.95,6123.32,6113.53,6119.84,-2.29,-0.04%,0
"2025-02-18 10:30",6111.26,6122.35,6109.39,6122.13,10.79,+0.18%,0
"2025-02-18 10:00",6115.58,6119.05,6108.94,6111.34,-6.97,-0.11%,0
"2025-02-18 09:30",6121.6,6125.39,6114.32,6118.31,3.68,+0.06%,0
"2025-02-14 16:30",6114.63,6114.63,6114.63,6114.63,0,0.00%,0
"2025-02-14 16:00",6113.95,6114.63,6113.95,6114.63,0.89,+0.01%,0
"2025-02-14 15:30",6112.83,6118.68,6111.94,6113.74,0.59,+0.01%,0
"2025-02-14 15:00",6118.58,6119.02,6112.65,6113.15,-5.44,-0.09%,0
"2025-02-14 14:30",6117.55,6119.28,6115.17,6118.59,1.04,+0.02%,0
"2025-02-14 14:00",6121.35,6123.91,6117.19,6117.55,-3.84,-0.06%,0
"2025-02-14 13:30",6115.76,6124.16,6115.49,6121.39,5.63,+0.09%,0
"2025-02-14 13:00",6115.92,6117.51,6113.53,6115.76,-0.1,0.00%,0
"2025-02-14 12:30",6109.56,6116.68,6107.62,6115.86,6.33,+0.10%,0
"2025-02-14 12:00",6118.4,6118.83,6109.4,6109.53,-8.92,-0.15%,0
"2025-02-14 11:30",6117.07,6118.82,6111.68,6118.45,1.37,+0.02%,0
"2025-02-14 11:00",6122.22,6125.7,6111.27,6117.08,-5.02,-0.08%,0
"2025-02-14 10:30",6119.43,6123.61,6114.15,6122.1,2.59,+0.04%,0
"2025-02-14 10:00",6120.86,6127.47,6115.98,6119.51,-1.66,-0.03%,0
"2025-02-14 09:30",6115.52,6123,6114.81,6121.17,6.1,+0.10%,0
"2025-02-13 16:30",6115.07,6115.07,6115.07,6115.07,0,0.00%,0
"2025-02-13 16:00",6114.92,6115.09,6114.92,6115.07,0.13,0.00%,0
"2025-02-13 15:30",6112.89,6116.91,6108.59,6114.94,2.08,+0.03%,0
"2025-02-13 15:00",6106,6114.5,6105.45,6112.86,6.92,+0.11%,0
"2025-02-13 14:30",6100.12,6109.99,6099.1,6105.94,5.79,+0.09%,0
"2025-02-13 14:00",6089.26,6101.51,6088.24,6100.15,10.88,+0.18%,0
"2025-02-13 13:30",6079.66,6089.6,6072.09,6089.27,9.71,+0.16%,0
"2025-02-13 13:00",6079.44,6081.22,6068.43,6079.56,0.19,0.00%,0
"2025-02-13 12:30",6082.92,6087.08,6076.18,6079.37,-3.6,-0.06%,0
"2025-02-13 12:00",6078.82,6084.07,6075.62,6082.97,3.92,+0.06%,0
"2025-02-13 11:30",6085.01,6087.44,6075.7,6079.05,-5.99,-0.10%,0
"2025-02-13 11:00",6088.57,6093.2,6084.43,6085.04,-3.51,-0.06%,0
"2025-02-13 10:30",6078.89,6093.19,6078.3,6088.55,9.63,+0.16%,0
"2025-02-13 10:00",6067.45,6082.23,6061.95,6078.92,12.05,+0.20%,0
"2025-02-13 09:30",6060.59,6069.24,6050.95,6066.87,14.9,+0.25%,0
"2025-02-12 16:30",6051.97,6051.97,6051.97,6051.97,0,0.00%,0
"2025-02-12 16:00",6051.31,6051.97,6051.31,6051.97,0.96,+0.02%,0
"2025-02-12 15:30",6051.02,6053.4,6043.39,6051.01,0.02,0.00%,0
"2025-02-12 15:00",6055.98,6057.59,6050.99,6050.99,-4.94,-0.08%,0
"2025-02-12 14:30",6048.2,6059.31,6047.99,6055.93,7.69,+0.13%,0
"2025-02-12 14:00",6049.41,6049.93,6043.22,6048.24,-1.23,-0.02%,0
"2025-02-12 13:30",6053.11,6054.94,6047.15,6049.47,-3.64,-0.06%,0
"2025-02-12 13:00",6061.91,6063,6050.09,6053.11,-8.8,-0.15%,0
"2025-02-12 12:30",6056.13,6062.76,6048.97,6061.91,5.66,+0.09%,0
"2025-02-12 12:00",6051.88,6057.43,6048.97,6056.25,4.46,+0.07%,0
"2025-02-12 11:30",6023.93,6052.52,6023.9,6051.79,27.83,+0.46%,0
"2025-02-12 11:00",6042.59,6042.59,6019.63,6023.96,-18.49,-0.31%,0
"2025-02-12 10:30",6032.59,6049.15,6032.47,6042.45,9.83,+0.16%,0
"2025-02-12 10:00",6031.82,6040.6,6013.87,6032.62,0.98,+0.02%,0
"2025-02-12 09:30",6025.08,6034.56,6003,6031.64,-36.86,-0.61%,0
"2025-02-11 16:30",6068.5,6068.5,6068.5,6068.5,0,0.00%,0
"2025-02-11 16:00",6069.71,6069.71,6068.5,6068.5,-0.42,-0.01%,0
"2025-02-11 15:30",6070.69,6073.57,6064.5,6068.92,-1.83,-0.03%,0
"2025-02-11 15:00",6072.02,6074.55,6068.6,6070.75,-1.28,-0.02%,0
"2025-02-11 14:30",6065.19,6076.28,6065.18,6072.03,6.86,+0.11%,0
"2025-02-11 14:00",6064.3,6066.39,6062.42,6065.17,0.87,+0.01%,0
"2025-02-11 13:30",6058.06,6070.81,6057.79,6064.3,6.2,+0.10%,0
"2025-02-11 13:00",6055.69,6059.71,6053.55,6058.1,2.46,+0.04%,0
"2025-02-11 12:30",6061.61,6062.3,6054.67,6055.64,-5.87,-0.10%,0
"2025-02-11 12:00",6060.19,6062.64,6049.09,6061.51,1.17,+0.02%,0
"2025-02-11 11:30",6064.17,6067.23,6058.38,6060.34,-3.79,-0.06%,0
"2025-02-11 11:00",6065.44,6068.73,6063.27,6064.13,-1.25,-0.02%,0
"2025-02-11 10:30",6059.84,6070.14,6058.66,6065.38,5.42,+0.09%,0
"2025-02-11 10:00",6052.47,6060.52,6045.6,6059.96,7.66,+0.13%,0
"2025-02-11 09:30",6049.32,6055.34,6042.34,6052.3,-14.14,-0.23%,0
"2025-02-10 16:30",6066.44,6066.44,6066.44,6066.44,0,0.00%,0
"2025-02-10 16:00",6066.19,6066.6,6066.19,6066.44,-0.22,0.00%,0
"2025-02-10 15:30",6067.46,6068.6,6061.21,6066.66,-0.88,-0.01%,0
"2025-02-10 15:00",6067.84,6070.58,6066.16,6067.54,-0.21,0.00%,0
"2025-02-10 14:30",6070.58,6071.9,6065.76,6067.75,-2.87,-0.05%,0
"2025-02-10 14:00",6069.74,6073.38,6065.57,6070.62,0.8,+0.01%,0
"2025-02-10 13:30",6065.51,6071.13,6064.47,6069.82,4.29,+0.07%,0
"2025-02-10 13:00",6064.51,6068.67,6063.87,6065.53,1.01,+0.02%,0
"2025-02-10 12:30",6055.04,6064.71,6054.91,6064.52,9.49,+0.16%,0
"2025-02-10 12:00",6062.92,6063.08,6051.17,6055.03,-7.82,-0.13%,0
"2025-02-10 11:30",6061.56,6063.61,6057.67,6062.85,1.4,+0.02%,0
"2025-02-10 11:00",6067.12,6070.21,6059.04,6061.45,-5.72,-0.09%,0
"2025-02-10 10:30",6065.92,6071.68,6064.3,6067.17,1.3,+0.02%,0
"2025-02-10 10:00",6054.02,6066.78,6052.37,6065.87,12.08,+0.20%,0
"2025-02-10 09:30",6046.4,6059.51,6044.84,6053.79,27.8,+0.46%,0
"2025-02-07 16:30",6025.99,6025.99,6025.99,6025.99,0,0.00%,0
"2025-02-07 16:00",6025.92,6026.23,6025.92,6025.99,0.05,0.00%,0
"2025-02-07 15:30",6022.72,6031.21,6022.72,6025.94,3.18,+0.05%,0
"2025-02-07 15:00",6030.44,6030.44,6019.96,6022.76,-7.72,-0.13%,0
"2025-02-07 14:30",6025.46,6035.32,6023.45,6030.48,4.53,+0.08%,0
"2025-02-07 14:00",6031.62,6034.92,6024.33,6025.95,-5.71,-0.09%,0
"2025-02-07 13:30",6052.7,6055.68,6031.26,6031.66,-21.,-0.35%,0
"2025-02-07 13:00",6041.14,6056.42,6039.62,6052.66,11.45,+0.19%,0
"2025-02-07 12:30",6036.38,6046.9,6033.16,6041.21,4.68,+0.08%,0
"2025-02-07 12:00",6035.62,6045.55,6026.91,6036.53,0.92,+0.02%,0
"2025-02-07 11:30",6039.94,6048.05,6032.53,6035.61,-4.37,-0.07%,0
"2025-02-07 11:00",6052.82,6063.16,6035.63,6039.98,-12.49,-0.21%,0
"2025-02-07 10:30",6066.18,6074.44,6032.9,6052.47,-13.64,-0.22%,0
"2025-02-07 10:00",6098.76,6098.76,6057.48,6066.11,-32.71,-0.54%,0
"2025-02-07 09:30",6083.13,6101.28,6083.13,6098.82,15.25,+0.25%,0
"2025-02-06 16:30",6083.57,6083.57,6083.57,6083.57,0,0.00%,0
"2025-02-06 16:00",6083.24,6083.57,6083.24,6083.57,0.71,+0.01%,0
"2025-02-06 15:30",6066.63,6084.03,6065.39,6082.86,16.28,+0.27%,0
"2025-02-06 15:00",6056.46,6067.08,6054.86,6066.58,10.11,+0.17%,0
"2025-02-06 14:30",6064.8,6064.88,6046.83,6056.47,-8.34,-0.14%,0
"2025-02-06 14:00",6070.89,6073.76,6063.25,6064.81,-6.16,-0.10%,0
"2025-02-06 13:30",6075.21,6077.03,6070.08,6070.97,-4.34,-0.07%,0
"2025-02-06 13:00",6075.58,6079.4,6073.14,6075.31,-0.39,-0.01%,0
"2025-02-06 12:30",6071,6077.34,6068.66,6075.7,4.71,+0.08%,0
"2025-02-06 12:00",6071.54,6075.93,6067.45,6070.99,-0.42,-0.01%,0
"2025-02-06 11:30",6075.38,6075.49,6067.69,6071.41,-4.,-0.07%,0
"2025-02-06 11:00",6066.36,6076.84,6065.58,6075.41,9.04,+0.15%,0
"2025-02-06 10:30",6069.09,6076.92,6061.29,6066.37,-2.74,-0.05%,0
"2025-02-06 10:00",6073.03,6079.54,6068.37,6069.11,-3.09,-0.05%,0
"2025-02-06 09:30",6072.22,6080.71,6069.44,6072.2,10.72,+0.18%,0
"2025-02-05 16:30",6061.48,6061.48,6061.48,6061.48,0,0.00%,0
"2025-02-05 16:00",6061.98,6061.98,6061.47,6061.48,-0.41,-0.01%,0
"2025-02-05 15:30",6056.84,6062.86,6048.64,6061.89,5.02,+0.08%,0
"2025-02-05 15:00",6049.76,6058.95,6049.76,6056.87,7.22,+0.12%,0
"2025-02-05 14:30",6052.07,6053.16,6048.39,6049.65,-2.37,-0.04%,0
"2025-02-05 14:00",6049.09,6055.7,6048.77,6052.02,2.93,+0.05%,0
"2025-02-05 13:30",6044.98,6053.18,6043.62,6049.09,4.09,+0.07%,0
"2025-02-05 13:00",6046.21,6048.67,6042.39,6045,-1.17,-0.02%,0
"2025-02-05 12:30",6044.99,6048.1,6043.16,6046.17,1.21,+0.02%,0
"2025-02-05 12:00",6046.06,6051.09,6043.34,6044.96,-0.91,-0.02%,0
"2025-02-05 11:30",6032.27,6048.35,6030.75,6045.87,13.8,+0.23%,0
"2025-02-05 11:00",6025.63,6033.3,6021.37,6032.07,6.55,+0.11%,0
"2025-02-05 10:30",6026.41,6029.61,6018.41,6025.52,-0.54,-0.01%,0
"2025-02-05 10:00",6021.48,6030.16,6007.06,6026.06,5.27,+0.09%,0
"2025-02-05 09:30",6020.45,6031.14,6015.27,6020.79,-17.09,-0.28%,0
"2025-02-04 16:30",6037.88,6037.88,6037.88,6037.88,0,0.00%,0
"2025-02-04 16:00",6037.87,6037.88,6037.79,6037.88,0.8,+0.01%,0
"2025-02-04 15:30",6030.51,6041.74,6029.82,6037.08,6.59,+0.11%,0
"2025-02-04 15:00",6034.21,6038.91,6029.85,6030.49,-3.7,-0.06%,0
"2025-02-04 14:30",6038.35,6042.48,6029.19,6034.19,-4.12,-0.07%,0
"2025-02-04 14:00",6026.98,6040.83,6025.77,6038.31,11.26,+0.19%,0
"2025-02-04 13:30",6030.95,6032.46,6027.05,6027.05,-3.95,-0.07%,0
"2025-02-04 13:00",6029.76,6032.31,6021.04,6031,1.25,+0.02%,0
"2025-02-04 12:30",6017.03,6029.85,6014.21,6029.75,12.7,+0.21%,0
"2025-02-04 12:00",6033.42,6036.04,6016.6,6017.05,-16.41,-0.27%,0
"2025-02-04 11:30",6039.48,6040.41,6028.27,6033.46,-6.21,-0.10%,0
"2025-02-04 11:00",6022.93,6039.75,6022.93,6039.67,16.79,+0.28%,0
"2025-02-04 10:30",6025,6032.43,6021.12,6022.88,-2.03,-0.03%,0
"2025-02-04 10:00",6009.53,6031.2,6009.53,6024.91,15.81,+0.26%,0
"2025-02-04 09:30",5998.14,6011.35,5990.87,6009.1,14.53,+0.24%,0
"2025-02-03 16:30",5994.57,5994.57,5994.57,5994.57,0,0.00%,0
"2025-02-03 16:00",5994.89,5995.03,5994.57,5994.57,-0.51,-0.01%,0
"2025-02-03 15:30",6004.41,6009.6,5993.15,5995.08,-9.3,-0.15%,0
"2025-02-03 15:00",6016.39,6019.74,6003.73,6004.38,-11.95,-0.20%,0
"2025-02-03 14:30",6014.67,6022.13,6012.59,6016.33,1.59,+0.03%,0
"2025-02-03 14:00",6008.04,6019.57,6005.38,6014.74,6.69,+0.11%,0
"2025-02-03 13:30",5996.83,6009.35,5994.11,6008.05,11.21,+0.19%,0
"2025-02-03 13:00",5993.36,6001.02,5981.63,5996.84,3.07,+0.05%,0
"2025-02-03 12:30",5993.92,5998.81,5981.17,5993.77,-0.06,0.00%,0
"2025-02-03 12:00",5992.78,6005.56,5986.82,5993.83,0.96,+0.02%,0
"2025-02-03 11:30",5998.47,6009.4,5989.45,5992.87,-5.74,-0.10%,0
"2025-02-03 11:00",5998.87,6011.43,5979.44,5998.61,-0.54,-0.01%,0
"2025-02-03 10:30",5982.82,6005.25,5977.42,5999.15,16.48,+0.28%,0
"2025-02-03 10:00",5938.94,5983.86,5923.93,5982.67,42.42,+0.71%,0
"2025-02-03 09:30",5969.65,5969.65,5934.61,5940.25,-100.28,-1.66%,0
"2025-01-31 16:30",6040.53,6040.53,6040.53,6040.53,0,0.00%,0
"2025-01-31 16:00",6039.35,6040.53,6039.35,6040.53,0.46,+0.01%,0
"2025-01-31 15:30",6036.71,6051.97,6030.93,6040.07,3.28,+0.05%,0
"2025-01-31 15:00",6056.75,6056.75,6034.48,6036.79,-20.14,-0.33%,0
"2025-01-31 14:30",6065.44,6070.7,6040.55,6056.93,-8.48,-0.14%,0
"2025-01-31 14:00",6073.89,6078.65,6054.55,6065.41,-8.76,-0.14%,0
"2025-01-31 13:30",6088.36,6089.89,6069.34,6074.17,-14.04,-0.23%,0
"2025-01-31 13:00",6111.56,6114.02,6087.73,6088.21,-23.27,-0.38%,0
"2025-01-31 12:30",6116.26,6117.97,6110.26,6111.48,-4.68,-0.08%,0
"2025-01-31 12:00",6109.79,6116.19,6101.84,6116.16,6.46,+0.11%,0
"2025-01-31 11:30",6111.25,6114.28,6106.51,6109.7,-1.71,-0.03%,0
"2025-01-31 11:00",6115.22,6120.91,6111.19,6111.41,-3.88,-0.06%,0
"2025-01-31 10:30",6110.9,6117.22,6109.11,6115.29,4.36,+0.07%,0
"2025-01-31 10:00",6102.27,6111.32,6101.75,6110.93,8.9,+0.15%,0
"2025-01-31 09:30",6096.79,6102.03,6091.1,6102.03,30.86,+0.51%,0
"2025-01-30 16:30",6071.17,6071.17,6071.17,6071.17,0,0.00%,0
"2025-01-30 16:00",6071.84,6071.84,6071.02,6071.17,1.51,+0.02%,0
"2025-01-30 15:30",6083.97,6084.08,6039.31,6069.66,-14.27,-0.23%,0
"2025-01-30 15:00",6077.48,6086.64,6076.84,6083.93,6.5,+0.11%,0
"2025-01-30 14:30",6070.23,6077.62,6066.82,6077.43,7.23,+0.12%,0
"2025-01-30 14:00",6069.79,6072.99,6066.87,6070.2,0.49,+0.01%,0
"2025-01-30 13:30",6059.95,6070.99,6059.79,6069.71,9.89,+0.16%,0
"2025-01-30 13:00",6054.08,6063.11,6052.38,6059.82,5.75,+0.09%,0
"2025-01-30 12:30",6043.93,6054.25,6042.7,6054.07,10.23,+0.17%,0
"2025-01-30 12:00",6061.31,6061.31,6041.75,6043.84,-17.39,-0.29%,0
"2025-01-30 11:30",6049.7,6064.28,6043.7,6061.23,11.69,+0.19%,0
"2025-01-30 11:00",6035.11,6049.54,6027.46,6049.54,14.34,+0.24%,0
"2025-01-30 10:30",6046.79,6059.43,6034.46,6035.2,-11.67,-0.19%,0
"2025-01-30 10:00",6069.22,6069.49,6045.71,6046.87,-22.94,-0.38%,0
"2025-01-30 09:30",6050.75,6080.59,6050.75,6069.81,30.5,+0.51%,0
"2025-01-29 17:00",6039.31,6039.31,6039.31,6039.31,0,0.00%,0
"2025-01-29 16:00",6038.61,6039.36,6038.61,6039.31,0.64,+0.01%,0
"2025-01-29 15:30",6054.22,6056.9,6028.42,6038.67,-15.6,-0.26%,0
"2025-01-29 15:00",6043.38,6057.27,6027.24,6054.27,10.96,+0.18%,0
"2025-01-29 14:30",6014.24,6052.37,6013.11,6043.31,28.87,+0.48%,0
"2025-01-29 14:00",6035.36,6035.36,6012.96,6014.44,-20.89,-0.35%,0
"2025-01-29 13:30",6043.57,6046.42,6034.47,6035.33,-8.19,-0.14%,0
"2025-01-29 13:00",6041.04,6043.66,6017.24,6043.52,2.46,+0.04%,0
"2025-01-29 12:30",6051.08,6053.4,6040.18,6041.06,-10.07,-0.17%,0
"2025-01-29 12:00",6043.16,6054.71,6042.87,6051.13,8.25,+0.14%,0
"2025-01-29 11:30",6045.12,6049.35,6040.14,6042.88,-2.22,-0.04%,0
"2025-01-29 11:00",6048.18,6051.96,6042.49,6045.1,-3.2,-0.05%,0
"2025-01-29 10:30",6050.62,6055.48,6045.44,6048.3,-2.37,-0.04%,0
"2025-01-29 10:00",6054.93,6062.83,6048.42,6050.67,-3.39,-0.06%,0
"2025-01-29 09:30",6057.7,6061.26,6045.84,6054.06,-13.64,-0.22%,0
"2025-01-28 16:30",6067.7,6067.7,6067.7,6067.7,0,0.00%,0
"2025-01-28 16:00",6067.18,6067.72,6067.18,6067.7,0.74,+0.01%,0
"2025-01-28 15:30",6072.03,6073.16,6064.49,6066.96,-4.98,-0.08%,0
"2025-01-28 15:00",6072.29,6074.54,6067.25,6071.94,-0.46,-0.01%,0
"2025-01-28 14:30",6061.6,6073.91,6061.6,6072.4,10.74,+0.18%,0
"2025-01-28 14:00",6058.8,6062.74,6053.6,6061.66,2.89,+0.05%,0
"2025-01-28 13:30",6062.68,6065.42,6056.46,6058.77,-3.98,-0.07%,0
"2025-01-28 13:00",6059.34,6068.79,6058.42,6062.75,3.4,+0.06%,0
"2025-01-28 12:30",6058.33,6061.11,6053.3,6059.35,1.12,+0.02%,0
"2025-01-28 12:00",6046.59,6060.63,6045.81,6058.23,11.65,+0.19%,0
"2025-01-28 11:30",6034.64,6046.58,6030.06,6046.58,11.77,+0.20%,0
"2025-01-28 11:00",6051.31,6056.41,6031.6,6034.81,-16.57,-0.27%,0
"2025-01-28 10:30",6046.21,6051.5,6037.89,6051.38,5.2,+0.09%,0
"2025-01-28 10:00",6011.54,6049.15,6011.24,6046.18,34.42,+0.57%,0
"2025-01-28 09:30",6026.97,6027.68,5994.63,6011.76,-0.52,-0.01%,0
"2025-01-27 16:30",6012.28,6012.28,6012.28,6012.28,0,0.00%,0
"2025-01-27 16:00",6013.54,6013.54,6012.28,6012.28,-1.11,-0.02%,0
"2025-01-27 15:30",5994.19,6014.81,5991.49,6013.39,19.52,+0.33%,0
"2025-01-27 15:00",5989.08,6001.01,5983.41,5993.87,4.84,+0.08%,0
"2025-01-27 14:30",6009.8,6009.8,5982.67,5989.03,-20.64,-0.34%,0
"2025-01-27 14:00",5985.55,6011.28,5985.55,6009.67,24.1,+0.40%,0
"2025-01-27 13:30",5980.5,5993.89,5980.19,5985.57,5.22,+0.09%,0
"2025-01-27 13:00",5981.05,5987.17,5979.53,5980.35,-0.85,-0.01%,0
"2025-01-27 12:30",5996.67,6001.97,5980.91,5981.2,-15.52,-0.26%,0
"2025-01-27 12:00",5988.33,5999.08,5983.41,5996.72,8.43,+0.14%,0
"2025-01-27 11:30",5984.75,5997.77,5981.74,5988.29,3.38,+0.06%,0
"2025-01-27 11:00",6001.28,6003.07,5982.13,5984.91,-16.19,-0.27%,0
"2025-01-27 10:30",6010.35,6017.17,6000.81,6001.1,-9.22,-0.15%,0
"2025-01-27 10:00",6006.62,6011.3,5987,6010.32,3.1,+0.05%,0
"2025-01-27 09:30",5969.04,6007.23,5962.92,6007.22,-94.02,-1.54%,0
"2025-01-24 16:30",6101.24,6101.24,6101.24,6101.24,0,0.00%,0
"2025-01-24 16:00",6100.96,6101.25,6100.96,6101.24,0.42,+0.01%,0
"2025-01-24 15:30",6090.96,6102.46,6088.74,6100.82,9.92,+0.16%,0
"2025-01-24 15:00",6094.1,6098.52,6089.71,6090.9,-3.3,-0.05%,0
"2025-01-24 14:30",6094.72,6099.77,6093.98,6094.2,-0.57,-0.01%,0
"2025-01-24 14:00",6094.72,6098.52,6089.66,6094.77,-0.33,-0.01%,0
"2025-01-24 13:30",6105.24,6107.63,6092.99,6095.1,-10.14,-0.17%,0
"2025-01-24 13:00",6107.06,6109.03,6101.61,6105.24,-2.01,-0.03%,0
"2025-01-24 12:30",6114.87,6116.75,6106.16,6107.25,-7.6,-0.12%,0
"2025-01-24 12:00",6115.6,6120.48,6113.84,6114.85,-0.64,-0.01%,0
"2025-01-24 11:30",6119.11,6123.9,6114.47,6115.49,-3.63,-0.06%,0
"2025-01-24 11:00",6112.66,6119.12,6111.59,6119.12,6.48,+0.11%,0
"2025-01-24 10:30",6113.67,6116.89,6111.15,6112.64,-0.74,-0.01%,0
"2025-01-24 10:00",6124.1,6126.71,6112.62,6113.38,-11.15,-0.18%,0
"2025-01-24 09:30",6121.43,6128.18,6118.14,6124.53,5.82,+0.10%,0
"2025-01-23 16:30",6118.71,6118.71,6118.71,6118.71,0,0.00%,0
"2025-01-23 16:00",6118.51,6118.73,6118.43,6118.71,0.49,+0.01%,0
"2025-01-23 15:30",6101.79,6118.22,6097.75,6118.22,16.41,+0.27%,0
"2025-01-23 15:00",6099.05,6103.68,6097.43,6101.81,2.65,+0.04%,0
"2025-01-23 14:30",6097.77,6101,6097.77,6099.16,1.38,+0.02%,0
"2025-01-23 14:00",6098.24,6099.26,6093.97,6097.78,-0.48,-0.01%,0
"2025-01-23 13:30",6101.15,6103.97,6097.49,6098.26,-2.87,-0.05%,0
"2025-01-23 13:00",6098.39,6104.25,6097.81,6101.13,2.74,+0.04%,0
"2025-01-23 12:30",6093.51,6098.48,6090.92,6098.39,4.89,+0.08%,0
"2025-01-23 12:00",6093.98,6095.96,6091.22,6093.5,-0.51,-0.01%,0
"2025-01-23 11:30",6096.83,6099.88,6092.74,6094.01,-2.74,-0.04%,0
"2025-01-23 11:00",6091.09,6097.05,6086.12,6096.75,6.14,+0.10%,0
"2025-01-23 10:30",6079.17,6091.02,6077.89,6090.61,11.56,+0.19%,0
"2025-01-23 10:00",6084.71,6084.96,6077.35,6079.05,-4.64,-0.08%,0
"2025-01-23 09:30",6076.32,6084.8,6074.67,6083.69,-2.68,-0.04%,0
"2025-01-22 16:30",6086.37,6086.37,6086.37,6086.37,0,0.00%,0
"2025-01-22 16:00",6085.66,6086.37,6085.66,6086.37,0.71,+0.01%,0
"2025-01-22 15:30",6092.11,6094.6,6083.72,6085.66,-6.55,-0.11%,0
"2025-01-22 15:00",6097.16,6097.23,6092.21,6092.21,-4.92,-0.08%,0
"2025-01-22 14:30",6090.45,6097.24,6089.08,6097.13,6.65,+0.11%,0
"2025-01-22 14:00",6092.01,6094.75,6090.08,6090.48,-1.66,-0.03%,0
"2025-01-22 13:30",6092.12,6097.8,6091.53,6092.14,0.05,0.00%,0
"2025-01-22 13:00",6094.83,6095.54,6090.86,6092.09,-2.73,-0.04%,0
"2025-01-22 12:30",6097.65,6098.8,6094.76,6094.82,-2.92,-0.05%,0
"2025-01-22 12:00",6098.73,6100.81,6094.7,6097.74,-1.21,-0.02%,0
"2025-01-22 11:30",6094.15,6100.39,6093.97,6098.95,4.77,+0.08%,0
"2025-01-22 11:00",6087.37,6094.55,6084.84,6094.18,7.02,+0.12%,0
"2025-01-22 10:30",6089.24,6092.81,6087.1,6087.16,-2.07,-0.03%,0
"2025-01-22 10:00",6087.31,6092.66,6082,6089.23,2.66,+0.04%,0
"2025-01-22 09:30",6081.39,6088.13,6076.13,6086.57,37.33,+0.62%,0
"2025-01-21 16:30",6049.24,6049.24,6049.24,6049.24,0,0.00%,0
"2025-01-21 16:00",6049.7,6049.7,6049.24,6049.24,0.01,0.00%,0
"2025-01-21 15:30",6048.67,6051.51,6043.45,6049.23,0.64,+0.01%,0
"2025-01-21 15:00",6043.26,6049.05,6040.96,6048.59,5.31,+0.09%,0
"2025-01-21 14:30",6045.67,6045.67,6038.3,6043.28,-2.36,-0.04%,0
"2025-01-21 14:00",6047.94,6049.49,6040.34,6045.64,-2.29,-0.04%,0
"2025-01-21 13:30",6047.1,6049.47,6043.94,6047.93,0.87,+0.01%,0
"2025-01-21 13:00",6046.25,6050.19,6042.2,6047.06,0.69,+0.01%,0
"2025-01-21 12:30",6037.76,6046.72,6037.35,6046.37,8.63,+0.14%,0
"2025-01-21 12:00",6035.01,6038.99,6030.82,6037.74,2.64,+0.04%,0
"2025-01-21 11:30",6028.55,6035.62,6023.66,6035.1,6.63,+0.11%,0
"2025-01-21 11:00",6025.39,6030.63,6019.68,6028.47,3.13,+0.05%,0
"2025-01-21 10:30",6024.35,6027.13,6016.4,6025.34,1.14,+0.02%,0
"2025-01-21 10:00",6025.24,6025.62,6006.88,6024.2,-2.81,-0.05%,0
"2025-01-21 09:30",6014.12,6036.57,6014.12,6027.01,30.35,+0.51%,0
"2025-01-17 17:00",5996.66,5996.66,5996.66,5996.66,0,0.00%,0
"2025-01-17 16:00",5996.96,5996.96,5996.66,5996.66,-0.41,-0.01%,0
"2025-01-17 15:30",6002.13,6006.72,5995.14,5997.07,-5.,-0.08%,0
"2025-01-17 15:00",6003.32,6005.7,5996.49,6002.07,-1.29,-0.02%,0
"2025-01-17 14:30",6005.99,6008.34,6001.62,6003.36,-2.6,-0.04%,0
"2025-01-17 14:00",6006.93,6008.43,6002.47,6005.96,-0.92,-0.02%,0
"2025-01-17 13:30",6012.11,6012.68,6003.79,6006.88,-5.25,-0.09%,0
"2025-01-17 13:00",6010.32,6014.96,6007.43,6012.13,1.85,+0.03%,0
"2025-01-17 12:30",6011.47,6012.29,6007.55,6010.28,-1.21,-0.02%,0
"2025-01-17 12:00",6004.74,6012.12,5999.89,6011.49,6.86,+0.11%,0
"2025-01-17 11:30",6008.96,6010.37,6002.54,6004.63,-4.31,-0.07%,0
"2025-01-17 11:00",6002.98,6011.95,5998.79,6008.94,5.95,+0.10%,0
"2025-01-17 10:30",5990.72,6003.24,5989.57,6002.99,12.33,+0.21%,0
"2025-01-17 10:00",5985.63,5997.51,5982.23,5990.66,5.57,+0.09%,0
"2025-01-17 09:30",5995.4,6000.29,5978.44,5985.09,47.75,+0.80%,0
"2025-01-16 16:30",5937.34,5937.34,5937.34,5937.34,0,0.00%,0
"2025-01-16 16:00",5937.27,5937.54,5937.27,5937.34,-0.04,0.00%,0
"2025-01-16 15:30",5944.14,5952.53,5936.11,5937.38,-6.87,-0.12%,0
"2025-01-16 15:00",5950.63,5954.41,5941.11,5944.25,-6.36,-0.11%,0
"2025-01-16 14:30",5946.22,5951.89,5943.58,5950.61,4.39,+0.07%,0
"2025-01-16 14:00",5935.36,5947.06,5932.3,5946.22,10.84,+0.18%,0
"2025-01-16 13:30",5943.74,5944.48,5930.72,5935.38,-8.37,-0.14%,0
"2025-01-16 13:00",5951.08,5955.94,5943.11,5943.75,-7.45,-0.13%,0
"2025-01-16 12:30",5958.89,5959.13,5949.67,5951.2,-7.79,-0.13%,0
"2025-01-16 12:00",5956.38,5959.22,5949.37,5958.99,2.62,+0.04%,0
"2025-01-16 11:30",5954.85,5957.01,5939.83,5956.37,1.38,+0.02%,0
"2025-01-16 11:00",5955.63,5964.69,5947.32,5954.99,-0.63,-0.01%,0
"2025-01-16 10:30",5943.7,5955.62,5939.63,5955.62,11.88,+0.20%,0
"2025-01-16 10:00",5941.97,5952.37,5934.44,5943.74,1.91,+0.03%,0
"2025-01-16 09:30",5963.61,5963.73,5941.52,5941.83,-8.08,-0.14%,0
"2025-01-15 16:30",5949.91,5949.91,5949.91,5949.91,0,0.00%,0
"2025-01-15 16:00",5949.11,5949.91,5949.11,5949.91,1.09,+0.02%,0
"2025-01-15 15:30",5957.68,5959.69,5948.67,5948.82,-8.84,-0.15%,0
"2025-01-15 15:00",5954.65,5960.61,5954.09,5957.66,2.94,+0.05%,0
"2025-01-15 14:30",5952.05,5957.79,5951.42,5954.72,2.62,+0.04%,0
"2025-01-15 14:00",5945.7,5952.39,5945.41,5952.1,6.42,+0.11%,0
"2025-01-15 13:30",5943.07,5947.06,5940.72,5945.68,2.68,+0.05%,0
"2025-01-15 13:00",5930.88,5943.19,5930.78,5943,12.17,+0.21%,0
"2025-01-15 12:30",5931.8,5940.46,5930.48,5930.83,-1.01,-0.02%,0
"2025-01-15 12:00",5921.61,5934.41,5920.05,5931.84,10.23,+0.17%,0
"2025-01-15 11:30",5931.28,5931.28,5916.28,5921.61,-9.64,-0.16%,0
"2025-01-15 11:00",5932.8,5940.35,5929.16,5931.25,-1.78,-0.03%,0
"2025-01-15 10:30",5943.88,5945.98,5932.17,5933.03,-10.85,-0.18%,0
"2025-01-15 10:00",5940.96,5950.75,5937.26,5943.88,4.16,+0.07%,0
"2025-01-15 09:30",5905.21,5942.43,5905.21,5939.72,96.81,+1.66%,0
"2025-01-14 16:30",5842.91,5842.91,5842.91,5842.91,0,0.00%,0
"2025-01-14 16:00",5843.25,5843.25,5842.71,5842.91,-0.4,-0.01%,0
"2025-01-14 15:30",5825.88,5843.31,5817.17,5843.31,17.38,+0.30%,0
"2025-01-14 15:00",5826.69,5829.43,5810.73,5825.93,-1.21,-0.02%,0
"2025-01-14 14:30",5851.65,5858.17,5825.63,5827.14,-24.52,-0.42%,0
"2025-01-14 14:00",5855.86,5858.49,5850.34,5851.66,-4.28,-0.07%,0
"2025-01-14 13:30",5841.38,5858.36,5839.56,5855.94,14.57,+0.25%,0
"2025-01-14 13:00",5823.33,5842.78,5822.54,5841.37,18.09,+0.31%,0
"2025-01-14 12:30",5818.42,5826.04,5805.42,5823.28,4.89,+0.08%,0
"2025-01-14 12:00",5808.75,5821.72,5806.98,5818.39,9.35,+0.16%,0
"2025-01-14 11:30",5830.49,5834.72,5808.8,5809.04,-22.21,-0.38%,0
"2025-01-14 11:00",5839.16,5840.31,5823.71,5831.25,-8.22,-0.14%,0
"2025-01-14 10:30",5852.64,5857.17,5839.47,5839.47,-13.02,-0.22%,0
"2025-01-14 10:00",5844.59,5868.15,5843.13,5852.49,8.07,+0.14%,0
"2025-01-14 09:30",5859.27,5871.92,5841.83,5844.42,8.2,+0.14%,0
"2025-01-13 16:30",5836.22,5836.22,5836.22,5836.22,0,0.00%,0
"2025-01-13 16:00",5836.19,5836.26,5836.19,5836.22,0.11,0.00%,0
"2025-01-13 15:30",5822.04,5838.61,5820.23,5836.11,14,+0.24%,0
"2025-01-13 15:00",5826.36,5830.45,5820.49,5822.11,-4.24,-0.07%,0
"2025-01-13 14:30",5824.31,5830.76,5817.51,5826.35,2.19,+0.04%,0
"2025-01-13 14:00",5821.27,5824.65,5811.41,5824.16,2.81,+0.05%,0
"2025-01-13 13:30",5817.94,5823.21,5815.03,5821.35,3.33,+0.06%,0
"2025-01-13 13:00",5815.53,5818.02,5809.89,5818.02,2.46,+0.04%,0
"2025-01-13 12:30",5803.55,5815.98,5797.58,5815.56,12.07,+0.21%,0
"2025-01-13 12:00",5781.2,5806.22,5778.1,5803.49,22.21,+0.38%,0
"2025-01-13 11:30",5791.48,5802.8,5780.57,5781.28,-10.18,-0.18%,0
"2025-01-13 11:00",5799.48,5801.64,5789.19,5791.46,-8.1,-0.14%,0
"2025-01-13 10:30",5781.1,5811.99,5781.1,5799.56,18.58,+0.32%,0
"2025-01-13 10:00",5799.68,5806.19,5780.41,5780.98,-18.06,-0.31%,0
"2025-01-13 09:30",5782.02,5803.48,5773.31,5799.04,-28.,-0.48%,0
"2025-01-10 16:30",5827.04,5827.04,5827.04,5827.04,0,0.00%,0
"2025-01-10 16:00",5826.57,5827.04,5826.57,5827.04,0.54,+0.01%,0
"2025-01-10 15:30",5825.07,5831.97,5818.8,5826.5,1.56,+0.03%,0
"2025-01-10 15:00",5842.8,5844.71,5822.08,5824.94,-17.73,-0.30%,0
"2025-01-10 14:30",5847.99,5848.12,5834.59,5842.67,-5.28,-0.09%,0
"2025-01-10 14:00",5865.67,5866.03,5838.16,5847.95,-17.73,-0.30%,0
"2025-01-10 13:30",5853.8,5866.54,5848.68,5865.68,11.92,+0.20%,0
"2025-01-10 13:00",5837.17,5858.9,5831.65,5853.76,16.53,+0.28%,0
"2025-01-10 12:30",5821.91,5838.5,5820.92,5837.23,15.42,+0.26%,0
"2025-01-10 12:00",5812.71,5822.23,5807.78,5821.81,9.37,+0.16%,0
"2025-01-10 11:30",5819.59,5829.59,5809.79,5812.44,-7.2,-0.12%,0
"2025-01-10 11:00",5832.87,5834.42,5817.77,5819.64,-13.19,-0.23%,0
"2025-01-10 10:30",5840.73,5854.31,5831.62,5832.83,-8.01,-0.14%,0
"2025-01-10 10:00",5851.36,5851.36,5813.62,5840.84,-10.01,-0.17%,0
"2025-01-10 09:30",5890.35,5890.35,5844.6,5850.85,-67.4,-1.14%,0
"2025-01-08 16:30",5918.25,5918.25,5918.25,5918.25,0,0.00%,0
"2025-01-08 16:00",5917.91,5918.25,5917.51,5918.25,1.7,+0.03%,0
"2025-01-08 15:30",5913.57,5921.1,5905.17,5916.55,3.06,+0.05%,0
"2025-01-08 15:00",5907.61,5915.03,5901.99,5913.49,5.89,+0.10%,0
"2025-01-08 14:30",5925.37,5925.37,5904.9,5907.6,-17.72,-0.30%,0
"2025-01-08 14:00",5900.74,5927.89,5894.44,5925.32,24.52,+0.42%,0
"2025-01-08 13:30",5914.18,5916.67,5893.2,5900.8,-13.47,-0.23%,0
"2025-01-08 13:00",5892.54,5917.89,5892.02,5914.27,21.63,+0.37%,0
"2025-01-08 12:30",5878.57,5894.74,5874.78,5892.64,14.15,+0.24%,0
"2025-01-08 12:00",5916.97,5917,5877.23,5878.49,-38.53,-0.65%,0
"2025-01-08 11:30",5903.7,5922.03,5903.7,5917.02,13.32,+0.23%,0
"2025-01-08 11:00",5907.05,5909.76,5895.26,5903.7,-3.28,-0.06%,0
"2025-01-08 10:30",5887.82,5907.25,5887.02,5906.98,19.23,+0.33%,0
"2025-01-08 10:00",5895.33,5909.67,5882.64,5887.75,-8.98,-0.15%,0
"2025-01-08 09:30",5910.66,5910.66,5888.71,5896.73,-12.3,-0.21%,0
"2025-01-07 16:30",5909.03,5909.03,5909.03,5909.03,0,0.00%,0
"2025-01-07 16:00",5909.08,5909.19,5909.03,5909.03,-0.51,-0.01%,0
"2025-01-07 15:30",5901.29,5911.25,5890.68,5909.54,8.14,+0.14%,0
"2025-01-07 15:00",5923.46,5924.01,5900.25,5901.4,-22.08,-0.37%,0
"2025-01-07 14:30",5933.39,5933.52,5921.51,5923.48,-10.13,-0.17%,0
"2025-01-07 14:00",5933.07,5938.16,5928.99,5933.61,0.58,+0.01%,0
"2025-01-07 13:30",5945.71,5945.71,5930.88,5933.03,-12.72,-0.21%,0
"2025-01-07 13:00",5931.96,5947.25,5931.45,5945.75,13.81,+0.23%,0
"2025-01-07 12:30",5929.34,5937.83,5919.46,5931.94,2.74,+0.05%,0
"2025-01-07 12:00",5929.89,5939.48,5925.9,5929.2,-0.83,-0.01%,0
"2025-01-07 11:30",5954.21,5954.93,5928.63,5930.03,-24.23,-0.41%,0
"2025-01-07 11:00",5957.14,5959.55,5944.24,5954.26,-2.84,-0.05%,0
"2025-01-07 10:30",5958.92,5959.85,5925.51,5957.1,-2.25,-0.04%,0
"2025-01-07 10:00",5985.92,5985.92,5942.8,5959.35,-26.85,-0.45%,0
"2025-01-07 09:30",5993.26,6000.68,5984.57,5986.2,10.82,+0.18%,0
"2025-01-06 16:30",5975.38,5975.38,5975.38,5975.38,0,0.00%,0
"2025-01-06 16:00",5976.5,5976.5,5975.38,5975.38,-1.12,-0.02%,0
"2025-01-06 15:30",5973.97,5977.63,5960.01,5976.5,2.51,+0.04%,0
"2025-01-06 15:00",5967.03,5975.46,5964.15,5973.99,6.94,+0.12%,0
"2025-01-06 14:30",5977.11,5978.38,5966.49,5967.05,-10.03,-0.17%,0
"2025-01-06 14:00",5979.66,5980.99,5972.52,5977.08,-2.47,-0.04%,0
"2025-01-06 13:30",5997.19,5997.62,5979.43,5979.55,-17.58,-0.29%,0
"2025-01-06 13:00",6001.2,6001.26,5990.39,5997.13,-4.05,-0.07%,0
"2025-01-06 12:30",6009.48,6011.29,5997.91,6001.18,-8.45,-0.14%,0
"2025-01-06 12:00",6018.39,6018.39,6007.78,6009.63,-8.72,-0.14%,0
"2025-01-06 11:30",6018.82,6021.04,6015.73,6018.35,-0.42,-0.01%,0
"2025-01-06 11:00",6012.39,6018.97,6009.59,6018.77,6.4,+0.11%,0
"2025-01-06 10:30",6012.66,6015.71,6004.73,6012.37,-0.01,0.00%,0
"2025-01-06 10:00",6002.77,6013.59,6000.51,6012.38,9.99,+0.17%,0
"2025-01-06 09:30",5982.81,6006.12,5982.81,6002.39,59.92,+1.01%,0
"2025-01-03 16:30",5942.47,5942.47,5942.47,5942.47,0,0.00%,0
"2025-01-03 16:00",5942.34,5942.53,5942.34,5942.47,0.59,+0.01%,0
"2025-01-03 15:30",5943.17,5944.92,5934.29,5941.88,-1.27,-0.02%,0
"2025-01-03 15:00",5944.22,5944.22,5937.84,5943.15,-1.07,-0.02%,0
"2025-01-03 14:30",5944.1,5949.34,5943.07,5944.22,0.08,0.00%,0
"2025-01-03 14:00",5936.71,5945.38,5934.79,5944.14,7.26,+0.12%,0
"2025-01-03 13:30",5937.89,5941.91,5934.91,5936.88,-0.92,-0.02%,0
"2025-01-03 13:00",5929.99,5937.85,5925.95,5937.8,7.84,+0.13%,0
"2025-01-03 12:30",5925.07,5930.55,5923.49,5929.96,4.87,+0.08%,0
"2025-01-03 12:00",5927.26,5932.98,5924.34,5925.09,-2.2,-0.04%,0
"2025-01-03 11:30",5919.79,5932.81,5919.37,5927.29,7.52,+0.13%,0
"2025-01-03 11:00",5914.94,5921.07,5905.2,5919.77,4.89,+0.08%,0
"2025-01-03 10:30",5905.42,5917.82,5899.52,5914.88,9.25,+0.16%,0
"2025-01-03 10:00",5903.62,5917.1,5888.66,5905.63,2.88,+0.05%,0
"2025-01-03 09:30",5891.07,5918.03,5891.07,5902.75,34.2,+0.58%,0
"2025-01-02 16:30",5868.55,5868.55,5868.55,5868.55,0,0.00%,0
"2025-01-02 16:00",5868.77,5869.02,5868.55,5868.55,-0.29,0.00%,0
"2025-01-02 15:30",5867.59,5876.01,5859.18,5868.84,1.19,+0.02%,0
"2025-01-02 15:00",5844.77,5870.49,5844.77,5867.65,22.76,+0.39%,0
"2025-01-02 14:30",5856.23,5862.18,5844.31,5844.89,-11.32,-0.19%,0
"2025-01-02 14:00",5841.84,5857.89,5838.01,5856.21,14.37,+0.25%,0
"2025-01-02 13:30",5846.58,5846.58,5829.53,5841.84,-4.66,-0.08%,0
"2025-01-02 13:00",5852.78,5853.35,5835.04,5846.5,-6.17,-0.11%,0
"2025-01-02 12:30",5868.56,5868.56,5834.28,5852.67,-15.84,-0.27%,0
"2025-01-02 12:00",5902.39,5909.71,5867.35,5868.51,-33.89,-0.57%,0
"2025-01-02 11:30",5898.76,5911.3,5895.48,5902.4,3.63,+0.06%,0
"2025-01-02 11:00",5900.03,5901.21,5877.45,5898.77,-1.31,-0.02%,0
"2025-01-02 10:30",5902.2,5910.56,5888.02,5900.08,-2.46,-0.04%,0
"2025-01-02 10:00",5925.79,5935.09,5897.92,5902.54,-22.69,-0.38%,0
"2025-01-02 09:30",5903.26,5928.48,5886.67,5925.23,43.6,+0.74%,0
"Downloaded from Barchart.com as of 03-04-2026 12:45pm CST"
