Time,Open,High,Low,Latest,Change,%Change,Volume
"2026-03-04 13:00",6876.8,6881.57,6869.26,6880.34,3.38,+0.05%,0
"2026-03-04 12:00",6872.75,6878.43,6861.37,6876.96,4.23,+0.06%,0
"2026-03-04 11:00",6872.52,6880.38,6856.84,6872.73,-0.28,0.00%,0
"2026-03-04 10:00",6829.85,6877.23,6824.69,6873.01,43.88,+0.64%,0
"2026-03-04 09:00",6831.69,6848.04,6811.64,6829.13,12.5,+0.18%,0
"2026-03-03 16:00",6816.35,6816.78,6816.35,6816.63,0.04,0.00%,0
"2026-03-03 15:00",6827.03,6833.46,6806.83,6816.59,-10.33,-0.15%,0
"2026-03-03 14:00",6826.56,6840.05,6808.12,6826.92,0.43,+0.01%,0
"2026-03-03 13:00",6788.73,6832.92,6788.73,6826.49,37.84,+0.56%,0
"2026-03-03 12:00",6789.89,6799.01,6776.45,6788.65,-1.32,-0.02%,0
"2026-03-03 11:00",6733.4,6798,6731.81,6789.97,56.87,+0.84%,0
"2026-03-03 10:00",6736.82,6751.74,6710.42,6733.1,-3.85,-0.06%,0
"2026-03-03 09:00",6800.26,6800.26,6733.72,6736.95,-144.67,-2.10%,0
"2026-03-02 16:00",6879.42,6881.62,6879.42,6881.62,1.57,+0.02%,0
"2026-03-02 15:00",6896.94,6898.17,6864.78,6880.05,-16.95,-0.25%,0
"2026-03-02 14:00",6868.62,6901.01,6867.6,6897,28.31,+0.41%,0
"2026-03-02 13:00",6887.62,6889.03,6868.09,6868.69,-18.98,-0.28%,0
"2026-03-02 12:00",6878.11,6888.32,6873.02,6887.67,9.52,+0.14%,0
"2026-03-02 11:00",6857.6,6884.65,6845.12,6878.15,20.62,+0.30%,0
"2026-03-02 10:00",6845.18,6868.53,6835.61,6857.53,12.06,+0.18%,0
"2026-03-02 09:00",6824.36,6849.05,6796.85,6845.47,-33.41,-0.49%,0
"2026-02-27 16:00",6878.41,6878.91,6878.37,6878.88,0.84,+0.01%,0
"2026-02-27 15:00",6848.81,6882.96,6848.81,6878.04,29.04,+0.42%,0
"2026-02-27 14:00",6854.86,6865.28,6845.6,6849,-5.87,-0.09%,0
"2026-02-27 13:00",6859.03,6861.42,6846.02,6854.87,-4.2,-0.06%,0
"2026-02-27 12:00",6863.76,6877.6,6848.5,6859.07,-4.83,-0.07%,0
"2026-02-27 11:00",6867.58,6877.38,6861.19,6863.9,-3.93,-0.06%,0
"2026-02-27 10:00",6843.93,6875.4,6841.96,6867.83,23.14,+0.34%,0
"2026-02-27 09:00",6856.54,6857.04,6831.74,6844.69,-64.17,-0.93%,0
"2026-02-26 16:00",6909.24,6909.24,6908.85,6908.86,-0.15,0.00%,0
"2026-02-26 15:00",6906.29,6913.71,6902.19,6909.01,2.6,+0.04%,0
"2026-02-26 14:00",6889.92,6912.57,6887.92,6906.41,16.54,+0.24%,0
"2026-02-26 13:00",6871.06,6897.17,6864.14,6889.87,18.71,+0.27%,0
"2026-02-26 12:00",6877.97,6886.21,6866.6,6871.16,-6.66,-0.10%,0
"2026-02-26 11:00",6893.4,6906.7,6876.3,6877.82,-15.45,-0.22%,0
"2026-02-26 10:00",6922.89,6925.87,6859.73,6893.27,-30.01,-0.43%,0
"2026-02-26 09:00",6944.74,6947.25,6920.74,6923.28,-22.85,-0.33%,0
"2026-02-25 17:00",6946.13,6946.13,6946.13,6946.13,0,0.00%,0
"2026-02-25 16:00",6946.53,6946.61,6946.12,6946.13,-0.76,-0.01%,0
"2026-02-25 15:00",6947.75,6952.51,6944.4,6946.89,-0.84,-0.01%,0
"2026-02-25 14:00",6941.86,6949.84,6941.72,6947.73,5.89,+0.08%,0
"2026-02-25 13:00",6942.08,6943.33,6938.83,6941.84,-0.25,0.00%,0
"2026-02-25 12:00",6937.24,6942.25,6935.25,6942.09,4.86,+0.07%,0
"2026-02-25 11:00",6924.93,6940.44,6923.3,6937.23,12.31,+0.18%,0
"2026-02-25 10:00",6929.67,6932.23,6918.36,6924.92,-4.94,-0.07%,0
"2026-02-25 09:00",6915.15,6936.2,6915.15,6929.86,39.79,+0.58%,0
"2026-02-24 16:00",6890.05,6890.45,6890.05,6890.07,-0.97,-0.01%,0
"2026-02-24 15:00",6887.64,6899.17,6881.47,6891.04,3.38,+0.05%,0
"2026-02-24 14:00",6890.71,6892.82,6883.12,6887.66,-3.07,-0.04%,0
"2026-02-24 13:00",6890.48,6897.22,6885.91,6890.73,0.24,0.00%,0
"2026-02-24 12:00",6880.61,6894.1,6880.27,6890.49,9.62,+0.14%,0
"2026-02-24 11:00",6870.03,6884.68,6867.72,6880.87,10.79,+0.16%,0
"2026-02-24 10:00",6847.27,6881.85,6837.49,6870.08,22.2,+0.32%,0
"2026-02-24 09:00",6837.37,6870.29,6815.43,6847.88,10.13,+0.15%,0
"2026-02-23 16:00",6839.2,6839.2,6837.75,6837.75,-1.84,-0.03%,0
"2026-02-23 15:00",6826.65,6839.59,6822.89,6839.59,13.06,+0.19%,0
"2026-02-23 14:00",6836.35,6838.6,6821.78,6826.53,-9.76,-0.14%,0
"2026-02-23 13:00",6836.23,6855.55,6835.22,6836.29,0.1,0.00%,0
"2026-02-23 12:00",6835.94,6840.55,6821.81,6836.19,0.34,0.00%,0
"2026-02-23 11:00",6838.63,6847.47,6819.82,6835.85,-3.,-0.04%,0
"2026-02-23 10:00",6881.35,6887.94,6838.28,6838.85,-43.05,-0.63%,0
"2026-02-23 09:00",6901.25,6916.96,6880.2,6881.9,-27.61,-0.40%,0
"2026-02-20 16:00",6910.07,6910.07,6909.5,6909.51,-0.71,-0.01%,0
"2026-02-20 15:00",6897.23,6910.3,6897.17,6910.22,12.99,+0.19%,0
"2026-02-20 14:00",6909.8,6914.04,6895.31,6897.23,-12.45,-0.18%,0
"2026-02-20 13:00",6891.48,6915.86,6875.72,6909.68,18.22,+0.26%,0
"2026-02-20 12:00",6902.26,6904.69,6858.51,6891.46,-10.59,-0.15%,0
"2026-02-20 11:00",6905.83,6908.82,6876.36,6902.05,-3.83,-0.06%,0
"2026-02-20 10:00",6865.14,6909.87,6859.51,6905.88,40.11,+0.58%,0
"2026-02-20 09:00",6843.26,6869.98,6836.33,6865.77,3.88,+0.06%,0
"2026-02-19 17:00",6861.89,6861.89,6861.89,6861.89,0,0.00%,0
"2026-02-19 16:00",6861.94,6861.94,6861.85,6861.89,0.24,0.00%,0
"2026-02-19 15:00",6842.56,6861.73,6842.46,6861.65,19.07,+0.28%,0
"2026-02-19 14:00",6854.41,6857.26,6836.87,6842.58,-11.98,-0.17%,0
"2026-02-19 13:00",6841.03,6854.95,6833.06,6854.56,13.81,+0.20%,0
"2026-02-19 12:00",6852.52,6864.05,6838.78,6840.75,-11.8,-0.17%,0
"2026-02-19 11:00",6869.9,6874.98,6844.67,6852.55,-17.4,-0.25%,0
"2026-02-19 10:00",6867.32,6879.12,6855.21,6869.95,2.57,+0.04%,0
"2026-02-19 09:00",6861.34,6875.99,6842.82,6867.38,-13.93,-0.20%,0
"2026-02-18 16:00",6880.27,6881.32,6880.27,6881.31,1.65,+0.02%,0
"2026-02-18 15:00",6863.52,6889.75,6857.45,6879.66,16.49,+0.24%,0
"2026-02-18 14:00",6887.68,6891.67,6858.68,6863.17,-24.84,-0.36%,0
"2026-02-18 13:00",6903.01,6909.12,6879.32,6888.01,-14.73,-0.21%,0
"2026-02-18 12:00",6893.91,6906.88,6892.67,6902.74,8.93,+0.13%,0
"2026-02-18 11:00",6903.91,6907.85,6893.37,6893.81,-10.08,-0.15%,0
"2026-02-18 10:00",6880.7,6905.73,6880.08,6903.89,23.64,+0.34%,0
"2026-02-18 09:00",6855.48,6882.2,6849.66,6880.25,37.03,+0.54%,0
"2026-02-17 16:00",6843.51,6844.11,6843.22,6843.22,-2.81,-0.04%,0
"2026-02-17 15:00",6853.7,6858.9,6837.73,6846.03,-7.58,-0.11%,0
"2026-02-17 14:00",6858.87,6866.99,6852.5,6853.61,-4.89,-0.07%,0
"2026-02-17 13:00",6828.27,6865.17,6816.76,6858.5,30.29,+0.44%,0
"2026-02-17 12:00",6842.73,6843.09,6809.67,6828.21,-14.53,-0.21%,0
"2026-02-17 11:00",6803.71,6849.56,6802.78,6842.74,39.3,+0.58%,0
"2026-02-17 10:00",6783.56,6814.84,6775.5,6803.44,19.56,+0.29%,0
"2026-02-17 09:00",6819.86,6845.24,6783.33,6783.88,-52.29,-0.76%,0
"2026-02-13 16:00",6835.71,6836.17,6835.71,6836.17,1.09,+0.02%,0
"2026-02-13 15:00",6842.84,6851.53,6817.63,6835.08,-7.74,-0.11%,0
"2026-02-13 14:00",6866.49,6872.82,6842.4,6842.82,-23.79,-0.35%,0
"2026-02-13 13:00",6869.82,6880.94,6860.66,6866.61,-3.14,-0.05%,0
"2026-02-13 12:00",6866.45,6881.96,6864.5,6869.75,2.9,+0.04%,0
"2026-02-13 11:00",6843.9,6873.75,6838.23,6866.85,22.39,+0.33%,0
"2026-02-13 10:00",6817.69,6864.25,6817.69,6844.46,27.89,+0.41%,0
"2026-02-13 09:00",6834.27,6846.77,6794.55,6816.57,-16.19,-0.24%,0
"2026-02-12 16:00",6832.64,6832.77,6832.62,6832.76,-0.78,-0.01%,0
"2026-02-12 15:00",6871.04,6874.64,6824.04,6833.54,-37.26,-0.54%,0
"2026-02-12 14:00",6866.96,6879.13,6856.33,6870.8,3.97,+0.06%,0
"2026-02-12 13:00",6849.61,6873.13,6842.45,6866.83,17.03,+0.25%,0
"2026-02-12 12:00",6866.02,6875.36,6849.38,6849.8,-16.56,-0.24%,0
"2026-02-12 11:00",6905.4,6906.77,6854.94,6866.36,-39.02,-0.57%,0
"2026-02-12 10:00",6949.47,6956.89,6904.98,6905.38,-40.55,-0.58%,0
"2026-02-12 09:00",6957.54,6973.22,6942.64,6945.93,4.46,+0.06%,0
"2026-02-11 16:00",6940.19,6941.47,6940.19,6941.47,1.79,+0.03%,0
"2026-02-11 15:00",6949.78,6951.9,6939.68,6939.68,-10.26,-0.15%,0
"2026-02-11 14:00",6947.88,6960.09,6942.92,6949.94,2.01,+0.03%,0
"2026-02-11 13:00",6948.19,6950.89,6934.97,6947.93,-0.27,0.00%,0
"2026-02-11 12:00",6941.12,6960.28,6934.69,6948.2,7.05,+0.10%,0
"2026-02-11 11:00",6944.19,6955.35,6935.06,6941.15,-2.69,-0.04%,0
"2026-02-11 10:00",6961.26,6967.44,6911.97,6943.84,-17.46,-0.25%,0
"2026-02-11 09:00",6976.48,6993.48,6959.36,6961.3,19.49,+0.28%,0
"2026-02-10 16:00",6942.07,6942.07,6941.33,6941.81,1.8,+0.03%,0
"2026-02-10 15:00",6958.54,6960.55,6937.53,6940.01,-18.44,-0.27%,0
"2026-02-10 14:00",6957.63,6962.02,6952.63,6958.45,0.88,+0.01%,0
"2026-02-10 13:00",6975.08,6975.23,6949.64,6957.57,-17.49,-0.25%,0
"2026-02-10 12:00",6968.4,6979.06,6963.21,6975.06,6.74,+0.10%,0
"2026-02-10 11:00",6975.33,6977.8,6962.18,6968.32,-7.07,-0.10%,0
"2026-02-10 10:00",6978.38,6986.83,6969.31,6975.39,-3.39,-0.05%,0
"2026-02-10 09:00",6974.49,6981.59,6956.78,6978.78,13.96,+0.20%,0
"2026-02-09 16:00",6962.69,6964.82,6962.69,6964.82,1.65,+0.02%,0
"2026-02-09 15:00",6975.79,6978.85,6960.91,6963.17,-12.6,-0.18%,0
"2026-02-09 14:00",6968.63,6980.1,6966.91,6975.77,7.09,+0.10%,0
"2026-02-09 13:00",6967.67,6973.79,6958.24,6968.68,1.1,+0.02%,0
"2026-02-09 12:00",6975.68,6978.61,6967.18,6967.58,-7.98,-0.11%,0
"2026-02-09 11:00",6964.64,6978.17,6962.83,6975.56,10.88,+0.16%,0
"2026-02-09 10:00",6924.94,6966.86,6924.55,6964.68,37.71,+0.54%,0
"2026-02-09 09:00",6917.26,6938.54,6905.87,6926.97,-5.33,-0.08%,0
"2026-02-06 16:00",6930.54,6932.3,6930.54,6932.3,2.03,+0.03%,0
"2026-02-06 15:00",6915.42,6944.89,6913.16,6930.27,14.86,+0.21%,0
"2026-02-06 14:00",6911.87,6919.64,6909.45,6915.41,3.65,+0.05%,0
"2026-02-06 13:00",6911.55,6918.15,6908.3,6911.76,0.21,0.00%,0
"2026-02-06 12:00",6896.38,6916.85,6893.96,6911.55,15.21,+0.22%,0
"2026-02-06 11:00",6879.43,6902.12,6876.98,6896.34,16.95,+0.25%,0
"2026-02-06 10:00",6868.13,6891.68,6853.6,6879.39,10.4,+0.15%,0
"2026-02-06 09:00",6816.74,6887.13,6816.74,6868.99,70.59,+1.04%,0
"2026-02-05 16:00",6797.54,6798.4,6797.54,6798.4,-1.59,-0.02%,0
"2026-02-05 15:00",6812.59,6830.13,6783.67,6799.99,-12.45,-0.18%,0
"2026-02-05 14:00",6804.36,6835.64,6801.65,6812.44,7.99,+0.12%,0
"2026-02-05 13:00",6826.11,6834.17,6798.47,6804.45,-21.83,-0.32%,0
"2026-02-05 12:00",6834.55,6847.57,6811.92,6826.28,-8.41,-0.12%,0
"2026-02-05 11:00",6793.81,6836.28,6780.13,6834.69,41.35,+0.61%,0
"2026-02-05 10:00",6827.6,6832.71,6780.46,6793.34,-33.99,-0.50%,0
"2026-02-05 09:00",6837.39,6857.85,6806.92,6827.33,-55.39,-0.80%,0
"2026-02-04 16:00",6882.22,6882.75,6882.22,6882.72,-0.04,0.00%,0
"2026-02-04 15:00",6905,6906.42,6878.91,6882.76,-22.09,-0.32%,0
"2026-02-04 14:00",6868.05,6906.56,6856.49,6904.85,36.91,+0.54%,0
"2026-02-04 13:00",6858.36,6876.86,6845.04,6867.94,9.61,+0.14%,0
"2026-02-04 12:00",6887.58,6891.98,6838.8,6858.33,-29.38,-0.43%,0
"2026-02-04 11:00",6907.57,6910.46,6864.83,6887.71,-18.77,-0.27%,0
"2026-02-04 10:00",6902.77,6930,6886.09,6906.48,4.19,+0.06%,0
"2026-02-04 09:00",6924.5,6936.09,6899.69,6902.29,-15.52,-0.22%,0
"2026-02-03 16:00",6917.38,6917.81,6917.38,6917.81,0.41,+0.01%,0
"2026-02-03 15:00",6890.52,6919.54,6884.9,6917.4,26.71,+0.39%,0
"2026-02-03 14:00",6869.76,6893.98,6862.05,6890.69,20.7,+0.30%,0
"2026-02-03 13:00",6898.63,6906.68,6869.9,6869.99,-28.33,-0.41%,0
"2026-02-03 12:00",6928.12,6928.86,6895.73,6898.32,-29.73,-0.43%,0
"2026-02-03 11:00",6953.38,6953.65,6924.76,6928.05,-25.42,-0.37%,0
"2026-02-03 10:00",6955.9,6958.34,6930.65,6953.47,-2.49,-0.04%,0
"2026-02-03 09:00",6985.45,6993.08,6954.71,6955.96,-20.48,-0.29%,0
"2026-02-02 16:00",6976.78,6976.91,6976.44,6976.44,0.21,0.00%,0
"2026-02-02 15:00",6976.62,6987.09,6972.69,6976.23,0.06,0.00%,0
"2026-02-02 14:00",6987.36,6991.55,6975.66,6976.17,-11.39,-0.16%,0
"2026-02-02 13:00",6986.95,6990.09,6979.85,6987.56,0.63,+0.01%,0
"2026-02-02 12:00",6979.82,6991.92,6979.01,6986.93,7.16,+0.10%,0
"2026-02-02 11:00",6969.86,6980.58,6962.11,6979.77,9.98,+0.14%,0
"2026-02-02 10:00",6948.75,6980.82,6946.69,6969.79,20.49,+0.29%,0
"2026-02-02 09:00",6916.64,6960.31,6914.34,6949.3,10.27,+0.15%,0
"2026-01-30 16:00",6938.98,6939.88,6938.98,6939.03,1.53,+0.02%,0
"2026-01-30 15:00",6927.59,6949.72,6915.68,6937.5,10.49,+0.15%,0
"2026-01-30 14:00",6935.98,6949.36,6927.01,6927.01,-8.92,-0.13%,0
"2026-01-30 13:00",6914.11,6942.58,6893.48,6935.93,21.79,+0.32%,0
"2026-01-30 12:00",6929.23,6937.46,6910.36,6914.14,-15.1,-0.22%,0
"2026-01-30 11:00",6943.78,6948.78,6925.11,6929.24,-14.21,-0.20%,0
"2026-01-30 10:00",6940.62,6964.09,6931.91,6943.45,2.92,+0.04%,0
"2026-01-30 09:00",6947.27,6960.82,6935.89,6940.53,-28.48,-0.41%,0
"2026-01-29 16:00",6967.41,6969.01,6967.41,6969.01,2.74,+0.04%,0
"2026-01-29 15:00",6933.62,6971.09,6933.33,6966.27,32.9,+0.47%,0
"2026-01-29 14:00",6928.67,6944.85,6925.5,6933.37,4.36,+0.06%,0
"2026-01-29 13:00",6911.4,6940.31,6910.55,6929.01,18.1,+0.26%,0
"2026-01-29 12:00",6909.69,6939.41,6909.59,6910.91,1.37,+0.02%,0
"2026-01-29 11:00",6882.79,6912.74,6870.8,6909.54,26.69,+0.39%,0
"2026-01-29 10:00",6937.54,6938.53,6874.52,6882.85,-53.86,-0.78%,0
"2026-01-29 09:00",6977.74,6992.84,6936.71,6936.71,-41.32,-0.59%,0
"2026-01-28 16:00",6976.87,6978.06,6976.87,6978.03,1.75,+0.03%,0
"2026-01-28 15:00",6971.93,6985.54,6971.23,6976.28,4.4,+0.06%,0
"2026-01-28 14:00",6973.87,6983.62,6963.46,6971.88,-2.,-0.03%,0
"2026-01-28 13:00",6971.71,6977.6,6969.04,6973.88,2.23,+0.03%,0
"2026-01-28 12:00",6970.14,6979.65,6968.44,6971.65,1.59,+0.02%,0
"2026-01-28 11:00",6978.8,6986.46,6968.23,6970.06,-8.63,-0.12%,0
"2026-01-28 10:00",6994.7,6996.48,6978.67,6978.69,-15.74,-0.23%,0
"2026-01-28 09:00",7002,7002.28,6993.73,6994.43,15.83,+0.23%,0
"2026-01-27 16:00",6978.77,6978.77,6978.53,6978.6,0.02,0.00%,0
"2026-01-27 15:00",6984.1,6987.63,6978.13,6978.58,-5.52,-0.08%,0
"2026-01-27 14:00",6983.57,6986.89,6980.56,6984.1,0.56,+0.01%,0
"2026-01-27 13:00",6977.55,6985.14,6972.74,6983.54,6.04,+0.09%,0
"2026-01-27 12:00",6983.86,6984.81,6976.8,6977.5,-6.45,-0.09%,0
"2026-01-27 11:00",6983.54,6988.82,6983.42,6983.95,0.47,+0.01%,0
"2026-01-27 10:00",6975.61,6984.89,6968.83,6983.48,7.28,+0.10%,0
"2026-01-27 09:00",6965.96,6978.44,6958.83,6976.2,25.97,+0.37%,0
"2026-01-26 16:00",6949.77,6950.3,6949.77,6950.23,0.08,0.00%,0
"2026-01-26 15:00",6958.97,6961.53,6949.54,6950.15,-8.85,-0.13%,0
"2026-01-26 14:00",6959.26,6963.33,6958.13,6959,-0.29,0.00%,0
"2026-01-26 13:00",6956.11,6964.66,6952.47,6959.29,3.23,+0.05%,0
"2026-01-26 12:00",6954.69,6960.53,6953.81,6956.06,1.45,+0.02%,0
"2026-01-26 11:00",6953.66,6956.61,6946.01,6954.61,0.74,+0.01%,0
"2026-01-26 10:00",6945.28,6957.46,6940.87,6953.87,8.01,+0.12%,0
"2026-01-26 09:00",6923.23,6950.02,6921.6,6945.86,30.25,+0.44%,0
"2026-01-23 16:00",6915.1,6915.62,6915.1,6915.61,0.45,+0.01%,0
"2026-01-23 15:00",6918.6,6918.96,6908.76,6915.16,-3.44,-0.05%,0
"2026-01-23 14:00",6912.74,6924.51,6912.69,6918.6,5.79,+0.08%,0
"2026-01-23 13:00",6903.01,6915.26,6902.33,6912.81,9.9,+0.14%,0
"2026-01-23 12:00",6920.52,6926.26,6901.03,6902.91,-17.68,-0.26%,0
"2026-01-23 11:00",6928.63,6932.96,6917.76,6920.59,-8.07,-0.12%,0
"2026-01-23 10:00",6910.64,6930.54,6906.69,6928.66,17.57,+0.25%,0
"2026-01-23 09:00",6907.85,6912.76,6895.5,6911.09,-2.26,-0.03%,0
"2026-01-22 16:00",6913.44,6913.44,6913.34,6913.35,0.81,+0.01%,0
"2026-01-22 15:00",6911.43,6918.33,6899.9,6912.54,1.1,+0.02%,0
"2026-01-22 14:00",6923.73,6932.89,6911.43,6911.44,-12.3,-0.18%,0
"2026-01-22 13:00",6933.51,6934.75,6922.25,6923.74,-9.81,-0.14%,0
"2026-01-22 12:00",6921.08,6934.1,6918.1,6933.55,12.31,+0.18%,0
"2026-01-22 11:00",6910.08,6928.4,6910.08,6921.24,11.14,+0.16%,0
"2026-01-22 10:00",6903.43,6918.4,6893.62,6910.1,7.3,+0.11%,0
"2026-01-22 09:00",6914.44,6930.43,6897.59,6902.8,27.18,+0.40%,0
"2026-01-21 16:00",6876.08,6876.08,6875.62,6875.62,0.14,0.00%,0
"2026-01-21 15:00",6907.63,6910.39,6869.91,6875.48,-31.95,-0.46%,0
"2026-01-21 14:00",6833.09,6909.69,6822.45,6907.43,74.32,+1.09%,0
"2026-01-21 13:00",6829.45,6837.62,6810.17,6833.11,3.71,+0.05%,0
"2026-01-21 12:00",6824.12,6832.4,6804.96,6829.4,5.12,+0.08%,0
"2026-01-21 11:00",6870.68,6871.76,6823.05,6824.28,-46.35,-0.67%,0
"2026-01-21 10:00",6847.07,6874.89,6840.45,6870.63,22.76,+0.33%,0
"2026-01-21 09:00",6810.71,6849.98,6810.71,6847.87,51.01,+0.75%,0
"2026-01-20 16:00",6798.48,6798.48,6796.86,6796.86,0.1,0.00%,0
"2026-01-20 15:00",6801.96,6803.25,6789.05,6796.76,-5.03,-0.07%,0
"2026-01-20 14:00",6810.74,6815.52,6796.8,6801.79,-9.02,-0.13%,0
"2026-01-20 13:00",6834.24,6838.01,6803.99,6810.81,-23.4,-0.34%,0
"2026-01-20 12:00",6860.6,6862.31,6828.49,6834.21,-26.5,-0.39%,0
"2026-01-20 11:00",6861.59,6868.7,6847.48,6860.71,-0.72,-0.01%,0
"2026-01-20 10:00",6845.94,6871.17,6833.29,6861.43,15.02,+0.22%,0
"2026-01-20 09:00",6865.24,6865.24,6837.75,6846.41,-93.6,-1.35%,0
"2026-01-16 16:00",6939.58,6940.18,6939.58,6940.01,0.55,+0.01%,0
"2026-01-16 15:00",6950.86,6952.8,6939.23,6939.46,-11.43,-0.16%,0
"2026-01-16 14:00",6950.18,6960.5,6943.87,6950.89,0.72,+0.01%,0
"2026-01-16 13:00",6942.85,6956.46,6942.85,6950.17,7.49,+0.11%,0
"2026-01-16 12:00",6950.54,6953.54,6942.68,6942.68,-7.87,-0.11%,0
"2026-01-16 11:00",6942.37,6958.4,6939.63,6950.55,8.35,+0.12%,0
"2026-01-16 10:00",6943.47,6951.8,6925.09,6942.2,-1.19,-0.02%,0
"2026-01-16 09:00",6960.54,6967.3,6943.22,6943.39,-1.08,-0.02%,0
"2026-01-15 16:00",6945.28,6945.28,6944.47,6944.47,-0.5,-0.01%,0
"2026-01-15 15:00",6952.8,6954.75,6937.93,6944.97,-7.83,-0.11%,0
"2026-01-15 14:00",6972.1,6972.1,6950.91,6952.8,-19.36,-0.28%,0
"2026-01-15 13:00",6964.5,6976.93,6963.96,6972.16,7.67,+0.11%,0
"2026-01-15 12:00",6975.47,6979.34,6964.18,6964.49,-10.98,-0.16%,0
"2026-01-15 11:00",6969.6,6978.2,6968.48,6975.47,5.5,+0.08%,0
"2026-01-15 10:00",6960.81,6973.78,6955.46,6969.97,8.16,+0.12%,0
"2026-01-15 09:00",6969.46,6972.15,6956.7,6961.81,35.21,+0.51%,0
"2026-01-14 16:00",6927.63,6927.63,6926.6,6926.6,-1.81,-0.03%,0
"2026-01-14 15:00",6904.8,6928.41,6897.6,6928.41,24.07,+0.35%,0
"2026-01-14 14:00",6905.29,6909.86,6900.71,6904.34,-0.93,-0.01%,0
"2026-01-14 13:00",6890.6,6906.22,6887.18,6905.27,14.79,+0.21%,0
"2026-01-14 12:00",6890.08,6898.58,6886.37,6890.48,0.39,+0.01%,0
"2026-01-14 11:00",6896.39,6918.88,6885.74,6890.09,-6.2,-0.09%,0
"2026-01-14 10:00",6911.35,6932.3,6889.8,6896.29,-15.78,-0.23%,0
"2026-01-14 09:00",6937.41,6941.3,6912.07,6912.07,-51.67,-0.74%,0
"2026-01-13 16:00",6963.3,6963.74,6963.16,6963.74,0.76,+0.01%,0
"2026-01-13 15:00",6953.56,6964.4,6938.77,6962.98,9.61,+0.14%,0
"2026-01-13 14:00",6952.45,6956.52,6947.05,6953.37,0.83,+0.01%,0
"2026-01-13 13:00",6954.24,6961.32,6949.79,6952.54,-1.77,-0.03%,0
"2026-01-13 12:00",6973.93,6976.58,6950.67,6954.31,-19.63,-0.28%,0
"2026-01-13 11:00",6962.91,6977.04,6950.07,6973.94,11.11,+0.16%,0
"2026-01-13 10:00",6967.16,6969.9,6945.69,6962.83,-5.02,-0.07%,0
"2026-01-13 09:00",6977.41,6985.83,6967.75,6967.85,-9.42,-0.14%,0
"2026-01-12 16:00",6976.63,6977.32,6976.63,6977.27,0.55,+0.01%,0
"2026-01-12 15:00",6985.03,6986.33,6976.39,6976.72,-8.37,-0.12%,0
"2026-01-12 14:00",6977.57,6985.64,6974.8,6985.09,7.57,+0.11%,0
"2026-01-12 13:00",6972.02,6978.78,6971.25,6977.52,5.57,+0.08%,0
"2026-01-12 12:00",6971.09,6974.01,6966.43,6971.95,0.82,+0.01%,0
"2026-01-12 11:00",6964.86,6974.34,6962.54,6971.13,6.26,+0.09%,0
"2026-01-12 10:00",6962.56,6966.17,6955.05,6964.87,1.99,+0.03%,0
"2026-01-12 09:00",6944.12,6964.87,6934.07,6962.88,-3.4,-0.05%,0
"2026-01-09 16:00",6965.73,6966.28,6965.73,6966.28,0.29,0.00%,0
"2026-01-09 15:00",6974.31,6978.36,6965.6,6965.99,-8.33,-0.12%,0
"2026-01-09 14:00",6971.27,6977.6,6969.57,6974.32,2.86,+0.04%,0
"2026-01-09 13:00",6965.86,6974.46,6959.68,6971.46,5.57,+0.08%,0
"2026-01-09 12:00",6964.12,6970.41,6963.09,6965.89,1.61,+0.02%,0
"2026-01-09 11:00",6945.56,6965.89,6945.56,6964.28,18.53,+0.27%,0
"2026-01-09 10:00",6941.52,6960.44,6917.64,6945.75,4.14,+0.06%,0
"2026-01-09 09:00",6927.83,6949.25,6927.83,6941.61,20.15,+0.29%,0
"2026-01-08 16:00",6920.82,6921.46,6920.75,6921.46,0.36,+0.01%,0
"2026-01-08 15:00",6913.96,6925.86,6912.81,6921.1,7.12,+0.10%,0
"2026-01-08 14:00",6914.53,6919.06,6908.46,6913.98,-0.61,-0.01%,0
"2026-01-08 13:00",6926.34,6927.23,6913.47,6914.59,-11.81,-0.17%,0
"2026-01-08 12:00",6924.45,6931.28,6916.98,6926.4,1.73,+0.02%,0
"2026-01-08 11:00",6923.75,6925.95,6910.08,6924.67,0.99,+0.01%,0
"2026-01-08 10:00",6906.9,6925.24,6903.3,6923.68,15.31,+0.22%,0
"2026-01-08 09:00",6914.11,6917.94,6899.33,6908.37,-12.56,-0.18%,0
"2026-01-07 16:00",6921.18,6921.18,6920.9,6920.93,-0.6,-0.01%,0
"2026-01-07 15:00",6943.39,6943.83,6919.19,6921.53,-21.89,-0.32%,0
"2026-01-07 14:00",6954.27,6954.82,6940.38,6943.42,-10.81,-0.16%,0
"2026-01-07 13:00",6955.96,6957.51,6946.93,6954.23,-1.68,-0.02%,0
"2026-01-07 12:00",6960.88,6965.69,6954.17,6955.91,-4.97,-0.07%,0
"2026-01-07 11:00",6951.38,6961.88,6945.64,6960.88,9.4,+0.14%,0
"2026-01-07 10:00",6951.22,6953.05,6936.58,6951.48,-0.1,0.00%,0
"2026-01-07 09:00",6945.07,6957.4,6942.78,6951.58,6.76,+0.10%,0
"2026-01-06 16:00",6944.43,6944.97,6944.43,6944.82,0.3,0.00%,0
"2026-01-06 15:00",6944.3,6948.69,6944,6944.52,0.15,0.00%,0
"2026-01-06 14:00",6943.18,6947.28,6942.42,6944.37,1.24,+0.02%,0
"2026-01-06 13:00",6935.51,6943.19,6931.62,6943.13,7.58,+0.11%,0
"2026-01-06 12:00",6920.47,6936.88,6917.36,6935.55,15.07,+0.22%,0
"2026-01-06 11:00",6917.08,6920.87,6908.9,6920.48,3.66,+0.05%,0
"2026-01-06 10:00",6927.23,6934.6,6913.28,6916.82,-10.3,-0.15%,0
"2026-01-06 09:00",6908.03,6927.68,6904.02,6927.12,25.07,+0.36%,0
"2026-01-05 16:00",6902.63,6902.63,6902.05,6902.05,-0.69,-0.01%,0
"2026-01-05 15:00",6902.65,6908.29,6897.74,6902.74,0.12,0.00%,0
"2026-01-05 14:00",6911.7,6913.03,6899.44,6902.62,-9.08,-0.13%,0
"2026-01-05 13:00",6911.96,6914.22,6903.22,6911.7,-0.25,0.00%,0
"2026-01-05 12:00",6915.16,6918.03,6908.42,6911.95,-3.14,-0.05%,0
"2026-01-05 11:00",6909.63,6920.38,6906.41,6915.09,5.46,+0.08%,0
"2026-01-05 10:00",6897.15,6914.72,6892.54,6909.63,13.1,+0.19%,0
"2026-01-05 09:00",6892.19,6905.34,6891.56,6896.53,38.06,+0.55%,0
"2026-01-02 16:00",6858.02,6858.48,6858.02,6858.47,-0.07,0.00%,0
"2026-01-02 15:00",6857.43,6862.75,6846.64,6858.54,1.05,+0.02%,0
"2026-01-02 14:00",6830.94,6865.2,6830.14,6857.49,26.47,+0.39%,0
"2026-01-02 13:00",6837.67,6843.39,6824.31,6831.02,-6.56,-0.10%,0
"2026-01-02 12:00",6837.28,6853.94,6832.73,6837.58,0.32,0.00%,0
"2026-01-02 11:00",6840.12,6851.79,6828.99,6837.26,-2.93,-0.04%,0
"2026-01-02 10:00",6887.91,6894.87,6837.28,6840.19,-47.59,-0.69%,0
"2026-01-02 09:00",6878.11,6894.5,6867.9,6887.78,42.28,+0.62%,0
"2025-12-31 16:00",6845.1,6845.87,6845.1,6845.5,-0.27,0.00%,0
"2025-12-31 15:00",6868.77,6869.16,6844.55,6845.77,-22.97,-0.33%,0
"2025-12-31 14:00",6885.25,6889.31,6868.04,6868.74,-16.55,-0.24%,0
"2025-12-31 13:00",6875.22,6887.31,6874.59,6885.29,10.14,+0.15%,0
"2025-12-31 12:00",6880.63,6881.12,6873.56,6875.15,-5.5,-0.08%,0
"2025-12-31 11:00",6870.32,6881.1,6870.28,6880.65,10.5,+0.15%,0
"2025-12-31 10:00",6886.49,6887.13,6868.98,6870.15,-16.36,-0.24%,0
"2025-12-31 09:00",6898.82,6901.42,6879.88,6886.51,-9.73,-0.14%,0
"2025-12-30 16:00",6896.23,6896.8,6896.23,6896.24,-0.21,0.00%,0
"2025-12-30 15:00",6903.24,6905.87,6895.18,6896.45,-6.76,-0.10%,0
"2025-12-30 14:00",6905.47,6906.88,6901.85,6903.21,-2.25,-0.03%,0
"2025-12-30 13:00",6903.93,6906.78,6900.01,6905.46,1.57,+0.02%,0
"2025-12-30 12:00",6900.15,6904.71,6897.03,6903.89,3.57,+0.05%,0
"2025-12-30 11:00",6903.85,6913.06,6900.06,6900.32,-3.56,-0.05%,0
"2025-12-30 10:00",6909.45,6909.92,6893.47,6903.88,-5.6,-0.08%,0
"2025-12-30 09:00",6900.44,6913.25,6896.64,6909.48,3.74,+0.05%,0
"2025-12-29 16:00",6905.9,6906.1,6905.74,6905.74,-1.22,-0.02%,0
"2025-12-29 15:00",6910.78,6913.71,6902.45,6906.96,-3.82,-0.06%,0
"2025-12-29 14:00",6899.76,6912.22,6896.72,6910.78,11,+0.16%,0
"2025-12-29 13:00",6897.78,6906.39,6895.69,6899.78,1.97,+0.03%,0
"2025-12-29 12:00",6898.54,6899.86,6888.76,6897.81,-0.78,-0.01%,0
"2025-12-29 11:00",6901.45,6903.9,6894.83,6898.59,-2.93,-0.04%,0
"2025-12-29 10:00",6903.63,6911.66,6896.18,6901.52,-2.26,-0.03%,0
"2025-12-29 09:00",6903.6,6920.21,6897.5,6903.78,-26.16,-0.38%,0
"2025-12-26 16:00",6929.83,6930.48,6929.83,6929.94,-0.58,-0.01%,0
"2025-12-26 15:00",6929.81,6932.85,6927.97,6930.52,0.75,+0.01%,0
"2025-12-26 14:00",6930.92,6932.91,6928.2,6929.77,-1.29,-0.02%,0
"2025-12-26 13:00",6926.27,6931.35,6921.6,6931.06,4.81,+0.07%,0
"2025-12-26 12:00",6928.46,6930.23,6922.64,6926.25,-2.31,-0.03%,0
"2025-12-26 11:00",6936.7,6938.04,6926.79,6928.56,-8.2,-0.12%,0
"2025-12-26 10:00",6935.87,6938.49,6925.4,6936.76,0.88,+0.01%,0
"2025-12-26 09:00",6936.02,6945.77,6932.43,6935.88,3.83,+0.06%,0
"2025-12-24 14:00",6932.05,6932.05,6932.05,6932.05,0,0.00%,0
"2025-12-24 13:00",6931.43,6932.13,6931.34,6932.05,0.7,+0.01%,0
"2025-12-24 12:00",6932.74,6937.32,6930.28,6931.35,-1.44,-0.02%,0
"2025-12-24 11:00",6923.54,6934.13,6922.43,6932.79,9.24,+0.13%,0
"2025-12-24 10:00",6914.69,6923.9,6914.01,6923.55,8.91,+0.13%,0
"2025-12-24 09:00",6904.91,6916.21,6904.91,6914.64,4.85,+0.07%,0
"2025-12-23 16:00",6909.42,6909.79,6909.4,6909.79,0.77,+0.01%,0
"2025-12-23 15:00",6906.87,6910.88,6904.86,6909.02,2.21,+0.03%,0
"2025-12-23 14:00",6903.92,6908.2,6903.78,6906.81,2.94,+0.04%,0
"2025-12-23 13:00",6899.21,6906.32,6898.49,6903.87,4.64,+0.07%,0
"2025-12-23 12:00",6898.37,6901.03,6896.23,6899.23,0.85,+0.01%,0
"2025-12-23 11:00",6892.2,6899.2,6891.63,6898.38,6.11,+0.09%,0
"2025-12-23 10:00",6882.21,6893.64,6872.62,6892.27,9.72,+0.14%,0
"2025-12-23 09:00",6872.41,6891.83,6868.81,6882.55,4.06,+0.06%,0
"2025-12-22 16:00",6877.4,6878.49,6877.4,6878.49,2,+0.03%,0
"2025-12-22 15:00",6876.28,6879.79,6874.91,6876.49,0.24,0.00%,0
"2025-12-22 14:00",6873.59,6878.98,6870.6,6876.25,2.76,+0.04%,0
"2025-12-22 13:00",6881.14,6881.14,6872.26,6873.49,-7.61,-0.11%,0
"2025-12-22 12:00",6877.78,6882.03,6874.17,6881.1,3.43,+0.05%,0
"2025-12-22 11:00",6864.88,6878.23,6864.88,6877.67,12.68,+0.18%,0
"2025-12-22 10:00",6868.14,6869.47,6855.74,6864.99,-3.16,-0.05%,0
"2025-12-22 09:00",6865.21,6873.89,6858.49,6868.15,33.65,+0.49%,0
"2025-12-19 16:00",6835.91,6835.91,6834.34,6834.5,-0.2,0.00%,0
"2025-12-19 15:00",6834.84,6837.48,6825.28,6834.7,-0.16,0.00%,0
"2025-12-19 14:00",6831.53,6838.89,6831.27,6834.86,3.25,+0.05%,0
"2025-12-19 13:00",6835.98,6840.02,6830.99,6831.61,-4.42,-0.06%,0
"2025-12-19 12:00",6826.25,6839.84,6826.05,6836.03,9.84,+0.14%,0
"2025-12-19 11:00",6819.08,6833.78,6815.37,6826.19,7.12,+0.10%,0
"2025-12-19 10:00",6826.8,6833.82,6813.92,6819.07,-7.96,-0.12%,0
"2025-12-19 09:00",6792.62,6827.18,6792.62,6827.03,52.27,+0.77%,0
"2025-12-18 16:00",6773.91,6774.8,6773.91,6774.76,0.41,+0.01%,0
"2025-12-18 15:00",6766.23,6794.07,6763.81,6774.35,7.94,+0.12%,0
"2025-12-18 14:00",6791.33,6791.57,6762.64,6766.41,-25.57,-0.38%,0
"2025-12-18 13:00",6792.44,6805.78,6785.67,6791.98,-0.46,-0.01%,0
"2025-12-18 12:00",6804.99,6804.99,6758.5,6792.44,-12.56,-0.18%,0
"2025-12-18 11:00",6808.78,6816.13,6802.81,6805,-3.57,-0.05%,0
"2025-12-18 10:00",6789.67,6814.93,6770.82,6808.57,19.29,+0.28%,0
"2025-12-18 09:00",6778.06,6796.4,6765.8,6789.28,67.85,+1.01%,0
"2025-12-17 16:00",6720.95,6721.75,6720.95,6721.43,-0.79,-0.01%,0
"2025-12-17 15:00",6740.05,6741.52,6720.43,6722.22,-17.91,-0.27%,0
"2025-12-17 14:00",6733.95,6741.45,6729.19,6740.13,6.18,+0.09%,0
"2025-12-17 13:00",6746.61,6757.3,6729.84,6733.95,-12.63,-0.19%,0
"2025-12-17 12:00",6750.46,6758.84,6739.49,6746.58,-4.05,-0.06%,0
"2025-12-17 11:00",6754.21,6764.7,6739.61,6750.63,-3.39,-0.05%,0
"2025-12-17 10:00",6800.17,6805.13,6748.9,6754.02,-48.07,-0.71%,0
"2025-12-17 09:00",6802.88,6812.26,6784.69,6802.09,1.83,+0.03%,0
"2025-12-16 16:00",6798.33,6800.26,6798.33,6800.26,1.75,+0.03%,0
"2025-12-16 15:00",6788.42,6814.71,6787.23,6798.51,9.98,+0.15%,0
"2025-12-16 14:00",6787.67,6794.48,6767.83,6788.53,0.83,+0.01%,0
"2025-12-16 13:00",6765.44,6794.86,6759.74,6787.7,22.19,+0.33%,0
"2025-12-16 12:00",6792.2,6797.89,6764.18,6765.51,-26.4,-0.39%,0
"2025-12-16 11:00",6799.19,6801.82,6775.16,6791.91,-7.55,-0.11%,0
"2025-12-16 10:00",6817.52,6819.27,6773.23,6799.46,-17.84,-0.26%,0
"2025-12-16 09:00",6800.12,6819.22,6785.83,6817.3,0.79,+0.01%,0
"2025-12-15 16:00",6816.11,6816.54,6816.11,6816.51,0.17,0.00%,0
"2025-12-15 15:00",6826.02,6826.46,6814.62,6816.34,-9.64,-0.14%,0
"2025-12-15 14:00",6819.77,6826.61,6813.65,6825.98,6.02,+0.09%,0
"2025-12-15 13:00",6814.25,6823.17,6804.38,6819.96,5.53,+0.08%,0
"2025-12-15 12:00",6818.1,6823.27,6803.53,6814.43,-3.57,-0.05%,0
"2025-12-15 11:00",6820.63,6839.86,6810.98,6818,-2.68,-0.04%,0
"2025-12-15 10:00",6833.16,6834.26,6801.49,6820.68,-11.68,-0.17%,0
"2025-12-15 09:00",6860.19,6861.59,6831.4,6832.36,4.95,+0.07%,0
"2025-12-12 16:00",6827.63,6827.7,6827.38,6827.41,-0.48,-0.01%,0
"2025-12-12 15:00",6829.95,6834.96,6811.3,6827.89,-2.13,-0.03%,0
"2025-12-12 14:00",6835.88,6836.77,6822.79,6830.02,-5.87,-0.09%,0
"2025-12-12 13:00",6837.04,6853.89,6834.29,6835.89,-1.11,-0.02%,0
"2025-12-12 12:00",6815.98,6842.92,6814.21,6837,21.73,+0.32%,0
"2025-12-12 11:00",6827.74,6834.69,6801.79,6815.27,-12.9,-0.19%,0
"2025-12-12 10:00",6886.13,6886.13,6824.11,6828.17,-58.42,-0.85%,0
"2025-12-12 09:00",6886.85,6899.85,6882.07,6886.59,-14.41,-0.21%,0
"2025-12-11 16:00",6902.19,6902.19,6900.99,6901,-1.1,-0.02%,0
"2025-12-11 15:00",6899.57,6902.85,6891.42,6902.1,2.23,+0.03%,0
"2025-12-11 14:00",6890.92,6903.46,6890.34,6899.87,8.94,+0.13%,0
"2025-12-11 13:00",6883.88,6897.6,6882.62,6890.93,7.02,+0.10%,0
"2025-12-11 12:00",6865.98,6891.39,6865.43,6883.91,17.96,+0.26%,0
"2025-12-11 11:00",6868.43,6880.77,6855.26,6865.95,-2.44,-0.04%,0
"2025-12-11 10:00",6837.19,6879.08,6833.45,6868.39,31.13,+0.46%,0
"2025-12-11 09:00",6861.3,6869.33,6834.49,6837.26,-49.42,-0.72%,0
"2025-12-10 17:00",6886.68,6886.68,6886.68,6886.68,0,0.00%,0
"2025-12-10 16:00",6886.26,6886.96,6886.26,6886.68,-0.27,0.00%,0
"2025-12-10 15:00",6890.29,6900.67,6882.79,6886.95,-3.23,-0.05%,0
"2025-12-10 14:00",6839.75,6891.58,6838.95,6890.18,50.45,+0.74%,0
"2025-12-10 13:00",6849.67,6851.35,6835.94,6839.73,-10.05,-0.15%,0
"2025-12-10 12:00",6847.16,6852.38,6840.45,6849.78,2.71,+0.04%,0
"2025-12-10 11:00",6833.31,6849.59,6825.83,6847.07,13.88,+0.20%,0
"2025-12-10 10:00",6841.94,6845.53,6827.78,6833.19,-9.52,-0.14%,0
"2025-12-10 09:00",6833.49,6844.2,6824.69,6842.71,2.2,+0.03%,0
"2025-12-09 16:00",6841.05,6841.05,6840.51,6840.51,0.19,0.00%,0
"2025-12-09 15:00",6847.75,6849.71,6837.43,6840.32,-7.42,-0.11%,0
"2025-12-09 14:00",6851.91,6852.5,6843.89,6847.74,-4.22,-0.06%,0
"2025-12-09 13:00",6854.14,6855.86,6845.28,6851.96,-2.22,-0.03%,0
"2025-12-09 12:00",6861.11,6864.63,6848.11,6854.18,-7.27,-0.11%,0
"2025-12-09 11:00",6856.47,6864.92,6856.17,6861.45,4.98,+0.07%,0
"2025-12-09 10:00",6856.42,6861.16,6847.5,6856.47,-0.01,0.00%,0
"2025-12-09 09:00",6840.61,6856.92,6840.17,6856.48,9.97,+0.15%,0
"2025-12-08 16:00",6847.67,6847.67,6846.51,6846.51,-1.33,-0.02%,0
"2025-12-08 15:00",6834.34,6847.96,6831.85,6847.84,13.57,+0.20%,0
"2025-12-08 14:00",6832.28,6839.56,6827.6,6834.27,1.97,+0.03%,0
"2025-12-08 13:00",6852.79,6856.04,6827.19,6832.3,-20.54,-0.30%,0
"2025-12-08 12:00",6845.45,6854.7,6833.87,6852.84,7.42,+0.11%,0
"2025-12-08 11:00",6847.99,6852.73,6841.14,6845.42,-2.52,-0.04%,0
"2025-12-08 10:00",6866.69,6870.05,6846.85,6847.94,-18.82,-0.27%,0
"2025-12-08 09:00",6875.2,6878.27,6861.21,6866.76,-3.64,-0.05%,0
"2025-12-05 16:00",6869.45,6870.4,6869.45,6870.4,1.33,+0.02%,0
"2025-12-05 15:00",6874.24,6874.95,6858.29,6869.07,-5.18,-0.08%,0
"2025-12-05 14:00",6873.72,6875.84,6867.84,6874.25,0.64,+0.01%,0
"2025-12-05 13:00",6874.48,6881.29,6867.5,6873.61,-0.93,-0.01%,0
"2025-12-05 12:00",6872.41,6875.95,6858.31,6874.54,2.12,+0.03%,0
"2025-12-05 11:00",6878.78,6882.85,6862.89,6872.42,-6.54,-0.10%,0
"2025-12-05 10:00",6882.61,6895.78,6875.03,6878.96,-2.46,-0.04%,0
"2025-12-05 09:00",6866.32,6883.31,6866.32,6881.42,24.3,+0.35%,0
"2025-12-04 16:00",6857.54,6857.54,6856.92,6857.12,-0.84,-0.01%,0
"2025-12-04 15:00",6845.33,6857.96,6836.44,6857.96,12.61,+0.18%,0
"2025-12-04 14:00",6853.95,6854.93,6827.12,6845.35,-8.66,-0.13%,0
"2025-12-04 13:00",6855.87,6860.39,6848.09,6854.01,-1.86,-0.03%,0
"2025-12-04 12:00",6856.82,6858.85,6847.09,6855.87,-1.37,-0.02%,0
"2025-12-04 11:00",6846.26,6858.68,6835.34,6857.24,10.71,+0.16%,0
"2025-12-04 10:00",6842.92,6858.55,6835.17,6846.53,3.25,+0.05%,0
"2025-12-04 09:00",6866.47,6866.47,6840.27,6843.28,-6.44,-0.09%,0
"2025-12-03 16:00",6850.64,6850.64,6849.72,6849.72,-0.79,-0.01%,0
"2025-12-03 15:00",6859.83,6862.42,6848.85,6850.51,-9.31,-0.14%,0
"2025-12-03 14:00",6852.48,6860.88,6851.88,6859.82,7.24,+0.11%,0
"2025-12-03 13:00",6852.14,6858.03,6848.28,6852.58,0.39,+0.01%,0
"2025-12-03 12:00",6835.51,6853.92,6834.38,6852.19,16.65,+0.24%,0
"2025-12-03 11:00",6836.94,6848.48,6829.88,6835.54,-1.26,-0.02%,0
"2025-12-03 10:00",6823.19,6842.95,6822,6836.8,14.3,+0.21%,0
"2025-12-03 09:00",6815.29,6828.76,6810.43,6822.5,-6.87,-0.10%,0
"2025-12-02 16:00",6828.68,6829.38,6828.68,6829.37,1.54,+0.02%,0
"2025-12-02 15:00",6837.37,6841.97,6827.83,6827.83,-9.54,-0.14%,0
"2025-12-02 14:00",6824.8,6839.22,6821.35,6837.37,12.58,+0.18%,0
"2025-12-02 13:00",6815.2,6829.3,6813.54,6824.79,9.44,+0.14%,0
"2025-12-02 12:00",6819.26,6841.75,6815.35,6815.35,-4.04,-0.06%,0
"2025-12-02 11:00",6848.46,6851.55,6806.71,6819.39,-29.21,-0.43%,0
"2025-12-02 10:00",6837.58,6850.57,6822.86,6848.6,10.7,+0.16%,0
"2025-12-02 09:00",6830.96,6843.76,6829.5,6837.9,25.27,+0.37%,0
"2025-12-01 16:00",6815.09,6815.09,6812.63,6812.63,-2.02,-0.03%,0
"2025-12-01 15:00",6815.41,6823.94,6807.02,6814.65,-0.76,-0.01%,0
"2025-12-01 14:00",6842.53,6842.53,6812.32,6815.41,-27.1,-0.40%,0
"2025-12-01 13:00",6833.99,6843.65,6833.76,6842.51,8.53,+0.12%,0
"2025-12-01 12:00",6833.01,6841.78,6827.01,6833.98,0.98,+0.01%,0
"2025-12-01 11:00",6830.33,6837.94,6815.37,6833,2.57,+0.04%,0
"2025-12-01 10:00",6828.89,6832.21,6802.22,6830.43,2.24,+0.03%,0
"2025-12-01 09:00",6812.3,6832.07,6799.94,6828.19,-20.9,-0.31%,0
"2025-11-28 14:00",6849.09,6849.09,6849.09,6849.09,0,0.00%,0
"2025-11-28 13:00",6848.62,6849.09,6848.52,6849.09,0.61,+0.01%,0
"2025-11-28 12:00",6842.43,6850.86,6833.4,6848.48,5.99,+0.09%,0
"2025-11-28 11:00",6839.69,6844.53,6831.61,6842.49,2.74,+0.04%,0
"2025-11-28 10:00",6826.15,6840.96,6824.4,6839.75,13.72,+0.20%,0
"2025-11-28 09:00",6822.52,6833.07,6819.75,6826.03,13.42,+0.20%,0
"2025-11-26 17:00",6812.61,6812.61,6812.61,6812.61,0,0.00%,0
"2025-11-26 16:00",6811.6,6812.63,6811.6,6812.61,0.85,+0.01%,0
"2025-11-26 15:00",6823.22,6830.41,6811.76,6811.76,-11.32,-0.17%,0
"2025-11-26 14:00",6818.34,6828.54,6816.28,6823.08,4.71,+0.07%,0
"2025-11-26 13:00",6825.59,6830.04,6810.92,6818.37,-7.29,-0.11%,0
"2025-11-26 12:00",6828.1,6830.69,6819.24,6825.66,-2.42,-0.04%,0
"2025-11-26 11:00",6809.86,6831.44,6809.66,6828.08,18.06,+0.27%,0
"2025-11-26 10:00",6789.67,6810.54,6783.87,6810.02,22.72,+0.33%,0
"2025-11-26 09:00",6793.55,6810.29,6786.26,6787.3,21.42,+0.32%,0
"2025-11-25 16:00",6765.43,6765.89,6765.43,6765.88,-0.22,0.00%,0
"2025-11-25 15:00",6754.29,6776.4,6754.29,6766.1,11.83,+0.18%,0
"2025-11-25 14:00",6753.16,6756.15,6738.73,6754.27,0.96,+0.01%,0
"2025-11-25 13:00",6747.42,6758.38,6746.83,6753.31,5.88,+0.09%,0
"2025-11-25 12:00",6732.06,6758.48,6732.05,6747.43,15.3,+0.23%,0
"2025-11-25 11:00",6712,6734.36,6703.72,6732.13,20.09,+0.30%,0
"2025-11-25 10:00",6704.6,6724.91,6674.3,6712.04,7.54,+0.11%,0
"2025-11-25 09:00",6697.03,6714.72,6659.98,6704.5,-0.62,-0.01%,0
"2025-11-24 16:00",6704.1,6705.12,6703.99,6705.12,0.45,+0.01%,0
"2025-11-24 15:00",6697.47,6715.75,6697.47,6704.67,7.22,+0.11%,0
"2025-11-24 14:00",6707.24,6712.77,6693.57,6697.45,-9.89,-0.15%,0
"2025-11-24 13:00",6705.61,6712.42,6702.96,6707.34,1.74,+0.03%,0
"2025-11-24 12:00",6689.13,6708.5,6684.36,6705.6,16.51,+0.25%,0
"2025-11-24 11:00",6680.28,6699.08,6680.28,6689.09,8.76,+0.13%,0
"2025-11-24 10:00",6656.97,6686.86,6654.73,6680.33,27.23,+0.41%,0
"2025-11-24 09:00",6636.54,6670.99,6630.7,6653.1,50.11,+0.76%,0
"2025-11-21 16:00",6603.65,6603.65,6602.96,6602.99,-0.81,-0.01%,0
"2025-11-21 15:00",6632.2,6636.13,6596.99,6603.8,-28.38,-0.43%,0
"2025-11-21 14:00",6637.06,6660.05,6625.2,6632.18,-5.19,-0.08%,0
"2025-11-21 13:00",6615.91,6654.63,6583.68,6637.37,21.67,+0.33%,0
"2025-11-21 12:00",6621.17,6629.22,6609.08,6615.7,-5.38,-0.08%,0
"2025-11-21 11:00",6541.92,6621.77,6525.07,6621.08,79.34,+1.21%,0
"2025-11-21 10:00",6559.33,6572.52,6521.92,6541.74,-17.32,-0.26%,0
"2025-11-21 09:00",6555.77,6578.52,6545.3,6559.06,20.3,+0.31%,0
"2025-11-20 17:00",6538.76,6538.76,6538.76,6538.76,0,0.00%,0
"2025-11-20 16:00",6540.18,6540.18,6538.76,6538.76,-0.42,-0.01%,0
"2025-11-20 15:00",6595.87,6595.87,6534.05,6539.18,-56.62,-0.86%,0
"2025-11-20 14:00",6565.22,6596.3,6553.36,6595.8,30.65,+0.47%,0
"2025-11-20 13:00",6586.96,6633.7,6555.96,6565.15,-21.85,-0.33%,0
"2025-11-20 12:00",6616.76,6637.55,6569.21,6587,-30.02,-0.45%,0
"2025-11-20 11:00",6743.13,6743.13,6609.81,6617.02,-126.12,-1.87%,0
"2025-11-20 10:00",6765.72,6770.35,6742.81,6743.14,-20.4,-0.30%,0
"2025-11-20 09:00",6737.93,6765.55,6737.93,6763.54,121.38,+1.83%,0
"2025-11-19 16:00",6642.69,6642.69,6642.04,6642.16,-0.77,-0.01%,0
"2025-11-19 15:00",6628.07,6663.29,6626.56,6642.93,14.88,+0.22%,0
"2025-11-19 14:00",6640.85,6642.41,6609.28,6628.05,-12.49,-0.19%,0
"2025-11-19 13:00",6628.99,6648.97,6624.01,6640.54,11.42,+0.17%,0
"2025-11-19 12:00",6640.69,6644.87,6603.5,6629.12,-11.84,-0.18%,0
"2025-11-19 11:00",6645.33,6650.35,6624.19,6640.96,-4.51,-0.07%,0
"2025-11-19 10:00",6673.97,6689.75,6642.16,6645.47,-28.23,-0.42%,0
"2025-11-19 09:00",6625.84,6674.96,6618.48,6673.7,56.38,+0.85%,0
"2025-11-18 16:00",6616.87,6617.59,6616.87,6617.32,0.38,+0.01%,0
"2025-11-18 15:00",6660.3,6664.98,6616.94,6616.94,-43.27,-0.65%,0
"2025-11-18 14:00",6646.57,6665.01,6641.25,6660.21,13.66,+0.21%,0
"2025-11-18 13:00",6653.36,6666.63,6643.9,6646.55,-6.55,-0.10%,0
"2025-11-18 12:00",6628.01,6659.64,6595.67,6653.1,24.85,+0.37%,0
"2025-11-18 11:00",6587.84,6639.5,6574.32,6628.25,40.49,+0.61%,0
"2025-11-18 10:00",6601.17,6618.24,6583.84,6587.76,-13.64,-0.21%,0
"2025-11-18 09:00",6641.19,6656.69,6600.87,6601.4,-71.01,-1.06%,0
"2025-11-17 17:00",6672.41,6672.41,6672.41,6672.41,0,0.00%,0
"2025-11-17 16:00",6673.54,6673.54,6672.39,6672.41,-0.5,-0.01%,0
"2025-11-17 15:00",6644.31,6673.75,6638.9,6672.91,28.71,+0.43%,0
"2025-11-17 14:00",6682.54,6684.76,6644.2,6644.2,-38.39,-0.57%,0
"2025-11-17 13:00",6708.95,6715.04,6682.02,6682.59,-26.24,-0.39%,0
"2025-11-17 12:00",6746.1,6746.38,6708.82,6708.83,-37.06,-0.55%,0
"2025-11-17 11:00",6723.61,6746.67,6695.26,6745.89,22.6,+0.34%,0
"2025-11-17 10:00",6745.04,6747.99,6719.13,6723.29,-20.29,-0.30%,0
"2025-11-17 09:00",6713.61,6754.5,6704.59,6743.58,9.47,+0.14%,0
"2025-11-14 16:00",6735.37,6735.37,6734.11,6734.11,-0.99,-0.01%,0
"2025-11-14 15:00",6764.32,6768.62,6729.17,6735.1,-29.26,-0.43%,0
"2025-11-14 14:00",6750.1,6766.57,6741.02,6764.36,14.26,+0.21%,0
"2025-11-14 13:00",6758.25,6760.92,6732.99,6750.1,-8.07,-0.12%,0
"2025-11-14 12:00",6764.93,6774.31,6749.41,6758.17,-6.64,-0.10%,0
"2025-11-14 11:00",6739.67,6767.78,6726.8,6764.81,25.27,+0.37%,0
"2025-11-14 10:00",6703.83,6746.04,6687.29,6739.54,35.2,+0.53%,0
"2025-11-14 09:00",6672.14,6705.33,6646.87,6704.34,-33.15,-0.49%,0
"2025-11-13 16:00",6738.73,6738.73,6737.49,6737.49,-1.03,-0.02%,0
"2025-11-13 15:00",6735.97,6749.07,6724.72,6738.52,2.41,+0.04%,0
"2025-11-13 14:00",6745.08,6755.07,6724.81,6736.11,-8.78,-0.13%,0
"2025-11-13 13:00",6760.12,6765.98,6733.8,6744.89,-15.13,-0.22%,0
"2025-11-13 12:00",6770.75,6783.33,6758.41,6760.02,-10.88,-0.16%,0
"2025-11-13 11:00",6783.45,6786.33,6761.27,6770.9,-12.6,-0.19%,0
"2025-11-13 10:00",6807.08,6828.05,6772.38,6783.5,-23.4,-0.34%,0
"2025-11-13 09:00",6826.47,6826.47,6794.91,6806.9,-44.02,-0.64%,0
"2025-11-12 16:00",6852.03,6852.03,6850.91,6850.92,-1.08,-0.02%,0
"2025-11-12 15:00",6847.62,6859.82,6840.71,6852,4.44,+0.06%,0
"2025-11-12 14:00",6856.23,6857.5,6842.67,6847.56,-8.61,-0.13%,0
"2025-11-12 13:00",6856.11,6861.2,6850.33,6856.17,0.1,0.00%,0
"2025-11-12 12:00",6837.23,6858.66,6835.53,6856.07,18.81,+0.28%,0
"2025-11-12 11:00",6843.16,6849.2,6829.62,6837.26,-5.78,-0.08%,0
"2025-11-12 10:00",6857.53,6862.01,6837.12,6843.04,-13.92,-0.20%,0
"2025-11-12 09:00",6867.77,6869.91,6850.82,6856.96,10.35,+0.15%,0
"2025-11-11 16:00",6847.55,6847.55,6846.61,6846.61,-1.48,-0.02%,0
"2025-11-11 15:00",6850.73,6855.13,6842.38,6848.09,-2.69,-0.04%,0
"2025-11-11 14:00",6851.99,6853.7,6844.73,6850.78,-1.29,-0.02%,0
"2025-11-11 13:00",6840.27,6853,6840.26,6852.07,11.68,+0.17%,0
"2025-11-11 12:00",6817.07,6841.72,6816.73,6840.39,23.29,+0.34%,0
"2025-11-11 11:00",6810.73,6827.1,6807.72,6817.1,6.35,+0.09%,0
"2025-11-11 10:00",6827.31,6827.31,6806.87,6810.75,-16.46,-0.24%,0
"2025-11-11 09:00",6815.64,6828.65,6813.85,6827.21,-5.22,-0.08%,0
"2025-11-10 16:00",6832.28,6832.71,6832.28,6832.43,0.61,+0.01%,0
"2025-11-10 15:00",6832.23,6841.32,6830.35,6831.82,-0.24,0.00%,0
"2025-11-10 14:00",6818.01,6835.91,6817.88,6832.06,14.03,+0.21%,0
"2025-11-10 13:00",6814.07,6824.91,6813.65,6818.03,4.01,+0.06%,0
"2025-11-10 12:00",6786.24,6816.76,6784.53,6814.02,27.73,+0.41%,0
"2025-11-10 11:00",6782.76,6787.97,6770.56,6786.29,3.46,+0.05%,0
"2025-11-10 10:00",6805.52,6812.35,6782.08,6782.83,-23.53,-0.35%,0
"2025-11-10 09:00",6785.36,6812.79,6785.36,6806.36,77.56,+1.15%,0
"2025-11-07 16:00",6729.2,6729.2,6728.8,6728.8,-0.22,0.00%,0
"2025-11-07 15:00",6719.85,6730.11,6699.27,6729.02,9.27,+0.14%,0
"2025-11-07 14:00",6675.9,6720.02,6672.37,6719.75,43.77,+0.66%,0
"2025-11-07 13:00",6659.25,6680.61,6656.38,6675.98,16.53,+0.25%,0
"2025-11-07 12:00",6639.17,6661.97,6631.44,6659.45,20.15,+0.30%,0
"2025-11-07 11:00",6652.56,6659.11,6633.1,6639.3,-13.56,-0.20%,0
"2025-11-07 10:00",6683.29,6691.05,6652.86,6652.86,-28.5,-0.43%,0
"2025-11-07 09:00",6696.18,6696.18,6661.98,6681.36,-38.96,-0.58%,0
"2025-11-06 16:00",6721.11,6721.21,6720.32,6720.32,-1.4,-0.02%,0
"2025-11-06 15:00",6750.72,6753.8,6715.98,6721.72,-28.74,-0.43%,0
"2025-11-06 14:00",6735.2,6757.63,6733.95,6750.46,15.26,+0.23%,0
"2025-11-06 13:00",6731.84,6741.91,6712.43,6735.2,3.44,+0.05%,0
"2025-11-06 12:00",6712.32,6736.29,6707.51,6731.76,19.44,+0.29%,0
"2025-11-06 11:00",6729.04,6740.33,6710.34,6712.32,-16.7,-0.25%,0
"2025-11-06 10:00",6761.92,6774.68,6727.43,6729.02,-32.68,-0.48%,0
"2025-11-06 09:00",6787.59,6796.68,6761.34,6761.7,-34.59,-0.51%,0
"2025-11-05 16:00",6795.94,6796.63,6795.94,6796.29,0.34,+0.01%,0
"2025-11-05 15:00",6823.4,6826.33,6794.94,6795.95,-27.6,-0.40%,0
"2025-11-05 14:00",6827.71,6827.71,6818.5,6823.55,-4.2,-0.06%,0
"2025-11-05 13:00",6823.38,6829.78,6821.56,6827.75,4.41,+0.06%,0
"2025-11-05 12:00",6815.25,6829.42,6811.23,6823.34,8.19,+0.12%,0
"2025-11-05 11:00",6799.38,6818.48,6788.64,6815.15,15.7,+0.23%,0
"2025-11-05 10:00",6793.83,6803.78,6783.8,6799.45,5.94,+0.09%,0
"2025-11-05 09:00",6769.77,6797.05,6763.11,6793.51,21.96,+0.32%,0
"2025-11-04 16:00",6772.23,6772.23,6771.54,6771.55,-0.85,-0.01%,0
"2025-11-04 15:00",6772.38,6785.97,6766.97,6772.4,0.16,0.00%,0
"2025-11-04 14:00",6781.94,6786.74,6766.76,6772.24,-9.92,-0.15%,0
"2025-11-04 13:00",6780.78,6784.51,6767.56,6782.16,1.41,+0.02%,0
"2025-11-04 12:00",6802.48,6802.67,6777.86,6780.75,-21.76,-0.32%,0
"2025-11-04 11:00",6802.23,6808.8,6795.56,6802.51,0.31,0.00%,0
"2025-11-04 10:00",6808.96,6820.21,6797.61,6802.2,-7.11,-0.10%,0
"2025-11-04 09:00",6788.52,6809.61,6766.71,6809.31,-42.66,-0.62%,0
"2025-11-03 16:00",6853.45,6853.45,6851.97,6851.97,-0.06,0.00%,0
"2025-11-03 15:00",6855.61,6857.44,6845.63,6852.03,-3.62,-0.05%,0
"2025-11-03 14:00",6856.8,6859.49,6847.53,6855.65,-1.14,-0.02%,0
"2025-11-03 13:00",6859.98,6863.36,6855.64,6856.79,-3.12,-0.05%,0
"2025-11-03 12:00",6856.04,6860.89,6845.73,6859.91,3.78,+0.06%,0
"2025-11-03 11:00",6845.09,6857.18,6840.18,6856.13,11.1,+0.16%,0
"2025-11-03 10:00",6846.3,6851.08,6820.62,6845.03,-1.52,-0.02%,0
"2025-11-03 09:00",6882.32,6882.32,6843.28,6846.55,6.35,+0.09%,0
"2025-10-31 16:00",6839.87,6840.46,6839.87,6840.2,-0.03,0.00%,0
"2025-10-31 15:00",6847.46,6869.01,6840.23,6840.23,-7.17,-0.10%,0
"2025-10-31 14:00",6829.7,6848.53,6829.43,6847.4,17.77,+0.26%,0
"2025-10-31 13:00",6824.98,6835.88,6814.26,6829.63,4.62,+0.07%,0
"2025-10-31 12:00",6843.36,6845.83,6822.64,6825.01,-18.82,-0.27%,0
"2025-10-31 11:00",6865.84,6868.25,6843.39,6843.83,-21.95,-0.32%,0
"2025-10-31 10:00",6855.06,6868.8,6844.29,6865.78,10.82,+0.16%,0
"2025-10-31 09:00",6879.17,6879.17,6850.15,6854.96,32.62,+0.48%,0
"2025-10-30 16:00",6821.76,6822.36,6821.76,6822.34,-0.09,0.00%,0
"2025-10-30 15:00",6846.39,6846.57,6820.69,6822.43,-24.33,-0.36%,0
"2025-10-30 14:00",6865.79,6865.82,6844.1,6846.76,-19.02,-0.28%,0
"2025-10-30 13:00",6866.91,6868.63,6853.29,6865.78,-0.99,-0.01%,0
"2025-10-30 12:00",6855.66,6873.94,6854.79,6866.77,11.37,+0.17%,0
"2025-10-30 11:00",6865.6,6876.86,6852.38,6855.4,-10.35,-0.15%,0
"2025-10-30 10:00",6871.89,6880.75,6855.26,6865.75,-6.19,-0.09%,0
"2025-10-30 09:00",6860.5,6879.11,6834.93,6871.94,-18.65,-0.27%,0
"2025-10-29 17:00",6890.59,6890.59,6890.59,6890.59,0,0.00%,0
"2025-10-29 16:00",6893.77,6893.77,6890.59,6890.59,-1.58,-0.02%,0
"2025-10-29 15:00",6882.53,6894.84,6863.6,6892.17,9.09,+0.13%,0
"2025-10-29 14:00",6903.62,6910.88,6851.91,6883.08,-20.46,-0.30%,0
"2025-10-29 13:00",6908.61,6910.86,6899.52,6903.54,-4.94,-0.07%,0
"2025-10-29 12:00",6903.65,6910.87,6898.4,6908.48,4.79,+0.07%,0
"2025-10-29 11:00",6906.4,6910.91,6901.28,6903.69,-2.91,-0.04%,0
"2025-10-29 10:00",6919.75,6920.34,6901.37,6906.6,-12.89,-0.19%,0
"2025-10-29 09:00",6910.95,6920.21,6905.35,6919.49,28.6,+0.42%,0
"2025-10-28 17:00",6890.89,6890.89,6890.89,6890.89,0,0.00%,0
"2025-10-28 16:00",6891.16,6891.34,6890.88,6890.89,0,0.00%,0
"2025-10-28 15:00",6904.38,6911.3,6890.89,6890.89,-13.48,-0.20%,0
"2025-10-28 14:00",6898.31,6906.89,6897.64,6904.37,6.06,+0.09%,0
"2025-10-28 13:00",6891.12,6899.92,6890.93,6898.31,7.23,+0.10%,0
"2025-10-28 12:00",6878.18,6895.34,6878.18,6891.08,12.87,+0.19%,0
"2025-10-28 11:00",6879.83,6884.28,6870.73,6878.21,-1.89,-0.03%,0
"2025-10-28 10:00",6878.74,6886.39,6877.52,6880.1,1.32,+0.02%,0
"2025-10-28 09:00",6897.74,6897.74,6873.86,6878.78,3.62,+0.05%,0
"2025-10-27 16:00",6874.63,6875.17,6874.63,6875.16,0.66,+0.01%,0
"2025-10-27 15:00",6863.97,6877.28,6862.2,6874.5,10.55,+0.15%,0
"2025-10-27 14:00",6861.67,6865.26,6859.92,6863.95,2.25,+0.03%,0
"2025-10-27 13:00",6860.15,6862.32,6853.83,6861.7,1.7,+0.02%,0
"2025-10-27 12:00",6856.76,6861.36,6856.21,6860,3.4,+0.05%,0
"2025-10-27 11:00",6849.57,6858.6,6848.52,6856.6,7,+0.10%,0
"2025-10-27 10:00",6854.11,6859.13,6847.06,6849.6,-4.6,-0.07%,0
"2025-10-27 09:00",6845.46,6856.3,6843.94,6854.2,62.51,+0.92%,0
"2025-10-24 16:00",6791.67,6792.21,6791.67,6791.69,0.55,+0.01%,0
"2025-10-24 15:00",6804.06,6807.11,6789.33,6791.14,-12.88,-0.19%,0
"2025-10-24 14:00",6802.75,6805.36,6800.18,6804.02,1.31,+0.02%,0
"2025-10-24 13:00",6802.05,6806.09,6798.73,6802.71,0.71,+0.01%,0
"2025-10-24 12:00",6801.83,6806.42,6794.56,6802,0.25,0.00%,0
"2025-10-24 11:00",6789.31,6806.26,6787.86,6801.75,12.57,+0.19%,0
"2025-10-24 10:00",6795.52,6801.21,6782.28,6789.18,-6.56,-0.10%,0
"2025-10-24 09:00",6772.07,6799.79,6772.07,6795.74,57.3,+0.85%,0
"2025-10-23 16:00",6738.58,6738.58,6738.35,6738.44,0.27,0.00%,0
"2025-10-23 15:00",6747.98,6749.53,6735.34,6738.17,-9.89,-0.15%,0
"2025-10-23 14:00",6746.52,6749.36,6741.1,6748.06,1.57,+0.02%,0
"2025-10-23 13:00",6736.54,6747.06,6726.95,6746.49,10.19,+0.15%,0
"2025-10-23 12:00",6724.94,6737.11,6723.96,6736.3,11.35,+0.17%,0
"2025-10-23 11:00",6724.13,6728.84,6710.18,6724.95,0.77,+0.01%,0
"2025-10-23 10:00",6722.12,6726.05,6702.65,6724.18,2.24,+0.03%,0
"2025-10-23 09:00",6703.65,6729.75,6700.14,6721.94,22.54,+0.34%,0
"2025-10-22 16:00",6699.46,6699.56,6699.4,6699.4,-0.38,-0.01%,0
"2025-10-22 15:00",6687.07,6705.25,6678.48,6699.78,12.69,+0.19%,0
"2025-10-22 14:00",6668.43,6687.48,6660.33,6687.09,18.78,+0.28%,0
"2025-10-22 13:00",6695.23,6697.27,6655.69,6668.31,-26.68,-0.40%,0
"2025-10-22 12:00",6712.27,6713.44,6662.73,6694.99,-17.13,-0.26%,0
"2025-10-22 11:00",6722.96,6725.93,6695.9,6712.12,-10.8,-0.16%,0
"2025-10-22 10:00",6733.42,6738.04,6702.5,6722.92,-10.85,-0.16%,0
"2025-10-22 09:00",6741.34,6741.75,6726.84,6733.77,-1.58,-0.02%,0
"2025-10-21 16:00",6734.79,6735.35,6734.79,6735.35,0.59,+0.01%,0
"2025-10-21 15:00",6742.31,6745.69,6734.64,6734.76,-7.65,-0.11%,0
"2025-10-21 14:00",6744.53,6747.2,6740.46,6742.41,-2.15,-0.03%,0
"2025-10-21 13:00",6737.62,6744.94,6730.08,6744.56,6.96,+0.10%,0
"2025-10-21 12:00",6744.98,6752.16,6736.22,6737.6,-7.35,-0.11%,0
"2025-10-21 11:00",6748.41,6749.91,6736.57,6744.95,-3.53,-0.05%,0
"2025-10-21 10:00",6727.98,6748.68,6722.03,6748.48,20.34,+0.30%,0
"2025-10-21 09:00",6736.75,6741.27,6724.43,6728.14,-6.99,-0.10%,0
"2025-10-20 16:00",6735.02,6735.17,6735.02,6735.13,0.36,+0.01%,0
"2025-10-20 15:00",6738.95,6742.48,6734.3,6734.77,-4.22,-0.06%,0
"2025-10-20 14:00",6739.98,6744.35,6734.48,6738.99,-0.93,-0.01%,0
"2025-10-20 13:00",6732.51,6743.09,6732.3,6739.92,7.32,+0.11%,0
"2025-10-20 12:00",6727.79,6732.74,6724.23,6732.6,5.14,+0.08%,0
"2025-10-20 11:00",6734.15,6734.99,6724.44,6727.46,-6.75,-0.10%,0
"2025-10-20 10:00",6710.07,6736.23,6710.07,6734.21,24.96,+0.37%,0
"2025-10-20 09:00",6690.05,6716.64,6690.05,6709.25,45.24,+0.68%,0
"2025-10-17 16:00",6663.73,6664.03,6663.73,6664.01,1.1,+0.02%,0
"2025-10-17 15:00",6665.73,6678.88,6662.44,6662.91,-2.79,-0.04%,0
"2025-10-17 14:00",6650.2,6672.42,6650.2,6665.7,15.47,+0.23%,0
"2025-10-17 13:00",6642.24,6651.75,6628.36,6650.23,7.92,+0.12%,0
"2025-10-17 12:00",6638.69,6657.61,6635.35,6642.31,3.62,+0.05%,0
"2025-10-17 11:00",6617.13,6643.53,6603.81,6638.69,21.53,+0.33%,0
"2025-10-17 10:00",6628.33,6658.05,6615.42,6617.16,-12.14,-0.18%,0
"2025-10-17 09:00",6613.27,6646.45,6603.76,6629.3,0.23,0.00%,0
"2025-10-16 16:00",6628.73,6629.08,6628.73,6629.07,0.07,0.00%,0
"2025-10-16 15:00",6626.93,6633.86,6602.67,6629,2.09,+0.03%,0
"2025-10-16 14:00",6639.94,6640.77,6593.99,6626.91,-12.9,-0.19%,0
"2025-10-16 13:00",6656.05,6664.09,6633.98,6639.81,-16.25,-0.24%,0
"2025-10-16 12:00",6666.97,6672.72,6616.47,6656.06,-10.75,-0.16%,0
"2025-10-16 11:00",6693.57,6702.59,6662.34,6666.81,-26.64,-0.40%,0
"2025-10-16 10:00",6688.12,6709.34,6677.59,6693.45,3.3,+0.05%,0
"2025-10-16 09:00",6689.02,6703.15,6683.7,6690.15,19.09,+0.29%,0
"2025-10-15 16:00",6672.59,6672.59,6671.04,6671.06,-0.44,-0.01%,0
"2025-10-15 15:00",6679.73,6680.32,6654.7,6671.5,-8.23,-0.12%,0
"2025-10-15 14:00",6665.75,6680.62,6657.11,6679.73,13.98,+0.21%,0
"2025-10-15 13:00",6663.4,6666.9,6612.11,6665.75,2.28,+0.03%,0
"2025-10-15 12:00",6674.49,6686.17,6662.2,6663.47,-11.05,-0.17%,0
"2025-10-15 11:00",6712.3,6714.12,6661.6,6674.52,-37.77,-0.56%,0
"2025-10-15 10:00",6705.37,6724.12,6705.37,6712.29,6.46,+0.10%,0
"2025-10-15 09:00",6688.27,6707.94,6683.95,6705.83,61.52,+0.93%,0
"2025-10-14 17:00",6644.31,6644.31,6644.31,6644.31,0,0.00%,0
"2025-10-14 16:00",6644.47,6644.47,6644.31,6644.31,0.4,+0.01%,0
"2025-10-14 15:00",6671.62,6676.26,6626.41,6643.91,-27.7,-0.42%,0
"2025-10-14 14:00",6673.83,6676.24,6667.85,6671.61,-2.22,-0.03%,0
"2025-10-14 13:00",6666.64,6680.7,6659.89,6673.83,7.21,+0.11%,0
"2025-10-14 12:00",6646.51,6678.44,6637.64,6666.62,20.1,+0.30%,0
"2025-10-14 11:00",6620.01,6652.63,6618.42,6646.52,26.52,+0.40%,0
"2025-10-14 10:00",6590.29,6625.2,6588.42,6620,29.18,+0.44%,0
"2025-10-14 09:00",6602.49,6602.49,6555.07,6590.82,-63.9,-0.96%,0
"2025-10-13 16:00",6653.89,6654.72,6653.89,6654.72,0.81,+0.01%,0
"2025-10-13 15:00",6643.5,6659.31,6640.27,6653.91,10.47,+0.16%,0
"2025-10-13 14:00",6655.5,6665.79,6641.92,6643.44,-11.9,-0.18%,0
"2025-10-13 13:00",6665.42,6668.68,6647.09,6655.34,-10.07,-0.15%,0
"2025-10-13 12:00",6652.86,6666.14,6650.26,6665.41,12.58,+0.19%,0
"2025-10-13 11:00",6625.09,6654.09,6621.17,6652.83,27.76,+0.42%,0
"2025-10-13 10:00",6651.42,6654.88,6622.49,6625.07,-26.61,-0.40%,0
"2025-10-13 09:00",6622.53,6652.54,6620.71,6651.68,99.17,+1.51%,0
"2025-10-10 17:00",6552.51,6552.51,6552.51,6552.51,0,0.00%,0
"2025-10-10 16:00",6552.6,6552.77,6552.5,6552.51,-0.29,0.00%,0
"2025-10-10 15:00",6594.57,6603.96,6550.78,6552.8,-41.69,-0.63%,0
"2025-10-10 14:00",6618.3,6623.11,6590.79,6594.49,-23.86,-0.36%,0
"2025-10-10 13:00",6613.68,6630.91,6600.37,6618.35,4.5,+0.07%,0
"2025-10-10 12:00",6640.67,6648.8,6611.51,6613.85,-26.89,-0.40%,0
"2025-10-10 11:00",6713.45,6713.45,6618.1,6640.74,-72.12,-1.07%,0
"2025-10-10 10:00",6752.15,6755.06,6702.26,6712.86,-40.82,-0.60%,0
"2025-10-10 09:00",6740.49,6762.4,6740.49,6753.68,18.57,+0.28%,0
"2025-10-09 16:00",6735.22,6735.22,6735.1,6735.11,0.2,0.00%,0
"2025-10-09 15:00",6723.11,6736.45,6722.22,6734.91,11.79,+0.18%,0
"2025-10-09 14:00",6726.16,6727.22,6717.59,6723.12,-3.11,-0.05%,0
"2025-10-09 13:00",6721.49,6727.34,6716.17,6726.23,4.79,+0.07%,0
"2025-10-09 12:00",6737.37,6739.78,6720.41,6721.44,-15.99,-0.24%,0
"2025-10-09 11:00",6737.16,6742.64,6724.47,6737.43,0.4,+0.01%,0
"2025-10-09 10:00",6742.29,6745.87,6723.74,6737.03,-6.25,-0.09%,0
"2025-10-09 09:00",6760.5,6764.58,6739.38,6743.28,-10.44,-0.15%,0
"2025-10-08 16:00",6754.09,6754.17,6753.72,6753.72,0.14,0.00%,0
"2025-10-08 15:00",6746.39,6755.64,6745.56,6753.58,7.03,+0.10%,0
"2025-10-08 14:00",6750.98,6755.31,6745.77,6746.55,-4.48,-0.07%,0
"2025-10-08 13:00",6750.98,6754.22,6748.8,6751.03,0.06,0.00%,0
"2025-10-08 12:00",6752.29,6754.91,6746.35,6750.97,-1.14,-0.02%,0
"2025-10-08 11:00",6741.45,6754.01,6741.05,6752.11,10.7,+0.16%,0
"2025-10-08 10:00",6726.55,6745.43,6726.3,6741.41,14.87,+0.22%,0
"2025-10-08 09:00",6723.87,6730.16,6718.09,6726.54,11.95,+0.18%,0
"2025-10-07 16:00",6714.23,6714.65,6714.23,6714.59,0.31,0.00%,0
"2025-10-07 15:00",6714.4,6717.55,6709.1,6714.28,-0.07,0.00%,0
"2025-10-07 14:00",6707.21,6714.54,6702.18,6714.35,7.16,+0.11%,0
"2025-10-07 13:00",6707.23,6717.38,6706.18,6707.19,-0.03,0.00%,0
"2025-10-07 12:00",6706.25,6719.21,6700.43,6707.22,1.12,+0.02%,0
"2025-10-07 11:00",6732.71,6733.83,6699.96,6706.1,-26.58,-0.39%,0
"2025-10-07 10:00",6745.76,6747.28,6729.87,6732.68,-12.56,-0.19%,0
"2025-10-07 09:00",6746.14,6754.49,6743.85,6745.24,4.96,+0.07%,0
"2025-10-06 16:00",6740.27,6740.35,6740.27,6740.28,-0.01,0.00%,0
"2025-10-06 15:00",6745.56,6745.93,6739.62,6740.29,-5.22,-0.08%,0
"2025-10-06 14:00",6747.49,6749.52,6744.3,6745.51,-2.19,-0.03%,0
"2025-10-06 13:00",6741.42,6748.18,6737.51,6747.7,6.31,+0.09%,0
"2025-10-06 12:00",6742.83,6743.37,6737.21,6741.39,-1.37,-0.02%,0
"2025-10-06 11:00",6731.46,6743.61,6730.82,6742.76,11.43,+0.17%,0
"2025-10-06 10:00",6723.21,6732.62,6717.78,6731.33,8.22,+0.12%,0
"2025-10-06 09:00",6733.86,6738.75,6722.52,6723.11,7.32,+0.11%,0
"2025-10-03 17:00",6715.79,6715.79,6715.79,6715.79,0,0.00%,0
"2025-10-03 16:00",6715.82,6715.93,6715.78,6715.79,-0.07,0.00%,0
"2025-10-03 15:00",6722.82,6726.75,6712.67,6715.86,-6.97,-0.10%,0
"2025-10-03 14:00",6716.17,6731.18,6706.87,6722.83,6.61,+0.10%,0
"2025-10-03 13:00",6746.56,6746.56,6705.67,6716.22,-30.38,-0.45%,0
"2025-10-03 12:00",6749.14,6750.87,6744.3,6746.6,-2.62,-0.04%,0
"2025-10-03 11:00",6746,6750.35,6738.03,6749.22,3.19,+0.05%,0
"2025-10-03 10:00",6731.63,6747.51,6724.5,6746.03,13.61,+0.20%,0
"2025-10-03 09:00",6722.14,6740.68,6722.14,6732.42,17.07,+0.25%,0
"2025-10-02 17:00",6715.35,6715.35,6715.35,6715.35,0,0.00%,0
"2025-10-02 16:00",6715.58,6715.76,6715.35,6715.35,-0.45,-0.01%,0
"2025-10-02 15:00",6719.29,6721.7,6712.82,6715.8,-3.52,-0.05%,0
"2025-10-02 14:00",6714.51,6722.68,6714.05,6719.32,4.89,+0.07%,0
"2025-10-02 13:00",6709.6,6715.8,6704.98,6714.43,4.83,+0.07%,0
"2025-10-02 12:00",6708.23,6710.79,6700.91,6709.6,1.32,+0.02%,0
"2025-10-02 11:00",6700.49,6708.97,6693.23,6708.28,7.87,+0.12%,0
"2025-10-02 10:00",6720.48,6720.48,6699.99,6700.41,-19.01,-0.28%,0
"2025-10-02 09:00",6731.31,6731.94,6711.76,6719.42,8.22,+0.12%,0
"2025-10-01 16:00",6710.62,6711.22,6710.62,6711.2,0.28,0.00%,0
"2025-10-01 15:00",6716.05,6718.48,6710.71,6710.92,-5.16,-0.08%,0
"2025-10-01 14:00",6704.67,6718.21,6704.23,6716.08,11.27,+0.17%,0
"2025-10-01 13:00",6694.51,6705.82,6693.68,6704.81,10.22,+0.15%,0
"2025-10-01 12:00",6695.63,6697.12,6690.06,6694.59,-1.01,-0.02%,0
"2025-10-01 11:00",6683.35,6697.18,6682.66,6695.6,12.26,+0.18%,0
"2025-10-01 10:00",6662.08,6685.52,6659.85,6683.34,20.99,+0.32%,0
"2025-10-01 09:00",6664.92,6678.93,6656.2,6662.35,-26.11,-0.39%,0
"2025-09-30 16:00",6687.65,6688.46,6687.65,6688.46,1.4,+0.02%,0
"2025-09-30 15:00",6669.15,6691.25,6669.02,6687.06,17.88,+0.27%,0
"2025-09-30 14:00",6649.9,6670.97,6649.24,6669.18,19.34,+0.29%,0
"2025-09-30 13:00",6653.25,6655.46,6642.71,6649.84,-3.37,-0.05%,0
"2025-09-30 12:00",6655.17,6665.15,6651.36,6653.21,-1.96,-0.03%,0
"2025-09-30 11:00",6657.18,6660.53,6641,6655.17,-1.93,-0.03%,0
"2025-09-30 10:00",6657.92,6661.57,6641.73,6657.1,-0.83,-0.01%,0
"2025-09-30 09:00",6656.19,6658.21,6644.99,6657.93,-3.28,-0.05%,0
"2025-09-29 16:00",6661.22,6661.41,6661.21,6661.21,-0.5,-0.01%,0
"2025-09-29 15:00",6658.75,6663.21,6644.49,6661.71,3.02,+0.05%,0
"2025-09-29 14:00",6655.08,6661.36,6654.53,6658.69,3.65,+0.05%,0
"2025-09-29 13:00",6656.08,6656.21,6647.93,6655.04,-1.03,-0.02%,0
"2025-09-29 12:00",6657.99,6663.31,6654.16,6656.07,-1.78,-0.03%,0
"2025-09-29 11:00",6670.17,6671.69,6653.89,6657.85,-12.43,-0.19%,0
"2025-09-29 10:00",6670.92,6677.31,6665.73,6670.28,-0.81,-0.01%,0
"2025-09-29 09:00",6661.58,6672.23,6661.58,6671.09,27.39,+0.41%,0
"2025-09-26 16:00",6643.67,6643.75,6643.67,6643.7,0.16,0.00%,0
"2025-09-26 15:00",6644.38,6645.25,6637.28,6643.54,-0.85,-0.01%,0
"2025-09-26 14:00",6638.94,6646.9,6634.17,6644.39,5.48,+0.08%,0
"2025-09-26 13:00",6639.38,6643.01,6633.74,6638.91,-0.52,-0.01%,0
"2025-09-26 12:00",6612.88,6640.25,6611.05,6639.43,26.61,+0.40%,0
"2025-09-26 11:00",6610.32,6625.75,6606.81,6612.82,2.73,+0.04%,0
"2025-09-26 10:00",6645.11,6648.97,6604.43,6610.09,-34.82,-0.52%,0
"2025-09-26 09:00",6615.38,6644.91,6615.38,6644.91,40.19,+0.61%,0
"2025-09-25 16:00",6604.83,6604.86,6604.72,6604.72,0.52,+0.01%,0
"2025-09-25 15:00",6604.7,6607.86,6596.43,6604.2,-0.47,-0.01%,0
"2025-09-25 14:00",6581.59,6607.18,6569.22,6604.67,23.05,+0.35%,0
"2025-09-25 13:00",6604.03,6609.12,6580.95,6581.62,-22.42,-0.34%,0
"2025-09-25 12:00",6614.99,6618.18,6601.88,6604.04,-10.84,-0.16%,0
"2025-09-25 11:00",6613.42,6619,6598.32,6614.88,1.38,+0.02%,0
"2025-09-25 10:00",6583.01,6617.01,6581.38,6613.5,31.14,+0.47%,0
"2025-09-25 09:00",6608.19,6608.19,6575.04,6582.36,-55.61,-0.84%,0
"2025-09-24 16:00",6636.99,6637.98,6636.99,6637.97,1.29,+0.02%,0
"2025-09-24 15:00",6637.09,6639.74,6630.72,6636.68,-0.37,-0.01%,0
"2025-09-24 14:00",6631.67,6637.61,6625.75,6637.05,5.4,+0.08%,0
"2025-09-24 13:00",6631.11,6643.59,6630.39,6631.65,0.53,+0.01%,0
"2025-09-24 12:00",6628.88,6636.45,6621.76,6631.12,2.23,+0.03%,0
"2025-09-24 11:00",6655.33,6657.36,6628.56,6628.89,-26.39,-0.40%,0
"2025-09-24 10:00",6656.38,6662.14,6652.54,6655.28,-1.63,-0.02%,0
"2025-09-24 09:00",6669.79,6672.66,6649.49,6656.91,-0.01,0.00%,0
"2025-09-23 16:00",6657.81,6657.81,6656.92,6656.92,-1.17,-0.02%,0
"2025-09-23 15:00",6647.08,6661.59,6646.93,6658.09,11.06,+0.17%,0
"2025-09-23 14:00",6658.48,6659.57,6646,6647.03,-11.42,-0.17%,0
"2025-09-23 13:00",6678.08,6678.98,6645.58,6658.45,-19.61,-0.29%,0
"2025-09-23 12:00",6681.9,6684.74,6675.64,6678.06,-3.86,-0.06%,0
"2025-09-23 11:00",6689.07,6690.9,6681.63,6681.92,-7.26,-0.11%,0
"2025-09-23 10:00",6695.05,6699.21,6687.39,6689.18,-5.64,-0.08%,0
"2025-09-23 09:00",6692.44,6699.52,6691.47,6694.82,1.07,+0.02%,0
"2025-09-22 16:00",6693.83,6693.94,6693.75,6693.75,-0.01,0.00%,0
"2025-09-22 15:00",6694.4,6698.88,6693.76,6693.76,-0.54,-0.01%,0
"2025-09-22 14:00",6689.81,6694.73,6687.25,6694.3,4.36,+0.07%,0
"2025-09-22 13:00",6690.68,6694.37,6687.09,6689.94,-0.55,-0.01%,0
"2025-09-22 12:00",6672.38,6691.71,6672.22,6690.49,17.93,+0.27%,0
"2025-09-22 11:00",6676.79,6679.36,6671.46,6672.56,-4.33,-0.06%,0
"2025-09-22 10:00",6660.49,6677.3,6657.91,6676.89,15.89,+0.24%,0
"2025-09-22 09:00",6654.28,6661.84,6648.07,6661,-3.36,-0.05%,0
"2025-09-19 17:00",6664.36,6664.36,6664.36,6664.36,0,0.00%,0
"2025-09-19 16:00",6663.05,6664.42,6663.05,6664.36,1.52,+0.02%,0
"2025-09-19 15:00",6657.25,6671.82,6656.87,6662.84,5.6,+0.08%,0
"2025-09-19 14:00",6653.47,6657.24,6649.8,6657.24,3.82,+0.06%,0
"2025-09-19 13:00",6651.76,6655,6648.38,6653.42,1.55,+0.02%,0
"2025-09-19 12:00",6641.98,6653.98,6641.64,6651.87,9.95,+0.15%,0
"2025-09-19 11:00",6642.23,6645.23,6630.31,6641.92,-0.31,0.00%,0
"2025-09-19 10:00",6647.4,6650.25,6635.85,6642.23,-5.56,-0.08%,0
"2025-09-19 09:00",6647.11,6653.94,6639.67,6647.79,15.83,+0.24%,0
"2025-09-18 17:00",6631.96,6631.96,6631.96,6631.96,0,0.00%,0
"2025-09-18 16:00",6631.82,6631.97,6631.82,6631.96,0.79,+0.01%,0
"2025-09-18 15:00",6640.96,6642.67,6627.92,6631.17,-9.85,-0.15%,0
"2025-09-18 14:00",6636.49,6643.29,6632.5,6641.02,4.52,+0.07%,0
"2025-09-18 13:00",6648.6,6650.54,6633.81,6636.5,-12.13,-0.18%,0
"2025-09-18 12:00",6634.2,6650,6632.04,6648.63,14.33,+0.22%,0
"2025-09-18 11:00",6636.25,6647.52,6630.9,6634.3,-1.79,-0.03%,0
"2025-09-18 10:00",6628.91,6656.8,6628.91,6636.09,7.85,+0.12%,0
"2025-09-18 09:00",6626.85,6632.64,6611.89,6628.24,27.89,+0.42%,0
"2025-09-17 16:00",6600.02,6600.43,6600.02,6600.35,-0.54,-0.01%,0
"2025-09-17 15:00",6584.94,6614.8,6583.8,6600.89,16.05,+0.24%,0
"2025-09-17 14:00",6603.83,6624.39,6551.15,6584.84,-18.85,-0.29%,0
"2025-09-17 13:00",6590.85,6603.69,6590.85,6603.69,12.85,+0.19%,0
"2025-09-17 12:00",6600.47,6601.04,6589.22,6590.84,-9.63,-0.15%,0
"2025-09-17 11:00",6600.58,6604.7,6596.63,6600.47,-0.11,0.00%,0
"2025-09-17 10:00",6606.09,6606.96,6598.04,6600.58,-5.16,-0.08%,0
"2025-09-17 09:00",6604.87,6613.71,6603.34,6605.74,-1.02,-0.02%,0
"2025-09-16 16:00",6606.43,6606.95,6606.43,6606.76,0.12,0.00%,0
"2025-09-16 15:00",6614.27,6615.39,6605.36,6606.64,-7.64,-0.12%,0
"2025-09-16 14:00",6610.2,6615.64,6608.25,6614.28,4.12,+0.06%,0
"2025-09-16 13:00",6607.32,6612.49,6606.93,6610.16,2.78,+0.04%,0
"2025-09-16 12:00",6604.92,6609.04,6603.14,6607.38,2.51,+0.04%,0
"2025-09-16 11:00",6606.6,6609.09,6600.11,6604.87,-1.71,-0.03%,0
"2025-09-16 10:00",6610.42,6612.99,6603.88,6606.58,-4.22,-0.06%,0
"2025-09-16 09:00",6624.13,6626.99,6608.13,6610.8,-4.48,-0.07%,0
"2025-09-15 16:00",6616.31,6616.31,6615.28,6615.28,-0.69,-0.01%,0
"2025-09-15 15:00",6608.1,6616.88,6605.5,6615.97,7.94,+0.12%,0
"2025-09-15 14:00",6614.15,6614.18,6602.07,6608.03,-6.22,-0.09%,0
"2025-09-15 13:00",6610.22,6614.87,6604.18,6614.25,3.9,+0.06%,0
"2025-09-15 12:00",6614.73,6617.84,6609.35,6610.35,-4.48,-0.07%,0
"2025-09-15 11:00",6618.65,6619.62,6611.32,6614.83,-3.77,-0.06%,0
"2025-09-15 10:00",6615.94,6618.88,6608.54,6618.6,2.98,+0.05%,0
"2025-09-15 09:00",6603.49,6615.98,6602.49,6615.62,31.33,+0.48%,0
"2025-09-12 16:00",6584,6584.42,6584,6584.29,0.32,0.00%,0
"2025-09-12 15:00",6597.69,6599.08,6579.49,6583.97,-13.71,-0.21%,0
"2025-09-12 14:00",6593.68,6600.21,6591.85,6597.68,4.05,+0.06%,0
"2025-09-12 13:00",6590.31,6594.54,6587.62,6593.63,3.39,+0.05%,0
"2025-09-12 12:00",6585.61,6591.96,6583.21,6590.24,4.51,+0.07%,0
"2025-09-12 11:00",6593.27,6594.2,6582.13,6585.73,-7.69,-0.12%,0
"2025-09-12 10:00",6590.7,6594.22,6583.49,6593.42,2.78,+0.04%,0
"2025-09-12 09:00",6590.66,6590.79,6580.48,6590.64,3.17,+0.05%,0
"2025-09-11 16:00",6586.74,6587.47,6586.74,6587.47,0.77,+0.01%,0
"2025-09-11 15:00",6584.81,6592.89,6583.63,6586.7,1.9,+0.03%,0
"2025-09-11 14:00",6585.33,6586.93,6581.59,6584.8,-0.55,-0.01%,0
"2025-09-11 13:00",6581.26,6585.51,6579.13,6585.35,4.18,+0.06%,0
"2025-09-11 12:00",6581.53,6587.08,6578.51,6581.17,-0.37,-0.01%,0
"2025-09-11 11:00",6576.79,6586.75,6575.6,6581.54,4.75,+0.07%,0
"2025-09-11 10:00",6565.35,6580.25,6563.18,6576.79,11.66,+0.18%,0
"2025-09-11 09:00",6554.41,6566.03,6545.8,6565.13,33.09,+0.51%,0
"2025-09-10 16:00",6531.71,6532.32,6531.71,6532.04,0.14,0.00%,0
"2025-09-10 15:00",6529.7,6536.69,6516.34,6531.9,2.18,+0.03%,0
"2025-09-10 14:00",6533.32,6533.77,6523.74,6529.72,-3.6,-0.06%,0
"2025-09-10 13:00",6539.92,6544.58,6529.49,6533.32,-6.62,-0.10%,0
"2025-09-10 12:00",6543.18,6544.17,6532.03,6539.94,-3.28,-0.05%,0
"2025-09-10 11:00",6544.18,6546.3,6533.56,6543.22,-0.93,-0.01%,0
"2025-09-10 10:00",6546.37,6555.97,6543.19,6544.15,-2.08,-0.03%,0
"2025-09-10 09:00",6550.29,6550.29,6536.61,6546.23,33.62,+0.52%,0
"2025-09-09 16:00",6512.66,6512.67,6512.61,6512.61,0.21,0.00%,0
"2025-09-09 15:00",6508.6,6518.23,6505.37,6512.4,3.75,+0.06%,0
"2025-09-09 14:00",6507.83,6510.78,6505.39,6508.65,0.9,+0.01%,0
"2025-09-09 13:00",6500.8,6509.4,6500.4,6507.75,6.92,+0.11%,0
"2025-09-09 12:00",6493.29,6501.95,6492.36,6500.83,7.53,+0.12%,0
"2025-09-09 11:00",6493.54,6498.14,6488.29,6493.3,-0.35,-0.01%,0
"2025-09-09 10:00",6500.52,6507.1,6483.08,6493.65,-6.59,-0.10%,0
"2025-09-09 09:00",6503.33,6505.32,6495.79,6500.24,5.09,+0.08%,0
"2025-09-08 16:00",6496.1,6496.1,6495.15,6495.15,-0.91,-0.01%,0
"2025-09-08 15:00",6492.64,6496.84,6484.18,6496.06,3.46,+0.05%,0
"2025-09-08 14:00",6485.91,6495.61,6484.32,6492.6,6.68,+0.10%,0
"2025-09-08 13:00",6495.22,6497.53,6483.29,6485.92,-9.26,-0.14%,0
"2025-09-08 12:00",6504.34,6504.53,6488.63,6495.18,-9.03,-0.14%,0
"2025-09-08 11:00",6503.9,6508.67,6495.45,6504.21,0.37,+0.01%,0
"2025-09-08 10:00",6494.04,6507.46,6487.73,6503.84,8.89,+0.14%,0
"2025-09-08 09:00",6498.09,6501.68,6490.43,6494.95,13.45,+0.21%,0
"2025-09-05 16:00",6481.56,6481.79,6481.5,6481.5,-0.66,-0.01%,0
"2025-09-05 15:00",6473.79,6484.25,6470.03,6482.16,8.36,+0.13%,0
"2025-09-05 14:00",6461.8,6473.8,6459.76,6473.8,12.03,+0.19%,0
"2025-09-05 13:00",6475.06,6475.86,6457.25,6461.77,-13.26,-0.20%,0
"2025-09-05 12:00",6467.5,6478.22,6463.37,6475.03,7.56,+0.12%,0
"2025-09-05 11:00",6452.4,6479.7,6443.98,6467.47,14.94,+0.23%,0
"2025-09-05 10:00",6520.8,6520.8,6451.93,6452.53,-68.74,-1.05%,0
"2025-09-05 09:00",6529.08,6532.65,6515.54,6521.27,19.19,+0.30%,0
"2025-09-04 16:00",6501.74,6502.12,6501.74,6502.08,0.58,+0.01%,0
"2025-09-04 15:00",6487.37,6502.54,6487,6501.5,14.16,+0.22%,0
"2025-09-04 14:00",6483.13,6488,6482.69,6487.34,4.19,+0.06%,0
"2025-09-04 13:00",6470.33,6485.64,6470.11,6483.15,12.85,+0.20%,0
"2025-09-04 12:00",6473.48,6476.4,6469.34,6470.3,-3.27,-0.05%,0
"2025-09-04 11:00",6467.19,6476.75,6464.06,6473.57,6.4,+0.10%,0
"2025-09-04 10:00",6459.93,6468.73,6445.98,6467.17,7.29,+0.11%,0
"2025-09-04 09:00",6456.6,6464.28,6453.58,6459.88,11.62,+0.18%,0
"2025-09-03 16:00",6448.04,6448.29,6448,6448.26,0.45,+0.01%,0
"2025-09-03 15:00",6420.28,6447.81,6417.4,6447.81,27.57,+0.43%,0
"2025-09-03 14:00",6421.38,6423.96,6416.17,6420.24,-1.19,-0.02%,0
"2025-09-03 13:00",6429.93,6439.79,6417.94,6421.43,-8.34,-0.13%,0
"2025-09-03 12:00",6435.14,6442.56,6426.06,6429.77,-5.44,-0.08%,0
"2025-09-03 11:00",6451.46,6453.67,6433.33,6435.21,-16.28,-0.25%,0
"2025-09-03 10:00",6432.46,6453.6,6428.1,6451.49,19.78,+0.31%,0
"2025-09-03 09:00",6445.82,6445.82,6430.57,6431.71,16.17,+0.25%,0
"2025-09-02 16:00",6414.63,6415.55,6414.63,6415.54,0.59,+0.01%,0
"2025-09-02 15:00",6392.18,6416.54,6391.64,6414.95,22.75,+0.36%,0
"2025-09-02 14:00",6395.09,6400.22,6385.1,6392.2,-2.95,-0.05%,0
"2025-09-02 13:00",6380.41,6401.5,6377.2,6395.15,14.91,+0.23%,0
"2025-09-02 12:00",6363.37,6380.39,6361.69,6380.24,16.99,+0.27%,0
"2025-09-02 11:00",6388.21,6390.86,6360.58,6363.25,-25.16,-0.39%,0
"2025-09-02 10:00",6403.53,6412.01,6383.65,6388.41,-13.39,-0.21%,0
"2025-09-02 09:00",6401.51,6404.19,6369.57,6401.8,-58.46,-0.90%,0
"2025-08-29 17:00",6460.26,6460.26,6460.26,6460.26,0,0.00%,0
"2025-08-29 16:00",6460.82,6461.07,6460.26,6460.26,-1.56,-0.02%,0
"2025-08-29 15:00",6457.58,6463.88,6450.45,6461.82,4.26,+0.07%,0
"2025-08-29 14:00",6459.54,6459.99,6454.17,6457.56,-1.94,-0.03%,0
"2025-08-29 13:00",6460.17,6462.71,6447.81,6459.5,-0.72,-0.01%,0
"2025-08-29 12:00",6451.31,6462.87,6450.95,6460.22,8.92,+0.14%,0
"2025-08-29 11:00",6450.6,6460.3,6449.88,6451.3,0.89,+0.01%,0
"2025-08-29 10:00",6467.93,6473.55,6444.57,6450.41,-17.59,-0.27%,0
"2025-08-29 09:00",6489.28,6491.76,6466.82,6468,-33.86,-0.52%,0
"2025-08-28 16:00",6501.02,6502.02,6501.02,6501.86,-0.45,-0.01%,0
"2025-08-28 15:00",6503.54,6508.23,6501.18,6502.31,-1.13,-0.02%,0
"2025-08-28 14:00",6497.59,6504.02,6497.09,6503.44,5.88,+0.09%,0
"2025-08-28 13:00",6490.63,6498.93,6488.63,6497.56,7.01,+0.11%,0
"2025-08-28 12:00",6484.28,6497.35,6483.3,6490.55,6.15,+0.09%,0
"2025-08-28 11:00",6483.07,6490.03,6474.86,6484.4,0.93,+0.01%,0
"2025-08-28 10:00",6474.42,6485.33,6469.78,6483.47,10.72,+0.17%,0
"2025-08-28 09:00",6483.84,6495.44,6466.96,6472.75,-8.65,-0.13%,0
"2025-08-27 16:00",6480.84,6481.4,6480.84,6481.4,0.55,+0.01%,0
"2025-08-27 15:00",6484.03,6487.06,6472.62,6480.85,-3.18,-0.05%,0
"2025-08-27 14:00",6481.1,6487.03,6479.45,6484.03,2.86,+0.04%,0
"2025-08-27 13:00",6476.9,6481.49,6474.44,6481.17,4.24,+0.07%,0
"2025-08-27 12:00",6479.51,6480.09,6468.09,6476.93,-2.54,-0.04%,0
"2025-08-27 11:00",6475.56,6480.69,6472.62,6479.47,3.9,+0.06%,0
"2025-08-27 10:00",6468.24,6477.79,6466.63,6475.57,7.93,+0.12%,0
"2025-08-27 09:00",6462.26,6469.11,6457.84,6467.64,1.7,+0.03%,0
"2025-08-26 16:00",6465.91,6465.94,6465.86,6465.94,0.24,0.00%,0
"2025-08-26 15:00",6452.43,6468.37,6449.91,6465.7,13.3,+0.21%,0
"2025-08-26 14:00",6442,6453.35,6441.73,6452.4,10.41,+0.16%,0
"2025-08-26 13:00",6446.39,6449.06,6438.32,6441.99,-4.38,-0.07%,0
"2025-08-26 12:00",6441.32,6448.9,6441.32,6446.37,5.08,+0.08%,0
"2025-08-26 11:00",6441.02,6442.28,6436.71,6441.29,0.42,+0.01%,0
"2025-08-26 10:00",6439.31,6446.95,6437.92,6440.87,2.59,+0.04%,0
"2025-08-26 09:00",6435.49,6442.3,6429.21,6438.28,-1.04,-0.02%,0
"2025-08-25 16:00",6438.85,6439.32,6438.85,6439.32,-0.13,0.00%,0
"2025-08-25 15:00",6453.91,6455.63,6438.06,6439.45,-14.47,-0.22%,0
"2025-08-25 14:00",6459.07,6459.75,6453.43,6453.92,-5.12,-0.08%,0
"2025-08-25 13:00",6463.71,6463.9,6454.44,6459.04,-4.68,-0.07%,0
"2025-08-25 12:00",6464.22,6466.89,6462.32,6463.72,-0.43,-0.01%,0
"2025-08-25 11:00",6458.06,6464.94,6456.69,6464.15,6.05,+0.09%,0
"2025-08-25 10:00",6458.22,6461.17,6451.68,6458.1,-0.03,0.00%,0
"2025-08-25 09:00",6457.67,6458.31,6448.04,6458.13,-8.78,-0.14%,0
"2025-08-22 16:00",6466.55,6466.92,6466.55,6466.91,0.56,+0.01%,0
"2025-08-22 15:00",6468.6,6470.32,6457.16,6466.35,-2.42,-0.04%,0
"2025-08-22 14:00",6471.98,6474.32,6466.89,6468.77,-3.21,-0.05%,0
"2025-08-22 13:00",6461.13,6477.98,6461.13,6471.98,10.86,+0.17%,0
"2025-08-22 12:00",6467.88,6473.41,6457.33,6461.12,-6.49,-0.10%,0
"2025-08-22 11:00",6471.24,6478.89,6467.09,6467.61,-3.66,-0.06%,0
"2025-08-22 10:00",6399.01,6475.47,6399.01,6471.27,72.4,+1.13%,0
"2025-08-22 09:00",6384.59,6411.23,6384.59,6398.87,28.7,+0.45%,0
"2025-08-21 17:00",6370.17,6370.17,6370.17,6370.17,0,0.00%,0
"2025-08-21 16:00",6370.08,6370.19,6370.06,6370.17,-0.01,0.00%,0
"2025-08-21 15:00",6375.44,6379.03,6365.55,6370.18,-5.24,-0.08%,0
"2025-08-21 14:00",6372.72,6376.58,6365.68,6375.42,2.69,+0.04%,0
"2025-08-21 13:00",6362.35,6375.48,6352.71,6372.73,10.42,+0.16%,0
"2025-08-21 12:00",6370.01,6373.4,6361.15,6362.31,-7.73,-0.12%,0
"2025-08-21 11:00",6385.46,6389.67,6367.67,6370.04,-15.5,-0.24%,0
"2025-08-21 10:00",6365.03,6393.65,6360.27,6385.54,20.4,+0.32%,0
"2025-08-21 09:00",6380.83,6380.83,6357.79,6365.14,-30.64,-0.48%,0
"2025-08-20 16:00",6394.97,6395.8,6394.97,6395.78,0.9,+0.01%,0
"2025-08-20 15:00",6381.84,6405.1,6381.84,6394.88,13.12,+0.21%,0
"2025-08-20 14:00",6386.44,6388.3,6367.78,6381.76,-4.73,-0.07%,0
"2025-08-20 13:00",6377.41,6394.28,6376.31,6386.49,9.07,+0.14%,0
"2025-08-20 12:00",6365.98,6389.34,6365.37,6377.42,11.5,+0.18%,0
"2025-08-20 11:00",6347.99,6383.31,6346.5,6365.92,17.91,+0.28%,0
"2025-08-20 10:00",6367.9,6377.13,6343.86,6348.01,-20.29,-0.32%,0
"2025-08-20 09:00",6406.62,6408.4,6364.41,6368.3,-43.07,-0.67%,0
"2025-08-19 16:00",6411.53,6411.58,6411.37,6411.37,-0.43,-0.01%,0
"2025-08-19 15:00",6406.46,6413.47,6400.22,6411.8,5.48,+0.09%,0
"2025-08-19 14:00",6413.85,6413.88,6401.92,6406.32,-7.47,-0.12%,0
"2025-08-19 13:00",6411.28,6416.23,6403.39,6413.79,2.53,+0.04%,0
"2025-08-19 12:00",6422.42,6425.73,6408.32,6411.26,-11.16,-0.17%,0
"2025-08-19 11:00",6427.51,6434.09,6420.66,6422.42,-5.2,-0.08%,0
"2025-08-19 10:00",6444.36,6456.48,6427.62,6427.62,-16.41,-0.25%,0
"2025-08-19 09:00",6446.24,6450.13,6435.47,6444.03,-5.12,-0.08%,0
"2025-08-18 16:00",6448.79,6449.16,6448.79,6449.15,-0.09,0.00%,0
"2025-08-18 15:00",6449.73,6454.11,6446.58,6449.24,-0.3,0.00%,0
"2025-08-18 14:00",6443.75,6451.1,6440.58,6449.54,5.81,+0.09%,0
"2025-08-18 13:00",6440.53,6453.58,6440.33,6443.73,3.25,+0.05%,0
"2025-08-18 12:00",6443.35,6449.09,6437.7,6440.48,-2.91,-0.05%,0
"2025-08-18 11:00",6448.06,6449.7,6441.31,6443.39,-4.69,-0.07%,0
"2025-08-18 10:00",6443.88,6455.35,6439.68,6448.08,4.84,+0.08%,0
"2025-08-18 09:00",6445.02,6454.12,6441.78,6443.24,-6.56,-0.10%,0
"2025-08-15 16:00",6449.68,6450.22,6449.68,6449.8,-0.32,0.00%,0
"2025-08-15 15:00",6458.48,6458.73,6447.5,6450.12,-8.35,-0.13%,0
"2025-08-15 14:00",6464.17,6464.79,6455.12,6458.47,-5.69,-0.09%,0
"2025-08-15 13:00",6457.28,6464.49,6453.61,6464.16,6.91,+0.11%,0
"2025-08-15 12:00",6450.67,6458.86,6447.18,6457.25,6.66,+0.10%,0
"2025-08-15 11:00",6451.87,6458.76,6441.85,6450.59,-1.19,-0.02%,0
"2025-08-15 10:00",6457.54,6463.44,6449.78,6451.78,-6.02,-0.09%,0
"2025-08-15 09:00",6477.38,6481.34,6453.53,6457.8,-10.74,-0.17%,0
"2025-08-14 16:00",6467.73,6468.54,6467.73,6468.54,0.74,+0.01%,0
"2025-08-14 15:00",6463.36,6473.56,6462.5,6467.8,4.41,+0.07%,0
"2025-08-14 14:00",6464.63,6466.66,6456.76,6463.39,-1.35,-0.02%,0
"2025-08-14 13:00",6459.76,6468.14,6459.22,6464.74,4.93,+0.08%,0
"2025-08-14 12:00",6458.53,6460.07,6444.98,6459.81,1.17,+0.02%,0
"2025-08-14 11:00",6465.13,6465.63,6448.08,6458.64,-6.57,-0.10%,0
"2025-08-14 10:00",6458.54,6473.92,6454.97,6465.21,6.69,+0.10%,0
"2025-08-14 09:00",6453.46,6461.26,6441.07,6458.52,-8.06,-0.12%,0
"2025-08-13 16:00",6466.4,6466.65,6466.4,6466.58,-0.21,0.00%,0
"2025-08-13 15:00",6458.08,6468.23,6456.47,6466.79,8.75,+0.14%,0
"2025-08-13 14:00",6453.72,6460.62,6449.83,6458.04,4.21,+0.07%,0
"2025-08-13 13:00",6447.77,6454.96,6445.26,6453.83,6.04,+0.09%,0
"2025-08-13 12:00",6452.21,6456.85,6445.02,6447.79,-4.34,-0.07%,0
"2025-08-13 11:00",6456.08,6460.19,6447.99,6452.13,-3.98,-0.06%,0
"2025-08-13 10:00",6474.33,6474.82,6453.95,6456.11,-18.48,-0.29%,0
"2025-08-13 09:00",6462.67,6480.28,6462.67,6474.59,28.83,+0.45%,0
"2025-08-12 16:00",6445.68,6445.82,6445.62,6445.76,0.46,+0.01%,0
"2025-08-12 15:00",6438.53,6446.55,6437.32,6445.3,6.8,+0.11%,0
"2025-08-12 14:00",6438.52,6444.25,6438.12,6438.5,0,0.00%,0
"2025-08-12 13:00",6435.2,6439.26,6432.36,6438.5,3.23,+0.05%,0
"2025-08-12 12:00",6430.08,6438.14,6426.96,6435.27,5.3,+0.08%,0
"2025-08-12 11:00",6416.7,6430.48,6416.4,6429.97,13.18,+0.21%,0
"2025-08-12 10:00",6391.27,6420.21,6385.76,6416.79,25.51,+0.40%,0
"2025-08-12 09:00",6395.17,6416.46,6388.33,6391.28,17.83,+0.28%,0
"2025-08-11 16:00",6374.32,6374.6,6373.45,6373.45,-1.04,-0.02%,0
"2025-08-11 15:00",6383.23,6384.25,6364.06,6374.49,-8.81,-0.14%,0
"2025-08-11 14:00",6385.42,6386.3,6374.31,6383.3,-2.15,-0.03%,0
"2025-08-11 13:00",6391.77,6394.07,6382.32,6385.45,-6.27,-0.10%,0
"2025-08-11 12:00",6396.69,6407.25,6391.64,6391.72,-4.86,-0.08%,0
"2025-08-11 11:00",6386.07,6396.72,6384.09,6396.58,10.49,+0.16%,0
"2025-08-11 10:00",6395.59,6397.94,6383.79,6386.09,-8.72,-0.14%,0
"2025-08-11 09:00",6389.67,6396.27,6385.89,6394.81,5.36,+0.08%,0
"2025-08-08 16:00",6389.97,6389.97,6389.45,6389.45,-0.74,-0.01%,0
"2025-08-08 15:00",6390.91,6394.49,6379.4,6390.19,-0.63,-0.01%,0
"2025-08-08 14:00",6390.62,6395.16,6388.32,6390.82,0.2,0.00%,0
"2025-08-08 13:00",6384.39,6392.14,6380.07,6390.62,6.16,+0.10%,0
"2025-08-08 12:00",6382.11,6391.33,6381.86,6384.46,2.32,+0.04%,0
"2025-08-08 11:00",6377,6383.25,6367.96,6382.14,5.37,+0.08%,0
"2025-08-08 10:00",6376.41,6388.95,6375.77,6376.77,0.42,+0.01%,0
"2025-08-08 09:00",6355.22,6377.62,6355.22,6376.35,36.35,+0.57%,0
"2025-08-07 16:00",6341.56,6341.56,6340,6340,-1.08,-0.02%,0
"2025-08-07 15:00",6324.5,6341.08,6319.38,6341.08,16.54,+0.26%,0
"2025-08-07 14:00",6326.82,6328.97,6310.32,6324.54,-2.32,-0.04%,0
"2025-08-07 13:00",6331.83,6337.87,6316.12,6326.86,-5.01,-0.08%,0
"2025-08-07 12:00",6337.77,6344.86,6319.88,6331.87,-6.4,-0.10%,0
"2025-08-07 11:00",6346.8,6350.28,6333.17,6338.27,-8.1,-0.13%,0
"2025-08-07 10:00",6384.07,6387.93,6343.65,6346.37,-37.65,-0.59%,0
"2025-08-07 09:00",6374.32,6389.71,6373.34,6384.02,38.96,+0.61%,0
"2025-08-06 16:00",6345.25,6345.37,6345.06,6345.06,0.28,0.00%,0
"2025-08-06 15:00",6345.1,6352.83,6343.18,6344.78,-0.39,-0.01%,0
"2025-08-06 14:00",6341.3,6350.75,6341.04,6345.17,3.89,+0.06%,0
"2025-08-06 13:00",6341.69,6346.01,6338.88,6341.28,-0.4,-0.01%,0
"2025-08-06 12:00",6346.37,6348.16,6337.83,6341.68,-4.97,-0.08%,0
"2025-08-06 11:00",6328.65,6348.33,6324.32,6346.65,18.04,+0.29%,0
"2025-08-06 10:00",6308.98,6328.78,6301.11,6328.61,19.57,+0.31%,0
"2025-08-06 09:00",6309.3,6318.25,6301.88,6309.04,9.85,+0.16%,0
"2025-08-05 17:00",6299.19,6299.19,6299.19,6299.19,0,0.00%,0
"2025-08-05 16:00",6299.1,6299.22,6299.1,6299.19,0,0.00%,0
"2025-08-05 15:00",6303.3,6309.8,6297.58,6299.19,-4.15,-0.07%,0
"2025-08-05 14:00",6320.85,6321.24,6297.9,6303.34,-17.46,-0.28%,0
"2025-08-05 13:00",6308.4,6322.3,6306.34,6320.8,12.33,+0.20%,0
"2025-08-05 12:00",6299.99,6315.1,6297.54,6308.47,8.42,+0.13%,0
"2025-08-05 11:00",6298.11,6305.64,6291.07,6300.05,1.88,+0.03%,0
"2025-08-05 10:00",6339.47,6339.47,6289.37,6298.17,-40.7,-0.64%,0
"2025-08-05 09:00",6336.63,6346,6331.72,6338.87,8.93,+0.14%,0
"2025-08-04 17:00",6329.94,6329.94,6329.94,6329.94,0,0.00%,0
"2025-08-04 16:00",6330.07,6330.07,6329.93,6329.94,0.4,+0.01%,0
"2025-08-04 15:00",6317.59,6330.69,6316.89,6329.54,12.05,+0.19%,0
"2025-08-04 14:00",6317.29,6323.15,6316.91,6317.49,0.06,0.00%,0
"2025-08-04 13:00",6321.07,6324.49,6313.89,6317.43,-3.65,-0.06%,0
"2025-08-04 12:00",6318.28,6323.73,6315.98,6321.08,2.82,+0.04%,0
"2025-08-04 11:00",6310.77,6319.33,6305.55,6318.26,7.6,+0.12%,0
"2025-08-04 10:00",6309.82,6315.1,6302.79,6310.66,0.65,+0.01%,0
"2025-08-04 09:00",6271.71,6311.19,6271.71,6310.01,72,+1.15%,0
"2025-08-01 16:00",6236.45,6238.01,6236.45,6238.01,0.71,+0.01%,0
"2025-08-01 15:00",6233.4,6251.84,6228.23,6237.3,3.9,+0.06%,0
"2025-08-01 14:00",6225.04,6249.78,6212.69,6233.4,8.34,+0.13%,0
"2025-08-01 13:00",6232.8,6236.23,6221.09,6225.06,-7.85,-0.13%,0
"2025-08-01 12:00",6259.48,6268.65,6231.51,6232.91,-26.52,-0.42%,0
"2025-08-01 11:00",6238.66,6259.46,6233.1,6259.43,20.74,+0.33%,0
"2025-08-01 10:00",6232.33,6259.54,6214.43,6238.69,6.2,+0.10%,0
"2025-08-01 09:00",6287.28,6287.28,6229.51,6232.49,-106.9,-1.69%,0
"2025-07-31 16:00",6339.31,6339.89,6339.31,6339.39,-2.15,-0.03%,0
"2025-07-31 15:00",6361.19,6367.34,6327.64,6341.54,-19.7,-0.31%,0
"2025-07-31 14:00",6353.93,6370.29,6334.62,6361.24,7.34,+0.12%,0
"2025-07-31 13:00",6397.79,6397.86,6350.24,6353.9,-43.94,-0.69%,0
"2025-07-31 12:00",6395.05,6403.32,6392.89,6397.84,2.82,+0.04%,0
"2025-07-31 11:00",6385.45,6395.09,6371.01,6395.02,9.51,+0.15%,0
"2025-07-31 10:00",6413.37,6418.34,6384.73,6385.51,-28.53,-0.44%,0
"2025-07-31 09:00",6427.02,6427.02,6396.97,6414.04,51.14,+0.80%,0
"2025-07-30 17:00",6362.9,6362.9,6362.9,6362.9,0,0.00%,0
"2025-07-30 16:00",6365.11,6365.11,6362.9,6362.9,-1.93,-0.03%,0
"2025-07-30 15:00",6348.08,6366.09,6336.38,6364.83,16.65,+0.26%,0
"2025-07-30 14:00",6386.63,6396.54,6346.55,6348.18,-38.39,-0.60%,0
"2025-07-30 13:00",6384.9,6389.3,6381.88,6386.57,1.69,+0.03%,0
"2025-07-30 12:00",6381.59,6387.09,6379.92,6384.88,3.43,+0.05%,0
"2025-07-30 11:00",6382.64,6383.93,6370.62,6381.45,-1.2,-0.02%,0
"2025-07-30 10:00",6377.61,6387.8,6374.69,6382.65,5.14,+0.08%,0
"2025-07-30 09:00",6381.23,6382.32,6372.6,6377.51,6.65,+0.10%,0
"2025-07-29 17:00",6370.86,6370.86,6370.86,6370.86,0,0.00%,0
"2025-07-29 16:00",6371.42,6371.64,6370.86,6370.86,-0.77,-0.01%,0
"2025-07-29 15:00",6373.59,6376.5,6363.92,6371.63,-1.96,-0.03%,0
"2025-07-29 14:00",6376.6,6379.16,6371.85,6373.59,-2.98,-0.05%,0
"2025-07-29 13:00",6382.43,6385.99,6370.11,6376.57,-5.79,-0.09%,0
"2025-07-29 12:00",6379.45,6382.42,6370.96,6382.36,2.91,+0.05%,0
"2025-07-29 11:00",6387.34,6390.23,6367.43,6379.45,-7.65,-0.12%,0
"2025-07-29 10:00",6400.48,6401.63,6385.66,6387.1,-13.61,-0.21%,0
"2025-07-29 09:00",6405.62,6409.26,6392.76,6400.71,10.94,+0.17%,0
"2025-07-28 16:00",6389.81,6389.81,6389.77,6389.77,0.19,0.00%,0
"2025-07-28 15:00",6380.58,6390.11,6377.8,6389.58,9.06,+0.14%,0
"2025-07-28 14:00",6381.19,6382.91,6375.79,6380.52,-0.71,-0.01%,0
"2025-07-28 13:00",6389.16,6391.66,6380.96,6381.23,-7.93,-0.12%,0
"2025-07-28 12:00",6394.3,6396.31,6387.76,6389.16,-5.25,-0.08%,0
"2025-07-28 11:00",6394.62,6396.02,6383.76,6394.41,-0.26,0.00%,0
"2025-07-28 10:00",6395.5,6401.07,6392.8,6394.67,-1.6,-0.03%,0
"2025-07-28 09:00",6397.69,6400.56,6392.03,6396.27,7.63,+0.12%,0
"2025-07-25 17:00",6388.64,6388.64,6388.64,6388.64,0,0.00%,0
"2025-07-25 16:00",6389.36,6389.36,6388.64,6388.64,-0.95,-0.01%,0
"2025-07-25 15:00",6391.96,6395.82,6386.24,6389.59,-2.34,-0.04%,0
"2025-07-25 14:00",6391.72,6395.51,6389.83,6391.93,0.19,0.00%,0
"2025-07-25 13:00",6388.72,6393.66,6387.33,6391.74,3.06,+0.05%,0
"2025-07-25 12:00",6379.67,6389.87,6378.3,6388.68,8.97,+0.14%,0
"2025-07-25 11:00",6378.37,6381.47,6376.5,6379.71,1.35,+0.02%,0
"2025-07-25 10:00",6372.99,6381.02,6369.53,6378.36,5.57,+0.09%,0
"2025-07-25 09:00",6370.01,6376.24,6368.53,6372.79,9.44,+0.15%,0
"2025-07-24 16:00",6363.74,6363.87,6363.35,6363.35,-0.67,-0.01%,0
"2025-07-24 15:00",6372.65,6377.59,6362.77,6364.02,-8.65,-0.14%,0
"2025-07-24 14:00",6372.95,6381.31,6368.27,6372.67,-0.3,0.00%,0
"2025-07-24 13:00",6369.34,6379.66,6368.25,6372.97,3.64,+0.06%,0
"2025-07-24 12:00",6375.64,6375.78,6363.57,6369.33,-6.3,-0.10%,0
"2025-07-24 11:00",6375.22,6379.54,6373.33,6375.63,0.45,+0.01%,0
"2025-07-24 10:00",6372.32,6376.92,6361.43,6375.18,2.96,+0.05%,0
"2025-07-24 09:00",6368.6,6374.63,6360.57,6372.22,13.31,+0.21%,0
"2025-07-23 16:00",6360.64,6360.64,6358.91,6358.91,-1.,-0.02%,0
"2025-07-23 15:00",6353.1,6359.91,6350.29,6359.91,6.81,+0.11%,0
"2025-07-23 14:00",6345.48,6356.86,6345.48,6353.1,7.59,+0.12%,0
"2025-07-23 13:00",6339.06,6349.32,6336.35,6345.51,6.47,+0.10%,0
"2025-07-23 12:00",6341.38,6346.33,6334.55,6339.04,-2.45,-0.04%,0
"2025-07-23 11:00",6327.42,6347.09,6324.11,6341.49,14.04,+0.22%,0
"2025-07-23 10:00",6320.62,6328.09,6317.49,6327.45,6.96,+0.11%,0
"2025-07-23 09:00",6326.9,6335.68,6318.79,6320.49,10.87,+0.17%,0
"2025-07-22 16:00",6308.94,6309.62,6308.8,6309.62,0.49,+0.01%,0
"2025-07-22 15:00",6314.25,6316.12,6309.13,6309.13,-5.07,-0.08%,0
"2025-07-22 14:00",6303.91,6315.4,6296.59,6314.2,10.26,+0.16%,0
"2025-07-22 13:00",6298.91,6311.54,6298.25,6303.94,5.08,+0.08%,0
"2025-07-22 12:00",6296.79,6301.44,6291.21,6298.86,2.03,+0.03%,0
"2025-07-22 11:00",6299.41,6300.99,6293.78,6296.83,-2.48,-0.04%,0
"2025-07-22 10:00",6288.44,6300.43,6281.89,6299.31,11.03,+0.18%,0
"2025-07-22 09:00",6306.6,6312.74,6281.71,6288.28,-17.32,-0.27%,0
"2025-07-21 16:00",6306.45,6306.69,6305.6,6305.6,-1.86,-0.03%,0
"2025-07-21 15:00",6324.26,6324.53,6303.79,6307.46,-16.81,-0.27%,0
"2025-07-21 14:00",6332.34,6333.25,6324.2,6324.27,-8.12,-0.13%,0
"2025-07-21 13:00",6333.36,6336.04,6332.13,6332.39,-0.99,-0.02%,0
"2025-07-21 12:00",6332.52,6334.27,6326.57,6333.38,0.89,+0.01%,0
"2025-07-21 11:00",6331.15,6336.08,6329.99,6332.49,1.45,+0.02%,0
"2025-07-21 10:00",6326.1,6335.14,6324.95,6331.04,4.59,+0.07%,0
"2025-07-21 09:00",6304.74,6328.16,6304.74,6326.45,29.66,+0.47%,0
"2025-07-18 16:00",6296.35,6296.79,6296.35,6296.79,0.11,0.00%,0
"2025-07-18 15:00",6292.25,6298.16,6290.57,6296.68,4.42,+0.07%,0
"2025-07-18 14:00",6291.13,6294.56,6287.53,6292.26,1.1,+0.02%,0
"2025-07-18 13:00",6287.21,6295.59,6285.27,6291.16,3.91,+0.06%,0
"2025-07-18 12:00",6301.41,6301.71,6285.7,6287.25,-14.1,-0.22%,0
"2025-07-18 11:00",6292.32,6302.03,6289.57,6301.35,8.9,+0.14%,0
"2025-07-18 10:00",6306.66,6312.21,6292.24,6292.45,-14.72,-0.23%,0
"2025-07-18 09:00",6312.95,6315.61,6306.2,6307.17,9.81,+0.16%,0
"2025-07-17 16:00",6299.31,6299.31,6297.36,6297.36,-1.66,-0.03%,0
"2025-07-17 15:00",6300.43,6304.69,6296.86,6299.02,-1.39,-0.02%,0
"2025-07-17 14:00",6295.43,6301.92,6292.21,6300.41,4.92,+0.08%,0
"2025-07-17 13:00",6289.76,6295.56,6287.9,6295.49,5.84,+0.09%,0
"2025-07-17 12:00",6293.44,6296.12,6286.33,6289.65,-3.86,-0.06%,0
"2025-07-17 11:00",6279.61,6293.72,6279.53,6293.51,13.89,+0.22%,0
"2025-07-17 10:00",6278.97,6283.54,6270.49,6279.62,0.73,+0.01%,0
"2025-07-17 09:00",6263.4,6283.41,6262.27,6278.89,15.19,+0.24%,0
"2025-07-16 16:00",6263.19,6263.7,6263.19,6263.7,0.12,0.00%,0
"2025-07-16 15:00",6263.88,6268.12,6259.64,6263.58,-0.26,0.00%,0
"2025-07-16 14:00",6251.89,6263.93,6248.27,6263.84,11.96,+0.19%,0
"2025-07-16 13:00",6251.65,6258.13,6250.01,6251.88,0.26,0.00%,0
"2025-07-16 12:00",6239.86,6251.72,6231.84,6251.62,11.73,+0.19%,0
"2025-07-16 11:00",6242.29,6254.35,6201.59,6239.89,-2.48,-0.04%,0
"2025-07-16 10:00",6241.85,6253.7,6237.17,6242.37,0.62,+0.01%,0
"2025-07-16 09:00",6254.5,6261.6,6241.61,6241.75,-2.01,-0.03%,0
"2025-07-15 16:00",6241.68,6243.76,6241.68,6243.76,0.66,+0.01%,0
"2025-07-15 15:00",6253.75,6258.49,6242.45,6243.1,-10.66,-0.17%,0
"2025-07-15 14:00",6266.81,6269.63,6253.72,6253.76,-13.05,-0.21%,0
"2025-07-15 13:00",6253.14,6266.9,6250.98,6266.81,13.57,+0.22%,0
"2025-07-15 12:00",6269,6270.36,6251.79,6253.24,-15.7,-0.25%,0
"2025-07-15 11:00",6259.42,6274.56,6259.42,6268.94,9.65,+0.15%,0
"2025-07-15 10:00",6277.99,6285.24,6259.14,6259.29,-18.72,-0.30%,0
"2025-07-15 09:00",6295.29,6302.04,6277.17,6278.01,9.45,+0.15%,0
"2025-07-14 16:00",6268.07,6268.59,6268.07,6268.56,0.45,+0.01%,0
"2025-07-14 15:00",6270.9,6272.64,6264.78,6268.11,-2.75,-0.04%,0
"2025-07-14 14:00",6268.53,6273.31,6268.04,6270.86,2.33,+0.04%,0
"2025-07-14 13:00",6264.85,6271.32,6264.85,6268.53,3.58,+0.06%,0
"2025-07-14 12:00",6261.13,6266.47,6258.19,6264.95,3.82,+0.06%,0
"2025-07-14 11:00",6256.3,6265.42,6254.87,6261.13,4.83,+0.08%,0
"2025-07-14 10:00",6247.91,6259.01,6244.95,6256.3,7.74,+0.12%,0
"2025-07-14 09:00",6255.15,6256.5,6239.22,6248.56,-11.19,-0.18%,0
"2025-07-11 16:00",6258.4,6259.75,6258.4,6259.75,1.4,+0.02%,0
"2025-07-11 15:00",6264.75,6267.87,6253.28,6258.35,-6.38,-0.10%,0
"2025-07-11 14:00",6265.99,6269.44,6262.71,6264.73,-1.32,-0.02%,0
"2025-07-11 13:00",6264.7,6266.61,6258.84,6266.05,1.35,+0.02%,0
"2025-07-11 12:00",6259.07,6265.04,6253.25,6264.7,5.64,+0.09%,0
"2025-07-11 11:00",6260.12,6267.04,6249.18,6259.06,-1.05,-0.02%,0
"2025-07-11 10:00",6254.21,6265.45,6251.88,6260.11,6.1,+0.10%,0
"2025-07-11 09:00",6255.68,6256.58,6237.6,6254.01,-26.45,-0.42%,0
"2025-07-10 16:00",6280.25,6280.46,6280.19,6280.46,0.32,+0.01%,0
"2025-07-10 15:00",6283.91,6287.85,6274.09,6280.14,-3.75,-0.06%,0
"2025-07-10 14:00",6287.23,6290.22,6282.68,6283.89,-3.33,-0.05%,0
"2025-07-10 13:00",6276.69,6289.04,6276.58,6287.22,10.61,+0.17%,0
"2025-07-10 12:00",6278.32,6279.13,6271.73,6276.61,-1.67,-0.03%,0
"2025-07-10 11:00",6269.89,6279.45,6269.64,6278.28,8.35,+0.13%,0
"2025-07-10 10:00",6255.85,6272.47,6251.44,6269.93,13.98,+0.22%,0
"2025-07-10 09:00",6266.8,6267.19,6253.32,6255.95,-7.31,-0.12%,0
"2025-07-09 17:00",6263.26,6263.26,6263.26,6263.26,0,0.00%,0
"2025-07-09 16:00",6262.71,6263.35,6262.71,6263.26,0.99,+0.02%,0
"2025-07-09 15:00",6256.08,6263.85,6252.96,6262.27,6.18,+0.10%,0
"2025-07-09 14:00",6246.48,6257.47,6246.16,6256.09,9.53,+0.15%,0
"2025-07-09 13:00",6242.58,6249.94,6239.09,6246.56,3.94,+0.06%,0
"2025-07-09 12:00",6241.63,6246.23,6238.42,6242.62,0.97,+0.02%,0
"2025-07-09 11:00",6235.94,6247.14,6231.43,6241.65,5.67,+0.09%,0
"2025-07-09 10:00",6264.12,6267.64,6233.14,6235.98,-29.48,-0.47%,0
"2025-07-09 09:00",6243.33,6269.16,6243.33,6265.46,39.94,+0.64%,0
"2025-07-08 16:00",6225.62,6225.71,6225.52,6225.52,0.04,0.00%,0
"2025-07-08 15:00",6227.15,6228.56,6221.72,6225.48,-1.68,-0.03%,0
"2025-07-08 14:00",6233.53,6234.75,6225.37,6227.16,-6.49,-0.10%,0
"2025-07-08 13:00",6229.88,6234.62,6220.88,6233.65,3.74,+0.06%,0
"2025-07-08 12:00",6233.13,6242.7,6227.45,6229.91,-3.27,-0.05%,0
"2025-07-08 11:00",6225.9,6234.41,6219.39,6233.18,7.41,+0.12%,0
"2025-07-08 10:00",6228.1,6236.84,6217.75,6225.77,-3.56,-0.06%,0
"2025-07-08 09:00",6234.03,6238.45,6227.53,6229.33,-0.65,-0.01%,0
"2025-07-07 16:00",6230.07,6230.07,6229.95,6229.98,-0.78,-0.01%,0
"2025-07-07 15:00",6223.75,6230.76,6216.03,6230.76,7.01,+0.11%,0
"2025-07-07 14:00",6222.48,6225.58,6201,6223.75,1.23,+0.02%,0
"2025-07-07 13:00",6220.22,6234.95,6218.34,6222.52,2.29,+0.04%,0
"2025-07-07 12:00",6239.54,6244.66,6215.25,6220.23,-19.23,-0.31%,0
"2025-07-07 11:00",6243.69,6245.68,6234.02,6239.46,-4.39,-0.07%,0
"2025-07-07 10:00",6258.81,6260.01,6241.39,6243.85,-14.79,-0.24%,0
"2025-07-07 09:00",6259.04,6262.07,6250.4,6258.64,-20.71,-0.33%,0
"2025-07-03 13:00",6277.6,6279.36,6277.6,6279.35,1.59,+0.03%,0
"2025-07-03 12:00",6280.97,6284.65,6271.35,6277.76,-3.15,-0.05%,0
"2025-07-03 11:00",6275.43,6282.8,6274,6280.91,5.45,+0.09%,0
"2025-07-03 10:00",6262.25,6276.49,6262.25,6275.46,13.03,+0.21%,0
"2025-07-03 09:00",6246.46,6267.54,6246.46,6262.43,35.01,+0.56%,0
"2025-07-02 16:00",6227.11,6227.42,6227.11,6227.42,0.15,0.00%,0
"2025-07-02 15:00",6221.07,6227.6,6218.87,6227.27,6.18,+0.10%,0
"2025-07-02 14:00",6217.36,6222.27,6215.43,6221.09,3.77,+0.06%,0
"2025-07-02 13:00",6218.49,6219.83,6214.21,6217.32,-1.12,-0.02%,0
"2025-07-02 12:00",6215.98,6219.1,6211.83,6218.44,2.3,+0.04%,0
"2025-07-02 11:00",6210.53,6217.48,6209.04,6216.14,5.73,+0.09%,0
"2025-07-02 10:00",6196.18,6214.63,6195.56,6210.41,14.84,+0.24%,0
"2025-07-02 09:00",6193.88,6200.19,6188.29,6195.57,-2.44,-0.04%,0
"2025-07-01 16:00",6197.53,6198.1,6197.53,6198.01,0.43,+0.01%,0
"2025-07-01 15:00",6202.46,6209.52,6190.31,6197.58,-4.93,-0.08%,0
"2025-07-01 14:00",6208.41,6209.51,6202.32,6202.51,-5.79,-0.09%,0
"2025-07-01 13:00",6194.17,6210.78,6193.17,6208.3,13.99,+0.23%,0
"2025-07-01 12:00",6191.85,6203.97,6190.12,6194.31,2.54,+0.04%,0
"2025-07-01 11:00",6187.54,6197.97,6177.97,6191.77,4.19,+0.07%,0
"2025-07-01 10:00",6194.85,6203.21,6184.02,6187.58,-7.41,-0.12%,0
"2025-07-01 09:00",6187.25,6200.12,6184.96,6194.99,-9.96,-0.16%,0
"2025-06-30 16:00",6203.31,6204.95,6203.31,6204.95,0.6,+0.01%,0
"2025-06-30 15:00",6191.83,6215.08,6191.81,6204.35,12.65,+0.20%,0
"2025-06-30 14:00",6181.19,6191.74,6176.03,6191.7,10.45,+0.17%,0
"2025-06-30 13:00",6189.53,6190.95,6174.97,6181.25,-8.15,-0.13%,0
"2025-06-30 12:00",6187.39,6194.01,6184.6,6189.4,1.98,+0.03%,0
"2025-06-30 11:00",6182.82,6192.03,6180.26,6187.42,4.66,+0.08%,0
"2025-06-30 10:00",6187.78,6190.9,6179.83,6182.76,-4.54,-0.07%,0
"2025-06-30 09:00",6193.36,6195.34,6183.98,6187.3,14.23,+0.23%,0
"2025-06-27 16:00",6172.85,6173.14,6172.74,6173.07,1.1,+0.02%,0
"2025-06-27 15:00",6135.45,6174.79,6134.19,6171.97,36.53,+0.60%,0
"2025-06-27 14:00",6165.15,6166.66,6132.35,6135.44,-29.8,-0.48%,0
"2025-06-27 13:00",6183.31,6183.38,6156.76,6165.24,-18.05,-0.29%,0
"2025-06-27 12:00",6182.63,6187.68,6180.33,6183.29,0.66,+0.01%,0
"2025-06-27 11:00",6172.33,6184.73,6170.54,6182.63,10.18,+0.16%,0
"2025-06-27 10:00",6167.14,6178.8,6167.14,6172.45,5.54,+0.09%,0
"2025-06-27 09:00",6150.7,6170.25,6150.7,6166.91,25.89,+0.42%,0
"2025-06-26 16:00",6142.09,6142.09,6141.02,6141.02,-1.6,-0.03%,0
"2025-06-26 15:00",6138.14,6146.52,6136.15,6142.62,4.46,+0.07%,0
"2025-06-26 14:00",6136.5,6144.66,6134.83,6138.16,1.68,+0.03%,0
"2025-06-26 13:00",6132.17,6139.46,6130.32,6136.48,4.4,+0.07%,0
"2025-06-26 12:00",6128.83,6134.99,6128.18,6132.08,3.18,+0.05%,0
"2025-06-26 11:00",6127.65,6132.31,6122.12,6128.9,1.27,+0.02%,0
"2025-06-26 10:00",6115.83,6129,6115.05,6127.63,11.78,+0.19%,0
"2025-06-26 09:00",6112.09,6118.05,6107.27,6115.85,23.69,+0.39%,0
"2025-06-25 16:00",6093.46,6093.46,6092.16,6092.16,-1.7,-0.03%,0
"2025-06-25 15:00",6087.81,6097.18,6087.6,6093.86,6.06,+0.10%,0
"2025-06-25 14:00",6085.96,6089.08,6084.32,6087.8,1.85,+0.03%,0
"2025-06-25 13:00",6090.81,6094.88,6080.09,6085.95,-4.88,-0.08%,0
"2025-06-25 12:00",6092.77,6096.25,6088.04,6090.83,-2.,-0.03%,0
"2025-06-25 11:00",6101.53,6101.93,6088.81,6092.83,-8.63,-0.14%,0
"2025-06-25 10:00",6106.08,6107.39,6096.88,6101.46,-4.48,-0.07%,0
"2025-06-25 09:00",6104.23,6108.51,6097.84,6105.94,13.76,+0.23%,0
"2025-06-24 16:00",6092.45,6092.51,6092.18,6092.18,-1.1,-0.02%,0
"2025-06-24 15:00",6096.68,6101.76,6092.42,6093.28,-3.48,-0.06%,0
"2025-06-24 14:00",6095.56,6098.25,6092.69,6096.76,1.21,+0.02%,0
"2025-06-24 13:00",6089.95,6097.07,6087.31,6095.55,5.6,+0.09%,0
"2025-06-24 12:00",6081.35,6095.37,6080.61,6089.95,8.6,+0.14%,0
"2025-06-24 11:00",6073.04,6085.4,6073.04,6081.35,8.39,+0.14%,0
"2025-06-24 10:00",6062.42,6077.19,6059.25,6072.96,9.73,+0.16%,0
"2025-06-24 09:00",6061.21,6078.71,6061.03,6063.23,38.06,+0.63%,0
"2025-06-23 16:00",6025.04,6025.19,6024.93,6025.17,0.42,+0.01%,0
"2025-06-23 15:00",6008.41,6028.77,6007.92,6024.75,16.37,+0.27%,0
"2025-06-23 14:00",6008.76,6014.42,6004.3,6008.38,-0.33,-0.01%,0
"2025-06-23 13:00",5959.43,6014.6,5955.98,6008.71,49.36,+0.83%,0
"2025-06-23 12:00",5982.52,5983.94,5943.23,5959.35,-23.26,-0.39%,0
"2025-06-23 11:00",5988.61,5999.52,5981.5,5982.61,-5.92,-0.10%,0
"2025-06-23 10:00",5989.87,6005.58,5988.52,5988.53,-1.34,-0.02%,0
"2025-06-23 09:00",5969.67,5989.87,5958.16,5989.87,22.03,+0.37%,0
"2025-06-20 16:00",5966.93,5967.84,5966.93,5967.84,-0.5,-0.01%,0
"2025-06-20 15:00",5959.36,5973.24,5956.62,5968.34,8.91,+0.15%,0
"2025-06-20 14:00",5963.9,5976.48,5958.09,5959.43,-4.48,-0.08%,0
"2025-06-20 13:00",5976.38,5981.44,5952.56,5963.91,-12.5,-0.21%,0
"2025-06-20 12:00",5970.6,5980.34,5966.19,5976.41,5.95,+0.10%,0
"2025-06-20 11:00",5967.56,5987.33,5959.18,5970.46,2.89,+0.05%,0
"2025-06-20 10:00",5996.94,5999.38,5963.72,5967.57,-29.28,-0.49%,0
"2025-06-20 09:00",5999.67,6018.2,5995.89,5996.85,15.98,+0.27%,0
"2025-06-18 16:00",5980.12,5980.89,5980.12,5980.87,0.54,+0.01%,0
"2025-06-18 15:00",5978.6,5994.84,5971.89,5980.33,1.72,+0.03%,0
"2025-06-18 14:00",6001.44,6014.55,5973.92,5978.61,-23.68,-0.39%,0
"2025-06-18 13:00",6001.33,6005.27,5987.13,6002.29,1.02,+0.02%,0
"2025-06-18 12:00",6003.42,6009,6000.58,6001.27,-2.13,-0.04%,0
"2025-06-18 11:00",6014.92,6015.22,6002.71,6003.4,-11.66,-0.19%,0
"2025-06-18 10:00",5997.91,6018.25,5994.51,6015.06,17.09,+0.28%,0
"2025-06-18 09:00",5987.93,6001.54,5980.68,5997.97,15.25,+0.25%,0
"2025-06-17 16:00",5982.05,5982.72,5982.05,5982.72,0.66,+0.01%,0
"2025-06-17 15:00",5987.61,5990.78,5980.24,5982.06,-5.65,-0.09%,0
"2025-06-17 14:00",5987.36,5987.71,5974.8,5987.71,0.2,0.00%,0
"2025-06-17 13:00",6004.04,6007.9,5983.18,5987.51,-16.65,-0.28%,0
"2025-06-17 12:00",6014,6022.56,6002.2,6004.16,-9.79,-0.16%,0
"2025-06-17 11:00",6011.53,6023.25,6008.89,6013.95,2.35,+0.04%,0
"2025-06-17 10:00",6015.59,6023.25,6010.73,6011.6,-3.46,-0.06%,0
"2025-06-17 09:00",6012.15,6015.7,6005.82,6015.06,-18.05,-0.30%,0
"2025-06-16 16:00",6033.26,6033.52,6033.1,6033.11,-0.27,0.00%,0
"2025-06-16 15:00",6031.97,6034.4,6023.4,6033.38,1.4,+0.02%,0
"2025-06-16 14:00",6029.95,6034.93,6025.43,6031.98,2.01,+0.03%,0
"2025-06-16 13:00",6033.8,6043.21,6028.69,6029.97,-3.77,-0.06%,0
"2025-06-16 12:00",6037.97,6043.01,6032.07,6033.74,-4.2,-0.07%,0
"2025-06-16 11:00",6045.79,6047.39,6035.4,6037.94,-8.14,-0.13%,0
"2025-06-16 10:00",6036.39,6050.83,6036.39,6046.08,9.43,+0.16%,0
"2025-06-16 09:00",6004,6039.87,6004,6036.65,59.68,+1.00%,0
"2025-06-13 16:00",5976.99,5976.99,5976.86,5976.97,-0.51,-0.01%,0
"2025-06-13 15:00",5979.37,5983.93,5963.21,5977.48,-1.8,-0.03%,0
"2025-06-13 14:00",6005.83,6010.22,5964.26,5979.28,-26.6,-0.44%,0
"2025-06-13 13:00",6018.83,6019.53,5998.38,6005.88,-12.93,-0.21%,0
"2025-06-13 12:00",6020.67,6026.16,6011.27,6018.81,-1.92,-0.03%,0
"2025-06-13 11:00",5999.3,6024.88,5997.6,6020.73,21.41,+0.36%,0
"2025-06-13 10:00",5988.05,6001.13,5974.65,5999.32,11.46,+0.19%,0
"2025-06-13 09:00",6000.56,6010.13,5987.19,5987.86,-57.4,-0.95%,0
"2025-06-12 16:00",6045.43,6045.43,6045.05,6045.26,0.06,0.00%,0
"2025-06-12 15:00",6042.32,6045.2,6033.12,6045.2,2.8,+0.05%,0
"2025-06-12 14:00",6039.66,6042.76,6033.81,6042.4,2.82,+0.05%,0
"2025-06-12 13:00",6033.58,6044.21,6033.01,6039.58,5.92,+0.10%,0
"2025-06-12 12:00",6033.57,6041.91,6028.8,6033.66,0.13,0.00%,0
"2025-06-12 11:00",6035.7,6044.67,6025.61,6033.53,-2.18,-0.04%,0
"2025-06-12 10:00",6017.63,6040.5,6015.78,6035.71,18.47,+0.31%,0
"2025-06-12 09:00",6009.9,6021.2,6003.88,6017.24,-5.,-0.08%,0
"2025-06-11 16:00",6023.29,6023.29,6022.24,6022.24,-1.48,-0.02%,0
"2025-06-11 15:00",6016.92,6023.79,6006.76,6023.72,6.81,+0.11%,0
"2025-06-11 14:00",6033.76,6036.14,6002.32,6016.91,-16.82,-0.28%,0
"2025-06-11 13:00",6043.05,6052.89,6033.06,6033.73,-9.33,-0.15%,0
"2025-06-11 12:00",6045.08,6047.45,6028.81,6043.06,-2.23,-0.04%,0
"2025-06-11 11:00",6056.13,6058.66,6041.87,6045.29,-10.81,-0.18%,0
"2025-06-11 10:00",6045.74,6059.4,6042.44,6056.1,10.95,+0.18%,0
"2025-06-11 09:00",6049.38,6050.85,6031.81,6045.15,6.34,+0.10%,0
"2025-06-10 16:00",6039.45,6039.45,6038.8,6038.81,-1.02,-0.02%,0
"2025-06-10 15:00",6033.14,6043.01,6025.5,6039.83,6.46,+0.11%,0
"2025-06-10 14:00",6021.81,6037.03,6011.41,6033.37,11.48,+0.19%,0
"2025-06-10 13:00",6030.44,6035.83,6021.61,6021.89,-8.63,-0.14%,0
"2025-06-10 12:00",6021.43,6031.3,6021.14,6030.52,9.12,+0.15%,0
"2025-06-10 11:00",6019.84,6023.91,6000.28,6021.4,1.46,+0.02%,0
"2025-06-10 10:00",6014.92,6024.86,6014.45,6019.94,5.64,+0.09%,0
"2025-06-10 09:00",6009.91,6020.4,6009.91,6014.3,8.42,+0.14%,0
"2025-06-09 16:00",6004.81,6005.88,6004.81,6005.88,1.68,+0.03%,0
"2025-06-09 15:00",6019.02,6020.02,6004.2,6004.2,-14.94,-0.25%,0
"2025-06-09 14:00",6018.68,6021.31,6012.94,6019.14,0.49,+0.01%,0
"2025-06-09 13:00",6015.82,6020.88,6010.24,6018.65,2.77,+0.05%,0
"2025-06-09 12:00",6007.62,6019.41,6003.05,6015.88,8.3,+0.14%,0
"2025-06-09 11:00",6004.06,6009.06,5999.74,6007.58,3.57,+0.06%,0
"2025-06-09 10:00",5999.2,6012.37,5997.3,6004.01,4.8,+0.08%,0
"2025-06-09 09:00",6004.63,6009.16,5994.18,5999.21,-1.15,-0.02%,0
"2025-06-06 17:00",6000.36,6000.36,6000.36,6000.36,0,0.00%,0
"2025-06-06 16:00",5999.74,6000.36,5999.74,6000.36,0.7,+0.01%,0
"2025-06-06 15:00",6006.86,6009.56,5999.48,5999.66,-7.22,-0.12%,0
"2025-06-06 14:00",5998.94,6013.09,5998.91,6006.88,7.9,+0.13%,0
"2025-06-06 13:00",5985.65,5999.78,5981.41,5998.98,13.34,+0.22%,0
"2025-06-06 12:00",5996.62,6003.48,5978.63,5985.64,-11.11,-0.19%,0
"2025-06-06 11:00",6002.54,6012.12,5982.9,5996.75,-5.8,-0.10%,0
"2025-06-06 10:00",6011.55,6013.3,5996.35,6002.55,-8.37,-0.14%,0
"2025-06-06 09:00",5987.06,6016.87,5987.06,6010.92,71.62,+1.21%,0
"2025-06-05 16:00",5939.24,5939.51,5939.24,5939.3,-0.38,-0.01%,0
"2025-06-05 15:00",5962.21,5964.49,5921.2,5939.68,-22.67,-0.38%,0
"2025-06-05 14:00",5968.67,5970.77,5942.07,5962.35,-6.34,-0.11%,0
"2025-06-05 13:00",5957.83,5979.4,5953.44,5968.69,10.86,+0.18%,0
"2025-06-05 12:00",5997.81,5999.7,5953.35,5957.83,-39.99,-0.67%,0
"2025-06-05 11:00",5983.22,5999.21,5981.44,5997.82,14.37,+0.24%,0
"2025-06-05 10:00",5952.11,5984.6,5951.79,5983.45,30.96,+0.52%,0
"2025-06-05 09:00",5985.67,5989.37,5949.36,5952.49,-18.32,-0.31%,0
"2025-06-04 16:00",5970.73,5970.89,5970.73,5970.81,-0.35,-0.01%,0
"2025-06-04 15:00",5980.58,5982.62,5970.53,5971.16,-9.45,-0.16%,0
"2025-06-04 14:00",5986.2,5989.61,5979.4,5980.61,-5.57,-0.09%,0
"2025-06-04 13:00",5977.84,5987.14,5977.84,5986.18,8.34,+0.14%,0
"2025-06-04 12:00",5978.92,5979.54,5968.86,5977.84,-1.15,-0.02%,0
"2025-06-04 11:00",5985.58,5988.88,5975.1,5978.99,-6.6,-0.11%,0
"2025-06-04 10:00",5985.92,5988.29,5966.11,5985.59,0.16,0.00%,0
"2025-06-04 09:00",5978.94,5990.48,5978.94,5985.43,15.06,+0.25%,0
"2025-06-03 16:00",5971.26,5971.26,5970.36,5970.37,-0.16,0.00%,0
"2025-06-03 15:00",5973.73,5975.34,5963.21,5970.53,-3.24,-0.05%,0
"2025-06-03 14:00",5971.96,5974.88,5959.25,5973.77,1.84,+0.03%,0
"2025-06-03 13:00",5975.49,5981.35,5971.42,5971.93,-3.51,-0.06%,0
"2025-06-03 12:00",5967.04,5977.04,5963.13,5975.44,8.47,+0.14%,0
"2025-06-03 11:00",5954.2,5967.27,5954.2,5966.97,12.8,+0.21%,0
"2025-06-03 10:00",5934.03,5954.39,5929,5954.17,19.83,+0.33%,0
"2025-06-03 09:00",5938.56,5941.92,5930.18,5934.34,-1.6,-0.03%,0
"2025-06-02 16:00",5936.49,5936.49,5935.94,5935.94,-1.46,-0.02%,0
"2025-06-02 15:00",5929.06,5937.4,5927.18,5937.4,8.41,+0.14%,0
"2025-06-02 14:00",5910.03,5929.83,5906.42,5928.99,18.92,+0.32%,0
"2025-06-02 13:00",5910.32,5916.2,5905.62,5910.07,-0.27,0.00%,0
"2025-06-02 12:00",5908.3,5911.79,5900.81,5910.34,2.04,+0.03%,0
"2025-06-02 11:00",5903.5,5910.91,5892.23,5908.3,4.65,+0.08%,0
"2025-06-02 10:00",5877.05,5904.98,5861.43,5903.65,26.3,+0.45%,0
"2025-06-02 09:00",5896.68,5908.01,5876.54,5877.35,-34.34,-0.58%,0
"2025-05-30 16:00",5907.2,5911.69,5907.2,5911.69,4.63,+0.08%,0
"2025-05-30 15:00",5898.1,5922.14,5897.32,5907.06,8.94,+0.15%,0
"2025-05-30 14:00",5869.6,5899.39,5869.6,5898.12,28.57,+0.49%,0
"2025-05-30 13:00",5854.28,5877.43,5851.49,5869.55,15.45,+0.26%,0
"2025-05-30 12:00",5891.21,5897.16,5843.66,5854.1,-37.1,-0.63%,0
"2025-05-30 11:00",5897.93,5904.74,5884.68,5891.2,-6.7,-0.11%,0
"2025-05-30 10:00",5881.58,5910.24,5881.58,5897.9,16.86,+0.29%,0
"2025-05-30 09:00",5903.67,5903.67,5875.4,5881.04,-31.13,-0.53%,0
"2025-05-29 16:00",5912.03,5912.34,5912.03,5912.17,0.01,0.00%,0
"2025-05-29 15:00",5899.45,5917.77,5895.75,5912.16,12.69,+0.22%,0
"2025-05-29 14:00",5897.42,5906.73,5888.13,5899.47,2.04,+0.03%,0
"2025-05-29 13:00",5910.23,5915.43,5896.22,5897.43,-12.8,-0.22%,0
"2025-05-29 12:00",5882.83,5912.63,5873.8,5910.23,27.53,+0.47%,0
"2025-05-29 11:00",5920.93,5921.49,5878.38,5882.7,-38.18,-0.64%,0
"2025-05-29 10:00",5924.7,5927.54,5897.45,5920.88,-3.84,-0.06%,0
"2025-05-29 09:00",5939.96,5943.13,5914.84,5924.72,36.17,+0.61%,0
"2025-05-28 16:00",5888.95,5888.95,5888.55,5888.55,-0.95,-0.02%,0
"2025-05-28 15:00",5909.35,5918.86,5881.88,5889.5,-19.92,-0.34%,0
"2025-05-28 14:00",5908.9,5915.86,5892.18,5909.42,0.47,+0.01%,0
"2025-05-28 13:00",5911.15,5917.43,5906.77,5908.95,-2.26,-0.04%,0
"2025-05-28 12:00",5902.06,5913.78,5902.06,5911.21,9.24,+0.16%,0
"2025-05-28 11:00",5905.29,5912.73,5901.79,5901.97,-3.48,-0.06%,0
"2025-05-28 10:00",5920.24,5923.83,5904.07,5905.45,-14.5,-0.24%,0
"2025-05-28 09:00",5925.54,5939.92,5918.19,5919.95,-1.59,-0.03%,0
"2025-05-27 16:00",5921.68,5921.69,5921.54,5921.54,0.37,+0.01%,0
"2025-05-27 15:00",5915.65,5921.75,5910.82,5921.17,5.41,+0.09%,0
"2025-05-27 14:00",5921.48,5924.33,5915.44,5915.76,-5.66,-0.10%,0
"2025-05-27 13:00",5911.1,5922.04,5910.64,5921.42,10.3,+0.17%,0
"2025-05-27 12:00",5901.41,5917.96,5900.82,5911.12,9.76,+0.17%,0
"2025-05-27 11:00",5891.7,5902.51,5891.36,5901.36,9.59,+0.16%,0
"2025-05-27 10:00",5874.34,5897.27,5874.34,5891.77,17.71,+0.30%,0
"2025-05-27 09:00",5854.07,5875.2,5854.07,5874.06,71.24,+1.23%,0
"2025-05-23 16:00",5803.21,5803.21,5802.81,5802.82,-1.34,-0.02%,0
"2025-05-23 15:00",5818.99,5825.93,5797.47,5804.16,-14.81,-0.25%,0
"2025-05-23 14:00",5820.61,5829.51,5812.71,5818.97,-1.59,-0.03%,0
"2025-05-23 13:00",5802.11,5825.57,5799.93,5820.56,18.42,+0.32%,0
"2025-05-23 12:00",5792.83,5807.57,5788.3,5802.14,9.28,+0.16%,0
"2025-05-23 11:00",5783.47,5808,5780.84,5792.86,9.44,+0.16%,0
"2025-05-23 10:00",5779.96,5800.81,5779.8,5783.42,4.2,+0.07%,0
"2025-05-23 09:00",5781.89,5792.2,5767.41,5779.22,-62.79,-1.07%,0
"2025-05-22 16:00",5841.68,5842.04,5841.59,5842.01,1.01,+0.02%,0
"2025-05-22 15:00",5870.52,5878.08,5838.63,5841,-29.45,-0.50%,0
"2025-05-22 14:00",5865.93,5872.7,5861.72,5870.45,4.56,+0.08%,0
"2025-05-22 13:00",5843.5,5870.14,5838.86,5865.89,22.49,+0.38%,0
"2025-05-22 12:00",5854.35,5867.58,5843.17,5843.4,-10.09,-0.17%,0
"2025-05-22 11:00",5841.23,5855.65,5836.66,5853.49,12.16,+0.21%,0
"2025-05-22 10:00",5855.32,5863.44,5827.71,5841.33,-12.75,-0.22%,0
"2025-05-22 09:00",5841.26,5856.12,5825.82,5854.08,9.47,+0.16%,0
"2025-05-21 17:00",5844.61,5844.61,5844.61,5844.61,0,0.00%,0
"2025-05-21 16:00",5843.09,5844.61,5843.09,5844.61,0.44,+0.01%,0
"2025-05-21 15:00",5852.77,5858,5830.91,5844.17,-8.6,-0.15%,0
"2025-05-21 14:00",5873.53,5874.96,5850.58,5852.77,-20.73,-0.35%,0
"2025-05-21 13:00",5928.57,5929.83,5850.84,5873.5,-55.06,-0.93%,0
"2025-05-21 12:00",5930.33,5938.37,5927.68,5928.56,-1.86,-0.03%,0
"2025-05-21 11:00",5919.46,5934.91,5916.57,5930.42,10.93,+0.18%,0
"2025-05-21 10:00",5911.73,5924.39,5901.96,5919.49,8.62,+0.15%,0
"2025-05-21 09:00",5910.18,5917.34,5899.65,5910.87,-29.59,-0.50%,0
"2025-05-20 16:00",5940.99,5940.99,5940.44,5940.46,-0.37,-0.01%,0
"2025-05-20 15:00",5921.91,5942.05,5909.26,5940.83,18.84,+0.32%,0
"2025-05-20 14:00",5943,5944.55,5919.49,5921.99,-21.07,-0.35%,0
"2025-05-20 13:00",5946.4,5950.63,5938.02,5943.06,-3.27,-0.05%,0
"2025-05-20 12:00",5945,5948.38,5935.7,5946.33,1.3,+0.02%,0
"2025-05-20 11:00",5942.78,5949.03,5938.37,5945.03,2.18,+0.04%,0
"2025-05-20 10:00",5942.39,5953.06,5937.61,5942.85,0.59,+0.01%,0
"2025-05-20 09:00",5944.66,5949.05,5933.53,5942.26,-21.34,-0.36%,0
"2025-05-19 16:00",5962.98,5963.61,5962.98,5963.6,-0.56,-0.01%,0
"2025-05-19 15:00",5956.77,5965.11,5945.49,5964.16,7.34,+0.12%,0
"2025-05-19 14:00",5956.52,5958.29,5947.02,5956.82,0.28,0.00%,0
"2025-05-19 13:00",5959.35,5968.61,5956.45,5956.54,-2.84,-0.05%,0
"2025-05-19 12:00",5944.32,5960.08,5942.98,5959.38,15.09,+0.25%,0
"2025-05-19 11:00",5932.95,5950.53,5932.59,5944.29,11.42,+0.19%,0
"2025-05-19 10:00",5925.52,5946.26,5924.75,5932.87,6.73,+0.11%,0
"2025-05-19 09:00",5902.88,5927.63,5895.69,5926.14,-32.24,-0.54%,0
"2025-05-16 16:00",5957.61,5958.38,5957.61,5958.38,-0.02,0.00%,0
"2025-05-16 15:00",5949.86,5958.62,5946.53,5958.4,8.57,+0.14%,0
"2025-05-16 14:00",5942.2,5953.98,5941.03,5949.83,7.72,+0.13%,0
"2025-05-16 13:00",5937.04,5948.96,5935.65,5942.11,4.93,+0.08%,0
"2025-05-16 12:00",5924.61,5939.19,5923.68,5937.18,12.54,+0.21%,0
"2025-05-16 11:00",5918.96,5930.28,5918.58,5924.64,5.71,+0.10%,0
"2025-05-16 10:00",5929.56,5930.27,5907.36,5918.93,-7.5,-0.13%,0
"2025-05-16 09:00",5929.09,5930.42,5914.36,5926.43,9.5,+0.16%,0
"2025-05-15 16:00",5917.59,5917.93,5916.92,5916.93,-0.51,-0.01%,0
"2025-05-15 15:00",5911.68,5917.44,5898.52,5917.44,5.73,+0.10%,0
"2025-05-15 14:00",5913.73,5917.74,5901.49,5911.71,-2.04,-0.03%,0
"2025-05-15 13:00",5916.7,5924.21,5912.7,5913.75,-2.92,-0.05%,0
"2025-05-15 12:00",5905.92,5916.67,5903.22,5916.67,10.75,+0.18%,0
"2025-05-15 11:00",5880.8,5908.57,5879.72,5905.92,25.16,+0.43%,0
"2025-05-15 10:00",5876.27,5885.54,5867.82,5880.76,4.58,+0.08%,0
"2025-05-15 09:00",5869.82,5878.84,5865.16,5876.18,-16.4,-0.28%,0
"2025-05-14 16:00",5892.31,5892.6,5892.11,5892.58,1.07,+0.02%,0
"2025-05-14 15:00",5891.71,5897.04,5880.31,5891.51,-0.14,0.00%,0
"2025-05-14 14:00",5889.16,5897.38,5882.31,5891.65,2.52,+0.04%,0
"2025-05-14 13:00",5890.76,5890.88,5872.11,5889.13,-1.68,-0.03%,0
"2025-05-14 12:00",5896.53,5901.7,5887.58,5890.81,-5.71,-0.10%,0
"2025-05-14 11:00",5891.87,5899.33,5874.62,5896.52,4.48,+0.08%,0
"2025-05-14 10:00",5892.33,5894.81,5881.05,5892.04,-0.14,0.00%,0
"2025-05-14 09:00",5896.74,5906.55,5880.75,5892.18,5.63,+0.10%,0
"2025-05-13 16:00",5884.92,5886.56,5884.92,5886.55,1.68,+0.03%,0
"2025-05-13 15:00",5902.29,5906.64,5884.47,5884.87,-17.44,-0.30%,0
"2025-05-13 14:00",5895.05,5902.76,5891.03,5902.31,7.17,+0.12%,0
"2025-05-13 13:00",5895.66,5906.47,5892.62,5895.14,-0.48,-0.01%,0
"2025-05-13 12:00",5893.29,5899.7,5886.12,5895.62,2.69,+0.05%,0
"2025-05-13 11:00",5887.26,5899.99,5884.3,5892.93,5.9,+0.10%,0
"2025-05-13 10:00",5869.72,5895.25,5869.22,5887.03,17.42,+0.30%,0
"2025-05-13 09:00",5854.15,5870.97,5845.02,5869.61,25.42,+0.43%,0
"2025-05-12 16:00",5844.78,5844.78,5844.17,5844.19,-0.39,-0.01%,0
"2025-05-12 15:00",5831.05,5845.37,5824.32,5844.58,13.57,+0.23%,0
"2025-05-12 14:00",5831.34,5841.14,5829.66,5831.01,-0.31,-0.01%,0
"2025-05-12 13:00",5826.79,5839.68,5826.16,5831.32,4.52,+0.08%,0
"2025-05-12 12:00",5797.81,5827.41,5796.02,5826.8,28.99,+0.50%,0
"2025-05-12 11:00",5806.23,5812.76,5796.56,5797.81,-8.6,-0.15%,0
"2025-05-12 10:00",5804.01,5820.3,5786.08,5806.41,3.26,+0.06%,0
"2025-05-12 09:00",5807.2,5828.96,5799.4,5803.15,143.24,+2.53%,0
"2025-05-09 16:00",5659.4,5659.91,5659.07,5659.91,0.76,+0.01%,0
"2025-05-09 15:00",5664.23,5674.52,5657.4,5659.15,-5.12,-0.09%,0
"2025-05-09 14:00",5667.92,5668.38,5657.51,5664.27,-3.72,-0.07%,0
"2025-05-09 13:00",5649.83,5668.95,5646,5667.99,18.14,+0.32%,0
"2025-05-09 12:00",5671.66,5672.05,5647.66,5649.85,-21.67,-0.38%,0
"2025-05-09 11:00",5662.02,5671.68,5655.45,5671.52,9.59,+0.17%,0
"2025-05-09 10:00",5686.68,5689.78,5644.15,5661.93,-24.32,-0.43%,0
"2025-05-09 09:00",5679.65,5691.69,5675.34,5686.25,22.31,+0.39%,0
"2025-05-08 16:00",5664.39,5664.83,5663.94,5663.94,0.08,0.00%,0
"2025-05-08 15:00",5700.67,5710.26,5662.55,5663.86,-36.79,-0.65%,0
"2025-05-08 14:00",5694.38,5707.99,5692.04,5700.65,6.21,+0.11%,0
"2025-05-08 13:00",5718.27,5718.83,5694.33,5694.44,-23.75,-0.42%,0
"2025-05-08 12:00",5700.9,5720.1,5700.63,5718.19,17.22,+0.30%,0
"2025-05-08 11:00",5642.72,5712.42,5638.94,5700.97,58.1,+1.03%,0
"2025-05-08 10:00",5659.53,5668.53,5635.38,5642.87,-15.99,-0.28%,0
"2025-05-08 09:00",5663.6,5672.98,5653.6,5658.86,27.58,+0.49%,0
"2025-05-07 16:00",5630.69,5631.28,5630.36,5631.28,1.53,+0.03%,0
"2025-05-07 15:00",5625.31,5654.73,5593.12,5629.75,4.26,+0.08%,0
"2025-05-07 14:00",5609.55,5627.99,5578.64,5625.49,14.61,+0.26%,0
"2025-05-07 13:00",5629.77,5635.15,5606.04,5610.88,-18.81,-0.33%,0
"2025-05-07 12:00",5616,5630.51,5608.44,5629.69,13.67,+0.24%,0
"2025-05-07 11:00",5611.58,5618.1,5601.1,5616.02,4.43,+0.08%,0
"2025-05-07 10:00",5631.41,5637.1,5607.17,5611.59,-19.55,-0.35%,0
"2025-05-07 09:00",5614.18,5632.94,5613.32,5631.14,24.23,+0.43%,0
"2025-05-06 16:00",5605.83,5606.91,5605.83,5606.91,1.39,+0.02%,0
"2025-05-06 15:00",5627.44,5630.45,5605.47,5605.52,-21.89,-0.39%,0
"2025-05-06 14:00",5601.86,5627.44,5601.86,5627.41,25.36,+0.45%,0
"2025-05-06 13:00",5609.25,5622.31,5600.98,5602.05,-7.2,-0.13%,0
"2025-05-06 12:00",5620.86,5649.58,5608.82,5609.25,-11.53,-0.21%,0
"2025-05-06 11:00",5624.86,5636.21,5619.65,5620.78,-4.16,-0.07%,0
"2025-05-06 10:00",5591.85,5630.27,5588.14,5624.94,32.75,+0.59%,0
"2025-05-06 09:00",5605.87,5613.36,5586.04,5592.19,-58.19,-1.03%,0
"2025-05-05 17:00",5650.38,5650.38,5650.38,5650.38,0,0.00%,0
"2025-05-05 16:00",5650.64,5651.28,5650.38,5650.38,-0.82,-0.01%,0
"2025-05-05 15:00",5674.99,5675.43,5648.29,5651.2,-23.83,-0.42%,0
"2025-05-05 14:00",5674.58,5683.38,5673.46,5675.03,0.4,+0.01%,0
"2025-05-05 13:00",5673.87,5677.73,5666.43,5674.63,0.78,+0.01%,0
"2025-05-05 12:00",5667.42,5676.82,5666.22,5673.85,6.43,+0.11%,0
"2025-05-05 11:00",5667.19,5670.24,5656.47,5667.42,0.36,+0.01%,0
"2025-05-05 10:00",5646.95,5668.98,5642.25,5667.06,19.75,+0.35%,0
"2025-05-05 09:00",5655.32,5655.32,5634.48,5647.31,-39.36,-0.69%,0
"2025-05-02 16:00",5685.33,5686.68,5685.33,5686.67,0.94,+0.02%,0
"2025-05-02 15:00",5688.14,5696.01,5678.44,5685.73,-2.39,-0.04%,0
"2025-05-02 14:00",5689.75,5700.7,5682.99,5688.12,-1.61,-0.03%,0
"2025-05-02 13:00",5692.42,5694.8,5681.72,5689.73,-2.69,-0.05%,0
"2025-05-02 12:00",5679.91,5697.78,5679.33,5692.42,12.52,+0.22%,0
"2025-05-02 11:00",5675.44,5681.59,5661.73,5679.9,4.56,+0.08%,0
"2025-05-02 10:00",5653.79,5680.38,5650.93,5675.34,21.57,+0.38%,0
"2025-05-02 09:00",5645.88,5671.18,5642.28,5653.77,49.63,+0.89%,0
"2025-05-01 16:00",5601.8,5604.16,5601.8,5604.14,1.83,+0.03%,0
"2025-05-01 15:00",5634.62,5639.81,5597.35,5602.31,-32.3,-0.57%,0
"2025-05-01 14:00",5624.12,5643.62,5622.99,5634.61,10.52,+0.19%,0
"2025-05-01 13:00",5614.6,5637.26,5614.27,5624.09,9.54,+0.17%,0
"2025-05-01 12:00",5621,5630.09,5609.4,5614.55,-6.47,-0.12%,0
"2025-05-01 11:00",5652.23,5658.91,5616.42,5621.02,-31.28,-0.55%,0
"2025-05-01 10:00",5606.76,5652.35,5606.76,5652.3,43.89,+0.78%,0
"2025-05-01 09:00",5625.14,5631.1,5607.2,5608.41,39.35,+0.71%,0
"2025-04-30 17:00",5569.06,5569.06,5569.06,5569.06,0,0.00%,0
"2025-04-30 16:00",5564.52,5569.06,5564.52,5569.06,8.9,+0.16%,0
"2025-04-30 15:00",5513.56,5581.84,5511.99,5560.16,46.49,+0.84%,0
"2025-04-30 14:00",5522.14,5546.48,5509.03,5513.67,-9.04,-0.16%,0
"2025-04-30 13:00",5512.35,5527.8,5489.51,5522.71,10.36,+0.19%,0
"2025-04-30 12:00",5511.38,5518.99,5491.91,5512.35,0.89,+0.02%,0
"2025-04-30 11:00",5486.84,5514.2,5486.64,5511.46,24.89,+0.45%,0
"2025-04-30 10:00",5435.66,5491.15,5435.02,5486.57,50.2,+0.92%,0
"2025-04-30 09:00",5499.44,5499.44,5433.24,5436.37,-124.46,-2.24%,0
"2025-04-29 16:00",5559.95,5560.83,5559.95,5560.83,0.53,+0.01%,0
"2025-04-29 15:00",5560.78,5569.96,5556.64,5560.3,-0.42,-0.01%,0
"2025-04-29 14:00",5565.31,5571.95,5559.62,5560.72,-4.49,-0.08%,0
"2025-04-29 13:00",5528.35,5568.26,5526.13,5565.21,36.91,+0.67%,0
"2025-04-29 12:00",5535.44,5551.56,5523.7,5528.3,-7.17,-0.13%,0
"2025-04-29 11:00",5547.39,5550.21,5527.47,5535.47,-11.91,-0.21%,0
"2025-04-29 10:00",5524.06,5547.96,5512.57,5547.38,23.75,+0.43%,0
"2025-04-29 09:00",5508.87,5532.76,5505.7,5523.63,-5.12,-0.09%,0
"2025-04-28 16:00",5527.82,5528.75,5527.82,5528.75,0.11,0.00%,0
"2025-04-28 15:00",5504.96,5539.65,5504.54,5528.64,23.63,+0.43%,0
"2025-04-28 14:00",5494.38,5507.61,5491.72,5505.01,10.76,+0.20%,0
"2025-04-28 13:00",5481.95,5495.67,5468.64,5494.25,12.3,+0.22%,0
"2025-04-28 12:00",5492.25,5493.16,5475.02,5481.95,-10.29,-0.19%,0
"2025-04-28 11:00",5523.34,5527.71,5487.99,5492.24,-31.17,-0.56%,0
"2025-04-28 10:00",5521.47,5538.65,5514.84,5523.41,1.84,+0.03%,0
"2025-04-28 09:00",5529.22,5553.66,5520.34,5521.57,-3.64,-0.07%,0
"2025-04-25 16:00",5524.31,5525.25,5524.31,5525.21,1.69,+0.03%,0
"2025-04-25 15:00",5516.32,5527.1,5506.16,5523.52,7.1,+0.13%,0
"2025-04-25 14:00",5496.38,5525.23,5493.85,5516.42,20.11,+0.37%,0
"2025-04-25 13:00",5509.44,5528.11,5486.29,5496.31,-13.13,-0.24%,0
"2025-04-25 12:00",5488.36,5509.54,5488.01,5509.44,21.06,+0.38%,0
"2025-04-25 11:00",5481.67,5492.27,5475.4,5488.38,6.76,+0.12%,0
"2025-04-25 10:00",5466.75,5497.12,5455.86,5481.62,15.4,+0.28%,0
"2025-04-25 09:00",5489.73,5498.47,5465.23,5466.22,-18.55,-0.34%,0
"2025-04-24 16:00",5483.4,5484.8,5483.4,5484.77,1.18,+0.02%,0
"2025-04-24 15:00",5478.3,5489.4,5461.13,5483.59,5.27,+0.10%,0
"2025-04-24 14:00",5470.37,5485.54,5468.19,5478.32,7.92,+0.14%,0
"2025-04-24 13:00",5471.85,5472.73,5458.49,5470.4,-1.29,-0.02%,0
"2025-04-24 12:00",5444.53,5475.36,5440.76,5471.69,27.39,+0.50%,0
"2025-04-24 11:00",5442.27,5455.97,5437.38,5444.3,2.03,+0.04%,0
"2025-04-24 10:00",5413.13,5450.29,5408.76,5442.27,29.44,+0.54%,0
"2025-04-24 09:00",5381.38,5414.31,5371.96,5412.83,36.97,+0.69%,0
"2025-04-23 16:00",5373.58,5375.86,5373.58,5375.86,3.44,+0.06%,0
"2025-04-23 15:00",5380.8,5387.12,5356.17,5372.42,-8.21,-0.15%,0
"2025-04-23 14:00",5400.2,5404.97,5376.04,5380.63,-19.64,-0.36%,0
"2025-04-23 13:00",5398.86,5411.38,5381.61,5400.27,1.35,+0.03%,0
"2025-04-23 12:00",5391.53,5402.1,5357.64,5398.92,7.51,+0.14%,0
"2025-04-23 11:00",5442.6,5450.06,5373.37,5391.41,-51.07,-0.94%,0
"2025-04-23 10:00",5452.46,5469.69,5426.01,5442.48,-7.62,-0.14%,0
"2025-04-23 09:00",5395.92,5465.94,5395.92,5450.1,162.34,+3.07%,0
"2025-04-22 16:00",5287.33,5287.76,5287.33,5287.76,0.95,+0.02%,0
"2025-04-22 15:00",5284.26,5291.81,5259.1,5286.81,2.43,+0.05%,0
"2025-04-22 14:00",5235.73,5288.27,5235.13,5284.38,48.49,+0.93%,0
"2025-04-22 13:00",5292.22,5301.98,5234.97,5235.89,-56.38,-1.07%,0
"2025-04-22 12:00",5278.17,5309.61,5278.17,5292.27,14.13,+0.27%,0
"2025-04-22 11:00",5262.87,5280.37,5254.26,5278.14,15.24,+0.29%,0
"2025-04-22 10:00",5236.06,5264.84,5235.39,5262.9,27.01,+0.52%,0
"2025-04-22 09:00",5207.67,5239.24,5207.67,5235.89,77.69,+1.51%,0
"2025-04-21 17:00",5158.2,5158.2,5158.2,5158.2,0,0.00%,0
"2025-04-21 16:00",5157.24,5158.21,5157.24,5158.2,0.39,+0.01%,0
"2025-04-21 15:00",5104.5,5164.57,5104.24,5157.81,53.35,+1.05%,0
"2025-04-21 14:00",5105.57,5121.68,5101.63,5104.46,-1.11,-0.02%,0
"2025-04-21 13:00",5128.52,5132.75,5104.34,5105.57,-22.95,-0.45%,0
"2025-04-21 12:00",5126.4,5148.14,5126.39,5128.52,2.11,+0.04%,0
"2025-04-21 11:00",5162.22,5166.37,5124.87,5126.41,-35.85,-0.69%,0
"2025-04-21 10:00",5191.47,5191.47,5160.74,5162.26,-29.67,-0.57%,0
"2025-04-21 09:00",5232.94,5232.94,5191.93,5191.93,-90.77,-1.72%,0
"2025-04-17 16:00",5282.01,5282.7,5282.01,5282.7,-0.8,-0.02%,0
"2025-04-17 15:00",5302.78,5304.42,5274.28,5283.5,-19.37,-0.37%,0
"2025-04-17 14:00",5312.52,5328.31,5302.83,5302.87,-9.67,-0.18%,0
"2025-04-17 13:00",5316,5319.75,5293.59,5312.54,-3.53,-0.07%,0
"2025-04-17 12:00",5284.34,5319.93,5280.22,5316.07,31.77,+0.60%,0
"2025-04-17 11:00",5267.18,5304.37,5267.05,5284.3,17.09,+0.32%,0
"2025-04-17 10:00",5302.8,5307.54,5255.58,5267.21,-35.24,-0.66%,0
"2025-04-17 09:00",5305.45,5308.26,5281.06,5302.45,26.75,+0.51%,0
"2025-04-16 16:00",5275.79,5275.79,5275.55,5275.7,-0.56,-0.01%,0
"2025-04-16 15:00",5245.11,5279.04,5220.79,5276.26,31.15,+0.59%,0
"2025-04-16 14:00",5258.59,5284.61,5245.08,5245.11,-13.46,-0.26%,0
"2025-04-16 13:00",5326.61,5334.19,5257.92,5258.57,-67.98,-1.28%,0
"2025-04-16 12:00",5334.44,5337.91,5323.23,5326.55,-7.78,-0.15%,0
"2025-04-16 11:00",5340.38,5367.24,5332.4,5334.33,-6.08,-0.11%,0
"2025-04-16 10:00",5316.23,5346.27,5314.5,5340.41,23.55,+0.44%,0
"2025-04-16 09:00",5335.75,5355.19,5316.86,5316.86,-79.77,-1.48%,0
"2025-04-15 16:00",5396.1,5396.63,5396.1,5396.63,-0.07,0.00%,0
"2025-04-15 15:00",5404.81,5410.33,5389.94,5396.7,-8.15,-0.15%,0
"2025-04-15 14:00",5401.32,5409.09,5386.44,5404.85,3.55,+0.07%,0
"2025-04-15 13:00",5407.81,5416.21,5392.59,5401.3,-6.69,-0.12%,0
"2025-04-15 12:00",5427.59,5433.45,5403.13,5407.99,-19.52,-0.36%,0
"2025-04-15 11:00",5424.15,5437.31,5413.19,5427.51,3.47,+0.06%,0
"2025-04-15 10:00",5433.57,5450.41,5401.57,5424.04,-9.87,-0.18%,0
"2025-04-15 09:00",5411.99,5446.75,5411.06,5433.91,27.94,+0.52%,0
"2025-04-14 16:00",5406.76,5406.76,5405.97,5405.97,0.41,+0.01%,0
"2025-04-14 15:00",5425.4,5443.7,5402.15,5405.56,-19.84,-0.37%,0
"2025-04-14 14:00",5408.1,5430.96,5407.07,5425.4,17.31,+0.32%,0
"2025-04-14 13:00",5373.69,5411.4,5372.36,5408.09,34.35,+0.64%,0
"2025-04-14 12:00",5375.8,5395.87,5358.02,5373.74,-2.24,-0.04%,0
"2025-04-14 11:00",5443.28,5448,5370.34,5375.98,-67.24,-1.24%,0
"2025-04-14 10:00",5424,5456.2,5418.03,5443.22,19.07,+0.35%,0
"2025-04-14 09:00",5441.96,5459.46,5411.61,5424.15,60.79,+1.13%,0
"2025-04-11 16:00",5361.11,5363.36,5361.11,5363.36,2.16,+0.04%,0
"2025-04-11 15:00",5340.01,5373.71,5339.91,5361.2,21.12,+0.40%,0
"2025-04-11 14:00",5364.18,5367.32,5335.06,5340.08,-24.3,-0.45%,0
"2025-04-11 13:00",5335.48,5381.46,5307.66,5364.38,28.58,+0.54%,0
"2025-04-11 12:00",5285.94,5344.94,5279.82,5335.8,50.23,+0.95%,0
"2025-04-11 11:00",5250.24,5291.95,5227.83,5285.57,35.09,+0.67%,0
"2025-04-11 10:00",5282.9,5300.03,5220.77,5250.48,-33.37,-0.63%,0
"2025-04-11 09:00",5255.56,5304.94,5230.55,5283.85,15.8,+0.30%,0
"2025-04-10 16:00",5267.11,5268.05,5266.98,5268.05,-0.13,0.00%,0
"2025-04-10 15:00",5279.4,5310.41,5201.2,5268.18,-11.58,-0.22%,0
"2025-04-10 14:00",5260.94,5313.26,5222.87,5279.76,19.07,+0.36%,0
"2025-04-10 13:00",5213.89,5271.58,5148.3,5260.69,46.62,+0.89%,0
"2025-04-10 12:00",5203.84,5220.67,5115.27,5214.07,10.09,+0.19%,0
"2025-04-10 11:00",5280.44,5303.38,5198.31,5203.98,-76.79,-1.45%,0
"2025-04-10 10:00",5308.53,5335.7,5279.03,5280.77,-27.57,-0.52%,0
"2025-04-10 09:00",5353.15,5353.15,5303.35,5308.34,-148.56,-2.72%,0
"2025-04-09 16:00",5453.35,5456.9,5453.35,5456.9,5.29,+0.10%,0
"2025-04-09 15:00",5327.73,5481.34,5315.5,5451.61,123.16,+2.31%,0
"2025-04-09 14:00",5367.93,5417.45,5324.19,5328.45,-39.4,-0.73%,0
"2025-04-09 13:00",5029.87,5381.55,5000.78,5367.85,337.8,+6.72%,0
"2025-04-09 12:00",4977.5,5042.69,4966.58,5030.05,52.41,+1.05%,0
"2025-04-09 11:00",4949.68,5013.72,4948.43,4977.64,27.79,+0.56%,0
"2025-04-09 10:00",5015.69,5052.01,4949.53,4949.85,-69.88,-1.39%,0
"2025-04-09 09:00",4965.28,5036.02,4956,5019.73,36.96,+0.74%,0
"2025-04-08 16:00",4986.4,4986.4,4982.73,4982.77,-2.9,-0.06%,0
"2025-04-08 15:00",5035.47,5038.08,4910.42,4985.67,-49.97,-0.99%,0
"2025-04-08 14:00",5085.52,5092.6,5033.32,5035.64,-49.83,-0.98%,0
"2025-04-08 13:00",5089.73,5107.21,5039.61,5085.47,-4.22,-0.08%,0
"2025-04-08 12:00",5185.93,5190.59,5089.55,5089.69,-96.16,-1.85%,0
"2025-04-08 11:00",5197.45,5210.21,5159.82,5185.85,-12.11,-0.23%,0
"2025-04-08 10:00",5243.92,5267.47,5197.96,5197.96,-46.66,-0.89%,0
"2025-04-08 09:00",5193.57,5249.89,5193.57,5244.62,182.37,+3.60%,0
"2025-04-07 16:00",5062.58,5062.58,5061.89,5062.25,2.39,+0.05%,0
"2025-04-07 15:00",5049.56,5083.78,5020.45,5059.86,10.49,+0.21%,0
"2025-04-07 14:00",5108.53,5120.57,5041.68,5049.37,-59.57,-1.17%,0
"2025-04-07 13:00",4975.06,5109.95,4975.06,5108.94,133.49,+2.68%,0
"2025-04-07 12:00",5013.2,5033.64,4967,4975.45,-38.31,-0.76%,0
"2025-04-07 11:00",5077.16,5114.71,4950.87,5013.76,-64.94,-1.28%,0
"2025-04-07 10:00",4974.35,5246.57,4951.86,5078.7,102.13,+2.05%,0
"2025-04-07 09:00",4953.79,4980.88,4835.04,4976.57,-97.51,-1.92%,0
"2025-04-04 16:00",5073.28,5074.13,5073.28,5074.08,-1.16,-0.02%,0
"2025-04-04 15:00",5095.94,5156.56,5069.9,5075.24,-20.81,-0.41%,0
"2025-04-04 14:00",5163.25,5174.93,5074.49,5096.05,-67.1,-1.30%,0
"2025-04-04 13:00",5139.49,5164.08,5101.75,5163.15,23.16,+0.45%,0
"2025-04-04 12:00",5167.7,5191.1,5129.05,5139.99,-27.64,-0.53%,0
"2025-04-04 11:00",5172.7,5243.5,5160.59,5167.63,-5.45,-0.11%,0
"2025-04-04 10:00",5249.71,5249.71,5118.78,5173.08,-78.43,-1.49%,0
"2025-04-04 09:00",5292.14,5292.14,5208.55,5251.51,-145.01,-2.69%,0
"2025-04-03 17:00",5396.52,5396.52,5396.52,5396.52,0,0.00%,0
"2025-04-03 16:00",5395.92,5396.61,5395.92,5396.52,1.63,+0.03%,0
"2025-04-03 15:00",5439.17,5440.21,5390.83,5394.89,-44.45,-0.82%,0
"2025-04-03 14:00",5439.36,5445.27,5420.61,5439.34,-0.03,0.00%,0
"2025-04-03 13:00",5454.87,5463.69,5439.08,5439.37,-15.53,-0.28%,0
"2025-04-03 12:00",5455.8,5483.05,5451.45,5454.9,-0.89,-0.02%,0
"2025-04-03 11:00",5421.74,5463.79,5415.66,5455.79,33.81,+0.62%,0
"2025-04-03 10:00",5469.93,5471.47,5421.31,5421.98,-49.06,-0.90%,0
"2025-04-03 09:00",5492.74,5499.53,5463.38,5471.04,-199.93,-3.53%,0
"2025-04-02 16:00",5669.42,5670.97,5669.42,5670.97,1.72,+0.03%,0
"2025-04-02 15:00",5633.27,5677.94,5633.27,5669.25,35.95,+0.64%,0
"2025-04-02 14:00",5661.89,5664.69,5632.14,5633.3,-28.5,-0.50%,0
"2025-04-02 13:00",5678.16,5695.31,5654.2,5661.8,-16.48,-0.29%,0
"2025-04-02 12:00",5644.61,5681.42,5643.18,5678.28,33.52,+0.59%,0
"2025-04-02 11:00",5642.62,5659.15,5630.88,5644.76,2.06,+0.04%,0
"2025-04-02 10:00",5609.11,5643.96,5604.33,5642.7,31.63,+0.56%,0
"2025-04-02 09:00",5580.76,5619.35,5571.48,5611.07,-22.,-0.39%,0
"2025-04-01 16:00",5632.88,5633.09,5632.74,5633.07,0.15,0.00%,0
"2025-04-01 15:00",5597.99,5636.72,5596.32,5632.92,34.88,+0.62%,0
"2025-04-01 14:00",5612.05,5613.1,5583.22,5598.04,-14.02,-0.25%,0
"2025-04-01 13:00",5628.88,5632.58,5611.47,5612.06,-16.75,-0.30%,0
"2025-04-01 12:00",5637.34,5650.57,5615.74,5628.81,-8.56,-0.15%,0
"2025-04-01 11:00",5618.77,5640.62,5616.13,5637.37,18.67,+0.33%,0
"2025-04-01 10:00",5593.34,5619.14,5558.52,5618.7,19.85,+0.35%,0
"2025-04-01 09:00",5597.53,5607.33,5582.83,5598.85,-13.,-0.23%,0
"2025-03-31 16:00",5612.62,5612.62,5611.85,5611.85,0.52,+0.01%,0
"2025-03-31 15:00",5585.6,5627.56,5585.17,5611.33,25.68,+0.46%,0
"2025-03-31 14:00",5553.02,5600.3,5552.46,5585.65,32.64,+0.59%,0
"2025-03-31 13:00",5554.49,5572.6,5549.1,5553.01,-1.47,-0.03%,0
"2025-03-31 12:00",5554.09,5566.19,5540.74,5554.48,0.61,+0.01%,0
"2025-03-31 11:00",5536.36,5562.42,5534.26,5553.87,17.73,+0.32%,0
"2025-03-31 10:00",5519.11,5539.85,5515.19,5536.14,17.85,+0.32%,0
"2025-03-31 09:00",5527.91,5527.91,5488.73,5518.29,-62.65,-1.12%,0
"2025-03-28 16:00",5580.03,5580.95,5580.03,5580.94,0.66,+0.01%,0
"2025-03-28 15:00",5584.01,5588.75,5572.42,5580.28,-3.62,-0.06%,0
"2025-03-28 14:00",5585.67,5591.25,5575.39,5583.9,-1.88,-0.03%,0
"2025-03-28 13:00",5587.02,5587.02,5573.94,5585.78,-1.25,-0.02%,0
"2025-03-28 12:00",5601.2,5609.26,5586.28,5587.03,-14.31,-0.26%,0
"2025-03-28 11:00",5609.22,5619.33,5599.64,5601.34,-8.45,-0.15%,0
"2025-03-28 10:00",5660.87,5665.52,5605.1,5609.79,-51.14,-0.90%,0
"2025-03-28 09:00",5679.2,5685.89,5660.46,5660.93,-32.38,-0.57%,0
"2025-03-27 17:00",5693.31,5693.31,5693.31,5693.31,0,0.00%,0
"2025-03-27 16:00",5692.87,5693.31,5692.74,5693.31,0.95,+0.02%,0
"2025-03-27 15:00",5698.17,5722.31,5690.62,5692.36,-5.86,-0.10%,0
"2025-03-27 14:00",5688.55,5713.96,5688.35,5698.22,9.68,+0.17%,0
"2025-03-27 13:00",5689.22,5703.73,5686.99,5688.54,-0.75,-0.01%,0
"2025-03-27 12:00",5701.93,5721.21,5688.84,5689.29,-12.49,-0.22%,0
"2025-03-27 11:00",5731.54,5732.28,5700.94,5701.78,-28.88,-0.50%,0
"2025-03-27 10:00",5705.62,5730.67,5697.97,5730.66,25.32,+0.44%,0
"2025-03-27 09:00",5695.64,5706.63,5670.94,5705.34,-6.86,-0.12%,0
"2025-03-26 16:00",5711.11,5712.2,5711.11,5712.2,0.09,0.00%,0
"2025-03-26 15:00",5696.51,5717.92,5694.41,5712.11,15.57,+0.27%,0
"2025-03-26 14:00",5702.86,5717.59,5695.19,5696.54,-6.29,-0.11%,0
"2025-03-26 13:00",5716.82,5724.16,5701.83,5702.83,-13.99,-0.24%,0
"2025-03-26 12:00",5728.95,5736.03,5715.64,5716.82,-12.11,-0.21%,0
"2025-03-26 11:00",5757.23,5760.77,5724.68,5728.93,-28.26,-0.49%,0
"2025-03-26 10:00",5758.76,5766.15,5746.79,5757.19,-1.59,-0.03%,0
"2025-03-26 09:00",5771.66,5783.62,5755.72,5758.78,-17.87,-0.31%,0
"2025-03-25 16:00",5776.69,5776.79,5776.62,5776.65,-0.18,0.00%,0
"2025-03-25 15:00",5762.05,5778.45,5761.14,5776.83,14.76,+0.26%,0
"2025-03-25 14:00",5764.36,5772.15,5760.42,5762.07,-2.24,-0.04%,0
"2025-03-25 13:00",5771.88,5778.42,5763.22,5764.31,-7.49,-0.13%,0
"2025-03-25 12:00",5770.38,5773.18,5764.62,5771.8,1.32,+0.02%,0
"2025-03-25 11:00",5783.1,5785.36,5768.69,5770.48,-12.84,-0.22%,0
"2025-03-25 10:00",5770.58,5786.95,5763.05,5783.32,13.32,+0.23%,0
"2025-03-25 09:00",5775.96,5779.76,5763.91,5770,2.43,+0.04%,0
"2025-03-24 16:00",5764.84,5767.57,5764.84,5767.57,2.42,+0.04%,0
"2025-03-24 15:00",5758.68,5775.14,5757.42,5765.15,6.55,+0.11%,0
"2025-03-24 14:00",5753.29,5759.13,5743.69,5758.6,5.22,+0.09%,0
"2025-03-24 13:00",5754.18,5756.11,5747.77,5753.38,-0.8,-0.01%,0
"2025-03-24 12:00",5761.3,5766.56,5750.82,5754.18,-7.16,-0.12%,0
"2025-03-24 11:00",5758.43,5762.95,5754.65,5761.34,2.95,+0.05%,0
"2025-03-24 10:00",5750.6,5759.34,5742.91,5758.39,7.82,+0.14%,0
"2025-03-24 09:00",5718.08,5753.52,5718.08,5750.57,83.01,+1.46%,0
"2025-03-21 16:00",5666.95,5667.58,5666.95,5667.56,0.88,+0.02%,0
"2025-03-21 15:00",5647.93,5670.84,5637.59,5666.68,18.76,+0.33%,0
"2025-03-21 14:00",5651.81,5655.24,5643.41,5647.92,-3.83,-0.07%,0
"2025-03-21 13:00",5658.78,5661.61,5638.76,5651.75,-7.07,-0.12%,0
"2025-03-21 12:00",5617.14,5658.82,5611.41,5658.82,41.42,+0.74%,0
"2025-03-21 11:00",5637.25,5640.5,5612.24,5617.4,-20.11,-0.36%,0
"2025-03-21 10:00",5621.22,5637.52,5603.1,5637.51,16.16,+0.29%,0
"2025-03-21 09:00",5630.73,5630.73,5605.5,5621.35,-41.54,-0.73%,0
"2025-03-20 17:00",5662.89,5662.89,5662.89,5662.89,0,0.00%,0
"2025-03-20 16:00",5662.77,5662.95,5662.64,5662.89,0.82,+0.01%,0
"2025-03-20 15:00",5650.15,5671.94,5649.78,5662.07,11.92,+0.21%,0
"2025-03-20 14:00",5656.86,5666.92,5643.84,5650.15,-6.61,-0.12%,0
"2025-03-20 13:00",5663.74,5677.39,5652.53,5656.76,-6.92,-0.12%,0
"2025-03-20 12:00",5687.61,5698.96,5662.42,5663.68,-23.92,-0.42%,0
"2025-03-20 11:00",5700.12,5704.33,5683.24,5687.6,-12.94,-0.23%,0
"2025-03-20 10:00",5672.89,5711.15,5672.36,5700.54,26.33,+0.46%,0
"2025-03-20 09:00",5646.92,5674.27,5632.33,5674.21,-1.08,-0.02%,0
"2025-03-19 16:00",5675.52,5675.52,5675.29,5675.29,0.01,0.00%,0
"2025-03-19 15:00",5688.86,5715.33,5672.88,5675.28,-13.72,-0.24%,0
"2025-03-19 14:00",5637.4,5690.91,5633.2,5689,50.6,+0.90%,0
"2025-03-19 13:00",5655.69,5657.83,5634.09,5638.4,-17.22,-0.30%,0
"2025-03-19 12:00",5663.74,5668.32,5653.64,5655.62,-8.1,-0.14%,0
"2025-03-19 11:00",5641.05,5668.93,5639.85,5663.72,23.23,+0.41%,0
"2025-03-19 10:00",5646.45,5660.04,5640.06,5640.49,-5.89,-0.10%,0
"2025-03-19 09:00",5632.37,5651.15,5622.2,5646.38,31.72,+0.56%,0
"2025-03-18 16:00",5615.78,5615.78,5614.66,5614.66,-0.71,-0.01%,0
"2025-03-18 15:00",5620.4,5623.15,5605.2,5615.37,-5.19,-0.09%,0
"2025-03-18 14:00",5614.2,5627.73,5603.9,5620.56,6.2,+0.11%,0
"2025-03-18 13:00",5615.01,5621.55,5601.15,5614.36,-0.87,-0.02%,0
"2025-03-18 12:00",5602.14,5623.25,5600,5615.23,12.97,+0.23%,0
"2025-03-18 11:00",5613.6,5614.56,5597.76,5602.26,-11.62,-0.21%,0
"2025-03-18 10:00",5614,5626.44,5608.15,5613.88,-0.22,0.00%,0
"2025-03-18 09:00",5654.53,5654.53,5611.75,5614.1,-61.02,-1.08%,0
"2025-03-17 16:00",5674.77,5675.33,5674.77,5675.12,-1.04,-0.02%,0
"2025-03-17 15:00",5698.68,5699.35,5674.76,5676.16,-22.5,-0.39%,0
"2025-03-17 14:00",5677.72,5703.52,5677.67,5698.66,20.91,+0.37%,0
"2025-03-17 13:00",5652.39,5679.7,5646.64,5677.75,25.31,+0.45%,0
"2025-03-17 12:00",5644.55,5658.63,5639.99,5652.44,7.81,+0.14%,0
"2025-03-17 11:00",5646.32,5658.05,5636.01,5644.63,-1.08,-0.02%,0
"2025-03-17 10:00",5663.06,5668.6,5643.41,5645.71,-17.52,-0.31%,0
"2025-03-17 09:00",5635.6,5669.3,5631.12,5663.23,24.29,+0.43%,0
"2025-03-14 16:00",5637.47,5638.94,5637.47,5638.94,2.08,+0.04%,0
"2025-03-14 15:00",5624.53,5645.27,5621.29,5636.86,12.37,+0.22%,0
"2025-03-14 14:00",5613.14,5631.19,5609.68,5624.49,11.45,+0.20%,0
"2025-03-14 13:00",5626.99,5634.06,5612.28,5613.04,-14.15,-0.25%,0
"2025-03-14 12:00",5627.6,5630.34,5607.72,5627.19,-0.32,-0.01%,0
"2025-03-14 11:00",5609.21,5630.92,5606.94,5627.51,19.17,+0.34%,0
"2025-03-14 10:00",5590.24,5608.34,5565.7,5608.34,18.84,+0.34%,0
"2025-03-14 09:00",5563.85,5603.93,5563.85,5589.5,67.98,+1.23%,0
"2025-03-13 16:00",5521.92,5521.92,5521.17,5521.52,-0.04,0.00%,0
"2025-03-13 15:00",5546.71,5553.1,5509.26,5521.56,-25.23,-0.45%,0
"2025-03-13 14:00",5507.6,5550.2,5507.04,5546.79,39.16,+0.71%,0
"2025-03-13 13:00",5532.72,5539.55,5504.65,5507.63,-25.1,-0.45%,0
"2025-03-13 12:00",5531.58,5552.21,5521.79,5532.73,1.13,+0.02%,0
"2025-03-13 11:00",5568.72,5576.73,5530.99,5531.6,-36.33,-0.65%,0
"2025-03-13 10:00",5557.67,5597.78,5551.7,5567.93,10.19,+0.18%,0
"2025-03-13 09:00",5594.45,5595.87,5553,5557.74,-41.56,-0.74%,0
"2025-03-12 16:00",5598.5,5599.3,5598.5,5599.3,1.02,+0.02%,0
"2025-03-12 15:00",5620.59,5620.59,5590.94,5598.28,-22.43,-0.40%,0
"2025-03-12 14:00",5587.85,5626.91,5586.68,5620.71,32.97,+0.59%,0
"2025-03-12 13:00",5599.73,5625.95,5587.74,5587.74,-12.03,-0.21%,0
"2025-03-12 12:00",5599.79,5621.37,5591.37,5599.77,-0.09,0.00%,0
"2025-03-12 11:00",5563.44,5600.05,5546.09,5599.86,36.58,+0.66%,0
"2025-03-12 10:00",5603.84,5614,5563.28,5563.28,-40.1,-0.72%,0
"2025-03-12 09:00",5624.84,5642.19,5593.7,5603.38,31.31,+0.56%,0
"2025-03-11 16:00",5570.27,5572.07,5570.27,5572.07,0.28,+0.01%,0
"2025-03-11 15:00",5623.47,5633.35,5569.59,5571.79,-51.73,-0.92%,0
"2025-03-11 14:00",5550.07,5636.3,5549.5,5623.52,73.82,+1.33%,0
"2025-03-11 13:00",5551.06,5560.97,5528.41,5549.7,-1.41,-0.03%,0
"2025-03-11 12:00",5580.35,5583.9,5544.67,5551.11,-28.86,-0.52%,0
"2025-03-11 11:00",5555.61,5607.51,5549.42,5579.97,23.55,+0.42%,0
"2025-03-11 10:00",5605.47,5626.88,5549.08,5556.42,-48.97,-0.87%,0
"2025-03-11 09:00",5603.65,5625.68,5592.65,5605.39,-9.17,-0.16%,0
"2025-03-10 16:00",5615.72,5615.72,5614.56,5614.56,-0.44,-0.01%,0
"2025-03-10 15:00",5580.51,5632.68,5564.02,5615,34.54,+0.62%,0
"2025-03-10 14:00",5612.17,5622.5,5579.16,5580.46,-31.96,-0.57%,0
"2025-03-10 13:00",5637.75,5639.41,5609.25,5612.42,-25.22,-0.45%,0
"2025-03-10 12:00",5646.53,5658.88,5633.17,5637.64,-9.02,-0.16%,0
"2025-03-10 11:00",5647.33,5673.95,5645.24,5646.66,-1.13,-0.02%,0
"2025-03-10 10:00",5681.37,5681.37,5638.84,5647.79,-33.69,-0.59%,0
"2025-03-10 09:00",5705.37,5705.37,5672.52,5681.48,-88.72,-1.54%,0
"2025-03-07 16:00",5769.69,5770.2,5769.48,5770.2,1.05,+0.02%,0
"2025-03-07 15:00",5761.86,5783.01,5739.68,5769.15,7.38,+0.13%,0
"2025-03-07 14:00",5761.99,5782.51,5751.94,5761.77,0.02,0.00%,0
"2025-03-07 13:00",5712.07,5762.51,5712.07,5761.75,49.47,+0.87%,0
"2025-03-07 12:00",5679.92,5739.96,5668.16,5712.28,32.33,+0.57%,0
"2025-03-07 11:00",5718.39,5721.42,5666.29,5679.95,-38.27,-0.67%,0
"2025-03-07 10:00",5749.2,5759.73,5693.99,5718.22,-32.37,-0.56%,0
"2025-03-07 09:00",5726.01,5770.48,5719.68,5750.59,12.07,+0.21%,0
"2025-03-06 16:00",5738.65,5738.65,5738.42,5738.52,0.03,0.00%,0
"2025-03-06 15:00",5720.9,5752.12,5716.54,5738.49,17.23,+0.30%,0
"2025-03-06 14:00",5732.14,5759.48,5711.64,5721.26,-11.13,-0.19%,0
"2025-03-06 13:00",5741.28,5751.68,5715.33,5732.39,-8.95,-0.16%,0
"2025-03-06 12:00",5756.16,5760.34,5721.59,5741.34,-14.9,-0.26%,0
"2025-03-06 11:00",5798.13,5812.08,5755.82,5756.24,-41.77,-0.72%,0
"2025-03-06 10:00",5755.2,5811.55,5751.94,5798.01,42.09,+0.73%,0
"2025-03-06 09:00",5785.87,5785.87,5746.53,5755.92,-86.71,-1.48%,0
"2025-03-05 16:00",5842.79,5842.79,5842.15,5842.63,1.68,+0.03%,0
"2025-03-05 15:00",5842.73,5860.59,5826.52,5840.95,-1.69,-0.03%,0
"2025-03-05 14:00",5825.96,5854.72,5821.01,5842.64,16.62,+0.29%,0
"2025-03-05 13:00",5819.28,5826.02,5790.75,5826.02,6.73,+0.12%,0
"2025-03-05 12:00",5770.42,5819.86,5770.42,5819.29,48.24,+0.84%,0
"2025-03-05 11:00",5781.09,5781.09,5742.35,5771.05,-10.07,-0.17%,0
"2025-03-05 10:00",5769.08,5806.69,5766.34,5781.12,10.26,+0.18%,0
"2025-03-05 09:00",5781.36,5803.55,5761.63,5770.86,-7.29,-0.13%,0
"2025-03-04 16:00",5778.68,5778.68,5778.15,5778.15,0.71,+0.01%,0
"2025-03-04 15:00",5840.68,5865.08,5759.35,5777.44,-63.41,-1.09%,0
"2025-03-04 14:00",5814.31,5842.4,5813.89,5840.85,26.58,+0.46%,0
"2025-03-04 13:00",5776.35,5819.22,5772.61,5814.27,37.96,+0.66%,0
"2025-03-04 12:00",5770.41,5796.35,5764.98,5776.31,6.09,+0.11%,0
"2025-03-04 11:00",5751.26,5776.82,5733.24,5770.22,18.6,+0.32%,0
"2025-03-04 10:00",5767.86,5771.19,5732.59,5751.62,-15.65,-0.27%,0
"2025-03-04 09:00",5811.98,5811.98,5767.06,5767.27,-82.45,-1.41%,0
"2025-03-03 16:00",5850.48,5850.48,5849.72,5849.72,-1.61,-0.03%,0
"2025-03-03 15:00",5872.35,5872.35,5810.91,5851.33,-21.04,-0.36%,0
"2025-03-03 14:00",5903.33,5917.6,5872.13,5872.37,-31.16,-0.53%,0
"2025-03-03 13:00",5931.89,5932.64,5886.86,5903.53,-28.4,-0.48%,0
"2025-03-03 12:00",5942.75,5953.47,5926.48,5931.93,-10.84,-0.18%,0
"2025-03-03 11:00",5936.41,5957.3,5923.85,5942.77,6.45,+0.11%,0
"2025-03-03 10:00",5939.45,5962.74,5919.18,5936.32,-0.72,-0.01%,0
"2025-03-03 09:00",5968.33,5986.09,5936.76,5937.04,-17.46,-0.29%,0
"2025-02-28 17:00",5954.5,5954.5,5954.5,5954.5,0,0.00%,0
"2025-02-28 16:00",5954.48,5954.53,5954.18,5954.5,1.47,+0.02%,0
"2025-02-28 15:00",5893.18,5959.4,5890.25,5953.03,59.85,+1.02%,0
"2025-02-28 14:00",5849.31,5894.09,5848.63,5893.18,43.73,+0.75%,0
"2025-02-28 13:00",5848.94,5876.96,5837.66,5849.45,0.52,+0.01%,0
"2025-02-28 12:00",5885.97,5895.31,5848.85,5848.93,-37.16,-0.63%,0
"2025-02-28 11:00",5901.34,5903.49,5871.79,5886.09,-15.29,-0.26%,0
"2025-02-28 10:00",5871.87,5901.75,5865.43,5901.38,29.24,+0.50%,0
"2025-02-28 09:00",5856.74,5875.21,5842.78,5872.14,10.57,+0.18%,0
"2025-02-27 16:00",5861.63,5862.3,5861.57,5861.57,-1.22,-0.02%,0
"2025-02-27 15:00",5906.47,5906.67,5858.78,5862.79,-43.74,-0.74%,0
"2025-02-27 14:00",5950.81,5951.27,5897.03,5906.53,-44.24,-0.74%,0
"2025-02-27 13:00",5947.11,5964.89,5947,5950.77,3.56,+0.06%,0
"2025-02-27 12:00",5938.02,5956.99,5927.81,5947.21,9.28,+0.16%,0
"2025-02-27 11:00",5947.7,5975.12,5936.65,5937.93,-9.86,-0.17%,0
"2025-02-27 10:00",5937.02,5977.76,5918.04,5947.79,10.49,+0.18%,0
"2025-02-27 09:00",5981.88,5993.69,5933.86,5937.3,-18.76,-0.31%,0
"2025-02-26 16:00",5957.01,5957.01,5956.06,5956.06,-1.37,-0.02%,0
"2025-02-26 15:00",5940.72,5965.88,5938.53,5957.43,16.65,+0.28%,0
"2025-02-26 14:00",5939.74,5959.12,5932.69,5940.78,1.04,+0.02%,0
"2025-02-26 13:00",5969.33,5971.54,5935.25,5939.74,-29.78,-0.50%,0
"2025-02-26 12:00",5993.61,6007.25,5965.31,5969.52,-24.02,-0.40%,0
"2025-02-26 11:00",6002.16,6009.82,5992.46,5993.54,-8.46,-0.14%,0
"2025-02-26 10:00",5990.62,6005.87,5986.79,6002,11.62,+0.19%,0
"2025-02-26 09:00",5970.87,5991.99,5964.71,5990.38,35.13,+0.59%,0
"2025-02-25 16:00",5954.93,5955.36,5954.93,5955.25,-0.67,-0.01%,0
"2025-02-25 15:00",5965.58,5979.95,5949.29,5955.92,-9.59,-0.16%,0
"2025-02-25 14:00",5960.8,5968.5,5943.81,5965.51,4.72,+0.08%,0
"2025-02-25 13:00",5960.86,5974.63,5949.48,5960.79,-0.08,0.00%,0
"2025-02-25 12:00",5945.19,5960.92,5934.42,5960.87,15.35,+0.26%,0
"2025-02-25 11:00",5936.47,5950.49,5908.49,5945.52,9.19,+0.15%,0
"2025-02-25 10:00",5965.05,5965.05,5918.15,5936.33,-28.13,-0.47%,0
"2025-02-25 09:00",5982.73,5992.65,5955.27,5964.46,-18.79,-0.31%,0
"2025-02-24 16:00",5983.78,5983.96,5983.25,5983.25,-1.05,-0.02%,0
"2025-02-24 15:00",6011.35,6013.49,5979.93,5984.3,-27.07,-0.45%,0
"2025-02-24 14:00",6020.13,6027.75,6008.27,6011.37,-8.7,-0.14%,0
"2025-02-24 13:00",6020.75,6030.68,6017.88,6020.07,-0.63,-0.01%,0
"2025-02-24 12:00",6013.33,6031.45,6012.59,6020.7,7.41,+0.12%,0
"2025-02-24 11:00",5990.33,6021.59,5988.35,6013.29,23.09,+0.39%,0
"2025-02-24 10:00",5999.72,6006.88,5977.83,5990.2,-9.79,-0.16%,0
"2025-02-24 09:00",6026.69,6043.65,5999.65,5999.99,-13.14,-0.22%,0
"2025-02-21 16:00",6012.46,6013.51,6012.46,6013.13,-0.33,-0.01%,0
"2025-02-21 15:00",6014.58,6022.43,6009.65,6013.46,-1.05,-0.02%,0
"2025-02-21 14:00",6031.44,6036.58,6008.56,6014.51,-16.82,-0.28%,0
"2025-02-21 13:00",6051.98,6052.36,6030.01,6031.33,-20.73,-0.34%,0
"2025-02-21 12:00",6081.84,6084.92,6050.06,6052.06,-29.93,-0.49%,0
"2025-02-21 11:00",6082.48,6089.13,6076.44,6081.99,0.19,0.00%,0
"2025-02-21 10:00",6098.3,6101.25,6071.91,6081.8,-16.14,-0.26%,0
"2025-02-21 09:00",6114.1,6114.82,6096.68,6097.94,-19.58,-0.32%,0
"2025-02-20 16:00",6117.99,6117.99,6117.52,6117.52,-0.49,-0.01%,0
"2025-02-20 15:00",6113.41,6121.87,6107.39,6118.01,4.65,+0.08%,0
"2025-02-20 14:00",6100.84,6115.35,6100.09,6113.36,12.53,+0.21%,0
"2025-02-20 13:00",6094.58,6102.06,6091.55,6100.83,6.27,+0.10%,0
"2025-02-20 12:00",6089.55,6105.3,6087.77,6094.56,4.96,+0.08%,0
"2025-02-20 11:00",6087.34,6098.84,6086.27,6089.6,2.56,+0.04%,0
"2025-02-20 10:00",6097.74,6109.96,6084.59,6087.04,-10.89,-0.18%,0
"2025-02-20 09:00",6134.5,6134.5,6097.56,6097.93,-46.22,-0.75%,0
"2025-02-19 16:00",6144.44,6144.44,6144.09,6144.15,0.2,0.00%,0
"2025-02-19 15:00",6146.33,6146.33,6133.6,6143.95,-2.57,-0.04%,0
"2025-02-19 14:00",6130.71,6147.43,6130.2,6146.52,15.95,+0.26%,0
"2025-02-19 13:00",6131.37,6136.07,6122.59,6130.57,-0.76,-0.01%,0
"2025-02-19 12:00",6132.99,6135.07,6124.23,6131.33,-1.62,-0.03%,0
"2025-02-19 11:00",6117.17,6134.08,6117.03,6132.95,15.8,+0.26%,0
"2025-02-19 10:00",6115.35,6123.97,6111.15,6117.15,2.4,+0.04%,0
"2025-02-19 09:00",6117.76,6119.06,6112.19,6114.75,-14.83,-0.24%,0
"2025-02-18 16:00",6129.49,6129.63,6129.49,6129.58,0.19,0.00%,0
"2025-02-18 15:00",6114.27,6129.39,6111.52,6129.39,15.18,+0.25%,0
"2025-02-18 14:00",6111.91,6115.85,6099.51,6114.21,2.3,+0.04%,0
"2025-02-18 13:00",6118.9,6122.28,6109.93,6111.91,-6.97,-0.11%,0
"2025-02-18 12:00",6118.15,6120.83,6113.48,6118.88,0.72,+0.01%,0
"2025-02-18 11:00",6121.95,6123.56,6113.53,6118.16,-3.97,-0.06%,0
"2025-02-18 10:00",6115.58,6122.35,6108.94,6122.13,3.82,+0.06%,0
"2025-02-18 09:00",6121.6,6125.39,6114.32,6118.31,3.68,+0.06%,0
"2025-02-14 16:00",6113.95,6114.63,6113.95,6114.63,0.89,+0.01%,0
"2025-02-14 15:00",6118.58,6119.02,6111.94,6113.74,-4.85,-0.08%,0
"2025-02-14 14:00",6121.35,6123.91,6115.17,6118.59,-2.8,-0.05%,0
"2025-02-14 13:00",6115.92,6124.16,6113.53,6121.39,5.53,+0.09%,0
"2025-02-14 12:00",6118.4,6118.83,6107.62,6115.86,-2.59,-0.04%,0
"2025-02-14 11:00",6122.22,6125.7,6111.27,6118.45,-3.65,-0.06%,0
"2025-02-14 10:00",6120.86,6127.47,6114.15,6122.1,0.93,+0.02%,0
"2025-02-14 09:00",6115.52,6123,6114.81,6121.17,6.1,+0.10%,0
"2025-02-13 16:00",6114.92,6115.09,6114.92,6115.07,0.13,0.00%,0
"2025-02-13 15:00",6106,6116.91,6105.45,6114.94,9,+0.15%,0
"2025-02-13 14:00",6089.26,6109.99,6088.24,6105.94,16.67,+0.27%,0
"2025-02-13 13:00",6079.44,6089.6,6068.43,6089.27,9.9,+0.16%,0
"2025-02-13 12:00",6078.82,6087.08,6075.62,6079.37,0.32,+0.01%,0
"2025-02-13 11:00",6088.57,6093.2,6075.7,6079.05,-9.5,-0.16%,0
"2025-02-13 10:00",6067.45,6093.19,6061.95,6088.55,21.68,+0.36%,0
"2025-02-13 09:00",6060.59,6069.24,6050.95,6066.87,14.9,+0.25%,0
"2025-02-12 16:00",6051.31,6051.97,6051.31,6051.97,0.96,+0.02%,0
"2025-02-12 15:00",6055.98,6057.59,6043.39,6051.01,-4.92,-0.08%,0
"2025-02-12 14:00",6049.41,6059.31,6043.22,6055.93,6.46,+0.11%,0
"2025-02-12 13:00",6061.91,6063,6047.15,6049.47,-12.44,-0.21%,0
"2025-02-12 12:00",6051.88,6062.76,6048.97,6061.91,10.12,+0.17%,0
"2025-02-12 11:00",6042.59,6052.52,6019.63,6051.79,9.34,+0.15%,0
"2025-02-12 10:00",6031.82,6049.15,6013.87,6042.45,10.81,+0.18%,0
"2025-02-12 09:00",6025.08,6034.56,6003,6031.64,-36.86,-0.61%,0
"2025-02-11 16:00",6069.71,6069.71,6068.5,6068.5,-0.42,-0.01%,0
"2025-02-11 15:00",6072.02,6074.55,6064.5,6068.92,-3.11,-0.05%,0
"2025-02-11 14:00",6064.3,6076.28,6062.42,6072.03,7.73,+0.13%,0
"2025-02-11 13:00",6055.69,6070.81,6053.55,6064.3,8.66,+0.14%,0
"2025-02-11 12:00",6060.19,6062.64,6049.09,6055.64,-4.7,-0.08%,0
"2025-02-11 11:00",6065.44,6068.73,6058.38,6060.34,-5.04,-0.08%,0
"2025-02-11 10:00",6052.47,6070.14,6045.6,6065.38,13.08,+0.22%,0
"2025-02-11 09:00",6049.32,6055.34,6042.34,6052.3,-14.14,-0.23%,0
"2025-02-10 16:00",6066.19,6066.6,6066.19,6066.44,-0.22,0.00%,0
"2025-02-10 15:00",6067.84,6070.58,6061.21,6066.66,-1.09,-0.02%,0
"2025-02-10 14:00",6069.74,6073.38,6065.57,6067.75,-2.07,-0.03%,0
"2025-02-10 13:00",6064.51,6071.13,6063.87,6069.82,5.3,+0.09%,0
"2025-02-10 12:00",6062.92,6064.71,6051.17,6064.52,1.67,+0.03%,0
"2025-02-10 11:00",6067.12,6070.21,6057.67,6062.85,-4.32,-0.07%,0
"2025-02-10 10:00",6054.02,6071.68,6052.37,6067.17,13.38,+0.22%,0
"2025-02-10 09:00",6046.4,6059.51,6044.84,6053.79,27.8,+0.46%,0
"2025-02-07 16:00",6025.92,6026.23,6025.92,6025.99,0.05,0.00%,0
"2025-02-07 15:00",6030.44,6031.21,6019.96,6025.94,-4.54,-0.08%,0
"2025-02-07 14:00",6031.62,6035.32,6023.45,6030.48,-1.18,-0.02%,0
"2025-02-07 13:00",6041.14,6056.42,6031.26,6031.66,-9.55,-0.16%,0
"2025-02-07 12:00",6035.62,6046.9,6026.91,6041.21,5.6,+0.09%,0
"2025-02-07 11:00",6052.82,6063.16,6032.53,6035.61,-16.86,-0.28%,0
"2025-02-07 10:00",6098.76,6098.76,6032.9,6052.47,-46.35,-0.76%,0
"2025-02-07 09:00",6083.13,6101.28,6083.13,6098.82,15.25,+0.25%,0
"2025-02-06 16:00",6083.24,6083.57,6083.24,6083.57,0.71,+0.01%,0
"2025-02-06 15:00",6056.46,6084.03,6054.86,6082.86,26.39,+0.44%,0
"2025-02-06 14:00",6070.89,6073.76,6046.83,6056.47,-14.5,-0.24%,0
"2025-02-06 13:00",6075.58,6079.4,6070.08,6070.97,-4.73,-0.08%,0
"2025-02-06 12:00",6071.54,6077.34,6067.45,6075.7,4.29,+0.07%,0
"2025-02-06 11:00",6066.36,6076.84,6065.58,6071.41,5.04,+0.08%,0
"2025-02-06 10:00",6073.03,6079.54,6061.29,6066.37,-5.83,-0.10%,0
"2025-02-06 09:00",6072.22,6080.71,6069.44,6072.2,10.72,+0.18%,0
"2025-02-05 16:00",6061.98,6061.98,6061.47,6061.48,-0.41,-0.01%,0
"2025-02-05 15:00",6049.76,6062.86,6048.64,6061.89,12.24,+0.20%,0
"2025-02-05 14:00",6049.09,6055.7,6048.39,6049.65,0.56,+0.01%,0
"2025-02-05 13:00",6046.21,6053.18,6042.39,6049.09,2.92,+0.05%,0
"2025-02-05 12:00",6046.06,6051.09,6043.16,6046.17,0.3,0.00%,0
"2025-02-05 11:00",6025.63,6048.35,6021.37,6045.87,20.35,+0.34%,0
"2025-02-05 10:00",6021.48,6030.16,6007.06,6025.52,4.73,+0.08%,0
"2025-02-05 09:00",6020.45,6031.14,6015.27,6020.79,-17.09,-0.28%,0
"2025-02-04 16:00",6037.87,6037.88,6037.79,6037.88,0.8,+0.01%,0
"2025-02-04 15:00",6034.21,6041.74,6029.82,6037.08,2.89,+0.05%,0
"2025-02-04 14:00",6026.98,6042.48,6025.77,6034.19,7.14,+0.12%,0
"2025-02-04 13:00",6029.76,6032.46,6021.04,6027.05,-2.7,-0.04%,0
"2025-02-04 12:00",6033.42,6036.04,6014.21,6029.75,-3.71,-0.06%,0
"2025-02-04 11:00",6022.93,6040.41,6022.93,6033.46,10.58,+0.18%,0
"2025-02-04 10:00",6009.53,6032.43,6009.53,6022.88,13.78,+0.23%,0
"2025-02-04 09:00",5998.14,6011.35,5990.87,6009.1,14.53,+0.24%,0
"2025-02-03 16:00",5994.89,5995.03,5994.57,5994.57,-0.51,-0.01%,0
"2025-02-03 15:00",6016.39,6019.74,5993.15,5995.08,-21.25,-0.35%,0
"2025-02-03 14:00",6008.04,6022.13,6005.38,6016.33,8.28,+0.14%,0
"2025-02-03 13:00",5993.36,6009.35,5981.63,6008.05,14.28,+0.24%,0
"2025-02-03 12:00",5992.78,6005.56,5981.17,5993.77,0.9,+0.02%,0
"2025-02-03 11:00",5998.87,6011.43,5979.44,5992.87,-6.28,-0.10%,0
"2025-02-03 10:00",5938.94,6005.25,5923.93,5999.15,58.9,+0.99%,0
"2025-02-03 09:00",5969.65,5969.65,5934.61,5940.25,-100.28,-1.66%,0
"2025-01-31 16:00",6039.35,6040.53,6039.35,6040.53,0.46,+0.01%,0
"2025-01-31 15:00",6056.75,6056.75,6030.93,6040.07,-16.86,-0.28%,0
"2025-01-31 14:00",6073.89,6078.65,6040.55,6056.93,-17.24,-0.28%,0
"2025-01-31 13:00",6111.56,6114.02,6069.34,6074.17,-37.31,-0.61%,0
"2025-01-31 12:00",6109.79,6117.97,6101.84,6111.48,1.78,+0.03%,0
"2025-01-31 11:00",6115.22,6120.91,6106.51,6109.7,-5.59,-0.09%,0
"2025-01-31 10:00",6102.27,6117.22,6101.75,6115.29,13.26,+0.22%,0
"2025-01-31 09:00",6096.79,6102.03,6091.1,6102.03,30.86,+0.51%,0
"2025-01-30 16:00",6071.84,6071.84,6071.02,6071.17,1.51,+0.02%,0
"2025-01-30 15:00",6077.48,6086.64,6039.31,6069.66,-7.77,-0.13%,0
"2025-01-30 14:00",6069.79,6077.62,6066.82,6077.43,7.72,+0.13%,0
"2025-01-30 13:00",6054.08,6070.99,6052.38,6069.71,15.64,+0.26%,0
"2025-01-30 12:00",6061.31,6061.31,6041.75,6054.07,-7.16,-0.12%,0
"2025-01-30 11:00",6035.11,6064.28,6027.46,6061.23,26.03,+0.43%,0
"2025-01-30 10:00",6069.22,6069.49,6034.46,6035.2,-34.61,-0.57%,0
"2025-01-30 09:00",6050.75,6080.59,6050.75,6069.81,30.5,+0.51%,0
"2025-01-29 17:00",6039.31,6039.31,6039.31,6039.31,0,0.00%,0
"2025-01-29 16:00",6038.61,6039.36,6038.61,6039.31,0.64,+0.01%,0
"2025-01-29 15:00",6043.38,6057.27,6027.24,6038.67,-4.64,-0.08%,0
"2025-01-29 14:00",6035.36,6052.37,6012.96,6043.31,7.98,+0.13%,0
"2025-01-29 13:00",6041.04,6046.42,6017.24,6035.33,-5.73,-0.09%,0
"2025-01-29 12:00",6043.16,6054.71,6040.18,6041.06,-1.82,-0.03%,0
"2025-01-29 11:00",6048.18,6051.96,6040.14,6042.88,-5.42,-0.09%,0
"2025-01-29 10:00",6054.93,6062.83,6045.44,6048.3,-5.76,-0.10%,0
"2025-01-29 09:00",6057.7,6061.26,6045.84,6054.06,-13.64,-0.22%,0
"2025-01-28 16:00",6067.18,6067.72,6067.18,6067.7,0.74,+0.01%,0
"2025-01-28 15:00",6072.29,6074.54,6064.49,6066.96,-5.44,-0.09%,0
"2025-01-28 14:00",6058.8,6073.91,6053.6,6072.4,13.63,+0.22%,0
"2025-01-28 13:00",6059.34,6068.79,6056.46,6058.77,-0.58,-0.01%,0
"2025-01-28 12:00",6046.59,6061.11,6045.81,6059.35,12.77,+0.21%,0
"2025-01-28 11:00",6051.31,6056.41,6030.06,6046.58,-4.8,-0.08%,0
"2025-01-28 10:00",6011.54,6051.5,6011.24,6051.38,39.62,+0.66%,0
"2025-01-28 09:00",6026.97,6027.68,5994.63,6011.76,-0.52,-0.01%,0
"2025-01-27 16:00",6013.54,6013.54,6012.28,6012.28,-1.11,-0.02%,0
"2025-01-27 15:00",5989.08,6014.81,5983.41,6013.39,24.36,+0.41%,0
"2025-01-27 14:00",5985.55,6011.28,5982.67,5989.03,3.46,+0.06%,0
"2025-01-27 13:00",5981.05,5993.89,5979.53,5985.57,4.37,+0.07%,0
"2025-01-27 12:00",5988.33,6001.97,5980.91,5981.2,-7.09,-0.12%,0
"2025-01-27 11:00",6001.28,6003.07,5981.74,5988.29,-12.81,-0.21%,0
"2025-01-27 10:00",6006.62,6017.17,5987,6001.1,-6.12,-0.10%,0
"2025-01-27 09:00",5969.04,6007.23,5962.92,6007.22,-94.02,-1.54%,0
"2025-01-24 16:00",6100.96,6101.25,6100.96,6101.24,0.42,+0.01%,0
"2025-01-24 15:00",6094.1,6102.46,6088.74,6100.82,6.62,+0.11%,0
"2025-01-24 14:00",6094.72,6099.77,6089.66,6094.2,-0.9,-0.01%,0
"2025-01-24 13:00",6107.06,6109.03,6092.99,6095.1,-12.15,-0.20%,0
"2025-01-24 12:00",6115.6,6120.48,6106.16,6107.25,-8.24,-0.13%,0
"2025-01-24 11:00",6112.66,6123.9,6111.59,6115.49,2.85,+0.05%,0
"2025-01-24 10:00",6124.1,6126.71,6111.15,6112.64,-11.89,-0.19%,0
"2025-01-24 09:00",6121.43,6128.18,6118.14,6124.53,5.82,+0.10%,0
"2025-01-23 16:00",6118.51,6118.73,6118.43,6118.71,0.49,+0.01%,0
"2025-01-23 15:00",6099.05,6118.22,6097.43,6118.22,19.06,+0.31%,0
"2025-01-23 14:00",6098.24,6101,6093.97,6099.16,0.9,+0.01%,0
"2025-01-23 13:00",6098.39,6104.25,6097.49,6098.26,-0.13,0.00%,0
"2025-01-23 12:00",6093.98,6098.48,6090.92,6098.39,4.38,+0.07%,0
"2025-01-23 11:00",6091.09,6099.88,6086.12,6094.01,3.4,+0.06%,0
"2025-01-23 10:00",6084.71,6091.02,6077.35,6090.61,6.92,+0.11%,0
"2025-01-23 09:00",6076.32,6084.8,6074.67,6083.69,-2.68,-0.04%,0
"2025-01-22 16:00",6085.66,6086.37,6085.66,6086.37,0.71,+0.01%,0
"2025-01-22 15:00",6097.16,6097.23,6083.72,6085.66,-11.47,-0.19%,0
"2025-01-22 14:00",6092.01,6097.24,6089.08,6097.13,4.99,+0.08%,0
"2025-01-22 13:00",6094.83,6097.8,6090.86,6092.14,-2.68,-0.04%,0
"2025-01-22 12:00",6098.73,6100.81,6094.7,6094.82,-4.13,-0.07%,0
"2025-01-22 11:00",6087.37,6100.39,6084.84,6098.95,11.79,+0.19%,0
"2025-01-22 10:00",6087.31,6092.81,6082,6087.16,0.59,+0.01%,0
"2025-01-22 09:00",6081.39,6088.13,6076.13,6086.57,37.33,+0.62%,0
"2025-01-21 16:00",6049.7,6049.7,6049.24,6049.24,0.01,0.00%,0
"2025-01-21 15:00",6043.26,6051.51,6040.96,6049.23,5.95,+0.10%,0
"2025-01-21 14:00",6047.94,6049.49,6038.3,6043.28,-4.65,-0.08%,0
"2025-01-21 13:00",6046.25,6050.19,6042.2,6047.93,1.56,+0.03%,0
"2025-01-21 12:00",6035.01,6046.72,6030.82,6046.37,11.27,+0.19%,0
"2025-01-21 11:00",6025.39,6035.62,6019.68,6035.1,9.76,+0.16%,0
"2025-01-21 10:00",6025.24,6027.13,6006.88,6025.34,-1.67,-0.03%,0
"2025-01-21 09:00",6014.12,6036.57,6014.12,6027.01,30.35,+0.51%,0
"2025-01-17 17:00",5996.66,5996.66,5996.66,5996.66,0,0.00%,0
"2025-01-17 16:00",5996.96,5996.96,5996.66,5996.66,-0.41,-0.01%,0
"2025-01-17 15:00",6003.32,6006.72,5995.14,5997.07,-6.29,-0.10%,0
"2025-01-17 14:00",6006.93,6008.43,6001.62,6003.36,-3.52,-0.06%,0
"2025-01-17 13:00",6010.32,6014.96,6003.79,6006.88,-3.4,-0.06%,0
"2025-01-17 12:00",6004.74,6012.29,5999.89,6010.28,5.65,+0.09%,0
"2025-01-17 11:00",6002.98,6011.95,5998.79,6004.63,1.64,+0.03%,0
"2025-01-17 10:00",5985.63,6003.24,5982.23,6002.99,17.9,+0.30%,0
"2025-01-17 09:00",5995.4,6000.29,5978.44,5985.09,47.75,+0.80%,0
"2025-01-16 16:00",5937.27,5937.54,5937.27,5937.34,-0.04,0.00%,0
"2025-01-16 15:00",5950.63,5954.41,5936.11,5937.38,-13.23,-0.22%,0
"2025-01-16 14:00",5935.36,5951.89,5932.3,5950.61,15.23,+0.26%,0
"2025-01-16 13:00",5951.08,5955.94,5930.72,5935.38,-15.82,-0.27%,0
"2025-01-16 12:00",5956.38,5959.22,5949.37,5951.2,-5.17,-0.09%,0
"2025-01-16 11:00",5955.63,5964.69,5939.83,5956.37,0.75,+0.01%,0
"2025-01-16 10:00",5941.97,5955.62,5934.44,5955.62,13.79,+0.23%,0
"2025-01-16 09:00",5963.61,5963.73,5941.52,5941.83,-8.08,-0.14%,0
"2025-01-15 16:00",5949.11,5949.91,5949.11,5949.91,1.09,+0.02%,0
"2025-01-15 15:00",5954.65,5960.61,5948.67,5948.82,-5.9,-0.10%,0
"2025-01-15 14:00",5945.7,5957.79,5945.41,5954.72,9.04,+0.15%,0
"2025-01-15 13:00",5930.88,5947.06,5930.78,5945.68,14.85,+0.25%,0
"2025-01-15 12:00",5921.61,5940.46,5920.05,5930.83,9.22,+0.16%,0
"2025-01-15 11:00",5932.8,5940.35,5916.28,5921.61,-11.42,-0.19%,0
"2025-01-15 10:00",5940.96,5950.75,5932.17,5933.03,-6.69,-0.11%,0
"2025-01-15 09:00",5905.21,5942.43,5905.21,5939.72,96.81,+1.66%,0
"2025-01-14 16:00",5843.25,5843.25,5842.71,5842.91,-0.4,-0.01%,0
"2025-01-14 15:00",5826.69,5843.31,5810.73,5843.31,16.17,+0.28%,0
"2025-01-14 14:00",5855.86,5858.49,5825.63,5827.14,-28.8,-0.49%,0
"2025-01-14 13:00",5823.33,5858.36,5822.54,5855.94,32.66,+0.56%,0
"2025-01-14 12:00",5808.75,5826.04,5805.42,5823.28,14.24,+0.25%,0
"2025-01-14 11:00",5839.16,5840.31,5808.8,5809.04,-30.43,-0.52%,0
"2025-01-14 10:00",5844.59,5868.15,5839.47,5839.47,-4.95,-0.08%,0
"2025-01-14 09:00",5859.27,5871.92,5841.83,5844.42,8.2,+0.14%,0
"2025-01-13 16:00",5836.19,5836.26,5836.19,5836.22,0.11,0.00%,0
"2025-01-13 15:00",5826.36,5838.61,5820.23,5836.11,9.76,+0.17%,0
"2025-01-13 14:00",5821.27,5830.76,5811.41,5826.35,5,+0.09%,0
"2025-01-13 13:00",5815.53,5823.21,5809.89,5821.35,5.79,+0.10%,0
"2025-01-13 12:00",5781.2,5815.98,5778.1,5815.56,34.28,+0.59%,0
"2025-01-13 11:00",5799.48,5802.8,5780.57,5781.28,-18.28,-0.32%,0
"2025-01-13 10:00",5799.68,5811.99,5780.41,5799.56,0.52,+0.01%,0
"2025-01-13 09:00",5782.02,5803.48,5773.31,5799.04,-28.,-0.48%,0
"2025-01-10 16:00",5826.57,5827.04,5826.57,5827.04,0.54,+0.01%,0
"2025-01-10 15:00",5842.8,5844.71,5818.8,5826.5,-16.17,-0.28%,0
"2025-01-10 14:00",5865.67,5866.03,5834.59,5842.67,-23.01,-0.39%,0
"2025-01-10 13:00",5837.17,5866.54,5831.65,5865.68,28.45,+0.49%,0
"2025-01-10 12:00",5812.71,5838.5,5807.78,5837.23,24.79,+0.43%,0
"2025-01-10 11:00",5832.87,5834.42,5809.79,5812.44,-20.39,-0.35%,0
"2025-01-10 10:00",5851.36,5854.31,5813.62,5832.83,-18.02,-0.31%,0
"2025-01-10 09:00",5890.35,5890.35,5844.6,5850.85,-67.4,-1.14%,0
"2025-01-08 16:00",5917.91,5918.25,5917.51,5918.25,1.7,+0.03%,0
"2025-01-08 15:00",5907.61,5921.1,5901.99,5916.55,8.95,+0.15%,0
"2025-01-08 14:00",5900.74,5927.89,5894.44,5907.6,6.8,+0.12%,0
"2025-01-08 13:00",5892.54,5917.89,5892.02,5900.8,8.16,+0.14%,0
"2025-01-08 12:00",5916.97,5917,5874.78,5892.64,-24.38,-0.41%,0
"2025-01-08 11:00",5907.05,5922.03,5895.26,5917.02,10.04,+0.17%,0
"2025-01-08 10:00",5895.33,5909.67,5882.64,5906.98,10.25,+0.17%,0
"2025-01-08 09:00",5910.66,5910.66,5888.71,5896.73,-12.3,-0.21%,0
"2025-01-07 16:00",5909.08,5909.19,5909.03,5909.03,-0.51,-0.01%,0
"2025-01-07 15:00",5923.46,5924.01,5890.68,5909.54,-13.94,-0.24%,0
"2025-01-07 14:00",5933.07,5938.16,5921.51,5923.48,-9.55,-0.16%,0
"2025-01-07 13:00",5931.96,5947.25,5930.88,5933.03,1.09,+0.02%,0
"2025-01-07 12:00",5929.89,5939.48,5919.46,5931.94,1.91,+0.03%,0
"2025-01-07 11:00",5957.14,5959.55,5928.63,5930.03,-27.07,-0.45%,0
"2025-01-07 10:00",5985.92,5985.92,5925.51,5957.1,-29.1,-0.49%,0
"2025-01-07 09:00",5993.26,6000.68,5984.57,5986.2,10.82,+0.18%,0
"2025-01-06 16:00",5976.5,5976.5,5975.38,5975.38,-1.12,-0.02%,0
"2025-01-06 15:00",5967.03,5977.63,5960.01,5976.5,9.45,+0.16%,0
"2025-01-06 14:00",5979.66,5980.99,5966.49,5967.05,-12.5,-0.21%,0
"2025-01-06 13:00",6001.2,6001.26,5979.43,5979.55,-21.63,-0.36%,0
"2025-01-06 12:00",6018.39,6018.39,5997.91,6001.18,-17.17,-0.29%,0
"2025-01-06 11:00",6012.39,6021.04,6009.59,6018.35,5.98,+0.10%,0
"2025-01-06 10:00",6002.77,6015.71,6000.51,6012.37,9.98,+0.17%,0
"2025-01-06 09:00",5982.81,6006.12,5982.81,6002.39,59.92,+1.01%,0
"2025-01-03 16:00",5942.34,5942.53,5942.34,5942.47,0.59,+0.01%,0
"2025-01-03 15:00",5944.22,5944.92,5934.29,5941.88,-2.34,-0.04%,0
"2025-01-03 14:00",5936.71,5949.34,5934.79,5944.22,7.34,+0.12%,0
"2025-01-03 13:00",5929.99,5941.91,5925.95,5936.88,6.92,+0.12%,0
"2025-01-03 12:00",5927.26,5932.98,5923.49,5929.96,2.67,+0.05%,0
"2025-01-03 11:00",5914.94,5932.81,5905.2,5927.29,12.41,+0.21%,0
"2025-01-03 10:00",5903.62,5917.82,5888.66,5914.88,12.13,+0.21%,0
"2025-01-03 09:00",5891.07,5918.03,5891.07,5902.75,34.2,+0.58%,0
"2025-01-02 16:00",5868.77,5869.02,5868.55,5868.55,-0.29,0.00%,0
"2025-01-02 15:00",5844.77,5876.01,5844.77,5868.84,23.95,+0.41%,0
"2025-01-02 14:00",5841.84,5862.18,5838.01,5844.89,3.05,+0.05%,0
"2025-01-02 13:00",5852.78,5853.35,5829.53,5841.84,-10.83,-0.19%,0
"2025-01-02 12:00",5902.39,5909.71,5834.28,5852.67,-49.73,-0.84%,0
"2025-01-02 11:00",5900.03,5911.3,5877.45,5902.4,2.32,+0.04%,0
"2025-01-02 10:00",5925.79,5935.09,5888.02,5900.08,-25.15,-0.42%,0
"2025-01-02 09:00",5903.26,5928.48,5886.67,5925.23,43.6,+0.74%,0
"Downloaded from Barchart.com as of 03-04-2026 12:45pm CST"
