Time,Open,High,Low,Latest,Change,%Change,Volume
"2026-03-04 13:30",6875.96,6881.57,6875.91,6878.29,2.34,+0.03%,0
"2026-03-04 13:15",6874.46,6876.2,6869.26,6875.95,1.35,+0.02%,0
"2026-03-04 13:00",6876.8,6879.44,6872.79,6874.6,-2.36,-0.03%,0
"2026-03-04 12:45",6872.58,6878.43,6872.53,6876.96,4.33,+0.06%,0
"2026-03-04 12:30",6868.55,6876.84,6861.37,6872.63,3.89,+0.06%,0
"2026-03-04 12:15",6875.23,6876.25,6868.36,6868.74,-6.48,-0.09%,0
"2026-03-04 12:00",6872.75,6878.19,6870.49,6875.22,2.49,+0.04%,0
"2026-03-04 11:45",6875.91,6878.44,6870.79,6872.73,-3.14,-0.05%,0
"2026-03-04 11:30",6865.89,6877.03,6864.22,6875.87,10,+0.15%,0
"2026-03-04 11:15",6860.21,6868.21,6856.84,6865.87,5.64,+0.08%,0
"2026-03-04 11:00",6872.52,6880.38,6858.43,6860.23,-12.78,-0.19%,0
"2026-03-04 10:45",6859.36,6873.36,6854.31,6873.01,13.55,+0.20%,0
"2026-03-04 10:30",6876.17,6877.23,6858.37,6859.46,-15.99,-0.23%,0
"2026-03-04 10:15",6846.61,6876.76,6846.47,6875.45,28.92,+0.42%,0
"2026-03-04 10:00",6829.85,6851.33,6824.69,6846.53,17.4,+0.25%,0
"2026-03-04 09:45",6816.74,6830.97,6811.64,6829.13,12.55,+0.18%,0
"2026-03-04 09:30",6831.69,6848.04,6815.04,6816.58,-0.05,0.00%,0
"2026-03-03 16:30",6816.63,6816.63,6816.63,6816.63,0,0.00%,0
"2026-03-03 16:15",6816.63,6816.63,6816.63,6816.63,0,0.00%,0
"2026-03-03 16:00",6816.35,6816.78,6816.35,6816.63,0.04,0.00%,0
"2026-03-03 15:45",6819.26,6821.85,6806.83,6816.59,-3.16,-0.05%,0
"2026-03-03 15:30",6824.69,6828.85,6817.08,6819.75,-5.04,-0.07%,0
"2026-03-03 15:15",6822.18,6827.05,6816.68,6824.79,2.48,+0.04%,0
"2026-03-03 15:00",6827.03,6833.46,6822.31,6822.31,-4.61,-0.07%,0
"2026-03-03 14:45",6833.34,6840.05,6822.25,6826.92,-6.37,-0.09%,0
"2026-03-03 14:30",6819.34,6833.63,6808.12,6833.29,13.97,+0.20%,0
"2026-03-03 14:15",6819.94,6829.34,6819.19,6819.32,-0.52,-0.01%,0
"2026-03-03 14:00",6826.56,6828.87,6812.05,6819.84,-6.65,-0.10%,0
"2026-03-03 13:45",6826.21,6832.92,6819.68,6826.49,0.07,0.00%,0
"2026-03-03 13:30",6812.94,6832.79,6812.03,6826.42,13.52,+0.20%,0
"2026-03-03 13:15",6795.35,6818.48,6795.35,6812.9,17.99,+0.26%,0
"2026-03-03 13:00",6788.73,6802.87,6788.73,6794.91,6.26,+0.09%,0
"2026-03-03 12:45",6796.99,6798.64,6784.01,6788.65,-8.33,-0.12%,0
"2026-03-03 12:30",6797.8,6797.81,6776.45,6796.98,-1.06,-0.02%,0
"2026-03-03 12:15",6785.53,6799.01,6781.76,6798.04,12.45,+0.18%,0
"2026-03-03 12:00",6789.89,6793.46,6778.8,6785.59,-4.38,-0.06%,0
"2026-03-03 11:45",6781.37,6798,6781.37,6789.97,8.64,+0.13%,0
"2026-03-03 11:30",6775.13,6781.36,6761.78,6781.33,5.75,+0.08%,0
"2026-03-03 11:15",6765.13,6779.76,6764.8,6775.58,10.53,+0.16%,0
"2026-03-03 11:00",6733.4,6766.18,6731.81,6765.05,31.95,+0.47%,0
"2026-03-03 10:45",6726.78,6734.63,6718.09,6733.1,6.26,+0.09%,0
"2026-03-03 10:30",6711.91,6738.33,6711.91,6726.84,15.03,+0.22%,0
"2026-03-03 10:15",6740.57,6742.16,6710.42,6711.81,-28.84,-0.43%,0
"2026-03-03 10:00",6736.82,6751.74,6730.57,6740.65,3.7,+0.05%,0
"2026-03-03 09:45",6747.96,6760.6,6733.72,6736.95,-11.03,-0.16%,0
"2026-03-03 09:30",6800.26,6800.26,6746.99,6747.98,-133.64,-1.94%,0
"2026-03-02 16:30",6881.62,6881.62,6881.62,6881.62,0,0.00%,0
"2026-03-02 16:15",6881.62,6881.62,6881.62,6881.62,0,0.00%,0
"2026-03-02 16:00",6879.42,6881.62,6879.42,6881.62,1.57,+0.02%,0
"2026-03-02 15:45",6877.14,6887.99,6875.03,6880.05,2.75,+0.04%,0
"2026-03-02 15:30",6868.71,6878.87,6867.84,6877.3,8.49,+0.12%,0
"2026-03-02 15:15",6868.03,6880.24,6864.78,6868.81,0.48,+0.01%,0
"2026-03-02 15:00",6896.94,6898.17,6867.2,6868.33,-28.67,-0.42%,0
"2026-03-02 14:45",6895.45,6900.23,6895.45,6897,1.48,+0.02%,0
"2026-03-02 14:30",6896.87,6901.01,6894.93,6895.52,-1.28,-0.02%,0
"2026-03-02 14:15",6884.37,6897.33,6884.37,6896.8,12.41,+0.18%,0
"2026-03-02 14:00",6868.62,6884.92,6867.6,6884.39,15.7,+0.23%,0
"2026-03-02 13:45",6877.81,6877.86,6868.09,6868.69,-9.22,-0.13%,0
"2026-03-02 13:30",6882.42,6883.61,6873.69,6877.91,-4.39,-0.06%,0
"2026-03-02 13:15",6885.47,6885.47,6876.82,6882.3,-3.24,-0.05%,0
"2026-03-02 13:00",6887.62,6889.03,6883.72,6885.54,-2.13,-0.03%,0
"2026-03-02 12:45",6882.35,6888.32,6881.24,6887.67,5.03,+0.07%,0
"2026-03-02 12:30",6880.12,6883.69,6876.07,6882.64,2.46,+0.04%,0
"2026-03-02 12:15",6878.83,6887.01,6878.73,6880.18,1.39,+0.02%,0
"2026-03-02 12:00",6878.11,6881.32,6873.02,6878.79,0.64,+0.01%,0
"2026-03-02 11:45",6879.45,6884.65,6875.03,6878.15,-1.24,-0.02%,0
"2026-03-02 11:30",6847.65,6880.25,6845.12,6879.39,31.06,+0.45%,0
"2026-03-02 11:15",6868.72,6868.72,6845.27,6848.33,-20.53,-0.30%,0
"2026-03-02 11:00",6857.6,6871.6,6852.17,6868.86,11.33,+0.17%,0
"2026-03-02 10:45",6858.59,6863.32,6847.43,6857.53,-1.1,-0.02%,0
"2026-03-02 10:30",6849.77,6858.63,6840.15,6858.63,10.39,+0.15%,0
"2026-03-02 10:15",6865.15,6868.53,6846.15,6848.24,-17.08,-0.25%,0
"2026-03-02 10:00",6845.18,6868.49,6835.61,6865.32,19.85,+0.29%,0
"2026-03-02 09:45",6835.71,6849.05,6832.36,6845.47,10.19,+0.15%,0
"2026-03-02 09:30",6824.36,6840.63,6796.85,6835.28,-43.6,-0.63%,0
"2026-02-27 16:30",6878.88,6878.88,6878.88,6878.88,0,0.00%,0
"2026-02-27 16:15",6878.88,6878.88,6878.88,6878.88,0,0.00%,0
"2026-02-27 16:00",6878.41,6878.91,6878.37,6878.88,0.84,+0.01%,0
"2026-02-27 15:45",6865.26,6882.96,6865.19,6878.04,12.79,+0.19%,0
"2026-02-27 15:30",6871.17,6872.99,6860.52,6865.25,-5.88,-0.09%,0
"2026-02-27 15:15",6867.11,6875.96,6866.68,6871.13,4.19,+0.06%,0
"2026-02-27 15:00",6848.81,6867.17,6848.81,6866.94,17.94,+0.26%,0
"2026-02-27 14:45",6848.63,6851.28,6846.87,6849,0.58,+0.01%,0
"2026-02-27 14:30",6851.11,6855.3,6845.6,6848.42,-2.68,-0.04%,0
"2026-02-27 14:15",6854.81,6856.13,6850.4,6851.1,-3.59,-0.05%,0
"2026-02-27 14:00",6854.86,6865.28,6851.83,6854.69,-0.18,0.00%,0
"2026-02-27 13:45",6853.52,6855.54,6850.13,6854.87,1.47,+0.02%,0
"2026-02-27 13:30",6852.84,6857.49,6848.46,6853.4,0.64,+0.01%,0
"2026-02-27 13:15",6853.98,6854.6,6846.02,6852.76,-1.29,-0.02%,0
"2026-02-27 13:00",6859.03,6861.42,6853.73,6854.05,-5.02,-0.07%,0
"2026-02-27 12:45",6854.9,6859.55,6850.58,6859.07,4.05,+0.06%,0
"2026-02-27 12:30",6856.3,6865.88,6852.34,6855.02,-1.27,-0.02%,0
"2026-02-27 12:15",6863.94,6863.98,6848.5,6856.29,-7.62,-0.11%,0
"2026-02-27 12:00",6863.76,6877.6,6863.65,6863.91,0.01,0.00%,0
"2026-02-27 11:45",6862.54,6874.33,6861.19,6863.9,1.39,+0.02%,0
"2026-02-27 11:30",6869.05,6877.38,6862.51,6862.51,-6.36,-0.09%,0
"2026-02-27 11:15",6870.57,6875.69,6867.42,6868.87,-1.92,-0.03%,0
"2026-02-27 11:00",6867.58,6874.34,6862.39,6870.79,2.96,+0.04%,0
"2026-02-27 10:45",6872.3,6875.4,6857.84,6867.83,-4.35,-0.06%,0
"2026-02-27 10:30",6861.05,6872.41,6853.61,6872.18,11.19,+0.16%,0
"2026-02-27 10:15",6861.09,6864.65,6852.22,6860.99,-0.23,0.00%,0
"2026-02-27 10:00",6843.93,6870.59,6841.96,6861.22,16.53,+0.24%,0
"2026-02-27 09:45",6841.75,6852.76,6837.98,6844.69,2.93,+0.04%,0
"2026-02-27 09:30",6856.54,6857.04,6831.74,6841.76,-67.1,-0.97%,0
"2026-02-26 16:30",6908.86,6908.86,6908.86,6908.86,0,0.00%,0
"2026-02-26 16:15",6908.86,6908.86,6908.86,6908.86,0,0.00%,0
"2026-02-26 16:00",6909.24,6909.24,6908.85,6908.86,-0.15,0.00%,0
"2026-02-26 15:45",6909.04,6909.93,6902.46,6909.01,-0.11,0.00%,0
"2026-02-26 15:30",6902.45,6910.95,6902.45,6909.12,6.65,+0.10%,0
"2026-02-26 15:15",6904.93,6908.53,6902.19,6902.47,-2.34,-0.03%,0
"2026-02-26 15:00",6906.29,6913.71,6904.72,6904.81,-1.6,-0.02%,0
"2026-02-26 14:45",6907.6,6912.57,6906.35,6906.41,-1.3,-0.02%,0
"2026-02-26 14:30",6902.16,6909.09,6901.26,6907.71,5.44,+0.08%,0
"2026-02-26 14:15",6901.24,6908.99,6901.13,6902.27,1.14,+0.02%,0
"2026-02-26 14:00",6889.92,6903.29,6887.92,6901.13,11.26,+0.16%,0
"2026-02-26 13:45",6891.32,6897.17,6886.88,6889.87,-1.68,-0.02%,0
"2026-02-26 13:30",6872.63,6893.14,6870.89,6891.55,18.79,+0.27%,0
"2026-02-26 13:15",6868.97,6875.03,6865.17,6872.76,3.72,+0.05%,0
"2026-02-26 13:00",6871.06,6871.11,6864.14,6869.04,-2.12,-0.03%,0
"2026-02-26 12:45",6872.37,6874.38,6866.6,6871.16,-1.35,-0.02%,0
"2026-02-26 12:30",6878.29,6886.21,6872.42,6872.51,-5.92,-0.09%,0
"2026-02-26 12:15",6878.88,6880.99,6876.52,6878.43,-0.7,-0.01%,0
"2026-02-26 12:00",6877.97,6886.13,6877.39,6879.13,1.31,+0.02%,0
"2026-02-26 11:45",6884.75,6890.22,6876.3,6877.82,-7.02,-0.10%,0
"2026-02-26 11:30",6903.79,6904.56,6884.63,6884.84,-19.01,-0.28%,0
"2026-02-26 11:15",6902.02,6906.7,6898.11,6903.85,2.01,+0.03%,0
"2026-02-26 11:00",6893.4,6901.84,6891.3,6901.84,8.57,+0.12%,0
"2026-02-26 10:45",6885.64,6897.4,6883.45,6893.27,7.63,+0.11%,0
"2026-02-26 10:30",6872.8,6886.81,6859.73,6885.64,12.26,+0.18%,0
"2026-02-26 10:15",6901.88,6902.03,6863.84,6873.38,-28.37,-0.41%,0
"2026-02-26 10:00",6922.89,6925.87,6901.75,6901.75,-21.53,-0.31%,0
"2026-02-26 09:45",6930.34,6930.43,6920.74,6923.28,-6.97,-0.10%,0
"2026-02-26 09:30",6944.74,6947.25,6924.7,6930.25,-15.88,-0.23%,0
"2026-02-25 17:15",6946.13,6946.13,6946.13,6946.13,0,0.00%,0
"2026-02-25 16:15",6946.13,6946.13,6946.13,6946.13,0,0.00%,0
"2026-02-25 16:00",6946.53,6946.61,6946.12,6946.13,-0.76,-0.01%,0
"2026-02-25 15:45",6947.78,6952.51,6946.1,6946.89,-0.89,-0.01%,0
"2026-02-25 15:30",6945.96,6949.19,6944.4,6947.78,1.85,+0.03%,0
"2026-02-25 15:15",6947.69,6948.68,6945.22,6945.93,-1.76,-0.03%,0
"2026-02-25 15:00",6947.75,6949.53,6946.72,6947.69,-0.04,0.00%,0
"2026-02-25 14:45",6947.51,6949.44,6947.22,6947.73,0.27,0.00%,0
"2026-02-25 14:30",6945.28,6949.84,6945.18,6947.46,2.22,+0.03%,0
"2026-02-25 14:15",6945.2,6947.17,6944.3,6945.24,-0.02,0.00%,0
"2026-02-25 14:00",6941.86,6946.67,6941.72,6945.26,3.42,+0.05%,0
"2026-02-25 13:45",6942.45,6943.32,6941.19,6941.84,-0.71,-0.01%,0
"2026-02-25 13:30",6939.85,6942.95,6938.83,6942.55,2.72,+0.04%,0
"2026-02-25 13:15",6941.82,6941.89,6939.06,6939.83,-1.98,-0.03%,0
"2026-02-25 13:00",6942.08,6943.33,6941.05,6941.81,-0.28,0.00%,0
"2026-02-25 12:45",6939.83,6942.25,6939.11,6942.09,2.31,+0.03%,0
"2026-02-25 12:30",6936.18,6940.86,6935.25,6939.78,3.49,+0.05%,0
"2026-02-25 12:15",6939.66,6940.19,6935.82,6936.29,-3.23,-0.05%,0
"2026-02-25 12:00",6937.24,6940.03,6935.41,6939.52,2.29,+0.03%,0
"2026-02-25 11:45",6935.7,6940.44,6935.7,6937.23,1.58,+0.02%,0
"2026-02-25 11:30",6931.22,6936.37,6930.71,6935.65,4.32,+0.06%,0
"2026-02-25 11:15",6927.46,6932.12,6923.3,6931.33,3.93,+0.06%,0
"2026-02-25 11:00",6924.93,6929.76,6924.59,6927.4,2.48,+0.04%,0
"2026-02-25 10:45",6921.58,6924.92,6918.36,6924.92,3.22,+0.05%,0
"2026-02-25 10:30",6927.74,6929.73,6918.84,6921.7,-5.9,-0.09%,0
"2026-02-25 10:15",6921.29,6928.52,6919.4,6927.6,6.26,+0.09%,0
"2026-02-25 10:00",6929.67,6932.23,6919.76,6921.34,-8.52,-0.12%,0
"2026-02-25 09:45",6925.84,6936.2,6924.85,6929.86,3.74,+0.05%,0
"2026-02-25 09:30",6915.15,6930.89,6915.15,6926.12,36.05,+0.52%,0
"2026-02-24 16:30",6890.07,6890.07,6890.07,6890.07,0,0.00%,0
"2026-02-24 16:15",6890.07,6890.07,6890.07,6890.07,0,0.00%,0
"2026-02-24 16:00",6890.05,6890.45,6890.05,6890.07,-0.97,-0.01%,0
"2026-02-24 15:45",6888.49,6899.17,6888.11,6891.04,2.52,+0.04%,0
"2026-02-24 15:30",6881.7,6888.64,6881.67,6888.52,6.9,+0.10%,0
"2026-02-24 15:15",6883.37,6887.08,6881.47,6881.62,-1.66,-0.02%,0
"2026-02-24 15:00",6887.64,6889.61,6882.47,6883.28,-4.38,-0.06%,0
"2026-02-24 14:45",6888.53,6892.82,6886.78,6887.66,-0.93,-0.01%,0
"2026-02-24 14:30",6885.33,6889.52,6884.39,6888.59,3.2,+0.05%,0
"2026-02-24 14:15",6887.98,6888.12,6883.12,6885.39,-2.67,-0.04%,0
"2026-02-24 14:00",6890.71,6892.3,6886.5,6888.06,-2.67,-0.04%,0
"2026-02-24 13:45",6893.54,6894.76,6890.67,6890.73,-2.81,-0.04%,0
"2026-02-24 13:30",6886.49,6894.43,6886.01,6893.54,7.02,+0.10%,0
"2026-02-24 13:15",6890.93,6891.35,6885.91,6886.52,-4.5,-0.07%,0
"2026-02-24 13:00",6890.48,6897.22,6890.28,6891.02,0.53,+0.01%,0
"2026-02-24 12:45",6888.34,6893.03,6886.92,6890.49,2.17,+0.03%,0
"2026-02-24 12:30",6891.76,6893.16,6888.26,6888.32,-3.4,-0.05%,0
"2026-02-24 12:15",6889.74,6894.1,6888.58,6891.72,1.95,+0.03%,0
"2026-02-24 12:00",6880.61,6891.41,6880.27,6889.77,8.9,+0.13%,0
"2026-02-24 11:45",6872.52,6882.86,6872.18,6880.87,8.36,+0.12%,0
"2026-02-24 11:30",6876.83,6877.14,6867.72,6872.51,-4.21,-0.06%,0
"2026-02-24 11:15",6882.5,6883.75,6874.45,6876.72,-5.83,-0.08%,0
"2026-02-24 11:00",6870.03,6884.68,6869.76,6882.55,12.47,+0.18%,0
"2026-02-24 10:45",6879.32,6879.32,6868.34,6870.08,-9.61,-0.14%,0
"2026-02-24 10:30",6880.17,6881.85,6873.19,6879.69,-0.45,-0.01%,0
"2026-02-24 10:15",6848.5,6880.53,6847.21,6880.14,31.49,+0.46%,0
"2026-02-24 10:00",6847.27,6857.47,6837.49,6848.65,0.77,+0.01%,0
"2026-02-24 09:45",6859.11,6870.29,6843.85,6847.88,-10.85,-0.16%,0
"2026-02-24 09:30",6837.37,6859.21,6815.43,6858.73,20.98,+0.31%,0
"2026-02-23 16:30",6837.75,6837.75,6837.75,6837.75,0,0.00%,0
"2026-02-23 16:15",6837.75,6837.75,6837.75,6837.75,0,0.00%,0
"2026-02-23 16:00",6839.2,6839.2,6837.75,6837.75,-1.84,-0.03%,0
"2026-02-23 15:45",6832.74,6839.59,6825.9,6839.59,6.91,+0.10%,0
"2026-02-23 15:30",6830.04,6838.61,6828.06,6832.68,2.43,+0.04%,0
"2026-02-23 15:15",6823.53,6831.07,6823.4,6830.25,6.55,+0.10%,0
"2026-02-23 15:00",6826.65,6830.32,6822.89,6823.7,-2.83,-0.04%,0
"2026-02-23 14:45",6825.06,6831.23,6824.08,6826.53,1.66,+0.02%,0
"2026-02-23 14:30",6828.6,6832.47,6821.78,6824.87,-3.64,-0.05%,0
"2026-02-23 14:15",6835.4,6836.9,6828.03,6828.51,-6.94,-0.10%,0
"2026-02-23 14:00",6836.35,6838.6,6833.38,6835.45,-0.84,-0.01%,0
"2026-02-23 13:45",6846.41,6850.16,6835.22,6836.29,-10.05,-0.15%,0
"2026-02-23 13:30",6854.33,6855.55,6845.33,6846.34,-7.91,-0.12%,0
"2026-02-23 13:15",6847.43,6855.54,6846.39,6854.25,6.71,+0.10%,0
"2026-02-23 13:00",6836.23,6847.75,6835.71,6847.54,11.35,+0.17%,0
"2026-02-23 12:45",6828.38,6839.23,6826.34,6836.19,7.69,+0.11%,0
"2026-02-23 12:30",6833.39,6833.52,6821.81,6828.5,-4.92,-0.07%,0
"2026-02-23 12:15",6834,6838.68,6833.26,6833.42,-0.44,-0.01%,0
"2026-02-23 12:00",6835.94,6840.55,6832.77,6833.86,-1.99,-0.03%,0
"2026-02-23 11:45",6841.04,6842.1,6834.82,6835.85,-5.23,-0.08%,0
"2026-02-23 11:30",6844.91,6847.47,6839.76,6841.08,-3.83,-0.06%,0
"2026-02-23 11:15",6822.63,6845.01,6819.82,6844.91,22.45,+0.33%,0
"2026-02-23 11:00",6838.63,6840.92,6821.89,6822.46,-16.39,-0.24%,0
"2026-02-23 10:45",6852.48,6855.16,6838.28,6838.85,-13.48,-0.20%,0
"2026-02-23 10:30",6860.91,6865.28,6850.75,6852.33,-8.22,-0.12%,0
"2026-02-23 10:15",6863.69,6871.25,6859.13,6860.55,-3.13,-0.05%,0
"2026-02-23 10:00",6881.35,6887.94,6862.3,6863.68,-18.22,-0.26%,0
"2026-02-23 09:45",6892.69,6898.09,6880.2,6881.9,-10.93,-0.16%,0
"2026-02-23 09:30",6901.25,6916.96,6892.45,6892.83,-16.68,-0.24%,0
"2026-02-20 16:30",6909.51,6909.51,6909.51,6909.51,0,0.00%,0
"2026-02-20 16:15",6909.51,6909.51,6909.51,6909.51,0,0.00%,0
"2026-02-20 16:00",6910.07,6910.07,6909.5,6909.51,-0.71,-0.01%,0
"2026-02-20 15:45",6907.28,6910.3,6900.87,6910.22,3.03,+0.04%,0
"2026-02-20 15:30",6900.38,6907.19,6899.7,6907.19,6.92,+0.10%,0
"2026-02-20 15:15",6908.05,6908.16,6898.1,6900.27,-7.87,-0.11%,0
"2026-02-20 15:00",6897.23,6909.42,6897.17,6908.14,10.91,+0.16%,0
"2026-02-20 14:45",6897.27,6902.67,6895.31,6897.23,-0.06,0.00%,0
"2026-02-20 14:30",6902.05,6907.45,6896.92,6897.29,-4.85,-0.07%,0
"2026-02-20 14:15",6901.53,6906.24,6899.32,6902.14,0.57,+0.01%,0
"2026-02-20 14:00",6909.8,6914.04,6901.15,6901.57,-8.11,-0.12%,0
"2026-02-20 13:45",6903.86,6915.86,6901.68,6909.68,5.77,+0.08%,0
"2026-02-20 13:30",6882.9,6905.87,6876.26,6903.91,20.77,+0.30%,0
"2026-02-20 13:15",6887.11,6887.66,6875.72,6883.14,-3.82,-0.06%,0
"2026-02-20 13:00",6891.48,6893.99,6883.66,6886.96,-4.5,-0.07%,0
"2026-02-20 12:45",6876.68,6892.8,6874.6,6891.46,14.77,+0.21%,0
"2026-02-20 12:30",6868.28,6877.98,6866.99,6876.69,8.64,+0.13%,0
"2026-02-20 12:15",6878.54,6878.54,6858.51,6868.05,-10.82,-0.16%,0
"2026-02-20 12:00",6902.26,6904.69,6878.49,6878.87,-23.18,-0.34%,0
"2026-02-20 11:45",6901.88,6908.12,6901.52,6902.05,0.19,0.00%,0
"2026-02-20 11:30",6878.72,6905.4,6876.36,6901.86,23.1,+0.34%,0
"2026-02-20 11:15",6897.09,6899.07,6878.59,6878.76,-18.37,-0.27%,0
"2026-02-20 11:00",6905.83,6908.82,6896.79,6897.13,-8.75,-0.13%,0
"2026-02-20 10:45",6897.68,6908.03,6890.83,6905.88,7.88,+0.11%,0
"2026-02-20 10:30",6884.09,6898,6872.77,6898,13.58,+0.20%,0
"2026-02-20 10:15",6871.53,6896.69,6859.51,6884.42,13.32,+0.19%,0
"2026-02-20 10:00",6865.14,6909.87,6863.82,6871.1,5.33,+0.08%,0
"2026-02-20 09:45",6864.64,6867.66,6851.76,6865.77,1.49,+0.02%,0
"2026-02-20 09:30",6843.26,6869.98,6836.33,6864.28,2.39,+0.03%,0
"2026-02-19 17:45",6861.89,6861.89,6861.89,6861.89,0,0.00%,0
"2026-02-19 16:30",6861.89,6861.89,6861.89,6861.89,0,0.00%,0
"2026-02-19 16:15",6861.89,6861.89,6861.89,6861.89,0,0.00%,0
"2026-02-19 16:00",6861.94,6861.94,6861.85,6861.89,0.24,0.00%,0
"2026-02-19 15:45",6850.09,6861.73,6849.47,6861.65,11.52,+0.17%,0
"2026-02-19 15:30",6845.55,6852.43,6845.02,6850.13,4.54,+0.07%,0
"2026-02-19 15:15",6848.44,6849.89,6843.74,6845.59,-2.98,-0.04%,0
"2026-02-19 15:00",6842.56,6851.53,6842.46,6848.57,5.99,+0.09%,0
"2026-02-19 14:45",6841.98,6845.65,6838.55,6842.58,0.68,+0.01%,0
"2026-02-19 14:30",6849.38,6852.08,6836.87,6841.9,-7.5,-0.11%,0
"2026-02-19 14:15",6853.65,6857.26,6847.38,6849.4,-4.21,-0.06%,0
"2026-02-19 14:00",6854.41,6857.21,6851.12,6853.61,-0.95,-0.01%,0
"2026-02-19 13:45",6844.07,6854.95,6844.07,6854.56,10.39,+0.15%,0
"2026-02-19 13:30",6841.15,6844.9,6837.73,6844.17,3.09,+0.05%,0
"2026-02-19 13:15",6849.97,6849.98,6833.06,6841.08,-8.85,-0.13%,0
"2026-02-19 13:00",6841.03,6850.79,6838.17,6849.93,9.18,+0.13%,0
"2026-02-19 12:45",6854.77,6854.98,6838.78,6840.75,-14.09,-0.21%,0
"2026-02-19 12:30",6856.33,6858.91,6851.74,6854.84,-1.54,-0.02%,0
"2026-02-19 12:15",6852.49,6864.05,6850.02,6856.38,3.9,+0.06%,0
"2026-02-19 12:00",6852.52,6853.47,6844.49,6852.48,-0.07,0.00%,0
"2026-02-19 11:45",6853.33,6857.56,6844.67,6852.55,-0.93,-0.01%,0
"2026-02-19 11:30",6858.63,6869.2,6853.16,6853.48,-5.17,-0.08%,0
"2026-02-19 11:15",6865.46,6874.98,6858.39,6858.65,-6.44,-0.09%,0
"2026-02-19 11:00",6869.9,6872.37,6856.51,6865.09,-4.86,-0.07%,0
"2026-02-19 10:45",6872.13,6874,6859.86,6869.95,-2.31,-0.03%,0
"2026-02-19 10:30",6856.49,6875.35,6855.21,6872.26,15.65,+0.23%,0
"2026-02-19 10:15",6858.82,6869.82,6855.92,6856.61,-2.06,-0.03%,0
"2026-02-19 10:00",6867.32,6879.12,6858.18,6858.67,-8.71,-0.13%,0
"2026-02-19 09:45",6864,6875.99,6849.98,6867.38,3.05,+0.04%,0
"2026-02-19 09:30",6861.34,6865.22,6842.82,6864.33,-16.98,-0.25%,0
"2026-02-18 16:30",6881.31,6881.31,6881.31,6881.31,0,0.00%,0
"2026-02-18 16:15",6881.31,6881.31,6881.31,6881.31,0,0.00%,0
"2026-02-18 16:00",6880.27,6881.32,6880.27,6881.31,1.65,+0.02%,0
"2026-02-18 15:45",6874.75,6889.75,6873.26,6879.66,4.84,+0.07%,0
"2026-02-18 15:30",6859.94,6876.4,6859.53,6874.82,14.73,+0.21%,0
"2026-02-18 15:15",6861.88,6864.11,6857.45,6860.09,-1.77,-0.03%,0
"2026-02-18 15:00",6863.52,6871.37,6859.51,6861.86,-1.31,-0.02%,0
"2026-02-18 14:45",6869.99,6875.49,6858.68,6863.17,-6.8,-0.10%,0
"2026-02-18 14:30",6882.23,6883.92,6866.99,6869.97,-12.27,-0.18%,0
"2026-02-18 14:15",6882.7,6886.83,6879.24,6882.24,-0.38,-0.01%,0
"2026-02-18 14:00",6887.68,6891.67,6882.53,6882.62,-5.39,-0.08%,0
"2026-02-18 13:45",6888.76,6893.48,6879.32,6888.01,-0.74,-0.01%,0
"2026-02-18 13:30",6895.94,6898.3,6885.02,6888.75,-7.12,-0.10%,0
"2026-02-18 13:15",6903.11,6905.55,6893.7,6895.87,-7.29,-0.11%,0
"2026-02-18 13:00",6903.01,6909.12,6902.14,6903.16,0.42,+0.01%,0
"2026-02-18 12:45",6898.84,6905.83,6898.1,6902.74,3.91,+0.06%,0
"2026-02-18 12:30",6900.51,6902.21,6897.41,6898.83,-1.69,-0.02%,0
"2026-02-18 12:15",6900.62,6904.63,6899.52,6900.52,-0.22,0.00%,0
"2026-02-18 12:00",6893.91,6906.88,6892.67,6900.74,6.93,+0.10%,0
"2026-02-18 11:45",6901.99,6903.12,6893.37,6893.81,-8.39,-0.12%,0
"2026-02-18 11:30",6900.65,6905.58,6899.96,6902.2,1.59,+0.02%,0
"2026-02-18 11:15",6902.47,6905.01,6898.75,6900.61,-1.87,-0.03%,0
"2026-02-18 11:00",6903.91,6907.85,6901.06,6902.48,-1.41,-0.02%,0
"2026-02-18 10:45",6901.51,6905.73,6899.11,6903.89,2.5,+0.04%,0
"2026-02-18 10:30",6897.21,6903.11,6891.82,6901.39,4.31,+0.06%,0
"2026-02-18 10:15",6896.41,6902.99,6893.69,6897.08,0.56,+0.01%,0
"2026-02-18 10:00",6880.7,6899.33,6880.08,6896.52,16.27,+0.24%,0
"2026-02-18 09:45",6869.3,6882.2,6855.04,6880.25,10.93,+0.16%,0
"2026-02-18 09:30",6855.48,6872.69,6849.66,6869.32,26.1,+0.38%,0
"2026-02-17 16:45",6843.22,6843.22,6843.22,6843.22,0,0.00%,0
"2026-02-17 16:15",6843.22,6843.22,6843.22,6843.22,0,0.00%,0
"2026-02-17 16:00",6843.51,6844.11,6843.22,6843.22,-2.81,-0.04%,0
"2026-02-17 15:45",6848.07,6849.38,6837.73,6846.03,-2.34,-0.03%,0
"2026-02-17 15:30",6846.93,6850.53,6838.38,6848.37,1.32,+0.02%,0
"2026-02-17 15:15",6853.19,6855.12,6845.06,6847.05,-6.07,-0.09%,0
"2026-02-17 15:00",6853.7,6858.9,6850.06,6853.12,-0.49,-0.01%,0
"2026-02-17 14:45",6865.52,6865.52,6852.5,6853.61,-11.82,-0.17%,0
"2026-02-17 14:30",6857.54,6866.99,6856.39,6865.43,8.31,+0.12%,0
"2026-02-17 14:15",6860.05,6863.86,6856.48,6857.12,-2.89,-0.04%,0
"2026-02-17 14:00",6858.87,6862.82,6854.62,6860.01,1.51,+0.02%,0
"2026-02-17 13:45",6854.32,6865.17,6853.3,6858.5,4.22,+0.06%,0
"2026-02-17 13:30",6841.5,6858.59,6838.84,6854.28,12.91,+0.19%,0
"2026-02-17 13:15",6821.55,6842.84,6817.64,6841.37,19.9,+0.29%,0
"2026-02-17 13:00",6828.27,6829.11,6816.76,6821.47,-6.74,-0.10%,0
"2026-02-17 12:45",6818.78,6828.81,6809.67,6828.21,9.34,+0.14%,0
"2026-02-17 12:30",6839.5,6840.78,6818.87,6818.87,-20.26,-0.30%,0
"2026-02-17 12:15",6830.7,6839.13,6823.26,6839.13,8.28,+0.12%,0
"2026-02-17 12:00",6842.73,6843.09,6826.96,6830.85,-11.89,-0.17%,0
"2026-02-17 11:45",6836.05,6847.86,6833.59,6842.74,6.68,+0.10%,0
"2026-02-17 11:30",6834.25,6845.72,6826.9,6836.06,1.95,+0.03%,0
"2026-02-17 11:15",6840.85,6849.56,6833.74,6834.11,-6.75,-0.10%,0
"2026-02-17 11:00",6803.71,6843.32,6802.78,6840.86,37.42,+0.55%,0
"2026-02-17 10:45",6783.38,6803.44,6782.77,6803.44,20.01,+0.29%,0
"2026-02-17 10:30",6790.98,6793.01,6775.5,6783.43,-7.89,-0.12%,0
"2026-02-17 10:15",6787.61,6814.84,6785.69,6791.32,3.73,+0.05%,0
"2026-02-17 10:00",6783.56,6802.53,6780.48,6787.59,3.71,+0.05%,0
"2026-02-17 09:45",6824.46,6829.35,6783.33,6783.88,-40.5,-0.59%,0
"2026-02-17 09:30",6819.86,6845.24,6816.11,6824.38,-11.79,-0.17%,0
"2026-02-13 16:45",6836.17,6836.17,6836.17,6836.17,0,0.00%,0
"2026-02-13 16:15",6836.17,6836.17,6836.17,6836.17,0,0.00%,0
"2026-02-13 16:00",6835.71,6836.17,6835.71,6836.17,1.09,+0.02%,0
"2026-02-13 15:45",6821,6837.12,6820.49,6835.08,13.97,+0.20%,0
"2026-02-13 15:30",6825.41,6830.86,6817.63,6821.11,-4.54,-0.07%,0
"2026-02-13 15:15",6840.39,6844.89,6823.01,6825.65,-14.81,-0.22%,0
"2026-02-13 15:00",6842.84,6851.53,6840.46,6840.46,-2.36,-0.03%,0
"2026-02-13 14:45",6855.5,6860.9,6842.4,6842.82,-12.59,-0.18%,0
"2026-02-13 14:30",6861.93,6867.83,6852.73,6855.41,-6.44,-0.09%,0
"2026-02-13 14:15",6869.11,6872.45,6859.55,6861.85,-7.26,-0.11%,0
"2026-02-13 14:00",6866.49,6872.82,6864.14,6869.11,2.5,+0.04%,0
"2026-02-13 13:45",6868.81,6875.95,6863.4,6866.61,-2.23,-0.03%,0
"2026-02-13 13:30",6872.12,6879.07,6868.37,6868.84,-2.98,-0.04%,0
"2026-02-13 13:15",6871.9,6880.94,6868.46,6871.82,0.01,0.00%,0
"2026-02-13 13:00",6869.82,6873.1,6860.66,6871.81,2.06,+0.03%,0
"2026-02-13 12:45",6876.59,6879.13,6868.14,6869.75,-6.84,-0.10%,0
"2026-02-13 12:30",6872.87,6881.96,6872.24,6876.59,3.68,+0.05%,0
"2026-02-13 12:15",6879.23,6879.44,6868.33,6872.91,-6.36,-0.09%,0
"2026-02-13 12:00",6866.45,6879.6,6864.5,6879.27,12.42,+0.18%,0
"2026-02-13 11:45",6864.77,6873.75,6862.1,6866.85,1.97,+0.03%,0
"2026-02-13 11:30",6856.25,6865,6849.33,6864.88,9.47,+0.14%,0
"2026-02-13 11:15",6852.74,6859.17,6838.23,6855.41,2.91,+0.04%,0
"2026-02-13 11:00",6843.9,6861.21,6843.9,6852.5,8.04,+0.12%,0
"2026-02-13 10:45",6835.25,6849.97,6827.21,6844.46,9.44,+0.14%,0
"2026-02-13 10:30",6848.55,6864.25,6834.71,6835.02,-13.51,-0.20%,0
"2026-02-13 10:15",6832.74,6851.65,6824.52,6848.53,15.38,+0.23%,0
"2026-02-13 10:00",6817.69,6847.17,6817.69,6833.15,16.58,+0.24%,0
"2026-02-13 09:45",6822.67,6846.77,6815.04,6816.57,-5.86,-0.09%,0
"2026-02-13 09:30",6834.27,6845.3,6794.55,6822.43,-10.33,-0.15%,0
"2026-02-12 16:45",6832.76,6832.76,6832.76,6832.76,0,0.00%,0
"2026-02-12 16:15",6832.76,6832.76,6832.76,6832.76,0,0.00%,0
"2026-02-12 16:00",6832.64,6832.77,6832.62,6832.76,-0.78,-0.01%,0
"2026-02-12 15:45",6846.03,6846.71,6824.04,6833.54,-12.33,-0.18%,0
"2026-02-12 15:30",6851.64,6853.27,6844.18,6845.87,-6.01,-0.09%,0
"2026-02-12 15:15",6868.43,6868.56,6851.12,6851.88,-16.41,-0.24%,0
"2026-02-12 15:00",6871.04,6874.64,6862.12,6868.29,-2.51,-0.04%,0
"2026-02-12 14:45",6869.84,6879.13,6867.82,6870.8,0.95,+0.01%,0
"2026-02-12 14:30",6861.28,6874.72,6861.28,6869.85,8.65,+0.13%,0
"2026-02-12 14:15",6861.25,6874.15,6860.18,6861.2,0.01,0.00%,0
"2026-02-12 14:00",6866.96,6870.27,6856.33,6861.19,-5.64,-0.08%,0
"2026-02-12 13:45",6868.59,6873.13,6862.46,6866.83,-1.82,-0.03%,0
"2026-02-12 13:30",6851.29,6868.82,6847.88,6868.65,17.44,+0.25%,0
"2026-02-12 13:15",6852.34,6856.5,6842.45,6851.21,-1.01,-0.01%,0
"2026-02-12 13:00",6849.61,6860.47,6844.26,6852.22,2.42,+0.04%,0
"2026-02-12 12:45",6870.31,6873.38,6849.38,6849.8,-20.51,-0.30%,0
"2026-02-12 12:30",6860.68,6875.36,6858.79,6870.31,9.76,+0.14%,0
"2026-02-12 12:15",6857.53,6871.49,6854.38,6860.55,3.12,+0.05%,0
"2026-02-12 12:00",6866.02,6869.59,6854.38,6857.43,-8.93,-0.13%,0
"2026-02-12 11:45",6868.72,6872.5,6858.73,6866.36,-2.65,-0.04%,0
"2026-02-12 11:30",6855.31,6877.38,6855.03,6869.01,13.62,+0.20%,0
"2026-02-12 11:15",6882.09,6883.47,6854.94,6855.39,-26.94,-0.39%,0
"2026-02-12 11:00",6905.4,6906.77,6879.8,6882.33,-23.05,-0.33%,0
"2026-02-12 10:45",6923.27,6927.81,6904.98,6905.38,-17.65,-0.25%,0
"2026-02-12 10:30",6950.68,6954.26,6922.93,6923.03,-27.63,-0.40%,0
"2026-02-12 10:15",6953.94,6956.89,6944.92,6950.66,-3.21,-0.05%,0
"2026-02-12 10:00",6949.47,6955.85,6941.13,6953.87,7.94,+0.11%,0
"2026-02-12 09:45",6960.53,6963.39,6942.64,6945.93,-14.69,-0.21%,0
"2026-02-12 09:30",6957.54,6973.22,6957.54,6960.62,19.15,+0.28%,0
"2026-02-11 16:30",6941.47,6941.47,6941.47,6941.47,0,0.00%,0
"2026-02-11 16:15",6941.47,6941.47,6941.47,6941.47,0,0.00%,0
"2026-02-11 16:00",6940.19,6941.47,6940.19,6941.47,1.79,+0.03%,0
"2026-02-11 15:45",6945.67,6950.29,6939.68,6939.68,-5.88,-0.08%,0
"2026-02-11 15:30",6943.45,6949.83,6939.78,6945.56,2.12,+0.03%,0
"2026-02-11 15:15",6948.6,6951.21,6943.36,6943.44,-5.07,-0.07%,0
"2026-02-11 15:00",6949.78,6951.9,6947.88,6948.51,-1.43,-0.02%,0
"2026-02-11 14:45",6957.87,6957.97,6944.81,6949.94,-7.98,-0.11%,0
"2026-02-11 14:30",6958.6,6959.33,6953.99,6957.92,-0.68,-0.01%,0
"2026-02-11 14:15",6953.4,6960.09,6953.11,6958.6,5.21,+0.07%,0
"2026-02-11 14:00",6947.88,6954.58,6942.92,6953.39,5.46,+0.08%,0
"2026-02-11 13:45",6944.52,6950.89,6941.67,6947.93,3.47,+0.05%,0
"2026-02-11 13:30",6948.73,6950.35,6942.6,6944.46,-4.42,-0.06%,0
"2026-02-11 13:15",6937.06,6949.54,6934.97,6948.88,11.81,+0.17%,0
"2026-02-11 13:00",6948.19,6949.93,6936.05,6937.07,-11.13,-0.16%,0
"2026-02-11 12:45",6957.91,6960.28,6946.62,6948.2,-9.81,-0.14%,0
"2026-02-11 12:30",6956.23,6958.86,6950.94,6958.01,2.13,+0.03%,0
"2026-02-11 12:15",6944.28,6958.56,6941.98,6955.88,11.58,+0.17%,0
"2026-02-11 12:00",6941.12,6946.66,6934.69,6944.3,3.15,+0.05%,0
"2026-02-11 11:45",6950.67,6953.04,6940.73,6941.15,-9.69,-0.14%,0
"2026-02-11 11:30",6939.37,6953.69,6936.62,6950.84,11.39,+0.16%,0
"2026-02-11 11:15",6949.01,6955.35,6939.45,6939.45,-9.68,-0.14%,0
"2026-02-11 11:00",6944.19,6949.35,6935.06,6949.13,5.29,+0.08%,0
"2026-02-11 10:45",6932.66,6946.68,6923.14,6943.84,10.7,+0.15%,0
"2026-02-11 10:30",6917.49,6937.58,6916.78,6933.14,15.42,+0.22%,0
"2026-02-11 10:15",6937.47,6939.18,6911.97,6917.72,-19.93,-0.29%,0
"2026-02-11 10:00",6961.26,6967.44,6928.79,6937.65,-23.65,-0.34%,0
"2026-02-11 09:45",6975.63,6984.9,6959.36,6961.3,-14.62,-0.21%,0
"2026-02-11 09:30",6976.48,6993.48,6972.34,6975.92,34.11,+0.49%,0
"2026-02-10 16:30",6941.81,6941.81,6941.81,6941.81,0,0.00%,0
"2026-02-10 16:15",6941.81,6941.81,6941.81,6941.81,0,0.00%,0
"2026-02-10 16:00",6942.07,6942.07,6941.33,6941.81,1.8,+0.03%,0
"2026-02-10 15:45",6951.14,6954.7,6937.53,6940.01,-10.96,-0.16%,0
"2026-02-10 15:30",6953.85,6956.46,6949.92,6950.97,-2.83,-0.04%,0
"2026-02-10 15:15",6953.17,6959.04,6951.83,6953.8,0.75,+0.01%,0
"2026-02-10 15:00",6958.54,6960.55,6952.29,6953.05,-5.4,-0.08%,0
"2026-02-10 14:45",6955.99,6960.04,6955.06,6958.45,2.55,+0.04%,0
"2026-02-10 14:30",6959.51,6962.02,6954.99,6955.9,-3.56,-0.05%,0
"2026-02-10 14:15",6957.71,6959.58,6952.63,6959.46,1.75,+0.03%,0
"2026-02-10 14:00",6957.63,6959.36,6953.44,6957.71,0.14,0.00%,0
"2026-02-10 13:45",6956.84,6958.69,6949.64,6957.57,0.72,+0.01%,0
"2026-02-10 13:30",6955.53,6959.2,6951.07,6956.85,1.36,+0.02%,0
"2026-02-10 13:15",6967.27,6967.67,6955.1,6955.49,-11.74,-0.17%,0
"2026-02-10 13:00",6975.08,6975.23,6966.98,6967.23,-7.83,-0.11%,0
"2026-02-10 12:45",6976.07,6979.06,6974.36,6975.06,-0.92,-0.01%,0
"2026-02-10 12:30",6973.36,6976.73,6969.63,6975.98,2.6,+0.04%,0
"2026-02-10 12:15",6975.81,6977.77,6970.9,6973.38,-2.32,-0.03%,0
"2026-02-10 12:00",6968.4,6976.15,6963.21,6975.7,7.38,+0.11%,0
"2026-02-10 11:45",6967.49,6974.37,6964.33,6968.32,0.65,+0.01%,0
"2026-02-10 11:30",6968.98,6971.33,6966.14,6967.67,-1.33,-0.02%,0
"2026-02-10 11:15",6970.21,6973.47,6962.18,6969,-1.07,-0.02%,0
"2026-02-10 11:00",6975.33,6977.8,6967.89,6970.07,-5.32,-0.08%,0
"2026-02-10 10:45",6981.94,6983.45,6970.95,6975.39,-6.46,-0.09%,0
"2026-02-10 10:30",6980.4,6986.83,6975.3,6981.85,1.58,+0.02%,0
"2026-02-10 10:15",6975.57,6985.1,6971.13,6980.27,5.19,+0.07%,0
"2026-02-10 10:00",6978.38,6985.77,6969.31,6975.08,-3.7,-0.05%,0
"2026-02-10 09:45",6961.13,6981.59,6957.98,6978.78,17.51,+0.25%,0
"2026-02-10 09:30",6974.49,6977.63,6956.78,6961.27,-3.55,-0.05%,0
"2026-02-09 16:30",6964.82,6964.82,6964.82,6964.82,0,0.00%,0
"2026-02-09 16:15",6964.82,6964.82,6964.82,6964.82,0,0.00%,0
"2026-02-09 16:00",6962.69,6964.82,6962.69,6964.82,1.65,+0.02%,0
"2026-02-09 15:45",6967.8,6971.5,6962.43,6963.17,-4.57,-0.07%,0
"2026-02-09 15:30",6967.61,6969.78,6960.91,6967.74,0.48,+0.01%,0
"2026-02-09 15:15",6975.93,6975.97,6965.4,6967.26,-8.78,-0.13%,0
"2026-02-09 15:00",6975.79,6978.85,6974.78,6976.04,0.27,0.00%,0
"2026-02-09 14:45",6977.61,6978.6,6975.49,6975.77,-1.89,-0.03%,0
"2026-02-09 14:30",6979.25,6980.07,6976.78,6977.66,-1.46,-0.02%,0
"2026-02-09 14:15",6974.59,6980.1,6973.83,6979.12,4.62,+0.07%,0
"2026-02-09 14:00",6968.63,6974.7,6966.91,6974.5,5.82,+0.08%,0
"2026-02-09 13:45",6972.12,6973.79,6967.15,6968.68,-3.39,-0.05%,0
"2026-02-09 13:30",6964.21,6973.07,6962.45,6972.07,7.87,+0.11%,0
"2026-02-09 13:15",6969.93,6971.23,6958.24,6964.2,-5.67,-0.08%,0
"2026-02-09 13:00",6967.67,6971.45,6965.78,6969.87,2.29,+0.03%,0
"2026-02-09 12:45",6970.93,6971.94,6967.18,6967.58,-3.26,-0.05%,0
"2026-02-09 12:30",6973.23,6976.58,6970.26,6970.84,-2.46,-0.04%,0
"2026-02-09 12:15",6976.56,6978.23,6973.17,6973.3,-3.17,-0.05%,0
"2026-02-09 12:00",6975.68,6978.61,6973.51,6976.47,0.91,+0.01%,0
"2026-02-09 11:45",6971.65,6978.17,6971.55,6975.56,3.94,+0.06%,0
"2026-02-09 11:30",6969.11,6971.71,6964.71,6971.62,2.43,+0.03%,0
"2026-02-09 11:15",6965.55,6969.7,6962.83,6969.19,4.04,+0.06%,0
"2026-02-09 11:00",6964.64,6968.23,6962.95,6965.15,0.47,+0.01%,0
"2026-02-09 10:45",6957.6,6966.86,6954.74,6964.68,7.16,+0.10%,0
"2026-02-09 10:30",6941.16,6959.49,6941.16,6957.52,16.37,+0.24%,0
"2026-02-09 10:15",6939.39,6950.81,6938.88,6941.15,1.76,+0.03%,0
"2026-02-09 10:00",6924.94,6941.59,6924.55,6939.39,12.42,+0.18%,0
"2026-02-09 09:45",6934.24,6938.54,6920.37,6926.97,-7.61,-0.11%,0
"2026-02-09 09:30",6917.26,6938.3,6905.87,6934.58,2.28,+0.03%,0
"2026-02-06 16:30",6932.3,6932.3,6932.3,6932.3,0,0.00%,0
"2026-02-06 16:15",6932.3,6932.3,6932.3,6932.3,0,0.00%,0
"2026-02-06 16:00",6930.54,6932.3,6930.54,6932.3,2.03,+0.03%,0
"2026-02-06 15:45",6929.49,6944.89,6929.38,6930.27,1.15,+0.02%,0
"2026-02-06 15:30",6919.94,6929.12,6918.51,6929.12,9.31,+0.13%,0
"2026-02-06 15:15",6916.75,6923.76,6916.7,6919.81,3.11,+0.04%,0
"2026-02-06 15:00",6915.42,6920.25,6913.16,6916.7,1.29,+0.02%,0
"2026-02-06 14:45",6911.91,6919.64,6911.88,6915.41,3.54,+0.05%,0
"2026-02-06 14:30",6916.97,6917.22,6911.44,6911.87,-5.08,-0.07%,0
"2026-02-06 14:15",6911.33,6916.95,6909.45,6916.95,5.57,+0.08%,0
"2026-02-06 14:00",6911.87,6915.69,6911.3,6911.38,-0.38,-0.01%,0
"2026-02-06 13:45",6915.08,6918.15,6911.55,6911.76,-3.32,-0.05%,0
"2026-02-06 13:30",6911.3,6916.61,6911.22,6915.08,3.77,+0.05%,0
"2026-02-06 13:15",6912.56,6916.12,6908.3,6911.31,-1.29,-0.02%,0
"2026-02-06 13:00",6911.55,6917.64,6911.16,6912.6,1.05,+0.02%,0
"2026-02-06 12:45",6906.94,6916.85,6906.94,6911.55,4.62,+0.07%,0
"2026-02-06 12:30",6906.84,6911.66,6901.16,6906.93,0.18,0.00%,0
"2026-02-06 12:15",6901.43,6907.41,6898.32,6906.75,5.36,+0.08%,0
"2026-02-06 12:00",6896.38,6905.83,6893.96,6901.39,5.05,+0.07%,0
"2026-02-06 11:45",6898.52,6902.07,6892,6896.34,-2.21,-0.03%,0
"2026-02-06 11:30",6893.16,6902.12,6893.16,6898.55,5.79,+0.08%,0
"2026-02-06 11:15",6895.71,6898.91,6888.39,6892.76,-2.86,-0.04%,0
"2026-02-06 11:00",6879.43,6895.62,6876.98,6895.62,16.23,+0.24%,0
"2026-02-06 10:45",6885.54,6891.68,6865.83,6879.39,-5.78,-0.08%,0
"2026-02-06 10:30",6878.02,6888.77,6872.37,6885.17,6.99,+0.10%,0
"2026-02-06 10:15",6859.21,6879.88,6853.6,6878.18,18.91,+0.28%,0
"2026-02-06 10:00",6868.13,6875.51,6855.24,6859.27,-9.72,-0.14%,0
"2026-02-06 09:45",6878.13,6887.13,6867.5,6868.99,-8.46,-0.12%,0
"2026-02-06 09:30",6816.74,6877.71,6816.74,6877.45,79.05,+1.16%,0
"2026-02-05 16:30",6798.4,6798.4,6798.4,6798.4,0,0.00%,0
"2026-02-05 16:15",6798.4,6798.4,6798.4,6798.4,0,0.00%,0
"2026-02-05 16:00",6797.54,6798.4,6797.54,6798.4,-1.59,-0.02%,0
"2026-02-05 15:45",6792.32,6801.71,6783.67,6799.99,7.47,+0.11%,0
"2026-02-05 15:30",6799.05,6804.72,6790.39,6792.52,-6.53,-0.10%,0
"2026-02-05 15:15",6819.94,6820.02,6797.86,6799.05,-20.99,-0.31%,0
"2026-02-05 15:00",6812.59,6830.13,6809.47,6820.04,7.6,+0.11%,0
"2026-02-05 14:45",6810.13,6813.2,6805.56,6812.44,2.28,+0.03%,0
"2026-02-05 14:30",6823.53,6823.53,6807.09,6810.16,-13.26,-0.19%,0
"2026-02-05 14:15",6827.38,6835.64,6822.76,6823.42,-4.03,-0.06%,0
"2026-02-05 14:00",6804.36,6829.51,6801.65,6827.45,23,+0.34%,0
"2026-02-05 13:45",6811.5,6813.46,6798.47,6804.45,-7.19,-0.11%,0
"2026-02-05 13:30",6812.73,6820.88,6806.82,6811.64,-1.04,-0.02%,0
"2026-02-05 13:15",6823.39,6824.78,6810.49,6812.68,-10.8,-0.16%,0
"2026-02-05 13:00",6826.11,6834.17,6819.94,6823.48,-2.8,-0.04%,0
"2026-02-05 12:45",6838.58,6847.57,6823.9,6826.28,-11.9,-0.17%,0
"2026-02-05 12:30",6837.04,6844.18,6829.29,6838.18,1.09,+0.02%,0
"2026-02-05 12:15",6822.41,6840.69,6811.92,6837.09,14.18,+0.21%,0
"2026-02-05 12:00",6834.55,6834.55,6815.31,6822.91,-11.78,-0.17%,0
"2026-02-05 11:45",6821.34,6836.28,6811.56,6834.69,13.99,+0.21%,0
"2026-02-05 11:30",6817.97,6828.85,6817.14,6820.7,3.65,+0.05%,0
"2026-02-05 11:15",6780.63,6819.47,6780.63,6817.05,36.92,+0.54%,0
"2026-02-05 11:00",6793.81,6797.25,6780.13,6780.13,-13.21,-0.19%,0
"2026-02-05 10:45",6800.51,6802.8,6781.76,6793.34,-6.8,-0.10%,0
"2026-02-05 10:30",6786.86,6805.67,6780.46,6800.14,12.99,+0.19%,0
"2026-02-05 10:15",6789.22,6806,6783.03,6787.15,-2.04,-0.03%,0
"2026-02-05 10:00",6827.6,6832.71,6789.19,6789.19,-38.14,-0.56%,0
"2026-02-05 09:45",6851.73,6857.85,6823.51,6827.33,-25.53,-0.37%,0
"2026-02-05 09:30",6837.39,6855.45,6806.92,6852.86,-29.86,-0.43%,0
"2026-02-04 16:30",6882.72,6882.72,6882.72,6882.72,0,0.00%,0
"2026-02-04 16:15",6882.72,6882.72,6882.72,6882.72,0,0.00%,0
"2026-02-04 16:00",6882.22,6882.75,6882.22,6882.72,-0.04,0.00%,0
"2026-02-04 15:45",6900.08,6904.73,6878.91,6882.76,-17.42,-0.25%,0
"2026-02-04 15:30",6897.43,6904.92,6895.2,6900.18,2.76,+0.04%,0
"2026-02-04 15:15",6896.4,6903.63,6893.62,6897.42,1.25,+0.02%,0
"2026-02-04 15:00",6905,6906.42,6889.55,6896.17,-8.68,-0.13%,0
"2026-02-04 14:45",6887.96,6906.56,6886.11,6904.85,16.96,+0.25%,0
"2026-02-04 14:30",6875.73,6891.68,6875.73,6887.89,12.63,+0.18%,0
"2026-02-04 14:15",6865.19,6875.94,6864.31,6875.26,10.08,+0.15%,0
"2026-02-04 14:00",6868.05,6870.39,6856.49,6865.18,-2.76,-0.04%,0
"2026-02-04 13:45",6862.74,6876.86,6853.77,6867.94,4.97,+0.07%,0
"2026-02-04 13:30",6870.31,6871.19,6853.25,6862.97,-7.49,-0.11%,0
"2026-02-04 13:15",6850.39,6871.43,6845.04,6870.46,19.87,+0.29%,0
"2026-02-04 13:00",6858.36,6861.31,6845.06,6850.59,-7.74,-0.11%,0
"2026-02-04 12:45",6851.89,6859.84,6838.8,6858.33,6.33,+0.09%,0
"2026-02-04 12:30",6858.02,6868.45,6841.65,6852,-5.92,-0.09%,0
"2026-02-04 12:15",6889.04,6890.72,6855.17,6857.92,-30.98,-0.45%,0
"2026-02-04 12:00",6887.58,6891.98,6880.35,6888.9,1.19,+0.02%,0
"2026-02-04 11:45",6875.43,6888.86,6864.83,6887.71,12.19,+0.18%,0
"2026-02-04 11:30",6904.89,6905.56,6875.23,6875.52,-29.86,-0.43%,0
"2026-02-04 11:15",6900.8,6906,6885.78,6905.38,4.6,+0.07%,0
"2026-02-04 11:00",6907.57,6910.46,6887.22,6900.78,-5.7,-0.08%,0
"2026-02-04 10:45",6917.11,6918.95,6904.53,6906.48,-10.88,-0.16%,0
"2026-02-04 10:30",6921.26,6924.7,6895.3,6917.36,-3.82,-0.06%,0
"2026-02-04 10:15",6910.81,6930,6905.35,6921.18,9.86,+0.14%,0
"2026-02-04 10:00",6902.77,6916.9,6886.09,6911.32,9.03,+0.13%,0
"2026-02-04 09:45",6928.53,6936.09,6899.69,6902.29,-26.73,-0.39%,0
"2026-02-04 09:30",6924.5,6934.4,6911,6929.02,11.21,+0.16%,0
"2026-02-03 16:30",6917.81,6917.81,6917.81,6917.81,0,0.00%,0
"2026-02-03 16:15",6917.81,6917.81,6917.81,6917.81,0,0.00%,0
"2026-02-03 16:00",6917.38,6917.81,6917.38,6917.81,0.41,+0.01%,0
"2026-02-03 15:45",6907.31,6919.54,6906.26,6917.4,10.2,+0.15%,0
"2026-02-03 15:30",6897.35,6913.54,6897.35,6907.2,9.71,+0.14%,0
"2026-02-03 15:15",6892.52,6899.48,6888.29,6897.49,5.11,+0.07%,0
"2026-02-03 15:00",6890.52,6892.38,6884.9,6892.38,1.69,+0.02%,0
"2026-02-03 14:45",6883,6892.15,6873.61,6890.69,7.72,+0.11%,0
"2026-02-03 14:30",6883.37,6889.61,6879.77,6882.97,0.14,0.00%,0
"2026-02-03 14:15",6885.96,6893.98,6879.62,6882.83,-3.16,-0.05%,0
"2026-02-03 14:00",6869.76,6885.99,6862.05,6885.99,16,+0.23%,0
"2026-02-03 13:45",6879.59,6881.48,6869.9,6869.99,-9.68,-0.14%,0
"2026-02-03 13:30",6885.64,6885.69,6878.85,6879.67,-5.89,-0.09%,0
"2026-02-03 13:15",6889.04,6894.78,6884.14,6885.56,-3.59,-0.05%,0
"2026-02-03 13:00",6898.63,6906.68,6886.15,6889.15,-9.17,-0.13%,0
"2026-02-03 12:45",6897.96,6908.95,6896.11,6898.32,0.41,+0.01%,0
"2026-02-03 12:30",6910.24,6910.82,6895.73,6897.91,-12.36,-0.18%,0
"2026-02-03 12:15",6913.46,6922.74,6910.23,6910.27,-3.28,-0.05%,0
"2026-02-03 12:00",6928.12,6928.86,6909.1,6913.55,-14.5,-0.21%,0
"2026-02-03 11:45",6931.82,6936.14,6924.76,6928.05,-3.81,-0.05%,0
"2026-02-03 11:30",6930.28,6936.19,6926.88,6931.86,1.91,+0.03%,0
"2026-02-03 11:15",6942.59,6945.81,6929.47,6929.95,-12.68,-0.18%,0
"2026-02-03 11:00",6953.38,6953.65,6940.84,6942.63,-10.84,-0.16%,0
"2026-02-03 10:45",6935.53,6956.87,6931.55,6953.47,17.74,+0.26%,0
"2026-02-03 10:30",6944.26,6947.56,6932.5,6935.73,-8.45,-0.12%,0
"2026-02-03 10:15",6941.35,6950.72,6930.65,6944.18,3.08,+0.04%,0
"2026-02-03 10:00",6955.9,6958.34,6938.24,6941.1,-14.86,-0.21%,0
"2026-02-03 09:45",6973.75,6983.02,6954.71,6955.96,-18.04,-0.26%,0
"2026-02-03 09:30",6985.45,6993.08,6970.73,6974,-2.44,-0.03%,0
"2026-02-02 16:45",6976.44,6976.44,6976.44,6976.44,0,0.00%,0
"2026-02-02 16:15",6976.44,6976.44,6976.44,6976.44,0,0.00%,0
"2026-02-02 16:00",6976.78,6976.91,6976.44,6976.44,0.21,0.00%,0
"2026-02-02 15:45",6975.55,6980.01,6973.3,6976.23,0.53,+0.01%,0
"2026-02-02 15:30",6980.08,6981.72,6974.54,6975.7,-4.38,-0.06%,0
"2026-02-02 15:15",6980.35,6984.62,6977.5,6980.08,-0.37,-0.01%,0
"2026-02-02 15:00",6976.62,6987.09,6972.69,6980.45,4.28,+0.06%,0
"2026-02-02 14:45",6987.86,6990.18,6975.66,6976.17,-11.55,-0.17%,0
"2026-02-02 14:30",6990.71,6990.71,6984.48,6987.72,-3.04,-0.04%,0
"2026-02-02 14:15",6990.42,6991.36,6988.9,6990.76,0.2,0.00%,0
"2026-02-02 14:00",6987.36,6991.55,6986.09,6990.56,3,+0.04%,0
"2026-02-02 13:45",6987.02,6989.88,6987.02,6987.56,0.46,+0.01%,0
"2026-02-02 13:30",6983.51,6987.62,6983.07,6987.1,3.47,+0.05%,0
"2026-02-02 13:15",6985.22,6985.53,6979.85,6983.63,-1.63,-0.02%,0
"2026-02-02 13:00",6986.95,6990.09,6985.1,6985.26,-1.67,-0.02%,0
"2026-02-02 12:45",6985.68,6991.92,6985.3,6986.93,1.15,+0.02%,0
"2026-02-02 12:30",6985.3,6988.61,6983.39,6985.78,0.51,+0.01%,0
"2026-02-02 12:15",6984.95,6986.58,6982.37,6985.27,0.33,0.00%,0
"2026-02-02 12:00",6979.82,6987.82,6979.01,6984.94,5.17,+0.07%,0
"2026-02-02 11:45",6973.8,6980.58,6967.85,6979.77,6.03,+0.09%,0
"2026-02-02 11:30",6978.14,6978.35,6971.62,6973.74,-4.51,-0.06%,0
"2026-02-02 11:15",6973.21,6978.91,6972.17,6978.25,5.06,+0.07%,0
"2026-02-02 11:00",6969.86,6973.53,6962.11,6973.19,3.4,+0.05%,0
"2026-02-02 10:45",6973.94,6974.87,6966.02,6969.79,-4.3,-0.06%,0
"2026-02-02 10:30",6970.31,6980.82,6967.98,6974.09,3.71,+0.05%,0
"2026-02-02 10:15",6974.78,6979.6,6968.97,6970.38,-4.34,-0.06%,0
"2026-02-02 10:00",6948.75,6975.23,6946.69,6974.72,25.42,+0.37%,0
"2026-02-02 09:45",6948.53,6960.31,6944.87,6949.3,1.02,+0.01%,0
"2026-02-02 09:30",6916.64,6950.33,6914.34,6948.28,9.25,+0.13%,0
"2026-01-30 16:30",6939.03,6939.03,6939.03,6939.03,0,0.00%,0
"2026-01-30 16:15",6939.03,6939.03,6939.03,6939.03,0,0.00%,0
"2026-01-30 16:00",6938.98,6939.88,6938.98,6939.03,1.53,+0.02%,0
"2026-01-30 15:45",6933.76,6949.72,6931.22,6937.5,3.47,+0.05%,0
"2026-01-30 15:30",6922.97,6934.65,6922.56,6934.03,11.14,+0.16%,0
"2026-01-30 15:15",6922.66,6926.2,6915.68,6922.89,0.22,0.00%,0
"2026-01-30 15:00",6927.59,6933.82,6922.25,6922.67,-4.34,-0.06%,0
"2026-01-30 14:45",6935.77,6945.16,6927.01,6927.01,-8.82,-0.13%,0
"2026-01-30 14:30",6936,6942.44,6928.93,6935.83,-0.55,-0.01%,0
"2026-01-30 14:15",6942.38,6949.36,6936.38,6936.38,-6.24,-0.09%,0
"2026-01-30 14:00",6935.98,6948.87,6935.98,6942.62,6.69,+0.10%,0
"2026-01-30 13:45",6910.93,6942.58,6910.62,6935.93,25,+0.36%,0
"2026-01-30 13:30",6917.16,6918.73,6901.36,6910.93,-6.35,-0.09%,0
"2026-01-30 13:15",6914.95,6917.5,6893.48,6917.28,2.16,+0.03%,0
"2026-01-30 13:00",6914.11,6924.76,6912.02,6915.12,0.98,+0.01%,0
"2026-01-30 12:45",6927.13,6933.14,6914.12,6914.14,-12.95,-0.19%,0
"2026-01-30 12:30",6933.4,6937.46,6918.56,6927.09,-5.89,-0.08%,0
"2026-01-30 12:15",6913.88,6934.03,6911.83,6932.98,19.05,+0.28%,0
"2026-01-30 12:00",6929.23,6929.76,6910.36,6913.93,-15.31,-0.22%,0
"2026-01-30 11:45",6942.14,6942.14,6927.24,6929.24,-13.07,-0.19%,0
"2026-01-30 11:30",6933.07,6946.19,6931.42,6942.31,9.36,+0.14%,0
"2026-01-30 11:15",6941.67,6941.67,6925.11,6932.95,-8.97,-0.13%,0
"2026-01-30 11:00",6943.78,6948.78,6939.33,6941.92,-1.53,-0.02%,0
"2026-01-30 10:45",6957.64,6964.09,6941.79,6943.45,-13.99,-0.20%,0
"2026-01-30 10:30",6935.87,6959.43,6931.91,6957.44,21.47,+0.31%,0
"2026-01-30 10:15",6956.88,6959.59,6935.97,6935.97,-21.3,-0.31%,0
"2026-01-30 10:00",6940.62,6962.2,6939.24,6957.27,16.74,+0.24%,0
"2026-01-30 09:45",6950.64,6955.22,6935.89,6940.53,-10.28,-0.15%,0
"2026-01-30 09:30",6947.27,6960.82,6936.17,6950.81,-18.2,-0.26%,0
"2026-01-29 16:15",6969.01,6969.01,6969.01,6969.01,0,0.00%,0
"2026-01-29 16:00",6967.41,6969.01,6967.41,6969.01,2.74,+0.04%,0
"2026-01-29 15:45",6949.18,6971.09,6947.23,6966.27,17.07,+0.25%,0
"2026-01-29 15:30",6938.14,6951.21,6936.96,6949.2,11.09,+0.16%,0
"2026-01-29 15:15",6938.55,6942.62,6937.35,6938.11,-0.48,-0.01%,0
"2026-01-29 15:00",6933.62,6942.07,6933.33,6938.59,5.22,+0.08%,0
"2026-01-29 14:45",6940.14,6941.61,6933.29,6933.37,-6.77,-0.10%,0
"2026-01-29 14:30",6943.98,6944.85,6935.33,6940.14,-3.77,-0.05%,0
"2026-01-29 14:15",6939.03,6944.5,6937.32,6943.91,4.83,+0.07%,0
"2026-01-29 14:00",6928.67,6941.07,6925.5,6939.08,10.07,+0.15%,0
"2026-01-29 13:45",6936.29,6938.1,6929.01,6929.01,-7.37,-0.11%,0
"2026-01-29 13:30",6932.82,6940.31,6924.88,6936.38,3.48,+0.05%,0
"2026-01-29 13:15",6931.99,6932.92,6925.92,6932.9,0.8,+0.01%,0
"2026-01-29 13:00",6911.4,6933.96,6910.55,6932.1,21.19,+0.31%,0
"2026-01-29 12:45",6929.99,6929.99,6910.23,6910.91,-19.19,-0.28%,0
"2026-01-29 12:30",6933.52,6939.41,6924.93,6930.1,-3.61,-0.05%,0
"2026-01-29 12:15",6928.81,6936.16,6926.92,6933.71,4.88,+0.07%,0
"2026-01-29 12:00",6909.69,6930.69,6909.59,6928.83,19.29,+0.28%,0
"2026-01-29 11:45",6907.89,6912.74,6905.09,6909.54,1.83,+0.03%,0
"2026-01-29 11:30",6902.46,6912.56,6901.95,6907.71,4.99,+0.07%,0
"2026-01-29 11:15",6898.61,6909.16,6895.68,6902.72,4.25,+0.06%,0
"2026-01-29 11:00",6882.79,6898.66,6870.8,6898.47,15.62,+0.23%,0
"2026-01-29 10:45",6887.45,6894.72,6874.52,6882.85,-4.14,-0.06%,0
"2026-01-29 10:30",6912.59,6914.64,6885.29,6886.99,-25.61,-0.37%,0
"2026-01-29 10:15",6914.2,6930,6911.6,6912.6,-1.43,-0.02%,0
"2026-01-29 10:00",6937.54,6938.53,6912.67,6914.03,-22.68,-0.33%,0
"2026-01-29 09:45",6955.64,6962.72,6936.71,6936.71,-19.92,-0.29%,0
"2026-01-29 09:30",6977.74,6992.84,6956.63,6956.63,-21.4,-0.31%,0
"2026-01-28 16:30",6978.03,6978.03,6978.03,6978.03,0,0.00%,0
"2026-01-28 16:15",6978.03,6978.03,6978.03,6978.03,0,0.00%,0
"2026-01-28 16:00",6976.87,6978.06,6976.87,6978.03,1.75,+0.03%,0
"2026-01-28 15:45",6974.73,6984.08,6971.23,6976.28,1.55,+0.02%,0
"2026-01-28 15:30",6977.57,6979.61,6974.2,6974.73,-2.95,-0.04%,0
"2026-01-28 15:15",6981.03,6985.54,6977.61,6977.68,-3.26,-0.05%,0
"2026-01-28 15:00",6971.93,6985.3,6971.45,6980.94,9.06,+0.13%,0
"2026-01-28 14:45",6970.21,6981.08,6969.34,6971.88,1.56,+0.02%,0
"2026-01-28 14:30",6964.44,6983.62,6963.46,6970.32,5.89,+0.08%,0
"2026-01-28 14:15",6972.82,6976.82,6964.22,6964.43,-8.48,-0.12%,0
"2026-01-28 14:00",6973.87,6979.18,6964.69,6972.91,-0.97,-0.01%,0
"2026-01-28 13:45",6973.34,6974.98,6971.05,6973.88,0.49,+0.01%,0
"2026-01-28 13:30",6974.81,6976.36,6972.05,6973.39,-1.44,-0.02%,0
"2026-01-28 13:15",6974.93,6977.6,6974.02,6974.83,-0.03,0.00%,0
"2026-01-28 13:00",6971.71,6975.8,6969.04,6974.86,3.21,+0.05%,0
"2026-01-28 12:45",6971.98,6977.48,6970.29,6971.65,-0.36,-0.01%,0
"2026-01-28 12:30",6971.78,6972.99,6968.44,6972.01,0.22,0.00%,0
"2026-01-28 12:15",6977.81,6979.65,6969.92,6971.79,-6.04,-0.09%,0
"2026-01-28 12:00",6970.14,6977.97,6969.89,6977.83,7.77,+0.11%,0
"2026-01-28 11:45",6971.3,6974.4,6968.23,6970.06,-1.19,-0.02%,0
"2026-01-28 11:30",6985.27,6985.27,6970.97,6971.25,-13.06,-0.19%,0
"2026-01-28 11:15",6983.88,6984.62,6978.23,6984.31,0.52,+0.01%,0
"2026-01-28 11:00",6978.8,6986.46,6978.8,6983.79,5.1,+0.07%,0
"2026-01-28 10:45",6981.83,6984.23,6978.67,6978.69,-3.27,-0.05%,0
"2026-01-28 10:30",6988.99,6991.25,6981.46,6981.96,-7.02,-0.10%,0
"2026-01-28 10:15",6984.76,6994.21,6983.75,6988.98,4.21,+0.06%,0
"2026-01-28 10:00",6994.7,6996.48,6984.55,6984.77,-9.66,-0.14%,0
"2026-01-28 09:45",7000.57,7002.25,6993.73,6994.43,-6.05,-0.09%,0
"2026-01-28 09:30",7002,7002.28,6994.22,7000.48,21.88,+0.31%,0
"2026-01-27 16:45",6978.6,6978.6,6978.6,6978.6,0,0.00%,0
"2026-01-27 16:15",6978.6,6978.6,6978.6,6978.6,0,0.00%,0
"2026-01-27 16:00",6978.77,6978.77,6978.53,6978.6,0.02,0.00%,0
"2026-01-27 15:45",6982.98,6984.99,6978.13,6978.58,-4.44,-0.06%,0
"2026-01-27 15:30",6983.56,6984.54,6981.56,6983.02,-0.57,-0.01%,0
"2026-01-27 15:15",6987.08,6987.15,6982.97,6983.59,-3.47,-0.05%,0
"2026-01-27 15:00",6984.1,6987.63,6983.45,6987.06,2.96,+0.04%,0
"2026-01-27 14:45",6985.21,6985.43,6983.13,6984.1,-1.09,-0.02%,0
"2026-01-27 14:30",6985.2,6986.89,6983.77,6985.19,0.03,0.00%,0
"2026-01-27 14:15",6983.06,6985.7,6982.64,6985.16,2.19,+0.03%,0
"2026-01-27 14:00",6983.57,6983.72,6980.56,6982.97,-0.57,-0.01%,0
"2026-01-27 13:45",6981.05,6985.14,6980.87,6983.54,2.45,+0.04%,0
"2026-01-27 13:30",6981.42,6984.8,6980.68,6981.09,-0.29,0.00%,0
"2026-01-27 13:15",6977.57,6983.02,6977.34,6981.38,3.73,+0.05%,0
"2026-01-27 13:00",6977.55,6978.02,6972.74,6977.65,0.15,0.00%,0
"2026-01-27 12:45",6979.62,6980.86,6976.8,6977.5,-2.2,-0.03%,0
"2026-01-27 12:30",6983.37,6984.1,6978.84,6979.7,-3.66,-0.05%,0
"2026-01-27 12:15",6981.4,6984.46,6977.22,6983.36,1.76,+0.03%,0
"2026-01-27 12:00",6983.86,6984.81,6981.02,6981.6,-2.35,-0.03%,0
"2026-01-27 11:45",6987.2,6987.73,6983.73,6983.95,-3.35,-0.05%,0
"2026-01-27 11:30",6985.88,6988.82,6985.23,6987.3,1.47,+0.02%,0
"2026-01-27 11:15",6986.02,6988.72,6985.01,6985.83,-0.05,0.00%,0
"2026-01-27 11:00",6983.54,6986.38,6983.42,6985.88,2.4,+0.03%,0
"2026-01-27 10:45",6981.96,6984.89,6981.18,6983.48,1.59,+0.02%,0
"2026-01-27 10:30",6971.61,6982.48,6970.97,6981.89,10.07,+0.14%,0
"2026-01-27 10:15",6975.22,6977.35,6971.17,6971.82,-3.82,-0.05%,0
"2026-01-27 10:00",6975.61,6977.58,6968.83,6975.64,-0.56,-0.01%,0
"2026-01-27 09:45",6965.46,6978.44,6965.46,6976.2,10.97,+0.16%,0
"2026-01-27 09:30",6965.96,6969.4,6958.83,6965.23,15,+0.22%,0
"2026-01-26 16:30",6950.23,6950.23,6950.23,6950.23,0,0.00%,0
"2026-01-26 16:15",6950.23,6950.23,6950.23,6950.23,0,0.00%,0
"2026-01-26 16:00",6949.77,6950.3,6949.77,6950.23,0.08,0.00%,0
"2026-01-26 15:45",6959.04,6960.99,6949.54,6950.15,-9.02,-0.13%,0
"2026-01-26 15:30",6958.84,6961.53,6957.8,6959.17,0.27,0.00%,0
"2026-01-26 15:15",6959.99,6960.57,6957.67,6958.9,-1.02,-0.01%,0
"2026-01-26 15:00",6958.97,6960.87,6957.67,6959.92,0.92,+0.01%,0
"2026-01-26 14:45",6962.25,6962.69,6958.68,6959,-3.27,-0.05%,0
"2026-01-26 14:30",6961.77,6963.33,6959.42,6962.27,0.42,+0.01%,0
"2026-01-26 14:15",6961.24,6962.01,6958.13,6961.85,0.64,+0.01%,0
"2026-01-26 14:00",6959.26,6962.98,6958.34,6961.21,1.92,+0.03%,0
"2026-01-26 13:45",6958.82,6960.34,6957.04,6959.29,0.48,+0.01%,0
"2026-01-26 13:30",6961.15,6964.66,6958.32,6958.81,-2.42,-0.03%,0
"2026-01-26 13:15",6954.01,6961.75,6953.05,6961.23,7.25,+0.10%,0
"2026-01-26 13:00",6956.11,6956.9,6952.47,6953.98,-2.08,-0.03%,0
"2026-01-26 12:45",6959.17,6959.17,6953.81,6956.06,-3.12,-0.04%,0
"2026-01-26 12:30",6958.49,6959.35,6956.26,6959.18,0.63,+0.01%,0
"2026-01-26 12:15",6958.36,6960.4,6957.62,6958.55,0.13,0.00%,0
"2026-01-26 12:00",6954.69,6960.53,6953.98,6958.42,3.81,+0.05%,0
"2026-01-26 11:45",6952.75,6956.06,6951.36,6954.61,1.83,+0.03%,0
"2026-01-26 11:30",6954.52,6956.61,6952.17,6952.78,-1.81,-0.03%,0
"2026-01-26 11:15",6951.81,6956.02,6946.01,6954.59,2.71,+0.04%,0
"2026-01-26 11:00",6953.66,6954.57,6949.48,6951.88,-1.99,-0.03%,0
"2026-01-26 10:45",6946.12,6956.97,6946.12,6953.87,7.76,+0.11%,0
"2026-01-26 10:30",6949.27,6954.31,6945.4,6946.11,-2.83,-0.04%,0
"2026-01-26 10:15",6949.44,6957.46,6948.29,6948.94,-0.45,-0.01%,0
"2026-01-26 10:00",6945.28,6949.95,6940.87,6949.39,3.53,+0.05%,0
"2026-01-26 09:45",6945.42,6950.02,6944.94,6945.86,0.36,+0.01%,0
"2026-01-26 09:30",6923.23,6946.56,6921.6,6945.5,29.89,+0.43%,0
"2026-01-23 16:30",6915.61,6915.61,6915.61,6915.61,0,0.00%,0
"2026-01-23 16:15",6915.61,6915.61,6915.61,6915.61,0,0.00%,0
"2026-01-23 16:00",6915.1,6915.62,6915.1,6915.61,0.45,+0.01%,0
"2026-01-23 15:45",6915.37,6918.96,6911.7,6915.16,-0.35,-0.01%,0
"2026-01-23 15:30",6911.55,6916.48,6908.76,6915.51,3.88,+0.06%,0
"2026-01-23 15:15",6914.45,6918.17,6911.43,6911.63,-3.03,-0.04%,0
"2026-01-23 15:00",6918.6,6918.94,6908.93,6914.66,-3.94,-0.06%,0
"2026-01-23 14:45",6917.92,6919.5,6914.77,6918.6,0.66,+0.01%,0
"2026-01-23 14:30",6919.08,6921.73,6912.88,6917.94,-1.05,-0.02%,0
"2026-01-23 14:15",6918.38,6924.51,6917.85,6918.99,0.57,+0.01%,0
"2026-01-23 14:00",6912.74,6921.45,6912.69,6918.42,5.61,+0.08%,0
"2026-01-23 13:45",6910.43,6913.81,6907.29,6912.81,2.35,+0.03%,0
"2026-01-23 13:30",6912.67,6915.26,6907.97,6910.46,-2.23,-0.03%,0
"2026-01-23 13:15",6908.18,6914.31,6907.71,6912.69,4.53,+0.07%,0
"2026-01-23 13:00",6903.01,6913.03,6902.33,6908.16,5.25,+0.08%,0
"2026-01-23 12:45",6911.37,6913.78,6901.03,6902.91,-8.47,-0.12%,0
"2026-01-23 12:30",6925.18,6925.72,6910.85,6911.38,-13.99,-0.20%,0
"2026-01-23 12:15",6925.83,6926.26,6921.21,6925.37,-0.28,0.00%,0
"2026-01-23 12:00",6920.52,6925.65,6916.52,6925.65,5.06,+0.07%,0
"2026-01-23 11:45",6927.26,6929.2,6919.69,6920.59,-6.75,-0.10%,0
"2026-01-23 11:30",6924.09,6928.7,6917.76,6927.34,3.14,+0.05%,0
"2026-01-23 11:15",6929.15,6931.38,6922.89,6924.2,-4.94,-0.07%,0
"2026-01-23 11:00",6928.63,6932.96,6925.24,6929.14,0.48,+0.01%,0
"2026-01-23 10:45",6920.39,6930.54,6918.89,6928.66,8.42,+0.12%,0
"2026-01-23 10:30",6917.16,6922.19,6916.05,6920.24,3.01,+0.04%,0
"2026-01-23 10:15",6910.04,6921.77,6906.69,6917.23,7.22,+0.10%,0
"2026-01-23 10:00",6910.64,6917.06,6908.92,6910.01,-1.08,-0.02%,0
"2026-01-23 09:45",6903.62,6911.09,6895.99,6911.09,7.51,+0.11%,0
"2026-01-23 09:30",6907.85,6912.76,6895.5,6903.58,-9.77,-0.14%,0
"2026-01-22 16:30",6913.35,6913.35,6913.35,6913.35,0,0.00%,0
"2026-01-22 16:15",6913.35,6913.35,6913.35,6913.35,0,0.00%,0
"2026-01-22 16:00",6913.44,6913.44,6913.34,6913.35,0.81,+0.01%,0
"2026-01-22 15:45",6905.21,6913.66,6905.21,6912.54,7.36,+0.11%,0
"2026-01-22 15:30",6905.56,6906.23,6899.9,6905.18,-0.42,-0.01%,0
"2026-01-22 15:15",6915.61,6918.33,6905.6,6905.6,-10.01,-0.14%,0
"2026-01-22 15:00",6911.43,6915.65,6910.03,6915.61,4.17,+0.06%,0
"2026-01-22 14:45",6921.01,6921.72,6911.43,6911.44,-9.8,-0.14%,0
"2026-01-22 14:30",6930.14,6930.74,6921.08,6921.24,-8.79,-0.13%,0
"2026-01-22 14:15",6930.83,6931.88,6928.75,6930.03,-0.8,-0.01%,0
"2026-01-22 14:00",6923.73,6932.89,6923.62,6930.83,7.09,+0.10%,0
"2026-01-22 13:45",6927.58,6929.84,6922.25,6923.74,-3.94,-0.06%,0
"2026-01-22 13:30",6928.14,6931.75,6926.98,6927.68,-0.46,-0.01%,0
"2026-01-22 13:15",6928.19,6931.42,6927.11,6928.14,-0.08,0.00%,0
"2026-01-22 13:00",6933.51,6934.75,6927.66,6928.22,-5.33,-0.08%,0
"2026-01-22 12:45",6931.19,6934.1,6930.67,6933.55,2.37,+0.03%,0
"2026-01-22 12:30",6926.1,6932.68,6926.1,6931.18,5.2,+0.08%,0
"2026-01-22 12:15",6927.37,6927.98,6921.46,6925.98,-1.24,-0.02%,0
"2026-01-22 12:00",6921.08,6929.1,6918.1,6927.22,5.98,+0.09%,0
"2026-01-22 11:45",6924.83,6928.4,6920.85,6921.24,-3.47,-0.05%,0
"2026-01-22 11:30",6921.65,6926.03,6920.57,6924.71,2.93,+0.04%,0
"2026-01-22 11:15",6920.4,6924.47,6916.32,6921.78,1.26,+0.02%,0
"2026-01-22 11:00",6910.08,6920.66,6910.08,6920.52,10.42,+0.15%,0
"2026-01-22 10:45",6915.7,6918.4,6910.1,6910.1,-5.46,-0.08%,0
"2026-01-22 10:30",6908.83,6915.8,6905.32,6915.56,6.79,+0.10%,0
"2026-01-22 10:15",6897.2,6910.04,6895.72,6908.77,11.55,+0.17%,0
"2026-01-22 10:00",6903.43,6903.43,6893.62,6897.22,-5.58,-0.08%,0
"2026-01-22 09:45",6917.92,6918.55,6897.59,6902.8,-15.26,-0.22%,0
"2026-01-22 09:30",6914.44,6930.43,6913.83,6918.06,42.44,+0.62%,0
"2026-01-21 16:45",6875.62,6875.62,6875.62,6875.62,0,0.00%,0
"2026-01-21 16:15",6875.62,6875.62,6875.62,6875.62,0,0.00%,0
"2026-01-21 16:00",6876.08,6876.08,6875.62,6875.62,0.14,0.00%,0
"2026-01-21 15:45",6878.13,6879.91,6869.91,6875.48,-2.7,-0.04%,0
"2026-01-21 15:30",6877.07,6884.62,6871.52,6878.18,1.29,+0.02%,0
"2026-01-21 15:15",6895.02,6896.12,6876.89,6876.89,-18.12,-0.26%,0
"2026-01-21 15:00",6907.63,6910.39,6893.53,6895.01,-12.42,-0.18%,0
"2026-01-21 14:45",6896.18,6909.69,6895.32,6907.43,11.31,+0.16%,0
"2026-01-21 14:30",6867.66,6898.29,6867.66,6896.12,28.55,+0.42%,0
"2026-01-21 14:15",6824.14,6872.16,6822.45,6867.57,43.42,+0.64%,0
"2026-01-21 14:00",6833.09,6835.16,6822.73,6824.15,-8.96,-0.13%,0
"2026-01-21 13:45",6823.99,6837.62,6820.95,6833.11,9.05,+0.13%,0
"2026-01-21 13:30",6828.73,6831.38,6821.77,6824.06,-4.57,-0.07%,0
"2026-01-21 13:15",6825.43,6830.16,6818.66,6828.63,3.02,+0.04%,0
"2026-01-21 13:00",6829.45,6830.5,6810.17,6825.61,-3.79,-0.06%,0
"2026-01-21 12:45",6816.3,6832.4,6813.83,6829.4,13.04,+0.19%,0
"2026-01-21 12:30",6821.75,6822.88,6813.6,6816.36,-5.39,-0.08%,0
"2026-01-21 12:15",6807.05,6826.05,6804.96,6821.75,14.57,+0.21%,0
"2026-01-21 12:00",6824.12,6830.05,6805.44,6807.18,-17.1,-0.25%,0
"2026-01-21 11:45",6836.04,6841.94,6823.05,6824.28,-11.59,-0.17%,0
"2026-01-21 11:30",6865.86,6866.03,6835.87,6835.87,-30.06,-0.44%,0
"2026-01-21 11:15",6865.11,6869.77,6861.73,6865.93,0.73,+0.01%,0
"2026-01-21 11:00",6870.68,6871.76,6864.35,6865.2,-5.43,-0.08%,0
"2026-01-21 10:45",6868.07,6874.89,6868.07,6870.63,2.41,+0.04%,0
"2026-01-21 10:30",6853.41,6869.07,6853.22,6868.22,14.79,+0.22%,0
"2026-01-21 10:15",6846,6857.38,6844.3,6853.43,7.68,+0.11%,0
"2026-01-21 10:00",6847.07,6851.5,6840.45,6845.75,-2.12,-0.03%,0
"2026-01-21 09:45",6823.33,6849.98,6823.33,6847.87,24.37,+0.36%,0
"2026-01-21 09:30",6810.71,6830,6810.71,6823.5,26.64,+0.39%,0
"2026-01-20 16:45",6796.86,6796.86,6796.86,6796.86,0,0.00%,0
"2026-01-20 16:15",6796.86,6796.86,6796.86,6796.86,0,0.00%,0
"2026-01-20 16:00",6798.48,6798.48,6796.86,6796.86,0.1,0.00%,0
"2026-01-20 15:45",6792.89,6798.7,6789.05,6796.76,3.65,+0.05%,0
"2026-01-20 15:30",6796.87,6799.87,6789.78,6793.11,-3.61,-0.05%,0
"2026-01-20 15:15",6793.73,6803.25,6792.86,6796.72,3.11,+0.05%,0
"2026-01-20 15:00",6801.96,6801.96,6793.52,6793.61,-8.18,-0.12%,0
"2026-01-20 14:45",6801.71,6804.84,6799.41,6801.79,0,0.00%,0
"2026-01-20 14:30",6803.45,6807.64,6796.8,6801.79,-1.65,-0.02%,0
"2026-01-20 14:15",6808.14,6808.14,6800.78,6803.44,-4.82,-0.07%,0
"2026-01-20 14:00",6810.74,6815.52,6805.22,6808.26,-2.55,-0.04%,0
"2026-01-20 13:45",6814.98,6815.76,6803.99,6810.81,-4.15,-0.06%,0
"2026-01-20 13:30",6826.65,6827.15,6814.74,6814.96,-11.84,-0.17%,0
"2026-01-20 13:15",6835.03,6835.03,6826.36,6826.8,-8.19,-0.12%,0
"2026-01-20 13:00",6834.24,6838.01,6832.51,6834.99,0.78,+0.01%,0
"2026-01-20 12:45",6836.97,6836.97,6828.49,6834.21,-2.71,-0.04%,0
"2026-01-20 12:30",6847.68,6847.68,6836.92,6836.92,-10.66,-0.16%,0
"2026-01-20 12:15",6853.79,6855.19,6845.44,6847.58,-6.31,-0.09%,0
"2026-01-20 12:00",6860.6,6862.31,6850.01,6853.89,-6.82,-0.10%,0
"2026-01-20 11:45",6853.47,6862.23,6847.48,6860.71,7.17,+0.10%,0
"2026-01-20 11:30",6862.35,6866.7,6853.15,6853.54,-8.69,-0.13%,0
"2026-01-20 11:15",6863.48,6863.62,6849.66,6862.23,-1.1,-0.02%,0
"2026-01-20 11:00",6861.59,6868.7,6853.8,6863.33,1.9,+0.03%,0
"2026-01-20 10:45",6867,6867.48,6853.17,6861.43,-5.47,-0.08%,0
"2026-01-20 10:30",6862.01,6871.17,6860.51,6866.9,4.84,+0.07%,0
"2026-01-20 10:15",6839.99,6863.34,6836.23,6862.06,22.34,+0.33%,0
"2026-01-20 10:00",6845.94,6846.15,6833.29,6839.72,-6.69,-0.10%,0
"2026-01-20 09:45",6855.14,6856.53,6841.98,6846.41,-8.31,-0.12%,0
"2026-01-20 09:30",6865.24,6865.24,6837.75,6854.72,-85.29,-1.23%,0
"2026-01-16 16:30",6940.01,6940.01,6940.01,6940.01,0,0.00%,0
"2026-01-16 16:15",6940.01,6940.01,6940.01,6940.01,0,0.00%,0
"2026-01-16 16:00",6939.58,6940.18,6939.58,6940.01,0.55,+0.01%,0
"2026-01-16 15:45",6944.15,6948.53,6939.23,6939.46,-4.75,-0.07%,0
"2026-01-16 15:30",6945.73,6948,6942.44,6944.21,-1.58,-0.02%,0
"2026-01-16 15:15",6951.68,6951.87,6945.79,6945.79,-6.29,-0.09%,0
"2026-01-16 15:00",6950.86,6952.8,6949.01,6952.08,1.19,+0.02%,0
"2026-01-16 14:45",6951.07,6953.61,6950.13,6950.89,-0.24,0.00%,0
"2026-01-16 14:30",6944.75,6954.05,6944.54,6951.13,6.28,+0.09%,0
"2026-01-16 14:15",6949.37,6950.26,6943.87,6944.85,-4.48,-0.06%,0
"2026-01-16 14:00",6950.18,6960.5,6948.81,6949.33,-0.84,-0.01%,0
"2026-01-16 13:45",6952.54,6953.75,6950,6950.17,-2.31,-0.03%,0
"2026-01-16 13:30",6954.11,6956.46,6952.01,6952.48,-1.57,-0.02%,0
"2026-01-16 13:15",6949.79,6955.76,6949.79,6954.05,4.21,+0.06%,0
"2026-01-16 13:00",6942.85,6951.14,6942.85,6949.84,7.16,+0.10%,0
"2026-01-16 12:45",6950.73,6950.73,6942.68,6942.68,-7.99,-0.11%,0
"2026-01-16 12:30",6949.23,6952.73,6946.73,6950.67,1.43,+0.02%,0
"2026-01-16 12:15",6951.4,6953.54,6948.58,6949.24,-2.04,-0.03%,0
"2026-01-16 12:00",6950.54,6953.25,6949.12,6951.28,0.73,+0.01%,0
"2026-01-16 11:45",6955.47,6958.4,6945.98,6950.55,-4.85,-0.07%,0
"2026-01-16 11:30",6951.46,6956.01,6950.95,6955.4,4.31,+0.06%,0
"2026-01-16 11:15",6946.48,6951.91,6945.61,6951.09,4.67,+0.07%,0
"2026-01-16 11:00",6942.37,6950.1,6939.63,6946.42,4.22,+0.06%,0
"2026-01-16 10:45",6930.94,6942.2,6928.28,6942.2,11.34,+0.16%,0
"2026-01-16 10:30",6940.54,6941.42,6925.09,6930.86,-9.72,-0.14%,0
"2026-01-16 10:15",6946.69,6949.78,6939.56,6940.58,-6.14,-0.09%,0
"2026-01-16 10:00",6943.47,6951.8,6939.58,6946.72,3.33,+0.05%,0
"2026-01-16 09:45",6954.74,6962.14,6943.22,6943.39,-11.27,-0.16%,0
"2026-01-16 09:30",6960.54,6967.3,6954.55,6954.66,10.19,+0.15%,0
"2026-01-15 16:30",6944.47,6944.47,6944.47,6944.47,0,0.00%,0
"2026-01-15 16:15",6944.47,6944.47,6944.47,6944.47,0,0.00%,0
"2026-01-15 16:00",6945.28,6945.28,6944.47,6944.47,-0.5,-0.01%,0
"2026-01-15 15:45",6940.91,6944.97,6938.29,6944.97,4.13,+0.06%,0
"2026-01-15 15:30",6942.73,6946.66,6938.88,6940.84,-1.86,-0.03%,0
"2026-01-15 15:15",6949.07,6949.14,6937.93,6942.7,-6.48,-0.09%,0
"2026-01-15 15:00",6952.8,6954.75,6948.68,6949.18,-3.62,-0.05%,0
"2026-01-15 14:45",6958.93,6960.76,6950.91,6952.8,-6.14,-0.09%,0
"2026-01-15 14:30",6960.88,6961.86,6951.44,6958.94,-2.08,-0.03%,0
"2026-01-15 14:15",6967.96,6969.13,6960.08,6961.02,-6.97,-0.10%,0
"2026-01-15 14:00",6972.1,6972.1,6962.67,6967.99,-4.17,-0.06%,0
"2026-01-15 13:45",6974.58,6975.33,6971.06,6972.16,-2.43,-0.03%,0
"2026-01-15 13:30",6973.78,6976.93,6972.98,6974.59,0.74,+0.01%,0
"2026-01-15 13:15",6970.67,6973.85,6968.73,6973.85,3.16,+0.05%,0
"2026-01-15 13:00",6964.5,6972.54,6963.96,6970.69,6.2,+0.09%,0
"2026-01-15 12:45",6971.9,6974.73,6964.18,6964.49,-7.34,-0.11%,0
"2026-01-15 12:30",6969.64,6971.83,6966.48,6971.83,2.24,+0.03%,0
"2026-01-15 12:15",6975.05,6975.47,6969.2,6969.59,-5.33,-0.08%,0
"2026-01-15 12:00",6975.47,6979.34,6974.54,6974.92,-0.55,-0.01%,0
"2026-01-15 11:45",6974.78,6978.2,6972.43,6975.47,0.64,+0.01%,0
"2026-01-15 11:30",6973.51,6975.05,6969.65,6974.83,1.38,+0.02%,0
"2026-01-15 11:15",6969.63,6975.85,6968.48,6973.45,3.89,+0.06%,0
"2026-01-15 11:00",6969.6,6973.45,6968.53,6969.56,-0.41,-0.01%,0
"2026-01-15 10:45",6963.71,6970.19,6955.46,6969.97,6.1,+0.09%,0
"2026-01-15 10:30",6963.79,6973.78,6963.46,6963.87,0.27,0.00%,0
"2026-01-15 10:15",6964.66,6971.52,6960.95,6963.6,-1.09,-0.02%,0
"2026-01-15 10:00",6960.81,6966.45,6957.43,6964.69,2.88,+0.04%,0
"2026-01-15 09:45",6965.53,6970.42,6956.7,6961.81,-3.33,-0.05%,0
"2026-01-15 09:30",6969.46,6972.15,6960.74,6965.14,38.54,+0.56%,0
"2026-01-14 16:45",6926.6,6926.6,6926.6,6926.6,0,0.00%,0
"2026-01-14 16:15",6926.6,6926.6,6926.6,6926.6,0,0.00%,0
"2026-01-14 16:00",6927.63,6927.63,6926.6,6926.6,-1.81,-0.03%,0
"2026-01-14 15:45",6915.49,6928.41,6910.68,6928.41,13.04,+0.19%,0
"2026-01-14 15:30",6915.68,6928.34,6915.37,6915.37,-0.09,0.00%,0
"2026-01-14 15:15",6911.8,6915.74,6906.69,6915.46,3.55,+0.05%,0
"2026-01-14 15:00",6904.8,6920.32,6897.6,6911.91,7.57,+0.11%,0
"2026-01-14 14:45",6905.67,6909.86,6903.67,6904.34,-1.34,-0.02%,0
"2026-01-14 14:30",6905.32,6907.8,6902.13,6905.68,0.41,+0.01%,0
"2026-01-14 14:15",6903.98,6907.12,6901.9,6905.27,1.37,+0.02%,0
"2026-01-14 14:00",6905.29,6905.97,6900.71,6903.9,-1.37,-0.02%,0
"2026-01-14 13:45",6893.09,6906.22,6892.36,6905.27,12.22,+0.18%,0
"2026-01-14 13:30",6900.49,6902.08,6887.18,6893.05,-7.44,-0.11%,0
"2026-01-14 13:15",6897.67,6900.58,6893.59,6900.49,2.73,+0.04%,0
"2026-01-14 13:00",6890.6,6898.33,6889.85,6897.76,7.28,+0.11%,0
"2026-01-14 12:45",6893.99,6898.58,6886.37,6890.48,-3.58,-0.05%,0
"2026-01-14 12:30",6895.18,6895.18,6886.51,6894.06,-1.17,-0.02%,0
"2026-01-14 12:15",6896.51,6896.98,6886.71,6895.23,-1.27,-0.02%,0
"2026-01-14 12:00",6890.08,6897.38,6887.63,6896.5,6.41,+0.09%,0
"2026-01-14 11:45",6899.92,6899.92,6885.74,6890.09,-9.83,-0.14%,0
"2026-01-14 11:30",6916.1,6918.88,6899.86,6899.92,-16.23,-0.23%,0
"2026-01-14 11:15",6898.14,6917.53,6897.49,6916.15,17.94,+0.26%,0
"2026-01-14 11:00",6896.39,6900.81,6894.47,6898.21,1.92,+0.03%,0
"2026-01-14 10:45",6902.47,6904.09,6889.8,6896.29,-6.2,-0.09%,0
"2026-01-14 10:30",6912.38,6913.93,6901.41,6902.49,-9.75,-0.14%,0
"2026-01-14 10:15",6930.71,6932.3,6911.95,6912.24,-18.01,-0.26%,0
"2026-01-14 10:00",6911.35,6930.48,6902.67,6930.25,18.18,+0.26%,0
"2026-01-14 09:45",6920.19,6927.86,6912.07,6912.07,-7.72,-0.11%,0
"2026-01-14 09:30",6937.41,6941.3,6919.15,6919.79,-43.95,-0.63%,0
"2026-01-13 16:45",6963.74,6963.74,6963.74,6963.74,0,0.00%,0
"2026-01-13 16:15",6963.74,6963.74,6963.74,6963.74,0,0.00%,0
"2026-01-13 16:00",6963.3,6963.74,6963.16,6963.74,0.76,+0.01%,0
"2026-01-13 15:45",6946.86,6964.4,6944.93,6962.98,16.19,+0.23%,0
"2026-01-13 15:30",6944.75,6947.28,6938.77,6946.79,2.02,+0.03%,0
"2026-01-13 15:15",6948.32,6950.12,6944.77,6944.77,-3.64,-0.05%,0
"2026-01-13 15:00",6953.56,6953.56,6948.03,6948.41,-4.96,-0.07%,0
"2026-01-13 14:45",6953.36,6956.52,6950.56,6953.37,0,0.00%,0
"2026-01-13 14:30",6955.1,6956.51,6952.22,6953.37,-1.53,-0.02%,0
"2026-01-13 14:15",6948.01,6955.22,6947.93,6954.9,6.86,+0.10%,0
"2026-01-13 14:00",6952.45,6954.93,6947.05,6948.04,-4.5,-0.06%,0
"2026-01-13 13:45",6955.83,6958.27,6950.31,6952.54,-3.33,-0.05%,0
"2026-01-13 13:30",6954.62,6961.32,6953.28,6955.87,1.27,+0.02%,0
"2026-01-13 13:15",6958.54,6959.76,6951.82,6954.6,-3.81,-0.05%,0
"2026-01-13 13:00",6954.24,6958.41,6949.79,6958.41,4.1,+0.06%,0
"2026-01-13 12:45",6961.97,6965.24,6950.67,6954.31,-7.81,-0.11%,0
"2026-01-13 12:30",6970.94,6972.55,6960.65,6962.12,-8.79,-0.13%,0
"2026-01-13 12:15",6973.72,6974.31,6964.56,6970.91,-2.9,-0.04%,0
"2026-01-13 12:00",6973.93,6976.58,6971.32,6973.81,-0.13,0.00%,0
"2026-01-13 11:45",6971.21,6977.04,6969.12,6973.94,2.9,+0.04%,0
"2026-01-13 11:30",6960.18,6973.03,6958.38,6971.04,10.84,+0.16%,0
"2026-01-13 11:15",6963.56,6968.15,6950.07,6960.2,-3.38,-0.05%,0
"2026-01-13 11:00",6962.91,6964.84,6960.65,6963.58,0.75,+0.01%,0
"2026-01-13 10:45",6955.89,6965.35,6951.72,6962.83,7.24,+0.10%,0
"2026-01-13 10:30",6951.47,6962.22,6950.48,6955.59,3.99,+0.06%,0
"2026-01-13 10:15",6959.57,6959.57,6945.69,6951.6,-8.07,-0.12%,0
"2026-01-13 10:00",6967.16,6969.9,6957.05,6959.67,-8.18,-0.12%,0
"2026-01-13 09:45",6976.48,6976.91,6967.75,6967.85,-8.99,-0.13%,0
"2026-01-13 09:30",6977.41,6985.83,6974.82,6976.84,-0.43,-0.01%,0
"2026-01-12 16:45",6977.27,6977.27,6977.27,6977.27,0,0.00%,0
"2026-01-12 16:15",6977.27,6977.27,6977.27,6977.27,0,0.00%,0
"2026-01-12 16:00",6976.63,6977.32,6976.63,6977.27,0.55,+0.01%,0
"2026-01-12 15:45",6978.22,6982.19,6976.39,6976.72,-1.56,-0.02%,0
"2026-01-12 15:30",6978.8,6979.78,6977.08,6978.28,-0.62,-0.01%,0
"2026-01-12 15:15",6981.76,6981.8,6977.57,6978.9,-2.81,-0.04%,0
"2026-01-12 15:00",6985.03,6986.33,6980.92,6981.71,-3.38,-0.05%,0
"2026-01-12 14:45",6981.75,6985.64,6981.67,6985.09,3.33,+0.05%,0
"2026-01-12 14:30",6978.89,6983.29,6978.71,6981.76,2.82,+0.04%,0
"2026-01-12 14:15",6978.04,6980.23,6977.89,6978.94,0.73,+0.01%,0
"2026-01-12 14:00",6977.57,6978.35,6974.8,6978.21,0.69,+0.01%,0
"2026-01-12 13:45",6976.52,6978.78,6976.51,6977.52,0.94,+0.01%,0
"2026-01-12 13:30",6976.69,6977.33,6974.9,6976.58,-0.15,0.00%,0
"2026-01-12 13:15",6974.99,6977.29,6973.62,6976.73,1.85,+0.03%,0
"2026-01-12 13:00",6972.02,6975.74,6971.25,6974.88,2.93,+0.04%,0
"2026-01-12 12:45",6969.58,6973.23,6969.54,6971.95,2.39,+0.03%,0
"2026-01-12 12:30",6971.11,6971.19,6966.43,6969.56,-1.55,-0.02%,0
"2026-01-12 12:15",6971.3,6972.16,6967.93,6971.11,-0.25,0.00%,0
"2026-01-12 12:00",6971.09,6974.01,6969.04,6971.36,0.23,0.00%,0
"2026-01-12 11:45",6969.02,6974.34,6967.98,6971.13,2.08,+0.03%,0
"2026-01-12 11:30",6967.51,6971,6966.3,6969.05,1.47,+0.02%,0
"2026-01-12 11:15",6970.64,6972.62,6966.94,6967.58,-3.07,-0.04%,0
"2026-01-12 11:00",6964.86,6970.65,6962.54,6970.65,5.78,+0.08%,0
"2026-01-12 10:45",6959.69,6966.17,6956.39,6964.87,5.16,+0.07%,0
"2026-01-12 10:30",6961.24,6961.29,6955.05,6959.71,-1.33,-0.02%,0
"2026-01-12 10:15",6958.64,6963.61,6956.12,6961.04,2.17,+0.03%,0
"2026-01-12 10:00",6962.56,6963.66,6955.5,6958.87,-4.01,-0.06%,0
"2026-01-12 09:45",6953.14,6964.87,6950.91,6962.88,9.77,+0.14%,0
"2026-01-12 09:30",6944.12,6957.47,6934.07,6953.11,-13.17,-0.19%,0
"2026-01-09 16:45",6966.28,6966.28,6966.28,6966.28,0,0.00%,0
"2026-01-09 16:15",6966.28,6966.28,6966.28,6966.28,0,0.00%,0
"2026-01-09 16:00",6965.73,6966.28,6965.73,6966.28,0.29,0.00%,0
"2026-01-09 15:45",6973.68,6974.53,6965.6,6965.99,-7.72,-0.11%,0
"2026-01-09 15:30",6975.68,6976.91,6972.13,6973.71,-2.03,-0.03%,0
"2026-01-09 15:15",6973.98,6978.36,6973.48,6975.74,1.78,+0.03%,0
"2026-01-09 15:00",6974.31,6977.18,6973.52,6973.96,-0.36,-0.01%,0
"2026-01-09 14:45",6973.77,6977.6,6973.28,6974.32,0.59,+0.01%,0
"2026-01-09 14:30",6974.07,6974.99,6973.02,6973.73,-0.37,-0.01%,0
"2026-01-09 14:15",6971.69,6974.53,6971.69,6974.1,2.38,+0.03%,0
"2026-01-09 14:00",6971.27,6973.33,6969.57,6971.72,0.26,0.00%,0
"2026-01-09 13:45",6971.11,6972.35,6970.2,6971.46,0.29,0.00%,0
"2026-01-09 13:30",6964.48,6974.46,6964.32,6971.17,6.74,+0.10%,0
"2026-01-09 13:15",6962.85,6964.55,6959.68,6964.43,1.54,+0.02%,0
"2026-01-09 13:00",6965.86,6965.96,6960.78,6962.89,-3.,-0.04%,0
"2026-01-09 12:45",6966.48,6969.48,6965.71,6965.89,-0.69,-0.01%,0
"2026-01-09 12:30",6968.06,6970.41,6966.04,6966.58,-1.43,-0.02%,0
"2026-01-09 12:15",6967.11,6969.52,6963.46,6968.01,0.86,+0.01%,0
"2026-01-09 12:00",6964.12,6968.42,6963.09,6967.15,2.87,+0.04%,0
"2026-01-09 11:45",6957.19,6965.89,6957.08,6964.28,7.07,+0.10%,0
"2026-01-09 11:30",6954.75,6957.83,6951.02,6957.21,2.56,+0.04%,0
"2026-01-09 11:15",6960.62,6961.11,6954.58,6954.65,-5.99,-0.09%,0
"2026-01-09 11:00",6945.56,6961.93,6945.56,6960.64,14.89,+0.21%,0
"2026-01-09 10:45",6942.57,6946.66,6939.21,6945.75,3.04,+0.04%,0
"2026-01-09 10:30",6957.03,6960.44,6942.71,6942.71,-14.37,-0.21%,0
"2026-01-09 10:15",6938.72,6959.03,6935.36,6957.08,18.36,+0.26%,0
"2026-01-09 10:00",6941.52,6945.33,6917.64,6938.72,-2.89,-0.04%,0
"2026-01-09 09:45",6940.57,6944.16,6931.46,6941.61,0.85,+0.01%,0
"2026-01-09 09:30",6927.83,6949.25,6927.83,6940.76,19.3,+0.28%,0
"2026-01-08 16:30",6921.46,6921.46,6921.46,6921.46,0,0.00%,0
"2026-01-08 16:15",6921.46,6921.46,6921.46,6921.46,0,0.00%,0
"2026-01-08 16:00",6920.82,6921.46,6920.75,6921.46,0.36,+0.01%,0
"2026-01-08 15:45",6919.83,6924.1,6918.76,6921.1,1.18,+0.02%,0
"2026-01-08 15:30",6921.14,6925.86,6918.05,6919.92,-1.14,-0.02%,0
"2026-01-08 15:15",6918.14,6921.84,6914.3,6921.06,3.04,+0.04%,0
"2026-01-08 15:00",6913.96,6918.31,6912.81,6918.02,4.04,+0.06%,0
"2026-01-08 14:45",6912.83,6916.72,6911.52,6913.98,1.07,+0.02%,0
"2026-01-08 14:30",6915.15,6918.25,6911.71,6912.91,-2.15,-0.03%,0
"2026-01-08 14:15",6912.21,6918.48,6908.46,6915.06,2.66,+0.04%,0
"2026-01-08 14:00",6914.53,6919.06,6911.95,6912.4,-2.19,-0.03%,0
"2026-01-08 13:45",6919.91,6923.37,6913.47,6914.59,-5.42,-0.08%,0
"2026-01-08 13:30",6921.04,6921.28,6918.09,6920.01,-0.95,-0.01%,0
"2026-01-08 13:15",6914.72,6922.44,6913.9,6920.96,6.3,+0.09%,0
"2026-01-08 13:00",6926.34,6927.23,6914.4,6914.66,-11.74,-0.17%,0
"2026-01-08 12:45",6925.72,6931.28,6924.98,6926.4,0.87,+0.01%,0
"2026-01-08 12:30",6918.86,6926.81,6918.86,6925.53,6.8,+0.10%,0
"2026-01-08 12:15",6920.45,6925.29,6916.98,6918.73,-1.76,-0.03%,0
"2026-01-08 12:00",6924.45,6924.76,6918.3,6920.49,-4.18,-0.06%,0
"2026-01-08 11:45",6921.45,6925.95,6917.25,6924.67,3.3,+0.05%,0
"2026-01-08 11:30",6916.33,6921.85,6910.08,6921.37,4.9,+0.07%,0
"2026-01-08 11:15",6914.44,6920.66,6912,6916.47,1.95,+0.03%,0
"2026-01-08 11:00",6923.75,6925.02,6913.98,6914.52,-9.16,-0.13%,0
"2026-01-08 10:45",6922.59,6924.31,6910.82,6923.68,0.95,+0.01%,0
"2026-01-08 10:30",6921.88,6924.56,6912.67,6922.73,0.89,+0.01%,0
"2026-01-08 10:15",6922.06,6925.24,6919.89,6921.84,-0.12,0.00%,0
"2026-01-08 10:00",6906.9,6923.96,6903.3,6921.96,13.59,+0.20%,0
"2026-01-08 09:45",6903.62,6916.58,6899.33,6908.37,4.68,+0.07%,0
"2026-01-08 09:30",6914.11,6917.94,6902.12,6903.69,-17.24,-0.25%,0
"2026-01-07 16:45",6920.93,6920.93,6920.93,6920.93,0,0.00%,0
"2026-01-07 16:15",6920.93,6920.93,6920.93,6920.93,0,0.00%,0
"2026-01-07 16:00",6921.18,6921.18,6920.9,6920.93,-0.6,-0.01%,0
"2026-01-07 15:45",6922.14,6924.88,6919.19,6921.53,-0.67,-0.01%,0
"2026-01-07 15:30",6928.89,6928.89,6919.2,6922.2,-6.73,-0.10%,0
"2026-01-07 15:15",6933.74,6936.42,6927.11,6928.93,-4.8,-0.07%,0
"2026-01-07 15:00",6943.39,6943.83,6933.23,6933.73,-9.69,-0.14%,0
"2026-01-07 14:45",6945.26,6945.56,6943.04,6943.42,-1.75,-0.03%,0
"2026-01-07 14:30",6942.53,6947.23,6941.81,6945.17,2.77,+0.04%,0
"2026-01-07 14:15",6945.67,6945.99,6940.38,6942.4,-3.15,-0.05%,0
"2026-01-07 14:00",6954.27,6954.82,6943.13,6945.55,-8.68,-0.12%,0
"2026-01-07 13:45",6953.46,6957.51,6951.89,6954.23,0.6,+0.01%,0
"2026-01-07 13:30",6947.59,6954.29,6947.59,6953.63,6.15,+0.09%,0
"2026-01-07 13:15",6953.91,6953.91,6946.93,6947.48,-6.53,-0.09%,0
"2026-01-07 13:00",6955.96,6956.01,6952.28,6954.01,-1.9,-0.03%,0
"2026-01-07 12:45",6963.34,6963.64,6954.17,6955.91,-7.47,-0.11%,0
"2026-01-07 12:30",6962.96,6963.5,6959.36,6963.38,0.41,+0.01%,0
"2026-01-07 12:15",6963.27,6965.31,6962.04,6962.97,-0.32,0.00%,0
"2026-01-07 12:00",6960.88,6965.69,6960.77,6963.29,2.41,+0.03%,0
"2026-01-07 11:45",6957.97,6961.88,6956.74,6960.88,2.87,+0.04%,0
"2026-01-07 11:30",6948.24,6958.35,6947.82,6958.01,9.77,+0.14%,0
"2026-01-07 11:15",6952.06,6953.08,6945.64,6948.24,-3.63,-0.05%,0
"2026-01-07 11:00",6951.38,6954.34,6950.82,6951.87,0.39,+0.01%,0
"2026-01-07 10:45",6943.74,6952.26,6943.08,6951.48,7.71,+0.11%,0
"2026-01-07 10:30",6943.15,6951.51,6936.58,6943.77,0.62,+0.01%,0
"2026-01-07 10:15",6942.57,6945.43,6937.22,6943.15,0.53,+0.01%,0
"2026-01-07 10:00",6951.22,6953.05,6941.66,6942.62,-8.96,-0.13%,0
"2026-01-07 09:45",6954.14,6957.4,6949.82,6951.58,-2.75,-0.04%,0
"2026-01-07 09:30",6945.07,6954.77,6942.78,6954.33,9.51,+0.14%,0
"2026-01-06 16:45",6944.82,6944.82,6944.82,6944.82,0,0.00%,0
"2026-01-06 16:15",6944.82,6944.82,6944.82,6944.82,0,0.00%,0
"2026-01-06 16:00",6944.43,6944.97,6944.43,6944.82,0.3,0.00%,0
"2026-01-06 15:45",6946.71,6948.69,6944.29,6944.52,-2.2,-0.03%,0
"2026-01-06 15:30",6945.39,6948.41,6945.05,6946.72,1.31,+0.02%,0
"2026-01-06 15:15",6946.39,6948.26,6945.02,6945.41,-1.02,-0.01%,0
"2026-01-06 15:00",6944.3,6947.49,6944,6946.43,2.06,+0.03%,0
"2026-01-06 14:45",6946.41,6947.21,6943.88,6944.37,-2.11,-0.03%,0
"2026-01-06 14:30",6945.42,6947.28,6944.61,6946.48,1.08,+0.02%,0
"2026-01-06 14:15",6946.55,6947.28,6945.23,6945.4,-1.13,-0.02%,0
"2026-01-06 14:00",6943.18,6946.86,6942.42,6946.53,3.4,+0.05%,0
"2026-01-06 13:45",6939.46,6943.19,6939.37,6943.13,3.63,+0.05%,0
"2026-01-06 13:30",6934.73,6939.79,6932.73,6939.5,4.77,+0.07%,0
"2026-01-06 13:15",6935.31,6937.69,6934.2,6934.73,-0.56,-0.01%,0
"2026-01-06 13:00",6935.51,6935.66,6931.62,6935.29,-0.26,0.00%,0
"2026-01-06 12:45",6933.37,6936.33,6932.21,6935.55,2.19,+0.03%,0
"2026-01-06 12:30",6929.89,6936.88,6929.89,6933.36,3.51,+0.05%,0
"2026-01-06 12:15",6924.72,6932.18,6924.68,6929.85,5.13,+0.07%,0
"2026-01-06 12:00",6920.47,6925.78,6917.36,6924.72,4.24,+0.06%,0
"2026-01-06 11:45",6913.64,6920.87,6913.19,6920.48,6.96,+0.10%,0
"2026-01-06 11:30",6916.09,6919.59,6912.36,6913.52,-2.87,-0.04%,0
"2026-01-06 11:15",6914.69,6920.75,6913.42,6916.39,1.81,+0.03%,0
"2026-01-06 11:00",6917.08,6917.08,6908.9,6914.58,-2.24,-0.03%,0
"2026-01-06 10:45",6923.64,6925.69,6913.28,6916.82,-6.61,-0.10%,0
"2026-01-06 10:30",6932.56,6932.56,6922.4,6923.43,-9.09,-0.13%,0
"2026-01-06 10:15",6931.85,6934.6,6926.85,6932.52,0.45,+0.01%,0
"2026-01-06 10:00",6927.23,6932.21,6926.24,6932.07,4.95,+0.07%,0
"2026-01-06 09:45",6911.79,6927.68,6911.41,6927.12,15.52,+0.22%,0
"2026-01-06 09:30",6908.03,6913.08,6904.02,6911.6,9.55,+0.14%,0
"2026-01-05 16:45",6902.05,6902.05,6902.05,6902.05,0,0.00%,0
"2026-01-05 16:15",6902.05,6902.05,6902.05,6902.05,0,0.00%,0
"2026-01-05 16:00",6902.63,6902.63,6902.05,6902.05,-0.69,-0.01%,0
"2026-01-05 15:45",6904.46,6906.42,6897.74,6902.74,-1.73,-0.03%,0
"2026-01-05 15:30",6905.55,6907.49,6904.11,6904.47,-1.1,-0.02%,0
"2026-01-05 15:15",6907.24,6908.1,6904.42,6905.57,-1.6,-0.02%,0
"2026-01-05 15:00",6902.65,6908.29,6901.63,6907.17,4.55,+0.07%,0
"2026-01-05 14:45",6902.79,6906.23,6901.77,6902.62,-0.31,0.00%,0
"2026-01-05 14:30",6908.32,6909.39,6899.44,6902.93,-5.43,-0.08%,0
"2026-01-05 14:15",6908.65,6909.98,6907.23,6908.36,-0.3,0.00%,0
"2026-01-05 14:00",6911.7,6913.03,6908.08,6908.66,-3.04,-0.04%,0
"2026-01-05 13:45",6912.33,6914.22,6910.88,6911.7,-0.59,-0.01%,0
"2026-01-05 13:30",6910.11,6913.05,6909.13,6912.29,2.26,+0.03%,0
"2026-01-05 13:15",6910.58,6910.61,6903.22,6910.03,-0.51,-0.01%,0
"2026-01-05 13:00",6911.96,6914.07,6907.55,6910.54,-1.41,-0.02%,0
"2026-01-05 12:45",6909.97,6914.17,6909.67,6911.95,2.02,+0.03%,0
"2026-01-05 12:30",6909.98,6912.76,6908.42,6909.93,0.02,0.00%,0
"2026-01-05 12:15",6916.21,6916.66,6908.59,6909.91,-6.25,-0.09%,0
"2026-01-05 12:00",6915.16,6918.03,6913.81,6916.16,1.07,+0.02%,0
"2026-01-05 11:45",6914.52,6920.38,6914.1,6915.09,0.54,+0.01%,0
"2026-01-05 11:30",6913.25,6915.63,6910.87,6914.55,1.72,+0.02%,0
"2026-01-05 11:15",6910.56,6915.18,6908.93,6912.83,2.17,+0.03%,0
"2026-01-05 11:00",6909.63,6913.69,6906.41,6910.66,1.03,+0.01%,0
"2026-01-05 10:45",6907.02,6911.84,6906.92,6909.63,2.6,+0.04%,0
"2026-01-05 10:30",6912.84,6914.72,6906.33,6907.03,-5.85,-0.08%,0
"2026-01-05 10:15",6902.49,6913.37,6899.85,6912.88,10.36,+0.15%,0
"2026-01-05 10:00",6897.15,6905.34,6892.54,6902.52,5.99,+0.09%,0
"2026-01-05 09:45",6901.35,6905.34,6891.57,6896.53,-4.92,-0.07%,0
"2026-01-05 09:30",6892.19,6902.69,6891.56,6901.45,42.98,+0.63%,0
"2026-01-02 16:45",6858.47,6858.47,6858.47,6858.47,0,0.00%,0
"2026-01-02 16:15",6858.47,6858.47,6858.47,6858.47,0,0.00%,0
"2026-01-02 16:00",6858.02,6858.48,6858.02,6858.47,-0.07,0.00%,0
"2026-01-02 15:45",6851.97,6858.78,6846.64,6858.54,6.54,+0.10%,0
"2026-01-02 15:30",6858.62,6860.15,6851.91,6852,-6.69,-0.10%,0
"2026-01-02 15:15",6858.47,6862.75,6856.46,6858.69,0.18,0.00%,0
"2026-01-02 15:00",6857.43,6862.64,6855.14,6858.51,1.02,+0.01%,0
"2026-01-02 14:45",6861.76,6863.46,6855.47,6857.49,-4.14,-0.06%,0
"2026-01-02 14:30",6855.09,6865.2,6855.07,6861.63,6.58,+0.10%,0
"2026-01-02 14:15",6850.09,6855.64,6845.37,6855.05,4.93,+0.07%,0
"2026-01-02 14:00",6830.94,6851.03,6830.14,6850.12,19.1,+0.28%,0
"2026-01-02 13:45",6837.3,6839.19,6824.31,6831.02,-6.24,-0.09%,0
"2026-01-02 13:30",6835.93,6839.08,6833.78,6837.26,1.4,+0.02%,0
"2026-01-02 13:15",6834.28,6843.39,6832.36,6835.86,1.55,+0.02%,0
"2026-01-02 13:00",6837.67,6841.6,6833.67,6834.31,-3.27,-0.05%,0
"2026-01-02 12:45",6846.18,6848.26,6836.18,6837.58,-8.6,-0.13%,0
"2026-01-02 12:30",6850.45,6853.94,6843.74,6846.18,-4.19,-0.06%,0
"2026-01-02 12:15",6848.85,6850.54,6845.24,6850.37,1.63,+0.02%,0
"2026-01-02 12:00",6837.28,6849.62,6832.73,6848.74,11.48,+0.17%,0
"2026-01-02 11:45",6840.94,6842.16,6828.99,6837.26,-3.81,-0.06%,0
"2026-01-02 11:30",6844.35,6851.79,6840.84,6841.07,-3.25,-0.05%,0
"2026-01-02 11:15",6844.02,6849.55,6837.88,6844.32,0.38,+0.01%,0
"2026-01-02 11:00",6840.12,6843.95,6830.78,6843.94,3.75,+0.05%,0
"2026-01-02 10:45",6867.38,6869.85,6837.28,6840.19,-27.38,-0.40%,0
"2026-01-02 10:30",6850.29,6871.26,6847.3,6867.57,17.48,+0.26%,0
"2026-01-02 10:15",6869.2,6870,6842.31,6850.09,-19.14,-0.28%,0
"2026-01-02 10:00",6887.91,6894.87,6866.85,6869.23,-18.55,-0.27%,0
"2026-01-02 09:45",6876.08,6894.5,6874.93,6887.78,12.17,+0.18%,0
"2026-01-02 09:30",6878.11,6888.67,6867.9,6875.61,30.11,+0.44%,0
"2025-12-31 16:30",6845.5,6845.5,6845.5,6845.5,0,0.00%,0
"2025-12-31 16:15",6845.5,6845.5,6845.5,6845.5,0,0.00%,0
"2025-12-31 16:00",6845.1,6845.87,6845.1,6845.5,-0.27,0.00%,0
"2025-12-31 15:45",6861.5,6861.96,6844.55,6845.77,-15.72,-0.23%,0
"2025-12-31 15:30",6854.36,6864.18,6852.95,6861.49,7.12,+0.10%,0
"2025-12-31 15:15",6859.71,6862.41,6853.1,6854.37,-5.26,-0.08%,0
"2025-12-31 15:00",6868.77,6869.16,6857.4,6859.63,-9.11,-0.13%,0
"2025-12-31 14:45",6872.83,6873.39,6868.04,6868.74,-4.06,-0.06%,0
"2025-12-31 14:30",6877.91,6878.53,6868.65,6872.8,-5.17,-0.08%,0
"2025-12-31 14:15",6886.2,6886.3,6877.7,6877.97,-8.22,-0.12%,0
"2025-12-31 14:00",6885.25,6889.31,6885.25,6886.19,0.9,+0.01%,0
"2025-12-31 13:45",6884.28,6887.31,6883.72,6885.29,1.07,+0.02%,0
"2025-12-31 13:30",6880.76,6884.56,6880.05,6884.22,3.5,+0.05%,0
"2025-12-31 13:15",6880.04,6881.07,6876.7,6880.72,0.75,+0.01%,0
"2025-12-31 13:00",6875.22,6879.97,6874.59,6879.97,4.82,+0.07%,0
"2025-12-31 12:45",6877.81,6878.32,6873.91,6875.15,-2.7,-0.04%,0
"2025-12-31 12:30",6877.15,6880.13,6876.1,6877.85,0.71,+0.01%,0
"2025-12-31 12:15",6876.49,6878.96,6875.67,6877.14,0.65,+0.01%,0
"2025-12-31 12:00",6880.63,6881.12,6873.56,6876.49,-4.16,-0.06%,0
"2025-12-31 11:45",6876.15,6881.1,6875.13,6880.65,4.47,+0.07%,0
"2025-12-31 11:30",6878.53,6878.61,6874.79,6876.18,-2.33,-0.03%,0
"2025-12-31 11:15",6872.29,6878.53,6872.29,6878.51,6.15,+0.09%,0
"2025-12-31 11:00",6870.32,6873.38,6870.28,6872.36,2.21,+0.03%,0
"2025-12-31 10:45",6878.27,6878.27,6868.98,6870.15,-8.09,-0.12%,0
"2025-12-31 10:30",6882.2,6883.2,6876.68,6878.24,-3.94,-0.06%,0
"2025-12-31 10:15",6881.3,6883.2,6876.24,6882.18,1,+0.01%,0
"2025-12-31 10:00",6886.49,6887.13,6879.63,6881.18,-5.33,-0.08%,0
"2025-12-31 09:45",6885.74,6891.23,6879.88,6886.51,0.82,+0.01%,0
"2025-12-31 09:30",6898.82,6901.42,6884.25,6885.69,-10.55,-0.15%,0
"2025-12-30 16:45",6896.24,6896.24,6896.24,6896.24,0,0.00%,0
"2025-12-30 16:15",6896.24,6896.24,6896.24,6896.24,0,0.00%,0
"2025-12-30 16:00",6896.23,6896.8,6896.23,6896.24,-0.21,0.00%,0
"2025-12-30 15:45",6904.41,6904.5,6895.18,6896.45,-7.94,-0.11%,0
"2025-12-30 15:30",6902.76,6905.87,6902.64,6904.39,1.53,+0.02%,0
"2025-12-30 15:15",6900.48,6905.09,6900.29,6902.86,2.33,+0.03%,0
"2025-12-30 15:00",6903.24,6904.07,6898.78,6900.53,-2.68,-0.04%,0
"2025-12-30 14:45",6905.43,6906,6901.85,6903.21,-2.2,-0.03%,0
"2025-12-30 14:30",6905.64,6906.88,6904.25,6905.41,-0.24,0.00%,0
"2025-12-30 14:15",6906.61,6906.61,6904.43,6905.65,-0.94,-0.01%,0
"2025-12-30 14:00",6905.47,6906.59,6902.23,6906.59,1.13,+0.02%,0
"2025-12-30 13:45",6904.18,6906.38,6903.86,6905.46,1.26,+0.02%,0
"2025-12-30 13:30",6905.35,6906.78,6902.72,6904.2,-1.14,-0.02%,0
"2025-12-30 13:15",6904.66,6905.48,6903.26,6905.34,0.66,+0.01%,0
"2025-12-30 13:00",6903.93,6905.41,6900.01,6904.68,0.79,+0.01%,0
"2025-12-30 12:45",6902.04,6904.53,6899.83,6903.89,1.84,+0.03%,0
"2025-12-30 12:30",6901.43,6904.71,6901.25,6902.05,0.71,+0.01%,0
"2025-12-30 12:15",6898.58,6901.69,6897.03,6901.34,2.73,+0.04%,0
"2025-12-30 12:00",6900.15,6900.5,6898.31,6898.61,-1.71,-0.02%,0
"2025-12-30 11:45",6903.97,6904.22,6900.06,6900.32,-3.6,-0.05%,0
"2025-12-30 11:30",6910.08,6910.42,6902.19,6903.92,-6.19,-0.09%,0
"2025-12-30 11:15",6905.59,6913.06,6905.51,6910.11,4.67,+0.07%,0
"2025-12-30 11:00",6903.85,6907.93,6903.14,6905.44,1.56,+0.02%,0
"2025-12-30 10:45",6895.37,6905.03,6894.75,6903.88,8.58,+0.12%,0
"2025-12-30 10:30",6896.97,6897.54,6893.47,6895.3,-1.53,-0.02%,0
"2025-12-30 10:15",6897.74,6901.65,6895.61,6896.83,-0.82,-0.01%,0
"2025-12-30 10:00",6909.45,6909.92,6896.66,6897.65,-11.83,-0.17%,0
"2025-12-30 09:45",6898.89,6913.25,6896.64,6909.48,10.53,+0.15%,0
"2025-12-30 09:30",6900.44,6905.9,6898.49,6898.95,-6.79,-0.10%,0
"2025-12-29 16:45",6905.74,6905.74,6905.74,6905.74,0,0.00%,0
"2025-12-29 16:15",6905.74,6905.74,6905.74,6905.74,0,0.00%,0
"2025-12-29 16:00",6905.9,6906.1,6905.74,6905.74,-1.22,-0.02%,0
"2025-12-29 15:45",6907.4,6909.35,6902.45,6906.96,-0.41,-0.01%,0
"2025-12-29 15:30",6909.74,6911.68,6906.25,6907.37,-2.3,-0.03%,0
"2025-12-29 15:15",6912.48,6913.71,6909.59,6909.67,-2.83,-0.04%,0
"2025-12-29 15:00",6910.78,6912.5,6908.92,6912.5,1.72,+0.02%,0
"2025-12-29 14:45",6906.86,6912.22,6906.7,6910.78,3.92,+0.06%,0
"2025-12-29 14:30",6902.1,6908.23,6902.1,6906.86,4.72,+0.07%,0
"2025-12-29 14:15",6897.78,6902.44,6897.26,6902.14,4.4,+0.06%,0
"2025-12-29 14:00",6899.76,6900.35,6896.72,6897.74,-2.04,-0.03%,0
"2025-12-29 13:45",6902.29,6902.57,6899.45,6899.78,-2.46,-0.04%,0
"2025-12-29 13:30",6900.98,6906.39,6900.75,6902.24,1.26,+0.02%,0
"2025-12-29 13:15",6896.68,6902.77,6896.68,6900.98,4.29,+0.06%,0
"2025-12-29 13:00",6897.78,6898.8,6895.69,6896.69,-1.12,-0.02%,0
"2025-12-29 12:45",6892.58,6898.43,6892.49,6897.81,5.18,+0.08%,0
"2025-12-29 12:30",6890.28,6892.96,6889.71,6892.63,2.33,+0.03%,0
"2025-12-29 12:15",6895.99,6896.87,6888.76,6890.3,-5.77,-0.08%,0
"2025-12-29 12:00",6898.54,6899.86,6893.96,6896.07,-2.52,-0.04%,0
"2025-12-29 11:45",6896.35,6901.51,6896.28,6898.59,2.22,+0.03%,0
"2025-12-29 11:30",6899.48,6902.54,6894.83,6896.37,-3.11,-0.05%,0
"2025-12-29 11:15",6902.78,6902.78,6897.38,6899.48,-3.37,-0.05%,0
"2025-12-29 11:00",6901.45,6903.9,6897.97,6902.85,1.33,+0.02%,0
"2025-12-29 10:45",6909.64,6909.85,6896.71,6901.52,-8.14,-0.12%,0
"2025-12-29 10:30",6907.48,6911.66,6905.41,6909.66,2.04,+0.03%,0
"2025-12-29 10:15",6898.64,6908.18,6898.47,6907.62,8.88,+0.13%,0
"2025-12-29 10:00",6903.63,6906.54,6896.18,6898.74,-5.04,-0.07%,0
"2025-12-29 09:45",6912.62,6912.62,6901.24,6903.78,-8.57,-0.12%,0
"2025-12-29 09:30",6903.6,6920.21,6897.5,6912.35,-17.59,-0.25%,0
"2025-12-26 16:30",6929.94,6929.94,6929.94,6929.94,0,0.00%,0
"2025-12-26 16:15",6929.94,6929.94,6929.94,6929.94,0,0.00%,0
"2025-12-26 16:00",6929.83,6930.48,6929.83,6929.94,-0.58,-0.01%,0
"2025-12-26 15:45",6932.49,6932.67,6927.97,6930.52,-1.98,-0.03%,0
"2025-12-26 15:30",6930.08,6932.85,6929.79,6932.5,2.41,+0.03%,0
"2025-12-26 15:15",6929.92,6930.71,6928.7,6930.09,0.19,0.00%,0
"2025-12-26 15:00",6929.81,6931.5,6928.54,6929.9,0.13,0.00%,0
"2025-12-26 14:45",6930.08,6930.59,6929,6929.77,-0.32,0.00%,0
"2025-12-26 14:30",6928.75,6931.2,6928.75,6930.09,1.4,+0.02%,0
"2025-12-26 14:15",6930.72,6931.24,6928.2,6928.69,-2.08,-0.03%,0
"2025-12-26 14:00",6930.92,6932.91,6929.47,6930.77,-0.29,0.00%,0
"2025-12-26 13:45",6927.66,6931.35,6926.82,6931.06,3.33,+0.05%,0
"2025-12-26 13:30",6925.46,6929.79,6925.27,6927.73,2.21,+0.03%,0
"2025-12-26 13:15",6927.51,6927.51,6921.6,6925.52,-1.96,-0.03%,0
"2025-12-26 13:00",6926.27,6929.05,6926.2,6927.48,1.23,+0.02%,0
"2025-12-26 12:45",6924.8,6927.3,6923.94,6926.25,1.44,+0.02%,0
"2025-12-26 12:30",6929.62,6930.23,6923.96,6924.81,-4.81,-0.07%,0
"2025-12-26 12:15",6923.55,6929.65,6922.64,6929.62,6.09,+0.09%,0
"2025-12-26 12:00",6928.46,6928.64,6923.03,6923.53,-5.03,-0.07%,0
"2025-12-26 11:45",6931.23,6931.6,6926.96,6928.56,-2.66,-0.04%,0
"2025-12-26 11:30",6931.3,6931.77,6930.06,6931.22,-0.1,0.00%,0
"2025-12-26 11:15",6928.14,6932.33,6926.79,6931.32,3.3,+0.05%,0
"2025-12-26 11:00",6936.7,6938.04,6928.02,6928.02,-8.74,-0.13%,0
"2025-12-26 10:45",6933.95,6937.08,6932.93,6936.76,2.85,+0.04%,0
"2025-12-26 10:30",6935.86,6938.49,6933.91,6933.91,-1.89,-0.03%,0
"2025-12-26 10:15",6927.47,6936,6925.4,6935.8,8.23,+0.12%,0
"2025-12-26 10:00",6935.87,6936.71,6926.8,6927.57,-8.31,-0.12%,0
"2025-12-26 09:45",6944.68,6945.77,6934.02,6935.88,-8.6,-0.12%,0
"2025-12-26 09:30",6936.02,6944.8,6932.43,6944.48,12.43,+0.18%,0
"2025-12-24 14:45",6932.05,6932.05,6932.05,6932.05,0,0.00%,0
"2025-12-24 13:15",6932.05,6932.05,6932.05,6932.05,0,0.00%,0
"2025-12-24 13:00",6931.43,6932.13,6931.34,6932.05,0.7,+0.01%,0
"2025-12-24 12:45",6932.51,6934.9,6930.28,6931.35,-1.18,-0.02%,0
"2025-12-24 12:30",6934.75,6937.32,6932.27,6932.53,-2.35,-0.03%,0
"2025-12-24 12:15",6935.2,6935.52,6931.93,6934.88,-0.24,0.00%,0
"2025-12-24 12:00",6932.74,6935.7,6932.69,6935.12,2.33,+0.03%,0
"2025-12-24 11:45",6933.48,6934.09,6931.38,6932.79,-0.69,-0.01%,0
"2025-12-24 11:30",6928.98,6934.13,6928.46,6933.48,4.54,+0.07%,0
"2025-12-24 11:15",6927.77,6929.19,6925.58,6928.94,1.1,+0.02%,0
"2025-12-24 11:00",6923.54,6927.92,6922.43,6927.84,4.29,+0.06%,0
"2025-12-24 10:45",6921.22,6923.9,6920.67,6923.55,2.51,+0.04%,0
"2025-12-24 10:30",6920.27,6921.17,6918.61,6921.04,0.83,+0.01%,0
"2025-12-24 10:15",6919.33,6921.42,6916.78,6920.21,0.96,+0.01%,0
"2025-12-24 10:00",6914.69,6919.86,6914.01,6919.25,4.61,+0.07%,0
"2025-12-24 09:45",6911.74,6916.21,6910.72,6914.64,2.74,+0.04%,0
"2025-12-24 09:30",6904.91,6915.23,6904.91,6911.9,2.11,+0.03%,0
"2025-12-23 16:45",6909.79,6909.79,6909.79,6909.79,0,0.00%,0
"2025-12-23 16:15",6909.79,6909.79,6909.79,6909.79,0,0.00%,0
"2025-12-23 16:00",6909.42,6909.79,6909.4,6909.79,0.77,+0.01%,0
"2025-12-23 15:45",6906.17,6910.88,6904.86,6909.02,2.85,+0.04%,0
"2025-12-23 15:30",6906.92,6908.61,6906.13,6906.17,-0.75,-0.01%,0
"2025-12-23 15:15",6907.67,6908.44,6906.66,6906.92,-0.73,-0.01%,0
"2025-12-23 15:00",6906.87,6908.73,6906.8,6907.65,0.84,+0.01%,0
"2025-12-23 14:45",6906.65,6907.86,6906.42,6906.81,0.22,0.00%,0
"2025-12-23 14:30",6907.59,6907.8,6905.73,6906.59,-1.01,-0.01%,0
"2025-12-23 14:15",6905.79,6908.2,6905.78,6907.6,1.76,+0.03%,0
"2025-12-23 14:00",6903.92,6906.75,6903.78,6905.84,1.97,+0.03%,0
"2025-12-23 13:45",6905.7,6906.23,6903.84,6903.87,-1.86,-0.03%,0
"2025-12-23 13:30",6904.21,6906.32,6904.16,6905.73,1.46,+0.02%,0
"2025-12-23 13:15",6902.35,6905.85,6901.65,6904.27,1.89,+0.03%,0
"2025-12-23 13:00",6899.21,6902.67,6898.49,6902.38,3.15,+0.05%,0
"2025-12-23 12:45",6899.36,6900.3,6896.57,6899.23,-0.14,0.00%,0
"2025-12-23 12:30",6899.91,6900.86,6897.58,6899.37,-0.56,-0.01%,0
"2025-12-23 12:15",6898.62,6901.03,6898.03,6899.93,1.22,+0.02%,0
"2025-12-23 12:00",6898.37,6899.51,6896.23,6898.71,0.33,0.00%,0
"2025-12-23 11:45",6896.32,6899.2,6896,6898.38,2.16,+0.03%,0
"2025-12-23 11:30",6894.32,6897.2,6892.91,6896.22,1.92,+0.03%,0
"2025-12-23 11:15",6893.69,6896.75,6893.59,6894.3,0.52,+0.01%,0
"2025-12-23 11:00",6892.2,6895.28,6891.63,6893.78,1.51,+0.02%,0
"2025-12-23 10:45",6890.17,6893.64,6888.21,6892.27,2.1,+0.03%,0
"2025-12-23 10:30",6881.19,6890.81,6881.19,6890.17,8.96,+0.13%,0
"2025-12-23 10:15",6876.41,6884.83,6876.41,6881.21,5.02,+0.07%,0
"2025-12-23 10:00",6882.21,6883.2,6872.62,6876.19,-6.36,-0.09%,0
"2025-12-23 09:45",6887.11,6891.83,6879.25,6882.55,-4.57,-0.07%,0
"2025-12-23 09:30",6872.41,6887.14,6868.81,6887.12,8.63,+0.13%,0
"2025-12-22 16:45",6878.49,6878.49,6878.49,6878.49,0,0.00%,0
"2025-12-22 16:15",6878.49,6878.49,6878.49,6878.49,0,0.00%,0
"2025-12-22 16:00",6877.4,6878.49,6877.4,6878.49,2,+0.03%,0
"2025-12-22 15:45",6877.35,6879.4,6874.91,6876.49,-0.87,-0.01%,0
"2025-12-22 15:30",6877.42,6879.79,6876.99,6877.36,-0.03,0.00%,0
"2025-12-22 15:15",6876.12,6878.61,6875.76,6877.39,1.26,+0.02%,0
"2025-12-22 15:00",6876.28,6877.96,6875.05,6876.13,-0.12,0.00%,0
"2025-12-22 14:45",6876.02,6877.21,6875.12,6876.25,0.18,0.00%,0
"2025-12-22 14:30",6875.79,6878.98,6875.76,6876.07,0.33,0.00%,0
"2025-12-22 14:15",6871.48,6875.84,6870.6,6875.74,4.21,+0.06%,0
"2025-12-22 14:00",6873.59,6874.2,6870.62,6871.53,-1.96,-0.03%,0
"2025-12-22 13:45",6876.11,6876.32,6872.26,6873.49,-2.61,-0.04%,0
"2025-12-22 13:30",6875.89,6877.89,6875.01,6876.1,0.17,0.00%,0
"2025-12-22 13:15",6876.61,6876.89,6872.55,6875.93,-0.66,-0.01%,0
"2025-12-22 13:00",6881.14,6881.14,6876.48,6876.59,-4.51,-0.07%,0
"2025-12-22 12:45",6876.56,6882.03,6875.81,6881.1,4.52,+0.07%,0
"2025-12-22 12:30",6875.07,6877.7,6874.54,6876.58,1.44,+0.02%,0
"2025-12-22 12:15",6876.52,6878.27,6874.17,6875.14,-1.41,-0.02%,0
"2025-12-22 12:00",6877.78,6879.34,6875.19,6876.55,-1.12,-0.02%,0
"2025-12-22 11:45",6872.45,6877.69,6872.3,6877.67,4.94,+0.07%,0
"2025-12-22 11:30",6875.49,6876.39,6872.73,6872.73,-2.64,-0.04%,0
"2025-12-22 11:15",6875.45,6878.23,6874.62,6875.37,0.02,0.00%,0
"2025-12-22 11:00",6864.88,6875.6,6864.88,6875.35,10.36,+0.15%,0
"2025-12-22 10:45",6866.11,6868.36,6864.64,6864.99,-1.3,-0.02%,0
"2025-12-22 10:30",6866.27,6868.27,6855.74,6866.29,-0.04,0.00%,0
"2025-12-22 10:15",6858.81,6867.57,6858.59,6866.33,7.49,+0.11%,0
"2025-12-22 10:00",6868.14,6869.47,6858.27,6858.84,-9.31,-0.14%,0
"2025-12-22 09:45",6860.87,6869.9,6860.07,6868.15,7.27,+0.11%,0
"2025-12-22 09:30",6865.21,6873.89,6858.49,6860.88,26.38,+0.39%,0
"2025-12-19 16:45",6834.5,6834.5,6834.5,6834.5,0,0.00%,0
"2025-12-19 16:15",6834.5,6834.5,6834.5,6834.5,0,0.00%,0
"2025-12-19 16:00",6835.91,6835.91,6834.34,6834.5,-0.2,0.00%,0
"2025-12-19 15:45",6827.85,6836.16,6827.06,6834.7,6.76,+0.10%,0
"2025-12-19 15:30",6833.54,6835.44,6825.28,6827.94,-5.54,-0.08%,0
"2025-12-19 15:15",6833.4,6835.91,6832.27,6833.48,0.1,0.00%,0
"2025-12-19 15:00",6834.84,6837.48,6832.8,6833.38,-1.48,-0.02%,0
"2025-12-19 14:45",6837.31,6838.89,6834.52,6834.86,-2.48,-0.04%,0
"2025-12-19 14:30",6835.44,6838.43,6834.74,6837.34,1.92,+0.03%,0
"2025-12-19 14:15",6835.22,6837.1,6833.83,6835.42,0.29,0.00%,0
"2025-12-19 14:00",6831.53,6836.56,6831.27,6835.13,3.52,+0.05%,0
"2025-12-19 13:45",6833.02,6834.79,6830.99,6831.61,-1.46,-0.02%,0
"2025-12-19 13:30",6837.02,6837.67,6831.47,6833.07,-3.86,-0.06%,0
"2025-12-19 13:15",6838.22,6840.02,6835.88,6836.93,-1.32,-0.02%,0
"2025-12-19 13:00",6835.98,6838.82,6834.26,6838.25,2.22,+0.03%,0
"2025-12-19 12:45",6833.88,6839.84,6833.04,6836.03,2.16,+0.03%,0
"2025-12-19 12:30",6836.08,6837.21,6832.79,6833.87,-2.23,-0.03%,0
"2025-12-19 12:15",6830.62,6837.43,6830.59,6836.1,5.53,+0.08%,0
"2025-12-19 12:00",6826.25,6831.45,6826.05,6830.57,4.38,+0.06%,0
"2025-12-19 11:45",6826.91,6830.65,6822.54,6826.19,-0.93,-0.01%,0
"2025-12-19 11:30",6831.03,6833.78,6827.12,6827.12,-3.91,-0.06%,0
"2025-12-19 11:15",6825.98,6831.24,6824.25,6831.03,5.05,+0.07%,0
"2025-12-19 11:00",6819.08,6831.88,6815.37,6825.98,6.91,+0.10%,0
"2025-12-19 10:45",6822.01,6822.94,6816.08,6819.07,-3.08,-0.05%,0
"2025-12-19 10:30",6821.17,6829.87,6816.62,6822.15,1,+0.01%,0
"2025-12-19 10:15",6824.65,6828.58,6813.92,6821.15,-3.42,-0.05%,0
"2025-12-19 10:00",6826.8,6833.82,6821.3,6824.57,-2.46,-0.04%,0
"2025-12-19 09:45",6823.48,6827.18,6817.79,6827.03,3.76,+0.06%,0
"2025-12-19 09:30",6792.62,6823.27,6792.62,6823.27,48.51,+0.72%,0
"2025-12-18 16:45",6774.76,6774.76,6774.76,6774.76,0,0.00%,0
"2025-12-18 16:15",6774.76,6774.76,6774.76,6774.76,0,0.00%,0
"2025-12-18 16:00",6773.91,6774.8,6773.91,6774.76,0.41,+0.01%,0
"2025-12-18 15:45",6790.11,6794.07,6773.44,6774.35,-15.82,-0.23%,0
"2025-12-18 15:30",6784.99,6792.33,6783.42,6790.17,5.27,+0.08%,0
"2025-12-18 15:15",6782.7,6786.92,6778.24,6784.9,2.22,+0.03%,0
"2025-12-18 15:00",6766.23,6782.84,6763.81,6782.68,16.27,+0.24%,0
"2025-12-18 14:45",6772.16,6781.55,6762.64,6766.41,-5.65,-0.08%,0
"2025-12-18 14:30",6780.31,6781.3,6771.26,6772.06,-8.18,-0.12%,0
"2025-12-18 14:15",6783.48,6783.48,6776,6780.24,-3.19,-0.05%,0
"2025-12-18 14:00",6791.33,6791.57,6775.26,6783.43,-8.55,-0.13%,0
"2025-12-18 13:45",6797.99,6798,6789.6,6791.98,-6.08,-0.09%,0
"2025-12-18 13:30",6797.24,6805.78,6797.24,6798.06,0.77,+0.01%,0
"2025-12-18 13:15",6792.73,6799.19,6792.51,6797.29,4.33,+0.06%,0
"2025-12-18 13:00",6792.44,6797.35,6785.67,6792.96,0.52,+0.01%,0
"2025-12-18 12:45",6791.31,6795.63,6782.37,6792.44,1.37,+0.02%,0
"2025-12-18 12:30",6767.27,6791.14,6764.67,6791.07,23.92,+0.35%,0
"2025-12-18 12:15",6772.89,6773.82,6758.5,6767.15,-5.38,-0.08%,0
"2025-12-18 12:00",6804.99,6804.99,6769.25,6772.53,-32.47,-0.48%,0
"2025-12-18 11:45",6812.06,6812.49,6802.81,6805,-7.22,-0.11%,0
"2025-12-18 11:30",6806.43,6816.13,6806.17,6812.22,4.96,+0.07%,0
"2025-12-18 11:15",6808.61,6812.73,6803.84,6807.26,-1.31,-0.02%,0
"2025-12-18 11:00",6808.78,6815.19,6807.1,6808.57,0,0.00%,0
"2025-12-18 10:45",6813.31,6814.06,6805.43,6808.57,-4.52,-0.07%,0
"2025-12-18 10:30",6798.69,6814.93,6795.94,6813.09,14.42,+0.21%,0
"2025-12-18 10:15",6775.76,6800.08,6770.82,6798.67,22.76,+0.34%,0
"2025-12-18 10:00",6789.67,6793,6771.31,6775.91,-13.37,-0.20%,0
"2025-12-18 09:45",6771.72,6792.09,6765.8,6789.28,17.55,+0.26%,0
"2025-12-18 09:30",6778.06,6796.4,6769.72,6771.73,50.3,+0.75%,0
"2025-12-17 16:45",6721.43,6721.43,6721.43,6721.43,0,0.00%,0
"2025-12-17 16:15",6721.43,6721.43,6721.43,6721.43,0,0.00%,0
"2025-12-17 16:00",6720.95,6721.75,6720.95,6721.43,-0.79,-0.01%,0
"2025-12-17 15:45",6736.5,6738.3,6720.43,6722.22,-14.24,-0.21%,0
"2025-12-17 15:30",6734.05,6737.44,6728.78,6736.46,2.47,+0.04%,0
"2025-12-17 15:15",6736.62,6741.3,6731.55,6733.99,-2.68,-0.04%,0
"2025-12-17 15:00",6740.05,6741.52,6733.2,6736.67,-3.46,-0.05%,0
"2025-12-17 14:45",6735.83,6741.45,6734.64,6740.13,4.35,+0.06%,0
"2025-12-17 14:30",6733.36,6737.52,6730.75,6735.78,2.37,+0.04%,0
"2025-12-17 14:15",6734.96,6738.21,6732.08,6733.41,-1.6,-0.02%,0
"2025-12-17 14:00",6733.95,6736.51,6729.19,6735.01,1.06,+0.02%,0
"2025-12-17 13:45",6735.75,6738.1,6730.24,6733.95,-1.88,-0.03%,0
"2025-12-17 13:30",6742.59,6744.72,6729.84,6735.83,-6.94,-0.10%,0
"2025-12-17 13:15",6743.12,6746.05,6739.05,6742.77,-0.35,-0.01%,0
"2025-12-17 13:00",6746.61,6757.3,6742.96,6743.12,-3.46,-0.05%,0
"2025-12-17 12:45",6744.81,6749.05,6739.49,6746.58,1.84,+0.03%,0
"2025-12-17 12:30",6750.24,6758.66,6744.21,6744.74,-5.46,-0.08%,0
"2025-12-17 12:15",6742.96,6758.84,6741.03,6750.2,7.2,+0.11%,0
"2025-12-17 12:00",6750.46,6753.09,6739.5,6743,-7.63,-0.11%,0
"2025-12-17 11:45",6752.24,6755.59,6739.61,6750.63,-1.8,-0.03%,0
"2025-12-17 11:30",6755.05,6755.67,6743.82,6752.43,-3.23,-0.05%,0
"2025-12-17 11:15",6745.52,6762.25,6742.51,6755.66,10.25,+0.15%,0
"2025-12-17 11:00",6754.21,6764.7,6745.23,6745.41,-8.61,-0.13%,0
"2025-12-17 10:45",6768.65,6771.96,6748.9,6754.02,-14.7,-0.22%,0
"2025-12-17 10:30",6798.36,6800.2,6764.82,6768.72,-29.7,-0.44%,0
"2025-12-17 10:15",6797.48,6802.35,6789.62,6798.42,0.31,0.00%,0
"2025-12-17 10:00",6800.17,6805.13,6791.53,6798.11,-3.98,-0.06%,0
"2025-12-17 09:45",6793.66,6803.42,6784.69,6802.09,8.26,+0.12%,0
"2025-12-17 09:30",6802.88,6812.26,6790.08,6793.83,-6.43,-0.09%,0
"2025-12-16 16:45",6800.26,6800.26,6800.26,6800.26,0,0.00%,0
"2025-12-16 16:15",6800.26,6800.26,6800.26,6800.26,0,0.00%,0
"2025-12-16 16:00",6798.33,6800.26,6798.33,6800.26,1.75,+0.03%,0
"2025-12-16 15:45",6809.34,6812.84,6798.35,6798.51,-10.93,-0.16%,0
"2025-12-16 15:30",6801.38,6814.71,6801.05,6809.44,8.06,+0.12%,0
"2025-12-16 15:15",6792.44,6801.54,6792.13,6801.38,8.96,+0.13%,0
"2025-12-16 15:00",6788.42,6799.19,6787.23,6792.42,3.89,+0.06%,0
"2025-12-16 14:45",6788.35,6794.48,6784.64,6788.53,0.21,0.00%,0
"2025-12-16 14:30",6779.47,6789.74,6778.57,6788.32,8.93,+0.13%,0
"2025-12-16 14:15",6770.47,6779.45,6767.83,6779.39,8.94,+0.13%,0
"2025-12-16 14:00",6787.67,6787.67,6769.55,6770.45,-17.25,-0.25%,0
"2025-12-16 13:45",6787.53,6794.86,6785.9,6787.7,0.28,0.00%,0
"2025-12-16 13:30",6764.5,6787.86,6764.5,6787.42,22.81,+0.34%,0
"2025-12-16 13:15",6768.86,6770.56,6762.26,6764.61,-4.28,-0.06%,0
"2025-12-16 13:00",6765.44,6768.98,6759.74,6768.89,3.38,+0.05%,0
"2025-12-16 12:45",6776.1,6779.67,6764.18,6765.51,-10.36,-0.15%,0
"2025-12-16 12:30",6782.79,6791.34,6773.08,6775.87,-6.94,-0.10%,0
"2025-12-16 12:15",6794.77,6797.89,6779.81,6782.81,-11.91,-0.18%,0
"2025-12-16 12:00",6792.2,6796.2,6784.22,6794.72,2.81,+0.04%,0
"2025-12-16 11:45",6782.36,6793.36,6779.92,6791.91,9.55,+0.14%,0
"2025-12-16 11:30",6780.83,6786.04,6775.16,6782.36,2.26,+0.03%,0
"2025-12-16 11:15",6786.57,6787.48,6777.72,6780.1,-6.61,-0.10%,0
"2025-12-16 11:00",6799.19,6801.82,6784.15,6786.71,-12.75,-0.19%,0
"2025-12-16 10:45",6789.92,6803.05,6785.24,6799.46,9.37,+0.14%,0
"2025-12-16 10:30",6785.99,6795.37,6779.44,6790.09,4.25,+0.06%,0
"2025-12-16 10:15",6802.45,6803.43,6773.23,6785.84,-16.85,-0.25%,0
"2025-12-16 10:00",6817.52,6819.27,6799.26,6802.69,-14.61,-0.21%,0
"2025-12-16 09:45",6794.89,6819.22,6785.83,6817.3,22.86,+0.34%,0
"2025-12-16 09:30",6800.12,6812.91,6790.42,6794.44,-22.07,-0.32%,0
"2025-12-15 16:30",6816.51,6816.51,6816.51,6816.51,0,0.00%,0
"2025-12-15 16:15",6816.51,6816.51,6816.51,6816.51,0,0.00%,0
"2025-12-15 16:00",6816.11,6816.54,6816.11,6816.51,0.17,0.00%,0
"2025-12-15 15:45",6815.92,6824.84,6815.28,6816.34,0.56,+0.01%,0
"2025-12-15 15:30",6819.8,6822.13,6814.62,6815.78,-4.05,-0.06%,0
"2025-12-15 15:15",6822.1,6824.95,6816.35,6819.83,-2.44,-0.04%,0
"2025-12-15 15:00",6826.02,6826.46,6819.6,6822.27,-3.71,-0.05%,0
"2025-12-15 14:45",6815.12,6826.61,6813.65,6825.98,11.2,+0.16%,0
"2025-12-15 14:30",6817.48,6819.85,6814.44,6814.78,-2.64,-0.04%,0
"2025-12-15 14:15",6817.15,6820.63,6814.21,6817.42,0.11,0.00%,0
"2025-12-15 14:00",6819.77,6824.29,6817.3,6817.31,-2.65,-0.04%,0
"2025-12-15 13:45",6811.79,6823.17,6811.44,6819.96,8.12,+0.12%,0
"2025-12-15 13:30",6809.05,6812.86,6805.85,6811.84,2.79,+0.04%,0
"2025-12-15 13:15",6819.1,6820.86,6804.38,6809.05,-10.07,-0.15%,0
"2025-12-15 13:00",6814.25,6819.77,6809.4,6819.12,4.69,+0.07%,0
"2025-12-15 12:45",6821.01,6822.93,6803.53,6814.43,-6.54,-0.10%,0
"2025-12-15 12:30",6815.36,6823.27,6810.33,6820.97,5.76,+0.08%,0
"2025-12-15 12:15",6817.6,6819.74,6811.53,6815.21,-2.42,-0.04%,0
"2025-12-15 12:00",6818.1,6822.06,6815.23,6817.63,-0.37,-0.01%,0
"2025-12-15 11:45",6814.57,6826.3,6810.98,6818,3.42,+0.05%,0
"2025-12-15 11:30",6837.34,6838.18,6813.99,6814.58,-22.72,-0.33%,0
"2025-12-15 11:15",6819.79,6839.86,6819.44,6837.3,17.09,+0.25%,0
"2025-12-15 11:00",6820.63,6827.44,6816.14,6820.21,-0.47,-0.01%,0
"2025-12-15 10:45",6827.22,6830.22,6816.7,6820.68,-6.61,-0.10%,0
"2025-12-15 10:30",6806.76,6827.29,6804.94,6827.29,20.48,+0.30%,0
"2025-12-15 10:15",6822.78,6823.05,6801.49,6806.81,-16.02,-0.23%,0
"2025-12-15 10:00",6833.16,6834.26,6820.26,6822.83,-9.53,-0.14%,0
"2025-12-15 09:45",6844.16,6846.56,6831.4,6832.36,-11.83,-0.17%,0
"2025-12-15 09:30",6860.19,6861.59,6843.83,6844.19,16.78,+0.25%,0
"2025-12-12 16:45",6827.41,6827.41,6827.41,6827.41,0,0.00%,0
"2025-12-12 16:15",6827.41,6827.41,6827.41,6827.41,0,0.00%,0
"2025-12-12 16:00",6827.63,6827.7,6827.38,6827.41,-0.48,-0.01%,0
"2025-12-12 15:45",6818.68,6828.54,6817.85,6827.89,9.14,+0.13%,0
"2025-12-12 15:30",6823.79,6824.85,6811.3,6818.75,-5.01,-0.07%,0
"2025-12-12 15:15",6828.32,6830.67,6821.63,6823.76,-4.83,-0.07%,0
"2025-12-12 15:00",6829.95,6834.96,6825.81,6828.59,-1.43,-0.02%,0
"2025-12-12 14:45",6828.35,6832.04,6826.39,6830.02,1.78,+0.03%,0
"2025-12-12 14:30",6824.85,6832.92,6824.85,6828.24,3.21,+0.05%,0
"2025-12-12 14:15",6827.99,6830.53,6822.79,6825.03,-3.08,-0.05%,0
"2025-12-12 14:00",6835.88,6836.77,6826.49,6828.11,-7.78,-0.11%,0
"2025-12-12 13:45",6840.12,6845.57,6835.24,6835.89,-4.32,-0.06%,0
"2025-12-12 13:30",6848.88,6849.1,6839.16,6840.21,-8.05,-0.12%,0
"2025-12-12 13:15",6846.96,6853.89,6842.03,6848.26,1.85,+0.03%,0
"2025-12-12 13:00",6837.04,6851.82,6834.29,6846.41,9.41,+0.14%,0
"2025-12-12 12:45",6835.83,6842.92,6834.4,6837,0.85,+0.01%,0
"2025-12-12 12:30",6824.85,6838.94,6820.47,6836.15,11.48,+0.17%,0
"2025-12-12 12:15",6829.59,6839.87,6824.21,6824.67,-5.22,-0.08%,0
"2025-12-12 12:00",6815.98,6831.44,6814.21,6829.89,14.62,+0.21%,0
"2025-12-12 11:45",6817.01,6817.08,6806.82,6815.27,-1.46,-0.02%,0
"2025-12-12 11:30",6823.23,6823.23,6801.79,6816.73,-6.48,-0.09%,0
"2025-12-12 11:15",6820.49,6826.74,6807.07,6823.21,2.58,+0.04%,0
"2025-12-12 11:00",6827.74,6834.69,6811.98,6820.63,-7.54,-0.11%,0
"2025-12-12 10:45",6862.58,6866.13,6824.11,6828.17,-34.5,-0.50%,0
"2025-12-12 10:30",6847.66,6862.67,6843.68,6862.67,15.06,+0.22%,0
"2025-12-12 10:15",6869.54,6871.59,6847.1,6847.61,-22.09,-0.32%,0
"2025-12-12 10:00",6886.13,6886.13,6866.34,6869.7,-16.89,-0.25%,0
"2025-12-12 09:45",6889.62,6891.34,6882.07,6886.59,-3.11,-0.05%,0
"2025-12-12 09:30",6886.85,6899.85,6886.85,6889.7,-11.3,-0.16%,0
"2025-12-11 16:30",6901,6901,6901,6901,0,0.00%,0
"2025-12-11 16:15",6901,6901,6901,6901,0,0.00%,0
"2025-12-11 16:00",6902.19,6902.19,6900.99,6901,-1.1,-0.02%,0
"2025-12-11 15:45",6894.95,6902.47,6891.93,6902.1,7.2,+0.10%,0
"2025-12-11 15:30",6895.13,6896.35,6891.42,6894.9,-0.02,0.00%,0
"2025-12-11 15:15",6898.19,6900.61,6894.92,6894.92,-3.31,-0.05%,0
"2025-12-11 15:00",6899.57,6902.85,6897.8,6898.23,-1.64,-0.02%,0
"2025-12-11 14:45",6901.63,6903.46,6899.28,6899.87,-1.8,-0.03%,0
"2025-12-11 14:30",6898.49,6902.04,6897.55,6901.67,3.22,+0.05%,0
"2025-12-11 14:15",6894.09,6899.39,6894,6898.45,4.43,+0.06%,0
"2025-12-11 14:00",6890.92,6895.62,6890.34,6894.02,3.09,+0.04%,0
"2025-12-11 13:45",6896.41,6897.6,6889.34,6890.93,-5.52,-0.08%,0
"2025-12-11 13:30",6887.62,6897.37,6884.79,6896.45,8.84,+0.13%,0
"2025-12-11 13:15",6891.29,6892.5,6885.36,6887.61,-3.56,-0.05%,0
"2025-12-11 13:00",6883.88,6893.03,6882.62,6891.17,7.26,+0.11%,0
"2025-12-11 12:45",6889.2,6890.44,6881.14,6883.91,-5.23,-0.08%,0
"2025-12-11 12:30",6884.54,6891.39,6884.54,6889.14,4.62,+0.07%,0
"2025-12-11 12:15",6879.07,6890.04,6877.74,6884.52,5.47,+0.08%,0
"2025-12-11 12:00",6865.98,6881.22,6865.43,6879.05,13.1,+0.19%,0
"2025-12-11 11:45",6875.55,6880.77,6859.68,6865.95,-9.52,-0.14%,0
"2025-12-11 11:30",6856.92,6878.09,6856.75,6875.47,18.45,+0.27%,0
"2025-12-11 11:15",6865.25,6868.59,6855.26,6857.02,-8.7,-0.13%,0
"2025-12-11 11:00",6868.43,6871.82,6860.44,6865.72,-2.67,-0.04%,0
"2025-12-11 10:45",6868.74,6872.79,6851.96,6868.39,-0.4,-0.01%,0
"2025-12-11 10:30",6874.09,6875.92,6865.37,6868.79,-5.25,-0.08%,0
"2025-12-11 10:15",6861.8,6879.08,6857.58,6874.04,12.1,+0.18%,0
"2025-12-11 10:00",6837.19,6865.07,6833.45,6861.94,24.68,+0.36%,0
"2025-12-11 09:45",6867.09,6867.94,6834.49,6837.26,-29.81,-0.43%,0
"2025-12-11 09:30",6861.3,6869.33,6855.26,6867.07,-19.61,-0.28%,0
"2025-12-10 17:00",6886.68,6886.68,6886.68,6886.68,0,0.00%,0
"2025-12-10 16:15",6886.68,6886.68,6886.68,6886.68,0,0.00%,0
"2025-12-10 16:00",6886.26,6886.96,6886.26,6886.68,-0.27,0.00%,0
"2025-12-10 15:45",6894.7,6897.92,6884.27,6886.95,-7.66,-0.11%,0
"2025-12-10 15:30",6892.34,6900.67,6891.03,6894.61,2.48,+0.04%,0
"2025-12-10 15:15",6896.31,6898.88,6889.51,6892.13,-4.21,-0.06%,0
"2025-12-10 15:00",6890.29,6897.52,6882.79,6896.34,6.16,+0.09%,0
"2025-12-10 14:45",6854.75,6891.58,6853.98,6890.18,35.25,+0.51%,0
"2025-12-10 14:30",6852.53,6878.75,6845.35,6854.93,2.55,+0.04%,0
"2025-12-10 14:15",6858.34,6866.57,6843.77,6852.38,-5.73,-0.08%,0
"2025-12-10 14:00",6839.75,6867.72,6838.95,6858.11,18.38,+0.27%,0
"2025-12-10 13:45",6838.15,6841.68,6835.94,6839.73,1.61,+0.02%,0
"2025-12-10 13:30",6839.79,6844.55,6838.12,6838.12,-1.68,-0.02%,0
"2025-12-10 13:15",6849.3,6849.9,6838.26,6839.8,-9.6,-0.14%,0
"2025-12-10 13:00",6849.67,6851.35,6847.31,6849.4,-0.38,-0.01%,0
"2025-12-10 12:45",6841.8,6852.38,6841.53,6849.78,8,+0.12%,0
"2025-12-10 12:30",6842.56,6846.27,6840.48,6841.78,-0.75,-0.01%,0
"2025-12-10 12:15",6843.76,6845,6840.45,6842.53,-1.19,-0.02%,0
"2025-12-10 12:00",6847.16,6847.58,6841.7,6843.72,-3.35,-0.05%,0
"2025-12-10 11:45",6843.74,6848.1,6841.31,6847.07,3.32,+0.05%,0
"2025-12-10 11:30",6848.66,6849.16,6843.07,6843.75,-5.14,-0.08%,0
"2025-12-10 11:15",6841.82,6849.59,6841.35,6848.89,7.11,+0.10%,0
"2025-12-10 11:00",6833.31,6841.78,6825.83,6841.78,8.59,+0.13%,0
"2025-12-10 10:45",6834.51,6843,6831.33,6833.19,-1.32,-0.02%,0
"2025-12-10 10:30",6841.32,6841.57,6827.78,6834.51,-6.89,-0.10%,0
"2025-12-10 10:15",6841.61,6845.53,6839.04,6841.4,-0.4,-0.01%,0
"2025-12-10 10:00",6841.94,6844.87,6838.12,6841.8,-0.91,-0.01%,0
"2025-12-10 09:45",6838.61,6844.2,6834.37,6842.71,4.06,+0.06%,0
"2025-12-10 09:30",6833.49,6842.66,6824.69,6838.65,-1.86,-0.03%,0
"2025-12-09 16:45",6840.51,6840.51,6840.51,6840.51,0,0.00%,0
"2025-12-09 16:15",6840.51,6840.51,6840.51,6840.51,0,0.00%,0
"2025-12-09 16:00",6841.05,6841.05,6840.51,6840.51,0.19,0.00%,0
"2025-12-09 15:45",6844.88,6847.01,6837.43,6840.32,-4.59,-0.07%,0
"2025-12-09 15:30",6844.62,6845.95,6841.93,6844.91,0.19,0.00%,0
"2025-12-09 15:15",6846.48,6847.82,6844.27,6844.72,-1.82,-0.03%,0
"2025-12-09 15:00",6847.75,6849.71,6846.42,6846.54,-1.2,-0.02%,0
"2025-12-09 14:45",6844.92,6849.43,6844.72,6847.74,2.81,+0.04%,0
"2025-12-09 14:30",6848.64,6849.34,6843.89,6844.93,-3.62,-0.05%,0
"2025-12-09 14:15",6849.49,6851.28,6848.43,6848.55,-0.88,-0.01%,0
"2025-12-09 14:00",6851.91,6852.5,6847.85,6849.43,-2.53,-0.04%,0
"2025-12-09 13:45",6847.88,6854.46,6845.28,6851.96,4.08,+0.06%,0
"2025-12-09 13:30",6853.34,6854.52,6847.86,6847.88,-5.35,-0.08%,0
"2025-12-09 13:15",6853.4,6855.79,6852.5,6853.23,-0.07,0.00%,0
"2025-12-09 13:00",6854.14,6855.86,6850.01,6853.3,-0.88,-0.01%,0
"2025-12-09 12:45",6852.29,6854.27,6848.11,6854.18,1.83,+0.03%,0
"2025-12-09 12:30",6857.88,6860.1,6850.69,6852.35,-5.59,-0.08%,0
"2025-12-09 12:15",6860.82,6861.06,6854.13,6857.94,-2.84,-0.04%,0
"2025-12-09 12:00",6861.11,6864.63,6859.36,6860.78,-0.67,-0.01%,0
"2025-12-09 11:45",6857.34,6864.42,6857.34,6861.45,4.05,+0.06%,0
"2025-12-09 11:30",6859.55,6864.92,6856.53,6857.4,-2.,-0.03%,0
"2025-12-09 11:15",6859.82,6864.47,6859.4,6859.4,-0.55,-0.01%,0
"2025-12-09 11:00",6856.47,6860.26,6856.17,6859.95,3.48,+0.05%,0
"2025-12-09 10:45",6855.55,6856.77,6847.5,6856.47,0.8,+0.01%,0
"2025-12-09 10:30",6853.61,6856.27,6850.13,6855.67,1.59,+0.02%,0
"2025-12-09 10:15",6853.62,6856.06,6849.24,6854.08,0.34,0.00%,0
"2025-12-09 10:00",6856.42,6861.16,6851.36,6853.74,-2.74,-0.04%,0
"2025-12-09 09:45",6848.9,6856.92,6846.54,6856.48,7.51,+0.11%,0
"2025-12-09 09:30",6840.61,6853.32,6840.17,6848.97,2.46,+0.04%,0
"2025-12-08 16:45",6846.51,6846.51,6846.51,6846.51,0,0.00%,0
"2025-12-08 16:15",6846.51,6846.51,6846.51,6846.51,0,0.00%,0
"2025-12-08 16:00",6847.67,6847.67,6846.51,6846.51,-1.33,-0.02%,0
"2025-12-08 15:45",6837.91,6847.96,6834.53,6847.84,9.92,+0.15%,0
"2025-12-08 15:30",6837.5,6838.16,6831.85,6837.92,0.46,+0.01%,0
"2025-12-08 15:15",6837.43,6839.27,6835.7,6837.46,-0.02,0.00%,0
"2025-12-08 15:00",6834.34,6837.5,6833.51,6837.48,3.21,+0.05%,0
"2025-12-08 14:45",6837.51,6839.56,6832.79,6834.27,-3.22,-0.05%,0
"2025-12-08 14:30",6834.02,6838.83,6833.4,6837.49,3.43,+0.05%,0
"2025-12-08 14:15",6830.47,6837.12,6830.47,6834.06,3.6,+0.05%,0
"2025-12-08 14:00",6832.28,6834.29,6827.6,6830.46,-1.84,-0.03%,0
"2025-12-08 13:45",6840.98,6842.03,6827.19,6832.3,-8.54,-0.12%,0
"2025-12-08 13:30",6839.82,6842.39,6834.57,6840.84,0.94,+0.01%,0
"2025-12-08 13:15",6849.67,6852.23,6839.79,6839.9,-9.79,-0.14%,0
"2025-12-08 13:00",6852.79,6856.04,6847.58,6849.69,-3.15,-0.05%,0
"2025-12-08 12:45",6839.77,6854.7,6837.73,6852.84,13.03,+0.19%,0
"2025-12-08 12:30",6837.94,6842.2,6837.2,6839.81,1.94,+0.03%,0
"2025-12-08 12:15",6840.09,6842.29,6833.87,6837.87,-2.21,-0.03%,0
"2025-12-08 12:00",6845.45,6845.45,6836.95,6840.08,-5.34,-0.08%,0
"2025-12-08 11:45",6849.55,6849.9,6841.65,6845.42,-4.1,-0.06%,0
"2025-12-08 11:30",6852.26,6852.53,6846.27,6849.52,-2.73,-0.04%,0
"2025-12-08 11:15",6845.08,6852.73,6844.15,6852.25,7.35,+0.11%,0
"2025-12-08 11:00",6847.99,6850.53,6841.14,6844.9,-3.04,-0.04%,0
"2025-12-08 10:45",6852.1,6856.3,6846.85,6847.94,-4.08,-0.06%,0
"2025-12-08 10:30",6856.6,6861.28,6852.02,6852.02,-4.62,-0.07%,0
"2025-12-08 10:15",6860.87,6863.59,6850.28,6856.64,-4.14,-0.06%,0
"2025-12-08 10:00",6866.69,6870.05,6859.89,6860.78,-5.98,-0.09%,0
"2025-12-08 09:45",6871.13,6872.21,6861.21,6866.76,-4.3,-0.06%,0
"2025-12-08 09:30",6875.2,6878.27,6863.98,6871.06,0.66,+0.01%,0
"2025-12-05 16:45",6870.4,6870.4,6870.4,6870.4,0,0.00%,0
"2025-12-05 16:15",6870.4,6870.4,6870.4,6870.4,0,0.00%,0
"2025-12-05 16:00",6869.45,6870.4,6869.45,6870.4,1.33,+0.02%,0
"2025-12-05 15:45",6870.66,6872.21,6858.29,6869.07,-1.65,-0.02%,0
"2025-12-05 15:30",6871.86,6871.86,6867.43,6870.72,-1.18,-0.02%,0
"2025-12-05 15:15",6871.93,6874.95,6869.54,6871.9,-0.06,0.00%,0
"2025-12-05 15:00",6874.24,6874.55,6868.06,6871.96,-2.29,-0.03%,0
"2025-12-05 14:45",6869.71,6875.41,6867.84,6874.25,4.41,+0.06%,0
"2025-12-05 14:30",6871.27,6873.08,6868.12,6869.84,-1.54,-0.02%,0
"2025-12-05 14:15",6875.53,6875.84,6868.74,6871.38,-4.11,-0.06%,0
"2025-12-05 14:00",6873.72,6875.79,6870.7,6875.49,1.88,+0.03%,0
"2025-12-05 13:45",6875.84,6877.23,6872.98,6873.61,-2.11,-0.03%,0
"2025-12-05 13:30",6877.55,6881.29,6873.11,6875.72,-1.87,-0.03%,0
"2025-12-05 13:15",6874.5,6877.98,6867.5,6877.59,3.1,+0.05%,0
"2025-12-05 13:00",6874.48,6878.73,6874.03,6874.49,-0.05,0.00%,0
"2025-12-05 12:45",6864.32,6875.95,6863.05,6874.54,10.27,+0.15%,0
"2025-12-05 12:30",6865.82,6866.79,6858.31,6864.27,-1.53,-0.02%,0
"2025-12-05 12:15",6865.33,6868.42,6864.9,6865.8,0.55,+0.01%,0
"2025-12-05 12:00",6872.41,6874.44,6864.92,6865.25,-7.17,-0.10%,0
"2025-12-05 11:45",6865.98,6877.99,6865.51,6872.42,6.34,+0.09%,0
"2025-12-05 11:30",6871.21,6871.21,6862.89,6866.08,-5.34,-0.08%,0
"2025-12-05 11:15",6873.15,6879.25,6869.42,6871.42,-2.06,-0.03%,0
"2025-12-05 11:00",6878.78,6882.85,6873.13,6873.48,-5.48,-0.08%,0
"2025-12-05 10:45",6889.11,6893.32,6875.03,6878.96,-9.97,-0.14%,0
"2025-12-05 10:30",6890.92,6895.78,6887.67,6888.93,-1.98,-0.03%,0
"2025-12-05 10:15",6894.24,6895.5,6888.34,6890.91,-3.42,-0.05%,0
"2025-12-05 10:00",6882.61,6894.83,6879.54,6894.33,12.91,+0.19%,0
"2025-12-05 09:45",6870.83,6883.31,6870.83,6881.42,10.74,+0.16%,0
"2025-12-05 09:30",6866.32,6878.69,6866.32,6870.68,13.56,+0.20%,0
"2025-12-04 16:30",6857.12,6857.12,6857.12,6857.12,0,0.00%,0
"2025-12-04 16:15",6857.12,6857.12,6857.12,6857.12,0,0.00%,0
"2025-12-04 16:00",6857.54,6857.54,6856.92,6857.12,-0.84,-0.01%,0
"2025-12-04 15:45",6842.67,6857.96,6840.82,6857.96,15.29,+0.22%,0
"2025-12-04 15:30",6840.69,6845.66,6840.21,6842.67,1.92,+0.03%,0
"2025-12-04 15:15",6845.99,6846.04,6840.54,6840.75,-5.23,-0.08%,0
"2025-12-04 15:00",6845.33,6847.06,6836.44,6845.98,0.63,+0.01%,0
"2025-12-04 14:45",6847.42,6850.6,6843.67,6845.35,-2.08,-0.03%,0
"2025-12-04 14:30",6834.65,6851.95,6833.1,6847.43,12.69,+0.19%,0
"2025-12-04 14:15",6848.96,6848.96,6827.12,6834.74,-14.2,-0.21%,0
"2025-12-04 14:00",6853.95,6854.93,6847.43,6848.94,-5.07,-0.07%,0
"2025-12-04 13:45",6853.74,6856.21,6853.21,6854.01,0.25,0.00%,0
"2025-12-04 13:30",6859.79,6860.39,6852.3,6853.76,-6.12,-0.09%,0
"2025-12-04 13:15",6853.1,6860.29,6852.62,6859.88,6.71,+0.10%,0
"2025-12-04 13:00",6855.87,6856.65,6848.09,6853.17,-2.7,-0.04%,0
"2025-12-04 12:45",6855.09,6857.65,6853.42,6855.87,0.84,+0.01%,0
"2025-12-04 12:30",6852.77,6856.25,6849.07,6855.03,2.22,+0.03%,0
"2025-12-04 12:15",6853.95,6855.53,6851.55,6852.81,-1.18,-0.02%,0
"2025-12-04 12:00",6856.82,6858.85,6847.09,6853.99,-3.25,-0.05%,0
"2025-12-04 11:45",6842.99,6858.68,6842.99,6857.24,14.25,+0.21%,0
"2025-12-04 11:30",6846.57,6849.24,6842.25,6842.99,-3.61,-0.05%,0
"2025-12-04 11:15",6843.72,6850.6,6841.75,6846.6,2.78,+0.04%,0
"2025-12-04 11:00",6846.26,6848.28,6835.34,6843.82,-2.71,-0.04%,0
"2025-12-04 10:45",6855.2,6856.08,6844.82,6846.53,-8.66,-0.13%,0
"2025-12-04 10:30",6849.2,6858.55,6847.27,6855.19,5.79,+0.08%,0
"2025-12-04 10:15",6844.66,6851.12,6835.17,6849.4,4.7,+0.07%,0
"2025-12-04 10:00",6842.92,6848.27,6840.21,6844.7,1.42,+0.02%,0
"2025-12-04 09:45",6851.95,6854.31,6840.27,6843.28,-9.13,-0.13%,0
"2025-12-04 09:30",6866.47,6866.47,6848.94,6852.41,2.69,+0.04%,0
"2025-12-03 16:45",6849.72,6849.72,6849.72,6849.72,0,0.00%,0
"2025-12-03 16:15",6849.72,6849.72,6849.72,6849.72,0,0.00%,0
"2025-12-03 16:00",6850.64,6850.64,6849.72,6849.72,-0.79,-0.01%,0
"2025-12-03 15:45",6858.23,6859.39,6848.85,6850.51,-7.73,-0.11%,0
"2025-12-03 15:30",6858.69,6859.12,6855.29,6858.24,-0.48,-0.01%,0
"2025-12-03 15:15",6860.46,6861.79,6855.62,6858.72,-1.83,-0.03%,0
"2025-12-03 15:00",6859.83,6862.42,6858,6860.55,0.73,+0.01%,0
"2025-12-03 14:45",6859.01,6860.88,6857.63,6859.82,0.79,+0.01%,0
"2025-12-03 14:30",6856.28,6859.22,6855.03,6859.03,2.83,+0.04%,0
"2025-12-03 14:15",6857.36,6857.73,6854.46,6856.2,-1.17,-0.02%,0
"2025-12-03 14:00",6852.48,6857.65,6851.88,6857.37,4.79,+0.07%,0
"2025-12-03 13:45",6857.78,6858.02,6851.39,6852.58,-5.22,-0.08%,0
"2025-12-03 13:30",6852.23,6858.03,6852.23,6857.8,5.64,+0.08%,0
"2025-12-03 13:15",6853.41,6853.91,6848.28,6852.16,-1.26,-0.02%,0
"2025-12-03 13:00",6852.14,6854.92,6850.34,6853.42,1.23,+0.02%,0
"2025-12-03 12:45",6849.65,6853.92,6847.84,6852.19,2.55,+0.04%,0
"2025-12-03 12:30",6848.91,6850.27,6846.25,6849.64,0.69,+0.01%,0
"2025-12-03 12:15",6842.93,6850.18,6841.75,6848.95,5.96,+0.09%,0
"2025-12-03 12:00",6835.51,6843.41,6834.38,6842.99,7.45,+0.11%,0
"2025-12-03 11:45",6845.24,6846.23,6830.01,6835.54,-9.67,-0.14%,0
"2025-12-03 11:30",6837.45,6848.48,6836.44,6845.21,7.83,+0.11%,0
"2025-12-03 11:15",6833.71,6841.13,6832.54,6837.38,3.55,+0.05%,0
"2025-12-03 11:00",6836.94,6843.4,6829.88,6833.83,-2.97,-0.04%,0
"2025-12-03 10:45",6840.07,6842.34,6834.3,6836.8,-3.66,-0.05%,0
"2025-12-03 10:30",6830.34,6842.95,6826.87,6840.46,9.99,+0.15%,0
"2025-12-03 10:15",6825.39,6834.53,6824.15,6830.47,5.04,+0.07%,0
"2025-12-03 10:00",6823.19,6836.77,6822,6825.43,2.93,+0.04%,0
"2025-12-03 09:45",6822.35,6825.14,6810.43,6822.5,0.15,0.00%,0
"2025-12-03 09:30",6815.29,6828.76,6811.08,6822.35,-7.02,-0.10%,0
"2025-12-02 16:45",6829.37,6829.37,6829.37,6829.37,0,0.00%,0
"2025-12-02 16:15",6829.37,6829.37,6829.37,6829.37,0,0.00%,0
"2025-12-02 16:00",6828.68,6829.38,6828.68,6829.37,1.54,+0.02%,0
"2025-12-02 15:45",6838.56,6841.3,6827.83,6827.83,-10.73,-0.16%,0
"2025-12-02 15:30",6838.4,6841.97,6836.27,6838.56,0.11,0.00%,0
"2025-12-02 15:15",6837.86,6840.43,6837.17,6838.45,0.8,+0.01%,0
"2025-12-02 15:00",6837.37,6840.02,6833.81,6837.65,0.28,0.00%,0
"2025-12-02 14:45",6828.62,6839.22,6827.95,6837.37,8.75,+0.13%,0
"2025-12-02 14:30",6827.41,6832.36,6826.9,6828.62,1.19,+0.02%,0
"2025-12-02 14:15",6830.42,6831.89,6821.35,6827.43,-3.04,-0.04%,0
"2025-12-02 14:00",6824.8,6832.64,6823.53,6830.47,5.68,+0.08%,0
"2025-12-02 13:45",6820.98,6826.55,6818.32,6824.79,3.58,+0.05%,0
"2025-12-02 13:30",6824.22,6826.87,6816.2,6821.21,-3.06,-0.04%,0
"2025-12-02 13:15",6821.29,6829.3,6819.44,6824.27,3.01,+0.04%,0
"2025-12-02 13:00",6815.2,6828.5,6813.54,6821.26,5.91,+0.09%,0
"2025-12-02 12:45",6836.35,6837.72,6815.35,6815.35,-20.9,-0.31%,0
"2025-12-02 12:30",6838.13,6841.75,6833.35,6836.25,-2.01,-0.03%,0
"2025-12-02 12:15",6826.19,6839.75,6825.94,6838.26,12.12,+0.18%,0
"2025-12-02 12:00",6819.26,6827.55,6818.74,6826.14,6.75,+0.10%,0
"2025-12-02 11:45",6818.72,6826,6815.71,6819.39,0.25,0.00%,0
"2025-12-02 11:30",6813.54,6825.87,6806.71,6819.14,5.56,+0.08%,0
"2025-12-02 11:15",6828.81,6831.64,6810.85,6813.58,-15.86,-0.23%,0
"2025-12-02 11:00",6848.46,6851.55,6825.96,6829.44,-19.16,-0.28%,0
"2025-12-02 10:45",6841.21,6850.57,6839.75,6848.6,7.35,+0.11%,0
"2025-12-02 10:30",6829.52,6841.99,6822.86,6841.25,11.61,+0.17%,0
"2025-12-02 10:15",6843.8,6846.4,6828.74,6829.64,-13.97,-0.20%,0
"2025-12-02 10:00",6837.58,6846.73,6836.7,6843.61,5.71,+0.08%,0
"2025-12-02 09:45",6837.55,6839.88,6829.5,6837.9,0.95,+0.01%,0
"2025-12-02 09:30",6830.96,6843.76,6830.72,6836.95,24.32,+0.36%,0
"2025-12-01 16:30",6812.63,6812.63,6812.63,6812.63,0,0.00%,0
"2025-12-01 16:15",6812.63,6812.63,6812.63,6812.63,0,0.00%,0
"2025-12-01 16:00",6815.09,6815.09,6812.63,6812.63,-2.02,-0.03%,0
"2025-12-01 15:45",6823.39,6823.94,6807.02,6814.65,-8.86,-0.13%,0
"2025-12-01 15:30",6820.93,6823.77,6816.62,6823.51,2.63,+0.04%,0
"2025-12-01 15:15",6822.68,6823.22,6816.97,6820.88,-1.85,-0.03%,0
"2025-12-01 15:00",6815.41,6823.4,6814.06,6822.73,7.32,+0.11%,0
"2025-12-01 14:45",6816.56,6819.44,6814.44,6815.41,-1.08,-0.02%,0
"2025-12-01 14:30",6819.55,6824.33,6812.32,6816.49,-2.96,-0.04%,0
"2025-12-01 14:15",6833.5,6833.5,6818.76,6819.45,-14.02,-0.21%,0
"2025-12-01 14:00",6842.53,6842.53,6829.74,6833.47,-9.04,-0.13%,0
"2025-12-01 13:45",6841.44,6843.65,6840.57,6842.51,1.06,+0.02%,0
"2025-12-01 13:30",6838.21,6842.2,6838.21,6841.45,3.29,+0.05%,0
"2025-12-01 13:15",6839.52,6841.03,6836.95,6838.16,-1.39,-0.02%,0
"2025-12-01 13:00",6833.99,6840.8,6833.76,6839.55,5.57,+0.08%,0
"2025-12-01 12:45",6839.1,6841.78,6832.91,6833.98,-5.,-0.07%,0
"2025-12-01 12:30",6833.89,6839.04,6831.69,6838.98,5.17,+0.08%,0
"2025-12-01 12:15",6832.51,6835.35,6827.01,6833.81,1.41,+0.02%,0
"2025-12-01 12:00",6833.01,6838.37,6832.32,6832.4,-0.6,-0.01%,0
"2025-12-01 11:45",6834.82,6837.94,6831.34,6833,-1.91,-0.03%,0
"2025-12-01 11:30",6824.66,6837.04,6824.66,6834.91,10.13,+0.15%,0
"2025-12-01 11:15",6820.03,6826.69,6815.37,6824.78,4.73,+0.07%,0
"2025-12-01 11:00",6830.33,6831.39,6817.83,6820.05,-10.38,-0.15%,0
"2025-12-01 10:45",6815.3,6832.21,6812.8,6830.43,15.08,+0.22%,0
"2025-12-01 10:30",6812.46,6817.87,6802.22,6815.35,2.98,+0.04%,0
"2025-12-01 10:15",6821.81,6824.73,6810.7,6812.37,-9.44,-0.14%,0
"2025-12-01 10:00",6828.89,6831.34,6820.79,6821.81,-6.38,-0.09%,0
"2025-12-01 09:45",6806.46,6832.07,6805.41,6828.19,21.66,+0.32%,0
"2025-12-01 09:30",6812.3,6816.67,6799.94,6806.53,-42.56,-0.62%,0
"2025-11-28 14:00",6849.09,6849.09,6849.09,6849.09,0,0.00%,0
"2025-11-28 13:15",6849.09,6849.09,6849.09,6849.09,0,0.00%,0
"2025-11-28 13:00",6848.62,6849.09,6848.52,6849.09,0.61,+0.01%,0
"2025-11-28 12:45",6833.65,6850.86,6833.4,6848.48,14.85,+0.22%,0
"2025-11-28 12:30",6837.92,6839.69,6833.63,6833.63,-4.32,-0.06%,0
"2025-11-28 12:15",6842.09,6842.8,6837.57,6837.95,-4.17,-0.06%,0
"2025-11-28 12:00",6842.43,6844.75,6838.89,6842.12,-0.37,-0.01%,0
"2025-11-28 11:45",6840.56,6843.94,6839.31,6842.49,1.89,+0.03%,0
"2025-11-28 11:30",6835.99,6842.32,6832.87,6840.6,4.46,+0.07%,0
"2025-11-28 11:15",6842.86,6844.53,6831.61,6836.14,-6.76,-0.10%,0
"2025-11-28 11:00",6839.69,6843.89,6838.36,6842.9,3.15,+0.05%,0
"2025-11-28 10:45",6835.84,6840.96,6834.58,6839.75,3.89,+0.06%,0
"2025-11-28 10:30",6831.33,6837.19,6830.37,6835.86,4.41,+0.06%,0
"2025-11-28 10:15",6831.11,6836.85,6829.15,6831.45,0.3,0.00%,0
"2025-11-28 10:00",6826.15,6832.24,6824.4,6831.15,5.12,+0.08%,0
"2025-11-28 09:45",6826.57,6831.18,6823.47,6826.03,-0.74,-0.01%,0
"2025-11-28 09:30",6822.52,6833.07,6819.75,6826.77,14.16,+0.21%,0
"2025-11-26 17:00",6812.61,6812.61,6812.61,6812.61,0,0.00%,0
"2025-11-26 16:15",6812.61,6812.61,6812.61,6812.61,0,0.00%,0
"2025-11-26 16:00",6811.6,6812.63,6811.6,6812.61,0.85,+0.01%,0
"2025-11-26 15:45",6826.45,6828.33,6811.76,6811.76,-14.72,-0.22%,0
"2025-11-26 15:30",6826.92,6828.37,6823.84,6826.48,-0.47,-0.01%,0
"2025-11-26 15:15",6828.84,6830.41,6826.58,6826.95,-1.81,-0.03%,0
"2025-11-26 15:00",6823.22,6828.82,6821.11,6828.76,5.68,+0.08%,0
"2025-11-26 14:45",6822.12,6825.3,6819.92,6823.08,0.99,+0.01%,0
"2025-11-26 14:30",6826.97,6828.54,6820.37,6822.09,-4.78,-0.07%,0
"2025-11-26 14:15",6822.26,6827.46,6821.41,6826.87,4.43,+0.06%,0
"2025-11-26 14:00",6818.34,6824.41,6816.28,6822.44,4.07,+0.06%,0
"2025-11-26 13:45",6812.63,6821.96,6810.92,6818.37,5.4,+0.08%,0
"2025-11-26 13:30",6825.92,6826.11,6812.68,6812.97,-12.89,-0.19%,0
"2025-11-26 13:15",6823.09,6829.25,6816.82,6825.86,2.77,+0.04%,0
"2025-11-26 13:00",6825.59,6830.04,6813.12,6823.09,-2.57,-0.04%,0
"2025-11-26 12:45",6829.68,6830.69,6824.69,6825.66,-3.92,-0.06%,0
"2025-11-26 12:30",6823.78,6830.04,6823.37,6829.58,5.67,+0.08%,0
"2025-11-26 12:15",6822.22,6825.51,6819.24,6823.91,1.72,+0.03%,0
"2025-11-26 12:00",6828.1,6829.81,6821.57,6822.19,-5.89,-0.09%,0
"2025-11-26 11:45",6829.57,6830.09,6824.6,6828.08,-1.54,-0.02%,0
"2025-11-26 11:30",6820.41,6831.44,6817.95,6829.62,9.17,+0.13%,0
"2025-11-26 11:15",6816.31,6823.11,6815.26,6820.45,4.03,+0.06%,0
"2025-11-26 11:00",6809.86,6817.79,6809.66,6816.42,6.4,+0.09%,0
"2025-11-26 10:45",6801.03,6810.54,6795.35,6810.02,9.09,+0.13%,0
"2025-11-26 10:30",6796.14,6806.25,6796.14,6800.93,5.05,+0.07%,0
"2025-11-26 10:15",6790.85,6799.13,6787.19,6795.88,5,+0.07%,0
"2025-11-26 10:00",6789.67,6799.88,6783.87,6790.88,3.58,+0.05%,0
"2025-11-26 09:45",6803.23,6810.29,6786.26,6787.3,-15.7,-0.23%,0
"2025-11-26 09:30",6793.55,6803.13,6791.15,6803,37.12,+0.55%,0
"2025-11-25 16:45",6765.88,6765.88,6765.88,6765.88,0,0.00%,0
"2025-11-25 16:15",6765.88,6765.88,6765.88,6765.88,0,0.00%,0
"2025-11-25 16:00",6765.43,6765.89,6765.43,6765.88,-0.22,0.00%,0
"2025-11-25 15:45",6766.39,6776.4,6765.04,6766.1,-0.28,0.00%,0
"2025-11-25 15:30",6759.85,6768.73,6759.47,6766.38,6.54,+0.10%,0
"2025-11-25 15:15",6758.32,6761.51,6757.42,6759.84,1.53,+0.02%,0
"2025-11-25 15:00",6754.29,6762.19,6754.29,6758.31,4.04,+0.06%,0
"2025-11-25 14:45",6745.49,6756.15,6743.84,6754.27,8.75,+0.13%,0
"2025-11-25 14:30",6747.38,6748.97,6738.73,6745.52,-1.97,-0.03%,0
"2025-11-25 14:15",6750.87,6751.49,6741.93,6747.49,-3.35,-0.05%,0
"2025-11-25 14:00",6753.16,6754.56,6749.46,6750.84,-2.47,-0.04%,0
"2025-11-25 13:45",6751.91,6758.38,6751.91,6753.31,1.33,+0.02%,0
"2025-11-25 13:30",6754.52,6756.15,6750.58,6751.98,-2.5,-0.04%,0
"2025-11-25 13:15",6749.56,6754.48,6746.83,6754.48,4.98,+0.07%,0
"2025-11-25 13:00",6747.42,6752.53,6747.42,6749.5,2.07,+0.03%,0
"2025-11-25 12:45",6753.48,6756.48,6746.46,6747.43,-6.05,-0.09%,0
"2025-11-25 12:30",6747.61,6758.48,6747.61,6753.48,5.78,+0.09%,0
"2025-11-25 12:15",6741.3,6753.17,6738.57,6747.7,6.39,+0.09%,0
"2025-11-25 12:00",6732.06,6741.58,6732.05,6741.31,9.18,+0.14%,0
"2025-11-25 11:45",6725.77,6734.36,6719.61,6732.13,6.45,+0.10%,0
"2025-11-25 11:30",6718.72,6728.79,6717.24,6725.68,7.06,+0.11%,0
"2025-11-25 11:15",6705.91,6724.5,6703.72,6718.62,12.44,+0.19%,0
"2025-11-25 11:00",6712,6713.23,6704.96,6706.18,-5.86,-0.09%,0
"2025-11-25 10:45",6718.61,6724.91,6701.11,6712.04,-6.3,-0.09%,0
"2025-11-25 10:30",6700.35,6718.39,6699.44,6718.34,18.07,+0.27%,0
"2025-11-25 10:15",6691.17,6700.6,6682.49,6700.27,9.85,+0.15%,0
"2025-11-25 10:00",6704.6,6704.6,6674.3,6690.42,-14.08,-0.21%,0
"2025-11-25 09:45",6688.98,6705.35,6659.98,6704.5,15.04,+0.22%,0
"2025-11-25 09:30",6697.03,6714.72,6687.77,6689.46,-15.66,-0.23%,0
"2025-11-24 16:45",6705.12,6705.12,6705.12,6705.12,0,0.00%,0
"2025-11-24 16:15",6705.12,6705.12,6705.12,6705.12,0,0.00%,0
"2025-11-24 16:00",6704.1,6705.12,6703.99,6705.12,0.45,+0.01%,0
"2025-11-24 15:45",6707.74,6715.75,6701.18,6704.67,-3.03,-0.05%,0
"2025-11-24 15:30",6704.07,6708.87,6702.25,6707.7,3.54,+0.05%,0
"2025-11-24 15:15",6705.67,6709.6,6700.13,6704.16,-1.47,-0.02%,0
"2025-11-24 15:00",6697.47,6708.21,6697.47,6705.63,8.18,+0.12%,0
"2025-11-24 14:45",6700.14,6700.83,6693.57,6697.45,-2.7,-0.04%,0
"2025-11-24 14:30",6703.83,6704.54,6696.67,6700.15,-3.67,-0.05%,0
"2025-11-24 14:15",6708.95,6709.87,6702.82,6703.82,-5.11,-0.08%,0
"2025-11-24 14:00",6707.24,6712.77,6707.02,6708.93,1.59,+0.02%,0
"2025-11-24 13:45",6707.99,6709.68,6704.79,6707.34,-0.71,-0.01%,0
"2025-11-24 13:30",6707.19,6708.18,6702.96,6708.05,0.77,+0.01%,0
"2025-11-24 13:15",6711.53,6711.9,6706.47,6707.28,-4.38,-0.07%,0
"2025-11-24 13:00",6705.61,6712.42,6705.61,6711.66,6.06,+0.09%,0
"2025-11-24 12:45",6703.96,6708.5,6703.69,6705.6,1.6,+0.02%,0
"2025-11-24 12:30",6696.59,6704.61,6694.69,6704,7.23,+0.11%,0
"2025-11-24 12:15",6687.2,6697.76,6686.28,6696.77,9.65,+0.14%,0
"2025-11-24 12:00",6689.13,6693.28,6684.36,6687.12,-1.97,-0.03%,0
"2025-11-24 11:45",6696.3,6699.08,6687,6689.09,-7.32,-0.11%,0
"2025-11-24 11:30",6694.64,6697.47,6688.85,6696.41,1.77,+0.03%,0
"2025-11-24 11:15",6695.97,6698.73,6692.33,6694.64,-1.21,-0.02%,0
"2025-11-24 11:00",6680.28,6699.08,6680.28,6695.85,15.52,+0.23%,0
"2025-11-24 10:45",6682.22,6686.86,6677.7,6680.33,-1.69,-0.03%,0
"2025-11-24 10:30",6670.05,6683.54,6664.5,6682.02,11.97,+0.18%,0
"2025-11-24 10:15",6668.42,6672.32,6658.75,6670.05,1.27,+0.02%,0
"2025-11-24 10:00",6656.97,6672.17,6654.73,6668.78,15.68,+0.24%,0
"2025-11-24 09:45",6643.49,6653.75,6630.7,6653.1,9.24,+0.14%,0
"2025-11-24 09:30",6636.54,6670.99,6636.54,6643.86,40.87,+0.62%,0
"2025-11-21 16:45",6602.99,6602.99,6602.99,6602.99,0,0.00%,0
"2025-11-21 16:15",6602.99,6602.99,6602.99,6602.99,0,0.00%,0
"2025-11-21 16:00",6603.65,6603.65,6602.96,6602.99,-0.81,-0.01%,0
"2025-11-21 15:45",6614.36,6625.71,6596.99,6603.8,-10.49,-0.16%,0
"2025-11-21 15:30",6611.12,6626.58,6605.38,6614.29,2.89,+0.04%,0
"2025-11-21 15:15",6631.77,6634.15,6611.38,6611.4,-20.36,-0.31%,0
"2025-11-21 15:00",6632.2,6636.13,6627.89,6631.76,-0.42,-0.01%,0
"2025-11-21 14:45",6639.9,6643.77,6625.2,6632.18,-7.55,-0.11%,0
"2025-11-21 14:30",6657.3,6659.62,6637.69,6639.73,-17.71,-0.27%,0
"2025-11-21 14:15",6647.62,6660.05,6644.83,6657.44,10.01,+0.15%,0
"2025-11-21 14:00",6637.06,6654.79,6637.06,6647.43,10.06,+0.15%,0
"2025-11-21 13:45",6622.2,6654.63,6618.09,6637.37,15.23,+0.23%,0
"2025-11-21 13:30",6597.94,6622.76,6595.05,6622.14,24.18,+0.37%,0
"2025-11-21 13:15",6589.99,6598,6583.68,6597.96,8.02,+0.12%,0
"2025-11-21 13:00",6615.91,6618.41,6589.44,6589.94,-25.76,-0.39%,0
"2025-11-21 12:45",6626.19,6629.06,6612.28,6615.7,-10.4,-0.16%,0
"2025-11-21 12:30",6617.91,6629.22,6616.68,6626.1,8.72,+0.13%,0
"2025-11-21 12:15",6620.46,6624.89,6609.88,6617.38,-2.89,-0.04%,0
"2025-11-21 12:00",6621.17,6626.33,6609.08,6620.27,-0.81,-0.01%,0
"2025-11-21 11:45",6587.84,6621.77,6581.89,6621.08,33.26,+0.50%,0
"2025-11-21 11:30",6573.49,6590.22,6567.49,6587.82,14.29,+0.22%,0
"2025-11-21 11:15",6547.21,6573.55,6534.41,6573.53,26.03,+0.40%,0
"2025-11-21 11:00",6541.92,6551.58,6525.07,6547.5,5.76,+0.09%,0
"2025-11-21 10:45",6542.4,6557.08,6537.75,6541.74,-0.71,-0.01%,0
"2025-11-21 10:30",6543.83,6553.13,6521.92,6542.45,-1.54,-0.02%,0
"2025-11-21 10:15",6551.04,6572.52,6537.57,6543.99,-6.89,-0.11%,0
"2025-11-21 10:00",6559.33,6570.5,6545.38,6550.88,-8.18,-0.12%,0
"2025-11-21 09:45",6556.11,6578.52,6545.3,6559.06,3.57,+0.05%,0
"2025-11-21 09:30",6555.77,6576.29,6555.42,6555.49,16.73,+0.26%,0
"2025-11-20 17:00",6538.76,6538.76,6538.76,6538.76,0,0.00%,0
"2025-11-20 16:15",6538.76,6538.76,6538.76,6538.76,0,0.00%,0
"2025-11-20 16:00",6540.18,6540.18,6538.76,6538.76,-0.42,-0.01%,0
"2025-11-20 15:45",6547.56,6553.51,6534.05,6539.18,-8.12,-0.12%,0
"2025-11-20 15:30",6576.24,6579.93,6545.65,6547.3,-29.02,-0.44%,0
"2025-11-20 15:15",6577.24,6589.11,6568.29,6576.32,-0.87,-0.01%,0
"2025-11-20 15:00",6595.87,6595.87,6572.08,6577.19,-18.61,-0.28%,0
"2025-11-20 14:45",6580.24,6596.3,6568.04,6595.8,15.7,+0.24%,0
"2025-11-20 14:30",6584.65,6584.65,6567.4,6580.1,-4.51,-0.07%,0
"2025-11-20 14:15",6567.98,6589.27,6563.64,6584.61,16.77,+0.26%,0
"2025-11-20 14:00",6565.22,6572.2,6553.36,6567.84,2.69,+0.04%,0
"2025-11-20 13:45",6577.96,6577.96,6555.96,6565.15,-12.77,-0.19%,0
"2025-11-20 13:30",6610.68,6613.99,6577.23,6577.92,-32.68,-0.49%,0
"2025-11-20 13:15",6632.6,6633.7,6603.47,6610.6,-21.66,-0.33%,0
"2025-11-20 13:00",6586.96,6632.26,6581.93,6632.26,45.26,+0.69%,0
"2025-11-20 12:45",6577.87,6592.43,6569.21,6587,9.1,+0.14%,0
"2025-11-20 12:30",6599.98,6609.47,6570.15,6577.9,-22.32,-0.34%,0
"2025-11-20 12:15",6609.37,6609.37,6580.93,6600.22,-9.12,-0.14%,0
"2025-11-20 12:00",6616.76,6637.55,6595.63,6609.34,-7.68,-0.12%,0
"2025-11-20 11:45",6658.33,6672.62,6609.81,6617.02,-41.33,-0.62%,0
"2025-11-20 11:30",6693.74,6696.35,6656.94,6658.35,-35.57,-0.53%,0
"2025-11-20 11:15",6713.84,6713.84,6690.12,6693.92,-19.49,-0.29%,0
"2025-11-20 11:00",6743.13,6743.13,6713.4,6713.41,-29.73,-0.44%,0
"2025-11-20 10:45",6767.68,6768.18,6743.05,6743.14,-24.54,-0.36%,0
"2025-11-20 10:30",6763.02,6770.35,6759.18,6767.68,4.7,+0.07%,0
"2025-11-20 10:15",6746.19,6764.47,6742.81,6762.98,16.94,+0.25%,0
"2025-11-20 10:00",6765.72,6769.61,6743.11,6746.04,-17.5,-0.26%,0
"2025-11-20 09:45",6751.96,6765.55,6745.45,6763.54,11.51,+0.17%,0
"2025-11-20 09:30",6737.93,6757.22,6737.93,6752.03,109.87,+1.65%,0
"2025-11-19 16:30",6642.16,6642.16,6642.16,6642.16,0,0.00%,0
"2025-11-19 16:15",6642.16,6642.16,6642.16,6642.16,0,0.00%,0
"2025-11-19 16:00",6642.69,6642.69,6642.04,6642.16,-0.77,-0.01%,0
"2025-11-19 15:45",6651.83,6652.06,6635.8,6642.93,-8.97,-0.13%,0
"2025-11-19 15:30",6650.78,6663.29,6645.85,6651.9,1.09,+0.02%,0
"2025-11-19 15:15",6638.87,6659.4,6638.87,6650.81,11.91,+0.18%,0
"2025-11-19 15:00",6628.07,6639.47,6626.56,6638.9,10.85,+0.16%,0
"2025-11-19 14:45",6613.24,6635.12,6610.06,6628.05,14.93,+0.23%,0
"2025-11-19 14:30",6613.94,6618.63,6609.28,6613.12,-0.68,-0.01%,0
"2025-11-19 14:15",6633.68,6635.53,6611.42,6613.8,-19.61,-0.30%,0
"2025-11-19 14:00",6640.85,6642.41,6629.04,6633.41,-7.13,-0.11%,0
"2025-11-19 13:45",6631.81,6644.84,6624.01,6640.54,8.81,+0.13%,0
"2025-11-19 13:30",6625.78,6648.97,6624.24,6631.73,6.01,+0.09%,0
"2025-11-19 13:15",6638.04,6640.75,6625.37,6625.72,-12.45,-0.19%,0
"2025-11-19 13:00",6628.99,6641.34,6626.89,6638.17,9.05,+0.14%,0
"2025-11-19 12:45",6625.76,6634.15,6616.23,6629.12,3.24,+0.05%,0
"2025-11-19 12:30",6627.65,6630.1,6603.5,6625.88,-1.72,-0.03%,0
"2025-11-19 12:15",6622.83,6629.85,6618.53,6627.6,4.55,+0.07%,0
"2025-11-19 12:00",6640.69,6644.87,6621.48,6623.05,-17.91,-0.27%,0
"2025-11-19 11:45",6631.88,6641.19,6626.31,6640.96,9.18,+0.14%,0
"2025-11-19 11:30",6636,6638.48,6624.19,6631.78,-4.06,-0.06%,0
"2025-11-19 11:15",6638.6,6646.99,6628.91,6635.84,-2.63,-0.04%,0
"2025-11-19 11:00",6645.33,6650.35,6634.55,6638.47,-7.,-0.11%,0
"2025-11-19 10:45",6671.63,6671.63,6642.16,6645.47,-25.81,-0.39%,0
"2025-11-19 10:30",6679.08,6681.81,6667.46,6671.28,-7.73,-0.12%,0
"2025-11-19 10:15",6681.87,6689.75,6675.59,6679.01,-2.86,-0.04%,0
"2025-11-19 10:00",6673.97,6683.76,6670.79,6681.87,8.17,+0.12%,0
"2025-11-19 09:45",6647.14,6674.96,6644.12,6673.7,26.46,+0.40%,0
"2025-11-19 09:30",6625.84,6649.41,6618.48,6647.24,29.92,+0.45%,0
"2025-11-18 16:45",6617.32,6617.32,6617.32,6617.32,0,0.00%,0
"2025-11-18 16:15",6617.32,6617.32,6617.32,6617.32,0,0.00%,0
"2025-11-18 16:00",6616.87,6617.59,6616.87,6617.32,0.38,+0.01%,0
"2025-11-18 15:45",6632.4,6638.77,6616.94,6616.94,-15.41,-0.23%,0
"2025-11-18 15:30",6640.24,6643.3,6632.2,6632.35,-7.8,-0.12%,0
"2025-11-18 15:15",6648.06,6651.48,6631.72,6640.15,-7.98,-0.12%,0
"2025-11-18 15:00",6660.3,6664.98,6645.51,6648.13,-12.08,-0.18%,0
"2025-11-18 14:45",6650.47,6664.01,6646.49,6660.21,9.81,+0.15%,0
"2025-11-18 14:30",6645.42,6665.01,6641.25,6650.4,5.35,+0.08%,0
"2025-11-18 14:15",6655.38,6657.75,6642.54,6645.05,-10.3,-0.15%,0
"2025-11-18 14:00",6646.57,6657.88,6645.57,6655.35,8.8,+0.13%,0
"2025-11-18 13:45",6655.44,6665.02,6643.9,6646.55,-8.88,-0.13%,0
"2025-11-18 13:30",6649.58,6666.63,6647.37,6655.43,5.71,+0.09%,0
"2025-11-18 13:15",6654.36,6659.39,6647.88,6649.72,-4.59,-0.07%,0
"2025-11-18 13:00",6653.36,6660.34,6649.97,6654.31,1.21,+0.02%,0
"2025-11-18 12:45",6643.69,6659.64,6634.23,6653.1,9.2,+0.14%,0
"2025-11-18 12:30",6602.56,6645.92,6595.67,6643.9,41.51,+0.63%,0
"2025-11-18 12:15",6615.74,6624.26,6602.16,6602.39,-13.3,-0.20%,0
"2025-11-18 12:00",6628.01,6634.11,6615.42,6615.69,-12.56,-0.19%,0
"2025-11-18 11:45",6635.01,6638.65,6623.81,6628.25,-6.89,-0.10%,0
"2025-11-18 11:30",6632.18,6639.5,6626.35,6635.14,3.28,+0.05%,0
"2025-11-18 11:15",6604.68,6634.44,6597.37,6631.86,27.17,+0.41%,0
"2025-11-18 11:00",6587.84,6610.54,6574.32,6604.69,16.93,+0.26%,0
"2025-11-18 10:45",6598.53,6602.23,6586.9,6587.76,-10.85,-0.16%,0
"2025-11-18 10:30",6606.38,6616.7,6590.13,6598.61,-7.65,-0.12%,0
"2025-11-18 10:15",6604.11,6618.24,6585.91,6606.26,2.17,+0.03%,0
"2025-11-18 10:00",6601.17,6609.33,6583.84,6604.09,2.69,+0.04%,0
"2025-11-18 09:45",6633.28,6648.45,6600.87,6601.4,-31.28,-0.47%,0
"2025-11-18 09:30",6641.19,6656.69,6624.95,6632.68,-39.73,-0.60%,0
"2025-11-17 17:00",6672.41,6672.41,6672.41,6672.41,0,0.00%,0
"2025-11-17 16:15",6672.41,6672.41,6672.41,6672.41,0,0.00%,0
"2025-11-17 16:00",6673.54,6673.54,6672.39,6672.41,-0.5,-0.01%,0
"2025-11-17 15:45",6656.62,6673.75,6656.14,6672.91,16.32,+0.25%,0
"2025-11-17 15:30",6653.66,6658.56,6647.8,6656.59,3.32,+0.05%,0
"2025-11-17 15:15",6643.9,6656.2,6642.29,6653.27,9.44,+0.14%,0
"2025-11-17 15:00",6644.31,6652.25,6638.9,6643.83,-0.37,-0.01%,0
"2025-11-17 14:45",6661.79,6662.22,6644.2,6644.2,-17.62,-0.26%,0
"2025-11-17 14:30",6674.78,6677.37,6654.1,6661.82,-13.04,-0.20%,0
"2025-11-17 14:15",6675.84,6677.53,6666.37,6674.86,-1.01,-0.02%,0
"2025-11-17 14:00",6682.54,6684.76,6673.08,6675.87,-6.72,-0.10%,0
"2025-11-17 13:45",6705.02,6715.04,6682.02,6682.59,-22.45,-0.33%,0
"2025-11-17 13:30",6703.85,6705.31,6697.89,6705.04,1.2,+0.02%,0
"2025-11-17 13:15",6707.07,6710.54,6701.6,6703.84,-3.22,-0.05%,0
"2025-11-17 13:00",6708.95,6710.72,6699.43,6707.06,-1.77,-0.03%,0
"2025-11-17 12:45",6726.01,6726.01,6708.82,6708.83,-16.96,-0.25%,0
"2025-11-17 12:30",6739.61,6742.47,6725.51,6725.79,-13.86,-0.21%,0
"2025-11-17 12:15",6740.9,6742.01,6734.23,6739.65,-1.22,-0.02%,0
"2025-11-17 12:00",6746.1,6746.38,6737.17,6740.87,-5.02,-0.07%,0
"2025-11-17 11:45",6733.86,6746.67,6733.2,6745.89,11.97,+0.18%,0
"2025-11-17 11:30",6721.68,6737.11,6721.06,6733.92,12.43,+0.18%,0
"2025-11-17 11:15",6703.69,6721.73,6695.26,6721.49,17.68,+0.26%,0
"2025-11-17 11:00",6723.61,6725.78,6702.31,6703.81,-19.48,-0.29%,0
"2025-11-17 10:45",6733.36,6737.03,6720.76,6723.29,-10.05,-0.15%,0
"2025-11-17 10:30",6737.43,6739.78,6719.13,6733.34,-4.07,-0.06%,0
"2025-11-17 10:15",6734.32,6739.62,6723.28,6737.41,3.02,+0.04%,0
"2025-11-17 10:00",6745.04,6747.99,6721.74,6734.39,-9.19,-0.14%,0
"2025-11-17 09:45",6736.32,6754.5,6735.82,6743.58,7.09,+0.11%,0
"2025-11-17 09:30",6713.61,6743.06,6704.59,6736.49,2.38,+0.04%,0
"2025-11-14 16:45",6734.11,6734.11,6734.11,6734.11,0,0.00%,0
"2025-11-14 16:15",6734.11,6734.11,6734.11,6734.11,0,0.00%,0
"2025-11-14 16:00",6735.37,6735.37,6734.11,6734.11,-0.99,-0.01%,0
"2025-11-14 15:45",6738.32,6742.06,6729.17,6735.1,-3.3,-0.05%,0
"2025-11-14 15:30",6744.18,6748.29,6736.93,6738.4,-5.82,-0.09%,0
"2025-11-14 15:15",6754.43,6755.83,6740.29,6744.22,-10.32,-0.15%,0
"2025-11-14 15:00",6764.32,6768.62,6753.72,6754.54,-9.82,-0.15%,0
"2025-11-14 14:45",6758.87,6766.57,6758.5,6764.36,5.55,+0.08%,0
"2025-11-14 14:30",6757.52,6760.96,6754.57,6758.81,1.5,+0.02%,0
"2025-11-14 14:15",6748.02,6761.56,6747.49,6757.31,9.42,+0.14%,0
"2025-11-14 14:00",6750.1,6752.59,6741.02,6747.89,-2.21,-0.03%,0
"2025-11-14 13:45",6734.32,6754.57,6732.99,6750.1,15.77,+0.23%,0
"2025-11-14 13:30",6748.62,6753.43,6733.41,6734.33,-14.46,-0.21%,0
"2025-11-14 13:15",6760.3,6760.3,6739.31,6748.79,-11.5,-0.17%,0
"2025-11-14 13:00",6758.25,6760.92,6740.53,6760.29,2.12,+0.03%,0
"2025-11-14 12:45",6765.44,6769.65,6749.41,6758.17,-7.27,-0.11%,0
"2025-11-14 12:30",6768.13,6773.89,6760.3,6765.44,-2.61,-0.04%,0
"2025-11-14 12:15",6770.89,6771.79,6761.85,6768.05,-2.77,-0.04%,0
"2025-11-14 12:00",6764.93,6774.31,6760.54,6770.82,6.01,+0.09%,0
"2025-11-14 11:45",6757.02,6766.11,6749.63,6764.81,7.79,+0.12%,0
"2025-11-14 11:30",6761.91,6767.78,6753.7,6757.02,-4.72,-0.07%,0
"2025-11-14 11:15",6739.03,6766.79,6739.03,6761.74,22.79,+0.34%,0
"2025-11-14 11:00",6739.67,6742.97,6726.8,6738.95,-0.59,-0.01%,0
"2025-11-14 10:45",6729,6746.04,6727.61,6739.54,10.3,+0.15%,0
"2025-11-14 10:30",6715.68,6729.8,6709.99,6729.24,13.52,+0.20%,0
"2025-11-14 10:15",6692.29,6717.34,6691.77,6715.72,23.6,+0.35%,0
"2025-11-14 10:00",6703.83,6705.86,6687.29,6692.12,-12.22,-0.18%,0
"2025-11-14 09:45",6684.25,6705.33,6682.21,6704.34,20.2,+0.30%,0
"2025-11-14 09:30",6672.14,6685.48,6646.87,6684.14,-53.35,-0.79%,0
"2025-11-13 16:45",6737.49,6737.49,6737.49,6737.49,0,0.00%,0
"2025-11-13 16:15",6737.49,6737.49,6737.49,6737.49,0,0.00%,0
"2025-11-13 16:00",6738.73,6738.73,6737.49,6737.49,-1.03,-0.02%,0
"2025-11-13 15:45",6742.29,6744.94,6726.32,6738.52,-3.91,-0.06%,0
"2025-11-13 15:30",6735.27,6749.07,6733.22,6742.43,7.15,+0.11%,0
"2025-11-13 15:15",6734.93,6739.06,6724.72,6735.28,0.26,0.00%,0
"2025-11-13 15:00",6735.97,6738.64,6728.85,6735.02,-1.09,-0.02%,0
"2025-11-13 14:45",6742.92,6745.04,6724.81,6736.11,-6.83,-0.10%,0
"2025-11-13 14:30",6754.39,6755.07,6738.21,6742.94,-11.27,-0.17%,0
"2025-11-13 14:15",6736.19,6754.58,6734.74,6754.21,17.83,+0.26%,0
"2025-11-13 14:00",6745.08,6747.26,6734.7,6736.38,-8.51,-0.13%,0
"2025-11-13 13:45",6743.82,6747.07,6740.36,6744.89,1.24,+0.02%,0
"2025-11-13 13:30",6746.97,6746.97,6733.8,6743.65,-3.25,-0.05%,0
"2025-11-13 13:15",6763.71,6764.56,6744.91,6746.9,-16.76,-0.25%,0
"2025-11-13 13:00",6760.12,6765.98,6757.05,6763.66,3.64,+0.05%,0
"2025-11-13 12:45",6770.07,6770.34,6758.41,6760.02,-10.11,-0.15%,0
"2025-11-13 12:30",6778.19,6783.33,6770.12,6770.13,-8.11,-0.12%,0
"2025-11-13 12:15",6765.02,6779.99,6765.02,6778.24,13.16,+0.19%,0
"2025-11-13 12:00",6770.75,6778.37,6762.91,6765.08,-5.82,-0.09%,0
"2025-11-13 11:45",6763.7,6772.23,6762.45,6770.9,7.24,+0.11%,0
"2025-11-13 11:30",6776.25,6784.66,6761.27,6763.66,-12.56,-0.19%,0
"2025-11-13 11:15",6776.87,6780.75,6768.75,6776.22,-0.59,-0.01%,0
"2025-11-13 11:00",6783.45,6786.33,6771.02,6776.81,-6.69,-0.10%,0
"2025-11-13 10:45",6791.12,6791.46,6772.38,6783.5,-7.48,-0.11%,0
"2025-11-13 10:30",6808.09,6808.59,6790.23,6790.98,-17.02,-0.25%,0
"2025-11-13 10:15",6824.08,6828.05,6806.79,6808,-16.02,-0.23%,0
"2025-11-13 10:00",6807.08,6825.46,6798.49,6824.02,17.12,+0.25%,0
"2025-11-13 09:45",6796.4,6812.75,6794.91,6806.9,10.69,+0.16%,0
"2025-11-13 09:30",6826.47,6826.47,6795.15,6796.21,-54.71,-0.80%,0
"2025-11-12 16:45",6850.92,6850.92,6850.92,6850.92,0,0.00%,0
"2025-11-12 16:15",6850.92,6850.92,6850.92,6850.92,0,0.00%,0
"2025-11-12 16:00",6852.03,6852.03,6850.91,6850.92,-1.08,-0.02%,0
"2025-11-12 15:45",6856.73,6859.82,6845.96,6852,-4.86,-0.07%,0
"2025-11-12 15:30",6853.06,6859.08,6850.82,6856.86,3.75,+0.05%,0
"2025-11-12 15:15",6846.05,6853.48,6844.12,6853.11,7.02,+0.10%,0
"2025-11-12 15:00",6847.62,6848.09,6840.71,6846.09,-1.47,-0.02%,0
"2025-11-12 14:45",6848.79,6851.78,6845.05,6847.56,-1.37,-0.02%,0
"2025-11-12 14:30",6847.09,6851.68,6842.67,6848.93,1.88,+0.03%,0
"2025-11-12 14:15",6849.71,6851.96,6845.11,6847.05,-2.58,-0.04%,0
"2025-11-12 14:00",6856.23,6857.5,6849.47,6849.63,-6.54,-0.10%,0
"2025-11-12 13:45",6855.43,6857.26,6852.58,6856.17,0.76,+0.01%,0
"2025-11-12 13:30",6854.59,6861.2,6854.12,6855.41,0.94,+0.01%,0
"2025-11-12 13:15",6856.53,6859.27,6851.48,6854.47,-2.13,-0.03%,0
"2025-11-12 13:00",6856.11,6857.66,6850.33,6856.6,0.53,+0.01%,0
"2025-11-12 12:45",6853.09,6857.23,6845.79,6856.07,2.99,+0.04%,0
"2025-11-12 12:30",6844.48,6858.66,6843.85,6853.08,8.72,+0.13%,0
"2025-11-12 12:15",6843.59,6847.42,6837.91,6844.36,0.85,+0.01%,0
"2025-11-12 12:00",6837.23,6844.45,6835.53,6843.51,6.25,+0.09%,0
"2025-11-12 11:45",6841,6844.08,6829.62,6837.26,-3.84,-0.06%,0
"2025-11-12 11:30",6843.78,6849.2,6840.72,6841.1,-3.39,-0.05%,0
"2025-11-12 11:15",6833.82,6844.8,6833.82,6844.49,10.92,+0.16%,0
"2025-11-12 11:00",6843.16,6844.26,6830.73,6833.57,-9.47,-0.14%,0
"2025-11-12 10:45",6847.58,6850.19,6838.96,6843.04,-4.42,-0.06%,0
"2025-11-12 10:30",6851.28,6851.86,6837.12,6847.46,-3.92,-0.06%,0
"2025-11-12 10:15",6850.8,6853.66,6847.18,6851.38,0.51,+0.01%,0
"2025-11-12 10:00",6857.53,6862.01,6849.93,6850.87,-6.09,-0.09%,0
"2025-11-12 09:45",6861.58,6863.74,6850.82,6856.96,-4.58,-0.07%,0
"2025-11-12 09:30",6867.77,6869.91,6858.24,6861.54,14.93,+0.22%,0
"2025-11-11 16:45",6846.61,6846.61,6846.61,6846.61,0,0.00%,0
"2025-11-11 16:15",6846.61,6846.61,6846.61,6846.61,0,0.00%,0
"2025-11-11 16:00",6847.55,6847.55,6846.61,6846.61,-1.48,-0.02%,0
"2025-11-11 15:45",6850.68,6855.08,6842.38,6848.09,-2.57,-0.04%,0
"2025-11-11 15:30",6848.85,6850.66,6845.06,6850.66,1.74,+0.03%,0
"2025-11-11 15:15",6853.53,6853.85,6847.94,6848.92,-4.62,-0.07%,0
"2025-11-11 15:00",6850.73,6855.13,6850.7,6853.54,2.76,+0.04%,0
"2025-11-11 14:45",6848.93,6853.7,6847.36,6850.78,1.82,+0.03%,0
"2025-11-11 14:30",6851.13,6853.13,6848.8,6848.96,-2.08,-0.03%,0
"2025-11-11 14:15",6849.65,6852.53,6847.97,6851.04,1.5,+0.02%,0
"2025-11-11 14:00",6851.99,6851.99,6844.73,6849.54,-2.53,-0.04%,0
"2025-11-11 13:45",6849.13,6853,6848.14,6852.07,2.93,+0.04%,0
"2025-11-11 13:30",6848.34,6850.19,6841.33,6849.14,0.91,+0.01%,0
"2025-11-11 13:15",6843.12,6851.65,6842.62,6848.23,4.95,+0.07%,0
"2025-11-11 13:00",6840.27,6845.22,6840.26,6843.28,2.89,+0.04%,0
"2025-11-11 12:45",6833.55,6841.72,6831.76,6840.39,6.79,+0.10%,0
"2025-11-11 12:30",6829.84,6833.6,6829.25,6833.6,3.78,+0.06%,0
"2025-11-11 12:15",6827.13,6833.33,6827.07,6829.82,2.7,+0.04%,0
"2025-11-11 12:00",6817.07,6827.62,6816.73,6827.12,10.02,+0.15%,0
"2025-11-11 11:45",6816.73,6821.62,6816.26,6817.1,0.27,0.00%,0
"2025-11-11 11:30",6813.03,6818.88,6807.72,6816.83,4.01,+0.06%,0
"2025-11-11 11:15",6814.6,6827.1,6812.68,6812.82,-1.88,-0.03%,0
"2025-11-11 11:00",6810.73,6818.44,6810.18,6814.7,3.95,+0.06%,0
"2025-11-11 10:45",6813.62,6815.31,6806.87,6810.75,-2.79,-0.04%,0
"2025-11-11 10:30",6814.24,6816.03,6807.31,6813.54,-0.79,-0.01%,0
"2025-11-11 10:15",6814.7,6818.42,6807.58,6814.33,-0.53,-0.01%,0
"2025-11-11 10:00",6827.31,6827.31,6810.8,6814.86,-12.35,-0.18%,0
"2025-11-11 09:45",6820.05,6828.65,6813.85,6827.21,7.12,+0.10%,0
"2025-11-11 09:30",6815.64,6824.85,6815.64,6820.09,-12.34,-0.18%,0
"2025-11-10 16:45",6832.43,6832.43,6832.43,6832.43,0,0.00%,0
"2025-11-10 16:15",6832.43,6832.43,6832.43,6832.43,0,0.00%,0
"2025-11-10 16:00",6832.28,6832.71,6832.28,6832.43,0.61,+0.01%,0
"2025-11-10 15:45",6837.01,6841.32,6831.27,6831.82,-5.28,-0.08%,0
"2025-11-10 15:30",6832.97,6839.33,6830.35,6837.1,4.11,+0.06%,0
"2025-11-10 15:15",6839.73,6839.73,6831.45,6832.99,-6.76,-0.10%,0
"2025-11-10 15:00",6832.23,6840.38,6832.1,6839.75,7.69,+0.11%,0
"2025-11-10 14:45",6829.19,6835.91,6828.43,6832.06,3.02,+0.04%,0
"2025-11-10 14:30",6827.56,6829.93,6825.11,6829.04,1.59,+0.02%,0
"2025-11-10 14:15",6821.13,6829.11,6819.91,6827.45,6.23,+0.09%,0
"2025-11-10 14:00",6818.01,6824.5,6817.88,6821.22,3.19,+0.05%,0
"2025-11-10 13:45",6821.92,6824.91,6817.81,6818.03,-3.84,-0.06%,0
"2025-11-10 13:30",6814.34,6823.48,6814.34,6821.87,7.59,+0.11%,0
"2025-11-10 13:15",6816.57,6819.81,6813.94,6814.28,-2.29,-0.03%,0
"2025-11-10 13:00",6814.07,6817.79,6813.65,6816.57,2.55,+0.04%,0
"2025-11-10 12:45",6804.22,6816.76,6804.22,6814.02,9.81,+0.14%,0
"2025-11-10 12:30",6794.35,6808.1,6794.35,6804.21,10.02,+0.15%,0
"2025-11-10 12:15",6786.84,6797.59,6785.49,6794.19,7.33,+0.11%,0
"2025-11-10 12:00",6786.24,6797.45,6784.53,6786.86,0.57,+0.01%,0
"2025-11-10 11:45",6777.62,6786.4,6773.86,6786.29,8.67,+0.13%,0
"2025-11-10 11:30",6775.91,6783.04,6770.56,6777.62,1.56,+0.02%,0
"2025-11-10 11:15",6784.02,6786.74,6775.53,6776.06,-7.81,-0.12%,0
"2025-11-10 11:00",6782.76,6787.97,6772.38,6783.87,1.04,+0.02%,0
"2025-11-10 10:45",6798.02,6801.24,6782.08,6782.83,-15.3,-0.23%,0
"2025-11-10 10:30",6808.95,6810.06,6797.96,6798.13,-10.59,-0.16%,0
"2025-11-10 10:15",6806.13,6812.17,6802.52,6808.72,2.68,+0.04%,0
"2025-11-10 10:00",6805.52,6812.35,6804.33,6806.04,-0.32,0.00%,0
"2025-11-10 09:45",6808.57,6812.79,6800.96,6806.36,-2.,-0.03%,0
"2025-11-10 09:30",6785.36,6811.28,6785.36,6808.36,79.56,+1.18%,0
"2025-11-07 16:30",6728.8,6728.8,6728.8,6728.8,0,0.00%,0
"2025-11-07 16:15",6728.8,6728.8,6728.8,6728.8,0,0.00%,0
"2025-11-07 16:00",6729.2,6729.2,6728.8,6728.8,-0.22,0.00%,0
"2025-11-07 15:45",6720.14,6730.11,6706.53,6729.02,9.09,+0.14%,0
"2025-11-07 15:30",6706.77,6720.56,6706.77,6719.93,13.09,+0.20%,0
"2025-11-07 15:15",6714.79,6716.29,6699.27,6706.84,-7.75,-0.12%,0
"2025-11-07 15:00",6719.85,6720.27,6707.09,6714.59,-5.16,-0.08%,0
"2025-11-07 14:45",6714.1,6720.02,6704.3,6719.75,5.61,+0.08%,0
"2025-11-07 14:30",6684.45,6715.78,6684.45,6714.14,29.72,+0.44%,0
"2025-11-07 14:15",6682.62,6686.71,6679.35,6684.42,1.9,+0.03%,0
"2025-11-07 14:00",6675.9,6683.07,6672.37,6682.52,6.54,+0.10%,0
"2025-11-07 13:45",6677.21,6679.78,6662.83,6675.98,-1.17,-0.02%,0
"2025-11-07 13:30",6672.96,6680.61,6669.52,6677.15,4.14,+0.06%,0
"2025-11-07 13:15",6665.38,6675.48,6660.63,6673.01,7.53,+0.11%,0
"2025-11-07 13:00",6659.25,6666.59,6656.38,6665.48,6.03,+0.09%,0
"2025-11-07 12:45",6651.13,6659.56,6640.53,6659.45,8.28,+0.12%,0
"2025-11-07 12:30",6655.25,6660.03,6647.04,6651.17,-4.1,-0.06%,0
"2025-11-07 12:15",6645.46,6661.97,6644.75,6655.27,9.81,+0.15%,0
"2025-11-07 12:00",6639.17,6646.29,6631.44,6645.46,6.16,+0.09%,0
"2025-11-07 11:45",6651.56,6652.45,6633.1,6639.3,-12.13,-0.18%,0
"2025-11-07 11:30",6647.6,6652.82,6641.55,6651.43,3.96,+0.06%,0
"2025-11-07 11:15",6646.98,6656.91,6641.77,6647.47,0.37,+0.01%,0
"2025-11-07 11:00",6652.56,6659.11,6645.83,6647.1,-5.76,-0.09%,0
"2025-11-07 10:45",6661.33,6666.12,6652.86,6652.86,-8.77,-0.13%,0
"2025-11-07 10:30",6678.57,6682.23,6660.99,6661.63,-16.61,-0.25%,0
"2025-11-07 10:15",6684.61,6691.05,6674.69,6678.24,-6.42,-0.10%,0
"2025-11-07 10:00",6683.29,6685.43,6659.79,6684.66,3.3,+0.05%,0
"2025-11-07 09:45",6672.97,6687.99,6667.73,6681.36,8.77,+0.13%,0
"2025-11-07 09:30",6696.18,6696.18,6661.98,6672.59,-47.73,-0.71%,0
"2025-11-06 16:45",6720.32,6720.32,6720.32,6720.32,0,0.00%,0
"2025-11-06 16:15",6720.32,6720.32,6720.32,6720.32,0,0.00%,0
"2025-11-06 16:00",6721.11,6721.21,6720.32,6720.32,-1.4,-0.02%,0
"2025-11-06 15:45",6734.18,6735.68,6715.98,6721.72,-12.51,-0.19%,0
"2025-11-06 15:30",6743.88,6747.53,6733.7,6734.23,-9.59,-0.14%,0
"2025-11-06 15:15",6750.35,6753.8,6743.29,6743.82,-6.68,-0.10%,0
"2025-11-06 15:00",6750.72,6753.33,6745.87,6750.5,0.04,0.00%,0
"2025-11-06 14:45",6748.98,6754.71,6740.85,6750.46,1.48,+0.02%,0
"2025-11-06 14:30",6754.81,6757.63,6743.06,6748.98,-5.78,-0.09%,0
"2025-11-06 14:15",6748.57,6755.86,6742.88,6754.76,6.15,+0.09%,0
"2025-11-06 14:00",6735.2,6750.74,6733.95,6748.61,13.41,+0.20%,0
"2025-11-06 13:45",6740.11,6740.75,6731.49,6735.2,-4.97,-0.07%,0
"2025-11-06 13:30",6730.25,6741.91,6730.25,6740.17,9.92,+0.15%,0
"2025-11-06 13:15",6716.76,6732.97,6714.5,6730.25,13.54,+0.20%,0
"2025-11-06 13:00",6731.84,6734.35,6712.43,6716.71,-15.05,-0.22%,0
"2025-11-06 12:45",6726.27,6736.29,6726.12,6731.76,5.59,+0.08%,0
"2025-11-06 12:30",6715.78,6726.4,6713.47,6726.17,10.3,+0.15%,0
"2025-11-06 12:15",6721.05,6722.48,6707.51,6715.87,-5.18,-0.08%,0
"2025-11-06 12:00",6712.32,6731.51,6712.32,6721.05,8.73,+0.13%,0
"2025-11-06 11:45",6719.71,6724.51,6710.34,6712.32,-7.48,-0.11%,0
"2025-11-06 11:30",6734.21,6734.21,6714.24,6719.8,-14.38,-0.21%,0
"2025-11-06 11:15",6734.84,6738.14,6722.14,6734.18,-0.82,-0.01%,0
"2025-11-06 11:00",6729.04,6740.33,6728.91,6735,5.98,+0.09%,0
"2025-11-06 10:45",6731.08,6738.41,6727.43,6729.02,-1.93,-0.03%,0
"2025-11-06 10:30",6765.93,6766.92,6730.64,6730.95,-34.9,-0.52%,0
"2025-11-06 10:15",6752.11,6774.68,6749.36,6765.85,13.66,+0.20%,0
"2025-11-06 10:00",6761.92,6762.87,6746.09,6752.19,-9.51,-0.14%,0
"2025-11-06 09:45",6780.7,6791.47,6761.34,6761.7,-19.07,-0.28%,0
"2025-11-06 09:30",6787.59,6796.68,6778.37,6780.77,-15.52,-0.23%,0
"2025-11-05 16:30",6796.29,6796.29,6796.29,6796.29,0,0.00%,0
"2025-11-05 16:15",6796.29,6796.29,6796.29,6796.29,0,0.00%,0
"2025-11-05 16:00",6795.94,6796.63,6795.94,6796.29,0.34,+0.01%,0
"2025-11-05 15:45",6814.81,6815.69,6794.94,6795.95,-18.88,-0.28%,0
"2025-11-05 15:30",6818.65,6819.62,6814.03,6814.83,-3.9,-0.06%,0
"2025-11-05 15:15",6825.21,6825.98,6817.95,6818.73,-6.53,-0.10%,0
"2025-11-05 15:00",6823.4,6826.33,6822.17,6825.26,1.71,+0.03%,0
"2025-11-05 14:45",6823.99,6825.46,6822.44,6823.55,-0.41,-0.01%,0
"2025-11-05 14:30",6823.3,6826.43,6822.52,6823.96,0.53,+0.01%,0
"2025-11-05 14:15",6824.12,6826.43,6822.78,6823.43,-0.62,-0.01%,0
"2025-11-05 14:00",6827.71,6827.71,6818.5,6824.05,-3.7,-0.05%,0
"2025-11-05 13:45",6827.53,6828.81,6826.01,6827.75,0.11,0.00%,0
"2025-11-05 13:30",6825.03,6829.78,6823.88,6827.64,2.56,+0.04%,0
"2025-11-05 13:15",6824.75,6827.96,6821.88,6825.08,0.39,+0.01%,0
"2025-11-05 13:00",6823.38,6825.32,6821.56,6824.69,1.35,+0.02%,0
"2025-11-05 12:45",6828.23,6828.42,6821.82,6823.34,-4.81,-0.07%,0
"2025-11-05 12:30",6821.19,6829.42,6820.82,6828.15,6.97,+0.10%,0
"2025-11-05 12:15",6815.64,6821.9,6813.81,6821.18,5.49,+0.08%,0
"2025-11-05 12:00",6815.25,6817.66,6811.23,6815.69,0.54,+0.01%,0
"2025-11-05 11:45",6811.68,6818.48,6810.49,6815.15,3.44,+0.05%,0
"2025-11-05 11:30",6804.13,6811.81,6802.41,6811.71,7.44,+0.11%,0
"2025-11-05 11:15",6790.92,6804.69,6788.64,6804.27,13.47,+0.20%,0
"2025-11-05 11:00",6799.38,6801.85,6789.46,6790.8,-8.65,-0.13%,0
"2025-11-05 10:45",6799.47,6803.16,6791.35,6799.45,-0.2,0.00%,0
"2025-11-05 10:30",6795.79,6803.78,6793.8,6799.65,3.72,+0.05%,0
"2025-11-05 10:15",6789.76,6801.47,6783.8,6795.93,6.14,+0.09%,0
"2025-11-05 10:00",6793.83,6801.71,6785.95,6789.79,-3.72,-0.05%,0
"2025-11-05 09:45",6765.65,6797.05,6765.41,6793.51,27.76,+0.41%,0
"2025-11-05 09:30",6769.77,6773.99,6763.11,6765.75,-5.8,-0.09%,0
"2025-11-04 16:30",6771.55,6771.55,6771.55,6771.55,0,0.00%,0
"2025-11-04 16:15",6771.55,6771.55,6771.55,6771.55,0,0.00%,0
"2025-11-04 16:00",6772.23,6772.23,6771.54,6771.55,-0.85,-0.01%,0
"2025-11-04 15:45",6783.56,6785.97,6766.97,6772.4,-11.21,-0.17%,0
"2025-11-04 15:30",6780.19,6784.54,6774.28,6783.61,3.47,+0.05%,0
"2025-11-04 15:15",6779.94,6782.54,6771.65,6780.14,0.09,0.00%,0
"2025-11-04 15:00",6772.38,6780.71,6771.07,6780.05,7.81,+0.12%,0
"2025-11-04 14:45",6769.25,6774.46,6767.9,6772.24,2.88,+0.04%,0
"2025-11-04 14:30",6783.38,6784.2,6766.76,6769.36,-13.93,-0.21%,0
"2025-11-04 14:15",6781.4,6786.16,6779.57,6783.29,1.83,+0.03%,0
"2025-11-04 14:00",6781.94,6786.74,6777.29,6781.46,-0.7,-0.01%,0
"2025-11-04 13:45",6778.48,6784.51,6774.6,6782.16,3.74,+0.06%,0
"2025-11-04 13:30",6773.05,6778.51,6767.56,6778.42,5.21,+0.08%,0
"2025-11-04 13:15",6779.22,6781.03,6770.91,6773.21,-5.94,-0.09%,0
"2025-11-04 13:00",6780.78,6781.69,6776,6779.15,-1.6,-0.02%,0
"2025-11-04 12:45",6781.98,6792.94,6777.86,6780.75,-1.16,-0.02%,0
"2025-11-04 12:30",6790.54,6791.76,6778.93,6781.91,-8.61,-0.13%,0
"2025-11-04 12:15",6790.63,6795.75,6778.19,6790.52,-0.69,-0.01%,0
"2025-11-04 12:00",6802.48,6802.67,6790.27,6791.21,-11.3,-0.17%,0
"2025-11-04 11:45",6803.36,6804.56,6795.56,6802.51,-0.84,-0.01%,0
"2025-11-04 11:30",6802.93,6807.09,6800.13,6803.35,0.35,+0.01%,0
"2025-11-04 11:15",6801.48,6804.31,6796.55,6803,1.78,+0.03%,0
"2025-11-04 11:00",6802.23,6808.8,6797.37,6801.22,-0.98,-0.01%,0
"2025-11-04 10:45",6815.25,6815.27,6797.61,6802.2,-12.63,-0.19%,0
"2025-11-04 10:30",6814.42,6820.21,6810.76,6814.83,0.56,+0.01%,0
"2025-11-04 10:15",6809.85,6817.12,6809.85,6814.27,4.24,+0.06%,0
"2025-11-04 10:00",6808.96,6812.82,6804.63,6810.03,0.72,+0.01%,0
"2025-11-04 09:45",6790.07,6809.61,6786.13,6809.31,19.34,+0.28%,0
"2025-11-04 09:30",6788.52,6791.3,6766.71,6789.97,-62.,-0.90%,0
"2025-11-03 16:30",6851.97,6851.97,6851.97,6851.97,0,0.00%,0
"2025-11-03 16:15",6851.97,6851.97,6851.97,6851.97,0,0.00%,0
"2025-11-03 16:00",6853.45,6853.45,6851.97,6851.97,-0.06,0.00%,0
"2025-11-03 15:45",6852.69,6853.36,6845.63,6852.03,-0.69,-0.01%,0
"2025-11-03 15:30",6852.61,6853.2,6846.16,6852.72,0.1,0.00%,0
"2025-11-03 15:15",6854.09,6856.15,6851.82,6852.62,-1.39,-0.02%,0
"2025-11-03 15:00",6855.61,6857.44,6852.08,6854.01,-1.64,-0.02%,0
"2025-11-03 14:45",6852.36,6857.89,6852.22,6855.65,3.41,+0.05%,0
"2025-11-03 14:30",6853.71,6856.93,6847.53,6852.24,-1.39,-0.02%,0
"2025-11-03 14:15",6855.11,6857.05,6852.09,6853.63,-1.63,-0.02%,0
"2025-11-03 14:00",6856.8,6859.49,6851.77,6855.26,-1.53,-0.02%,0
"2025-11-03 13:45",6862.97,6863.2,6855.64,6856.79,-6.23,-0.09%,0
"2025-11-03 13:30",6857.68,6863.36,6857.68,6863.02,5.22,+0.08%,0
"2025-11-03 13:15",6861.98,6862.44,6857.02,6857.8,-4.22,-0.06%,0
"2025-11-03 13:00",6859.98,6863.32,6857.79,6862.02,2.11,+0.03%,0
"2025-11-03 12:45",6856.6,6860.89,6856.46,6859.91,3.29,+0.05%,0
"2025-11-03 12:30",6848.98,6859.21,6848.68,6856.62,7.55,+0.11%,0
"2025-11-03 12:15",6857.75,6860.38,6845.73,6849.07,-8.58,-0.13%,0
"2025-11-03 12:00",6856.04,6857.65,6848.82,6857.65,1.52,+0.02%,0
"2025-11-03 11:45",6849.2,6857.18,6844.56,6856.13,6.91,+0.10%,0
"2025-11-03 11:30",6841.97,6853.29,6841.41,6849.22,7.27,+0.11%,0
"2025-11-03 11:15",6845.68,6850.2,6840.18,6841.95,-3.75,-0.05%,0
"2025-11-03 11:00",6845.09,6847.48,6840.8,6845.7,0.67,+0.01%,0
"2025-11-03 10:45",6840.7,6849.18,6836.4,6845.03,4.44,+0.06%,0
"2025-11-03 10:30",6825.52,6843.36,6820.62,6840.59,15.25,+0.22%,0
"2025-11-03 10:15",6845.04,6845.11,6824.45,6825.34,-19.83,-0.29%,0
"2025-11-03 10:00",6846.3,6851.08,6838.18,6845.17,-1.38,-0.02%,0
"2025-11-03 09:45",6852.91,6855.57,6843.28,6846.55,-6.34,-0.09%,0
"2025-11-03 09:30",6882.32,6882.32,6851.23,6852.89,12.69,+0.19%,0
"2025-10-31 16:45",6840.2,6840.2,6840.2,6840.2,0,0.00%,0
"2025-10-31 16:15",6840.2,6840.2,6840.2,6840.2,0,0.00%,0
"2025-10-31 16:00",6839.87,6840.46,6839.87,6840.2,-0.03,0.00%,0
"2025-10-31 15:45",6865.63,6865.97,6840.23,6840.23,-25.53,-0.37%,0
"2025-10-31 15:30",6862.6,6869.01,6860.83,6865.76,3.15,+0.05%,0
"2025-10-31 15:15",6850.11,6863.99,6849.09,6862.61,12.56,+0.18%,0
"2025-10-31 15:00",6847.46,6851.2,6844.69,6850.05,2.65,+0.04%,0
"2025-10-31 14:45",6844.75,6848.53,6838.42,6847.4,2.82,+0.04%,0
"2025-10-31 14:30",6844.75,6846.83,6841.47,6844.58,-0.2,0.00%,0
"2025-10-31 14:15",6841.09,6845.57,6837.46,6844.78,3.67,+0.05%,0
"2025-10-31 14:00",6829.7,6842.41,6829.43,6841.11,11.48,+0.17%,0
"2025-10-31 13:45",6828.25,6835.88,6828.08,6829.63,1.36,+0.02%,0
"2025-10-31 13:30",6819.52,6828.27,6815.9,6828.27,8.7,+0.13%,0
"2025-10-31 13:15",6819.96,6821.82,6814.26,6819.57,-0.49,-0.01%,0
"2025-10-31 13:00",6824.98,6828.45,6818.35,6820.06,-4.95,-0.07%,0
"2025-10-31 12:45",6832.79,6836.48,6822.64,6825.01,-7.91,-0.12%,0
"2025-10-31 12:30",6838.91,6845.83,6831.53,6832.92,-6.01,-0.09%,0
"2025-10-31 12:15",6836.88,6841.39,6826.21,6838.93,2.05,+0.03%,0
"2025-10-31 12:00",6843.36,6844.23,6832.4,6836.88,-6.95,-0.10%,0
"2025-10-31 11:45",6855.17,6861.29,6843.39,6843.83,-11.27,-0.16%,0
"2025-10-31 11:30",6859.41,6863.29,6845.58,6855.1,-4.26,-0.06%,0
"2025-10-31 11:15",6863.29,6868.25,6857.46,6859.36,-3.88,-0.06%,0
"2025-10-31 11:00",6865.84,6867.68,6860.95,6863.24,-2.54,-0.04%,0
"2025-10-31 10:45",6865.06,6868.8,6863.25,6865.78,0.98,+0.01%,0
"2025-10-31 10:30",6853.57,6866.03,6852.26,6864.8,10.85,+0.16%,0
"2025-10-31 10:15",6848.8,6855.59,6844.29,6853.95,5.68,+0.08%,0
"2025-10-31 10:00",6855.06,6857.1,6847.29,6848.27,-6.69,-0.10%,0
"2025-10-31 09:45",6854.12,6860.94,6850.15,6854.96,0.97,+0.01%,0
"2025-10-31 09:30",6879.17,6879.17,6851.75,6853.99,31.65,+0.46%,0
"2025-10-30 16:45",6822.34,6822.34,6822.34,6822.34,0,0.00%,0
"2025-10-30 16:15",6822.34,6822.34,6822.34,6822.34,0,0.00%,0
"2025-10-30 16:00",6821.76,6822.36,6821.76,6822.34,-0.09,0.00%,0
"2025-10-30 15:45",6828.46,6833.38,6820.69,6822.43,-6.04,-0.09%,0
"2025-10-30 15:30",6834.7,6841.51,6828.07,6828.47,-6.23,-0.09%,0
"2025-10-30 15:15",6839.04,6839.87,6825.52,6834.7,-4.25,-0.06%,0
"2025-10-30 15:00",6846.39,6846.57,6838.61,6838.95,-7.81,-0.11%,0
"2025-10-30 14:45",6846.87,6853.16,6844.85,6846.76,-0.07,0.00%,0
"2025-10-30 14:30",6852.02,6856.9,6844.1,6846.83,-5.11,-0.07%,0
"2025-10-30 14:15",6852.14,6854.41,6848.04,6851.94,-0.33,0.00%,0
"2025-10-30 14:00",6865.79,6865.82,6851.69,6852.27,-13.51,-0.20%,0
"2025-10-30 13:45",6861.46,6868.63,6861.46,6865.78,4.36,+0.06%,0
"2025-10-30 13:30",6866.61,6866.61,6858.67,6861.42,-5.22,-0.08%,0
"2025-10-30 13:15",6856.06,6868.14,6855.56,6866.64,10.58,+0.15%,0
"2025-10-30 13:00",6866.91,6866.91,6853.29,6856.06,-10.71,-0.16%,0
"2025-10-30 12:45",6865.34,6868.77,6861.95,6866.77,1.36,+0.02%,0
"2025-10-30 12:30",6871.71,6871.73,6859.17,6865.41,-6.09,-0.09%,0
"2025-10-30 12:15",6873.35,6873.78,6867.35,6871.5,-1.82,-0.03%,0
"2025-10-30 12:00",6855.66,6873.94,6854.79,6873.32,17.92,+0.26%,0
"2025-10-30 11:45",6858,6861.62,6852.38,6855.4,-2.62,-0.04%,0
"2025-10-30 11:30",6870.28,6871.04,6853.27,6858.02,-12.14,-0.18%,0
"2025-10-30 11:15",6875.36,6876.86,6869.27,6870.16,-5.33,-0.08%,0
"2025-10-30 11:00",6865.6,6875.64,6865.6,6875.49,9.74,+0.14%,0
"2025-10-30 10:45",6874.89,6876.61,6858.31,6865.75,-9.27,-0.13%,0
"2025-10-30 10:30",6856.38,6878.72,6855.91,6875.02,18.67,+0.27%,0
"2025-10-30 10:15",6870.05,6870.33,6855.26,6856.35,-13.99,-0.20%,0
"2025-10-30 10:00",6871.89,6880.75,6861.19,6870.34,-1.6,-0.02%,0
"2025-10-30 09:45",6845.75,6879.11,6844.23,6871.94,25.89,+0.38%,0
"2025-10-30 09:30",6860.5,6860.5,6834.93,6846.05,-44.54,-0.65%,0
"2025-10-29 17:00",6890.59,6890.59,6890.59,6890.59,0,0.00%,0
"2025-10-29 16:15",6890.59,6890.59,6890.59,6890.59,0,0.00%,0
"2025-10-29 16:00",6893.77,6893.77,6890.59,6890.59,-1.58,-0.02%,0
"2025-10-29 15:45",6876.83,6894.84,6876.73,6892.17,15.6,+0.23%,0
"2025-10-29 15:30",6876.55,6880.03,6863.6,6876.57,0.1,0.00%,0
"2025-10-29 15:15",6882.77,6888.16,6873,6876.47,-6.16,-0.09%,0
"2025-10-29 15:00",6882.53,6889.27,6868.16,6882.63,-0.45,-0.01%,0
"2025-10-29 14:45",6856.71,6890.51,6855.68,6883.08,26.37,+0.38%,0
"2025-10-29 14:30",6902.36,6909.32,6851.91,6856.71,-45.53,-0.66%,0
"2025-10-29 14:15",6899.18,6904.88,6896.98,6902.24,3.03,+0.04%,0
"2025-10-29 14:00",6903.62,6910.88,6896.65,6899.21,-4.33,-0.06%,0
"2025-10-29 13:45",6904.25,6908.52,6902.12,6903.54,-0.76,-0.01%,0
"2025-10-29 13:30",6902.52,6904.83,6899.52,6904.3,1.74,+0.03%,0
"2025-10-29 13:15",6909.19,6910.86,6900.63,6902.56,-6.55,-0.09%,0
"2025-10-29 13:00",6908.61,6909.82,6906.15,6909.11,0.63,+0.01%,0
"2025-10-29 12:45",6908,6910.87,6906.53,6908.48,0.43,+0.01%,0
"2025-10-29 12:30",6907.75,6908.88,6906,6908.05,0.32,0.00%,0
"2025-10-29 12:15",6902.88,6908.1,6902.52,6907.73,4.63,+0.07%,0
"2025-10-29 12:00",6903.65,6903.65,6898.4,6903.1,-0.59,-0.01%,0
"2025-10-29 11:45",6904.65,6906.64,6901.28,6903.69,-0.91,-0.01%,0
"2025-10-29 11:30",6906.1,6907.12,6901.4,6904.6,-1.54,-0.02%,0
"2025-10-29 11:15",6906.58,6910.91,6904.25,6906.14,-0.44,-0.01%,0
"2025-10-29 11:00",6906.4,6908.06,6902.97,6906.58,-0.02,0.00%,0
"2025-10-29 10:45",6906.04,6908.83,6901.37,6906.6,0.66,+0.01%,0
"2025-10-29 10:30",6912.82,6914.35,6905.24,6905.94,-6.82,-0.10%,0
"2025-10-29 10:15",6911.08,6913.75,6908.77,6912.76,1.75,+0.03%,0
"2025-10-29 10:00",6919.75,6920.34,6907.77,6911.01,-8.48,-0.12%,0
"2025-10-29 09:45",6915.73,6920.21,6910.41,6919.49,3.72,+0.05%,0
"2025-10-29 09:30",6910.95,6915.77,6905.35,6915.77,24.88,+0.36%,0
"2025-10-28 17:00",6890.89,6890.89,6890.89,6890.89,0,0.00%,0
"2025-10-28 16:15",6890.89,6890.89,6890.89,6890.89,0,0.00%,0
"2025-10-28 16:00",6891.16,6891.34,6890.88,6890.89,0,0.00%,0
"2025-10-28 15:45",6898,6900.44,6890.89,6890.89,-6.96,-0.10%,0
"2025-10-28 15:30",6909.94,6910.02,6897.29,6897.85,-12.14,-0.18%,0
"2025-10-28 15:15",6904.98,6911.3,6902.55,6909.99,5.03,+0.07%,0
"2025-10-28 15:00",6904.38,6905.68,6900.59,6904.96,0.59,+0.01%,0
"2025-10-28 14:45",6902.43,6904.43,6900.58,6904.37,1.89,+0.03%,0
"2025-10-28 14:30",6903.3,6905.12,6900.07,6902.48,-0.78,-0.01%,0
"2025-10-28 14:15",6900.88,6906.89,6900.47,6903.26,2.27,+0.03%,0
"2025-10-28 14:00",6898.31,6901.05,6897.64,6900.99,2.68,+0.04%,0
"2025-10-28 13:45",6896.07,6899.92,6893.61,6898.31,2.22,+0.03%,0
"2025-10-28 13:30",6892.29,6896.35,6891.75,6896.09,3.85,+0.06%,0
"2025-10-28 13:15",6894.62,6896.37,6891.11,6892.24,-2.23,-0.03%,0
"2025-10-28 13:00",6891.12,6896.52,6890.93,6894.47,3.39,+0.05%,0
"2025-10-28 12:45",6889.43,6893.67,6888.92,6891.08,1.79,+0.03%,0
"2025-10-28 12:30",6883.73,6895.34,6883.37,6889.29,5.55,+0.08%,0
"2025-10-28 12:15",6880.23,6884.07,6878.55,6883.74,3.54,+0.05%,0
"2025-10-28 12:00",6878.18,6882.38,6878.18,6880.2,1.99,+0.03%,0
"2025-10-28 11:45",6873.23,6878.22,6872.03,6878.21,4.98,+0.07%,0
"2025-10-28 11:30",6877.8,6877.95,6870.73,6873.23,-4.63,-0.07%,0
"2025-10-28 11:15",6880.42,6881.89,6876.76,6877.86,-2.56,-0.04%,0
"2025-10-28 11:00",6879.83,6884.28,6879.05,6880.42,0.32,0.00%,0
"2025-10-28 10:45",6880.85,6884.49,6878.37,6880.1,-1.,-0.01%,0
"2025-10-28 10:30",6884.03,6886.39,6879.48,6881.1,-3.04,-0.04%,0
"2025-10-28 10:15",6880.69,6884.39,6879.38,6884.14,3.64,+0.05%,0
"2025-10-28 10:00",6878.74,6882.52,6877.52,6880.5,1.72,+0.03%,0
"2025-10-28 09:45",6882.54,6884.75,6873.86,6878.78,-3.84,-0.06%,0
"2025-10-28 09:30",6897.74,6897.74,6882.25,6882.62,7.46,+0.11%,0
"2025-10-27 16:45",6875.16,6875.16,6875.16,6875.16,0,0.00%,0
"2025-10-27 16:15",6875.16,6875.16,6875.16,6875.16,0,0.00%,0
"2025-10-27 16:00",6874.63,6875.17,6874.63,6875.16,0.66,+0.01%,0
"2025-10-27 15:45",6868.89,6877.28,6868.57,6874.5,5.58,+0.08%,0
"2025-10-27 15:30",6864.68,6869.68,6864.47,6868.92,4.23,+0.06%,0
"2025-10-27 15:15",6863.96,6864.86,6862.2,6864.69,0.69,+0.01%,0
"2025-10-27 15:00",6863.97,6865.38,6862.52,6864,0.05,0.00%,0
"2025-10-27 14:45",6863.22,6865.26,6861.92,6863.95,0.73,+0.01%,0
"2025-10-27 14:30",6861.24,6863.98,6861.24,6863.22,1.88,+0.03%,0
"2025-10-27 14:15",6860.95,6862.32,6860.78,6861.34,0.32,0.00%,0
"2025-10-27 14:00",6861.67,6861.97,6859.92,6861.02,-0.68,-0.01%,0
"2025-10-27 13:45",6861.6,6862.32,6859.95,6861.7,0.13,0.00%,0
"2025-10-27 13:30",6856.39,6861.87,6855.32,6861.57,5.2,+0.08%,0
"2025-10-27 13:15",6858.36,6858.9,6853.83,6856.37,-1.99,-0.03%,0
"2025-10-27 13:00",6860.15,6860.61,6857.08,6858.36,-1.64,-0.02%,0
"2025-10-27 12:45",6858.87,6861.36,6857.73,6860,1.15,+0.02%,0
"2025-10-27 12:30",6857.18,6859.79,6857.18,6858.85,1.59,+0.02%,0
"2025-10-27 12:15",6858.42,6858.74,6856.35,6857.26,-1.21,-0.02%,0
"2025-10-27 12:00",6856.76,6860.1,6856.21,6858.47,1.87,+0.03%,0
"2025-10-27 11:45",6858.24,6858.33,6854.22,6856.6,-1.65,-0.02%,0
"2025-10-27 11:30",6855.87,6858.6,6855.69,6858.25,2.42,+0.04%,0
"2025-10-27 11:15",6853.07,6856.4,6850.73,6855.83,2.77,+0.04%,0
"2025-10-27 11:00",6849.57,6853.41,6848.52,6853.06,3.46,+0.05%,0
"2025-10-27 10:45",6855.7,6856.07,6848.47,6849.6,-6.08,-0.09%,0
"2025-10-27 10:30",6853.27,6855.68,6850.48,6855.68,2.42,+0.04%,0
"2025-10-27 10:15",6854.64,6855.77,6847.06,6853.26,-1.52,-0.02%,0
"2025-10-27 10:00",6854.11,6859.13,6852.36,6854.78,0.58,+0.01%,0
"2025-10-27 09:45",6850.71,6855.24,6846.38,6854.2,3.17,+0.05%,0
"2025-10-27 09:30",6845.46,6856.3,6843.94,6851.03,59.34,+0.87%,0
"2025-10-24 16:45",6791.69,6791.69,6791.69,6791.69,0,0.00%,0
"2025-10-24 16:15",6791.69,6791.69,6791.69,6791.69,0,0.00%,0
"2025-10-24 16:00",6791.67,6792.21,6791.67,6791.69,0.55,+0.01%,0
"2025-10-24 15:45",6799.82,6801.72,6789.33,6791.14,-8.64,-0.13%,0
"2025-10-24 15:30",6804.79,6804.95,6799.78,6799.78,-5.1,-0.07%,0
"2025-10-24 15:15",6805.42,6806.86,6803.26,6804.88,-0.48,-0.01%,0
"2025-10-24 15:00",6804.06,6807.11,6804.06,6805.36,1.34,+0.02%,0
"2025-10-24 14:45",6802.81,6804.24,6800.18,6804.02,1.23,+0.02%,0
"2025-10-24 14:30",6803.45,6805.27,6802.26,6802.79,-0.62,-0.01%,0
"2025-10-24 14:15",6804.36,6805.35,6803.09,6803.41,-0.99,-0.01%,0
"2025-10-24 14:00",6802.75,6805.36,6801.06,6804.4,1.69,+0.02%,0
"2025-10-24 13:45",6803.93,6806.09,6802.58,6802.71,-1.15,-0.02%,0
"2025-10-24 13:30",6802.86,6805.68,6802.18,6803.86,1.1,+0.02%,0
"2025-10-24 13:15",6799.88,6804.03,6798.73,6802.76,2.78,+0.04%,0
"2025-10-24 13:00",6802.05,6802.94,6799.65,6799.98,-2.02,-0.03%,0
"2025-10-24 12:45",6795.65,6804.15,6795.04,6802,6.34,+0.09%,0
"2025-10-24 12:30",6801.81,6802.31,6794.56,6795.66,-6.38,-0.09%,0
"2025-10-24 12:15",6804.91,6806.42,6800.79,6802.04,-2.87,-0.04%,0
"2025-10-24 12:00",6801.83,6805.08,6801.25,6804.91,3.16,+0.05%,0
"2025-10-24 11:45",6800.42,6804.51,6797.86,6801.75,1.23,+0.02%,0
"2025-10-24 11:30",6803.99,6806.26,6800.29,6800.52,-3.31,-0.05%,0
"2025-10-24 11:15",6796.73,6806.2,6796.67,6803.83,7.14,+0.11%,0
"2025-10-24 11:00",6789.31,6796.8,6787.86,6796.69,7.51,+0.11%,0
"2025-10-24 10:45",6797.84,6798.47,6782.28,6789.18,-8.59,-0.13%,0
"2025-10-24 10:30",6790.54,6798.55,6784.75,6797.77,7.22,+0.11%,0
"2025-10-24 10:15",6800.25,6800.25,6790.32,6790.55,-9.79,-0.14%,0
"2025-10-24 10:00",6795.52,6801.21,6793.56,6800.34,4.6,+0.07%,0
"2025-10-24 09:45",6794.88,6799.79,6787.5,6795.74,1.01,+0.01%,0
"2025-10-24 09:30",6772.07,6798.72,6772.07,6794.73,56.29,+0.84%,0
"2025-10-23 16:45",6738.44,6738.44,6738.44,6738.44,0,0.00%,0
"2025-10-23 16:15",6738.44,6738.44,6738.44,6738.44,0,0.00%,0
"2025-10-23 16:00",6738.58,6738.58,6738.35,6738.44,0.27,0.00%,0
"2025-10-23 15:45",6742.37,6744.64,6735.34,6738.17,-4.11,-0.06%,0
"2025-10-23 15:30",6746.96,6746.96,6742.28,6742.28,-4.66,-0.07%,0
"2025-10-23 15:15",6748.87,6749.53,6745.58,6746.94,-1.89,-0.03%,0
"2025-10-23 15:00",6747.98,6749.45,6746.03,6748.83,0.77,+0.01%,0
"2025-10-23 14:45",6747.06,6749.36,6745.6,6748.06,0.98,+0.01%,0
"2025-10-23 14:30",6747.15,6748.31,6745.57,6747.08,-0.15,0.00%,0
"2025-10-23 14:15",6744.46,6747.55,6741.1,6747.23,2.78,+0.04%,0
"2025-10-23 14:00",6746.52,6747.1,6743.29,6744.45,-2.04,-0.03%,0
"2025-10-23 13:45",6743.92,6747.06,6743.58,6746.49,2.6,+0.04%,0
"2025-10-23 13:30",6732.19,6745.4,6732.13,6743.89,11.64,+0.17%,0
"2025-10-23 13:15",6737.07,6737.92,6730.54,6732.25,-4.85,-0.07%,0
"2025-10-23 13:00",6736.54,6738.73,6726.95,6737.1,0.8,+0.01%,0
"2025-10-23 12:45",6735.07,6737.11,6732.8,6736.3,1.33,+0.02%,0
"2025-10-23 12:30",6727.92,6735.07,6727.87,6734.97,6.94,+0.10%,0
"2025-10-23 12:15",6732.06,6732.65,6724.76,6728.03,-4.01,-0.06%,0
"2025-10-23 12:00",6724.94,6732.04,6723.96,6732.04,7.09,+0.11%,0
"2025-10-23 11:45",6711.36,6728.84,6710.48,6724.95,13.49,+0.20%,0
"2025-10-23 11:30",6722.47,6727.08,6710.18,6711.46,-11.01,-0.16%,0
"2025-10-23 11:15",6719.29,6723.5,6713.73,6722.47,3.03,+0.05%,0
"2025-10-23 11:00",6724.13,6725.22,6717.46,6719.44,-4.74,-0.07%,0
"2025-10-23 10:45",6720.42,6726.05,6716,6724.18,3.83,+0.06%,0
"2025-10-23 10:30",6716.26,6724.06,6712.81,6720.35,4.14,+0.06%,0
"2025-10-23 10:15",6713.31,6720.49,6702.65,6716.21,2.92,+0.04%,0
"2025-10-23 10:00",6722.12,6724.94,6711.1,6713.29,-8.65,-0.13%,0
"2025-10-23 09:45",6716.6,6729.75,6716.6,6721.94,5.62,+0.08%,0
"2025-10-23 09:30",6703.65,6716.32,6700.14,6716.32,16.92,+0.25%,0
"2025-10-22 16:30",6699.4,6699.4,6699.4,6699.4,0,0.00%,0
"2025-10-22 16:15",6699.4,6699.4,6699.4,6699.4,0,0.00%,0
"2025-10-22 16:00",6699.46,6699.56,6699.4,6699.4,-0.38,-0.01%,0
"2025-10-22 15:45",6698.92,6703.71,6695.35,6699.78,0.77,+0.01%,0
"2025-10-22 15:30",6696.44,6705.25,6696.25,6699.01,2.53,+0.04%,0
"2025-10-22 15:15",6690.89,6697.71,6690.58,6696.48,5.75,+0.09%,0
"2025-10-22 15:00",6687.07,6697.09,6678.48,6690.73,3.64,+0.05%,0
"2025-10-22 14:45",6681.5,6687.48,6676.63,6687.09,5.67,+0.08%,0
"2025-10-22 14:30",6678.37,6684.72,6673.62,6681.42,3.03,+0.05%,0
"2025-10-22 14:15",6667.32,6683.22,6660.33,6678.39,10.68,+0.16%,0
"2025-10-22 14:00",6668.43,6675.8,6667.09,6667.71,-0.6,-0.01%,0
"2025-10-22 13:45",6657.74,6668.56,6655.69,6668.31,10.48,+0.16%,0
"2025-10-22 13:30",6675.59,6679.18,6656.84,6657.83,-17.87,-0.27%,0
"2025-10-22 13:15",6683.59,6685.09,6669.11,6675.7,-8.1,-0.12%,0
"2025-10-22 13:00",6695.23,6697.27,6683.66,6683.8,-11.19,-0.17%,0
"2025-10-22 12:45",6692.76,6702.92,6686.86,6694.99,2.19,+0.03%,0
"2025-10-22 12:30",6698.52,6702.46,6662.73,6692.8,-5.66,-0.08%,0
"2025-10-22 12:15",6704.44,6709.28,6694.69,6698.46,-5.92,-0.09%,0
"2025-10-22 12:00",6712.27,6713.44,6701.1,6704.38,-7.74,-0.12%,0
"2025-10-22 11:45",6707.88,6719.62,6707.88,6712.12,4.17,+0.06%,0
"2025-10-22 11:30",6700.52,6709.99,6695.9,6707.95,7.32,+0.11%,0
"2025-10-22 11:15",6717.64,6719.71,6697.77,6700.63,-16.98,-0.25%,0
"2025-10-22 11:00",6722.96,6725.93,6714.26,6717.61,-5.31,-0.08%,0
"2025-10-22 10:45",6707.08,6723.16,6702.5,6722.92,15.95,+0.24%,0
"2025-10-22 10:30",6715.69,6718.93,6706.8,6706.97,-8.56,-0.13%,0
"2025-10-22 10:15",6729.08,6734.84,6714.86,6715.53,-13.53,-0.20%,0
"2025-10-22 10:00",6733.42,6738.04,6729.06,6729.06,-4.71,-0.07%,0
"2025-10-22 09:45",6740.42,6740.66,6732.31,6733.77,-6.47,-0.10%,0
"2025-10-22 09:30",6741.34,6741.75,6726.84,6740.24,4.89,+0.07%,0
"2025-10-21 16:45",6735.35,6735.35,6735.35,6735.35,0,0.00%,0
"2025-10-21 16:15",6735.35,6735.35,6735.35,6735.35,0,0.00%,0
"2025-10-21 16:00",6734.79,6735.35,6734.79,6735.35,0.59,+0.01%,0
"2025-10-21 15:45",6741.62,6745.69,6734.64,6734.76,-6.84,-0.10%,0
"2025-10-21 15:30",6741.28,6741.66,6739.51,6741.6,0.38,+0.01%,0
"2025-10-21 15:15",6742.83,6745.18,6740.79,6741.22,-1.62,-0.02%,0
"2025-10-21 15:00",6742.31,6743.12,6739.46,6742.84,0.43,+0.01%,0
"2025-10-21 14:45",6740.94,6743.95,6740.6,6742.41,1.44,+0.02%,0
"2025-10-21 14:30",6745.24,6746.56,6740.87,6740.97,-4.22,-0.06%,0
"2025-10-21 14:15",6745.36,6747.2,6740.46,6745.19,-0.22,0.00%,0
"2025-10-21 14:00",6744.53,6746.96,6744.29,6745.41,0.85,+0.01%,0
"2025-10-21 13:45",6740.1,6744.94,6739.55,6744.56,4.3,+0.06%,0
"2025-10-21 13:30",6738.07,6742.18,6735.09,6740.26,2.24,+0.03%,0
"2025-10-21 13:15",6743.66,6743.76,6733.46,6738.02,-5.6,-0.08%,0
"2025-10-21 13:00",6737.62,6743.92,6730.08,6743.62,6.02,+0.09%,0
"2025-10-21 12:45",6748.38,6752.16,6736.22,6737.6,-10.82,-0.16%,0
"2025-10-21 12:30",6748.68,6750.2,6746.72,6748.42,-0.19,0.00%,0
"2025-10-21 12:15",6747.37,6749,6744.09,6748.61,1.29,+0.02%,0
"2025-10-21 12:00",6744.98,6748.5,6744.1,6747.32,2.37,+0.04%,0
"2025-10-21 11:45",6741.41,6747.33,6741.32,6744.95,3.52,+0.05%,0
"2025-10-21 11:30",6741.11,6744.1,6736.57,6741.43,0.23,0.00%,0
"2025-10-21 11:15",6746.65,6746.65,6737.87,6741.2,-5.46,-0.08%,0
"2025-10-21 11:00",6748.41,6749.91,6744.2,6746.66,-1.82,-0.03%,0
"2025-10-21 10:45",6734.93,6748.68,6732.71,6748.48,13.56,+0.20%,0
"2025-10-21 10:30",6728.69,6739.41,6724.66,6734.92,6.23,+0.09%,0
"2025-10-21 10:15",6732.52,6740.86,6726.66,6728.69,-3.81,-0.06%,0
"2025-10-21 10:00",6727.98,6732.78,6722.03,6732.5,4.36,+0.06%,0
"2025-10-21 09:45",6733.68,6733.93,6724.43,6728.14,-5.74,-0.09%,0
"2025-10-21 09:30",6736.75,6741.27,6728.87,6733.88,-1.25,-0.02%,0
"2025-10-20 16:45",6735.13,6735.13,6735.13,6735.13,0,0.00%,0
"2025-10-20 16:15",6735.13,6735.13,6735.13,6735.13,0,0.00%,0
"2025-10-20 16:00",6735.02,6735.17,6735.02,6735.13,0.36,+0.01%,0
"2025-10-20 15:45",6736.98,6742.48,6734.3,6734.77,-2.18,-0.03%,0
"2025-10-20 15:30",6739.11,6740.54,6736.6,6736.95,-2.21,-0.03%,0
"2025-10-20 15:15",6739.02,6739.74,6734.33,6739.16,0.16,0.00%,0
"2025-10-20 15:00",6738.95,6741.97,6738.66,6739,0.01,0.00%,0
"2025-10-20 14:45",6738.04,6739.74,6734.48,6738.99,0.9,+0.01%,0
"2025-10-20 14:30",6740.52,6741.06,6737.44,6738.09,-2.49,-0.04%,0
"2025-10-20 14:15",6743.82,6744.26,6739.75,6740.58,-3.26,-0.05%,0
"2025-10-20 14:00",6739.98,6744.35,6739.76,6743.84,3.92,+0.06%,0
"2025-10-20 13:45",6742.23,6742.65,6738.94,6739.92,-2.28,-0.03%,0
"2025-10-20 13:30",6738.63,6743.09,6738.13,6742.2,3.45,+0.05%,0
"2025-10-20 13:15",6737.7,6742.25,6737.54,6738.75,1.05,+0.02%,0
"2025-10-20 13:00",6732.51,6738.77,6732.3,6737.7,5.1,+0.08%,0
"2025-10-20 12:45",6729.1,6732.74,6728.05,6732.6,3.47,+0.05%,0
"2025-10-20 12:30",6729.84,6731.19,6725.67,6729.13,-0.65,-0.01%,0
"2025-10-20 12:15",6725.17,6731.09,6724.35,6729.78,4.64,+0.07%,0
"2025-10-20 12:00",6727.79,6730.4,6724.23,6725.14,-2.32,-0.03%,0
"2025-10-20 11:45",6730.04,6734.99,6724.44,6727.46,-2.64,-0.04%,0
"2025-10-20 11:30",6731.03,6732.82,6728.2,6730.1,-0.67,-0.01%,0
"2025-10-20 11:15",6725.19,6732.86,6724.55,6730.77,5.6,+0.08%,0
"2025-10-20 11:00",6734.15,6734.77,6725.17,6725.17,-9.04,-0.13%,0
"2025-10-20 10:45",6730.22,6736.23,6730,6734.21,4.05,+0.06%,0
"2025-10-20 10:30",6725.17,6730.33,6720.52,6730.16,5.1,+0.08%,0
"2025-10-20 10:15",6718.14,6725.88,6713.21,6725.06,7.19,+0.11%,0
"2025-10-20 10:00",6710.07,6720.54,6710.07,6717.87,8.62,+0.13%,0
"2025-10-20 09:45",6709.57,6716.64,6708.06,6709.25,-0.35,-0.01%,0
"2025-10-20 09:30",6690.05,6713.08,6690.05,6709.6,45.59,+0.68%,0
"2025-10-17 16:45",6664.01,6664.01,6664.01,6664.01,0,0.00%,0
"2025-10-17 16:15",6664.01,6664.01,6664.01,6664.01,0,0.00%,0
"2025-10-17 16:00",6663.73,6664.03,6663.73,6664.01,1.1,+0.02%,0
"2025-10-17 15:45",6668.84,6670.41,6662.44,6662.91,-5.96,-0.09%,0
"2025-10-17 15:30",6673.19,6673.19,6664.75,6668.87,-4.4,-0.07%,0
"2025-10-17 15:15",6675.7,6678.88,6672.48,6673.27,-2.5,-0.04%,0
"2025-10-17 15:00",6665.73,6676.66,6665.73,6675.77,10.07,+0.15%,0
"2025-10-17 14:45",6664.42,6668.35,6663.06,6665.7,1.25,+0.02%,0
"2025-10-17 14:30",6668.88,6672.42,6663.76,6664.45,-4.39,-0.07%,0
"2025-10-17 14:15",6658.46,6671.62,6658.35,6668.84,10.33,+0.16%,0
"2025-10-17 14:00",6650.2,6661.57,6650.2,6658.51,8.28,+0.12%,0
"2025-10-17 13:45",6633.73,6651.75,6629.96,6650.23,16.53,+0.25%,0
"2025-10-17 13:30",6633.67,6646.21,6632.35,6633.7,0.05,0.00%,0
"2025-10-17 13:15",6637.91,6638.55,6628.36,6633.65,-4.21,-0.06%,0
"2025-10-17 13:00",6642.24,6642.54,6632.06,6637.86,-4.45,-0.07%,0
"2025-10-17 12:45",6644.6,6656.46,6635.35,6642.31,-2.2,-0.03%,0
"2025-10-17 12:30",6653.11,6657.61,6642.34,6644.51,-8.6,-0.13%,0
"2025-10-17 12:15",6648.64,6654.85,6644.64,6653.11,4.5,+0.07%,0
"2025-10-17 12:00",6638.69,6653.37,6638.69,6648.61,9.92,+0.15%,0
"2025-10-17 11:45",6626.76,6643.53,6624.68,6638.69,11.94,+0.18%,0
"2025-10-17 11:30",6615.09,6627.67,6603.81,6626.75,11.86,+0.18%,0
"2025-10-17 11:15",6614.25,6622.32,6607.27,6614.89,0.15,0.00%,0
"2025-10-17 11:00",6617.13,6637.98,6614.74,6614.74,-2.42,-0.04%,0
"2025-10-17 10:45",6626.58,6638.27,6615.42,6617.16,-9.47,-0.14%,0
"2025-10-17 10:30",6644.88,6645.64,6622.88,6626.63,-18.38,-0.28%,0
"2025-10-17 10:15",6652.46,6658.05,6638.92,6645.01,-7.54,-0.11%,0
"2025-10-17 10:00",6628.33,6653.79,6618.97,6652.55,23.25,+0.35%,0
"2025-10-17 09:45",6607.61,6646.45,6605.29,6629.3,21.97,+0.33%,0
"2025-10-17 09:30",6613.27,6633.14,6603.76,6607.33,-21.74,-0.33%,0
"2025-10-16 16:45",6629.07,6629.07,6629.07,6629.07,0,0.00%,0
"2025-10-16 16:15",6629.07,6629.07,6629.07,6629.07,0,0.00%,0
"2025-10-16 16:00",6628.73,6629.08,6628.73,6629.07,0.07,0.00%,0
"2025-10-16 15:45",6616.74,6633.86,6614.56,6629,12.23,+0.18%,0
"2025-10-16 15:30",6611.13,6617.24,6603.99,6616.77,5.64,+0.09%,0
"2025-10-16 15:15",6616.93,6618.27,6602.67,6611.13,-6.01,-0.09%,0
"2025-10-16 15:00",6626.93,6630.23,6616.84,6617.14,-9.77,-0.15%,0
"2025-10-16 14:45",6620.49,6627.8,6617.41,6626.91,6.43,+0.10%,0
"2025-10-16 14:30",6605.68,6624.27,6593.99,6620.48,14.69,+0.22%,0
"2025-10-16 14:15",6605.83,6614.8,6597,6605.79,-0.2,0.00%,0
"2025-10-16 14:00",6639.94,6640.77,6603.15,6605.99,-33.82,-0.51%,0
"2025-10-16 13:45",6641.89,6644.39,6633.98,6639.81,-2.07,-0.03%,0
"2025-10-16 13:30",6657.63,6661.54,6638.75,6641.88,-15.8,-0.24%,0
"2025-10-16 13:15",6649.38,6664.09,6646.15,6657.68,8.03,+0.12%,0
"2025-10-16 13:00",6656.05,6657.9,6636.57,6649.65,-6.41,-0.10%,0
"2025-10-16 12:45",6629.47,6656.38,6616.47,6656.06,26.69,+0.40%,0
"2025-10-16 12:30",6646.86,6646.89,6620.43,6629.37,-17.39,-0.26%,0
"2025-10-16 12:15",6669.36,6672.22,6645.9,6646.76,-22.5,-0.34%,0
"2025-10-16 12:00",6666.97,6672.72,6659.97,6669.26,2.45,+0.04%,0
"2025-10-16 11:45",6673.85,6676.33,6662.34,6666.81,-7.3,-0.11%,0
"2025-10-16 11:30",6680.67,6689.41,6670.72,6674.11,-6.66,-0.10%,0
"2025-10-16 11:15",6702.08,6702.59,6677.8,6680.77,-21.3,-0.32%,0
"2025-10-16 11:00",6693.57,6702.12,6689.13,6702.07,8.62,+0.13%,0
"2025-10-16 10:45",6707.4,6708.64,6692.39,6693.45,-14.17,-0.21%,0
"2025-10-16 10:30",6691.58,6709.34,6691.31,6707.62,16.02,+0.24%,0
"2025-10-16 10:15",6681.09,6697.72,6678.76,6691.6,10.52,+0.16%,0
"2025-10-16 10:00",6688.12,6692.62,6677.59,6681.08,-9.07,-0.14%,0
"2025-10-16 09:45",6695.6,6703.15,6683.7,6690.15,-5.31,-0.08%,0
"2025-10-16 09:30",6689.02,6697.74,6685.75,6695.46,24.4,+0.37%,0
"2025-10-15 16:30",6671.06,6671.06,6671.06,6671.06,0,0.00%,0
"2025-10-15 16:15",6671.06,6671.06,6671.06,6671.06,0,0.00%,0
"2025-10-15 16:00",6672.59,6672.59,6671.04,6671.06,-0.44,-0.01%,0
"2025-10-15 15:45",6669.64,6673.08,6654.7,6671.5,1.86,+0.03%,0
"2025-10-15 15:30",6676.16,6676.84,6661.72,6669.64,-6.51,-0.10%,0
"2025-10-15 15:15",6673.31,6679.81,6673.2,6676.15,2.84,+0.04%,0
"2025-10-15 15:00",6679.73,6680.32,6668.96,6673.31,-6.42,-0.10%,0
"2025-10-15 14:45",6672.43,6680.62,6669.93,6679.73,7.29,+0.11%,0
"2025-10-15 14:30",6665.41,6676.42,6664.55,6672.44,7.04,+0.11%,0
"2025-10-15 14:15",6665.92,6670.63,6665.09,6665.4,-0.61,-0.01%,0
"2025-10-15 14:00",6665.75,6667.59,6657.11,6666.01,0.26,0.00%,0
"2025-10-15 13:45",6651.83,6666.9,6651.74,6665.75,13.87,+0.21%,0
"2025-10-15 13:30",6630.71,6651.93,6630.01,6651.88,21.15,+0.32%,0
"2025-10-15 13:15",6621.45,6640.55,6612.11,6630.73,9,+0.14%,0
"2025-10-15 13:00",6663.4,6663.6,6621.23,6621.73,-41.74,-0.63%,0
"2025-10-15 12:45",6672.56,6672.67,6662.2,6663.47,-9.1,-0.14%,0
"2025-10-15 12:30",6678.74,6678.91,6670.83,6672.57,-6.09,-0.09%,0
"2025-10-15 12:15",6678.1,6686.17,6672.8,6678.66,0.31,0.00%,0
"2025-10-15 12:00",6674.49,6682.27,6671.94,6678.35,3.83,+0.06%,0
"2025-10-15 11:45",6677.59,6677.71,6661.6,6674.52,-3.04,-0.05%,0
"2025-10-15 11:30",6700.18,6700.99,6672.9,6677.56,-22.33,-0.33%,0
"2025-10-15 11:15",6704.75,6706.27,6698.82,6699.89,-4.82,-0.07%,0
"2025-10-15 11:00",6712.3,6714.12,6701.86,6704.71,-7.58,-0.11%,0
"2025-10-15 10:45",6713.86,6715.11,6708.72,6712.29,-1.33,-0.02%,0
"2025-10-15 10:30",6718.7,6721.41,6710.73,6713.62,-4.99,-0.07%,0
"2025-10-15 10:15",6717.47,6722.59,6714.42,6718.61,1.21,+0.02%,0
"2025-10-15 10:00",6705.37,6724.12,6705.37,6717.4,11.57,+0.17%,0
"2025-10-15 09:45",6693.47,6707.94,6683.95,6705.83,12.84,+0.19%,0
"2025-10-15 09:30",6688.27,6697.71,6686,6692.99,48.68,+0.73%,0
"2025-10-14 17:00",6644.31,6644.31,6644.31,6644.31,0,0.00%,0
"2025-10-14 16:15",6644.31,6644.31,6644.31,6644.31,0,0.00%,0
"2025-10-14 16:00",6644.47,6644.47,6644.31,6644.31,0.4,+0.01%,0
"2025-10-14 15:45",6631.21,6647.69,6626.41,6643.91,12.64,+0.19%,0
"2025-10-14 15:30",6670.99,6670.99,6628.44,6631.27,-39.67,-0.59%,0
"2025-10-14 15:15",6670.43,6675.78,6670.31,6670.94,0.49,+0.01%,0
"2025-10-14 15:00",6671.62,6676.26,6669.42,6670.45,-1.16,-0.02%,0
"2025-10-14 14:45",6669.83,6674.49,6669.24,6671.61,1.77,+0.03%,0
"2025-10-14 14:30",6674.15,6675.82,6667.85,6669.84,-4.32,-0.06%,0
"2025-10-14 14:15",6673.65,6676.02,6668.89,6674.16,0.43,+0.01%,0
"2025-10-14 14:00",6673.83,6676.24,6669.53,6673.73,-0.1,0.00%,0
"2025-10-14 13:45",6675.7,6680.7,6673.28,6673.83,-1.8,-0.03%,0
"2025-10-14 13:30",6675.67,6677.38,6666.56,6675.63,-0.01,0.00%,0
"2025-10-14 13:15",6672.09,6677.91,6669.2,6675.64,3.6,+0.05%,0
"2025-10-14 13:00",6666.64,6674.79,6659.89,6672.04,5.42,+0.08%,0
"2025-10-14 12:45",6668.8,6678.44,6666.62,6666.62,-2.28,-0.03%,0
"2025-10-14 12:30",6659.53,6669.9,6659.14,6668.9,9.46,+0.14%,0
"2025-10-14 12:15",6643.29,6661.28,6642.77,6659.44,16.25,+0.24%,0
"2025-10-14 12:00",6646.51,6648.27,6637.64,6643.19,-3.33,-0.05%,0
"2025-10-14 11:45",6635.97,6652.63,6635.97,6646.52,10.54,+0.16%,0
"2025-10-14 11:30",6619.4,6637.35,6619.28,6635.98,16.61,+0.25%,0
"2025-10-14 11:15",6623.94,6626.8,6618.42,6619.37,-4.67,-0.07%,0
"2025-10-14 11:00",6620.01,6633.36,6620.01,6624.04,4.04,+0.06%,0
"2025-10-14 10:45",6621.11,6625.2,6614.2,6620,-1.14,-0.02%,0
"2025-10-14 10:30",6621.02,6625.2,6613.75,6621.14,0.1,0.00%,0
"2025-10-14 10:15",6604.9,6621.69,6600.95,6621.04,16.25,+0.25%,0
"2025-10-14 10:00",6590.29,6604.95,6588.42,6604.79,13.97,+0.21%,0
"2025-10-14 09:45",6558.41,6591.21,6555.07,6590.82,32.51,+0.50%,0
"2025-10-14 09:30",6602.49,6602.49,6556.02,6558.31,-96.41,-1.45%,0
"2025-10-13 16:45",6654.72,6654.72,6654.72,6654.72,0,0.00%,0
"2025-10-13 16:15",6654.72,6654.72,6654.72,6654.72,0,0.00%,0
"2025-10-13 16:00",6653.89,6654.72,6653.89,6654.72,0.81,+0.01%,0
"2025-10-13 15:45",6657.06,6659.31,6651.64,6653.91,-3.18,-0.05%,0
"2025-10-13 15:30",6651.04,6658.02,6649.74,6657.09,6.03,+0.09%,0
"2025-10-13 15:15",6644.6,6656.06,6643.95,6651.06,6.46,+0.10%,0
"2025-10-13 15:00",6643.5,6649.65,6640.27,6644.6,1.16,+0.02%,0
"2025-10-13 14:45",6653.78,6653.84,6641.92,6643.44,-10.28,-0.15%,0
"2025-10-13 14:30",6662.89,6665.79,6650.83,6653.72,-9.1,-0.14%,0
"2025-10-13 14:15",6657.27,6663.29,6657.27,6662.82,5.55,+0.08%,0
"2025-10-13 14:00",6655.5,6660.05,6654.77,6657.27,1.93,+0.03%,0
"2025-10-13 13:45",6650.4,6655.34,6647.09,6655.34,5.06,+0.08%,0
"2025-10-13 13:30",6654.37,6656.02,6650.01,6650.28,-4.1,-0.06%,0
"2025-10-13 13:15",6658.28,6660.04,6652.89,6654.38,-3.9,-0.06%,0
"2025-10-13 13:00",6665.42,6668.68,6657.24,6658.28,-7.13,-0.11%,0
"2025-10-13 12:45",6655.73,6666.14,6653.62,6665.41,9.67,+0.15%,0
"2025-10-13 12:30",6657.64,6661.86,6653.46,6655.74,-1.73,-0.03%,0
"2025-10-13 12:15",6656.8,6661.2,6650.84,6657.47,0.68,+0.01%,0
"2025-10-13 12:00",6652.86,6657.23,6650.26,6656.79,3.96,+0.06%,0
"2025-10-13 11:45",6645.99,6654.09,6645.99,6652.83,6.75,+0.10%,0
"2025-10-13 11:30",6649.65,6653.92,6645.46,6646.08,-3.49,-0.05%,0
"2025-10-13 11:15",6638.09,6651.59,6637.52,6649.57,11.54,+0.17%,0
"2025-10-13 11:00",6625.09,6638.96,6621.17,6638.03,12.96,+0.20%,0
"2025-10-13 10:45",6638.45,6641.21,6622.49,6625.07,-13.29,-0.20%,0
"2025-10-13 10:30",6631.82,6647.64,6625.76,6638.36,6.62,+0.10%,0
"2025-10-13 10:15",6645.2,6650.17,6624.47,6631.74,-13.54,-0.20%,0
"2025-10-13 10:00",6651.42,6654.88,6642.94,6645.28,-6.4,-0.10%,0
"2025-10-13 09:45",6634.09,6652.54,6627.17,6651.68,17.59,+0.27%,0
"2025-10-13 09:30",6622.53,6639.35,6620.71,6634.09,81.58,+1.25%,0
"2025-10-10 17:00",6552.51,6552.51,6552.51,6552.51,0,0.00%,0
"2025-10-10 16:15",6552.51,6552.51,6552.51,6552.51,0,0.00%,0
"2025-10-10 16:00",6552.6,6552.77,6552.5,6552.51,-0.29,0.00%,0
"2025-10-10 15:45",6582.4,6589.77,6550.78,6552.8,-29.45,-0.45%,0
"2025-10-10 15:30",6581.85,6585.17,6563.62,6582.25,0.48,+0.01%,0
"2025-10-10 15:15",6588.07,6594.37,6578.05,6581.77,-6.32,-0.10%,0
"2025-10-10 15:00",6594.57,6603.96,6585.53,6588.09,-6.4,-0.10%,0
"2025-10-10 14:45",6601.77,6607.01,6590.79,6594.49,-7.24,-0.11%,0
"2025-10-10 14:30",6613.92,6616.73,6601.73,6601.73,-12.17,-0.18%,0
"2025-10-10 14:15",6617.42,6623.11,6610.29,6613.9,-3.57,-0.05%,0
"2025-10-10 14:00",6618.3,6618.96,6609.31,6617.47,-0.88,-0.01%,0
"2025-10-10 13:45",6621.1,6621.74,6610.86,6618.35,-2.61,-0.04%,0
"2025-10-10 13:30",6620.05,6630.91,6616.65,6620.96,0.85,+0.01%,0
"2025-10-10 13:15",6603.24,6621.02,6602.59,6620.11,16.84,+0.26%,0
"2025-10-10 13:00",6613.68,6616.99,6600.37,6603.27,-10.58,-0.16%,0
"2025-10-10 12:45",6630.14,6633.36,6611.51,6613.85,-16.22,-0.24%,0
"2025-10-10 12:30",6638.46,6648.8,6628.01,6630.07,-8.3,-0.13%,0
"2025-10-10 12:15",6641.81,6648.33,6628.29,6638.37,-3.5,-0.05%,0
"2025-10-10 12:00",6640.67,6642.89,6625.7,6641.87,1.13,+0.02%,0
"2025-10-10 11:45",6652.34,6662,6631.32,6640.74,-11.9,-0.18%,0
"2025-10-10 11:30",6646.48,6652.64,6618.1,6652.64,5.93,+0.09%,0
"2025-10-10 11:15",6698.79,6701.87,6643.72,6646.71,-52.2,-0.78%,0
"2025-10-10 11:00",6713.45,6713.45,6675.14,6698.91,-13.95,-0.21%,0
"2025-10-10 10:45",6748.01,6753.38,6702.26,6712.86,-34.88,-0.52%,0
"2025-10-10 10:30",6748.34,6750.93,6744.19,6747.74,-0.52,-0.01%,0
"2025-10-10 10:15",6747.66,6753.49,6740.93,6748.26,0.65,+0.01%,0
"2025-10-10 10:00",6752.15,6755.06,6745,6747.61,-6.07,-0.09%,0
"2025-10-10 09:45",6758.68,6762.4,6747.73,6753.68,-4.83,-0.07%,0
"2025-10-10 09:30",6740.49,6758.97,6740.49,6758.51,23.4,+0.35%,0
"2025-10-09 16:45",6735.11,6735.11,6735.11,6735.11,0,0.00%,0
"2025-10-09 16:15",6735.11,6735.11,6735.11,6735.11,0,0.00%,0
"2025-10-09 16:00",6735.22,6735.22,6735.1,6735.11,0.2,0.00%,0
"2025-10-09 15:45",6733.1,6736.45,6730.12,6734.91,1.82,+0.03%,0
"2025-10-09 15:30",6729.1,6733.19,6728.4,6733.09,3.97,+0.06%,0
"2025-10-09 15:15",6726.27,6730.49,6723.94,6729.12,2.88,+0.04%,0
"2025-10-09 15:00",6723.11,6728.35,6722.22,6726.24,3.12,+0.05%,0
"2025-10-09 14:45",6721.67,6724.5,6719.17,6723.12,1.45,+0.02%,0
"2025-10-09 14:30",6722.07,6723.25,6719.65,6721.67,-0.41,-0.01%,0
"2025-10-09 14:15",6721.78,6727.22,6721.07,6722.08,0.31,0.00%,0
"2025-10-09 14:00",6726.16,6726.37,6717.59,6721.77,-4.46,-0.07%,0
"2025-10-09 13:45",6723.64,6727.34,6722.33,6726.23,2.6,+0.04%,0
"2025-10-09 13:30",6718.45,6727.22,6716.17,6723.63,5.17,+0.08%,0
"2025-10-09 13:15",6722.26,6724.24,6717.52,6718.46,-3.8,-0.06%,0
"2025-10-09 13:00",6721.49,6726.79,6718.66,6722.26,0.82,+0.01%,0
"2025-10-09 12:45",6730.03,6734.77,6720.41,6721.44,-8.49,-0.13%,0
"2025-10-09 12:30",6733.72,6734.86,6725.99,6729.93,-3.8,-0.06%,0
"2025-10-09 12:15",6735.82,6737.75,6729.85,6733.73,-2.28,-0.03%,0
"2025-10-09 12:00",6737.37,6739.78,6735.24,6736.01,-1.42,-0.02%,0
"2025-10-09 11:45",6728.02,6738.72,6728.01,6737.43,9.42,+0.14%,0
"2025-10-09 11:30",6731.49,6731.99,6724.47,6728.01,-3.56,-0.05%,0
"2025-10-09 11:15",6739.29,6742.64,6730.64,6731.57,-7.72,-0.11%,0
"2025-10-09 11:00",6737.16,6740.26,6736.07,6739.29,2.26,+0.03%,0
"2025-10-09 10:45",6726.51,6738.58,6723.74,6737.03,10.44,+0.16%,0
"2025-10-09 10:30",6735.91,6735.91,6726.17,6726.59,-9.3,-0.14%,0
"2025-10-09 10:15",6743.99,6744.2,6735.18,6735.89,-8.23,-0.12%,0
"2025-10-09 10:00",6742.29,6745.87,6737.92,6744.12,0.84,+0.01%,0
"2025-10-09 09:45",6750.78,6754.5,6739.38,6743.28,-7.45,-0.11%,0
"2025-10-09 09:30",6760.5,6764.58,6750.43,6750.73,-2.99,-0.04%,0
"2025-10-08 16:45",6753.72,6753.72,6753.72,6753.72,0,0.00%,0
"2025-10-08 16:15",6753.72,6753.72,6753.72,6753.72,0,0.00%,0
"2025-10-08 16:00",6754.09,6754.17,6753.72,6753.72,0.14,0.00%,0
"2025-10-08 15:45",6751.15,6755.64,6750.65,6753.58,2.34,+0.03%,0
"2025-10-08 15:30",6753.11,6753.61,6750.51,6751.24,-1.89,-0.03%,0
"2025-10-08 15:15",6750.55,6753.96,6750.2,6753.13,2.59,+0.04%,0
"2025-10-08 15:00",6746.39,6750.54,6745.56,6750.54,3.99,+0.06%,0
"2025-10-08 14:45",6748.37,6748.53,6745.77,6746.55,-1.82,-0.03%,0
"2025-10-08 14:30",6752.24,6752.77,6748.35,6748.37,-3.81,-0.06%,0
"2025-10-08 14:15",6753.66,6755.31,6751.92,6752.18,-1.5,-0.02%,0
"2025-10-08 14:00",6750.98,6755.2,6749.44,6753.68,2.65,+0.04%,0
"2025-10-08 13:45",6750.56,6754,6749.67,6751.03,0.44,+0.01%,0
"2025-10-08 13:30",6753.36,6754.15,6750.29,6750.59,-2.71,-0.04%,0
"2025-10-08 13:15",6751.29,6754.22,6751.02,6753.3,2.06,+0.03%,0
"2025-10-08 13:00",6750.98,6752.12,6748.8,6751.24,0.27,0.00%,0
"2025-10-08 12:45",6749.5,6750.98,6746.35,6750.97,1.57,+0.02%,0
"2025-10-08 12:30",6750.43,6751.65,6748.58,6749.4,-1.04,-0.02%,0
"2025-10-08 12:15",6753.85,6754.91,6749.41,6750.44,-3.46,-0.05%,0
"2025-10-08 12:00",6752.29,6754.07,6750.8,6753.9,1.79,+0.03%,0
"2025-10-08 11:45",6749.28,6754.01,6749.28,6752.11,2.87,+0.04%,0
"2025-10-08 11:30",6749.45,6750.42,6747.63,6749.24,-0.18,0.00%,0
"2025-10-08 11:15",6744.94,6751.09,6744.1,6749.42,4.46,+0.07%,0
"2025-10-08 11:00",6741.45,6745.96,6741.05,6744.96,3.55,+0.05%,0
"2025-10-08 10:45",6740.61,6742.39,6737.28,6741.41,0.73,+0.01%,0
"2025-10-08 10:30",6742.58,6745.43,6739.82,6740.68,-1.81,-0.03%,0
"2025-10-08 10:15",6740.79,6742.77,6735.32,6742.49,1.67,+0.02%,0
"2025-10-08 10:00",6726.55,6742.77,6726.3,6740.82,14.28,+0.21%,0
"2025-10-08 09:45",6720.98,6729.31,6720.98,6726.54,5.71,+0.08%,0
"2025-10-08 09:30",6723.87,6730.16,6718.09,6720.83,6.24,+0.09%,0
"2025-10-07 16:45",6714.59,6714.59,6714.59,6714.59,0,0.00%,0
"2025-10-07 16:15",6714.59,6714.59,6714.59,6714.59,0,0.00%,0
"2025-10-07 16:00",6714.23,6714.65,6714.23,6714.59,0.31,0.00%,0
"2025-10-07 15:45",6716.67,6717.55,6711.46,6714.28,-2.35,-0.03%,0
"2025-10-07 15:30",6709.7,6716.63,6709.25,6716.63,6.93,+0.10%,0
"2025-10-07 15:15",6710.95,6711.93,6709.1,6709.7,-1.37,-0.02%,0
"2025-10-07 15:00",6714.4,6715.16,6709.68,6711.07,-3.28,-0.05%,0
"2025-10-07 14:45",6712.12,6714.54,6710.75,6714.35,2.19,+0.03%,0
"2025-10-07 14:30",6709.8,6713.55,6709.12,6712.16,2.51,+0.04%,0
"2025-10-07 14:15",6710.05,6712.21,6707.51,6709.65,-0.32,0.00%,0
"2025-10-07 14:00",6707.21,6712.91,6702.18,6709.97,2.78,+0.04%,0
"2025-10-07 13:45",6712.79,6715.92,6707.06,6707.19,-5.57,-0.08%,0
"2025-10-07 13:30",6713.44,6713.44,6707.7,6712.76,-0.71,-0.01%,0
"2025-10-07 13:15",6715.07,6716.46,6711.53,6713.47,-1.62,-0.02%,0
"2025-10-07 13:00",6707.23,6717.38,6706.18,6715.09,7.87,+0.12%,0
"2025-10-07 12:45",6715.42,6715.9,6705.68,6707.22,-8.11,-0.12%,0
"2025-10-07 12:30",6707.73,6719.21,6707.58,6715.33,7.55,+0.11%,0
"2025-10-07 12:15",6702.77,6711.64,6700.43,6707.78,4.91,+0.07%,0
"2025-10-07 12:00",6706.25,6711.66,6702.34,6702.87,-3.23,-0.05%,0
"2025-10-07 11:45",6708.83,6709.13,6699.96,6706.1,-2.72,-0.04%,0
"2025-10-07 11:30",6715.61,6716.78,6703.29,6708.82,-6.78,-0.10%,0
"2025-10-07 11:15",6718.98,6723.86,6713.37,6715.6,-3.56,-0.05%,0
"2025-10-07 11:00",6732.71,6733.83,6710.96,6719.16,-13.52,-0.20%,0
"2025-10-07 10:45",6733.88,6736.2,6729.87,6732.68,-1.17,-0.02%,0
"2025-10-07 10:30",6736.74,6739.96,6731.86,6733.85,-2.84,-0.04%,0
"2025-10-07 10:15",6742.78,6745.15,6736.46,6736.69,-6.28,-0.09%,0
"2025-10-07 10:00",6745.76,6747.28,6740.61,6742.97,-2.27,-0.03%,0
"2025-10-07 09:45",6749.49,6750.12,6743.85,6745.24,-4.28,-0.06%,0
"2025-10-07 09:30",6746.14,6754.49,6746.14,6749.52,9.24,+0.14%,0
"2025-10-06 16:45",6740.28,6740.28,6740.28,6740.28,0,0.00%,0
"2025-10-06 16:15",6740.28,6740.28,6740.28,6740.28,0,0.00%,0
"2025-10-06 16:00",6740.27,6740.35,6740.27,6740.28,-0.01,0.00%,0
"2025-10-06 15:45",6742.61,6745.08,6739.62,6740.29,-2.5,-0.04%,0
"2025-10-06 15:30",6741.39,6743.41,6740.24,6742.79,1.35,+0.02%,0
"2025-10-06 15:15",6744.48,6744.66,6740.45,6741.44,-2.98,-0.04%,0
"2025-10-06 15:00",6745.56,6745.93,6743.57,6744.42,-1.09,-0.02%,0
"2025-10-06 14:45",6745.96,6747.65,6744.3,6745.51,-0.4,-0.01%,0
"2025-10-06 14:30",6746.81,6749.52,6745.14,6745.91,-0.84,-0.01%,0
"2025-10-06 14:15",6746.25,6748.35,6745.31,6746.75,0.41,+0.01%,0
"2025-10-06 14:00",6747.49,6749.04,6745.16,6746.34,-1.36,-0.02%,0
"2025-10-06 13:45",6742.31,6748.18,6742.31,6747.7,5.22,+0.08%,0
"2025-10-06 13:30",6745.02,6746.54,6742.27,6742.48,-2.54,-0.04%,0
"2025-10-06 13:15",6739.8,6747.63,6737.51,6745.02,5.05,+0.07%,0
"2025-10-06 13:00",6741.42,6741.94,6737.52,6739.97,-1.42,-0.02%,0
"2025-10-06 12:45",6739.55,6742.23,6739.5,6741.39,1.99,+0.03%,0
"2025-10-06 12:30",6742.42,6742.55,6738.13,6739.4,-3.07,-0.05%,0
"2025-10-06 12:15",6738.19,6742.84,6737.61,6742.47,4.26,+0.06%,0
"2025-10-06 12:00",6742.83,6743.37,6737.21,6738.21,-4.55,-0.07%,0
"2025-10-06 11:45",6738.16,6743.61,6738.16,6742.76,4.58,+0.07%,0
"2025-10-06 11:30",6735.51,6738.58,6734.92,6738.18,2.79,+0.04%,0
"2025-10-06 11:15",6733.48,6737.99,6733.27,6735.39,1.92,+0.03%,0
"2025-10-06 11:00",6731.46,6735.79,6730.82,6733.47,2.14,+0.03%,0
"2025-10-06 10:45",6729.39,6732.47,6727.03,6731.33,2.15,+0.03%,0
"2025-10-06 10:30",6728.94,6732.62,6725.85,6729.18,0.19,0.00%,0
"2025-10-06 10:15",6726.97,6731,6725.81,6728.99,2.19,+0.03%,0
"2025-10-06 10:00",6723.21,6727.15,6717.78,6726.8,3.69,+0.05%,0
"2025-10-06 09:45",6726.48,6731.76,6722.52,6723.11,-3.06,-0.05%,0
"2025-10-06 09:30",6733.86,6738.75,6723.48,6726.17,10.38,+0.15%,0
"2025-10-03 17:00",6715.79,6715.79,6715.79,6715.79,0,0.00%,0
"2025-10-03 16:15",6715.79,6715.79,6715.79,6715.79,0,0.00%,0
"2025-10-03 16:00",6715.82,6715.93,6715.78,6715.79,-0.07,0.00%,0
"2025-10-03 15:45",6722.46,6724.43,6712.67,6715.86,-6.5,-0.10%,0
"2025-10-03 15:30",6720.57,6726.2,6719.4,6722.36,1.73,+0.03%,0
"2025-10-03 15:15",6722.82,6723.94,6719.16,6720.63,-2.18,-0.03%,0
"2025-10-03 15:00",6722.82,6726.75,6720.86,6722.81,-0.02,0.00%,0
"2025-10-03 14:45",6723.48,6723.71,6717.4,6722.83,-0.66,-0.01%,0
"2025-10-03 14:30",6729.76,6730.79,6721.03,6723.49,-6.25,-0.09%,0
"2025-10-03 14:15",6717.13,6731.18,6716.88,6729.74,12.54,+0.19%,0
"2025-10-03 14:00",6716.17,6719.49,6706.87,6717.2,0.98,+0.01%,0
"2025-10-03 13:45",6724.18,6725,6705.67,6716.22,-7.95,-0.12%,0
"2025-10-03 13:30",6728.09,6733.59,6723.63,6724.17,-3.97,-0.06%,0
"2025-10-03 13:15",6738.89,6738.89,6727.92,6728.14,-10.69,-0.16%,0
"2025-10-03 13:00",6746.56,6746.56,6728.29,6738.83,-7.77,-0.12%,0
"2025-10-03 12:45",6747.02,6748.24,6744.3,6746.6,-0.24,0.00%,0
"2025-10-03 12:30",6748.81,6749.44,6746.07,6746.84,-2.04,-0.03%,0
"2025-10-03 12:15",6749.4,6750.87,6746.55,6748.88,-0.47,-0.01%,0
"2025-10-03 12:00",6749.14,6750.85,6747.44,6749.35,0.13,0.00%,0
"2025-10-03 11:45",6741.57,6750.35,6740.42,6749.22,7.79,+0.12%,0
"2025-10-03 11:30",6742.28,6744.1,6738.03,6741.43,-0.85,-0.01%,0
"2025-10-03 11:15",6742.44,6743.94,6740.12,6742.28,-0.1,0.00%,0
"2025-10-03 11:00",6746,6746,6740.49,6742.38,-3.65,-0.05%,0
"2025-10-03 10:45",6745.2,6747.51,6743.16,6746.03,0.84,+0.01%,0
"2025-10-03 10:30",6738.19,6747.18,6737.62,6745.19,6.92,+0.10%,0
"2025-10-03 10:15",6731.06,6739.87,6730.98,6738.27,7.2,+0.11%,0
"2025-10-03 10:00",6731.63,6733.18,6724.5,6731.07,-1.35,-0.02%,0
"2025-10-03 09:45",6733.11,6740.68,6730.84,6732.42,-0.71,-0.01%,0
"2025-10-03 09:30",6722.14,6738.26,6722.14,6733.13,17.78,+0.26%,0
"2025-10-02 17:00",6715.35,6715.35,6715.35,6715.35,0,0.00%,0
"2025-10-02 16:15",6715.35,6715.35,6715.35,6715.35,0,0.00%,0
"2025-10-02 16:00",6715.58,6715.76,6715.35,6715.35,-0.45,-0.01%,0
"2025-10-02 15:45",6716.88,6718.19,6712.82,6715.8,-1.13,-0.02%,0
"2025-10-02 15:30",6720.1,6720.15,6714.65,6716.93,-3.16,-0.05%,0
"2025-10-02 15:15",6719.75,6721.23,6717.86,6720.09,0.29,0.00%,0
"2025-10-02 15:00",6719.29,6721.7,6718.87,6719.8,0.48,+0.01%,0
"2025-10-02 14:45",6720.67,6721.09,6717.94,6719.32,-1.37,-0.02%,0
"2025-10-02 14:30",6721.48,6722.68,6719.27,6720.69,-0.77,-0.01%,0
"2025-10-02 14:15",6719.41,6722.03,6718.88,6721.46,2.14,+0.03%,0
"2025-10-02 14:00",6714.51,6720.41,6714.05,6719.32,4.89,+0.07%,0
"2025-10-02 13:45",6713.42,6715.02,6711.7,6714.43,1.02,+0.02%,0
"2025-10-02 13:30",6710.35,6715.8,6708.9,6713.41,3,+0.04%,0
"2025-10-02 13:15",6709.96,6711.79,6707.59,6710.41,0.39,+0.01%,0
"2025-10-02 13:00",6709.6,6710.1,6704.98,6710.02,0.42,+0.01%,0
"2025-10-02 12:45",6703.95,6710.79,6703.84,6709.6,5.64,+0.08%,0
"2025-10-02 12:30",6706.63,6708.11,6700.91,6703.96,-2.76,-0.04%,0
"2025-10-02 12:15",6705.12,6707.52,6703.82,6706.72,1.66,+0.02%,0
"2025-10-02 12:00",6708.23,6708.23,6701.53,6705.06,-3.22,-0.05%,0
"2025-10-02 11:45",6698.3,6708.97,6697.11,6708.28,9.86,+0.15%,0
"2025-10-02 11:30",6701.51,6701.81,6693.23,6698.42,-3.09,-0.05%,0
"2025-10-02 11:15",6699.32,6704.25,6697.2,6701.51,2.25,+0.03%,0
"2025-10-02 11:00",6700.49,6706.01,6695.07,6699.26,-1.15,-0.02%,0
"2025-10-02 10:45",6707.88,6708.42,6699.99,6700.41,-7.52,-0.11%,0
"2025-10-02 10:30",6711.62,6714.67,6706.9,6707.93,-3.62,-0.05%,0
"2025-10-02 10:15",6711.59,6714.34,6707.76,6711.55,-0.02,0.00%,0
"2025-10-02 10:00",6720.48,6720.48,6709.61,6711.57,-7.85,-0.12%,0
"2025-10-02 09:45",6714.9,6721.16,6711.76,6719.42,4.34,+0.06%,0
"2025-10-02 09:30",6731.31,6731.94,6713.66,6715.08,3.88,+0.06%,0
"2025-10-01 16:45",6711.2,6711.2,6711.2,6711.2,0,0.00%,0
"2025-10-01 16:15",6711.2,6711.2,6711.2,6711.2,0,0.00%,0
"2025-10-01 16:00",6710.62,6711.22,6710.62,6711.2,0.28,0.00%,0
"2025-10-01 15:45",6712.8,6715.98,6710.71,6710.92,-1.88,-0.03%,0
"2025-10-01 15:30",6715.69,6717.54,6712.8,6712.8,-2.92,-0.04%,0
"2025-10-01 15:15",6715.76,6716.47,6712,6715.72,0.13,0.00%,0
"2025-10-01 15:00",6716.05,6718.48,6713.87,6715.59,-0.49,-0.01%,0
"2025-10-01 14:45",6716.58,6718.21,6715.35,6716.08,-0.49,-0.01%,0
"2025-10-01 14:30",6712.64,6717.32,6712.37,6716.57,3.93,+0.06%,0
"2025-10-01 14:15",6711.03,6714.1,6710.54,6712.64,1.55,+0.02%,0
"2025-10-01 14:00",6704.67,6711.51,6704.23,6711.09,6.28,+0.09%,0
"2025-10-01 13:45",6702.94,6704.95,6701.2,6704.81,1.89,+0.03%,0
"2025-10-01 13:30",6704.51,6704.91,6701.4,6702.92,-1.51,-0.02%,0
"2025-10-01 13:15",6698.73,6705.82,6698.6,6704.43,5.72,+0.09%,0
"2025-10-01 13:00",6694.51,6700.4,6693.68,6698.71,4.12,+0.06%,0
"2025-10-01 12:45",6692.15,6694.6,6690.06,6694.59,2.38,+0.04%,0
"2025-10-01 12:30",6694.6,6695.99,6691.69,6692.21,-2.48,-0.04%,0
"2025-10-01 12:15",6695.58,6697.1,6691.66,6694.69,-0.85,-0.01%,0
"2025-10-01 12:00",6695.63,6697.12,6693.96,6695.54,-0.06,0.00%,0
"2025-10-01 11:45",6695.05,6697.18,6694.86,6695.6,0.6,+0.01%,0
"2025-10-01 11:30",6688.5,6695.47,6688.38,6695,6.43,+0.10%,0
"2025-10-01 11:15",6686.75,6689.65,6683.52,6688.57,1.82,+0.03%,0
"2025-10-01 11:00",6683.35,6688.23,6682.66,6686.75,3.41,+0.05%,0
"2025-10-01 10:45",6680.29,6683.9,6678.72,6683.34,3.11,+0.05%,0
"2025-10-01 10:30",6680.72,6685.52,6678.49,6680.23,-0.58,-0.01%,0
"2025-10-01 10:15",6671.73,6682.63,6671.24,6680.81,9.2,+0.14%,0
"2025-10-01 10:00",6662.08,6672.31,6659.85,6671.61,9.26,+0.14%,0
"2025-10-01 09:45",6678.08,6678.09,6656.2,6662.35,-15.76,-0.24%,0
"2025-10-01 09:30",6664.92,6678.93,6658.19,6678.11,-10.35,-0.15%,0
"2025-09-30 16:45",6688.46,6688.46,6688.46,6688.46,0,0.00%,0
"2025-09-30 16:15",6688.46,6688.46,6688.46,6688.46,0,0.00%,0
"2025-09-30 16:00",6687.65,6688.46,6687.65,6688.46,1.4,+0.02%,0
"2025-09-30 15:45",6675.07,6691.25,6675.07,6687.06,12.11,+0.18%,0
"2025-09-30 15:30",6678.81,6682.1,6673.76,6674.95,-3.86,-0.06%,0
"2025-09-30 15:15",6671.39,6679.97,6669.88,6678.81,7.44,+0.11%,0
"2025-09-30 15:00",6669.15,6673.42,6669.02,6671.37,2.19,+0.03%,0
"2025-09-30 14:45",6667.96,6670.97,6667.1,6669.18,1.12,+0.02%,0
"2025-09-30 14:30",6664,6668.13,6661.59,6668.06,4.11,+0.06%,0
"2025-09-30 14:15",6661.82,6665.01,6660.35,6663.95,2.15,+0.03%,0
"2025-09-30 14:00",6649.9,6662.42,6649.24,6661.8,11.96,+0.18%,0
"2025-09-30 13:45",6646.67,6655.46,6646.65,6649.84,3.15,+0.05%,0
"2025-09-30 13:30",6645.93,6648.35,6642.89,6646.69,0.72,+0.01%,0
"2025-09-30 13:15",6648.91,6650.41,6642.71,6645.97,-2.93,-0.04%,0
"2025-09-30 13:00",6653.25,6653.68,6646.19,6648.9,-4.31,-0.06%,0
"2025-09-30 12:45",6661.3,6661.38,6651.36,6653.21,-8.,-0.12%,0
"2025-09-30 12:30",6658.75,6661.28,6657.97,6661.21,2.51,+0.04%,0
"2025-09-30 12:15",6652.72,6665.15,6652.14,6658.7,5.95,+0.09%,0
"2025-09-30 12:00",6655.17,6656.42,6651.5,6652.75,-2.42,-0.04%,0
"2025-09-30 11:45",6645.37,6656.72,6645.37,6655.17,9.88,+0.15%,0
"2025-09-30 11:30",6646.76,6651.33,6643.98,6645.29,-1.47,-0.02%,0
"2025-09-30 11:15",6653.43,6654.35,6641,6646.76,-6.74,-0.10%,0
"2025-09-30 11:00",6657.18,6660.53,6653.39,6653.5,-3.6,-0.05%,0
"2025-09-30 10:45",6648.27,6658.22,6648.27,6657.1,8.79,+0.13%,0
"2025-09-30 10:30",6653.26,6657.31,6641.73,6648.31,-4.87,-0.07%,0
"2025-09-30 10:15",6651.87,6658.6,6651.17,6653.18,1.33,+0.02%,0
"2025-09-30 10:00",6657.92,6661.57,6647.58,6651.85,-6.08,-0.09%,0
"2025-09-30 09:45",6655.97,6658.21,6644.99,6657.93,2.04,+0.03%,0
"2025-09-30 09:30",6656.19,6658.07,6646.46,6655.89,-5.32,-0.08%,0
"2025-09-29 16:45",6661.21,6661.21,6661.21,6661.21,0,0.00%,0
"2025-09-29 16:15",6661.21,6661.21,6661.21,6661.21,0,0.00%,0
"2025-09-29 16:00",6661.22,6661.41,6661.21,6661.21,-0.5,-0.01%,0
"2025-09-29 15:45",6657.97,6663.21,6656.7,6661.71,3.73,+0.06%,0
"2025-09-29 15:30",6651.5,6659.39,6651.48,6657.98,6.62,+0.10%,0
"2025-09-29 15:15",6650.51,6653.67,6644.49,6651.36,0.88,+0.01%,0
"2025-09-29 15:00",6658.75,6658.81,6649.96,6650.48,-8.21,-0.12%,0
"2025-09-29 14:45",6658.26,6660.33,6657.58,6658.69,0.41,+0.01%,0
"2025-09-29 14:30",6660.44,6661.25,6656.5,6658.28,-2.12,-0.03%,0
"2025-09-29 14:15",6658.23,6661.36,6657.73,6660.4,2.16,+0.03%,0
"2025-09-29 14:00",6655.08,6658.54,6654.53,6658.24,3.2,+0.05%,0
"2025-09-29 13:45",6651.11,6656.08,6650.58,6655.04,3.81,+0.06%,0
"2025-09-29 13:30",6650.93,6652.11,6647.93,6651.23,0.33,0.00%,0
"2025-09-29 13:15",6650.91,6653.7,6649.36,6650.9,-0.03,0.00%,0
"2025-09-29 13:00",6656.08,6656.21,6649.36,6650.93,-5.14,-0.08%,0
"2025-09-29 12:45",6656.7,6658.05,6654.16,6656.07,-0.68,-0.01%,0
"2025-09-29 12:30",6660.21,6662.42,6656.6,6656.75,-3.47,-0.05%,0
"2025-09-29 12:15",6662.69,6663.03,6656.18,6660.22,-2.43,-0.04%,0
"2025-09-29 12:00",6657.99,6663.31,6654.76,6662.65,4.8,+0.07%,0
"2025-09-29 11:45",6661,6661.18,6653.89,6657.85,-3.2,-0.05%,0
"2025-09-29 11:30",6661.45,6662.3,6655.6,6661.05,-0.43,-0.01%,0
"2025-09-29 11:15",6663.17,6665.3,6658.32,6661.48,-1.8,-0.03%,0
"2025-09-29 11:00",6670.17,6671.69,6663.02,6663.28,-7.,-0.10%,0
"2025-09-29 10:45",6675.88,6677.27,6668.82,6670.28,-5.54,-0.08%,0
"2025-09-29 10:30",6673.16,6676.23,6670.83,6675.82,2.69,+0.04%,0
"2025-09-29 10:15",6672.15,6675.26,6665.73,6673.13,0.88,+0.01%,0
"2025-09-29 10:00",6670.92,6677.31,6666.52,6672.25,1.16,+0.02%,0
"2025-09-29 09:45",6668.85,6672.23,6666.15,6671.09,2.17,+0.03%,0
"2025-09-29 09:30",6661.58,6671.9,6661.58,6668.92,25.22,+0.38%,0
"2025-09-26 16:45",6643.7,6643.7,6643.7,6643.7,0,0.00%,0
"2025-09-26 16:15",6643.7,6643.7,6643.7,6643.7,0,0.00%,0
"2025-09-26 16:00",6643.67,6643.75,6643.67,6643.7,0.16,0.00%,0
"2025-09-26 15:45",6639.86,6644.79,6637.28,6643.54,3.63,+0.05%,0
"2025-09-26 15:30",6641.84,6642.16,6639.38,6639.91,-1.92,-0.03%,0
"2025-09-26 15:15",6640.42,6644.18,6639.04,6641.83,1.42,+0.02%,0
"2025-09-26 15:00",6644.38,6645.25,6640.14,6640.41,-3.98,-0.06%,0
"2025-09-26 14:45",6644.38,6645.25,6640.76,6644.39,-0.03,0.00%,0
"2025-09-26 14:30",6642.89,6646.9,6642.8,6644.42,1.55,+0.02%,0
"2025-09-26 14:15",6638.63,6645.59,6638.59,6642.87,4.34,+0.07%,0
"2025-09-26 14:00",6638.94,6641.47,6634.17,6638.53,-0.38,-0.01%,0
"2025-09-26 13:45",6641.16,6641.26,6633.74,6638.91,-2.28,-0.03%,0
"2025-09-26 13:30",6641.76,6642.7,6639.41,6641.19,-0.55,-0.01%,0
"2025-09-26 13:15",6641.5,6643.01,6638.09,6641.74,0.18,0.00%,0
"2025-09-26 13:00",6639.38,6642.22,6637.32,6641.56,2.13,+0.03%,0
"2025-09-26 12:45",6634.09,6640.25,6631.55,6639.43,5.34,+0.08%,0
"2025-09-26 12:30",6630.2,6634.7,6626.75,6634.09,3.91,+0.06%,0
"2025-09-26 12:15",6616.36,6633.06,6616.23,6630.18,13.83,+0.21%,0
"2025-09-26 12:00",6612.88,6617,6611.05,6616.35,3.53,+0.05%,0
"2025-09-26 11:45",6620.75,6622.09,6612.74,6612.82,-7.96,-0.12%,0
"2025-09-26 11:30",6624.49,6625.75,6616.59,6620.78,-3.78,-0.06%,0
"2025-09-26 11:15",6608.66,6624.56,6606.81,6624.56,15.93,+0.24%,0
"2025-09-26 11:00",6610.32,6615.8,6608.45,6608.63,-1.46,-0.02%,0
"2025-09-26 10:45",6621.25,6622.98,6607.84,6610.09,-11.16,-0.17%,0
"2025-09-26 10:30",6613.29,6624.83,6607.56,6621.25,7.95,+0.12%,0
"2025-09-26 10:15",6621.62,6622.27,6604.43,6613.3,-8.38,-0.13%,0
"2025-09-26 10:00",6645.11,6648.97,6619,6621.68,-23.23,-0.35%,0
"2025-09-26 09:45",6636.36,6644.91,6631.17,6644.91,8.78,+0.13%,0
"2025-09-26 09:30",6615.38,6642.19,6615.38,6636.13,31.41,+0.48%,0
"2025-09-25 16:30",6604.72,6604.72,6604.72,6604.72,0,0.00%,0
"2025-09-25 16:15",6604.72,6604.72,6604.72,6604.72,0,0.00%,0
"2025-09-25 16:00",6604.83,6604.86,6604.72,6604.72,0.52,+0.01%,0
"2025-09-25 15:45",6600.26,6607.86,6596.51,6604.2,3.95,+0.06%,0
"2025-09-25 15:30",6599.91,6603.95,6596.43,6600.25,0.37,+0.01%,0
"2025-09-25 15:15",6602.01,6603.19,6596.95,6599.88,-2.17,-0.03%,0
"2025-09-25 15:00",6604.7,6605.9,6600.82,6602.05,-2.62,-0.04%,0
"2025-09-25 14:45",6603.77,6606.45,6598.6,6604.67,0.86,+0.01%,0
"2025-09-25 14:30",6595.5,6607.18,6592.55,6603.81,8.21,+0.12%,0
"2025-09-25 14:15",6585.34,6596.65,6585.21,6595.6,10.24,+0.16%,0
"2025-09-25 14:00",6581.59,6585.41,6569.22,6585.36,3.74,+0.06%,0
"2025-09-25 13:45",6592.21,6592.51,6580.95,6581.62,-10.56,-0.16%,0
"2025-09-25 13:30",6598.78,6600.26,6588.61,6592.18,-6.62,-0.10%,0
"2025-09-25 13:15",6606.81,6607.25,6592.21,6598.8,-7.98,-0.12%,0
"2025-09-25 13:00",6604.03,6609.12,6601.4,6606.78,2.74,+0.04%,0
"2025-09-25 12:45",6606.28,6608.82,6601.88,6604.04,-2.36,-0.04%,0
"2025-09-25 12:30",6605.24,6614.72,6604.48,6606.4,1.15,+0.02%,0
"2025-09-25 12:15",6612.52,6616.26,6604.87,6605.25,-7.22,-0.11%,0
"2025-09-25 12:00",6614.99,6618.18,6612.15,6612.47,-2.41,-0.04%,0
"2025-09-25 11:45",6617.4,6619,6613.42,6614.88,-2.59,-0.04%,0
"2025-09-25 11:30",6600.38,6618.92,6600.38,6617.47,16.97,+0.26%,0
"2025-09-25 11:15",6610.95,6612.24,6598.32,6600.5,-10.38,-0.16%,0
"2025-09-25 11:00",6613.42,6613.62,6599.19,6610.88,-2.62,-0.04%,0
"2025-09-25 10:45",6612.54,6616.58,6609.47,6613.5,0.89,+0.01%,0
"2025-09-25 10:30",6610.79,6615.09,6608.24,6612.61,1.84,+0.03%,0
"2025-09-25 10:15",6604.89,6617.01,6604.89,6610.77,6.05,+0.09%,0
"2025-09-25 10:00",6583.01,6608.03,6581.38,6604.72,22.36,+0.34%,0
"2025-09-25 09:45",6576.84,6594.04,6576.3,6582.36,5.02,+0.08%,0
"2025-09-25 09:30",6608.19,6608.19,6575.04,6577.34,-60.63,-0.91%,0
"2025-09-24 16:45",6637.97,6637.97,6637.97,6637.97,0,0.00%,0
"2025-09-24 16:15",6637.97,6637.97,6637.97,6637.97,0,0.00%,0
"2025-09-24 16:00",6636.99,6637.98,6636.99,6637.97,1.29,+0.02%,0
"2025-09-24 15:45",6632.19,6639.74,6630.72,6636.68,4.53,+0.07%,0
"2025-09-24 15:30",6633.69,6635.72,6631.99,6632.15,-1.42,-0.02%,0
"2025-09-24 15:15",6632.51,6634.95,6631.76,6633.57,1.07,+0.02%,0
"2025-09-24 15:00",6637.09,6637.3,6632.31,6632.5,-4.55,-0.07%,0
"2025-09-24 14:45",6633.38,6637.61,6631.38,6637.05,3.69,+0.06%,0
"2025-09-24 14:30",6629.88,6634.79,6628.95,6633.36,3.53,+0.05%,0
"2025-09-24 14:15",6630.05,6632.46,6628.26,6629.83,-0.24,0.00%,0
"2025-09-24 14:00",6631.67,6631.82,6625.75,6630.07,-1.58,-0.02%,0
"2025-09-24 13:45",6635.47,6635.54,6630.39,6631.65,-3.82,-0.06%,0
"2025-09-24 13:30",6639.5,6643.59,6635.47,6635.47,-4.01,-0.06%,0
"2025-09-24 13:15",6639.08,6639.78,6635.9,6639.48,0.44,+0.01%,0
"2025-09-24 13:00",6631.11,6642.14,6630.55,6639.04,7.92,+0.12%,0
"2025-09-24 12:45",6635.41,6635.41,6630.52,6631.12,-4.53,-0.07%,0
"2025-09-24 12:30",6634.74,6636.45,6631.83,6635.65,0.92,+0.01%,0
"2025-09-24 12:15",6625.71,6636.38,6622.4,6634.73,8.98,+0.14%,0
"2025-09-24 12:00",6628.88,6631.65,6621.76,6625.75,-3.14,-0.05%,0
"2025-09-24 11:45",6647.55,6647.55,6628.56,6628.89,-18.58,-0.28%,0
"2025-09-24 11:30",6652.82,6653.02,6646.51,6647.47,-5.48,-0.08%,0
"2025-09-24 11:15",6650.29,6655.45,6650.29,6652.95,2.53,+0.04%,0
"2025-09-24 11:00",6655.33,6657.36,6650.38,6650.42,-4.86,-0.07%,0
"2025-09-24 10:45",6657.91,6662.14,6654.19,6655.28,-2.55,-0.04%,0
"2025-09-24 10:30",6657.73,6659.26,6654.39,6657.83,-0.03,0.00%,0
"2025-09-24 10:15",6658.61,6660.21,6655.32,6657.86,-0.74,-0.01%,0
"2025-09-24 10:00",6656.38,6659.23,6652.54,6658.6,1.69,+0.03%,0
"2025-09-24 09:45",6661.11,6661.25,6649.49,6656.91,-4.2,-0.06%,0
"2025-09-24 09:30",6669.79,6672.66,6660.09,6661.11,4.19,+0.06%,0
"2025-09-23 16:45",6656.92,6656.92,6656.92,6656.92,0,0.00%,0
"2025-09-23 16:15",6656.92,6656.92,6656.92,6656.92,0,0.00%,0
"2025-09-23 16:00",6657.81,6657.81,6656.92,6656.92,-1.17,-0.02%,0
"2025-09-23 15:45",6655.44,6661.59,6653.16,6658.09,2.77,+0.04%,0
"2025-09-23 15:30",6649.48,6655.59,6648.95,6655.32,5.84,+0.09%,0
"2025-09-23 15:15",6649.02,6653.91,6647.98,6649.48,0.47,+0.01%,0
"2025-09-23 15:00",6647.08,6652.54,6646.93,6649.01,1.98,+0.03%,0
"2025-09-23 14:45",6652.41,6654.8,6646,6647.03,-5.28,-0.08%,0
"2025-09-23 14:30",6652.17,6658.93,6651.51,6652.31,0.07,0.00%,0
"2025-09-23 14:15",6652.82,6654.81,6647.51,6652.24,-0.56,-0.01%,0
"2025-09-23 14:00",6658.48,6659.57,6652.21,6652.8,-5.65,-0.08%,0
"2025-09-23 13:45",6651.59,6659.88,6648.97,6658.45,7.1,+0.11%,0
"2025-09-23 13:30",6663.87,6664.2,6645.58,6651.35,-12.48,-0.19%,0
"2025-09-23 13:15",6674.85,6675.18,6663.69,6663.83,-11.05,-0.17%,0
"2025-09-23 13:00",6678.08,6678.98,6673.83,6674.88,-3.18,-0.05%,0
"2025-09-23 12:45",6680.37,6684.74,6676.76,6678.06,-1.97,-0.03%,0
"2025-09-23 12:30",6678.62,6681.75,6675.64,6680.03,1.35,+0.02%,0
"2025-09-23 12:15",6678.77,6683.04,6677.5,6678.68,-0.12,0.00%,0
"2025-09-23 12:00",6681.9,6682.99,6676.22,6678.8,-3.12,-0.05%,0
"2025-09-23 11:45",6684.96,6686.43,6681.63,6681.92,-3.02,-0.05%,0
"2025-09-23 11:30",6687.9,6688.35,6682.45,6684.94,-3.01,-0.05%,0
"2025-09-23 11:15",6689.77,6690.9,6687.11,6687.95,-1.66,-0.02%,0
"2025-09-23 11:00",6689.07,6690.8,6686.72,6689.61,0.43,+0.01%,0
"2025-09-23 10:45",6689.05,6693.48,6687.39,6689.18,0.06,0.00%,0
"2025-09-23 10:30",6692.34,6693.02,6687.48,6689.12,-3.09,-0.05%,0
"2025-09-23 10:15",6697.74,6697.8,6689.87,6692.21,-5.54,-0.08%,0
"2025-09-23 10:00",6695.05,6699.21,6690.92,6697.75,2.93,+0.04%,0
"2025-09-23 09:45",6693.88,6699.52,6692.66,6694.82,0.66,+0.01%,0
"2025-09-23 09:30",6692.44,6699.05,6691.47,6694.16,0.41,+0.01%,0
"2025-09-22 16:45",6693.75,6693.75,6693.75,6693.75,0,0.00%,0
"2025-09-22 16:15",6693.75,6693.75,6693.75,6693.75,0,0.00%,0
"2025-09-22 16:00",6693.83,6693.94,6693.75,6693.75,-0.01,0.00%,0
"2025-09-22 15:45",6694.73,6698.7,6693.76,6693.76,-0.83,-0.01%,0
"2025-09-22 15:30",6697.91,6698.88,6693.93,6694.59,-3.38,-0.05%,0
"2025-09-22 15:15",6697.77,6698.78,6695.96,6697.97,0.22,0.00%,0
"2025-09-22 15:00",6694.4,6698.36,6694.23,6697.75,3.45,+0.05%,0
"2025-09-22 14:45",6693.68,6694.73,6692.43,6694.3,0.6,+0.01%,0
"2025-09-22 14:30",6692.43,6694.46,6691.34,6693.7,1.23,+0.02%,0
"2025-09-22 14:15",6690.49,6692.76,6690.2,6692.47,1.88,+0.03%,0
"2025-09-22 14:00",6689.81,6690.83,6687.25,6690.59,0.65,+0.01%,0
"2025-09-22 13:45",6693.27,6694.37,6689.16,6689.94,-3.35,-0.05%,0
"2025-09-22 13:30",6691.55,6693.73,6688.98,6693.29,1.69,+0.03%,0
"2025-09-22 13:15",6688.27,6691.91,6687.09,6691.6,3.32,+0.05%,0
"2025-09-22 13:00",6690.68,6691.99,6687.9,6688.28,-2.21,-0.03%,0
"2025-09-22 12:45",6688.2,6691.71,6686.94,6690.49,2.38,+0.04%,0
"2025-09-22 12:30",6685.47,6689.19,6684.65,6688.11,2.58,+0.04%,0
"2025-09-22 12:15",6680.71,6686.44,6679.22,6685.53,5.02,+0.08%,0
"2025-09-22 12:00",6672.38,6680.75,6672.22,6680.51,7.95,+0.12%,0
"2025-09-22 11:45",6673.49,6674.41,6671.46,6672.56,-0.87,-0.01%,0
"2025-09-22 11:30",6676.04,6676.82,6671.51,6673.43,-2.59,-0.04%,0
"2025-09-22 11:15",6674.85,6677.73,6673.57,6676.02,1.16,+0.02%,0
"2025-09-22 11:00",6676.79,6679.36,6674.21,6674.86,-2.03,-0.03%,0
"2025-09-22 10:45",6671.79,6677.3,6671.54,6676.89,5.02,+0.08%,0
"2025-09-22 10:30",6667.52,6672.16,6665.61,6671.87,4.24,+0.06%,0
"2025-09-22 10:15",6661.05,6667.84,6660.25,6667.63,6.38,+0.10%,0
"2025-09-22 10:00",6660.49,6663.98,6657.91,6661.25,0.25,0.00%,0
"2025-09-22 09:45",6652.88,6661.84,6652.28,6661,8.11,+0.12%,0
"2025-09-22 09:30",6654.28,6656.61,6648.07,6652.89,-11.47,-0.17%,0
"2025-09-19 17:15",6664.36,6664.36,6664.36,6664.36,0,0.00%,0
"2025-09-19 16:15",6664.36,6664.36,6664.36,6664.36,0,0.00%,0
"2025-09-19 16:00",6663.05,6664.42,6663.05,6664.36,1.52,+0.02%,0
"2025-09-19 15:45",6660.21,6671.82,6660.21,6662.84,2.61,+0.04%,0
"2025-09-19 15:30",6664.37,6664.79,6660.13,6660.23,-4.15,-0.06%,0
"2025-09-19 15:15",6660.31,6666.5,6660.03,6664.38,4.23,+0.06%,0
"2025-09-19 15:00",6657.25,6660.88,6656.87,6660.15,2.91,+0.04%,0
"2025-09-19 14:45",6654.49,6657.24,6651.54,6657.24,2.8,+0.04%,0
"2025-09-19 14:30",6651.65,6655.11,6650.69,6654.44,2.85,+0.04%,0
"2025-09-19 14:15",6653.68,6654.45,6649.8,6651.59,-2.03,-0.03%,0
"2025-09-19 14:00",6653.47,6654.22,6651.71,6653.62,0.2,0.00%,0
"2025-09-19 13:45",6653.43,6655,6652.42,6653.42,0,0.00%,0
"2025-09-19 13:30",6651.07,6654.5,6650.89,6653.42,2.29,+0.03%,0
"2025-09-19 13:15",6650.57,6651.45,6648.38,6651.13,0.48,+0.01%,0
"2025-09-19 13:00",6651.76,6652.86,6648.83,6650.65,-1.22,-0.02%,0
"2025-09-19 12:45",6652.5,6653.98,6650.44,6651.87,-0.62,-0.01%,0
"2025-09-19 12:30",6651.3,6652.7,6647.57,6652.49,1.2,+0.02%,0
"2025-09-19 12:15",6648.58,6652.74,6648.09,6651.29,2.59,+0.04%,0
"2025-09-19 12:00",6641.98,6649.53,6641.64,6648.7,6.78,+0.10%,0
"2025-09-19 11:45",6637.31,6642.49,6635.99,6641.92,4.17,+0.06%,0
"2025-09-19 11:30",6634.07,6639.25,6630.31,6637.75,3.62,+0.05%,0
"2025-09-19 11:15",6636.17,6638.97,6632.73,6634.13,-2.01,-0.03%,0
"2025-09-19 11:00",6642.23,6645.23,6635.65,6636.14,-6.09,-0.09%,0
"2025-09-19 10:45",6639.83,6645.25,6635.85,6642.23,2.24,+0.03%,0
"2025-09-19 10:30",6645.54,6648.22,6639.97,6639.99,-5.58,-0.08%,0
"2025-09-19 10:15",6647.61,6647.94,6643.32,6645.57,-2.03,-0.03%,0
"2025-09-19 10:00",6647.4,6650.25,6645.48,6647.6,-0.19,0.00%,0
"2025-09-19 09:45",6642.82,6653.11,6641.69,6647.79,4.9,+0.07%,0
"2025-09-19 09:30",6647.11,6653.94,6639.67,6642.89,10.93,+0.16%,0
"2025-09-18 17:30",6631.96,6631.96,6631.96,6631.96,0,0.00%,0
"2025-09-18 16:15",6631.96,6631.96,6631.96,6631.96,0,0.00%,0
"2025-09-18 16:00",6631.82,6631.97,6631.82,6631.96,0.79,+0.01%,0
"2025-09-18 15:45",6632.12,6638.34,6627.92,6631.17,-0.95,-0.01%,0
"2025-09-18 15:30",6635.36,6637.36,6630.13,6632.12,-3.26,-0.05%,0
"2025-09-18 15:15",6639.64,6640.41,6635.21,6635.38,-3.96,-0.06%,0
"2025-09-18 15:00",6640.96,6642.67,6639.34,6639.34,-1.68,-0.03%,0
"2025-09-18 14:45",6632.91,6643.29,6632.5,6641.02,8.07,+0.12%,0
"2025-09-18 14:30",6636.67,6639.54,6632.52,6632.95,-3.73,-0.06%,0
"2025-09-18 14:15",6636.55,6639.17,6635.48,6636.68,0.14,0.00%,0
"2025-09-18 14:00",6636.49,6641.67,6634.7,6636.54,0.04,0.00%,0
"2025-09-18 13:45",6637.43,6639.71,6633.81,6636.5,-0.93,-0.01%,0
"2025-09-18 13:30",6641.88,6642.35,6635.59,6637.43,-4.45,-0.07%,0
"2025-09-18 13:15",6646.63,6647.81,6641.33,6641.88,-4.69,-0.07%,0
"2025-09-18 13:00",6648.6,6650.54,6646.39,6646.57,-2.06,-0.03%,0
"2025-09-18 12:45",6648.37,6650,6646.38,6648.63,0.35,+0.01%,0
"2025-09-18 12:30",6642.69,6648.85,6642.64,6648.28,5.66,+0.09%,0
"2025-09-18 12:15",6638.81,6643.23,6638.52,6642.62,3.82,+0.06%,0
"2025-09-18 12:00",6634.2,6638.95,6632.04,6638.8,4.5,+0.07%,0
"2025-09-18 11:45",6642.49,6643.16,6630.9,6634.3,-8.04,-0.12%,0
"2025-09-18 11:30",6641.24,6647.52,6641.24,6642.34,1.09,+0.02%,0
"2025-09-18 11:15",6637.14,6647.3,6636.4,6641.25,4.44,+0.07%,0
"2025-09-18 11:00",6636.25,6640.5,6634.64,6636.81,0.72,+0.01%,0
"2025-09-18 10:45",6644.28,6646.14,6635.66,6636.09,-8.29,-0.12%,0
"2025-09-18 10:30",6652.63,6656.8,6644.38,6644.38,-8.24,-0.12%,0
"2025-09-18 10:15",6644.41,6653.61,6644.04,6652.62,8.47,+0.13%,0
"2025-09-18 10:00",6628.91,6646,6628.91,6644.15,15.91,+0.24%,0
"2025-09-18 09:45",6616.06,6630.55,6611.89,6628.24,11.9,+0.18%,0
"2025-09-18 09:30",6626.85,6632.64,6616.34,6616.34,15.99,+0.24%,0
"2025-09-17 16:45",6600.35,6600.35,6600.35,6600.35,0,0.00%,0
"2025-09-17 16:15",6600.35,6600.35,6600.35,6600.35,0,0.00%,0
"2025-09-17 16:00",6600.02,6600.43,6600.02,6600.35,-0.54,-0.01%,0
"2025-09-17 15:45",6604.97,6607.79,6593.61,6600.89,-4.17,-0.06%,0
"2025-09-17 15:30",6610.7,6612.81,6598.79,6605.06,-5.59,-0.08%,0
"2025-09-17 15:15",6588.88,6614.8,6588.88,6610.65,21.99,+0.33%,0
"2025-09-17 15:00",6584.94,6610.08,6583.8,6588.66,3.82,+0.06%,0
"2025-09-17 14:45",6574.33,6585.1,6551.15,6584.84,10.29,+0.16%,0
"2025-09-17 14:30",6611.28,6612.93,6568.99,6574.55,-36.51,-0.55%,0
"2025-09-17 14:15",6586.45,6611.1,6579.89,6611.06,23.85,+0.36%,0
"2025-09-17 14:00",6603.83,6624.39,6587.21,6587.21,-16.48,-0.25%,0
"2025-09-17 13:45",6596.48,6603.69,6595.7,6603.69,7.28,+0.11%,0
"2025-09-17 13:30",6594.4,6599.72,6594.4,6596.41,1.98,+0.03%,0
"2025-09-17 13:15",6593.72,6594.77,6592.16,6594.43,0.68,+0.01%,0
"2025-09-17 13:00",6590.85,6595.21,6590.85,6593.75,2.91,+0.04%,0
"2025-09-17 12:45",6593.51,6593.51,6589.22,6590.84,-2.61,-0.04%,0
"2025-09-17 12:30",6597.15,6597.5,6589.46,6593.45,-3.73,-0.06%,0
"2025-09-17 12:15",6597.08,6597.91,6596.01,6597.18,0.03,0.00%,0
"2025-09-17 12:00",6600.47,6601.04,6596.69,6597.15,-3.32,-0.05%,0
"2025-09-17 11:45",6600.13,6601.34,6596.77,6600.47,0.36,+0.01%,0
"2025-09-17 11:30",6597.38,6600.55,6596.63,6600.11,2.69,+0.04%,0
"2025-09-17 11:15",6602.87,6604.7,6596.93,6597.42,-5.57,-0.08%,0
"2025-09-17 11:00",6600.58,6603.23,6597.85,6602.99,2.41,+0.04%,0
"2025-09-17 10:45",6599.13,6603.54,6598.04,6600.58,1.5,+0.02%,0
"2025-09-17 10:30",6599.04,6602.03,6598.35,6599.08,-0.08,0.00%,0
"2025-09-17 10:15",6602.27,6603.42,6598.46,6599.16,-3.21,-0.05%,0
"2025-09-17 10:00",6606.09,6606.96,6600.54,6602.37,-3.37,-0.05%,0
"2025-09-17 09:45",6605.56,6613.71,6603.34,6605.74,0.13,0.00%,0
"2025-09-17 09:30",6604.87,6612.28,6604.68,6605.61,-1.15,-0.02%,0
"2025-09-16 16:30",6606.76,6606.76,6606.76,6606.76,0,0.00%,0
"2025-09-16 16:15",6606.76,6606.76,6606.76,6606.76,0,0.00%,0
"2025-09-16 16:00",6606.43,6606.95,6606.43,6606.76,0.12,0.00%,0
"2025-09-16 15:45",6608.97,6614.7,6605.36,6606.64,-2.3,-0.03%,0
"2025-09-16 15:30",6609.24,6610.72,6605.66,6608.94,-0.33,0.00%,0
"2025-09-16 15:15",6614.41,6614.61,6608.69,6609.27,-5.24,-0.08%,0
"2025-09-16 15:00",6614.27,6615.39,6612.54,6614.51,0.23,0.00%,0
"2025-09-16 14:45",6611.76,6615.64,6611.74,6614.28,2.51,+0.04%,0
"2025-09-16 14:30",6609.75,6612.61,6609.12,6611.77,2.04,+0.03%,0
"2025-09-16 14:15",6609.02,6610.72,6608.25,6609.73,0.73,+0.01%,0
"2025-09-16 14:00",6610.2,6611.86,6608.3,6609,-1.16,-0.02%,0
"2025-09-16 13:45",6608.79,6611.45,6607.18,6610.16,1.36,+0.02%,0
"2025-09-16 13:30",6610.67,6611.48,6608.65,6608.8,-1.88,-0.03%,0
"2025-09-16 13:15",6611.22,6612.49,6610.4,6610.68,-0.66,-0.01%,0
"2025-09-16 13:00",6607.32,6611.4,6606.93,6611.34,3.96,+0.06%,0
"2025-09-16 12:45",6605.46,6609.04,6605.31,6607.38,1.92,+0.03%,0
"2025-09-16 12:30",6607.31,6607.48,6603.14,6605.46,-1.83,-0.03%,0
"2025-09-16 12:15",6605.42,6607.76,6605.34,6607.29,1.91,+0.03%,0
"2025-09-16 12:00",6604.92,6607.3,6603.38,6605.38,0.51,+0.01%,0
"2025-09-16 11:45",6602.95,6607.37,6602.42,6604.87,2.02,+0.03%,0
"2025-09-16 11:30",6604.4,6605.35,6600.11,6602.85,-1.44,-0.02%,0
"2025-09-16 11:15",6607.24,6608.94,6604.02,6604.29,-2.92,-0.04%,0
"2025-09-16 11:00",6606.6,6609.09,6602.17,6607.21,0.63,+0.01%,0
"2025-09-16 10:45",6605.95,6609.08,6605.03,6606.58,0.71,+0.01%,0
"2025-09-16 10:30",6607.64,6610.98,6605.43,6605.87,-1.78,-0.03%,0
"2025-09-16 10:15",6607.3,6612.99,6606.57,6607.65,0.12,0.00%,0
"2025-09-16 10:00",6610.42,6610.78,6603.88,6607.53,-3.27,-0.05%,0
"2025-09-16 09:45",6616.15,6617.64,6608.13,6610.8,-5.49,-0.08%,0
"2025-09-16 09:30",6624.13,6626.99,6614.54,6616.29,1.01,+0.02%,0
"2025-09-15 16:45",6615.28,6615.28,6615.28,6615.28,0,0.00%,0
"2025-09-15 16:15",6615.28,6615.28,6615.28,6615.28,0,0.00%,0
"2025-09-15 16:00",6616.31,6616.31,6615.28,6615.28,-0.69,-0.01%,0
"2025-09-15 15:45",6608.37,6616.88,6606.17,6615.97,7.92,+0.12%,0
"2025-09-15 15:30",6609.05,6610.28,6606.96,6608.05,-1.04,-0.02%,0
"2025-09-15 15:15",6607.85,6609.71,6605.95,6609.09,1.25,+0.02%,0
"2025-09-15 15:00",6608.1,6609.75,6605.5,6607.84,-0.19,0.00%,0
"2025-09-15 14:45",6603.48,6609.51,6602.07,6608.03,4.54,+0.07%,0
"2025-09-15 14:30",6607.23,6609.18,6602.56,6603.49,-3.7,-0.06%,0
"2025-09-15 14:15",6610,6610.61,6607.19,6607.19,-2.82,-0.04%,0
"2025-09-15 14:00",6614.15,6614.18,6608.51,6610.01,-4.24,-0.06%,0
"2025-09-15 13:45",6611.81,6614.87,6610.87,6614.25,2.42,+0.04%,0
"2025-09-15 13:30",6606.14,6612.64,6605.79,6611.83,5.72,+0.09%,0
"2025-09-15 13:15",6608.79,6609.69,6604.18,6606.11,-2.64,-0.04%,0
"2025-09-15 13:00",6610.22,6612.6,6608.52,6608.75,-1.6,-0.02%,0
"2025-09-15 12:45",6614.78,6614.82,6609.35,6610.35,-4.4,-0.07%,0
"2025-09-15 12:30",6614.56,6616.93,6614.22,6614.75,0.22,0.00%,0
"2025-09-15 12:15",6616.91,6617.84,6613.99,6614.53,-2.28,-0.03%,0
"2025-09-15 12:00",6614.73,6617.78,6612.97,6616.81,1.98,+0.03%,0
"2025-09-15 11:45",6612.43,6616.24,6612.06,6614.83,2.28,+0.03%,0
"2025-09-15 11:30",6612.51,6617,6611.32,6612.55,-0.02,0.00%,0
"2025-09-15 11:15",6616.41,6617.49,6611.51,6612.57,-3.9,-0.06%,0
"2025-09-15 11:00",6618.65,6619.62,6613.84,6616.47,-2.13,-0.03%,0
"2025-09-15 10:45",6616.71,6618.88,6615.77,6618.6,1.87,+0.03%,0
"2025-09-15 10:30",6615.59,6617.14,6612.69,6616.73,1.19,+0.02%,0
"2025-09-15 10:15",6610.91,6616.06,6608.96,6615.54,4.57,+0.07%,0
"2025-09-15 10:00",6615.94,6617.01,6608.54,6610.97,-4.65,-0.07%,0
"2025-09-15 09:45",6603.39,6615.98,6603.39,6615.62,12.12,+0.18%,0
"2025-09-15 09:30",6603.49,6611.83,6602.49,6603.5,19.21,+0.29%,0
"2025-09-12 16:30",6584.29,6584.29,6584.29,6584.29,0,0.00%,0
"2025-09-12 16:15",6584.29,6584.29,6584.29,6584.29,0,0.00%,0
"2025-09-12 16:00",6584,6584.42,6584,6584.29,0.32,0.00%,0
"2025-09-12 15:45",6586.89,6593.46,6583.96,6583.97,-2.88,-0.04%,0
"2025-09-12 15:30",6591.45,6592.19,6579.49,6586.85,-4.63,-0.07%,0
"2025-09-12 15:15",6595.63,6595.76,6590.88,6591.48,-4.14,-0.06%,0
"2025-09-12 15:00",6597.69,6599.08,6595.25,6595.62,-2.06,-0.03%,0
"2025-09-12 14:45",6596.63,6600.21,6593.57,6597.68,1.08,+0.02%,0
"2025-09-12 14:30",6594.4,6598.17,6594.05,6596.6,2.22,+0.03%,0
"2025-09-12 14:15",6594.07,6594.95,6592.28,6594.38,0.27,0.00%,0
"2025-09-12 14:00",6593.68,6594.24,6591.85,6594.11,0.48,+0.01%,0
"2025-09-12 13:45",6590.99,6594.54,6590.96,6593.63,2.6,+0.04%,0
"2025-09-12 13:30",6590.72,6591.83,6588.51,6591.03,0.31,0.00%,0
"2025-09-12 13:15",6590.47,6592.45,6589.6,6590.72,0.27,0.00%,0
"2025-09-12 13:00",6590.31,6590.53,6587.62,6590.45,0.21,0.00%,0
"2025-09-12 12:45",6587.66,6591.96,6587.66,6590.24,2.73,+0.04%,0
"2025-09-12 12:30",6590.58,6591.64,6586.53,6587.51,-3.08,-0.05%,0
"2025-09-12 12:15",6587.13,6590.59,6586.99,6590.59,3.38,+0.05%,0
"2025-09-12 12:00",6585.61,6588.34,6583.21,6587.21,1.48,+0.02%,0
"2025-09-12 11:45",6584.49,6586.77,6582.13,6585.73,1.15,+0.02%,0
"2025-09-12 11:30",6586.25,6588.3,6583.74,6584.58,-1.69,-0.03%,0
"2025-09-12 11:15",6590.28,6592.87,6586.21,6586.27,-4.06,-0.06%,0
"2025-09-12 11:00",6593.27,6594.2,6588.54,6590.33,-3.09,-0.05%,0
"2025-09-12 10:45",6587.98,6594.22,6587.63,6593.42,5.5,+0.08%,0
"2025-09-12 10:30",6589.05,6590.7,6587.11,6587.92,-1.12,-0.02%,0
"2025-09-12 10:15",6584.9,6590.62,6583.49,6589.04,4.04,+0.06%,0
"2025-09-12 10:00",6590.7,6591.73,6584.39,6585,-5.64,-0.09%,0
"2025-09-12 09:45",6584.82,6590.79,6581.85,6590.64,5.93,+0.09%,0
"2025-09-12 09:30",6590.66,6590.66,6580.48,6584.71,-2.76,-0.04%,0
"2025-09-11 16:45",6587.47,6587.47,6587.47,6587.47,0,0.00%,0
"2025-09-11 16:15",6587.47,6587.47,6587.47,6587.47,0,0.00%,0
"2025-09-11 16:00",6586.74,6587.47,6586.74,6587.47,0.77,+0.01%,0
"2025-09-11 15:45",6588.13,6592.89,6585.46,6586.7,-1.47,-0.02%,0
"2025-09-11 15:30",6587.27,6591.45,6587.21,6588.17,0.86,+0.01%,0
"2025-09-11 15:15",6585.36,6587.79,6585,6587.31,1.92,+0.03%,0
"2025-09-11 15:00",6584.81,6586.54,6583.63,6585.39,0.59,+0.01%,0
"2025-09-11 14:45",6584.66,6586.93,6584,6584.8,0.08,0.00%,0
"2025-09-11 14:30",6583,6585.07,6581.59,6584.72,1.82,+0.03%,0
"2025-09-11 14:15",6584.06,6584.7,6581.75,6582.9,-1.12,-0.02%,0
"2025-09-11 14:00",6585.33,6586.17,6582.75,6584.02,-1.33,-0.02%,0
"2025-09-11 13:45",6584.92,6585.51,6580.09,6585.35,0.34,+0.01%,0
"2025-09-11 13:30",6581.13,6585.49,6581.05,6585.01,3.76,+0.06%,0
"2025-09-11 13:15",6583.74,6585.19,6581.05,6581.25,-2.43,-0.04%,0
"2025-09-11 13:00",6581.26,6584.65,6579.13,6583.68,2.51,+0.04%,0
"2025-09-11 12:45",6582.56,6583.03,6578.51,6581.17,-1.49,-0.02%,0
"2025-09-11 12:30",6583.38,6584.93,6580.98,6582.66,-0.68,-0.01%,0
"2025-09-11 12:15",6584.47,6587.08,6583.3,6583.34,-1.19,-0.02%,0
"2025-09-11 12:00",6581.53,6586.12,6581.04,6584.53,2.99,+0.05%,0
"2025-09-11 11:45",6580.78,6583.19,6576.85,6581.54,0.61,+0.01%,0
"2025-09-11 11:30",6583.97,6586.75,6580.65,6580.93,-3.04,-0.05%,0
"2025-09-11 11:15",6578.36,6585.42,6577.68,6583.97,5.67,+0.09%,0
"2025-09-11 11:00",6576.79,6579.38,6575.6,6578.3,1.51,+0.02%,0
"2025-09-11 10:45",6579.77,6580.25,6572.05,6576.79,-2.92,-0.04%,0
"2025-09-11 10:30",6569.17,6579.87,6568.75,6579.71,10.6,+0.16%,0
"2025-09-11 10:15",6566.34,6570.25,6565.58,6569.11,2.84,+0.04%,0
"2025-09-11 10:00",6565.35,6572.09,6563.18,6566.27,1.14,+0.02%,0
"2025-09-11 09:45",6548.5,6566.03,6545.8,6565.13,16.84,+0.26%,0
"2025-09-11 09:30",6554.41,6557.08,6546.47,6548.29,16.25,+0.25%,0
"2025-09-10 16:45",6532.04,6532.04,6532.04,6532.04,0,0.00%,0
"2025-09-10 16:15",6532.04,6532.04,6532.04,6532.04,0,0.00%,0
"2025-09-10 16:00",6531.71,6532.32,6531.71,6532.04,0.14,0.00%,0
"2025-09-10 15:45",6528.17,6536.69,6526.54,6531.9,3.92,+0.06%,0
"2025-09-10 15:30",6518.43,6528,6517.13,6527.98,9.57,+0.15%,0
"2025-09-10 15:15",6518.36,6523.05,6516.34,6518.41,0.1,0.00%,0
"2025-09-10 15:00",6529.7,6531.15,6518.24,6518.31,-11.41,-0.17%,0
"2025-09-10 14:45",6528.23,6530.65,6523.74,6529.72,1.49,+0.02%,0
"2025-09-10 14:30",6526.26,6530.79,6525.6,6528.23,2.03,+0.03%,0
"2025-09-10 14:15",6530.71,6530.71,6523.75,6526.2,-4.54,-0.07%,0
"2025-09-10 14:00",6533.32,6533.77,6528.57,6530.74,-2.58,-0.04%,0
"2025-09-10 13:45",6535.2,6535.2,6529.49,6533.32,-1.93,-0.03%,0
"2025-09-10 13:30",6532.74,6537.18,6531.23,6535.25,2.48,+0.04%,0
"2025-09-10 13:15",6541.54,6542,6531.4,6532.77,-8.71,-0.13%,0
"2025-09-10 13:00",6539.92,6544.58,6538.27,6541.48,1.54,+0.02%,0
"2025-09-10 12:45",6532.55,6540.51,6532.03,6539.94,7.39,+0.11%,0
"2025-09-10 12:30",6537.08,6538.58,6532.55,6532.55,-4.5,-0.07%,0
"2025-09-10 12:15",6542.66,6544.17,6536.41,6537.05,-5.75,-0.09%,0
"2025-09-10 12:00",6543.18,6543.71,6540.46,6542.8,-0.42,-0.01%,0
"2025-09-10 11:45",6543.6,6546.3,6542.5,6543.22,-0.14,0.00%,0
"2025-09-10 11:30",6538.04,6543.7,6533.56,6543.36,5.32,+0.08%,0
"2025-09-10 11:15",6541.05,6541.05,6534.27,6538.04,-2.91,-0.04%,0
"2025-09-10 11:00",6544.18,6545.96,6539.76,6540.95,-3.2,-0.05%,0
"2025-09-10 10:45",6548.41,6550.24,6543.19,6544.15,-4.35,-0.07%,0
"2025-09-10 10:30",6549.28,6550.46,6544.01,6548.5,-0.63,-0.01%,0
"2025-09-10 10:15",6553.42,6555.97,6548.93,6549.13,-4.32,-0.07%,0
"2025-09-10 10:00",6546.37,6554.81,6545.55,6553.45,7.22,+0.11%,0
"2025-09-10 09:45",6544.2,6549.32,6538.58,6546.23,1.94,+0.03%,0
"2025-09-10 09:30",6550.29,6550.29,6536.61,6544.29,31.68,+0.49%,0
"2025-09-09 16:30",6512.61,6512.61,6512.61,6512.61,0,0.00%,0
"2025-09-09 16:15",6512.61,6512.61,6512.61,6512.61,0,0.00%,0
"2025-09-09 16:00",6512.66,6512.67,6512.61,6512.61,0.21,0.00%,0
"2025-09-09 15:45",6509.06,6518.23,6508.69,6512.4,3.38,+0.05%,0
"2025-09-09 15:30",6510.71,6511.29,6506.71,6509.02,-1.6,-0.02%,0
"2025-09-09 15:15",6505.44,6511.32,6505.44,6510.62,5.2,+0.08%,0
"2025-09-09 15:00",6508.6,6509.43,6505.37,6505.42,-3.23,-0.05%,0
"2025-09-09 14:45",6507,6510.78,6507,6508.65,1.49,+0.02%,0
"2025-09-09 14:30",6508.23,6509.22,6506.09,6507.16,-0.93,-0.01%,0
"2025-09-09 14:15",6508.26,6509.73,6506.72,6508.09,-0.34,-0.01%,0
"2025-09-09 14:00",6507.83,6509.8,6505.39,6508.43,0.68,+0.01%,0
"2025-09-09 13:45",6506.49,6509.4,6506.28,6507.75,1.24,+0.02%,0
"2025-09-09 13:30",6505.8,6507.26,6504.68,6506.51,0.65,+0.01%,0
"2025-09-09 13:15",6504.11,6508.05,6502.84,6505.86,1.65,+0.03%,0
"2025-09-09 13:00",6500.8,6507.06,6500.4,6504.21,3.38,+0.05%,0
"2025-09-09 12:45",6499.62,6501.95,6498.7,6500.83,1.22,+0.02%,0
"2025-09-09 12:30",6498.82,6500.98,6497.66,6499.61,0.84,+0.01%,0
"2025-09-09 12:15",6498.22,6501.03,6493.69,6498.77,0.58,+0.01%,0
"2025-09-09 12:00",6493.29,6498.67,6492.36,6498.19,4.89,+0.08%,0
"2025-09-09 11:45",6491.35,6497.89,6490.59,6493.3,1.91,+0.03%,0
"2025-09-09 11:30",6497.74,6498.08,6491.12,6491.39,-6.54,-0.10%,0
"2025-09-09 11:15",6493.91,6498.14,6493.91,6497.93,4.03,+0.06%,0
"2025-09-09 11:00",6493.54,6496.4,6488.29,6493.9,0.25,0.00%,0
"2025-09-09 10:45",6487.07,6496.57,6486.56,6493.65,6.74,+0.10%,0
"2025-09-09 10:30",6497.7,6497.99,6483.08,6486.91,-10.89,-0.17%,0
"2025-09-09 10:15",6504.14,6504.73,6495.44,6497.8,-6.29,-0.10%,0
"2025-09-09 10:00",6500.52,6507.1,6494.64,6504.09,3.85,+0.06%,0
"2025-09-09 09:45",6503.01,6503.47,6495.79,6500.24,-2.64,-0.04%,0
"2025-09-09 09:30",6503.33,6505.32,6498.13,6502.88,7.73,+0.12%,0
"2025-09-08 16:45",6495.15,6495.15,6495.15,6495.15,0,0.00%,0
"2025-09-08 16:15",6495.15,6495.15,6495.15,6495.15,0,0.00%,0
"2025-09-08 16:00",6496.1,6496.1,6495.15,6495.15,-0.91,-0.01%,0
"2025-09-08 15:45",6491.31,6496.84,6490.4,6496.06,4.71,+0.07%,0
"2025-09-08 15:30",6485.69,6492.34,6484.84,6491.35,5.66,+0.09%,0
"2025-09-08 15:15",6485.96,6488.87,6484.54,6485.69,-0.25,0.00%,0
"2025-09-08 15:00",6492.64,6492.64,6484.18,6485.94,-6.66,-0.10%,0
"2025-09-08 14:45",6493.05,6495.61,6491.93,6492.6,-0.41,-0.01%,0
"2025-09-08 14:30",6493.94,6494.85,6489.66,6493.01,-0.94,-0.01%,0
"2025-09-08 14:15",6489.55,6494.66,6489.11,6493.95,4.4,+0.07%,0
"2025-09-08 14:00",6485.91,6489.84,6484.32,6489.55,3.63,+0.06%,0
"2025-09-08 13:45",6492.43,6492.73,6483.29,6485.92,-6.5,-0.10%,0
"2025-09-08 13:30",6495.08,6496.53,6491.07,6492.42,-2.61,-0.04%,0
"2025-09-08 13:15",6490.26,6497.53,6490.17,6495.03,4.73,+0.07%,0
"2025-09-08 13:00",6495.22,6496.11,6490.22,6490.3,-4.88,-0.08%,0
"2025-09-08 12:45",6493.76,6496.52,6489.67,6495.18,1.43,+0.02%,0
"2025-09-08 12:30",6496.56,6497.81,6488.63,6493.75,-2.84,-0.04%,0
"2025-09-08 12:15",6497.95,6497.96,6494.47,6496.59,-1.31,-0.02%,0
"2025-09-08 12:00",6504.34,6504.53,6497.48,6497.9,-6.31,-0.10%,0
"2025-09-08 11:45",6502.14,6504.52,6495.45,6504.21,1.97,+0.03%,0
"2025-09-08 11:30",6507.98,6508.67,6501.93,6502.24,-5.72,-0.09%,0
"2025-09-08 11:15",6507,6508.07,6501.67,6507.96,0.84,+0.01%,0
"2025-09-08 11:00",6503.9,6508.1,6503.74,6507.12,3.28,+0.05%,0
"2025-09-08 10:45",6503.24,6507.46,6502.25,6503.84,0.61,+0.01%,0
"2025-09-08 10:30",6498.38,6504.35,6497.37,6503.23,4.75,+0.07%,0
"2025-09-08 10:15",6492.88,6499.01,6487.73,6498.48,5.57,+0.09%,0
"2025-09-08 10:00",6494.04,6497.15,6490.29,6492.91,-2.04,-0.03%,0
"2025-09-08 09:45",6497.14,6500.08,6491.49,6494.95,-2.13,-0.03%,0
"2025-09-08 09:30",6498.09,6501.68,6490.43,6497.08,15.58,+0.24%,0
"2025-09-05 16:45",6481.5,6481.5,6481.5,6481.5,0,0.00%,0
"2025-09-05 16:15",6481.5,6481.5,6481.5,6481.5,0,0.00%,0
"2025-09-05 16:00",6481.56,6481.79,6481.5,6481.5,-0.66,-0.01%,0
"2025-09-05 15:45",6477.5,6482.16,6472.42,6482.16,4.68,+0.07%,0
"2025-09-05 15:30",6482.03,6482.24,6474.77,6477.48,-4.5,-0.07%,0
"2025-09-05 15:15",6477.74,6484.25,6477.72,6481.98,4.23,+0.07%,0
"2025-09-05 15:00",6473.79,6478.3,6470.03,6477.75,3.95,+0.06%,0
"2025-09-05 14:45",6471.33,6473.8,6469.19,6473.8,2.48,+0.04%,0
"2025-09-05 14:30",6467.27,6472.75,6467.27,6471.32,3.94,+0.06%,0
"2025-09-05 14:15",6464.24,6469.98,6463.55,6467.38,3.37,+0.05%,0
"2025-09-05 14:00",6461.8,6464.01,6459.76,6464.01,2.24,+0.03%,0
"2025-09-05 13:45",6462.04,6464.15,6458.77,6461.77,-0.3,0.00%,0
"2025-09-05 13:30",6469.2,6470.72,6457.25,6462.07,-7.06,-0.11%,0
"2025-09-05 13:15",6472.92,6475.86,6468.99,6469.13,-3.81,-0.06%,0
"2025-09-05 13:00",6475.06,6475.06,6464.81,6472.94,-2.09,-0.03%,0
"2025-09-05 12:45",6472.21,6475.03,6465.81,6475.03,2.8,+0.04%,0
"2025-09-05 12:30",6467.91,6472.52,6463.37,6472.23,4.41,+0.07%,0
"2025-09-05 12:15",6477.34,6478.22,6466.08,6467.82,-9.66,-0.15%,0
"2025-09-05 12:00",6467.5,6477.7,6464.18,6477.48,10.01,+0.15%,0
"2025-09-05 11:45",6478.48,6478.48,6464.91,6467.47,-10.96,-0.17%,0
"2025-09-05 11:30",6473.09,6479.7,6467.46,6478.43,5.54,+0.09%,0
"2025-09-05 11:15",6459.21,6473.31,6457.88,6472.89,13.74,+0.21%,0
"2025-09-05 11:00",6452.4,6459.38,6443.98,6459.15,6.62,+0.10%,0
"2025-09-05 10:45",6462.65,6469.16,6451.93,6452.53,-9.99,-0.15%,0
"2025-09-05 10:30",6475.76,6476.98,6459.71,6462.52,-13.35,-0.21%,0
"2025-09-05 10:15",6499.57,6501.14,6471.69,6475.87,-23.9,-0.37%,0
"2025-09-05 10:00",6520.8,6520.8,6499.77,6499.77,-21.5,-0.33%,0
"2025-09-05 09:45",6530.95,6532.23,6515.54,6521.27,-9.52,-0.15%,0
"2025-09-05 09:30",6529.08,6532.65,6523.54,6530.79,28.71,+0.44%,0
"2025-09-04 16:45",6502.08,6502.08,6502.08,6502.08,0,0.00%,0
"2025-09-04 16:15",6502.08,6502.08,6502.08,6502.08,0,0.00%,0
"2025-09-04 16:00",6501.74,6502.12,6501.74,6502.08,0.58,+0.01%,0
"2025-09-04 15:45",6493.77,6502.54,6491.07,6501.5,7.69,+0.12%,0
"2025-09-04 15:30",6490.44,6494.09,6489.53,6493.81,3.32,+0.05%,0
"2025-09-04 15:15",6492.9,6493.09,6490.43,6490.49,-2.42,-0.04%,0
"2025-09-04 15:00",6487.37,6493.27,6487,6492.91,5.57,+0.09%,0
"2025-09-04 14:45",6483.62,6488,6483.58,6487.34,3.71,+0.06%,0
"2025-09-04 14:30",6483.14,6485.98,6482.69,6483.63,0.47,+0.01%,0
"2025-09-04 14:15",6485.51,6487.05,6483.09,6483.16,-2.37,-0.04%,0
"2025-09-04 14:00",6483.13,6485.79,6482.98,6485.53,2.38,+0.04%,0
"2025-09-04 13:45",6479.37,6485.64,6479.01,6483.15,3.78,+0.06%,0
"2025-09-04 13:30",6479.49,6480.18,6477.18,6479.37,-0.17,0.00%,0
"2025-09-04 13:15",6474.32,6480.39,6474.28,6479.54,5.2,+0.08%,0
"2025-09-04 13:00",6470.33,6478.53,6470.11,6474.34,4.04,+0.06%,0
"2025-09-04 12:45",6470.66,6475.43,6470.25,6470.3,-0.32,0.00%,0
"2025-09-04 12:30",6470.31,6472.73,6469.48,6470.62,0.3,0.00%,0
"2025-09-04 12:15",6475.33,6476.29,6469.34,6470.32,-4.97,-0.08%,0
"2025-09-04 12:00",6473.48,6476.4,6472.56,6475.29,1.72,+0.03%,0
"2025-09-04 11:45",6471.79,6476.75,6471.12,6473.57,1.74,+0.03%,0
"2025-09-04 11:30",6473.46,6474.07,6469.62,6471.83,-1.71,-0.03%,0
"2025-09-04 11:15",6466.16,6475.54,6466.08,6473.54,7.46,+0.12%,0
"2025-09-04 11:00",6467.19,6469.64,6464.06,6466.08,-1.09,-0.02%,0
"2025-09-04 10:45",6464.26,6468.6,6464.06,6467.17,2.96,+0.05%,0
"2025-09-04 10:30",6459.92,6468.73,6459.73,6464.21,4.42,+0.07%,0
"2025-09-04 10:15",6450.09,6462.05,6445.98,6459.79,9.69,+0.15%,0
"2025-09-04 10:00",6459.93,6459.99,6448.79,6450.1,-9.78,-0.15%,0
"2025-09-04 09:45",6462.18,6464.28,6456.29,6459.88,-2.08,-0.03%,0
"2025-09-04 09:30",6456.6,6463.82,6453.58,6461.96,13.7,+0.21%,0
"2025-09-03 16:45",6448.26,6448.26,6448.26,6448.26,0,0.00%,0
"2025-09-03 16:15",6448.26,6448.26,6448.26,6448.26,0,0.00%,0
"2025-09-03 16:00",6448.04,6448.29,6448,6448.26,0.45,+0.01%,0
"2025-09-03 15:45",6433.49,6447.81,6432.5,6447.81,14.38,+0.22%,0
"2025-09-03 15:30",6421.7,6433.96,6421.7,6433.43,11.66,+0.18%,0
"2025-09-03 15:15",6418.99,6423.4,6418.61,6421.77,2.86,+0.04%,0
"2025-09-03 15:00",6420.28,6422.85,6417.4,6418.91,-1.33,-0.02%,0
"2025-09-03 14:45",6422.19,6423.63,6418.87,6420.24,-1.98,-0.03%,0
"2025-09-03 14:30",6423.03,6423.03,6416.17,6422.22,-0.84,-0.01%,0
"2025-09-03 14:15",6422.03,6423.96,6419.24,6423.06,0.83,+0.01%,0
"2025-09-03 14:00",6421.38,6423.07,6417.19,6422.23,0.8,+0.01%,0
"2025-09-03 13:45",6423.73,6427.49,6417.94,6421.43,-2.24,-0.03%,0
"2025-09-03 13:30",6433.9,6435.36,6423.63,6423.67,-10.42,-0.16%,0
"2025-09-03 13:15",6437.56,6439.79,6431.48,6434.09,-3.35,-0.05%,0
"2025-09-03 13:00",6429.93,6439.3,6429.8,6437.44,7.67,+0.12%,0
"2025-09-03 12:45",6430.4,6431.95,6426.06,6429.77,-0.62,-0.01%,0
"2025-09-03 12:30",6435.99,6436.76,6428.72,6430.39,-5.59,-0.09%,0
"2025-09-03 12:15",6435.16,6442.56,6433.9,6435.98,0.86,+0.01%,0
"2025-09-03 12:00",6435.14,6437.65,6432.09,6435.12,-0.09,0.00%,0
"2025-09-03 11:45",6439.31,6440.13,6433.33,6435.21,-4.23,-0.07%,0
"2025-09-03 11:30",6435.78,6441.09,6433.39,6439.44,3.74,+0.06%,0
"2025-09-03 11:15",6448.07,6448.64,6435.02,6435.7,-12.34,-0.19%,0
"2025-09-03 11:00",6451.46,6453.67,6447.27,6448.04,-3.45,-0.05%,0
"2025-09-03 10:45",6449.16,6453.6,6447.87,6451.49,2.29,+0.04%,0
"2025-09-03 10:30",6435.59,6450.47,6435.59,6449.2,13.79,+0.21%,0
"2025-09-03 10:15",6428.36,6443.75,6428.36,6435.41,7.14,+0.11%,0
"2025-09-03 10:00",6432.46,6440.49,6428.1,6428.27,-3.44,-0.05%,0
"2025-09-03 09:45",6442.52,6443.1,6430.57,6431.71,-10.77,-0.17%,0
"2025-09-03 09:30",6445.82,6445.82,6436.3,6442.48,26.94,+0.42%,0
"2025-09-02 16:45",6415.54,6415.54,6415.54,6415.54,0,0.00%,0
"2025-09-02 16:15",6415.54,6415.54,6415.54,6415.54,0,0.00%,0
"2025-09-02 16:00",6414.63,6415.55,6414.63,6415.54,0.59,+0.01%,0
"2025-09-02 15:45",6407.27,6416.54,6404.66,6414.95,7.7,+0.12%,0
"2025-09-02 15:30",6402.61,6409.85,6402.09,6407.25,4.66,+0.07%,0
"2025-09-02 15:15",6398.89,6404.12,6397.86,6402.59,3.61,+0.06%,0
"2025-09-02 15:00",6392.18,6399.19,6391.64,6398.98,6.78,+0.11%,0
"2025-09-02 14:45",6386.73,6400.22,6385.88,6392.2,5.58,+0.09%,0
"2025-09-02 14:30",6388.56,6391.82,6385.1,6386.62,-1.92,-0.03%,0
"2025-09-02 14:15",6392.33,6393.06,6388.11,6388.54,-3.83,-0.06%,0
"2025-09-02 14:00",6395.09,6399.14,6391.91,6392.37,-2.78,-0.04%,0
"2025-09-02 13:45",6399.9,6401.5,6395.15,6395.15,-4.74,-0.07%,0
"2025-09-02 13:30",6387.7,6400.68,6387.65,6399.89,12.19,+0.19%,0
"2025-09-02 13:15",6378.53,6389.51,6378.13,6387.7,9.14,+0.14%,0
"2025-09-02 13:00",6380.41,6383.97,6377.2,6378.56,-1.68,-0.03%,0
"2025-09-02 12:45",6372.9,6380.39,6368.61,6380.24,7.4,+0.12%,0
"2025-09-02 12:30",6367.79,6375.72,6367.77,6372.84,5.01,+0.08%,0
"2025-09-02 12:15",6367.17,6371.61,6366.99,6367.83,0.7,+0.01%,0
"2025-09-02 12:00",6363.37,6367.82,6361.69,6367.13,3.88,+0.06%,0
"2025-09-02 11:45",6365.99,6368.03,6360.58,6363.25,-2.7,-0.04%,0
"2025-09-02 11:30",6377.21,6377.21,6365.57,6365.95,-11.31,-0.18%,0
"2025-09-02 11:15",6381.14,6382.1,6372.97,6377.26,-3.73,-0.06%,0
"2025-09-02 11:00",6388.21,6390.86,6380.15,6380.99,-7.42,-0.12%,0
"2025-09-02 10:45",6392.09,6393.49,6383.65,6388.41,-3.47,-0.05%,0
"2025-09-02 10:30",6405.46,6406.96,6391.38,6391.88,-13.74,-0.21%,0
"2025-09-02 10:15",6400.52,6405.62,6393.99,6405.62,5.1,+0.08%,0
"2025-09-02 10:00",6403.53,6412.01,6398.63,6400.52,-1.28,-0.02%,0
"2025-09-02 09:45",6381.78,6404.19,6375.61,6401.8,19.87,+0.31%,0
"2025-09-02 09:30",6401.51,6401.51,6369.57,6381.93,-78.33,-1.21%,0
"2025-08-29 17:30",6460.26,6460.26,6460.26,6460.26,0,0.00%,0
"2025-08-29 16:15",6460.26,6460.26,6460.26,6460.26,0,0.00%,0
"2025-08-29 16:00",6460.82,6461.07,6460.26,6460.26,-1.56,-0.02%,0
"2025-08-29 15:45",6460.59,6463.88,6450.45,6461.82,1.21,+0.02%,0
"2025-08-29 15:30",6458.49,6461.53,6454.19,6460.61,2.13,+0.03%,0
"2025-08-29 15:15",6458.74,6462.62,6457.03,6458.48,-0.28,0.00%,0
"2025-08-29 15:00",6457.58,6460.89,6456.01,6458.76,1.2,+0.02%,0
"2025-08-29 14:45",6455.74,6457.56,6454.8,6457.56,1.78,+0.03%,0
"2025-08-29 14:30",6455.53,6459.99,6455.53,6455.78,0.22,0.00%,0
"2025-08-29 14:15",6458.19,6459.47,6454.17,6455.56,-2.49,-0.04%,0
"2025-08-29 14:00",6459.54,6459.95,6455.39,6458.05,-1.45,-0.02%,0
"2025-08-29 13:45",6456.43,6462.71,6456.37,6459.5,3.13,+0.05%,0
"2025-08-29 13:30",6452.38,6456.88,6451.34,6456.37,4.13,+0.06%,0
"2025-08-29 13:15",6451.1,6453.34,6447.81,6452.24,1.16,+0.02%,0
"2025-08-29 13:00",6460.17,6460.17,6450.62,6451.08,-9.14,-0.14%,0
"2025-08-29 12:45",6462.17,6462.87,6459.15,6460.22,-1.81,-0.03%,0
"2025-08-29 12:30",6454.81,6462.11,6454.81,6462.03,7.23,+0.11%,0
"2025-08-29 12:15",6458.71,6460.37,6454.34,6454.8,-3.87,-0.06%,0
"2025-08-29 12:00",6451.31,6459.34,6450.95,6458.67,7.37,+0.11%,0
"2025-08-29 11:45",6454.67,6455.05,6450.28,6451.3,-3.34,-0.05%,0
"2025-08-29 11:30",6457.03,6457.97,6453.11,6454.64,-2.35,-0.04%,0
"2025-08-29 11:15",6456.54,6460.3,6454.54,6456.99,0.46,+0.01%,0
"2025-08-29 11:00",6450.6,6460.16,6449.88,6456.53,6.12,+0.09%,0
"2025-08-29 10:45",6455.04,6455.9,6444.57,6450.41,-4.84,-0.07%,0
"2025-08-29 10:30",6459.17,6463.37,6455.1,6455.25,-3.86,-0.06%,0
"2025-08-29 10:15",6455.87,6460.39,6449.52,6459.11,3.22,+0.05%,0
"2025-08-29 10:00",6467.93,6473.55,6450.6,6455.89,-12.11,-0.19%,0
"2025-08-29 09:45",6483.51,6483.51,6466.82,6468,-15.77,-0.24%,0
"2025-08-29 09:30",6489.28,6491.76,6480.63,6483.77,-18.09,-0.28%,0
"2025-08-28 16:45",6501.86,6501.86,6501.86,6501.86,0,0.00%,0
"2025-08-28 16:15",6501.86,6501.86,6501.86,6501.86,0,0.00%,0
"2025-08-28 16:00",6501.02,6502.02,6501.02,6501.86,-0.45,-0.01%,0
"2025-08-28 15:45",6504.51,6508.23,6501.27,6502.31,-2.16,-0.03%,0
"2025-08-28 15:30",6503,6504.83,6501.18,6504.47,1.54,+0.02%,0
"2025-08-28 15:15",6505.31,6505.31,6502.09,6502.93,-2.42,-0.04%,0
"2025-08-28 15:00",6503.54,6505.89,6502.63,6505.35,1.91,+0.03%,0
"2025-08-28 14:45",6501.82,6504.02,6501.66,6503.44,1.56,+0.02%,0
"2025-08-28 14:30",6500.35,6503.89,6500.35,6501.88,1.54,+0.02%,0
"2025-08-28 14:15",6498.23,6500.49,6497.37,6500.34,2.17,+0.03%,0
"2025-08-28 14:00",6497.59,6499,6497.09,6498.17,0.61,+0.01%,0
"2025-08-28 13:45",6497.2,6498.93,6496.66,6497.56,0.38,+0.01%,0
"2025-08-28 13:30",6494.95,6497.48,6494.95,6497.18,2.2,+0.03%,0
"2025-08-28 13:15",6491.53,6495.17,6490.88,6494.98,3.66,+0.06%,0
"2025-08-28 13:00",6490.63,6491.77,6488.63,6491.32,0.77,+0.01%,0
"2025-08-28 12:45",6493.62,6497.35,6490.31,6490.55,-3.,-0.05%,0
"2025-08-28 12:30",6495.28,6496.01,6490.79,6493.55,-1.65,-0.03%,0
"2025-08-28 12:15",6491.25,6496.19,6488.81,6495.2,3.98,+0.06%,0
"2025-08-28 12:00",6484.28,6491.22,6483.3,6491.22,6.82,+0.11%,0
"2025-08-28 11:45",6482.09,6485.44,6480.1,6484.4,2.2,+0.03%,0
"2025-08-28 11:30",6476.28,6484.56,6476.28,6482.2,5.8,+0.09%,0
"2025-08-28 11:15",6485.51,6490.03,6474.86,6476.4,-9.18,-0.14%,0
"2025-08-28 11:00",6483.07,6485.63,6480.98,6485.58,2.11,+0.03%,0
"2025-08-28 10:45",6482.12,6485.33,6479.71,6483.47,1.28,+0.02%,0
"2025-08-28 10:30",6473.35,6483.41,6473.35,6482.19,8.72,+0.13%,0
"2025-08-28 10:15",6478.15,6479.64,6472.44,6473.47,-4.68,-0.07%,0
"2025-08-28 10:00",6474.42,6480.67,6469.78,6478.15,5.4,+0.08%,0
"2025-08-28 09:45",6486.41,6487.66,6466.96,6472.75,-13.53,-0.21%,0
"2025-08-28 09:30",6483.84,6495.44,6482.92,6486.28,4.88,+0.08%,0
"2025-08-27 16:30",6481.4,6481.4,6481.4,6481.4,0,0.00%,0
"2025-08-27 16:15",6481.4,6481.4,6481.4,6481.4,0,0.00%,0
"2025-08-27 16:00",6480.84,6481.4,6480.84,6481.4,0.55,+0.01%,0
"2025-08-27 15:45",6485.21,6487.06,6480.85,6480.85,-4.41,-0.07%,0
"2025-08-27 15:30",6480.26,6485.98,6480.26,6485.26,5.04,+0.08%,0
"2025-08-27 15:15",6474.67,6480.76,6474.67,6480.22,5.5,+0.08%,0
"2025-08-27 15:00",6484.03,6484.03,6472.62,6474.72,-9.31,-0.14%,0
"2025-08-27 14:45",6485.43,6486.41,6483.66,6484.03,-1.38,-0.02%,0
"2025-08-27 14:30",6486.51,6486.62,6485.01,6485.41,-1.11,-0.02%,0
"2025-08-27 14:15",6485.91,6487.03,6484.35,6486.52,0.66,+0.01%,0
"2025-08-27 14:00",6481.1,6486.14,6479.45,6485.86,4.69,+0.07%,0
"2025-08-27 13:45",6480.15,6481.49,6479.25,6481.17,1.02,+0.02%,0
"2025-08-27 13:30",6478.17,6480.77,6478.15,6480.15,1.98,+0.03%,0
"2025-08-27 13:15",6478.8,6478.88,6476.3,6478.17,-0.59,-0.01%,0
"2025-08-27 13:00",6476.9,6479.15,6474.44,6478.76,1.83,+0.03%,0
"2025-08-27 12:45",6472.2,6478.99,6471.69,6476.93,4.53,+0.07%,0
"2025-08-27 12:30",6473.14,6474.29,6468.09,6472.4,-0.65,-0.01%,0
"2025-08-27 12:15",6478.24,6478.41,6468.76,6473.05,-5.24,-0.08%,0
"2025-08-27 12:00",6479.51,6480.09,6477.68,6478.29,-1.18,-0.02%,0
"2025-08-27 11:45",6476.97,6480.69,6476.59,6479.47,2.5,+0.04%,0
"2025-08-27 11:30",6476.96,6478.77,6472.62,6476.97,0.05,0.00%,0
"2025-08-27 11:15",6477.63,6479.33,6476.45,6476.92,-0.71,-0.01%,0
"2025-08-27 11:00",6475.56,6478.76,6475.56,6477.63,2.06,+0.03%,0
"2025-08-27 10:45",6474.92,6477.79,6471.91,6475.57,0.7,+0.01%,0
"2025-08-27 10:30",6474.89,6477.68,6474.53,6474.87,0.02,0.00%,0
"2025-08-27 10:15",6472.58,6477.24,6472.19,6474.85,2.4,+0.04%,0
"2025-08-27 10:00",6468.24,6472.75,6466.63,6472.45,4.81,+0.07%,0
"2025-08-27 09:45",6467.9,6468.68,6461.65,6467.64,-0.35,-0.01%,0
"2025-08-27 09:30",6462.26,6469.11,6457.84,6467.99,2.05,+0.03%,0
"2025-08-26 16:30",6465.94,6465.94,6465.94,6465.94,0,0.00%,0
"2025-08-26 16:15",6465.94,6465.94,6465.94,6465.94,0,0.00%,0
"2025-08-26 16:00",6465.91,6465.94,6465.86,6465.94,0.24,0.00%,0
"2025-08-26 15:45",6452.8,6468.37,6452.72,6465.7,13.01,+0.20%,0
"2025-08-26 15:30",6459.05,6461.79,6452.49,6452.69,-6.39,-0.10%,0
"2025-08-26 15:15",6452.5,6460.17,6451.94,6459.08,6.67,+0.10%,0
"2025-08-26 15:00",6452.43,6452.57,6449.91,6452.41,0.01,0.00%,0
"2025-08-26 14:45",6450.65,6453.35,6449.56,6452.4,1.74,+0.03%,0
"2025-08-26 14:30",6448.66,6451.85,6448.66,6450.66,2.02,+0.03%,0
"2025-08-26 14:15",6446.29,6448.64,6446.29,6448.64,2.31,+0.04%,0
"2025-08-26 14:00",6442,6447.33,6441.73,6446.33,4.34,+0.07%,0
"2025-08-26 13:45",6443.64,6443.91,6438.32,6441.99,-1.74,-0.03%,0
"2025-08-26 13:30",6448.37,6449.06,6442.71,6443.73,-4.76,-0.07%,0
"2025-08-26 13:15",6446.32,6448.97,6444.62,6448.49,2.16,+0.03%,0
"2025-08-26 13:00",6446.39,6447.83,6442.71,6446.33,-0.04,0.00%,0
"2025-08-26 12:45",6447.58,6447.82,6445.02,6446.37,-1.22,-0.02%,0
"2025-08-26 12:30",6446.94,6448.28,6446.52,6447.59,0.57,+0.01%,0
"2025-08-26 12:15",6445.92,6448.9,6445.1,6447.02,1.11,+0.02%,0
"2025-08-26 12:00",6441.32,6445.98,6441.32,6445.91,4.62,+0.07%,0
"2025-08-26 11:45",6440.43,6442.24,6437.85,6441.29,0.7,+0.01%,0
"2025-08-26 11:30",6437.98,6440.89,6436.71,6440.59,2.65,+0.04%,0
"2025-08-26 11:15",6441.21,6442.28,6437.41,6437.94,-2.97,-0.05%,0
"2025-08-26 11:00",6441.02,6442.22,6437.59,6440.91,0.04,0.00%,0
"2025-08-26 10:45",6442.84,6444.1,6438.91,6440.87,-2.02,-0.03%,0
"2025-08-26 10:30",6444.83,6445.56,6438.4,6442.89,-1.96,-0.03%,0
"2025-08-26 10:15",6441.22,6446.95,6440.51,6444.85,3.51,+0.05%,0
"2025-08-26 10:00",6439.31,6443.61,6437.92,6441.34,3.06,+0.05%,0
"2025-08-26 09:45",6441.74,6441.86,6429.21,6438.28,-3.41,-0.05%,0
"2025-08-26 09:30",6435.49,6442.3,6433.18,6441.69,2.37,+0.04%,0
"2025-08-25 16:45",6439.32,6439.32,6439.32,6439.32,0,0.00%,0
"2025-08-25 16:15",6439.32,6439.32,6439.32,6439.32,0,0.00%,0
"2025-08-25 16:00",6438.85,6439.32,6438.85,6439.32,-0.13,0.00%,0
"2025-08-25 15:45",6449.74,6450.06,6438.06,6439.45,-10.32,-0.16%,0
"2025-08-25 15:30",6450.98,6452.12,6449.45,6449.77,-1.28,-0.02%,0
"2025-08-25 15:15",6454.3,6454.33,6450.37,6451.05,-3.33,-0.05%,0
"2025-08-25 15:00",6453.91,6455.63,6452.37,6454.38,0.46,+0.01%,0
"2025-08-25 14:45",6454.63,6456.89,6453.43,6453.92,-0.75,-0.01%,0
"2025-08-25 14:30",6455.73,6456.22,6454.1,6454.67,-1.1,-0.02%,0
"2025-08-25 14:15",6459.44,6459.75,6454.11,6455.77,-3.6,-0.06%,0
"2025-08-25 14:00",6459.07,6459.55,6456.7,6459.37,0.33,+0.01%,0
"2025-08-25 13:45",6457.64,6460.83,6457.5,6459.04,1.32,+0.02%,0
"2025-08-25 13:30",6460.34,6461.79,6454.44,6457.72,-2.59,-0.04%,0
"2025-08-25 13:15",6461.72,6462.14,6458.3,6460.31,-1.43,-0.02%,0
"2025-08-25 13:00",6463.71,6463.9,6458.48,6461.74,-1.98,-0.03%,0
"2025-08-25 12:45",6465.88,6466.89,6462.95,6463.72,-2.33,-0.04%,0
"2025-08-25 12:30",6463.75,6466.36,6462.4,6466.05,2.27,+0.04%,0
"2025-08-25 12:15",6464.84,6465.11,6462.32,6463.78,-1.06,-0.02%,0
"2025-08-25 12:00",6464.22,6465.39,6463.25,6464.84,0.69,+0.01%,0
"2025-08-25 11:45",6461.33,6464.94,6460.11,6464.15,2.81,+0.04%,0
"2025-08-25 11:30",6463.68,6464.53,6459.25,6461.34,-2.33,-0.04%,0
"2025-08-25 11:15",6461.32,6464.77,6460.63,6463.67,2.36,+0.04%,0
"2025-08-25 11:00",6458.06,6461.73,6456.69,6461.31,3.21,+0.05%,0
"2025-08-25 10:45",6453.29,6458.67,6451.68,6458.1,4.84,+0.08%,0
"2025-08-25 10:30",6455.45,6457.98,6451.84,6453.26,-2.22,-0.03%,0
"2025-08-25 10:15",6455.81,6457.16,6452.07,6455.48,-0.4,-0.01%,0
"2025-08-25 10:00",6458.22,6461.17,6453.02,6455.88,-2.25,-0.03%,0
"2025-08-25 09:45",6455.67,6458.13,6450.59,6458.13,2.46,+0.04%,0
"2025-08-25 09:30",6457.67,6458.31,6448.04,6455.67,-11.24,-0.17%,0
"2025-08-22 16:30",6466.91,6466.91,6466.91,6466.91,0,0.00%,0
"2025-08-22 16:15",6466.91,6466.91,6466.91,6466.91,0,0.00%,0
"2025-08-22 16:00",6466.55,6466.92,6466.55,6466.91,0.56,+0.01%,0
"2025-08-22 15:45",6462.38,6468.62,6460.6,6466.35,3.92,+0.06%,0
"2025-08-22 15:30",6464.67,6466.24,6457.16,6462.43,-2.35,-0.04%,0
"2025-08-22 15:15",6467.71,6468.08,6464.58,6464.78,-3.03,-0.05%,0
"2025-08-22 15:00",6468.6,6470.32,6466.45,6467.81,-0.96,-0.01%,0
"2025-08-22 14:45",6468.15,6471.72,6467.45,6468.77,0.6,+0.01%,0
"2025-08-22 14:30",6468.01,6472.57,6466.89,6468.17,0.34,+0.01%,0
"2025-08-22 14:15",6470.76,6470.82,6467.39,6467.83,-2.91,-0.04%,0
"2025-08-22 14:00",6471.98,6474.32,6469.81,6470.74,-1.24,-0.02%,0
"2025-08-22 13:45",6476.21,6477.98,6471.3,6471.98,-4.19,-0.06%,0
"2025-08-22 13:30",6476.01,6476.64,6473.46,6476.17,0.16,0.00%,0
"2025-08-22 13:15",6470.95,6477.01,6470.14,6476.01,5.05,+0.08%,0
"2025-08-22 13:00",6461.13,6472.57,6461.13,6470.96,9.84,+0.15%,0
"2025-08-22 12:45",6464.75,6466.43,6457.33,6461.12,-3.65,-0.06%,0
"2025-08-22 12:30",6462.2,6468.04,6462.2,6464.77,2.53,+0.04%,0
"2025-08-22 12:15",6467.9,6468.65,6461.53,6462.24,-5.57,-0.09%,0
"2025-08-22 12:00",6467.88,6473.41,6466.69,6467.81,0.2,0.00%,0
"2025-08-22 11:45",6474.41,6476.95,6467.09,6467.61,-6.73,-0.10%,0
"2025-08-22 11:30",6473.8,6478.89,6472.47,6474.34,0.73,+0.01%,0
"2025-08-22 11:15",6470.23,6475.92,6469.69,6473.61,3.37,+0.05%,0
"2025-08-22 11:00",6471.24,6477.08,6469.77,6470.24,-1.03,-0.02%,0
"2025-08-22 10:45",6469.48,6475.47,6467.94,6471.27,2.08,+0.03%,0
"2025-08-22 10:30",6455.83,6469.84,6455.83,6469.19,13.04,+0.20%,0
"2025-08-22 10:15",6461.72,6469.61,6444.31,6456.15,-5.63,-0.09%,0
"2025-08-22 10:00",6399.01,6463.38,6399.01,6461.78,62.91,+0.98%,0
"2025-08-22 09:45",6408.42,6411.23,6395.57,6398.87,-9.53,-0.15%,0
"2025-08-22 09:30",6384.59,6408.4,6384.59,6408.4,38.23,+0.60%,0
"2025-08-21 17:00",6370.17,6370.17,6370.17,6370.17,0,0.00%,0
"2025-08-21 16:15",6370.17,6370.17,6370.17,6370.17,0,0.00%,0
"2025-08-21 16:00",6370.08,6370.19,6370.06,6370.17,-0.01,0.00%,0
"2025-08-21 15:45",6368.36,6372.96,6365.55,6370.18,1.87,+0.03%,0
"2025-08-21 15:30",6373.44,6373.48,6366.8,6368.31,-5.07,-0.08%,0
"2025-08-21 15:15",6377.28,6377.37,6373.17,6373.38,-3.89,-0.06%,0
"2025-08-21 15:00",6375.44,6379.03,6374.7,6377.27,1.85,+0.03%,0
"2025-08-21 14:45",6370.07,6376.58,6366.39,6375.42,5.4,+0.08%,0
"2025-08-21 14:30",6369.45,6373.8,6365.68,6370.02,0.57,+0.01%,0
"2025-08-21 14:15",6373,6375.65,6369.38,6369.45,-3.57,-0.06%,0
"2025-08-21 14:00",6372.72,6374.52,6368.81,6373.02,0.29,0.00%,0
"2025-08-21 13:45",6371.21,6375.48,6368.87,6372.73,1.72,+0.03%,0
"2025-08-21 13:30",6358.01,6372.32,6357.6,6371.01,12.98,+0.20%,0
"2025-08-21 13:15",6360.87,6361.8,6352.71,6358.03,-3.22,-0.05%,0
"2025-08-21 13:00",6362.35,6368.38,6360.59,6361.25,-1.06,-0.02%,0
"2025-08-21 12:45",6368.39,6373.4,6361.15,6362.31,-6.1,-0.10%,0
"2025-08-21 12:30",6366.49,6370.73,6364.29,6368.41,1.94,+0.03%,0
"2025-08-21 12:15",6368.78,6372.56,6364.49,6366.47,-2.28,-0.04%,0
"2025-08-21 12:00",6370.01,6370.52,6364.06,6368.75,-1.29,-0.02%,0
"2025-08-21 11:45",6387.74,6387.87,6368.81,6370.04,-17.69,-0.28%,0
"2025-08-21 11:30",6381.25,6389.67,6380.93,6387.73,6.47,+0.10%,0
"2025-08-21 11:15",6369.51,6385.97,6367.67,6381.26,11.73,+0.18%,0
"2025-08-21 11:00",6385.46,6388.33,6369.2,6369.53,-16.01,-0.25%,0
"2025-08-21 10:45",6381.69,6385.74,6378.06,6385.54,3.84,+0.06%,0
"2025-08-21 10:30",6393.48,6393.48,6375.76,6381.7,-11.69,-0.18%,0
"2025-08-21 10:15",6385.73,6393.65,6384.59,6393.39,7.67,+0.12%,0
"2025-08-21 10:00",6365.03,6387.69,6360.27,6385.72,20.58,+0.32%,0
"2025-08-21 09:45",6373.35,6374.73,6357.79,6365.14,-8.31,-0.13%,0
"2025-08-21 09:30",6380.83,6380.83,6366.78,6373.45,-22.33,-0.35%,0
"2025-08-20 16:45",6395.78,6395.78,6395.78,6395.78,0,0.00%,0
"2025-08-20 16:15",6395.78,6395.78,6395.78,6395.78,0,0.00%,0
"2025-08-20 16:00",6394.97,6395.8,6394.97,6395.78,0.9,+0.01%,0
"2025-08-20 15:45",6402.31,6405.1,6393.49,6394.88,-7.4,-0.12%,0
"2025-08-20 15:30",6398.08,6403.72,6397.22,6402.28,4.31,+0.07%,0
"2025-08-20 15:15",6397,6403.36,6395.39,6397.97,0.96,+0.02%,0
"2025-08-20 15:00",6381.84,6397.65,6381.84,6397.01,15.25,+0.24%,0
"2025-08-20 14:45",6382.23,6388.3,6381.37,6381.76,-0.46,-0.01%,0
"2025-08-20 14:30",6372.97,6383.04,6372.84,6382.22,9.25,+0.15%,0
"2025-08-20 14:15",6375.12,6375.41,6367.78,6372.97,-2.1,-0.03%,0
"2025-08-20 14:00",6386.44,6387.69,6371.9,6375.07,-11.42,-0.18%,0
"2025-08-20 13:45",6390.92,6394.28,6385.4,6386.49,-4.42,-0.07%,0
"2025-08-20 13:30",6380.35,6391.05,6380.11,6390.91,10.61,+0.17%,0
"2025-08-20 13:15",6379.95,6386.5,6378.22,6380.3,0.46,+0.01%,0
"2025-08-20 13:00",6377.41,6385.67,6376.31,6379.84,2.42,+0.04%,0
"2025-08-20 12:45",6384.67,6385.74,6374.57,6377.42,-7.3,-0.11%,0
"2025-08-20 12:30",6389,6389.15,6379.32,6384.72,-4.32,-0.07%,0
"2025-08-20 12:15",6378,6389.34,6377.67,6389.04,11.08,+0.17%,0
"2025-08-20 12:00",6365.98,6378.08,6365.37,6377.96,12.04,+0.19%,0
"2025-08-20 11:45",6377.93,6379.95,6362.16,6365.92,-11.98,-0.19%,0
"2025-08-20 11:30",6378.4,6383.31,6376.23,6377.9,-0.65,-0.01%,0
"2025-08-20 11:15",6363.12,6379.05,6363.12,6378.55,15.39,+0.24%,0
"2025-08-20 11:00",6347.99,6363.44,6346.5,6363.16,15.15,+0.24%,0
"2025-08-20 10:45",6349.32,6352.35,6343.86,6348.01,-1.51,-0.02%,0
"2025-08-20 10:30",6353.43,6358.03,6348.49,6349.52,-3.97,-0.06%,0
"2025-08-20 10:15",6358.88,6365.83,6350.48,6353.49,-5.81,-0.09%,0
"2025-08-20 10:00",6367.9,6377.13,6355.78,6359.3,-9.,-0.14%,0
"2025-08-20 09:45",6395.36,6395.68,6364.41,6368.3,-27.21,-0.43%,0
"2025-08-20 09:30",6406.62,6408.4,6394.81,6395.51,-15.86,-0.25%,0
"2025-08-19 16:45",6411.37,6411.37,6411.37,6411.37,0,0.00%,0
"2025-08-19 16:15",6411.37,6411.37,6411.37,6411.37,0,0.00%,0
"2025-08-19 16:00",6411.53,6411.58,6411.37,6411.37,-0.43,-0.01%,0
"2025-08-19 15:45",6409.04,6413.47,6402.57,6411.8,2.79,+0.04%,0
"2025-08-19 15:30",6407.05,6409.5,6406.83,6409.01,2.04,+0.03%,0
"2025-08-19 15:15",6402.39,6407.33,6400.97,6406.97,4.57,+0.07%,0
"2025-08-19 15:00",6406.46,6406.46,6400.22,6402.4,-3.92,-0.06%,0
"2025-08-19 14:45",6403.93,6407.6,6402.08,6406.32,2.45,+0.04%,0
"2025-08-19 14:30",6406.1,6406.9,6401.92,6403.87,-2.29,-0.04%,0
"2025-08-19 14:15",6407.42,6408.25,6404.69,6406.16,-1.4,-0.02%,0
"2025-08-19 14:00",6413.85,6413.88,6404.23,6407.56,-6.23,-0.10%,0
"2025-08-19 13:45",6414.55,6415.26,6411.73,6413.79,-0.74,-0.01%,0
"2025-08-19 13:30",6412.61,6416.23,6412.06,6414.53,1.85,+0.03%,0
"2025-08-19 13:15",6410.01,6413.6,6405.32,6412.68,2.7,+0.04%,0
"2025-08-19 13:00",6411.28,6412.14,6403.39,6409.98,-1.28,-0.02%,0
"2025-08-19 12:45",6412.29,6415.05,6408.32,6411.26,-1.11,-0.02%,0
"2025-08-19 12:30",6418.58,6420.66,6410.83,6412.37,-6.21,-0.10%,0
"2025-08-19 12:15",6417.18,6422.94,6417.18,6418.58,1.4,+0.02%,0
"2025-08-19 12:00",6422.42,6425.73,6416.23,6417.18,-5.24,-0.08%,0
"2025-08-19 11:45",6428.67,6429.34,6421.66,6422.42,-6.17,-0.10%,0
"2025-08-19 11:30",6430.95,6434.09,6426.67,6428.59,-2.35,-0.04%,0
"2025-08-19 11:15",6429.47,6431.69,6425.87,6430.94,1.54,+0.02%,0
"2025-08-19 11:00",6427.51,6430.48,6420.66,6429.4,1.78,+0.03%,0
"2025-08-19 10:45",6437.7,6437.82,6427.62,6427.62,-10.14,-0.16%,0
"2025-08-19 10:30",6444.99,6450.27,6434.21,6437.76,-7.45,-0.12%,0
"2025-08-19 10:15",6452.76,6454.32,6443.25,6445.21,-7.67,-0.12%,0
"2025-08-19 10:00",6444.36,6456.48,6444.36,6452.88,8.85,+0.14%,0
"2025-08-19 09:45",6444.18,6447.39,6438.49,6444.03,-0.18,0.00%,0
"2025-08-19 09:30",6446.24,6450.13,6435.47,6444.21,-4.94,-0.08%,0
"2025-08-18 16:45",6449.15,6449.15,6449.15,6449.15,0,0.00%,0
"2025-08-18 16:15",6449.15,6449.15,6449.15,6449.15,0,0.00%,0
"2025-08-18 16:00",6448.79,6449.16,6448.79,6449.15,-0.09,0.00%,0
"2025-08-18 15:45",6450.02,6454.11,6448.15,6449.24,-0.77,-0.01%,0
"2025-08-18 15:30",6447.93,6451.19,6447.01,6450.01,2.05,+0.03%,0
"2025-08-18 15:15",6447.34,6449.6,6446.58,6447.96,0.66,+0.01%,0
"2025-08-18 15:00",6449.73,6450.88,6446.85,6447.3,-2.24,-0.03%,0
"2025-08-18 14:45",6446.55,6451.1,6445.83,6449.54,3.04,+0.05%,0
"2025-08-18 14:30",6443.28,6446.8,6443.23,6446.5,3.23,+0.05%,0
"2025-08-18 14:15",6442.68,6445.09,6440.58,6443.27,0.61,+0.01%,0
"2025-08-18 14:00",6443.75,6445.82,6441.28,6442.66,-1.07,-0.02%,0
"2025-08-18 13:45",6444.34,6444.66,6442.51,6443.73,-0.6,-0.01%,0
"2025-08-18 13:30",6447.25,6453.58,6442.97,6444.33,-2.88,-0.04%,0
"2025-08-18 13:15",6445.91,6447.47,6444.63,6447.21,1.25,+0.02%,0
"2025-08-18 13:00",6440.53,6446.26,6440.33,6445.96,5.48,+0.09%,0
"2025-08-18 12:45",6441.68,6442.17,6437.7,6440.48,-1.27,-0.02%,0
"2025-08-18 12:30",6446.74,6449.09,6439.96,6441.75,-5.,-0.08%,0
"2025-08-18 12:15",6444.57,6448.27,6443.73,6446.75,2.17,+0.03%,0
"2025-08-18 12:00",6443.35,6447.43,6442.71,6444.58,1.19,+0.02%,0
"2025-08-18 11:45",6444.31,6446.13,6442.11,6443.39,-0.9,-0.01%,0
"2025-08-18 11:30",6443.08,6445.84,6441.31,6444.29,1.29,+0.02%,0
"2025-08-18 11:15",6444.78,6448.39,6442.38,6443,-1.76,-0.03%,0
"2025-08-18 11:00",6448.06,6449.7,6444.6,6444.76,-3.32,-0.05%,0
"2025-08-18 10:45",6446.8,6450,6439.68,6448.08,1.26,+0.02%,0
"2025-08-18 10:30",6446.25,6450.56,6442.87,6446.82,0.22,0.00%,0
"2025-08-18 10:15",6448.63,6455.35,6446.6,6446.6,-1.79,-0.03%,0
"2025-08-18 10:00",6443.88,6450.12,6443.8,6448.39,5.15,+0.08%,0
"2025-08-18 09:45",6447.73,6454.12,6441.78,6443.24,-4.84,-0.08%,0
"2025-08-18 09:30",6445.02,6451.23,6442.99,6448.08,-1.72,-0.03%,0
"2025-08-15 16:30",6449.8,6449.8,6449.8,6449.8,0,0.00%,0
"2025-08-15 16:15",6449.8,6449.8,6449.8,6449.8,0,0.00%,0
"2025-08-15 16:00",6449.68,6450.22,6449.68,6449.8,-0.32,0.00%,0
"2025-08-15 15:45",6455.52,6456.82,6447.5,6450.12,-5.39,-0.08%,0
"2025-08-15 15:30",6454.29,6456.89,6452.64,6455.51,1.23,+0.02%,0
"2025-08-15 15:15",6455.37,6456.23,6452.01,6454.28,-1.16,-0.02%,0
"2025-08-15 15:00",6458.48,6458.73,6450.33,6455.44,-3.03,-0.05%,0
"2025-08-15 14:45",6458.7,6460.95,6455.12,6458.47,-0.25,0.00%,0
"2025-08-15 14:30",6461.9,6462.62,6458.33,6458.72,-3.08,-0.05%,0
"2025-08-15 14:15",6460.73,6462.32,6456.36,6461.8,1.05,+0.02%,0
"2025-08-15 14:00",6464.17,6464.79,6457.8,6460.75,-3.41,-0.05%,0
"2025-08-15 13:45",6458.48,6464.49,6457.69,6464.16,5.69,+0.09%,0
"2025-08-15 13:30",6457.96,6461.77,6457.96,6458.47,0.56,+0.01%,0
"2025-08-15 13:15",6457.14,6458.82,6453.61,6457.91,0.79,+0.01%,0
"2025-08-15 13:00",6457.28,6459.07,6455.2,6457.12,-0.13,0.00%,0
"2025-08-15 12:45",6454.13,6458.86,6453.15,6457.25,3.11,+0.05%,0
"2025-08-15 12:30",6449.35,6455.02,6449.28,6454.14,4.94,+0.08%,0
"2025-08-15 12:15",6455.57,6455.57,6448.86,6449.2,-6.35,-0.10%,0
"2025-08-15 12:00",6450.67,6455.55,6447.18,6455.55,4.96,+0.08%,0
"2025-08-15 11:45",6442.58,6457.66,6442.54,6450.59,8.02,+0.12%,0
"2025-08-15 11:30",6451.38,6456.26,6441.85,6442.57,-8.79,-0.14%,0
"2025-08-15 11:15",6454.87,6458.76,6450.93,6451.36,-3.63,-0.06%,0
"2025-08-15 11:00",6451.87,6455.54,6448.97,6454.99,3.21,+0.05%,0
"2025-08-15 10:45",6454.91,6455.2,6449.78,6451.78,-3.06,-0.05%,0
"2025-08-15 10:30",6458.44,6459.54,6454.25,6454.84,-3.66,-0.06%,0
"2025-08-15 10:15",6460.98,6463.44,6453.38,6458.5,-2.55,-0.04%,0
"2025-08-15 10:00",6457.54,6461.83,6451.38,6461.05,3.25,+0.05%,0
"2025-08-15 09:45",6469.02,6469.2,6453.53,6457.8,-11.44,-0.18%,0
"2025-08-15 09:30",6477.38,6481.34,6468.07,6469.24,0.7,+0.01%,0
"2025-08-14 16:30",6468.54,6468.54,6468.54,6468.54,0,0.00%,0
"2025-08-14 16:15",6468.54,6468.54,6468.54,6468.54,0,0.00%,0
"2025-08-14 16:00",6467.73,6468.54,6467.73,6468.54,0.74,+0.01%,0
"2025-08-14 15:45",6469.44,6473.56,6467.8,6467.8,-1.61,-0.02%,0
"2025-08-14 15:30",6467.53,6470.38,6465.79,6469.41,1.84,+0.03%,0
"2025-08-14 15:15",6466.93,6472.07,6466.15,6467.57,0.62,+0.01%,0
"2025-08-14 15:00",6463.36,6467.11,6462.5,6466.95,3.56,+0.06%,0
"2025-08-14 14:45",6464,6466.66,6461.88,6463.39,-0.58,-0.01%,0
"2025-08-14 14:30",6458.29,6464.04,6457.34,6463.97,5.63,+0.09%,0
"2025-08-14 14:15",6459.36,6462.41,6456.76,6458.34,-0.9,-0.01%,0
"2025-08-14 14:00",6464.63,6464.66,6459.13,6459.24,-5.5,-0.09%,0
"2025-08-14 13:45",6463.44,6465.79,6460.79,6464.74,1.3,+0.02%,0
"2025-08-14 13:30",6467.88,6468.06,6460.53,6463.44,-4.49,-0.07%,0
"2025-08-14 13:15",6463.02,6468.14,6462.8,6467.93,4.98,+0.08%,0
"2025-08-14 13:00",6459.76,6462.95,6459.22,6462.95,3.14,+0.05%,0
"2025-08-14 12:45",6451.06,6460.07,6450.05,6459.81,8.81,+0.14%,0
"2025-08-14 12:30",6449.28,6453.14,6447.98,6451,1.52,+0.02%,0
"2025-08-14 12:15",6445.14,6454.52,6444.98,6449.48,4.24,+0.07%,0
"2025-08-14 12:00",6458.53,6458.81,6444.98,6445.24,-13.4,-0.21%,0
"2025-08-14 11:45",6451.7,6459.65,6450.52,6458.64,6.82,+0.11%,0
"2025-08-14 11:30",6451.19,6455.3,6448.26,6451.82,0.44,+0.01%,0
"2025-08-14 11:15",6461.11,6463.97,6448.08,6451.38,-9.77,-0.15%,0
"2025-08-14 11:00",6465.13,6465.63,6459.79,6461.15,-4.06,-0.06%,0
"2025-08-14 10:45",6466.62,6473.92,6463.43,6465.21,-1.52,-0.02%,0
"2025-08-14 10:30",6460.68,6468.77,6460.64,6466.73,6.17,+0.10%,0
"2025-08-14 10:15",6456.39,6463.91,6455.56,6460.56,4.24,+0.07%,0
"2025-08-14 10:00",6458.54,6460.7,6454.97,6456.32,-2.2,-0.03%,0
"2025-08-14 09:45",6452.22,6461.26,6449.41,6458.52,6.43,+0.10%,0
"2025-08-14 09:30",6453.46,6453.46,6441.07,6452.09,-14.49,-0.22%,0
"2025-08-13 16:45",6466.58,6466.58,6466.58,6466.58,0,0.00%,0
"2025-08-13 16:15",6466.58,6466.58,6466.58,6466.58,0,0.00%,0
"2025-08-13 16:00",6466.4,6466.65,6466.4,6466.58,-0.21,0.00%,0
"2025-08-13 15:45",6458.63,6468.23,6458.63,6466.79,8.26,+0.13%,0
"2025-08-13 15:30",6460.72,6461.25,6457.01,6458.53,-2.24,-0.03%,0
"2025-08-13 15:15",6460.6,6464.66,6460.13,6460.77,0.23,0.00%,0
"2025-08-13 15:00",6458.08,6460.61,6456.47,6460.54,2.5,+0.04%,0
"2025-08-13 14:45",6456.55,6460.62,6456.45,6458.04,1.42,+0.02%,0
"2025-08-13 14:30",6457.03,6460.16,6449.83,6456.62,-0.36,-0.01%,0
"2025-08-13 14:15",6459.34,6459.58,6456.17,6456.98,-2.57,-0.04%,0
"2025-08-13 14:00",6453.72,6460.05,6452.38,6459.55,5.72,+0.09%,0
"2025-08-13 13:45",6447.09,6454.58,6446.77,6453.83,6.69,+0.10%,0
"2025-08-13 13:30",6454.29,6454.96,6445.99,6447.14,-7.14,-0.11%,0
"2025-08-13 13:15",6445.82,6454.45,6445.26,6454.28,8.37,+0.13%,0
"2025-08-13 13:00",6447.77,6453.16,6445.68,6445.91,-1.88,-0.03%,0
"2025-08-13 12:45",6449.7,6449.73,6445.02,6447.79,-1.95,-0.03%,0
"2025-08-13 12:30",6450.82,6453.18,6447.83,6449.74,-1.11,-0.02%,0
"2025-08-13 12:15",6455.4,6456.85,6450.16,6450.85,-4.52,-0.07%,0
"2025-08-13 12:00",6452.21,6456.69,6451.99,6455.37,3.24,+0.05%,0
"2025-08-13 11:45",6459.75,6460.06,6451.46,6452.13,-7.61,-0.12%,0
"2025-08-13 11:30",6454.32,6460.19,6452.89,6459.74,5.21,+0.08%,0
"2025-08-13 11:15",6450.37,6458.45,6447.99,6454.53,3.98,+0.06%,0
"2025-08-13 11:00",6456.08,6457.65,6449.82,6450.55,-5.56,-0.09%,0
"2025-08-13 10:45",6460.52,6461.01,6453.95,6456.11,-4.53,-0.07%,0
"2025-08-13 10:30",6460.58,6461.77,6456.7,6460.64,0.44,+0.01%,0
"2025-08-13 10:15",6469.53,6470.53,6458.34,6460.2,-9.34,-0.14%,0
"2025-08-13 10:00",6474.33,6474.82,6467.18,6469.54,-5.05,-0.08%,0
"2025-08-13 09:45",6473.68,6480.28,6472.11,6474.59,1.07,+0.02%,0
"2025-08-13 09:30",6462.67,6473.66,6462.67,6473.52,27.76,+0.43%,0
"2025-08-12 16:45",6445.76,6445.76,6445.76,6445.76,0,0.00%,0
"2025-08-12 16:15",6445.76,6445.76,6445.76,6445.76,0,0.00%,0
"2025-08-12 16:00",6445.68,6445.82,6445.62,6445.76,0.46,+0.01%,0
"2025-08-12 15:45",6439.48,6446.55,6437.32,6445.3,5.81,+0.09%,0
"2025-08-12 15:30",6441.25,6444.84,6438.87,6439.49,-1.75,-0.03%,0
"2025-08-12 15:15",6440.03,6442.18,6439.88,6441.24,1.18,+0.02%,0
"2025-08-12 15:00",6438.53,6441.5,6438.35,6440.06,1.56,+0.02%,0
"2025-08-12 14:45",6439.58,6440.65,6438.39,6438.5,-1.07,-0.02%,0
"2025-08-12 14:30",6440.44,6440.77,6438.12,6439.57,-0.79,-0.01%,0
"2025-08-12 14:15",6441.66,6444.25,6440.27,6440.36,-1.35,-0.02%,0
"2025-08-12 14:00",6438.52,6442.01,6438.52,6441.71,3.21,+0.05%,0
"2025-08-12 13:45",6436.26,6439.26,6436.23,6438.5,2.27,+0.04%,0
"2025-08-12 13:30",6433.16,6437.54,6432.36,6436.23,3.11,+0.05%,0
"2025-08-12 13:15",6434.67,6436.39,6432.84,6433.12,-1.59,-0.02%,0
"2025-08-12 13:00",6435.2,6435.74,6432.66,6434.71,-0.56,-0.01%,0
"2025-08-12 12:45",6433.19,6438.14,6433.1,6435.27,2.04,+0.03%,0
"2025-08-12 12:30",6432.09,6434.53,6431.83,6433.23,1.17,+0.02%,0
"2025-08-12 12:15",6428.22,6432.89,6428.02,6432.06,3.84,+0.06%,0
"2025-08-12 12:00",6430.08,6430.08,6426.96,6428.22,-1.75,-0.03%,0
"2025-08-12 11:45",6427.09,6430.48,6424.7,6429.97,2.99,+0.05%,0
"2025-08-12 11:30",6422.38,6427.81,6420.57,6426.98,4.7,+0.07%,0
"2025-08-12 11:15",6423.79,6428.75,6421.13,6422.28,-1.31,-0.02%,0
"2025-08-12 11:00",6416.7,6426.5,6416.4,6423.59,6.8,+0.11%,0
"2025-08-12 10:45",6411.76,6420.21,6409.09,6416.79,5.12,+0.08%,0
"2025-08-12 10:30",6411.16,6412.24,6406.73,6411.67,0.8,+0.01%,0
"2025-08-12 10:15",6407.1,6413.35,6405.24,6410.87,3.75,+0.06%,0
"2025-08-12 10:00",6391.27,6407.61,6385.76,6407.12,15.84,+0.25%,0
"2025-08-12 09:45",6400.67,6405.42,6388.33,6391.28,-9.37,-0.15%,0
"2025-08-12 09:30",6395.17,6416.46,6395.17,6400.65,27.2,+0.43%,0
"2025-08-11 16:45",6373.45,6373.45,6373.45,6373.45,0,0.00%,0
"2025-08-11 16:15",6373.45,6373.45,6373.45,6373.45,0,0.00%,0
"2025-08-11 16:00",6374.32,6374.6,6373.45,6373.45,-1.04,-0.02%,0
"2025-08-11 15:45",6378.59,6378.59,6364.06,6374.49,-4.1,-0.06%,0
"2025-08-11 15:30",6380.61,6381.46,6377.47,6378.59,-2.02,-0.03%,0
"2025-08-11 15:15",6381.8,6382.86,6378.67,6380.61,-1.15,-0.02%,0
"2025-08-11 15:00",6383.23,6384.25,6381.76,6381.76,-1.54,-0.02%,0
"2025-08-11 14:45",6375.67,6384.13,6374.31,6383.3,7.28,+0.11%,0
"2025-08-11 14:30",6382.8,6386.3,6376.02,6376.02,-6.79,-0.11%,0
"2025-08-11 14:15",6383.97,6386.22,6381.56,6382.81,-1.1,-0.02%,0
"2025-08-11 14:00",6385.42,6386.24,6381.27,6383.91,-1.54,-0.02%,0
"2025-08-11 13:45",6385.53,6388.03,6382.32,6385.45,-0.1,0.00%,0
"2025-08-11 13:30",6389.6,6391.88,6383.35,6385.55,-4.05,-0.06%,0
"2025-08-11 13:15",6389.43,6391.22,6387.85,6389.6,0.15,0.00%,0
"2025-08-11 13:00",6391.77,6394.07,6389.44,6389.45,-2.27,-0.04%,0
"2025-08-11 12:45",6392.15,6395.62,6391.64,6391.72,-0.34,-0.01%,0
"2025-08-11 12:30",6403.6,6403.85,6391.97,6392.06,-11.57,-0.18%,0
"2025-08-11 12:15",6404.24,6404.49,6401.26,6403.63,-0.46,-0.01%,0
"2025-08-11 12:00",6396.69,6407.25,6395.85,6404.09,7.51,+0.12%,0
"2025-08-11 11:45",6388.73,6396.72,6387.65,6396.58,7.8,+0.12%,0
"2025-08-11 11:30",6388.78,6390.16,6385.95,6388.78,0.02,0.00%,0
"2025-08-11 11:15",6389.67,6391.22,6388.34,6388.76,-0.88,-0.01%,0
"2025-08-11 11:00",6386.07,6389.64,6384.09,6389.64,3.55,+0.06%,0
"2025-08-11 10:45",6391.06,6391.75,6383.79,6386.09,-4.89,-0.08%,0
"2025-08-11 10:30",6390.85,6392.22,6388.74,6390.98,0.18,0.00%,0
"2025-08-11 10:15",6393.55,6397.94,6390.45,6390.8,-2.51,-0.04%,0
"2025-08-11 10:00",6395.59,6397.57,6392.15,6393.31,-1.5,-0.02%,0
"2025-08-11 09:45",6394.41,6395.08,6387.1,6394.81,0.34,+0.01%,0
"2025-08-11 09:30",6389.67,6396.27,6385.89,6394.47,5.02,+0.08%,0
"2025-08-08 16:45",6389.45,6389.45,6389.45,6389.45,0,0.00%,0
"2025-08-08 16:15",6389.45,6389.45,6389.45,6389.45,0,0.00%,0
"2025-08-08 16:00",6389.97,6389.97,6389.45,6389.45,-0.74,-0.01%,0
"2025-08-08 15:45",6382.82,6390.76,6379.4,6390.19,7.35,+0.12%,0
"2025-08-08 15:30",6390.93,6390.94,6382.45,6382.84,-8.18,-0.13%,0
"2025-08-08 15:15",6390.6,6394.49,6389.98,6391.02,0.4,+0.01%,0
"2025-08-08 15:00",6390.91,6391.67,6389.11,6390.62,-0.2,0.00%,0
"2025-08-08 14:45",6392.24,6393.73,6390.73,6390.82,-1.4,-0.02%,0
"2025-08-08 14:30",6390.64,6393.49,6390.42,6392.22,1.62,+0.03%,0
"2025-08-08 14:15",6392.25,6393.94,6388.32,6390.6,-1.66,-0.03%,0
"2025-08-08 14:00",6390.62,6395.16,6390.62,6392.26,1.64,+0.03%,0
"2025-08-08 13:45",6389.8,6392.14,6388.68,6390.62,0.8,+0.01%,0
"2025-08-08 13:30",6382.52,6390.78,6382.38,6389.82,7.37,+0.12%,0
"2025-08-08 13:15",6384.02,6386.67,6380.07,6382.45,-1.61,-0.03%,0
"2025-08-08 13:00",6384.39,6385.66,6380.53,6384.06,-0.4,-0.01%,0
"2025-08-08 12:45",6388.58,6389.68,6383.42,6384.46,-4.07,-0.06%,0
"2025-08-08 12:30",6388.08,6390.15,6385.49,6388.53,0.32,+0.01%,0
"2025-08-08 12:15",6386.08,6391.33,6385.57,6388.21,2.12,+0.03%,0
"2025-08-08 12:00",6382.11,6386.39,6381.86,6386.09,3.95,+0.06%,0
"2025-08-08 11:45",6368.22,6382.57,6368,6382.14,13.87,+0.22%,0
"2025-08-08 11:30",6378.92,6379.08,6367.96,6368.27,-10.73,-0.17%,0
"2025-08-08 11:15",6382.04,6382.41,6376.98,6379,-3.02,-0.05%,0
"2025-08-08 11:00",6377,6383.25,6374.93,6382.02,5.25,+0.08%,0
"2025-08-08 10:45",6384.08,6384.08,6375.77,6376.77,-7.35,-0.12%,0
"2025-08-08 10:30",6383.13,6388.95,6381.64,6384.12,1.04,+0.02%,0
"2025-08-08 10:15",6379.76,6383.44,6376.65,6383.08,3.27,+0.05%,0
"2025-08-08 10:00",6376.41,6386.43,6375.93,6379.81,3.46,+0.05%,0
"2025-08-08 09:45",6365.65,6377.62,6365.65,6376.35,10.92,+0.17%,0
"2025-08-08 09:30",6355.22,6366.99,6355.22,6365.43,25.43,+0.40%,0
"2025-08-07 16:45",6340,6340,6340,6340,0,0.00%,0
"2025-08-07 16:15",6340,6340,6340,6340,0,0.00%,0
"2025-08-07 16:00",6341.56,6341.56,6340,6340,-1.08,-0.02%,0
"2025-08-07 15:45",6331.59,6341.08,6327.72,6341.08,9.54,+0.15%,0
"2025-08-07 15:30",6321.9,6331.77,6321.9,6331.54,9.64,+0.15%,0
"2025-08-07 15:15",6321.38,6323.63,6319.38,6321.9,0.43,+0.01%,0
"2025-08-07 15:00",6324.5,6326.67,6321.05,6321.47,-3.07,-0.05%,0
"2025-08-07 14:45",6314.96,6327.41,6314.7,6324.54,9.58,+0.15%,0
"2025-08-07 14:30",6317.91,6322.1,6313.83,6314.96,-3.08,-0.05%,0
"2025-08-07 14:15",6317.4,6318.45,6310.32,6318.04,0.62,+0.01%,0
"2025-08-07 14:00",6326.82,6328.97,6315.01,6317.42,-9.44,-0.15%,0
"2025-08-07 13:45",6323.44,6329.44,6321.99,6326.86,3.33,+0.05%,0
"2025-08-07 13:30",6319.46,6324.74,6316.12,6323.53,4.08,+0.06%,0
"2025-08-07 13:15",6325,6329.06,6319.45,6319.45,-5.56,-0.09%,0
"2025-08-07 13:00",6331.83,6337.87,6323.22,6325.01,-6.86,-0.11%,0
"2025-08-07 12:45",6324.87,6338.95,6319.88,6331.87,7.2,+0.11%,0
"2025-08-07 12:30",6341.86,6344.66,6323.98,6324.67,-17.16,-0.27%,0
"2025-08-07 12:15",6341.06,6344.86,6339.2,6341.83,0.76,+0.01%,0
"2025-08-07 12:00",6337.77,6342.13,6331.68,6341.07,2.8,+0.04%,0
"2025-08-07 11:45",6337.18,6341.58,6333.17,6338.27,1.03,+0.02%,0
"2025-08-07 11:30",6338.87,6343.06,6335.84,6337.24,-1.57,-0.02%,0
"2025-08-07 11:15",6341.24,6349.19,6337.15,6338.81,-2.51,-0.04%,0
"2025-08-07 11:00",6346.8,6350.28,6340.43,6341.32,-5.05,-0.08%,0
"2025-08-07 10:45",6359.47,6361.73,6343.65,6346.37,-13.14,-0.21%,0
"2025-08-07 10:30",6356.92,6359.51,6351.81,6359.51,2.89,+0.05%,0
"2025-08-07 10:15",6365.83,6366.13,6350.73,6356.62,-9.22,-0.14%,0
"2025-08-07 10:00",6384.07,6387.93,6363.26,6365.84,-18.18,-0.28%,0
"2025-08-07 09:45",6382.07,6384.49,6373.34,6384.02,1.75,+0.03%,0
"2025-08-07 09:30",6374.32,6389.71,6374.32,6382.27,37.21,+0.59%,0
"2025-08-06 16:30",6345.06,6345.06,6345.06,6345.06,0,0.00%,0
"2025-08-06 16:15",6345.06,6345.06,6345.06,6345.06,0,0.00%,0
"2025-08-06 16:00",6345.25,6345.37,6345.06,6345.06,0.28,0.00%,0
"2025-08-06 15:45",6348.65,6349.04,6343.18,6344.78,-3.79,-0.06%,0
"2025-08-06 15:30",6348.97,6352.83,6348.36,6348.57,-0.44,-0.01%,0
"2025-08-06 15:15",6346.35,6350.3,6345.81,6349.01,2.62,+0.04%,0
"2025-08-06 15:00",6345.1,6347.93,6344.76,6346.39,1.22,+0.02%,0
"2025-08-06 14:45",6347.58,6348.85,6344.41,6345.17,-2.47,-0.04%,0
"2025-08-06 14:30",6348.64,6350.75,6346.04,6347.64,-1.05,-0.02%,0
"2025-08-06 14:15",6347,6349.13,6345.4,6348.69,1.64,+0.03%,0
"2025-08-06 14:00",6341.3,6349.49,6341.04,6347.05,5.77,+0.09%,0
"2025-08-06 13:45",6344.49,6344.88,6338.99,6341.28,-3.27,-0.05%,0
"2025-08-06 13:30",6342.19,6346.01,6340.9,6344.55,2.41,+0.04%,0
"2025-08-06 13:15",6340.43,6342.51,6338.88,6342.14,1.57,+0.02%,0
"2025-08-06 13:00",6341.69,6345.62,6339.93,6340.57,-1.11,-0.02%,0
"2025-08-06 12:45",6340.04,6343.62,6337.83,6341.68,1.64,+0.03%,0
"2025-08-06 12:30",6342.94,6348.15,6340,6340.04,-2.82,-0.04%,0
"2025-08-06 12:15",6344.5,6346.49,6341.49,6342.86,-1.64,-0.03%,0
"2025-08-06 12:00",6346.37,6348.16,6343.26,6344.5,-2.15,-0.03%,0
"2025-08-06 11:45",6340.33,6348.33,6339.91,6346.65,6.31,+0.10%,0
"2025-08-06 11:30",6338.87,6343.78,6331.78,6340.34,1.4,+0.02%,0
"2025-08-06 11:15",6328.99,6339.97,6328.42,6338.94,10,+0.16%,0
"2025-08-06 11:00",6328.65,6329.54,6324.32,6328.94,0.33,+0.01%,0
"2025-08-06 10:45",6320.6,6328.78,6318.37,6328.61,8.04,+0.13%,0
"2025-08-06 10:30",6306.84,6321.45,6303.84,6320.57,13.63,+0.22%,0
"2025-08-06 10:15",6314.12,6316.96,6301.11,6306.94,-7.23,-0.11%,0
"2025-08-06 10:00",6308.98,6324.45,6308.3,6314.17,5.13,+0.08%,0
"2025-08-06 09:45",6309.23,6318.25,6303.88,6309.04,0.22,0.00%,0
"2025-08-06 09:30",6309.3,6314.09,6301.88,6308.82,9.63,+0.15%,0
"2025-08-05 17:00",6299.19,6299.19,6299.19,6299.19,0,0.00%,0
"2025-08-05 16:15",6299.19,6299.19,6299.19,6299.19,0,0.00%,0
"2025-08-05 16:00",6299.1,6299.22,6299.1,6299.19,0,0.00%,0
"2025-08-05 15:45",6302.02,6305.16,6297.58,6299.19,-2.87,-0.05%,0
"2025-08-05 15:30",6308.92,6309.45,6301.93,6302.06,-6.81,-0.11%,0
"2025-08-05 15:15",6307.65,6309.8,6305.33,6308.87,1.22,+0.02%,0
"2025-08-05 15:00",6303.3,6309.01,6302.71,6307.65,4.31,+0.07%,0
"2025-08-05 14:45",6304.01,6306.86,6297.9,6303.34,-0.63,-0.01%,0
"2025-08-05 14:30",6306.34,6308.8,6301.91,6303.97,-2.22,-0.04%,0
"2025-08-05 14:15",6313.57,6313.74,6305.35,6306.19,-7.39,-0.12%,0
"2025-08-05 14:00",6320.85,6321.24,6313.58,6313.58,-7.22,-0.11%,0
"2025-08-05 13:45",6318.92,6322.3,6318.73,6320.8,1.89,+0.03%,0
"2025-08-05 13:30",6316.25,6320.16,6314.88,6318.91,2.68,+0.04%,0
"2025-08-05 13:15",6311.39,6317.06,6308.55,6316.23,4.89,+0.08%,0
"2025-08-05 13:00",6308.4,6311.94,6306.34,6311.34,2.87,+0.05%,0
"2025-08-05 12:45",6304.47,6310.99,6297.54,6308.47,3.94,+0.06%,0
"2025-08-05 12:30",6309.86,6315.1,6302.06,6304.53,-5.34,-0.08%,0
"2025-08-05 12:15",6305.56,6310.86,6305.56,6309.87,4.26,+0.07%,0
"2025-08-05 12:00",6299.99,6308.55,6299.2,6305.61,5.56,+0.09%,0
"2025-08-05 11:45",6295.59,6300.37,6292,6300.05,4.8,+0.08%,0
"2025-08-05 11:30",6298.71,6302.43,6291.07,6295.25,-3.16,-0.05%,0
"2025-08-05 11:15",6304.93,6305.64,6296.94,6298.41,-6.51,-0.10%,0
"2025-08-05 11:00",6298.11,6305.5,6293.36,6304.92,6.75,+0.11%,0
"2025-08-05 10:45",6296.63,6298.42,6289.37,6298.17,1.52,+0.02%,0
"2025-08-05 10:30",6317.07,6317.07,6295.16,6296.65,-20.35,-0.32%,0
"2025-08-05 10:15",6322.56,6324.8,6311.18,6317,-5.28,-0.08%,0
"2025-08-05 10:00",6339.47,6339.47,6321.96,6322.28,-16.59,-0.26%,0
"2025-08-05 09:45",6339.67,6346,6335.94,6338.87,-0.87,-0.01%,0
"2025-08-05 09:30",6336.63,6342.94,6331.72,6339.74,9.8,+0.15%,0
"2025-08-04 17:00",6329.94,6329.94,6329.94,6329.94,0,0.00%,0
"2025-08-04 16:15",6329.94,6329.94,6329.94,6329.94,0,0.00%,0
"2025-08-04 16:00",6330.07,6330.07,6329.93,6329.94,0.4,+0.01%,0
"2025-08-04 15:45",6322.37,6330.69,6321.65,6329.54,7.1,+0.11%,0
"2025-08-04 15:30",6321.73,6324.45,6318.18,6322.44,0.76,+0.01%,0
"2025-08-04 15:15",6320.78,6325.91,6320.66,6321.68,0.9,+0.01%,0
"2025-08-04 15:00",6317.59,6321.42,6316.89,6320.78,3.29,+0.05%,0
"2025-08-04 14:45",6318.89,6319.92,6316.91,6317.49,-1.46,-0.02%,0
"2025-08-04 14:30",6319.29,6323.15,6318.15,6318.95,-0.4,-0.01%,0
"2025-08-04 14:15",6317.82,6320.62,6317.04,6319.35,1.36,+0.02%,0
"2025-08-04 14:00",6317.29,6322.27,6316.91,6317.99,0.56,+0.01%,0
"2025-08-04 13:45",6319.01,6319.79,6313.89,6317.43,-1.57,-0.02%,0
"2025-08-04 13:30",6322.54,6324.05,6318.47,6319,-3.39,-0.05%,0
"2025-08-04 13:15",6324.38,6324.49,6321.53,6322.39,-1.95,-0.03%,0
"2025-08-04 13:00",6321.07,6324.47,6320.46,6324.34,3.26,+0.05%,0
"2025-08-04 12:45",6318.72,6323.73,6318.53,6321.08,2.4,+0.04%,0
"2025-08-04 12:30",6317.04,6319.83,6316.69,6318.68,1.58,+0.03%,0
"2025-08-04 12:15",6316.79,6319.72,6316.34,6317.1,0.48,+0.01%,0
"2025-08-04 12:00",6318.28,6320.35,6315.98,6316.62,-1.64,-0.03%,0
"2025-08-04 11:45",6308.23,6319.33,6307.34,6318.26,10,+0.16%,0
"2025-08-04 11:30",6309.93,6313.77,6305.55,6308.26,-1.71,-0.03%,0
"2025-08-04 11:15",6314.27,6314.29,6306.19,6309.97,-4.32,-0.07%,0
"2025-08-04 11:00",6310.77,6314.79,6306.47,6314.29,3.63,+0.06%,0
"2025-08-04 10:45",6306.45,6315.1,6304.33,6310.66,4.29,+0.07%,0
"2025-08-04 10:30",6313.68,6313.68,6305.67,6306.37,-7.15,-0.11%,0
"2025-08-04 10:15",6309.6,6314.22,6308.48,6313.52,3.96,+0.06%,0
"2025-08-04 10:00",6309.82,6312.18,6302.79,6309.56,-0.45,-0.01%,0
"2025-08-04 09:45",6297.85,6311.19,6297.85,6310.01,12.25,+0.19%,0
"2025-08-04 09:30",6271.71,6298.97,6271.71,6297.76,59.75,+0.96%,0
"2025-08-01 16:30",6238.01,6238.01,6238.01,6238.01,0,0.00%,0
"2025-08-01 16:15",6238.01,6238.01,6238.01,6238.01,0,0.00%,0
"2025-08-01 16:00",6236.45,6238.01,6236.45,6238.01,0.71,+0.01%,0
"2025-08-01 15:45",6236.99,6251.84,6233.36,6237.3,0.4,+0.01%,0
"2025-08-01 15:30",6237.26,6237.75,6228.23,6236.9,-0.32,-0.01%,0
"2025-08-01 15:15",6234.75,6241.51,6232.46,6237.22,2.5,+0.04%,0
"2025-08-01 15:00",6233.4,6236.65,6229.55,6234.72,1.32,+0.02%,0
"2025-08-01 14:45",6249.33,6249.78,6228.86,6233.4,-15.88,-0.25%,0
"2025-08-01 14:30",6235.08,6249.38,6233.2,6249.28,14.25,+0.23%,0
"2025-08-01 14:15",6216.18,6236.5,6216.1,6235.03,18.85,+0.30%,0
"2025-08-01 14:00",6225.04,6226.82,6212.69,6216.18,-8.88,-0.14%,0
"2025-08-01 13:45",6226.07,6232.67,6222.07,6225.06,-1.18,-0.02%,0
"2025-08-01 13:30",6224.38,6232.17,6221.09,6226.24,1.86,+0.03%,0
"2025-08-01 13:15",6227.15,6231.5,6222.84,6224.38,-2.7,-0.04%,0
"2025-08-01 13:00",6232.8,6236.23,6226.11,6227.08,-5.83,-0.09%,0
"2025-08-01 12:45",6251.01,6255.58,6231.51,6232.91,-18.13,-0.29%,0
"2025-08-01 12:30",6261.85,6263.22,6248.63,6251.04,-10.93,-0.17%,0
"2025-08-01 12:15",6264.39,6268.61,6261.01,6261.97,-2.27,-0.04%,0
"2025-08-01 12:00",6259.48,6268.65,6258.67,6264.24,4.81,+0.08%,0
"2025-08-01 11:45",6254.91,6259.46,6252.99,6259.43,4.57,+0.07%,0
"2025-08-01 11:30",6234.23,6254.88,6233.1,6254.86,20.61,+0.33%,0
"2025-08-01 11:15",6241.09,6248.09,6233.48,6234.25,-7.07,-0.11%,0
"2025-08-01 11:00",6238.66,6248.08,6233.95,6241.32,2.63,+0.04%,0
"2025-08-01 10:45",6243.46,6255.98,6237.08,6238.69,-4.71,-0.08%,0
"2025-08-01 10:30",6252.66,6259.54,6242.17,6243.4,-8.9,-0.14%,0
"2025-08-01 10:15",6238.01,6254.15,6237.73,6252.3,14.1,+0.23%,0
"2025-08-01 10:00",6232.33,6242.65,6214.43,6238.2,5.71,+0.09%,0
"2025-08-01 09:45",6240.39,6243.49,6229.51,6232.49,-8.23,-0.13%,0
"2025-08-01 09:30",6287.28,6287.28,6240.51,6240.72,-98.67,-1.56%,0
"2025-07-31 16:45",6339.39,6339.39,6339.39,6339.39,0,0.00%,0
"2025-07-31 16:15",6339.39,6339.39,6339.39,6339.39,0,0.00%,0
"2025-07-31 16:00",6339.31,6339.89,6339.31,6339.39,-2.15,-0.03%,0
"2025-07-31 15:45",6355.21,6356.08,6327.64,6341.54,-13.55,-0.21%,0
"2025-07-31 15:30",6347.52,6355.09,6345.69,6355.09,7.57,+0.12%,0
"2025-07-31 15:15",6355.47,6358.79,6346.38,6347.52,-7.94,-0.12%,0
"2025-07-31 15:00",6361.19,6367.34,6354.68,6355.46,-5.78,-0.09%,0
"2025-07-31 14:45",6366.53,6370.29,6360.76,6361.24,-5.33,-0.08%,0
"2025-07-31 14:30",6361.55,6367.7,6361,6366.57,4.95,+0.08%,0
"2025-07-31 14:15",6345.11,6361.8,6334.62,6361.62,16.42,+0.26%,0
"2025-07-31 14:00",6353.93,6361.64,6345.2,6345.2,-8.7,-0.14%,0
"2025-07-31 13:45",6373.22,6376.03,6350.24,6353.9,-19.29,-0.30%,0
"2025-07-31 13:30",6368.03,6375.01,6360.96,6373.19,5.17,+0.08%,0
"2025-07-31 13:15",6390.98,6391.1,6364.23,6368.02,-22.96,-0.36%,0
"2025-07-31 13:00",6397.79,6397.86,6390.3,6390.98,-6.86,-0.11%,0
"2025-07-31 12:45",6401.19,6401.89,6395.38,6397.84,-3.5,-0.05%,0
"2025-07-31 12:30",6400.89,6403.32,6399.17,6401.34,0.52,+0.01%,0
"2025-07-31 12:15",6397.84,6402.17,6397.73,6400.82,3.02,+0.05%,0
"2025-07-31 12:00",6395.05,6397.87,6392.89,6397.8,2.78,+0.04%,0
"2025-07-31 11:45",6393.94,6395.09,6388.99,6395.02,0.96,+0.02%,0
"2025-07-31 11:30",6382.13,6394.06,6381.39,6394.06,11.78,+0.18%,0
"2025-07-31 11:15",6375.16,6382.98,6371.01,6382.28,6.84,+0.11%,0
"2025-07-31 11:00",6385.45,6393.25,6375.44,6375.44,-10.07,-0.16%,0
"2025-07-31 10:45",6404.15,6404.4,6384.73,6385.51,-18.76,-0.29%,0
"2025-07-31 10:30",6407.91,6411.04,6401.4,6404.27,-3.79,-0.06%,0
"2025-07-31 10:15",6412.9,6415.23,6404.84,6408.06,-4.91,-0.08%,0
"2025-07-31 10:00",6413.37,6418.34,6408.43,6412.97,-1.07,-0.02%,0
"2025-07-31 09:45",6401.09,6418.1,6396.97,6414.04,13.26,+0.21%,0
"2025-07-31 09:30",6427.02,6427.02,6397.96,6400.78,37.88,+0.60%,0
"2025-07-30 17:15",6362.9,6362.9,6362.9,6362.9,0,0.00%,0
"2025-07-30 16:15",6362.9,6362.9,6362.9,6362.9,0,0.00%,0
"2025-07-30 16:00",6365.11,6365.11,6362.9,6362.9,-1.93,-0.03%,0
"2025-07-30 15:45",6339.18,6366.09,6339.18,6364.83,25.54,+0.40%,0
"2025-07-30 15:30",6340.61,6348.22,6337,6339.29,-1.31,-0.02%,0
"2025-07-30 15:15",6353.92,6355.6,6337.22,6340.6,-13.28,-0.21%,0
"2025-07-30 15:00",6348.08,6359.86,6336.38,6353.88,5.7,+0.09%,0
"2025-07-30 14:45",6384.23,6386.78,6346.55,6348.18,-36.06,-0.56%,0
"2025-07-30 14:30",6387.89,6396.54,6376.37,6384.24,-3.67,-0.06%,0
"2025-07-30 14:15",6383.62,6388.03,6381.45,6387.91,4.25,+0.07%,0
"2025-07-30 14:00",6386.63,6390.25,6381.01,6383.66,-2.91,-0.05%,0
"2025-07-30 13:45",6389.05,6389.11,6384.78,6386.57,-2.47,-0.04%,0
"2025-07-30 13:30",6382.46,6389.3,6381.88,6389.04,6.58,+0.10%,0
"2025-07-30 13:15",6383.56,6384.11,6382.29,6382.46,-1.13,-0.02%,0
"2025-07-30 13:00",6384.9,6386.87,6383.18,6383.59,-1.29,-0.02%,0
"2025-07-30 12:45",6383.58,6386.22,6383.43,6384.88,1.29,+0.02%,0
"2025-07-30 12:30",6385.92,6386.69,6382.93,6383.59,-2.38,-0.04%,0
"2025-07-30 12:15",6383.03,6387.09,6382.74,6385.97,2.95,+0.05%,0
"2025-07-30 12:00",6381.59,6383.07,6379.92,6383.02,1.57,+0.02%,0
"2025-07-30 11:45",6376.65,6381.61,6375.62,6381.45,4.79,+0.08%,0
"2025-07-30 11:30",6373.47,6377.14,6371.45,6376.66,3.26,+0.05%,0
"2025-07-30 11:15",6371.96,6377.05,6370.62,6373.4,1.5,+0.02%,0
"2025-07-30 11:00",6382.64,6383.93,6371.58,6371.9,-10.75,-0.17%,0
"2025-07-30 10:45",6385.18,6386.67,6382.16,6382.65,-2.46,-0.04%,0
"2025-07-30 10:30",6383.27,6387.8,6383.27,6385.11,1.95,+0.03%,0
"2025-07-30 10:15",6377.63,6386.79,6377.23,6383.16,5.57,+0.09%,0
"2025-07-30 10:00",6377.61,6378.81,6374.69,6377.59,0.08,0.00%,0
"2025-07-30 09:45",6380.5,6382.32,6373.55,6377.51,-3.05,-0.05%,0
"2025-07-30 09:30",6381.23,6381.26,6372.6,6380.56,9.7,+0.15%,0
"2025-07-29 17:00",6370.86,6370.86,6370.86,6370.86,0,0.00%,0
"2025-07-29 16:15",6370.86,6370.86,6370.86,6370.86,0,0.00%,0
"2025-07-29 16:00",6371.42,6371.64,6370.86,6370.86,-0.77,-0.01%,0
"2025-07-29 15:45",6367.74,6372.94,6367.65,6371.63,3.88,+0.06%,0
"2025-07-29 15:30",6371.21,6372.72,6363.92,6367.75,-3.42,-0.05%,0
"2025-07-29 15:15",6376.19,6376.5,6371.17,6371.17,-5.01,-0.08%,0
"2025-07-29 15:00",6373.59,6376.21,6373.16,6376.18,2.59,+0.04%,0
"2025-07-29 14:45",6377.02,6377.73,6372.57,6373.59,-3.48,-0.05%,0
"2025-07-29 14:30",6373.47,6379.16,6373.41,6377.07,3.6,+0.06%,0
"2025-07-29 14:15",6375.41,6377.42,6371.85,6373.47,-1.95,-0.03%,0
"2025-07-29 14:00",6376.6,6378.37,6373.67,6375.42,-1.15,-0.02%,0
"2025-07-29 13:45",6372.84,6376.88,6370.11,6376.57,3.75,+0.06%,0
"2025-07-29 13:30",6382.47,6384.02,6371.12,6372.82,-9.64,-0.15%,0
"2025-07-29 13:15",6385.01,6385.99,6381.48,6382.46,-2.55,-0.04%,0
"2025-07-29 13:00",6382.43,6385.43,6381.45,6385.01,2.65,+0.04%,0
"2025-07-29 12:45",6377.13,6382.42,6375.55,6382.36,5.22,+0.08%,0
"2025-07-29 12:30",6376.32,6378.6,6370.96,6377.14,0.82,+0.01%,0
"2025-07-29 12:15",6376.35,6378.21,6374.83,6376.32,-0.06,0.00%,0
"2025-07-29 12:00",6379.45,6380.63,6375.71,6376.38,-3.07,-0.05%,0
"2025-07-29 11:45",6371.35,6382.29,6371.35,6379.45,8.05,+0.13%,0
"2025-07-29 11:30",6372.7,6377.07,6367.43,6371.4,-1.46,-0.02%,0
"2025-07-29 11:15",6384.01,6384.19,6372.15,6372.86,-11.13,-0.17%,0
"2025-07-29 11:00",6387.34,6390.23,6383.45,6383.99,-3.11,-0.05%,0
"2025-07-29 10:45",6392.42,6393.53,6385.66,6387.1,-5.59,-0.09%,0
"2025-07-29 10:30",6397.36,6398.03,6392.37,6392.69,-4.55,-0.07%,0
"2025-07-29 10:15",6399.64,6400.91,6393.99,6397.24,-2.42,-0.04%,0
"2025-07-29 10:00",6400.48,6401.63,6396.72,6399.66,-1.05,-0.02%,0
"2025-07-29 09:45",6400.78,6401.89,6392.76,6400.71,-0.15,0.00%,0
"2025-07-29 09:30",6405.62,6409.26,6399.31,6400.86,11.09,+0.17%,0
"2025-07-28 16:45",6389.77,6389.77,6389.77,6389.77,0,0.00%,0
"2025-07-28 16:15",6389.77,6389.77,6389.77,6389.77,0,0.00%,0
"2025-07-28 16:00",6389.81,6389.81,6389.77,6389.77,0.19,0.00%,0
"2025-07-28 15:45",6382.72,6390.11,6381.73,6389.58,6.91,+0.11%,0
"2025-07-28 15:30",6380.41,6382.67,6378.33,6382.67,2.27,+0.04%,0
"2025-07-28 15:15",6379.57,6381.4,6377.96,6380.4,0.83,+0.01%,0
"2025-07-28 15:00",6380.58,6381.12,6377.8,6379.57,-0.95,-0.01%,0
"2025-07-28 14:45",6379.93,6382.91,6379.32,6380.52,0.62,+0.01%,0
"2025-07-28 14:30",6380.08,6381.23,6378.39,6379.9,-0.21,0.00%,0
"2025-07-28 14:15",6379.74,6381.48,6377.19,6380.11,0.36,+0.01%,0
"2025-07-28 14:00",6381.19,6382.16,6375.79,6379.75,-1.48,-0.02%,0
"2025-07-28 13:45",6386.97,6387.39,6380.96,6381.23,-5.71,-0.09%,0
"2025-07-28 13:30",6383.13,6387.14,6383.07,6386.94,3.69,+0.06%,0
"2025-07-28 13:15",6390.35,6390.36,6382.35,6383.25,-7.04,-0.11%,0
"2025-07-28 13:00",6389.16,6391.66,6388.28,6390.29,1.13,+0.02%,0
"2025-07-28 12:45",6391.9,6391.9,6387.76,6389.16,-2.67,-0.04%,0
"2025-07-28 12:30",6394.32,6394.32,6391.15,6391.83,-2.43,-0.04%,0
"2025-07-28 12:15",6393.02,6396.31,6392.4,6394.26,1.24,+0.02%,0
"2025-07-28 12:00",6394.3,6394.33,6390.98,6393.02,-1.39,-0.02%,0
"2025-07-28 11:45",6393.23,6396.02,6392.19,6394.41,1.23,+0.02%,0
"2025-07-28 11:30",6391.13,6394.05,6390.43,6393.18,2.09,+0.03%,0
"2025-07-28 11:15",6394.17,6394.86,6383.76,6391.09,-3.08,-0.05%,0
"2025-07-28 11:00",6394.62,6395.33,6392.46,6394.17,-0.5,-0.01%,0
"2025-07-28 10:45",6398.73,6398.84,6392.8,6394.67,-3.98,-0.06%,0
"2025-07-28 10:30",6397.99,6399.45,6395.22,6398.65,0.56,+0.01%,0
"2025-07-28 10:15",6400.17,6401.07,6394.08,6398.09,-2.07,-0.03%,0
"2025-07-28 10:00",6395.5,6400.26,6394.28,6400.16,3.89,+0.06%,0
"2025-07-28 09:45",6394.63,6398.02,6392.07,6396.27,1.59,+0.02%,0
"2025-07-28 09:30",6397.69,6400.56,6392.03,6394.68,6.04,+0.09%,0
"2025-07-25 17:00",6388.64,6388.64,6388.64,6388.64,0,0.00%,0
"2025-07-25 16:15",6388.64,6388.64,6388.64,6388.64,0,0.00%,0
"2025-07-25 16:00",6389.36,6389.36,6388.64,6388.64,-0.95,-0.01%,0
"2025-07-25 15:45",6392.89,6394.03,6386.24,6389.59,-3.3,-0.05%,0
"2025-07-25 15:30",6393.38,6394.74,6392.68,6392.89,-0.52,-0.01%,0
"2025-07-25 15:15",6394.19,6395.82,6392.85,6393.41,-0.74,-0.01%,0
"2025-07-25 15:00",6391.96,6394.87,6391.85,6394.15,2.22,+0.03%,0
"2025-07-25 14:45",6394.41,6395.51,6391.82,6391.93,-2.52,-0.04%,0
"2025-07-25 14:30",6393.52,6395.12,6393.52,6394.45,0.98,+0.02%,0
"2025-07-25 14:15",6394.1,6395.37,6393.12,6393.47,-0.58,-0.01%,0
"2025-07-25 14:00",6391.72,6394.27,6389.83,6394.05,2.31,+0.04%,0
"2025-07-25 13:45",6392.36,6393.19,6391.63,6391.74,-0.61,-0.01%,0
"2025-07-25 13:30",6390.78,6393.66,6390.78,6392.35,1.55,+0.02%,0
"2025-07-25 13:15",6390.46,6391.2,6387.33,6390.8,0.32,+0.01%,0
"2025-07-25 13:00",6388.72,6390.65,6387.76,6390.48,1.8,+0.03%,0
"2025-07-25 12:45",6387.77,6389.66,6386.98,6388.68,0.94,+0.01%,0
"2025-07-25 12:30",6388.14,6389.87,6386.29,6387.74,-0.43,-0.01%,0
"2025-07-25 12:15",6384.16,6389.23,6382.41,6388.17,4.04,+0.06%,0
"2025-07-25 12:00",6379.67,6384.48,6378.3,6384.13,4.42,+0.07%,0
"2025-07-25 11:45",6376.93,6380.27,6376.5,6379.71,2.7,+0.04%,0
"2025-07-25 11:30",6380.71,6380.95,6376.78,6377.01,-3.71,-0.06%,0
"2025-07-25 11:15",6379.25,6381.47,6378.21,6380.72,1.47,+0.02%,0
"2025-07-25 11:00",6378.37,6380.04,6377.08,6379.25,0.89,+0.01%,0
"2025-07-25 10:45",6379.59,6381.02,6377.45,6378.36,-1.26,-0.02%,0
"2025-07-25 10:30",6375.29,6379.85,6373.56,6379.62,4.37,+0.07%,0
"2025-07-25 10:15",6373.77,6376.22,6372.39,6375.25,1.45,+0.02%,0
"2025-07-25 10:00",6372.99,6376.3,6369.53,6373.8,1.01,+0.02%,0
"2025-07-25 09:45",6374.01,6376.24,6372.14,6372.79,-1.34,-0.02%,0
"2025-07-25 09:30",6370.01,6374.69,6368.53,6374.13,10.78,+0.17%,0
"2025-07-24 16:45",6363.35,6363.35,6363.35,6363.35,0,0.00%,0
"2025-07-24 16:15",6363.35,6363.35,6363.35,6363.35,0,0.00%,0
"2025-07-24 16:00",6363.74,6363.87,6363.35,6363.35,-0.67,-0.01%,0
"2025-07-24 15:45",6371,6371.53,6362.77,6364.02,-7.04,-0.11%,0
"2025-07-24 15:30",6374.99,6375.82,6369.12,6371.06,-4.,-0.06%,0
"2025-07-24 15:15",6374.54,6377.59,6373.99,6375.06,0.51,+0.01%,0
"2025-07-24 15:00",6372.65,6375.28,6372,6374.55,1.88,+0.03%,0
"2025-07-24 14:45",6374.25,6374.36,6368.27,6372.67,-1.53,-0.02%,0
"2025-07-24 14:30",6377.64,6379.33,6373.89,6374.2,-3.43,-0.05%,0
"2025-07-24 14:15",6378.66,6379.43,6376.06,6377.63,-1.09,-0.02%,0
"2025-07-24 14:00",6372.95,6381.31,6372.95,6378.72,5.75,+0.09%,0
"2025-07-24 13:45",6373.27,6375.3,6371.98,6372.97,-0.31,0.00%,0
"2025-07-24 13:30",6373.99,6375.85,6372.64,6373.28,-0.69,-0.01%,0
"2025-07-24 13:15",6378.46,6379.66,6373.97,6373.97,-4.47,-0.07%,0
"2025-07-24 13:00",6369.34,6378.63,6368.25,6378.44,9.11,+0.14%,0
"2025-07-24 12:45",6369.69,6370.47,6366.58,6369.33,-0.32,-0.01%,0
"2025-07-24 12:30",6366.17,6370.74,6365.11,6369.65,3.5,+0.05%,0
"2025-07-24 12:15",6368.6,6370.98,6363.57,6366.15,-2.57,-0.04%,0
"2025-07-24 12:00",6375.64,6375.78,6368.44,6368.72,-6.91,-0.11%,0
"2025-07-24 11:45",6374.68,6377.77,6373.7,6375.63,1.03,+0.02%,0
"2025-07-24 11:30",6375.51,6376.3,6373.33,6374.6,-0.86,-0.01%,0
"2025-07-24 11:15",6378.75,6379.54,6374.63,6375.46,-3.32,-0.05%,0
"2025-07-24 11:00",6375.22,6379.25,6375.17,6378.78,3.6,+0.06%,0
"2025-07-24 10:45",6372.34,6376.92,6371.84,6375.18,2.87,+0.05%,0
"2025-07-24 10:30",6369.01,6372.9,6367.98,6372.31,3.42,+0.05%,0
"2025-07-24 10:15",6363.42,6369,6361.43,6368.89,5.37,+0.08%,0
"2025-07-24 10:00",6372.32,6373.98,6362.62,6363.52,-8.7,-0.14%,0
"2025-07-24 09:45",6367.15,6374.63,6366.31,6372.22,5.1,+0.08%,0
"2025-07-24 09:30",6368.6,6371.9,6360.57,6367.12,8.21,+0.13%,0
"2025-07-23 16:45",6358.91,6358.91,6358.91,6358.91,0,0.00%,0
"2025-07-23 16:15",6358.91,6358.91,6358.91,6358.91,0,0.00%,0
"2025-07-23 16:00",6360.64,6360.64,6358.91,6358.91,-1.,-0.02%,0
"2025-07-23 15:45",6350.46,6359.91,6350.29,6359.91,9.38,+0.15%,0
"2025-07-23 15:30",6354.03,6354.03,6350.32,6350.53,-3.46,-0.05%,0
"2025-07-23 15:15",6352.31,6354.18,6351.5,6353.99,1.7,+0.03%,0
"2025-07-23 15:00",6353.1,6354.08,6350.83,6352.29,-0.81,-0.01%,0
"2025-07-23 14:45",6354.53,6355.12,6353.02,6353.1,-1.43,-0.02%,0
"2025-07-23 14:30",6353.18,6355.06,6351.99,6354.53,1.31,+0.02%,0
"2025-07-23 14:15",6353.27,6356.86,6352.04,6353.22,0.11,0.00%,0
"2025-07-23 14:00",6345.48,6353.11,6345.48,6353.11,7.6,+0.12%,0
"2025-07-23 13:45",6347.75,6349.32,6339.14,6345.51,-2.21,-0.03%,0
"2025-07-23 13:30",6341.62,6347.78,6341.23,6347.72,6.1,+0.10%,0
"2025-07-23 13:15",6337.55,6342.37,6336.35,6341.62,4.09,+0.06%,0
"2025-07-23 13:00",6339.06,6342.27,6337.24,6337.53,-1.51,-0.02%,0
"2025-07-23 12:45",6339.88,6341.16,6338.15,6339.04,-0.9,-0.01%,0
"2025-07-23 12:30",6337.24,6339.94,6334.55,6339.94,2.72,+0.04%,0
"2025-07-23 12:15",6339.68,6341.73,6334.76,6337.22,-2.43,-0.04%,0
"2025-07-23 12:00",6341.38,6346.33,6338.88,6339.65,-1.84,-0.03%,0
"2025-07-23 11:45",6327.07,6347.09,6326.61,6341.49,14.38,+0.23%,0
"2025-07-23 11:30",6328.56,6329.98,6325.46,6327.11,-1.42,-0.02%,0
"2025-07-23 11:15",6324.86,6328.84,6324.11,6328.53,3.66,+0.06%,0
"2025-07-23 11:00",6327.42,6329.86,6324.87,6324.87,-2.58,-0.04%,0
"2025-07-23 10:45",6323.99,6328.09,6323.41,6327.45,3.42,+0.05%,0
"2025-07-23 10:30",6327.39,6327.67,6321.61,6324.03,-3.3,-0.05%,0
"2025-07-23 10:15",6320.21,6327.33,6320.05,6327.33,7.06,+0.11%,0
"2025-07-23 10:00",6320.62,6325.46,6317.49,6320.27,-0.22,0.00%,0
"2025-07-23 09:45",6327.52,6327.52,6318.79,6320.49,-7.06,-0.11%,0
"2025-07-23 09:30",6326.9,6335.68,6326.9,6327.55,17.93,+0.28%,0
"2025-07-22 16:45",6309.62,6309.62,6309.62,6309.62,0,0.00%,0
"2025-07-22 16:15",6309.62,6309.62,6309.62,6309.62,0,0.00%,0
"2025-07-22 16:00",6308.94,6309.62,6308.8,6309.62,0.49,+0.01%,0
"2025-07-22 15:45",6313.74,6316.12,6309.13,6309.13,-4.61,-0.07%,0
"2025-07-22 15:30",6312.81,6316,6311.43,6313.74,0.96,+0.02%,0
"2025-07-22 15:15",6311.02,6313.8,6310.29,6312.78,1.79,+0.03%,0
"2025-07-22 15:00",6314.25,6314.87,6310.97,6310.99,-3.21,-0.05%,0
"2025-07-22 14:45",6311.93,6315.4,6310.71,6314.2,2.26,+0.04%,0
"2025-07-22 14:30",6305.08,6313.71,6304.72,6311.94,6.84,+0.11%,0
"2025-07-22 14:15",6305.02,6305.98,6296.59,6305.1,0.15,0.00%,0
"2025-07-22 14:00",6303.91,6307.76,6303.52,6304.95,1.01,+0.02%,0
"2025-07-22 13:45",6306.29,6306.95,6303.44,6303.94,-2.37,-0.04%,0
"2025-07-22 13:30",6310.87,6311.42,6304.56,6306.31,-4.55,-0.07%,0
"2025-07-22 13:15",6299.88,6311.54,6299.88,6310.86,10.99,+0.17%,0
"2025-07-22 13:00",6298.91,6300.67,6298.25,6299.87,1.01,+0.02%,0
"2025-07-22 12:45",6294.89,6299.82,6293.06,6298.86,3.92,+0.06%,0
"2025-07-22 12:30",6292.38,6296.47,6291.28,6294.94,2.57,+0.04%,0
"2025-07-22 12:15",6297.3,6301.44,6291.21,6292.37,-4.88,-0.08%,0
"2025-07-22 12:00",6296.79,6299.77,6295.08,6297.25,0.42,+0.01%,0
"2025-07-22 11:45",6296.34,6300.79,6296.05,6296.83,0.42,+0.01%,0
"2025-07-22 11:30",6296.9,6300.85,6294.78,6296.41,-0.57,-0.01%,0
"2025-07-22 11:15",6296.45,6299.83,6293.78,6296.98,0.52,+0.01%,0
"2025-07-22 11:00",6299.41,6300.99,6296.3,6296.46,-2.85,-0.05%,0
"2025-07-22 10:45",6297.36,6300.21,6292.59,6299.31,1.99,+0.03%,0
"2025-07-22 10:30",6290.98,6300.43,6290.23,6297.32,6.44,+0.10%,0
"2025-07-22 10:15",6291.1,6294.26,6288.11,6290.88,-0.16,0.00%,0
"2025-07-22 10:00",6288.44,6292.63,6281.89,6291.04,2.76,+0.04%,0
"2025-07-22 09:45",6309.64,6309.64,6281.71,6288.28,-21.39,-0.34%,0
"2025-07-22 09:30",6306.6,6312.74,6301.4,6309.67,4.07,+0.06%,0
"2025-07-21 16:30",6305.6,6305.6,6305.6,6305.6,0,0.00%,0
"2025-07-21 16:15",6305.6,6305.6,6305.6,6305.6,0,0.00%,0
"2025-07-21 16:00",6306.45,6306.69,6305.6,6305.6,-1.86,-0.03%,0
"2025-07-21 15:45",6309.29,6311.53,6303.79,6307.46,-1.91,-0.03%,0
"2025-07-21 15:30",6314.91,6317.32,6308.87,6309.37,-5.47,-0.09%,0
"2025-07-21 15:15",6316.7,6318.66,6314.28,6314.84,-1.82,-0.03%,0
"2025-07-21 15:00",6324.26,6324.53,6312.68,6316.66,-7.61,-0.12%,0
"2025-07-21 14:45",6329.58,6329.65,6324.2,6324.27,-5.32,-0.08%,0
"2025-07-21 14:30",6332.44,6332.7,6329,6329.59,-2.9,-0.05%,0
"2025-07-21 14:15",6332.13,6333.25,6331.79,6332.49,0.27,0.00%,0
"2025-07-21 14:00",6332.34,6332.84,6331.15,6332.22,-0.17,0.00%,0
"2025-07-21 13:45",6332.87,6334.07,6332.13,6332.39,-0.49,-0.01%,0
"2025-07-21 13:30",6334.91,6336.04,6332.28,6332.88,-2.06,-0.03%,0
"2025-07-21 13:15",6334.5,6335.84,6333.44,6334.94,0.43,+0.01%,0
"2025-07-21 13:00",6333.36,6335.79,6333.33,6334.51,1.13,+0.02%,0
"2025-07-21 12:45",6330.49,6334.27,6329.83,6333.38,2.91,+0.05%,0
"2025-07-21 12:30",6328.5,6332.09,6328.18,6330.47,2.02,+0.03%,0
"2025-07-21 12:15",6329.57,6330.93,6326.57,6328.45,-1.13,-0.02%,0
"2025-07-21 12:00",6332.52,6332.52,6328.04,6329.58,-2.91,-0.05%,0
"2025-07-21 11:45",6333.85,6335.56,6331.7,6332.49,-1.33,-0.02%,0
"2025-07-21 11:30",6333.7,6336.08,6333.46,6333.82,0.3,0.00%,0
"2025-07-21 11:15",6332.45,6334.51,6330.65,6333.52,1.04,+0.02%,0
"2025-07-21 11:00",6331.15,6333.31,6329.99,6332.48,1.44,+0.02%,0
"2025-07-21 10:45",6331.19,6331.37,6327.38,6331.04,-0.15,0.00%,0
"2025-07-21 10:30",6333.8,6335.14,6328.87,6331.19,-2.55,-0.04%,0
"2025-07-21 10:15",6327.44,6334.22,6325.75,6333.74,6.36,+0.10%,0
"2025-07-21 10:00",6326.1,6330.95,6324.95,6327.38,0.93,+0.01%,0
"2025-07-21 09:45",6315.49,6328.16,6315.4,6326.45,11.02,+0.17%,0
"2025-07-21 09:30",6304.74,6316.6,6304.74,6315.43,18.64,+0.30%,0
"2025-07-18 16:45",6296.79,6296.79,6296.79,6296.79,0,0.00%,0
"2025-07-18 16:15",6296.79,6296.79,6296.79,6296.79,0,0.00%,0
"2025-07-18 16:00",6296.35,6296.79,6296.35,6296.79,0.11,0.00%,0
"2025-07-18 15:45",6291.73,6298.16,6290.57,6296.68,4.95,+0.08%,0
"2025-07-18 15:30",6294.18,6294.71,6290.93,6291.73,-2.44,-0.04%,0
"2025-07-18 15:15",6292.17,6296.41,6292.08,6294.17,1.96,+0.03%,0
"2025-07-18 15:00",6292.25,6293.99,6290.85,6292.21,-0.05,0.00%,0
"2025-07-18 14:45",6293.75,6294.17,6291.16,6292.26,-1.45,-0.02%,0
"2025-07-18 14:30",6291.58,6294.32,6290.82,6293.71,2.18,+0.03%,0
"2025-07-18 14:15",6289.97,6294.2,6287.53,6291.53,1.54,+0.02%,0
"2025-07-18 14:00",6291.13,6294.56,6289.1,6289.99,-1.17,-0.02%,0
"2025-07-18 13:45",6292.79,6292.79,6288.5,6291.16,-1.65,-0.03%,0
"2025-07-18 13:30",6289.93,6295.59,6289.93,6292.81,2.97,+0.05%,0
"2025-07-18 13:15",6292.38,6292.75,6288.01,6289.84,-2.58,-0.04%,0
"2025-07-18 13:00",6287.21,6292.42,6285.27,6292.42,5.17,+0.08%,0
"2025-07-18 12:45",6292.26,6293.96,6285.7,6287.25,-4.95,-0.08%,0
"2025-07-18 12:30",6289.84,6292.8,6285.83,6292.2,2.43,+0.04%,0
"2025-07-18 12:15",6297.48,6297.86,6286.7,6289.77,-7.94,-0.13%,0
"2025-07-18 12:00",6301.41,6301.71,6295.3,6297.71,-3.64,-0.06%,0
"2025-07-18 11:45",6298.3,6302.03,6297.16,6301.35,2.99,+0.05%,0
"2025-07-18 11:30",6296.46,6300.32,6296.38,6298.36,1.91,+0.03%,0
"2025-07-18 11:15",6293.7,6297.48,6292.28,6296.45,2.63,+0.04%,0
"2025-07-18 11:00",6292.32,6296.62,6289.57,6293.82,1.37,+0.02%,0
"2025-07-18 10:45",6295.25,6297.43,6292.24,6292.45,-2.77,-0.04%,0
"2025-07-18 10:30",6293.82,6299.19,6292.72,6295.22,1.33,+0.02%,0
"2025-07-18 10:15",6300.78,6302.16,6292.79,6293.89,-6.89,-0.11%,0
"2025-07-18 10:00",6306.66,6312.21,6300.52,6300.78,-6.39,-0.10%,0
"2025-07-18 09:45",6307.76,6312.96,6306.2,6307.17,-0.75,-0.01%,0
"2025-07-18 09:30",6312.95,6315.61,6307.03,6307.92,10.56,+0.17%,0
"2025-07-17 16:45",6297.36,6297.36,6297.36,6297.36,0,0.00%,0
"2025-07-17 16:15",6297.36,6297.36,6297.36,6297.36,0,0.00%,0
"2025-07-17 16:00",6299.31,6299.31,6297.36,6297.36,-1.66,-0.03%,0
"2025-07-17 15:45",6299.5,6303.54,6296.86,6299.02,-0.42,-0.01%,0
"2025-07-17 15:30",6300.5,6303.23,6299.32,6299.44,-0.95,-0.02%,0
"2025-07-17 15:15",6303.47,6304.06,6300.1,6300.39,-3.09,-0.05%,0
"2025-07-17 15:00",6300.43,6304.69,6300.37,6303.48,3.07,+0.05%,0
"2025-07-17 14:45",6299.11,6301.92,6298.67,6300.41,1.3,+0.02%,0
"2025-07-17 14:30",6299.81,6300.41,6297.41,6299.11,-0.79,-0.01%,0
"2025-07-17 14:15",6292.85,6299.96,6292.21,6299.9,7.02,+0.11%,0
"2025-07-17 14:00",6295.43,6295.86,6292.77,6292.88,-2.61,-0.04%,0
"2025-07-17 13:45",6294.68,6295.56,6293.18,6295.49,0.73,+0.01%,0
"2025-07-17 13:30",6291.32,6295.27,6291.16,6294.76,3.5,+0.06%,0
"2025-07-17 13:15",6289.74,6291.73,6287.9,6291.26,1.51,+0.02%,0
"2025-07-17 13:00",6289.76,6290.75,6288.09,6289.75,0.1,0.00%,0
"2025-07-17 12:45",6289.05,6289.95,6287.41,6289.65,0.59,+0.01%,0
"2025-07-17 12:30",6289.69,6290.4,6286.33,6289.06,-0.57,-0.01%,0
"2025-07-17 12:15",6292.79,6292.9,6288.97,6289.63,-3.13,-0.05%,0
"2025-07-17 12:00",6293.44,6296.12,6292.03,6292.76,-0.75,-0.01%,0
"2025-07-17 11:45",6291.84,6293.72,6289.62,6293.51,1.68,+0.03%,0
"2025-07-17 11:30",6287.75,6292.95,6286.94,6291.83,4.02,+0.06%,0
"2025-07-17 11:15",6284.63,6288.26,6283.34,6287.81,3.18,+0.05%,0
"2025-07-17 11:00",6279.61,6286.74,6279.53,6284.63,5.01,+0.08%,0
"2025-07-17 10:45",6275.95,6280.77,6274.67,6279.62,3.63,+0.06%,0
"2025-07-17 10:30",6275.73,6279.4,6271.93,6275.99,0.33,+0.01%,0
"2025-07-17 10:15",6283.08,6283.54,6270.49,6275.66,-7.61,-0.12%,0
"2025-07-17 10:00",6278.97,6283.53,6278.65,6283.27,4.38,+0.07%,0
"2025-07-17 09:45",6276.94,6283.41,6275.99,6278.89,1.89,+0.03%,0
"2025-07-17 09:30",6263.4,6277.37,6262.27,6277,13.3,+0.21%,0
"2025-07-16 16:45",6263.7,6263.7,6263.7,6263.7,0,0.00%,0
"2025-07-16 16:15",6263.7,6263.7,6263.7,6263.7,0,0.00%,0
"2025-07-16 16:00",6263.19,6263.7,6263.19,6263.7,0.12,0.00%,0
"2025-07-16 15:45",6266.49,6268.12,6261.88,6263.58,-2.86,-0.05%,0
"2025-07-16 15:30",6262.48,6267.95,6260.11,6266.44,4.04,+0.06%,0
"2025-07-16 15:15",6261.81,6262.75,6259.64,6262.4,0.66,+0.01%,0
"2025-07-16 15:00",6263.88,6265.71,6260.99,6261.74,-2.1,-0.03%,0
"2025-07-16 14:45",6259.25,6263.93,6257.5,6263.84,4.54,+0.07%,0
"2025-07-16 14:30",6254.4,6259.95,6254.4,6259.3,4.87,+0.08%,0
"2025-07-16 14:15",6252.35,6255.25,6248.27,6254.43,2.03,+0.03%,0
"2025-07-16 14:00",6251.89,6255.29,6250.54,6252.4,0.52,+0.01%,0
"2025-07-16 13:45",6252.17,6254.23,6250.66,6251.88,-0.3,0.00%,0
"2025-07-16 13:30",6251.78,6253.93,6250.01,6252.18,0.3,0.00%,0
"2025-07-16 13:15",6256.11,6256.97,6251.74,6251.88,-4.25,-0.07%,0
"2025-07-16 13:00",6251.65,6258.13,6250.38,6256.13,4.51,+0.07%,0
"2025-07-16 12:45",6241.77,6251.72,6232.94,6251.62,9.75,+0.16%,0
"2025-07-16 12:30",6237.36,6243.94,6236.96,6241.87,4.5,+0.07%,0
"2025-07-16 12:15",6236.34,6239.55,6231.84,6237.37,1.07,+0.02%,0
"2025-07-16 12:00",6239.86,6242.51,6233.74,6236.3,-3.59,-0.06%,0
"2025-07-16 11:45",6224.85,6244.96,6221.13,6239.89,15.18,+0.24%,0
"2025-07-16 11:30",6234.12,6234.17,6201.59,6224.71,-9.64,-0.15%,0
"2025-07-16 11:15",6254.13,6254.34,6216.61,6234.35,-19.75,-0.32%,0
"2025-07-16 11:00",6242.29,6254.35,6241.8,6254.1,11.73,+0.19%,0
"2025-07-16 10:45",6244.82,6253.7,6237.17,6242.37,-2.43,-0.04%,0
"2025-07-16 10:30",6245.59,6249.53,6241.28,6244.8,-0.99,-0.02%,0
"2025-07-16 10:15",6243.31,6249.32,6241.52,6245.79,2.36,+0.04%,0
"2025-07-16 10:00",6241.85,6248.4,6238.54,6243.43,1.68,+0.03%,0
"2025-07-16 09:45",6252.68,6252.93,6241.61,6241.75,-11.01,-0.18%,0
"2025-07-16 09:30",6254.5,6261.6,6251.36,6252.76,9,+0.14%,0
"2025-07-15 16:45",6243.76,6243.76,6243.76,6243.76,0,0.00%,0
"2025-07-15 16:15",6243.76,6243.76,6243.76,6243.76,0,0.00%,0
"2025-07-15 16:00",6241.68,6243.76,6241.68,6243.76,0.66,+0.01%,0
"2025-07-15 15:45",6257.34,6258.49,6242.45,6243.1,-14.26,-0.23%,0
"2025-07-15 15:30",6254.08,6258.43,6252.9,6257.36,3.31,+0.05%,0
"2025-07-15 15:15",6256.61,6258.47,6252.89,6254.05,-2.54,-0.04%,0
"2025-07-15 15:00",6253.75,6258.28,6251.61,6256.59,2.83,+0.05%,0
"2025-07-15 14:45",6264.89,6266.44,6253.72,6253.76,-11.39,-0.18%,0
"2025-07-15 14:30",6267.08,6269.48,6264.43,6265.15,-1.95,-0.03%,0
"2025-07-15 14:15",6268.69,6269.63,6266.74,6267.1,-1.59,-0.03%,0
"2025-07-15 14:00",6266.81,6269.23,6264.3,6268.69,1.88,+0.03%,0
"2025-07-15 13:45",6261.68,6266.9,6260.56,6266.81,5.17,+0.08%,0
"2025-07-15 13:30",6259.41,6264.4,6259.4,6261.64,2.17,+0.03%,0
"2025-07-15 13:15",6254.55,6259.48,6250.98,6259.47,4.94,+0.08%,0
"2025-07-15 13:00",6253.14,6257.47,6252.93,6254.53,1.29,+0.02%,0
"2025-07-15 12:45",6262.42,6264.8,6251.79,6253.24,-9.2,-0.15%,0
"2025-07-15 12:30",6263.59,6266.63,6259.47,6262.44,-1.1,-0.02%,0
"2025-07-15 12:15",6264.45,6267.66,6262.74,6263.54,-0.9,-0.01%,0
"2025-07-15 12:00",6269,6270.36,6261.51,6264.44,-4.5,-0.07%,0
"2025-07-15 11:45",6271.58,6274.56,6266.45,6268.94,-2.64,-0.04%,0
"2025-07-15 11:30",6272.36,6273.13,6266.71,6271.58,-0.85,-0.01%,0
"2025-07-15 11:15",6263.72,6273.08,6262.85,6272.43,8.38,+0.13%,0
"2025-07-15 11:00",6259.42,6269.49,6259.42,6264.05,4.76,+0.08%,0
"2025-07-15 10:45",6270.39,6274.65,6259.14,6259.29,-11.,-0.18%,0
"2025-07-15 10:30",6276.65,6276.93,6268.6,6270.29,-6.44,-0.10%,0
"2025-07-15 10:15",6283.63,6285.24,6275.73,6276.73,-7.1,-0.11%,0
"2025-07-15 10:00",6277.99,6283.83,6274.46,6283.83,5.82,+0.09%,0
"2025-07-15 09:45",6285.57,6287.55,6277.17,6278.01,-7.43,-0.12%,0
"2025-07-15 09:30",6295.29,6302.04,6279.96,6285.44,16.88,+0.27%,0
"2025-07-14 16:30",6268.56,6268.56,6268.56,6268.56,0,0.00%,0
"2025-07-14 16:15",6268.56,6268.56,6268.56,6268.56,0,0.00%,0
"2025-07-14 16:00",6268.07,6268.59,6268.07,6268.56,0.45,+0.01%,0
"2025-07-14 15:45",6265.96,6270.78,6264.78,6268.11,2.19,+0.03%,0
"2025-07-14 15:30",6268.65,6268.65,6265.81,6265.92,-2.67,-0.04%,0
"2025-07-14 15:15",6270.55,6270.58,6266.88,6268.59,-1.97,-0.03%,0
"2025-07-14 15:00",6270.9,6272.64,6268.86,6270.56,-0.3,0.00%,0
"2025-07-14 14:45",6271.94,6272.45,6270.27,6270.86,-1.16,-0.02%,0
"2025-07-14 14:30",6271.25,6273.31,6270.9,6272.02,0.76,+0.01%,0
"2025-07-14 14:15",6269.27,6271.44,6268.7,6271.26,1.98,+0.03%,0
"2025-07-14 14:00",6268.53,6270.94,6268.04,6269.28,0.75,+0.01%,0
"2025-07-14 13:45",6268.51,6270.53,6265.94,6268.53,0.04,0.00%,0
"2025-07-14 13:30",6268.87,6271.32,6267.98,6268.49,-0.36,-0.01%,0
"2025-07-14 13:15",6268.33,6270.74,6267.93,6268.85,0.68,+0.01%,0
"2025-07-14 13:00",6264.85,6268.31,6264.85,6268.17,3.22,+0.05%,0
"2025-07-14 12:45",6261.47,6266.47,6261.29,6264.95,3.41,+0.05%,0
"2025-07-14 12:30",6260.54,6262.9,6258.19,6261.54,0.96,+0.02%,0
"2025-07-14 12:15",6262.42,6262.8,6260.14,6260.58,-1.84,-0.03%,0
"2025-07-14 12:00",6261.13,6264.98,6259.88,6262.42,1.29,+0.02%,0
"2025-07-14 11:45",6263.53,6263.7,6259.69,6261.13,-2.45,-0.04%,0
"2025-07-14 11:30",6262.29,6265.42,6260.36,6263.58,1.17,+0.02%,0
"2025-07-14 11:15",6257.95,6262.41,6255.97,6262.41,4.42,+0.07%,0
"2025-07-14 11:00",6256.3,6259.66,6254.87,6257.99,1.69,+0.03%,0
"2025-07-14 10:45",6251.63,6256.51,6248.21,6256.3,4.64,+0.07%,0
"2025-07-14 10:30",6248.66,6252.62,6245.62,6251.66,3.02,+0.05%,0
"2025-07-14 10:15",6250.61,6259.01,6247.72,6248.64,-1.82,-0.03%,0
"2025-07-14 10:00",6247.91,6251.82,6244.95,6250.46,1.9,+0.03%,0
"2025-07-14 09:45",6240.33,6256.5,6239.64,6248.56,8.08,+0.13%,0
"2025-07-14 09:30",6255.15,6255.29,6239.22,6240.48,-19.27,-0.31%,0
"2025-07-11 16:30",6259.75,6259.75,6259.75,6259.75,0,0.00%,0
"2025-07-11 16:15",6259.75,6259.75,6259.75,6259.75,0,0.00%,0
"2025-07-11 16:00",6258.4,6259.75,6258.4,6259.75,1.4,+0.02%,0
"2025-07-11 15:45",6263.33,6266.04,6256.72,6258.35,-5.05,-0.08%,0
"2025-07-11 15:30",6266,6266.85,6262.88,6263.4,-2.58,-0.04%,0
"2025-07-11 15:15",6262.46,6267.87,6262,6265.98,3.53,+0.06%,0
"2025-07-11 15:00",6264.75,6264.75,6253.28,6262.45,-2.28,-0.04%,0
"2025-07-11 14:45",6269.1,6269.44,6263.7,6264.73,-4.34,-0.07%,0
"2025-07-11 14:30",6263.92,6269.07,6263.41,6269.07,5.24,+0.08%,0
"2025-07-11 14:15",6265.84,6266.25,6262.71,6263.83,-2.21,-0.04%,0
"2025-07-11 14:00",6265.99,6267.73,6263.63,6266.04,-0.01,0.00%,0
"2025-07-11 13:45",6260.41,6266.53,6260.26,6266.05,5.69,+0.09%,0
"2025-07-11 13:30",6265.49,6266.55,6258.84,6260.36,-5.11,-0.08%,0
"2025-07-11 13:15",6265.14,6266.61,6263.54,6265.47,0.24,0.00%,0
"2025-07-11 13:00",6264.7,6266.48,6262.87,6265.23,0.53,+0.01%,0
"2025-07-11 12:45",6257.38,6265.04,6257.01,6264.7,7.25,+0.12%,0
"2025-07-11 12:30",6260.76,6261.84,6257.41,6257.45,-3.48,-0.06%,0
"2025-07-11 12:15",6255.51,6260.96,6255.51,6260.93,5.43,+0.09%,0
"2025-07-11 12:00",6259.07,6261.7,6253.25,6255.5,-3.56,-0.06%,0
"2025-07-11 11:45",6265.4,6265.85,6256.48,6259.06,-6.43,-0.10%,0
"2025-07-11 11:30",6254.83,6267.04,6254.77,6265.49,10.83,+0.17%,0
"2025-07-11 11:15",6250.23,6259.26,6249.18,6254.66,3.93,+0.06%,0
"2025-07-11 11:00",6260.12,6260.12,6250.64,6250.73,-9.38,-0.15%,0
"2025-07-11 10:45",6261.14,6261.35,6254.67,6260.11,-1.09,-0.02%,0
"2025-07-11 10:30",6262,6265.45,6258.75,6261.2,-0.77,-0.01%,0
"2025-07-11 10:15",6257.4,6264.21,6255.83,6261.97,4.54,+0.07%,0
"2025-07-11 10:00",6254.21,6257.45,6251.88,6257.43,3.42,+0.05%,0
"2025-07-11 09:45",6240.21,6254.88,6237.6,6254.01,13.95,+0.22%,0
"2025-07-11 09:30",6255.68,6256.58,6239.34,6240.06,-40.4,-0.64%,0
"2025-07-10 16:45",6280.46,6280.46,6280.46,6280.46,0,0.00%,0
"2025-07-10 16:15",6280.46,6280.46,6280.46,6280.46,0,0.00%,0
"2025-07-10 16:00",6280.25,6280.46,6280.19,6280.46,0.32,+0.01%,0
"2025-07-10 15:45",6286.38,6286.64,6274.09,6280.14,-6.21,-0.10%,0
"2025-07-10 15:30",6283.44,6287.85,6283.35,6286.35,2.86,+0.05%,0
"2025-07-10 15:15",6285.85,6287.13,6282.77,6283.49,-2.41,-0.04%,0
"2025-07-10 15:00",6283.91,6286.62,6283.33,6285.9,2.01,+0.03%,0
"2025-07-10 14:45",6285.09,6285.69,6282.68,6283.89,-1.19,-0.02%,0
"2025-07-10 14:30",6287.67,6288.1,6284.92,6285.08,-2.6,-0.04%,0
"2025-07-10 14:15",6287.69,6290.22,6287.23,6287.68,-0.07,0.00%,0
"2025-07-10 14:00",6287.23,6289.01,6286.41,6287.75,0.53,+0.01%,0
"2025-07-10 13:45",6285.39,6289.04,6283.65,6287.22,1.84,+0.03%,0
"2025-07-10 13:30",6282.64,6286.02,6282.62,6285.38,2.78,+0.04%,0
"2025-07-10 13:15",6280.86,6284.03,6279.73,6282.6,1.79,+0.03%,0
"2025-07-10 13:00",6276.69,6281.98,6276.58,6280.81,4.2,+0.07%,0
"2025-07-10 12:45",6278.26,6278.65,6275.89,6276.61,-1.67,-0.03%,0
"2025-07-10 12:30",6277.04,6279.13,6274.01,6278.28,1.22,+0.02%,0
"2025-07-10 12:15",6273.46,6277.59,6271.73,6277.06,3.59,+0.06%,0
"2025-07-10 12:00",6278.32,6278.84,6272.49,6273.47,-4.81,-0.08%,0
"2025-07-10 11:45",6279.27,6279.45,6276.94,6278.28,-0.99,-0.02%,0
"2025-07-10 11:30",6276.44,6279.33,6275.39,6279.27,2.61,+0.04%,0
"2025-07-10 11:15",6272.7,6276.85,6271.31,6276.66,4.07,+0.06%,0
"2025-07-10 11:00",6269.89,6275.16,6269.64,6272.59,2.66,+0.04%,0
"2025-07-10 10:45",6269.61,6272.47,6267.48,6269.93,0.33,+0.01%,0
"2025-07-10 10:30",6258.89,6270.05,6258.89,6269.6,10.85,+0.17%,0
"2025-07-10 10:15",6258.97,6263.99,6254.68,6258.75,-0.19,0.00%,0
"2025-07-10 10:00",6255.85,6259.62,6251.44,6258.94,2.99,+0.05%,0
"2025-07-10 09:45",6260.2,6262.58,6253.32,6255.95,-4.27,-0.07%,0
"2025-07-10 09:30",6266.8,6267.19,6257.5,6260.22,-3.04,-0.05%,0
"2025-07-09 17:00",6263.26,6263.26,6263.26,6263.26,0,0.00%,0
"2025-07-09 16:15",6263.26,6263.26,6263.26,6263.26,0,0.00%,0
"2025-07-09 16:00",6262.71,6263.35,6262.71,6263.26,0.99,+0.02%,0
"2025-07-09 15:45",6258.98,6263.85,6256.75,6262.27,3.28,+0.05%,0
"2025-07-09 15:30",6257.88,6259.49,6256.45,6258.99,1.14,+0.02%,0
"2025-07-09 15:15",6253.92,6259.71,6253.85,6257.85,3.93,+0.06%,0
"2025-07-09 15:00",6256.08,6257.25,6252.96,6253.92,-2.17,-0.03%,0
"2025-07-09 14:45",6251.71,6257.47,6251.2,6256.09,4.41,+0.07%,0
"2025-07-09 14:30",6250.61,6253.93,6250.46,6251.68,0.94,+0.02%,0
"2025-07-09 14:15",6253.32,6253.47,6249.73,6250.74,-2.58,-0.04%,0
"2025-07-09 14:00",6246.48,6254.66,6246.16,6253.32,6.76,+0.11%,0
"2025-07-09 13:45",6245.66,6249.94,6242.95,6246.56,0.87,+0.01%,0
"2025-07-09 13:30",6245.44,6247.98,6242.95,6245.69,0.23,0.00%,0
"2025-07-09 13:15",6243.07,6248.62,6242.4,6245.46,2.27,+0.04%,0
"2025-07-09 13:00",6242.58,6245.59,6239.09,6243.19,0.57,+0.01%,0
"2025-07-09 12:45",6242.04,6245.23,6241.73,6242.62,0.67,+0.01%,0
"2025-07-09 12:30",6240.47,6243.32,6240,6241.95,1.46,+0.02%,0
"2025-07-09 12:15",6241.27,6243.83,6238.5,6240.49,-0.82,-0.01%,0
"2025-07-09 12:00",6241.63,6246.23,6238.42,6241.31,-0.34,-0.01%,0
"2025-07-09 11:45",6245.27,6247.14,6239.17,6241.65,-3.62,-0.06%,0
"2025-07-09 11:30",6243.05,6245.39,6236.06,6245.27,2.24,+0.04%,0
"2025-07-09 11:15",6235.07,6244.38,6231.43,6243.03,8.01,+0.13%,0
"2025-07-09 11:00",6235.94,6241.84,6233.62,6235.02,-0.96,-0.02%,0
"2025-07-09 10:45",6242.35,6246.4,6233.14,6235.98,-6.3,-0.10%,0
"2025-07-09 10:30",6255.95,6255.95,6241.29,6242.28,-13.8,-0.22%,0
"2025-07-09 10:15",6264.39,6265.1,6254.4,6256.08,-8.33,-0.13%,0
"2025-07-09 10:00",6264.12,6267.64,6261.08,6264.41,-1.05,-0.02%,0
"2025-07-09 09:45",6263.24,6269.16,6263.24,6265.46,2.16,+0.03%,0
"2025-07-09 09:30",6243.33,6263.73,6243.33,6263.3,37.78,+0.61%,0
"2025-07-08 16:30",6225.52,6225.52,6225.52,6225.52,0,0.00%,0
"2025-07-08 16:15",6225.52,6225.52,6225.52,6225.52,0,0.00%,0
"2025-07-08 16:00",6225.62,6225.71,6225.52,6225.52,0.04,0.00%,0
"2025-07-08 15:45",6223.24,6228.56,6221.72,6225.48,2.24,+0.04%,0
"2025-07-08 15:30",6226.84,6227.16,6222.23,6223.24,-3.64,-0.06%,0
"2025-07-08 15:15",6224.8,6227.19,6223.51,6226.88,2.06,+0.03%,0
"2025-07-08 15:00",6227.15,6228.04,6223.29,6224.82,-2.34,-0.04%,0
"2025-07-08 14:45",6226.08,6229.09,6225.37,6227.16,1.03,+0.02%,0
"2025-07-08 14:30",6228.55,6230.87,6225.78,6226.13,-2.4,-0.04%,0
"2025-07-08 14:15",6233.4,6234.41,6228.42,6228.53,-4.96,-0.08%,0
"2025-07-08 14:00",6233.53,6234.75,6231.11,6233.49,-0.16,0.00%,0
"2025-07-08 13:45",6226.33,6234.62,6225.67,6233.65,7.41,+0.12%,0
"2025-07-08 13:30",6230.06,6232.8,6224.54,6226.24,-3.77,-0.06%,0
"2025-07-08 13:15",6229.12,6230.34,6220.88,6230.01,0.8,+0.01%,0
"2025-07-08 13:00",6229.88,6230.93,6225.2,6229.21,-0.7,-0.01%,0
"2025-07-08 12:45",6234.52,6235.65,6229.53,6229.91,-4.66,-0.07%,0
"2025-07-08 12:30",6240.9,6241.76,6227.45,6234.57,-6.33,-0.10%,0
"2025-07-08 12:15",6231.25,6242.7,6230.54,6240.9,9.67,+0.16%,0
"2025-07-08 12:00",6233.13,6234.04,6227.54,6231.23,-1.95,-0.03%,0
"2025-07-08 11:45",6227.81,6234.41,6227.62,6233.18,5.4,+0.09%,0
"2025-07-08 11:30",6221.72,6228.66,6221.72,6227.78,6.02,+0.10%,0
"2025-07-08 11:15",6229.64,6230.42,6219.39,6221.76,-7.9,-0.13%,0
"2025-07-08 11:00",6225.9,6232.94,6224.81,6229.66,3.89,+0.06%,0
"2025-07-08 10:45",6232.59,6232.75,6217.75,6225.77,-6.57,-0.11%,0
"2025-07-08 10:30",6222.41,6236.84,6222.22,6232.34,9.96,+0.16%,0
"2025-07-08 10:15",6225.56,6228.6,6218.91,6222.38,-3.3,-0.05%,0
"2025-07-08 10:00",6228.1,6231.07,6221.17,6225.68,-3.65,-0.06%,0
"2025-07-08 09:45",6232.85,6238.45,6229.19,6229.33,-3.37,-0.05%,0
"2025-07-08 09:30",6234.03,6234.6,6227.53,6232.7,2.72,+0.04%,0
"2025-07-07 16:45",6229.98,6229.98,6229.98,6229.98,0,0.00%,0
"2025-07-07 16:15",6229.98,6229.98,6229.98,6229.98,0,0.00%,0
"2025-07-07 16:00",6230.07,6230.07,6229.95,6229.98,-0.78,-0.01%,0
"2025-07-07 15:45",6218.64,6230.76,6217.02,6230.76,12.21,+0.20%,0
"2025-07-07 15:30",6216.72,6220.41,6216.29,6218.55,1.77,+0.03%,0
"2025-07-07 15:15",6219.57,6220.99,6216.7,6216.78,-2.85,-0.05%,0
"2025-07-07 15:00",6223.75,6225.79,6216.03,6219.63,-4.12,-0.07%,0
"2025-07-07 14:45",6216.87,6223.93,6216.44,6223.75,6.92,+0.11%,0
"2025-07-07 14:30",6201.65,6217.44,6201,6216.83,15.2,+0.25%,0
"2025-07-07 14:15",6221.71,6221.84,6201.5,6201.63,-20.04,-0.32%,0
"2025-07-07 14:00",6222.48,6225.58,6221.43,6221.67,-0.85,-0.01%,0
"2025-07-07 13:45",6220.74,6223.71,6219.46,6222.52,1.8,+0.03%,0
"2025-07-07 13:30",6223.57,6234.95,6218.34,6220.72,-2.87,-0.05%,0
"2025-07-07 13:15",6227.47,6231.79,6222.66,6223.59,-3.88,-0.06%,0
"2025-07-07 13:00",6220.22,6227.47,6218.51,6227.47,7.24,+0.12%,0
"2025-07-07 12:45",6226.41,6226.97,6217.42,6220.23,-6.08,-0.10%,0
"2025-07-07 12:30",6227.93,6234.04,6224.47,6226.31,-1.68,-0.03%,0
"2025-07-07 12:15",6241.87,6243.35,6215.25,6227.99,-13.9,-0.22%,0
"2025-07-07 12:00",6239.54,6244.66,6239.44,6241.89,2.43,+0.04%,0
"2025-07-07 11:45",6238.33,6240.74,6234.02,6239.46,1.1,+0.02%,0
"2025-07-07 11:30",6242.6,6243.64,6238.35,6238.36,-4.42,-0.07%,0
"2025-07-07 11:15",6241.6,6243.07,6237.76,6242.78,1.14,+0.02%,0
"2025-07-07 11:00",6243.69,6245.68,6241.15,6241.64,-2.21,-0.04%,0
"2025-07-07 10:45",6249.02,6250.95,6241.39,6243.85,-5.15,-0.08%,0
"2025-07-07 10:30",6252.43,6252.83,6247.63,6249,-3.38,-0.05%,0
"2025-07-07 10:15",6250.6,6256.32,6248.22,6252.38,1.54,+0.02%,0
"2025-07-07 10:00",6258.81,6260.01,6250.1,6250.84,-7.8,-0.12%,0
"2025-07-07 09:45",6256.85,6262.07,6253.22,6258.64,1.84,+0.03%,0
"2025-07-07 09:30",6259.04,6261.9,6250.4,6256.8,-22.55,-0.36%,0
"2025-07-03 13:30",6279.35,6279.35,6279.35,6279.35,0,0.00%,0
"2025-07-03 13:15",6279.35,6279.35,6279.35,6279.35,0,0.00%,0
"2025-07-03 13:00",6277.6,6279.36,6277.6,6279.35,1.59,+0.03%,0
"2025-07-03 12:45",6282.89,6282.92,6271.35,6277.76,-5.08,-0.08%,0
"2025-07-03 12:30",6279.16,6284.65,6278.22,6282.84,3.69,+0.06%,0
"2025-07-03 12:15",6281.3,6281.32,6277.88,6279.15,-2.18,-0.03%,0
"2025-07-03 12:00",6280.97,6282.42,6280.32,6281.33,0.42,+0.01%,0
"2025-07-03 11:45",6282.55,6282.8,6279.74,6280.91,-1.54,-0.02%,0
"2025-07-03 11:30",6276.49,6282.51,6276.09,6282.45,5.86,+0.09%,0
"2025-07-03 11:15",6279.33,6279.49,6274,6276.59,-2.72,-0.04%,0
"2025-07-03 11:00",6275.43,6279.69,6275.08,6279.31,3.85,+0.06%,0
"2025-07-03 10:45",6275.49,6276.49,6273.83,6275.46,-0.07,0.00%,0
"2025-07-03 10:30",6272.03,6276.25,6270.13,6275.53,3.66,+0.06%,0
"2025-07-03 10:15",6269.86,6272.85,6267.67,6271.87,1.93,+0.03%,0
"2025-07-03 10:00",6262.25,6271.89,6262.25,6269.94,7.51,+0.12%,0
"2025-07-03 09:45",6256.89,6267.54,6256.21,6262.43,5.49,+0.09%,0
"2025-07-03 09:30",6246.46,6257.59,6246.46,6256.94,29.52,+0.47%,0
"2025-07-02 16:45",6227.42,6227.42,6227.42,6227.42,0,0.00%,0
"2025-07-02 16:15",6227.42,6227.42,6227.42,6227.42,0,0.00%,0
"2025-07-02 16:00",6227.11,6227.42,6227.11,6227.42,0.15,0.00%,0
"2025-07-02 15:45",6221.3,6227.6,6219.96,6227.27,6.04,+0.10%,0
"2025-07-02 15:30",6220.41,6222.33,6218.87,6221.23,0.77,+0.01%,0
"2025-07-02 15:15",6223.21,6223.55,6220.03,6220.46,-2.74,-0.04%,0
"2025-07-02 15:00",6221.07,6224.61,6220.96,6223.2,2.11,+0.03%,0
"2025-07-02 14:45",6221.79,6222.27,6219.68,6221.09,-0.72,-0.01%,0
"2025-07-02 14:30",6218.58,6222.23,6218.43,6221.81,3.21,+0.05%,0
"2025-07-02 14:15",6218.23,6219.96,6216.67,6218.6,0.36,+0.01%,0
"2025-07-02 14:00",6217.36,6219.35,6215.43,6218.24,0.92,+0.01%,0
"2025-07-02 13:45",6216.39,6219.83,6215.86,6217.32,0.93,+0.01%,0
"2025-07-02 13:30",6217.41,6218.87,6216.03,6216.39,-1.01,-0.02%,0
"2025-07-02 13:15",6217.07,6219.2,6214.21,6217.4,0.3,0.00%,0
"2025-07-02 13:00",6218.49,6219.17,6215.74,6217.1,-1.34,-0.02%,0
"2025-07-02 12:45",6217.87,6219.1,6216.95,6218.44,0.65,+0.01%,0
"2025-07-02 12:30",6214.7,6218.68,6213.29,6217.79,3.05,+0.05%,0
"2025-07-02 12:15",6213.44,6216.32,6212.6,6214.74,1.25,+0.02%,0
"2025-07-02 12:00",6215.98,6216.48,6211.83,6213.49,-2.65,-0.04%,0
"2025-07-02 11:45",6214.4,6217.48,6213.9,6216.14,1.75,+0.03%,0
"2025-07-02 11:30",6210.87,6216.82,6210.54,6214.39,3.45,+0.06%,0
"2025-07-02 11:15",6209.62,6213.68,6209.62,6210.94,1.3,+0.02%,0
"2025-07-02 11:00",6210.53,6214.37,6209.04,6209.64,-0.77,-0.01%,0
"2025-07-02 10:45",6206.83,6214.63,6205.41,6210.41,3,+0.05%,0
"2025-07-02 10:30",6209.23,6214.41,6206.3,6207.41,-1.73,-0.03%,0
"2025-07-02 10:15",6202.86,6210.47,6202.47,6209.14,6.38,+0.10%,0
"2025-07-02 10:00",6196.18,6203.53,6195.56,6202.76,7.19,+0.12%,0
"2025-07-02 09:45",6194.46,6200.19,6194.27,6195.57,1.16,+0.02%,0
"2025-07-02 09:30",6193.88,6196.92,6188.29,6194.41,-3.6,-0.06%,0
"2025-07-01 16:30",6198.01,6198.01,6198.01,6198.01,0,0.00%,0
"2025-07-01 16:15",6198.01,6198.01,6198.01,6198.01,0,0.00%,0
"2025-07-01 16:00",6197.53,6198.1,6197.53,6198.01,0.43,+0.01%,0
"2025-07-01 15:45",6203.57,6209.52,6197.29,6197.58,-6.1,-0.10%,0
"2025-07-01 15:30",6206.09,6206.7,6199.01,6203.68,-2.44,-0.04%,0
"2025-07-01 15:15",6197.28,6206.15,6197.28,6206.12,8.92,+0.14%,0
"2025-07-01 15:00",6202.46,6202.46,6190.31,6197.2,-5.31,-0.09%,0
"2025-07-01 14:45",6205.97,6207.32,6202.32,6202.51,-3.45,-0.06%,0
"2025-07-01 14:30",6202.86,6207.59,6202.51,6205.96,3.1,+0.05%,0
"2025-07-01 14:15",6205.68,6207.42,6202.4,6202.86,-2.86,-0.05%,0
"2025-07-01 14:00",6208.41,6209.51,6204.86,6205.72,-2.58,-0.04%,0
"2025-07-01 13:45",6205.3,6210.78,6203.96,6208.3,3.13,+0.05%,0
"2025-07-01 13:30",6203.45,6205.41,6200.79,6205.17,1.68,+0.03%,0
"2025-07-01 13:15",6200.96,6205.29,6200.07,6203.49,2.67,+0.04%,0
"2025-07-01 13:00",6194.17,6202.92,6193.17,6200.82,6.51,+0.11%,0
"2025-07-01 12:45",6197.76,6203.97,6193.51,6194.31,-3.24,-0.05%,0
"2025-07-01 12:30",6196.09,6200.55,6194.24,6197.55,1.41,+0.02%,0
"2025-07-01 12:15",6203.01,6203.44,6194.9,6196.14,-6.91,-0.11%,0
"2025-07-01 12:00",6191.85,6203.55,6190.12,6203.05,11.28,+0.18%,0
"2025-07-01 11:45",6185.21,6192.68,6184.67,6191.77,6.56,+0.11%,0
"2025-07-01 11:30",6195.76,6197.63,6183.53,6185.21,-10.67,-0.17%,0
"2025-07-01 11:15",6179.74,6197.97,6178.26,6195.88,16.06,+0.26%,0
"2025-07-01 11:00",6187.54,6194.8,6177.97,6179.82,-7.76,-0.13%,0
"2025-07-01 10:45",6188.56,6189.67,6184.02,6187.58,-1.02,-0.02%,0
"2025-07-01 10:30",6193.61,6199,6187.72,6188.6,-5.13,-0.08%,0
"2025-07-01 10:15",6199.22,6203.21,6190.62,6193.73,-5.32,-0.09%,0
"2025-07-01 10:00",6194.85,6200.29,6191.95,6199.05,4.06,+0.07%,0
"2025-07-01 09:45",6188.49,6200.12,6188.44,6194.99,6.5,+0.11%,0
"2025-07-01 09:30",6187.25,6192.01,6184.96,6188.49,-16.46,-0.27%,0
"2025-06-30 16:30",6204.95,6204.95,6204.95,6204.95,0,0.00%,0
"2025-06-30 16:15",6204.95,6204.95,6204.95,6204.95,0,0.00%,0
"2025-06-30 16:00",6203.31,6204.95,6203.31,6204.95,0.6,+0.01%,0
"2025-06-30 15:45",6200.95,6215.08,6200.3,6204.35,3.27,+0.05%,0
"2025-06-30 15:30",6202.32,6204.04,6197.4,6201.08,-1.24,-0.02%,0
"2025-06-30 15:15",6196.31,6205.26,6192.96,6202.32,5.97,+0.10%,0
"2025-06-30 15:00",6191.83,6197.65,6191.81,6196.35,4.65,+0.08%,0
"2025-06-30 14:45",6179.93,6191.74,6179.93,6191.7,11.76,+0.19%,0
"2025-06-30 14:30",6183.42,6183.87,6176.03,6179.94,-3.55,-0.06%,0
"2025-06-30 14:15",6182.6,6186.93,6182.24,6183.49,0.78,+0.01%,0
"2025-06-30 14:00",6181.19,6186.81,6179.99,6182.71,1.46,+0.02%,0
"2025-06-30 13:45",6183.66,6187.63,6174.97,6181.25,-2.49,-0.04%,0
"2025-06-30 13:30",6188.02,6188.48,6182.75,6183.74,-4.23,-0.07%,0
"2025-06-30 13:15",6187.88,6188.47,6185.39,6187.97,-0.05,0.00%,0
"2025-06-30 13:00",6189.53,6190.95,6187.08,6188.02,-1.38,-0.02%,0
"2025-06-30 12:45",6192.01,6194.01,6189.19,6189.4,-2.61,-0.04%,0
"2025-06-30 12:30",6185.67,6193.61,6185.21,6192.01,6.29,+0.10%,0
"2025-06-30 12:15",6189.51,6191.56,6184.6,6185.72,-3.79,-0.06%,0
"2025-06-30 12:00",6187.39,6191.77,6187.39,6189.51,2.09,+0.03%,0
"2025-06-30 11:45",6190.3,6192.03,6187.01,6187.42,-2.94,-0.05%,0
"2025-06-30 11:30",6184.63,6191.09,6183.83,6190.36,5.8,+0.09%,0
"2025-06-30 11:15",6182.39,6185.91,6180.26,6184.56,2.07,+0.03%,0
"2025-06-30 11:00",6182.82,6188.4,6181.18,6182.49,-0.27,0.00%,0
"2025-06-30 10:45",6181.82,6184.69,6180.52,6182.76,0.97,+0.02%,0
"2025-06-30 10:30",6189.33,6189.97,6179.83,6181.79,-7.31,-0.12%,0
"2025-06-30 10:15",6189.11,6190.74,6183.05,6189.1,0.1,0.00%,0
"2025-06-30 10:00",6187.78,6190.9,6184.93,6189,1.7,+0.03%,0
"2025-06-30 09:45",6186.51,6189.57,6183.98,6187.3,0.81,+0.01%,0
"2025-06-30 09:30",6193.36,6195.34,6184.11,6186.49,13.42,+0.22%,0
"2025-06-27 16:45",6173.07,6173.07,6173.07,6173.07,0,0.00%,0
"2025-06-27 16:15",6173.07,6173.07,6173.07,6173.07,0,0.00%,0
"2025-06-27 16:00",6172.85,6173.14,6172.74,6173.07,1.1,+0.02%,0
"2025-06-27 15:45",6155.41,6174.79,6155.25,6171.97,16.66,+0.27%,0
"2025-06-27 15:30",6147.57,6155.91,6147.57,6155.31,7.76,+0.13%,0
"2025-06-27 15:15",6146.46,6150.5,6143.62,6147.55,1.19,+0.02%,0
"2025-06-27 15:00",6135.45,6146.49,6134.19,6146.36,10.92,+0.18%,0
"2025-06-27 14:45",6140.37,6145.51,6132.35,6135.44,-4.95,-0.08%,0
"2025-06-27 14:30",6147.11,6148.98,6134.03,6140.39,-6.94,-0.11%,0
"2025-06-27 14:15",6159.09,6160.11,6147.28,6147.33,-11.87,-0.19%,0
"2025-06-27 14:00",6165.15,6166.66,6157.94,6159.2,-6.04,-0.10%,0
"2025-06-27 13:45",6171.25,6171.25,6156.76,6165.24,-5.9,-0.10%,0
"2025-06-27 13:30",6177.37,6179.27,6167.68,6171.14,-6.21,-0.10%,0
"2025-06-27 13:15",6182.66,6182.66,6176.52,6177.35,-5.27,-0.09%,0
"2025-06-27 13:00",6183.31,6183.38,6179.15,6182.62,-0.67,-0.01%,0
"2025-06-27 12:45",6183.55,6183.99,6180.33,6183.29,-0.26,0.00%,0
"2025-06-27 12:30",6186.76,6187.68,6182.88,6183.55,-3.21,-0.05%,0
"2025-06-27 12:15",6184.88,6186.99,6182.16,6186.76,1.98,+0.03%,0
"2025-06-27 12:00",6182.63,6185.63,6180.6,6184.78,2.15,+0.03%,0
"2025-06-27 11:45",6184.05,6184.73,6182.45,6182.63,-1.44,-0.02%,0
"2025-06-27 11:30",6176.89,6184.39,6176.89,6184.07,7.24,+0.12%,0
"2025-06-27 11:15",6175.93,6177.54,6172.13,6176.83,0.82,+0.01%,0
"2025-06-27 11:00",6172.33,6177.75,6170.54,6176.01,3.56,+0.06%,0
"2025-06-27 10:45",6177.81,6178.47,6170.4,6172.45,-5.41,-0.09%,0
"2025-06-27 10:30",6173.06,6178.8,6170.03,6177.86,4.86,+0.08%,0
"2025-06-27 10:15",6175.35,6177,6169.61,6173,-2.37,-0.04%,0
"2025-06-27 10:00",6167.14,6178.74,6167.14,6175.37,8.46,+0.14%,0
"2025-06-27 09:45",6160.56,6170.25,6160.45,6166.91,6.23,+0.10%,0
"2025-06-27 09:30",6150.7,6161.49,6150.7,6160.68,19.66,+0.32%,0
"2025-06-26 16:45",6141.02,6141.02,6141.02,6141.02,0,0.00%,0
"2025-06-26 16:15",6141.02,6141.02,6141.02,6141.02,0,0.00%,0
"2025-06-26 16:00",6142.09,6142.09,6141.02,6141.02,-1.6,-0.03%,0
"2025-06-26 15:45",6137.31,6146.52,6136.15,6142.62,5.36,+0.09%,0
"2025-06-26 15:30",6140.1,6140.64,6136.67,6137.26,-2.89,-0.05%,0
"2025-06-26 15:15",6137.91,6141.44,6136.81,6140.15,2.27,+0.04%,0
"2025-06-26 15:00",6138.14,6140.14,6137.83,6137.88,-0.28,0.00%,0
"2025-06-26 14:45",6139.67,6140.9,6134.83,6138.16,-1.5,-0.02%,0
"2025-06-26 14:30",6140.87,6142.8,6138.23,6139.66,-1.24,-0.02%,0
"2025-06-26 14:15",6141.96,6144.66,6140.65,6140.9,-1.02,-0.02%,0
"2025-06-26 14:00",6136.5,6142.25,6135.53,6141.92,5.44,+0.09%,0
"2025-06-26 13:45",6139.04,6139.29,6136.24,6136.48,-2.44,-0.04%,0
"2025-06-26 13:30",6135.28,6139.46,6135.28,6138.92,3.57,+0.06%,0
"2025-06-26 13:15",6134.68,6136.16,6132.83,6135.35,0.64,+0.01%,0
"2025-06-26 13:00",6132.17,6135.43,6130.32,6134.71,2.63,+0.04%,0
"2025-06-26 12:45",6131.68,6133.34,6130.63,6132.08,0.4,+0.01%,0
"2025-06-26 12:30",6132.51,6134.87,6131.68,6131.68,-0.77,-0.01%,0
"2025-06-26 12:15",6132.53,6134.99,6132.15,6132.45,-0.24,0.00%,0
"2025-06-26 12:00",6128.83,6134.19,6128.18,6132.69,3.79,+0.06%,0
"2025-06-26 11:45",6127.8,6130.26,6127.31,6128.9,1.17,+0.02%,0
"2025-06-26 11:30",6124.78,6129.89,6122.12,6127.73,3.04,+0.05%,0
"2025-06-26 11:15",6128.64,6132.31,6124.64,6124.69,-3.83,-0.06%,0
"2025-06-26 11:00",6127.65,6131.09,6127.3,6128.52,0.89,+0.01%,0
"2025-06-26 10:45",6124.09,6128.39,6123.36,6127.63,3.48,+0.06%,0
"2025-06-26 10:30",6123.18,6129,6123.04,6124.15,0.95,+0.02%,0
"2025-06-26 10:15",6117.78,6123.76,6116.57,6123.2,5.45,+0.09%,0
"2025-06-26 10:00",6115.83,6120.39,6115.05,6117.75,1.9,+0.03%,0
"2025-06-26 09:45",6116.68,6118.05,6107.27,6115.85,-0.78,-0.01%,0
"2025-06-26 09:30",6112.09,6117.36,6111.46,6116.63,24.47,+0.40%,0
"2025-06-25 16:45",6092.16,6092.16,6092.16,6092.16,0,0.00%,0
"2025-06-25 16:15",6092.16,6092.16,6092.16,6092.16,0,0.00%,0
"2025-06-25 16:00",6093.46,6093.46,6092.16,6092.16,-1.7,-0.03%,0
"2025-06-25 15:45",6091.71,6094.49,6087.96,6093.86,2.15,+0.04%,0
"2025-06-25 15:30",6094.07,6094.47,6087.6,6091.71,-2.34,-0.04%,0
"2025-06-25 15:15",6095.84,6097.18,6094.01,6094.05,-1.82,-0.03%,0
"2025-06-25 15:00",6087.81,6097.1,6087.77,6095.87,8.07,+0.13%,0
"2025-06-25 14:45",6086.61,6088.85,6086.21,6087.8,1.24,+0.02%,0
"2025-06-25 14:30",6087.44,6088.14,6084.32,6086.56,-0.89,-0.01%,0
"2025-06-25 14:15",6087.55,6089.08,6086.82,6087.45,-0.1,0.00%,0
"2025-06-25 14:00",6085.96,6088.49,6084.37,6087.55,1.6,+0.03%,0
"2025-06-25 13:45",6085.04,6091.61,6084.42,6085.95,1.06,+0.02%,0
"2025-06-25 13:30",6093.78,6094.11,6080.09,6084.89,-8.94,-0.15%,0
"2025-06-25 13:15",6089.37,6094.88,6088.98,6093.83,4.46,+0.07%,0
"2025-06-25 13:00",6090.81,6092.08,6086.26,6089.37,-1.46,-0.02%,0
"2025-06-25 12:45",6091.89,6092.16,6088.04,6090.83,-1.14,-0.02%,0
"2025-06-25 12:30",6093.34,6094.49,6091.24,6091.97,-1.35,-0.02%,0
"2025-06-25 12:15",6094.99,6096.25,6092.12,6093.32,-1.72,-0.03%,0
"2025-06-25 12:00",6092.77,6095.21,6091.94,6095.04,2.21,+0.04%,0
"2025-06-25 11:45",6092.87,6094.38,6091.04,6092.83,-0.19,0.00%,0
"2025-06-25 11:30",6095.17,6095.17,6088.81,6093.02,-2.17,-0.04%,0
"2025-06-25 11:15",6094.23,6097.26,6092.53,6095.19,0.85,+0.01%,0
"2025-06-25 11:00",6101.53,6101.93,6092.18,6094.34,-7.12,-0.12%,0
"2025-06-25 10:45",6105.09,6107.39,6100.37,6101.46,-3.54,-0.06%,0
"2025-06-25 10:30",6101.01,6105.35,6099.39,6105,4.17,+0.07%,0
"2025-06-25 10:15",6098.31,6103.34,6096.88,6100.83,2.51,+0.04%,0
"2025-06-25 10:00",6106.08,6106.85,6097.34,6098.32,-7.62,-0.12%,0
"2025-06-25 09:45",6106.72,6107.98,6097.84,6105.94,-0.54,-0.01%,0
"2025-06-25 09:30",6104.23,6108.51,6099.76,6106.48,14.3,+0.23%,0
"2025-06-24 16:45",6092.18,6092.18,6092.18,6092.18,0,0.00%,0
"2025-06-24 16:15",6092.18,6092.18,6092.18,6092.18,0,0.00%,0
"2025-06-24 16:00",6092.45,6092.51,6092.18,6092.18,-1.1,-0.02%,0
"2025-06-24 15:45",6100.48,6101.15,6092.42,6093.28,-7.25,-0.12%,0
"2025-06-24 15:30",6098.76,6101.76,6098.06,6100.53,1.77,+0.03%,0
"2025-06-24 15:15",6099.07,6100.24,6098.2,6098.76,-0.15,0.00%,0
"2025-06-24 15:00",6096.68,6099.98,6096.66,6098.91,2.15,+0.04%,0
"2025-06-24 14:45",6095.32,6096.81,6094.12,6096.76,1.48,+0.02%,0
"2025-06-24 14:30",6093.83,6096.7,6092.69,6095.28,1.47,+0.02%,0
"2025-06-24 14:15",6093.48,6095.58,6093.35,6093.81,0.24,0.00%,0
"2025-06-24 14:00",6095.56,6098.25,6093.56,6093.57,-1.98,-0.03%,0
"2025-06-24 13:45",6092.49,6097.07,6091.87,6095.55,3.05,+0.05%,0
"2025-06-24 13:30",6087.35,6093.2,6087.31,6092.5,5.17,+0.08%,0
"2025-06-24 13:15",6091.93,6093.57,6087.33,6087.33,-4.72,-0.08%,0
"2025-06-24 13:00",6089.95,6092.92,6089.63,6092.05,2.1,+0.03%,0
"2025-06-24 12:45",6094.8,6095.37,6087.59,6089.95,-4.98,-0.08%,0
"2025-06-24 12:30",6089.14,6095.24,6089.02,6094.93,5.82,+0.10%,0
"2025-06-24 12:15",6084.75,6089.83,6084.63,6089.11,4.32,+0.07%,0
"2025-06-24 12:00",6081.35,6085.54,6080.61,6084.79,3.44,+0.06%,0
"2025-06-24 11:45",6084.11,6085.4,6080.77,6081.35,-2.74,-0.05%,0
"2025-06-24 11:30",6081.39,6085.2,6080.55,6084.09,2.66,+0.04%,0
"2025-06-24 11:15",6078.07,6081.62,6077.09,6081.43,3.41,+0.06%,0
"2025-06-24 11:00",6073.04,6079.31,6073.04,6078.02,5.06,+0.08%,0
"2025-06-24 10:45",6076.35,6076.97,6070.68,6072.96,-3.38,-0.06%,0
"2025-06-24 10:30",6069.38,6077.19,6069.38,6076.34,7.09,+0.12%,0
"2025-06-24 10:15",6065.08,6072.92,6065.05,6069.25,4.24,+0.07%,0
"2025-06-24 10:00",6062.42,6069.15,6059.25,6065.01,1.78,+0.03%,0
"2025-06-24 09:45",6074.14,6078.71,6061.03,6063.23,-11.02,-0.18%,0
"2025-06-24 09:30",6061.21,6077.75,6061.21,6074.25,49.08,+0.81%,0
"2025-06-23 16:45",6025.17,6025.17,6025.17,6025.17,0,0.00%,0
"2025-06-23 16:15",6025.17,6025.17,6025.17,6025.17,0,0.00%,0
"2025-06-23 16:00",6025.04,6025.19,6024.93,6025.17,0.42,+0.01%,0
"2025-06-23 15:45",6014.5,6028.77,6013.17,6024.75,10.2,+0.17%,0
"2025-06-23 15:30",6016.06,6017.01,6012.94,6014.55,-1.52,-0.03%,0
"2025-06-23 15:15",6013.15,6016.63,6009.53,6016.07,2.89,+0.05%,0
"2025-06-23 15:00",6008.41,6017.2,6007.92,6013.18,4.8,+0.08%,0
"2025-06-23 14:45",6008.92,6009.27,6004.3,6008.38,-0.58,-0.01%,0
"2025-06-23 14:30",6007.59,6010.69,6006.68,6008.96,1.33,+0.02%,0
"2025-06-23 14:15",6012.09,6013.81,6007.33,6007.63,-4.6,-0.08%,0
"2025-06-23 14:00",6008.76,6014.42,6008.21,6012.23,3.52,+0.06%,0
"2025-06-23 13:45",6010.62,6014.46,6006.14,6008.71,-1.82,-0.03%,0
"2025-06-23 13:30",6000.94,6014.6,6000.94,6010.53,9.75,+0.16%,0
"2025-06-23 13:15",5979.51,6002.57,5979.51,6000.78,21.11,+0.35%,0
"2025-06-23 13:00",5959.43,5982.95,5955.98,5979.67,20.32,+0.34%,0
"2025-06-23 12:45",5969.83,5976.73,5959.28,5959.35,-10.47,-0.18%,0
"2025-06-23 12:30",5966.59,5972.42,5943.23,5969.82,3.31,+0.06%,0
"2025-06-23 12:15",5981.42,5982.89,5965.7,5966.51,-14.92,-0.25%,0
"2025-06-23 12:00",5982.52,5983.94,5978.09,5981.43,-1.18,-0.02%,0
"2025-06-23 11:45",5984.32,5987.25,5981.5,5982.61,-1.85,-0.03%,0
"2025-06-23 11:30",5988.15,5990.91,5982.2,5984.46,-3.58,-0.06%,0
"2025-06-23 11:15",5998.99,5999.52,5988.04,5988.04,-10.93,-0.18%,0
"2025-06-23 11:00",5988.61,5999.11,5988.4,5998.97,10.44,+0.17%,0
"2025-06-23 10:45",5997.74,6000.56,5988.52,5988.53,-8.97,-0.15%,0
"2025-06-23 10:30",5999.74,6000.98,5995.93,5997.5,-2.15,-0.04%,0
"2025-06-23 10:15",5999.65,6005.58,5997.51,5999.65,-0.04,0.00%,0
"2025-06-23 10:00",5989.87,6002.78,5989.87,5999.69,9.82,+0.16%,0
"2025-06-23 09:45",5977.89,5989.87,5977.89,5989.87,11.94,+0.20%,0
"2025-06-23 09:30",5969.67,5981.11,5958.16,5977.93,10.09,+0.17%,0
"2025-06-20 16:30",5967.84,5967.84,5967.84,5967.84,0,0.00%,0
"2025-06-20 16:15",5967.84,5967.84,5967.84,5967.84,0,0.00%,0
"2025-06-20 16:00",5966.93,5967.84,5966.93,5967.84,-0.5,-0.01%,0
"2025-06-20 15:45",5960.52,5973.24,5958.74,5968.34,7.93,+0.13%,0
"2025-06-20 15:30",5958.44,5962.11,5957.18,5960.41,2.02,+0.03%,0
"2025-06-20 15:15",5960.46,5962.67,5956.62,5958.39,-1.99,-0.03%,0
"2025-06-20 15:00",5959.36,5963.27,5957.59,5960.38,0.95,+0.02%,0
"2025-06-20 14:45",5969.94,5971.51,5958.09,5959.43,-10.54,-0.18%,0
"2025-06-20 14:30",5972.25,5975.58,5969,5969.97,-2.24,-0.04%,0
"2025-06-20 14:15",5967.55,5976.48,5967.4,5972.21,4.61,+0.08%,0
"2025-06-20 14:00",5963.9,5968.02,5963.02,5967.6,3.69,+0.06%,0
"2025-06-20 13:45",5958.08,5964.05,5957.39,5963.91,5.49,+0.09%,0
"2025-06-20 13:30",5959.66,5962.17,5952.56,5958.42,-1.26,-0.02%,0
"2025-06-20 13:15",5977.38,5981.44,5959.64,5959.68,-17.68,-0.30%,0
"2025-06-20 13:00",5976.38,5981.23,5971.48,5977.36,0.95,+0.02%,0
"2025-06-20 12:45",5975.85,5980.34,5973.53,5976.41,0.63,+0.01%,0
"2025-06-20 12:30",5972.82,5978.67,5972.82,5975.78,2.95,+0.05%,0
"2025-06-20 12:15",5969.82,5974.36,5966.19,5972.83,3.02,+0.05%,0
"2025-06-20 12:00",5970.6,5976.71,5968.6,5969.81,-0.65,-0.01%,0
"2025-06-20 11:45",5987,5987.13,5970.02,5970.46,-16.57,-0.28%,0
"2025-06-20 11:30",5974.93,5987.33,5974.62,5987.03,12.27,+0.21%,0
"2025-06-20 11:15",5974.82,5979.59,5973.73,5974.76,-0.03,0.00%,0
"2025-06-20 11:00",5967.56,5974.79,5959.18,5974.79,7.22,+0.12%,0
"2025-06-20 10:45",5976.27,5976.27,5963.72,5967.57,-8.75,-0.15%,0
"2025-06-20 10:30",5985.21,5988.87,5971.83,5976.32,-8.91,-0.15%,0
"2025-06-20 10:15",5994.75,5997.47,5977.31,5985.23,-9.42,-0.16%,0
"2025-06-20 10:00",5996.94,5999.38,5990.29,5994.65,-2.2,-0.04%,0
"2025-06-20 09:45",6017.12,6018.2,5995.89,5996.85,-20.18,-0.34%,0
"2025-06-20 09:30",5999.67,6018.2,5999.67,6017.03,36.16,+0.60%,0
"2025-06-18 16:45",5980.87,5980.87,5980.87,5980.87,0,0.00%,0
"2025-06-18 16:15",5980.87,5980.87,5980.87,5980.87,0,0.00%,0
"2025-06-18 16:00",5980.12,5980.89,5980.12,5980.87,0.54,+0.01%,0
"2025-06-18 15:45",5993.4,5993.7,5977.39,5980.33,-13.02,-0.22%,0
"2025-06-18 15:30",5975.82,5993.35,5973.52,5993.35,17.54,+0.29%,0
"2025-06-18 15:15",5990.19,5994.84,5975.66,5975.81,-14.32,-0.24%,0
"2025-06-18 15:00",5978.6,5993.22,5971.89,5990.13,11.52,+0.19%,0
"2025-06-18 14:45",6010.28,6010.28,5973.92,5978.61,-31.75,-0.53%,0
"2025-06-18 14:30",5999.77,6013.25,5996.54,6010.36,10.71,+0.18%,0
"2025-06-18 14:15",6000.53,6002.74,5993.61,5999.65,-0.86,-0.01%,0
"2025-06-18 14:00",6001.44,6014.55,5991.8,6000.51,-1.78,-0.03%,0
"2025-06-18 13:45",5998.73,6005.27,5998.73,6002.29,3.59,+0.06%,0
"2025-06-18 13:30",5994.76,5999.11,5987.13,5998.7,3.93,+0.07%,0
"2025-06-18 13:15",6000.36,6002.32,5994.77,5994.77,-5.46,-0.09%,0
"2025-06-18 13:00",6001.33,6003.2,5999.81,6000.23,-1.04,-0.02%,0
"2025-06-18 12:45",6003.29,6006.98,6001.25,6001.27,-1.9,-0.03%,0
"2025-06-18 12:30",6001.38,6003.63,6000.58,6003.17,1.77,+0.03%,0
"2025-06-18 12:15",6007.81,6008.53,6000.64,6001.4,-6.36,-0.11%,0
"2025-06-18 12:00",6003.42,6009,6000.87,6007.76,4.36,+0.07%,0
"2025-06-18 11:45",6005.62,6011.15,6002.71,6003.4,-2.14,-0.04%,0
"2025-06-18 11:30",6007.48,6009.8,6003.34,6005.54,-1.95,-0.03%,0
"2025-06-18 11:15",6009.78,6010.78,6005.68,6007.49,-2.3,-0.04%,0
"2025-06-18 11:00",6014.92,6015.22,6009.51,6009.79,-5.27,-0.09%,0
"2025-06-18 10:45",6016.65,6018.09,6011.93,6015.06,-1.47,-0.02%,0
"2025-06-18 10:30",6014.45,6018.25,6013.67,6016.53,1.92,+0.03%,0
"2025-06-18 10:15",6007.32,6016.81,6006.6,6014.61,7.27,+0.12%,0
"2025-06-18 10:00",5997.91,6007.94,5994.51,6007.34,9.37,+0.16%,0
"2025-06-18 09:45",5987.99,6001.54,5987.64,5997.97,9.88,+0.16%,0
"2025-06-18 09:30",5987.93,5990.1,5980.68,5988.09,5.37,+0.09%,0
"2025-06-17 16:45",5982.72,5982.72,5982.72,5982.72,0,0.00%,0
"2025-06-17 16:15",5982.72,5982.72,5982.72,5982.72,0,0.00%,0
"2025-06-17 16:00",5982.05,5982.72,5982.05,5982.72,0.66,+0.01%,0
"2025-06-17 15:45",5985.69,5990.78,5980.24,5982.06,-3.6,-0.06%,0
"2025-06-17 15:30",5988.84,5990.13,5982.64,5985.66,-3.19,-0.05%,0
"2025-06-17 15:15",5985.83,5989.91,5983.54,5988.85,2.99,+0.05%,0
"2025-06-17 15:00",5987.61,5988.3,5980.77,5985.86,-1.85,-0.03%,0
"2025-06-17 14:45",5978.69,5987.71,5978.48,5987.71,9.03,+0.15%,0
"2025-06-17 14:30",5980.33,5986,5974.8,5978.68,-1.63,-0.03%,0
"2025-06-17 14:15",5984.36,5985.02,5976.5,5980.31,-4.46,-0.07%,0
"2025-06-17 14:00",5987.36,5987.67,5978.56,5984.77,-2.74,-0.05%,0
"2025-06-17 13:45",5995.85,5996.75,5983.18,5987.51,-8.59,-0.14%,0
"2025-06-17 13:30",5996.82,6005.12,5992.76,5996.1,-0.76,-0.01%,0
"2025-06-17 13:15",6006.5,6006.89,5996.86,5996.86,-9.7,-0.16%,0
"2025-06-17 13:00",6004.04,6007.9,6001.26,6006.56,2.4,+0.04%,0
"2025-06-17 12:45",6013.38,6017.09,6002.2,6004.16,-8.98,-0.15%,0
"2025-06-17 12:30",6018.44,6022.56,6012.16,6013.14,-5.36,-0.09%,0
"2025-06-17 12:15",6020.85,6022.06,6017.72,6018.5,-2.43,-0.04%,0
"2025-06-17 12:00",6014,6021.14,6013.28,6020.93,6.98,+0.12%,0
"2025-06-17 11:45",6017.16,6018.63,6012.2,6013.95,-3.2,-0.05%,0
"2025-06-17 11:30",6011.73,6017.53,6008.89,6017.15,5.47,+0.09%,0
"2025-06-17 11:15",6023.13,6023.19,6010.86,6011.68,-11.57,-0.19%,0
"2025-06-17 11:00",6011.53,6023.25,6011.02,6023.25,11.65,+0.19%,0
"2025-06-17 10:45",6012.99,6017.85,6010.73,6011.6,-1.47,-0.02%,0
"2025-06-17 10:30",6018.55,6020.42,6012.11,6013.07,-5.61,-0.09%,0
"2025-06-17 10:15",6022.47,6022.89,6017.45,6018.68,-3.86,-0.06%,0
"2025-06-17 10:00",6015.59,6023.25,6010.95,6022.54,7.48,+0.12%,0
"2025-06-17 09:45",6007.25,6015.7,6006.31,6015.06,7.74,+0.13%,0
"2025-06-17 09:30",6012.15,6015.26,6005.82,6007.32,-25.79,-0.43%,0
"2025-06-16 16:30",6033.11,6033.11,6033.11,6033.11,0,0.00%,0
"2025-06-16 16:15",6033.11,6033.11,6033.11,6033.11,0,0.00%,0
"2025-06-16 16:00",6033.26,6033.52,6033.1,6033.11,-0.27,0.00%,0
"2025-06-16 15:45",6028.95,6034.4,6025.27,6033.38,4.42,+0.07%,0
"2025-06-16 15:30",6027.09,6028.96,6024.81,6028.96,1.89,+0.03%,0
"2025-06-16 15:15",6026.1,6031.05,6023.4,6027.07,1,+0.02%,0
"2025-06-16 15:00",6031.97,6032.55,6024.13,6026.07,-5.91,-0.10%,0
"2025-06-16 14:45",6029.72,6033.8,6025.43,6031.98,2.25,+0.04%,0
"2025-06-16 14:30",6032.39,6032.94,6028.72,6029.73,-2.58,-0.04%,0
"2025-06-16 14:15",6032.89,6033.99,6029.8,6032.31,-0.55,-0.01%,0
"2025-06-16 14:00",6029.95,6034.93,6029.73,6032.86,2.89,+0.05%,0
"2025-06-16 13:45",6037.89,6039.07,6028.69,6029.97,-7.91,-0.13%,0
"2025-06-16 13:30",6040.37,6043.21,6037.83,6037.88,-2.44,-0.04%,0
"2025-06-16 13:15",6031.32,6041.83,6030.4,6040.32,8.96,+0.15%,0
"2025-06-16 13:00",6033.8,6034.86,6030.79,6031.36,-2.38,-0.04%,0
"2025-06-16 12:45",6032.86,6038.07,6032.07,6033.74,0.68,+0.01%,0
"2025-06-16 12:30",6037.08,6038.52,6032.49,6033.06,-4.08,-0.07%,0
"2025-06-16 12:15",6039.6,6043.01,6036.32,6037.14,-2.46,-0.04%,0
"2025-06-16 12:00",6037.97,6040.67,6035.31,6039.6,1.66,+0.03%,0
"2025-06-16 11:45",6042.11,6044.82,6035.4,6037.94,-4.18,-0.07%,0
"2025-06-16 11:30",6040.38,6043.5,6038.97,6042.12,1.94,+0.03%,0
"2025-06-16 11:15",6043.15,6047.26,6039.53,6040.18,-2.79,-0.05%,0
"2025-06-16 11:00",6045.79,6047.39,6041.52,6042.97,-3.11,-0.05%,0
"2025-06-16 10:45",6048.97,6049.56,6044.28,6046.08,-2.83,-0.05%,0
"2025-06-16 10:30",6046.9,6050.83,6044.27,6048.91,2.18,+0.04%,0
"2025-06-16 10:15",6042.95,6047.81,6041.6,6046.73,3.65,+0.06%,0
"2025-06-16 10:00",6036.39,6043.27,6036.39,6043.08,6.43,+0.11%,0
"2025-06-16 09:45",6020.37,6039.87,6019.2,6036.65,16.27,+0.27%,0
"2025-06-16 09:30",6004,6023.62,6004,6020.38,43.41,+0.73%,0
"2025-06-13 16:30",5976.97,5976.97,5976.97,5976.97,0,0.00%,0
"2025-06-13 16:15",5976.97,5976.97,5976.97,5976.97,0,0.00%,0
"2025-06-13 16:00",5976.99,5976.99,5976.86,5976.97,-0.51,-0.01%,0
"2025-06-13 15:45",5969.37,5977.48,5963.21,5977.48,8.06,+0.14%,0
"2025-06-13 15:30",5970.89,5979.78,5967.61,5969.42,-1.46,-0.02%,0
"2025-06-13 15:15",5982.28,5983.13,5968.7,5970.88,-11.37,-0.19%,0
"2025-06-13 15:00",5979.37,5983.93,5970.99,5982.25,2.97,+0.05%,0
"2025-06-13 14:45",5969.75,5980.49,5968.85,5979.28,9.54,+0.16%,0
"2025-06-13 14:30",5979.32,5980.55,5964.26,5969.74,-9.7,-0.16%,0
"2025-06-13 14:15",5994.36,5994.36,5978.67,5979.44,-14.94,-0.25%,0
"2025-06-13 14:00",6005.83,6010.22,5994.31,5994.38,-11.5,-0.19%,0
"2025-06-13 13:45",6001.55,6008.6,6000.47,6005.88,4.42,+0.07%,0
"2025-06-13 13:30",6003.77,6008.27,5998.38,6001.46,-2.32,-0.04%,0
"2025-06-13 13:15",6008.82,6012.75,6000.59,6003.78,-5.16,-0.09%,0
"2025-06-13 13:00",6018.83,6019.53,6006.08,6008.94,-9.87,-0.16%,0
"2025-06-13 12:45",6014.61,6022.29,6011.27,6018.81,4.17,+0.07%,0
"2025-06-13 12:30",6016.57,6021.73,6013.6,6014.64,-2.01,-0.03%,0
"2025-06-13 12:15",6024.75,6026.16,6015.71,6016.65,-8.06,-0.13%,0
"2025-06-13 12:00",6020.67,6025.61,6017.62,6024.71,3.98,+0.07%,0
"2025-06-13 11:45",6017.29,6024.88,6016.46,6020.73,3.46,+0.06%,0
"2025-06-13 11:30",6013.6,6017.64,6011.38,6017.27,3.72,+0.06%,0
"2025-06-13 11:15",6004.26,6013.9,6002.51,6013.55,9.32,+0.16%,0
"2025-06-13 11:00",5999.3,6005.04,5997.6,6004.23,4.91,+0.08%,0
"2025-06-13 10:45",5988.16,6001.13,5982.55,5999.32,11.27,+0.19%,0
"2025-06-13 10:30",5975.91,5996.42,5974.65,5988.05,12.15,+0.20%,0
"2025-06-13 10:15",5987.99,5989.39,5974.68,5975.9,-12.14,-0.20%,0
"2025-06-13 10:00",5988.05,5998.19,5983.83,5988.04,0.18,0.00%,0
"2025-06-13 09:45",6005.17,6005.17,5987.19,5987.86,-17.3,-0.29%,0
"2025-06-13 09:30",6000.56,6010.13,5990.08,6005.16,-40.1,-0.66%,0
"2025-06-12 16:45",6045.26,6045.26,6045.26,6045.26,0,0.00%,0
"2025-06-12 16:15",6045.26,6045.26,6045.26,6045.26,0,0.00%,0
"2025-06-12 16:00",6045.43,6045.43,6045.05,6045.26,0.06,0.00%,0
"2025-06-12 15:45",6036.46,6045.2,6033.12,6045.2,8.77,+0.15%,0
"2025-06-12 15:30",6041.62,6041.62,6036.35,6036.43,-5.2,-0.09%,0
"2025-06-12 15:15",6041.34,6044.1,6039.81,6041.63,0.24,0.00%,0
"2025-06-12 15:00",6042.32,6043.55,6040.74,6041.39,-1.01,-0.02%,0
"2025-06-12 14:45",6036.34,6042.46,6035.25,6042.4,6.03,+0.10%,0
"2025-06-12 14:30",6036.87,6039.98,6034,6036.37,-0.45,-0.01%,0
"2025-06-12 14:15",6040.18,6041.67,6033.81,6036.82,-3.38,-0.06%,0
"2025-06-12 14:00",6039.66,6042.76,6038.95,6040.2,0.62,+0.01%,0
"2025-06-12 13:45",6042.43,6042.89,6038.65,6039.58,-2.77,-0.05%,0
"2025-06-12 13:30",6038.01,6044.21,6038.01,6042.35,4.38,+0.07%,0
"2025-06-12 13:15",6040.35,6041.77,6036.98,6037.97,-2.31,-0.04%,0
"2025-06-12 13:00",6033.58,6041.43,6033.01,6040.28,6.62,+0.11%,0
"2025-06-12 12:45",6040.23,6041.12,6033.22,6033.66,-6.52,-0.11%,0
"2025-06-12 12:30",6038.85,6041.91,6030.57,6040.18,1.32,+0.02%,0
"2025-06-12 12:15",6038.29,6039.84,6031.26,6038.86,0.59,+0.01%,0
"2025-06-12 12:00",6033.57,6040.1,6028.8,6038.27,4.74,+0.08%,0
"2025-06-12 11:45",6032.68,6034.07,6026.8,6033.53,0.73,+0.01%,0
"2025-06-12 11:30",6032.71,6034.44,6029.27,6032.8,0.12,0.00%,0
"2025-06-12 11:15",6040.85,6041.97,6025.61,6032.68,-8.21,-0.14%,0
"2025-06-12 11:00",6035.7,6044.67,6035.7,6040.89,5.18,+0.09%,0
"2025-06-12 10:45",6038.85,6040.5,6035.24,6035.71,-3.12,-0.05%,0
"2025-06-12 10:30",6033.89,6040.1,6032.47,6038.83,4.98,+0.08%,0
"2025-06-12 10:15",6027.68,6034.91,6027.15,6033.85,6.29,+0.10%,0
"2025-06-12 10:00",6017.63,6027.76,6015.78,6027.56,10.32,+0.17%,0
"2025-06-12 09:45",6016.47,6021.2,6013.45,6017.24,0.86,+0.01%,0
"2025-06-12 09:30",6009.9,6017,6003.88,6016.38,-5.86,-0.10%,0
"2025-06-11 16:30",6022.24,6022.24,6022.24,6022.24,0,0.00%,0
"2025-06-11 16:15",6022.24,6022.24,6022.24,6022.24,0,0.00%,0
"2025-06-11 16:00",6023.29,6023.29,6022.24,6022.24,-1.48,-0.02%,0
"2025-06-11 15:45",6016.32,6023.79,6011.93,6023.72,7.31,+0.12%,0
"2025-06-11 15:30",6014.04,6018.16,6006.76,6016.41,2.41,+0.04%,0
"2025-06-11 15:15",6017.49,6019.67,6010.36,6014,-3.46,-0.06%,0
"2025-06-11 15:00",6016.92,6018.24,6008.64,6017.46,0.55,+0.01%,0
"2025-06-11 14:45",6028.73,6030.2,6016.35,6016.91,-11.82,-0.20%,0
"2025-06-11 14:30",6016.01,6028.91,6007.95,6028.73,12.72,+0.21%,0
"2025-06-11 14:15",6013.82,6021.05,6002.32,6016.01,1.17,+0.02%,0
"2025-06-11 14:00",6033.76,6036.14,6013.51,6014.84,-18.89,-0.31%,0
"2025-06-11 13:45",6045.19,6045.51,6033.06,6033.73,-11.49,-0.19%,0
"2025-06-11 13:30",6052.12,6052.89,6041.3,6045.22,-6.87,-0.11%,0
"2025-06-11 13:15",6048.38,6052.65,6047.04,6052.09,3.7,+0.06%,0
"2025-06-11 13:00",6043.05,6051.57,6041.86,6048.39,5.33,+0.09%,0
"2025-06-11 12:45",6039.32,6044.32,6038.07,6043.06,3.81,+0.06%,0
"2025-06-11 12:30",6040.67,6043.9,6036.74,6039.25,-1.48,-0.02%,0
"2025-06-11 12:15",6036.7,6040.73,6028.81,6040.73,4.08,+0.07%,0
"2025-06-11 12:00",6045.08,6047.45,6031.97,6036.65,-8.64,-0.14%,0
"2025-06-11 11:45",6046.39,6050.83,6041.87,6045.29,-1.05,-0.02%,0
"2025-06-11 11:30",6051.31,6052.91,6046.08,6046.34,-5.01,-0.08%,0
"2025-06-11 11:15",6051.49,6056.31,6050.43,6051.35,-0.19,0.00%,0
"2025-06-11 11:00",6056.13,6058.66,6044.38,6051.54,-4.56,-0.08%,0
"2025-06-11 10:45",6056.35,6059.4,6055.2,6056.1,-0.23,0.00%,0
"2025-06-11 10:30",6057,6057.41,6053.33,6056.33,-0.67,-0.01%,0
"2025-06-11 10:15",6050.9,6058.13,6049.48,6057,6.02,+0.10%,0
"2025-06-11 10:00",6045.74,6050.98,6042.44,6050.98,5.83,+0.10%,0
"2025-06-11 09:45",6041.47,6047.94,6031.81,6045.15,3.24,+0.05%,0
"2025-06-11 09:30",6049.38,6050.85,6037.42,6041.91,3.1,+0.05%,0
"2025-06-10 16:45",6038.81,6038.81,6038.81,6038.81,0,0.00%,0
"2025-06-10 16:15",6038.81,6038.81,6038.81,6038.81,0,0.00%,0
"2025-06-10 16:00",6039.45,6039.45,6038.8,6038.81,-1.02,-0.02%,0
"2025-06-10 15:45",6029.61,6040.43,6026.63,6039.83,10.35,+0.17%,0
"2025-06-10 15:30",6035.53,6035.79,6025.5,6029.48,-6.02,-0.10%,0
"2025-06-10 15:15",6038.08,6038.24,6031.73,6035.5,-2.41,-0.04%,0
"2025-06-10 15:00",6033.14,6043.01,6033.14,6037.91,4.54,+0.08%,0
"2025-06-10 14:45",6022.32,6037.03,6021.75,6033.37,11.07,+0.18%,0
"2025-06-10 14:30",6018.27,6022.64,6017.54,6022.3,4.01,+0.07%,0
"2025-06-10 14:15",6016.5,6020,6016.41,6018.29,1.83,+0.03%,0
"2025-06-10 14:00",6021.81,6021.81,6011.41,6016.46,-5.43,-0.09%,0
"2025-06-10 13:45",6025.47,6026.29,6021.61,6021.89,-3.62,-0.06%,0
"2025-06-10 13:30",6027.69,6028.36,6024.39,6025.51,-2.2,-0.04%,0
"2025-06-10 13:15",6034.15,6034.62,6027.66,6027.71,-6.51,-0.11%,0
"2025-06-10 13:00",6030.44,6035.83,6026.37,6034.22,3.7,+0.06%,0
"2025-06-10 12:45",6026.87,6031.3,6026.87,6030.52,3.5,+0.06%,0
"2025-06-10 12:30",6027.61,6029.42,6026.78,6027.02,-0.58,-0.01%,0
"2025-06-10 12:15",6024.5,6028.64,6023.91,6027.6,3.07,+0.05%,0
"2025-06-10 12:00",6021.43,6026.87,6021.14,6024.53,3.13,+0.05%,0
"2025-06-10 11:45",6016.69,6021.54,6015.79,6021.4,4.64,+0.08%,0
"2025-06-10 11:30",6020.44,6020.44,6000.28,6016.76,-3.7,-0.06%,0
"2025-06-10 11:15",6020.99,6022.85,6019.75,6020.46,-0.61,-0.01%,0
"2025-06-10 11:00",6019.84,6023.91,6018.2,6021.07,1.13,+0.02%,0
"2025-06-10 10:45",6024.36,6024.86,6019.3,6019.94,-4.55,-0.08%,0
"2025-06-10 10:30",6020.9,6024.84,6019.43,6024.49,3.5,+0.06%,0
"2025-06-10 10:15",6019.12,6022.02,6018.22,6020.99,1.92,+0.03%,0
"2025-06-10 10:00",6014.92,6020.67,6014.45,6019.07,4.77,+0.08%,0
"2025-06-10 09:45",6013.36,6020.4,6011.88,6014.3,0.78,+0.01%,0
"2025-06-10 09:30",6009.91,6019.63,6009.91,6013.52,7.64,+0.13%,0
"2025-06-09 16:30",6005.88,6005.88,6005.88,6005.88,0,0.00%,0
"2025-06-09 16:15",6005.88,6005.88,6005.88,6005.88,0,0.00%,0
"2025-06-09 16:00",6004.81,6005.88,6004.81,6005.88,1.68,+0.03%,0
"2025-06-09 15:45",6010.63,6015.78,6004.2,6004.2,-6.43,-0.11%,0
"2025-06-09 15:30",6014.04,6016.1,6010.14,6010.63,-3.45,-0.06%,0
"2025-06-09 15:15",6015.43,6016.07,6012.63,6014.08,-1.22,-0.02%,0
"2025-06-09 15:00",6019.02,6020.02,6015.28,6015.3,-3.84,-0.06%,0
"2025-06-09 14:45",6015.26,6020.78,6015.09,6019.14,3.88,+0.06%,0
"2025-06-09 14:30",6019.43,6020.47,6012.94,6015.26,-4.17,-0.07%,0
"2025-06-09 14:15",6019.18,6021.31,6018.25,6019.43,0.26,0.00%,0
"2025-06-09 14:00",6018.68,6020.04,6016.58,6019.17,0.52,+0.01%,0
"2025-06-09 13:45",6019.32,6020.88,6018.08,6018.65,-0.57,-0.01%,0
"2025-06-09 13:30",6017.14,6019.47,6014.71,6019.22,2.15,+0.04%,0
"2025-06-09 13:15",6015.66,6019.84,6010.24,6017.07,1.31,+0.02%,0
"2025-06-09 13:00",6015.82,6019.05,6013.9,6015.76,-0.12,0.00%,0
"2025-06-09 12:45",6012.18,6019.41,6011.34,6015.88,3.72,+0.06%,0
"2025-06-09 12:30",6007.09,6012.32,6007.06,6012.16,5.17,+0.09%,0
"2025-06-09 12:15",6007.13,6009.3,6005.01,6006.99,-0.1,0.00%,0
"2025-06-09 12:00",6007.62,6009.07,6003.05,6007.09,-0.49,-0.01%,0
"2025-06-09 11:45",6005,6009.06,6004.54,6007.58,2.54,+0.04%,0
"2025-06-09 11:30",6001.17,6006.39,6001.17,6005.04,3.83,+0.06%,0
"2025-06-09 11:15",6004.62,6005.63,5999.74,6001.21,-3.38,-0.06%,0
"2025-06-09 11:00",6004.06,6007.59,6004.04,6004.59,0.58,+0.01%,0
"2025-06-09 10:45",6003.72,6004.25,6000.01,6004.01,0.25,0.00%,0
"2025-06-09 10:30",6006.8,6012.37,6003.33,6003.76,-3.01,-0.05%,0
"2025-06-09 10:15",6005.73,6009.55,6003.85,6006.77,0.99,+0.02%,0
"2025-06-09 10:00",5999.2,6005.93,5997.3,6005.78,6.57,+0.11%,0
"2025-06-09 09:45",6001.39,6003.88,5999.07,5999.21,-2.14,-0.04%,0
"2025-06-09 09:30",6004.63,6009.16,5994.18,6001.35,0.99,+0.02%,0
"2025-06-06 17:00",6000.36,6000.36,6000.36,6000.36,0,0.00%,0
"2025-06-06 16:15",6000.36,6000.36,6000.36,6000.36,0,0.00%,0
"2025-06-06 16:00",5999.74,6000.36,5999.74,6000.36,0.7,+0.01%,0
"2025-06-06 15:45",6002.32,6007.54,5999.48,5999.66,-2.56,-0.04%,0
"2025-06-06 15:30",6002.94,6004.9,5999.73,6002.22,-0.78,-0.01%,0
"2025-06-06 15:15",6006.46,6006.5,6001.62,6003,-3.44,-0.06%,0
"2025-06-06 15:00",6006.86,6009.56,6004.84,6006.44,-0.44,-0.01%,0
"2025-06-06 14:45",6007.94,6009.92,6004.48,6006.88,-1.03,-0.02%,0
"2025-06-06 14:30",6005.29,6013.09,6005.19,6007.91,2.66,+0.04%,0
"2025-06-06 14:15",6006.68,6010.38,6004.97,6005.25,-1.43,-0.02%,0
"2025-06-06 14:00",5998.94,6007.83,5998.91,6006.68,7.7,+0.13%,0
"2025-06-06 13:45",5997.19,5999.78,5997.05,5998.98,1.77,+0.03%,0
"2025-06-06 13:30",5991.85,5997.57,5991.85,5997.21,5.38,+0.09%,0
"2025-06-06 13:15",5986.29,5994.87,5984.99,5991.83,5.55,+0.09%,0
"2025-06-06 13:00",5985.65,5987.38,5981.41,5986.28,0.64,+0.01%,0
"2025-06-06 12:45",5987.99,5990.72,5978.63,5985.64,-2.49,-0.04%,0
"2025-06-06 12:30",5995.76,5997.84,5985.71,5988.13,-7.62,-0.13%,0
"2025-06-06 12:15",6001.14,6001.14,5994.08,5995.75,-5.4,-0.09%,0
"2025-06-06 12:00",5996.62,6003.48,5996.59,6001.15,4.4,+0.07%,0
"2025-06-06 11:45",5994.89,6000.97,5993.61,5996.75,1.87,+0.03%,0
"2025-06-06 11:30",5994.16,5996.45,5989.91,5994.88,0.73,+0.01%,0
"2025-06-06 11:15",6007.47,6007.69,5982.9,5994.15,-13.32,-0.22%,0
"2025-06-06 11:00",6002.54,6012.12,6002.02,6007.47,4.92,+0.08%,0
"2025-06-06 10:45",6005.7,6007.82,6001.88,6002.55,-3.04,-0.05%,0
"2025-06-06 10:30",6000.93,6008.15,5996.35,6005.59,4.56,+0.08%,0
"2025-06-06 10:15",6008.37,6009.77,5998.12,6001.03,-7.28,-0.12%,0
"2025-06-06 10:00",6011.55,6013.3,6003.62,6008.31,-2.61,-0.04%,0
"2025-06-06 09:45",6012.96,6016.87,6004.69,6010.92,-1.85,-0.03%,0
"2025-06-06 09:30",5987.06,6013.34,5987.06,6012.77,73.47,+1.24%,0
"2025-06-05 16:30",5939.3,5939.3,5939.3,5939.3,0,0.00%,0
"2025-06-05 16:15",5939.3,5939.3,5939.3,5939.3,0,0.00%,0
"2025-06-05 16:00",5939.24,5939.51,5939.24,5939.3,-0.38,-0.01%,0
"2025-06-05 15:45",5947.77,5955.05,5932.59,5939.68,-8.18,-0.14%,0
"2025-06-05 15:30",5933.85,5956.52,5933.85,5947.86,14.05,+0.24%,0
"2025-06-05 15:15",5947.56,5950.95,5921.2,5933.81,-13.88,-0.23%,0
"2025-06-05 15:00",5962.21,5964.49,5946.65,5947.69,-14.66,-0.25%,0
"2025-06-05 14:45",5966.13,5968.99,5961.38,5962.35,-3.81,-0.06%,0
"2025-06-05 14:30",5962.96,5970.77,5961.51,5966.16,3.13,+0.05%,0
"2025-06-05 14:15",5958,5964.15,5942.07,5963.03,4.95,+0.08%,0
"2025-06-05 14:00",5968.67,5969.72,5955.74,5958.08,-10.61,-0.18%,0
"2025-06-05 13:45",5978.52,5979.29,5967.96,5968.69,-9.86,-0.16%,0
"2025-06-05 13:30",5974.62,5979.4,5974.52,5978.55,3.92,+0.07%,0
"2025-06-05 13:15",5970.9,5976.51,5970.9,5974.63,3.87,+0.06%,0
"2025-06-05 13:00",5957.83,5970.76,5953.44,5970.76,12.93,+0.22%,0
"2025-06-05 12:45",5979.05,5979.05,5953.35,5957.83,-21.24,-0.36%,0
"2025-06-05 12:30",5989.33,5990.19,5979.07,5979.07,-10.33,-0.17%,0
"2025-06-05 12:15",5990.75,5990.89,5981.07,5989.4,-1.31,-0.02%,0
"2025-06-05 12:00",5997.81,5999.7,5990.35,5990.71,-7.11,-0.12%,0
"2025-06-05 11:45",5996.44,5999.21,5992.23,5997.82,1.36,+0.02%,0
"2025-06-05 11:30",5996.47,5998.1,5993.76,5996.46,0.1,0.00%,0
"2025-06-05 11:15",5986.07,5996.89,5985.63,5996.36,10.27,+0.17%,0
"2025-06-05 11:00",5983.22,5986.45,5981.44,5986.09,2.64,+0.04%,0
"2025-06-05 10:45",5976.13,5984.6,5970.69,5983.45,7.31,+0.12%,0
"2025-06-05 10:30",5971.32,5983.64,5951.89,5976.14,4.83,+0.08%,0
"2025-06-05 10:15",5957.06,5971.68,5954.55,5971.31,14.29,+0.24%,0
"2025-06-05 10:00",5952.11,5961.9,5951.79,5957.02,4.53,+0.08%,0
"2025-06-05 09:45",5968.51,5968.89,5949.36,5952.49,-16.18,-0.27%,0
"2025-06-05 09:30",5985.67,5989.37,5963.24,5968.67,-2.14,-0.04%,0
"2025-06-04 16:45",5970.81,5970.81,5970.81,5970.81,0,0.00%,0
"2025-06-04 16:15",5970.81,5970.81,5970.81,5970.81,0,0.00%,0
"2025-06-04 16:00",5970.73,5970.89,5970.73,5970.81,-0.35,-0.01%,0
"2025-06-04 15:45",5977.89,5979.42,5970.53,5971.16,-6.91,-0.12%,0
"2025-06-04 15:30",5980.65,5982.53,5975.27,5978.07,-2.51,-0.04%,0
"2025-06-04 15:15",5981.32,5981.33,5977.86,5980.58,-0.84,-0.01%,0
"2025-06-04 15:00",5980.58,5982.62,5978.55,5981.42,0.81,+0.01%,0
"2025-06-04 14:45",5984.92,5985.13,5979.4,5980.61,-4.19,-0.07%,0
"2025-06-04 14:30",5986.25,5987.01,5983.11,5984.8,-1.38,-0.02%,0
"2025-06-04 14:15",5986.03,5987.75,5983.78,5986.18,0.18,0.00%,0
"2025-06-04 14:00",5986.2,5989.61,5984.43,5986,-0.18,0.00%,0
"2025-06-04 13:45",5984.13,5987.14,5983.61,5986.18,2.03,+0.03%,0
"2025-06-04 13:30",5983.48,5985.99,5981.56,5984.15,0.68,+0.01%,0
"2025-06-04 13:15",5982.92,5984.65,5981.63,5983.47,0.6,+0.01%,0
"2025-06-04 13:00",5977.84,5983.82,5977.84,5982.87,5.03,+0.08%,0
"2025-06-04 12:45",5974.93,5978.57,5974.74,5977.84,2.94,+0.05%,0
"2025-06-04 12:30",5969.79,5974.9,5969.36,5974.9,5.06,+0.08%,0
"2025-06-04 12:15",5969,5974.77,5968.91,5969.84,0.85,+0.01%,0
"2025-06-04 12:00",5978.92,5979.54,5968.86,5968.99,-10.,-0.17%,0
"2025-06-04 11:45",5976.49,5982.85,5976.08,5978.99,2.5,+0.04%,0
"2025-06-04 11:30",5980.48,5984.05,5975.1,5976.49,-4.08,-0.07%,0
"2025-06-04 11:15",5986.29,5987.7,5980.57,5980.57,-5.73,-0.10%,0
"2025-06-04 11:00",5985.58,5988.88,5984.49,5986.3,0.71,+0.01%,0
"2025-06-04 10:45",5980.59,5985.71,5977.81,5985.59,5.04,+0.08%,0
"2025-06-04 10:30",5986.9,5988.29,5979,5980.55,-6.33,-0.11%,0
"2025-06-04 10:15",5978.66,5987.84,5977.91,5986.88,8.25,+0.14%,0
"2025-06-04 10:00",5985.92,5985.92,5966.11,5978.63,-6.8,-0.11%,0
"2025-06-04 09:45",5984.81,5989.01,5982.6,5985.43,0.69,+0.01%,0
"2025-06-04 09:30",5978.94,5990.48,5978.94,5984.74,14.37,+0.24%,0
"2025-06-03 16:30",5970.37,5970.37,5970.37,5970.37,0,0.00%,0
"2025-06-03 16:15",5970.37,5970.37,5970.37,5970.37,0,0.00%,0
"2025-06-03 16:00",5971.26,5971.26,5970.36,5970.37,-0.16,0.00%,0
"2025-06-03 15:45",5969.69,5975.23,5963.21,5970.53,0.83,+0.01%,0
"2025-06-03 15:30",5972.74,5974.63,5968.75,5969.7,-3.03,-0.05%,0
"2025-06-03 15:15",5971.04,5972.83,5968.97,5972.73,1.65,+0.03%,0
"2025-06-03 15:00",5973.73,5975.34,5968.74,5971.08,-2.69,-0.05%,0
"2025-06-03 14:45",5974.03,5974.88,5971,5973.77,-0.28,0.00%,0
"2025-06-03 14:30",5971.98,5974.06,5969.86,5974.05,2.04,+0.03%,0
"2025-06-03 14:15",5962.08,5972.07,5960.22,5972.01,9.84,+0.17%,0
"2025-06-03 14:00",5971.96,5972.47,5959.25,5962.17,-9.76,-0.16%,0
"2025-06-03 13:45",5977.75,5978.51,5971.42,5971.93,-5.75,-0.10%,0
"2025-06-03 13:30",5978.18,5980.38,5976.47,5977.68,-0.49,-0.01%,0
"2025-06-03 13:15",5978.19,5981.35,5977.88,5978.17,0.01,0.00%,0
"2025-06-03 13:00",5975.49,5978.5,5973.37,5978.16,2.72,+0.05%,0
"2025-06-03 12:45",5974.76,5976.59,5973.65,5975.44,0.81,+0.01%,0
"2025-06-03 12:30",5971.26,5977.04,5971.03,5974.63,3.45,+0.06%,0
"2025-06-03 12:15",5967.27,5972.58,5967.27,5971.18,3.89,+0.07%,0
"2025-06-03 12:00",5967.04,5967.44,5963.13,5967.29,0.32,+0.01%,0
"2025-06-03 11:45",5963.35,5967.27,5960.75,5966.97,3.57,+0.06%,0
"2025-06-03 11:30",5959.85,5964.7,5959.16,5963.4,3.83,+0.06%,0
"2025-06-03 11:15",5956.97,5961.66,5955.52,5959.57,2.57,+0.04%,0
"2025-06-03 11:00",5954.2,5958.59,5954.2,5957,2.83,+0.05%,0
"2025-06-03 10:45",5947.14,5954.39,5947.14,5954.17,6.99,+0.12%,0
"2025-06-03 10:30",5948.81,5948.81,5942.39,5947.18,-1.34,-0.02%,0
"2025-06-03 10:15",5940.04,5948.52,5939.32,5948.52,8.34,+0.14%,0
"2025-06-03 10:00",5934.03,5942.58,5929,5940.18,5.84,+0.10%,0
"2025-06-03 09:45",5939.97,5941.77,5933.86,5934.34,-5.61,-0.09%,0
"2025-06-03 09:30",5938.56,5941.92,5930.18,5939.95,4.01,+0.07%,0
"2025-06-02 16:45",5935.94,5935.94,5935.94,5935.94,0,0.00%,0
"2025-06-02 16:15",5935.94,5935.94,5935.94,5935.94,0,0.00%,0
"2025-06-02 16:00",5936.49,5936.49,5935.94,5935.94,-1.46,-0.02%,0
"2025-06-02 15:45",5929.96,5937.4,5927.18,5937.4,7.5,+0.13%,0
"2025-06-02 15:30",5934.22,5934.22,5928.23,5929.9,-4.18,-0.07%,0
"2025-06-02 15:15",5929.41,5936.94,5928.76,5934.08,4.8,+0.08%,0
"2025-06-02 15:00",5929.06,5932.4,5928.38,5929.28,0.29,0.00%,0
"2025-06-02 14:45",5926.66,5929.83,5924.18,5928.99,2.32,+0.04%,0
"2025-06-02 14:30",5925.29,5927.53,5922.95,5926.67,1.44,+0.02%,0
"2025-06-02 14:15",5913.34,5926.92,5913.34,5925.23,11.95,+0.20%,0
"2025-06-02 14:00",5910.03,5914.34,5906.42,5913.28,3.21,+0.05%,0
"2025-06-02 13:45",5908.67,5911.27,5905.62,5910.07,1.5,+0.03%,0
"2025-06-02 13:30",5909.1,5912.32,5908.16,5908.57,-0.54,-0.01%,0
"2025-06-02 13:15",5911.69,5914.16,5908,5909.11,-2.59,-0.04%,0
"2025-06-02 13:00",5910.32,5916.2,5910.29,5911.7,1.36,+0.02%,0
"2025-06-02 12:45",5902.08,5911.79,5902.03,5910.34,8.35,+0.14%,0
"2025-06-02 12:30",5904.13,5907.62,5901.48,5901.99,-2.07,-0.04%,0
"2025-06-02 12:15",5906.91,5907.76,5900.81,5904.06,-2.89,-0.05%,0
"2025-06-02 12:00",5908.3,5909.44,5902.79,5906.95,-1.35,-0.02%,0
"2025-06-02 11:45",5900.71,5910.91,5899.59,5908.3,7.59,+0.13%,0
"2025-06-02 11:30",5895.96,5901.12,5892.23,5900.71,4.93,+0.08%,0
"2025-06-02 11:15",5903.11,5903.53,5893.87,5895.78,-7.36,-0.12%,0
"2025-06-02 11:00",5903.5,5906.33,5895.48,5903.14,-0.51,-0.01%,0
"2025-06-02 10:45",5895.74,5904.41,5895.27,5903.65,7.94,+0.13%,0
"2025-06-02 10:30",5895.8,5904.98,5892.64,5895.71,-0.22,0.00%,0
"2025-06-02 10:15",5879.5,5896.41,5877.9,5895.93,16.56,+0.28%,0
"2025-06-02 10:00",5877.05,5882.15,5861.43,5879.37,2.02,+0.03%,0
"2025-06-02 09:45",5902.48,5904.02,5876.54,5877.35,-24.91,-0.42%,0
"2025-06-02 09:30",5896.68,5908.01,5892.84,5902.26,-9.43,-0.16%,0
"2025-05-30 16:45",5911.69,5911.69,5911.69,5911.69,0,0.00%,0
"2025-05-30 16:15",5911.69,5911.69,5911.69,5911.69,0,0.00%,0
"2025-05-30 16:00",5907.2,5911.69,5907.2,5911.69,4.63,+0.08%,0
"2025-05-30 15:45",5910.45,5922.14,5904.19,5907.06,-3.51,-0.06%,0
"2025-05-30 15:30",5917.33,5922.09,5906.37,5910.57,-6.78,-0.11%,0
"2025-05-30 15:15",5906.8,5919.96,5906.76,5917.35,10.43,+0.18%,0
"2025-05-30 15:00",5898.1,5910.3,5897.32,5906.92,8.8,+0.15%,0
"2025-05-30 14:45",5889.87,5899.39,5889.87,5898.12,8.31,+0.14%,0
"2025-05-30 14:30",5893.79,5896.25,5889.25,5889.81,-3.99,-0.07%,0
"2025-05-30 14:15",5886.02,5897.71,5884.04,5893.8,7.78,+0.13%,0
"2025-05-30 14:00",5869.6,5886.92,5869.6,5886.02,16.47,+0.28%,0
"2025-05-30 13:45",5869.67,5877.43,5867.11,5869.55,-0.15,0.00%,0
"2025-05-30 13:30",5869.63,5875.47,5868.62,5869.7,0.1,0.00%,0
"2025-05-30 13:15",5865.55,5870.49,5862.74,5869.6,4.07,+0.07%,0
"2025-05-30 13:00",5854.28,5871.05,5851.49,5865.53,11.43,+0.20%,0
"2025-05-30 12:45",5856.92,5858.39,5848.26,5854.1,-2.95,-0.05%,0
"2025-05-30 12:30",5860.86,5865.31,5843.66,5857.05,-3.05,-0.05%,0
"2025-05-30 12:15",5894.04,5894.6,5858.87,5860.1,-33.94,-0.58%,0
"2025-05-30 12:00",5891.21,5897.16,5886.84,5894.04,2.84,+0.05%,0
"2025-05-30 11:45",5887.31,5895.78,5884.68,5891.2,3.88,+0.07%,0
"2025-05-30 11:30",5902.62,5904.74,5885.9,5887.32,-15.33,-0.26%,0
"2025-05-30 11:15",5897.84,5904.27,5892.28,5902.65,4.95,+0.08%,0
"2025-05-30 11:00",5897.93,5902.81,5895.72,5897.7,-0.2,0.00%,0
"2025-05-30 10:45",5902.26,5904.7,5896.29,5897.9,-4.35,-0.07%,0
"2025-05-30 10:30",5907.25,5910.24,5902.06,5902.25,-4.95,-0.08%,0
"2025-05-30 10:15",5903.33,5908.11,5902.01,5907.2,3.97,+0.07%,0
"2025-05-30 10:00",5881.58,5906.04,5881.58,5903.23,22.19,+0.38%,0
"2025-05-30 09:45",5888.49,5894.02,5875.4,5881.04,-7.61,-0.13%,0
"2025-05-30 09:30",5903.67,5903.67,5885.25,5888.65,-23.52,-0.40%,0
"2025-05-29 16:45",5912.17,5912.17,5912.17,5912.17,0,0.00%,0
"2025-05-29 16:15",5912.17,5912.17,5912.17,5912.17,0,0.00%,0
"2025-05-29 16:00",5912.03,5912.34,5912.03,5912.17,0.01,0.00%,0
"2025-05-29 15:45",5904.39,5917.77,5901.35,5912.16,7.71,+0.13%,0
"2025-05-29 15:30",5900.74,5905.89,5900.74,5904.45,3.7,+0.06%,0
"2025-05-29 15:15",5897.13,5908.52,5895.75,5900.75,3.71,+0.06%,0
"2025-05-29 15:00",5899.45,5905.36,5896.05,5897.04,-2.43,-0.04%,0
"2025-05-29 14:45",5903.4,5906.73,5896.87,5899.47,-3.9,-0.07%,0
"2025-05-29 14:30",5892.01,5905.16,5891.99,5903.37,11.21,+0.19%,0
"2025-05-29 14:15",5903.06,5903.39,5888.13,5892.16,-10.92,-0.18%,0
"2025-05-29 14:00",5897.42,5904.32,5897.08,5903.08,5.65,+0.10%,0
"2025-05-29 13:45",5903.93,5905.69,5896.22,5897.43,-6.54,-0.11%,0
"2025-05-29 13:30",5905.37,5909.32,5902.22,5903.97,-1.37,-0.02%,0
"2025-05-29 13:15",5909.94,5912.04,5903.91,5905.34,-4.6,-0.08%,0
"2025-05-29 13:00",5910.23,5915.43,5907.77,5909.94,-0.29,0.00%,0
"2025-05-29 12:45",5907.04,5912.63,5901.3,5910.23,3.22,+0.05%,0
"2025-05-29 12:30",5902.09,5907.8,5901.65,5907.01,4.77,+0.08%,0
"2025-05-29 12:15",5897.44,5903.65,5897.39,5902.24,4.89,+0.08%,0
"2025-05-29 12:00",5882.83,5897.53,5873.8,5897.35,14.65,+0.25%,0
"2025-05-29 11:45",5904.09,5908.15,5878.38,5882.7,-21.31,-0.36%,0
"2025-05-29 11:30",5919.11,5919.61,5901.41,5904.01,-15.13,-0.26%,0
"2025-05-29 11:15",5908.35,5920.44,5908.01,5919.14,10.7,+0.18%,0
"2025-05-29 11:00",5920.93,5921.49,5908.36,5908.44,-12.44,-0.21%,0
"2025-05-29 10:45",5909.64,5922.19,5908.3,5920.88,11.35,+0.19%,0
"2025-05-29 10:30",5912.59,5915.8,5905.38,5909.53,-3.08,-0.05%,0
"2025-05-29 10:15",5908.6,5913.6,5897.45,5912.61,3.93,+0.07%,0
"2025-05-29 10:00",5924.7,5927.54,5900.86,5908.68,-16.04,-0.27%,0
"2025-05-29 09:45",5922.73,5931.86,5914.84,5924.72,1.91,+0.03%,0
"2025-05-29 09:30",5939.96,5943.13,5922.43,5922.81,34.26,+0.58%,0
"2025-05-28 16:45",5888.55,5888.55,5888.55,5888.55,0,0.00%,0
"2025-05-28 16:15",5888.55,5888.55,5888.55,5888.55,0,0.00%,0
"2025-05-28 16:00",5888.95,5888.95,5888.55,5888.55,-0.95,-0.02%,0
"2025-05-28 15:45",5899.07,5902.65,5881.88,5889.5,-9.57,-0.16%,0
"2025-05-28 15:30",5906.78,5907.62,5895.91,5899.07,-7.74,-0.13%,0
"2025-05-28 15:15",5911.37,5912.67,5905.3,5906.81,-4.41,-0.07%,0
"2025-05-28 15:00",5909.35,5918.86,5907.48,5911.22,1.8,+0.03%,0
"2025-05-28 14:45",5913.35,5913.73,5892.18,5909.42,-3.99,-0.07%,0
"2025-05-28 14:30",5912.34,5914.63,5912.28,5913.41,1.16,+0.02%,0
"2025-05-28 14:15",5914.77,5914.77,5909.77,5912.25,-2.5,-0.04%,0
"2025-05-28 14:00",5908.9,5915.86,5908.76,5914.75,5.8,+0.10%,0
"2025-05-28 13:45",5908.38,5911.44,5907.88,5908.95,0.56,+0.01%,0
"2025-05-28 13:30",5914.26,5914.33,5906.77,5908.39,-5.85,-0.10%,0
"2025-05-28 13:15",5914.51,5917.43,5912.01,5914.24,-0.27,0.00%,0
"2025-05-28 13:00",5911.15,5916.61,5910.11,5914.51,3.3,+0.06%,0
"2025-05-28 12:45",5912.41,5913.44,5908.4,5911.21,-1.22,-0.02%,0
"2025-05-28 12:30",5910.43,5913.78,5909.29,5912.43,1.97,+0.03%,0
"2025-05-28 12:15",5909.16,5911.35,5907.32,5910.46,1.25,+0.02%,0
"2025-05-28 12:00",5902.06,5910.99,5902.06,5909.21,7.24,+0.12%,0
"2025-05-28 11:45",5903.6,5907.99,5901.79,5901.97,-1.68,-0.03%,0
"2025-05-28 11:30",5905.81,5907.22,5902.15,5903.65,-2.18,-0.04%,0
"2025-05-28 11:15",5903.87,5911.09,5903.87,5905.83,1.83,+0.03%,0
"2025-05-28 11:00",5905.29,5912.73,5904,5904,-1.45,-0.02%,0
"2025-05-28 10:45",5910.51,5910.69,5904.07,5905.45,-5.14,-0.09%,0
"2025-05-28 10:30",5914.28,5914.83,5907.43,5910.59,-3.73,-0.06%,0
"2025-05-28 10:15",5916.94,5918.33,5912.05,5914.32,-3.03,-0.05%,0
"2025-05-28 10:00",5920.24,5923.83,5915.77,5917.35,-2.6,-0.04%,0
"2025-05-28 09:45",5936.86,5937.51,5918.19,5919.95,-16.78,-0.28%,0
"2025-05-28 09:30",5925.54,5939.92,5925.54,5936.73,15.19,+0.26%,0
"2025-05-27 16:30",5921.54,5921.54,5921.54,5921.54,0,0.00%,0
"2025-05-27 16:15",5921.54,5921.54,5921.54,5921.54,0,0.00%,0
"2025-05-27 16:00",5921.68,5921.69,5921.54,5921.54,0.37,+0.01%,0
"2025-05-27 15:45",5915.64,5921.75,5910.82,5921.17,5.54,+0.09%,0
"2025-05-27 15:30",5914.7,5917.07,5911.28,5915.63,0.94,+0.02%,0
"2025-05-27 15:15",5915.5,5917.89,5914.08,5914.69,-0.86,-0.01%,0
"2025-05-27 15:00",5915.65,5919.04,5913.53,5915.55,-0.21,0.00%,0
"2025-05-27 14:45",5917.49,5919.56,5915.44,5915.76,-1.62,-0.03%,0
"2025-05-27 14:30",5918.48,5920.54,5916.69,5917.38,-1.1,-0.02%,0
"2025-05-27 14:15",5922.77,5923.32,5917.34,5918.48,-4.33,-0.07%,0
"2025-05-27 14:00",5921.48,5924.33,5919.17,5922.81,1.39,+0.02%,0
"2025-05-27 13:45",5914.74,5922.04,5914.22,5921.42,6.7,+0.11%,0
"2025-05-27 13:30",5913.26,5915.24,5911.77,5914.72,1.51,+0.03%,0
"2025-05-27 13:15",5912.18,5916.02,5911.72,5913.21,1.04,+0.02%,0
"2025-05-27 13:00",5911.1,5914.4,5910.64,5912.17,1.05,+0.02%,0
"2025-05-27 12:45",5914.7,5915.27,5910.23,5911.12,-3.6,-0.06%,0
"2025-05-27 12:30",5905.37,5917.96,5905.16,5914.72,9.39,+0.16%,0
"2025-05-27 12:15",5906.32,5907.58,5904.34,5905.33,-0.9,-0.02%,0
"2025-05-27 12:00",5901.41,5907.59,5900.82,5906.23,4.87,+0.08%,0
"2025-05-27 11:45",5900.33,5902.51,5898.65,5901.36,1.02,+0.02%,0
"2025-05-27 11:30",5899.82,5900.83,5896.8,5900.34,0.53,+0.01%,0
"2025-05-27 11:15",5894.8,5901.56,5892.78,5899.81,5.19,+0.09%,0
"2025-05-27 11:00",5891.7,5894.8,5891.36,5894.62,2.85,+0.05%,0
"2025-05-27 10:45",5892.33,5897.27,5891.03,5891.77,-0.73,-0.01%,0
"2025-05-27 10:30",5890.46,5893.69,5888.44,5892.5,2.1,+0.04%,0
"2025-05-27 10:15",5882.28,5894.33,5881.83,5890.4,8,+0.14%,0
"2025-05-27 10:00",5874.34,5885.04,5874.34,5882.4,8.34,+0.14%,0
"2025-05-27 09:45",5867.95,5875.2,5867.31,5874.06,6.22,+0.11%,0
"2025-05-27 09:30",5854.07,5873.64,5854.07,5867.84,65.02,+1.12%,0
"2025-05-23 16:45",5802.82,5802.82,5802.82,5802.82,0,0.00%,0
"2025-05-23 16:15",5802.82,5802.82,5802.82,5802.82,0,0.00%,0
"2025-05-23 16:00",5803.21,5803.21,5802.81,5802.82,-1.34,-0.02%,0
"2025-05-23 15:45",5818.84,5819.36,5797.47,5804.16,-14.67,-0.25%,0
"2025-05-23 15:30",5810.77,5821.63,5809.59,5818.83,8.22,+0.14%,0
"2025-05-23 15:15",5824.19,5824.19,5806.53,5810.61,-13.57,-0.23%,0
"2025-05-23 15:00",5818.99,5825.93,5813.71,5824.18,5.21,+0.09%,0
"2025-05-23 14:45",5821.19,5823.39,5816.41,5818.97,-2.21,-0.04%,0
"2025-05-23 14:30",5819.12,5826.54,5818.79,5821.18,2.14,+0.04%,0
"2025-05-23 14:15",5826.71,5829.51,5812.71,5819.04,-7.6,-0.13%,0
"2025-05-23 14:00",5820.61,5829.26,5819.77,5826.64,6.08,+0.10%,0
"2025-05-23 13:45",5815.49,5825.57,5814.38,5820.56,5.09,+0.09%,0
"2025-05-23 13:30",5823.39,5823.39,5813.08,5815.47,-8.11,-0.14%,0
"2025-05-23 13:15",5812.2,5823.66,5811.85,5823.58,11.46,+0.20%,0
"2025-05-23 13:00",5802.11,5813.57,5799.93,5812.12,9.98,+0.17%,0
"2025-05-23 12:45",5801.65,5807.57,5800.79,5802.14,0.51,+0.01%,0
"2025-05-23 12:30",5799.13,5803.27,5792.07,5801.63,2.53,+0.04%,0
"2025-05-23 12:15",5792.6,5803.05,5791.38,5799.1,6.59,+0.11%,0
"2025-05-23 12:00",5792.83,5799.75,5788.3,5792.51,-0.35,-0.01%,0
"2025-05-23 11:45",5803.84,5804.22,5792.58,5792.86,-10.71,-0.18%,0
"2025-05-23 11:30",5796.36,5808,5795.82,5803.57,7.28,+0.13%,0
"2025-05-23 11:15",5785.77,5796.85,5780.85,5796.29,10.55,+0.18%,0
"2025-05-23 11:00",5783.47,5791.55,5780.84,5785.74,2.32,+0.04%,0
"2025-05-23 10:45",5796.59,5800.81,5782.9,5783.42,-13.25,-0.23%,0
"2025-05-23 10:30",5789.09,5798.87,5788.21,5796.67,7.79,+0.13%,0
"2025-05-23 10:15",5795.47,5797.81,5782.09,5788.88,-6.48,-0.11%,0
"2025-05-23 10:00",5779.96,5800.14,5779.8,5795.36,16.14,+0.28%,0
"2025-05-23 09:45",5783.4,5785.8,5772.94,5779.22,-4.2,-0.07%,0
"2025-05-23 09:30",5781.89,5792.2,5767.41,5783.42,-58.59,-1.00%,0
"2025-05-22 16:30",5842.01,5842.01,5842.01,5842.01,0,0.00%,0
"2025-05-22 16:15",5842.01,5842.01,5842.01,5842.01,0,0.00%,0
"2025-05-22 16:00",5841.68,5842.04,5841.59,5842.01,1.01,+0.02%,0
"2025-05-22 15:45",5863.4,5867.96,5838.63,5841,-22.43,-0.38%,0
"2025-05-22 15:30",5877.22,5877.64,5863.33,5863.43,-13.71,-0.23%,0
"2025-05-22 15:15",5874.26,5878.08,5869.84,5877.14,2.84,+0.05%,0
"2025-05-22 15:00",5870.52,5876.05,5869.91,5874.3,3.85,+0.07%,0
"2025-05-22 14:45",5863.85,5872.7,5863.41,5870.45,6.73,+0.11%,0
"2025-05-22 14:30",5867.78,5869.55,5861.72,5863.72,-4.04,-0.07%,0
"2025-05-22 14:15",5867.4,5872.02,5865.87,5867.76,0.42,+0.01%,0
"2025-05-22 14:00",5865.93,5869.06,5863.22,5867.34,1.45,+0.02%,0
"2025-05-22 13:45",5864.78,5870.14,5860.82,5865.89,1.23,+0.02%,0
"2025-05-22 13:30",5858.67,5864.66,5855.42,5864.66,5.98,+0.10%,0
"2025-05-22 13:15",5840.53,5860.32,5840.51,5858.68,18.29,+0.31%,0
"2025-05-22 13:00",5843.5,5845.78,5838.86,5840.39,-3.01,-0.05%,0
"2025-05-22 12:45",5852.6,5852.97,5843.17,5843.4,-9.27,-0.16%,0
"2025-05-22 12:30",5855.63,5856.5,5850.48,5852.67,-2.96,-0.05%,0
"2025-05-22 12:15",5862.1,5867.58,5855.45,5855.63,-6.45,-0.11%,0
"2025-05-22 12:00",5854.35,5862.5,5850.7,5862.08,8.59,+0.15%,0
"2025-05-22 11:45",5851.87,5855.65,5849.03,5853.49,1.57,+0.03%,0
"2025-05-22 11:30",5838.75,5853.61,5837.62,5851.92,12.8,+0.22%,0
"2025-05-22 11:15",5842.19,5850.42,5836.66,5839.12,-3.29,-0.06%,0
"2025-05-22 11:00",5841.23,5848.73,5841.03,5842.41,1.08,+0.02%,0
"2025-05-22 10:45",5836.11,5842.72,5827.71,5841.33,5.18,+0.09%,0
"2025-05-22 10:30",5840.95,5845.6,5834.06,5836.15,-4.71,-0.08%,0
"2025-05-22 10:15",5850.48,5853.57,5838.63,5840.86,-9.36,-0.16%,0
"2025-05-22 10:00",5855.32,5863.44,5849.41,5850.22,-3.86,-0.07%,0
"2025-05-22 09:45",5837.5,5856.12,5834.18,5854.08,15.48,+0.27%,0
"2025-05-22 09:30",5841.26,5845.31,5825.82,5838.6,-6.01,-0.10%,0
"2025-05-21 17:00",5844.61,5844.61,5844.61,5844.61,0,0.00%,0
"2025-05-21 16:15",5844.61,5844.61,5844.61,5844.61,0,0.00%,0
"2025-05-21 16:00",5843.09,5844.61,5843.09,5844.61,0.44,+0.01%,0
"2025-05-21 15:45",5856.96,5857.95,5843.76,5844.17,-12.76,-0.22%,0
"2025-05-21 15:30",5835.13,5858,5835.13,5856.93,21.63,+0.37%,0
"2025-05-21 15:15",5847.39,5848.32,5830.91,5835.3,-12.22,-0.21%,0
"2025-05-21 15:00",5852.77,5857.67,5835.94,5847.52,-5.25,-0.09%,0
"2025-05-21 14:45",5870.95,5872.21,5850.58,5852.77,-18.22,-0.31%,0
"2025-05-21 14:30",5865.36,5874.83,5864.07,5870.99,5.59,+0.10%,0
"2025-05-21 14:15",5865.33,5869.56,5854.59,5865.4,0.03,0.00%,0
"2025-05-21 14:00",5873.53,5874.96,5860.94,5865.37,-8.13,-0.14%,0
"2025-05-21 13:45",5876.67,5883.31,5868.75,5873.5,-3.47,-0.06%,0
"2025-05-21 13:30",5859.18,5889.3,5850.84,5876.97,18.02,+0.31%,0
"2025-05-21 13:15",5914.58,5914.58,5858.51,5858.95,-55.78,-0.94%,0
"2025-05-21 13:00",5928.57,5929.83,5912.51,5914.73,-13.83,-0.23%,0
"2025-05-21 12:45",5933.64,5938.37,5928.3,5928.56,-5.08,-0.09%,0
"2025-05-21 12:30",5930.73,5935.19,5930.1,5933.64,2.86,+0.05%,0
"2025-05-21 12:15",5932.34,5932.9,5927.68,5930.78,-1.52,-0.03%,0
"2025-05-21 12:00",5930.33,5935.32,5929.01,5932.3,1.88,+0.03%,0
"2025-05-21 11:45",5930.95,5934.59,5927.5,5930.42,-0.52,-0.01%,0
"2025-05-21 11:30",5930.68,5931.6,5925.76,5930.94,0.33,+0.01%,0
"2025-05-21 11:15",5932.56,5934.91,5928.23,5930.61,-2.02,-0.03%,0
"2025-05-21 11:00",5919.46,5932.98,5916.57,5932.63,13.14,+0.22%,0
"2025-05-21 10:45",5906.15,5919.55,5901.96,5919.49,13.26,+0.22%,0
"2025-05-21 10:30",5909.64,5913.3,5904.73,5906.23,-3.54,-0.06%,0
"2025-05-21 10:15",5912.99,5918.02,5909.36,5909.77,-3.22,-0.05%,0
"2025-05-21 10:00",5911.73,5924.39,5911.3,5912.99,2.12,+0.04%,0
"2025-05-21 09:45",5910.88,5917.34,5909.8,5910.87,0.1,0.00%,0
"2025-05-21 09:30",5910.18,5912.31,5899.65,5910.77,-29.69,-0.50%,0
"2025-05-20 16:30",5940.46,5940.46,5940.46,5940.46,0,0.00%,0
"2025-05-20 16:15",5940.46,5940.46,5940.46,5940.46,0,0.00%,0
"2025-05-20 16:00",5940.99,5940.99,5940.44,5940.46,-0.37,-0.01%,0
"2025-05-20 15:45",5929.54,5942.05,5927.29,5940.83,11.33,+0.19%,0
"2025-05-20 15:30",5926.26,5935.43,5926.26,5929.5,3.28,+0.06%,0
"2025-05-20 15:15",5922.06,5929,5920.34,5926.22,4.23,+0.07%,0
"2025-05-20 15:00",5921.91,5922.5,5909.26,5921.99,0,0.00%,0
"2025-05-20 14:45",5922.71,5924.83,5920.61,5921.99,-0.67,-0.01%,0
"2025-05-20 14:30",5921.27,5928.32,5919.49,5922.66,1.28,+0.02%,0
"2025-05-20 14:15",5942.95,5943.7,5920.05,5921.38,-21.59,-0.36%,0
"2025-05-20 14:00",5943,5944.55,5941.13,5942.97,-0.09,0.00%,0
"2025-05-20 13:45",5943.68,5943.97,5938.02,5943.06,-0.55,-0.01%,0
"2025-05-20 13:30",5947.32,5947.83,5940.99,5943.61,-3.7,-0.06%,0
"2025-05-20 13:15",5950.37,5950.37,5945.41,5947.31,-3.03,-0.05%,0
"2025-05-20 13:00",5946.4,5950.63,5946.13,5950.34,4.01,+0.07%,0
"2025-05-20 12:45",5946.58,5948.38,5944.95,5946.33,-0.24,0.00%,0
"2025-05-20 12:30",5939.81,5946.74,5939.66,5946.57,6.73,+0.11%,0
"2025-05-20 12:15",5938.92,5941.36,5935.7,5939.84,0.92,+0.02%,0
"2025-05-20 12:00",5945,5946.09,5936.02,5938.92,-6.11,-0.10%,0
"2025-05-20 11:45",5939.75,5947.37,5938.37,5945.03,5.32,+0.09%,0
"2025-05-20 11:30",5947.37,5948.14,5939.37,5939.71,-7.69,-0.13%,0
"2025-05-20 11:15",5945.88,5949.03,5943.91,5947.4,1.56,+0.03%,0
"2025-05-20 11:00",5942.78,5946.69,5938.85,5945.84,2.99,+0.05%,0
"2025-05-20 10:45",5952.19,5953.06,5942.45,5942.85,-9.4,-0.16%,0
"2025-05-20 10:30",5942.04,5952.31,5940.17,5952.25,10.1,+0.17%,0
"2025-05-20 10:15",5941.35,5947.37,5939.18,5942.15,0.76,+0.01%,0
"2025-05-20 10:00",5942.39,5946.61,5937.61,5941.39,-0.87,-0.01%,0
"2025-05-20 09:45",5942.83,5947.66,5933.53,5942.26,-0.63,-0.01%,0
"2025-05-20 09:30",5944.66,5949.05,5940.92,5942.89,-20.71,-0.35%,0
"2025-05-19 16:45",5963.6,5963.6,5963.6,5963.6,0,0.00%,0
"2025-05-19 16:15",5963.6,5963.6,5963.6,5963.6,0,0.00%,0
"2025-05-19 16:00",5962.98,5963.61,5962.98,5963.6,-0.56,-0.01%,0
"2025-05-19 15:45",5950.35,5965.11,5950.02,5964.16,13.84,+0.23%,0
"2025-05-19 15:30",5948.38,5952.75,5948.23,5950.32,1.86,+0.03%,0
"2025-05-19 15:15",5951.76,5952.28,5945.49,5948.46,-3.38,-0.06%,0
"2025-05-19 15:00",5956.77,5959.3,5951.1,5951.84,-4.98,-0.08%,0
"2025-05-19 14:45",5955.08,5957.23,5952,5956.82,1.7,+0.03%,0
"2025-05-19 14:30",5950.43,5957.78,5949.37,5955.12,4.75,+0.08%,0
"2025-05-19 14:15",5953.64,5954.06,5947.02,5950.37,-3.22,-0.05%,0
"2025-05-19 14:00",5956.52,5958.29,5952.95,5953.59,-2.95,-0.05%,0
"2025-05-19 13:45",5962.58,5962.77,5956.45,5956.54,-5.94,-0.10%,0
"2025-05-19 13:30",5964.29,5967.57,5961.16,5962.48,-1.85,-0.03%,0
"2025-05-19 13:15",5966.77,5967.7,5963.1,5964.33,-2.44,-0.04%,0
"2025-05-19 13:00",5959.35,5968.61,5958.34,5966.77,7.39,+0.12%,0
"2025-05-19 12:45",5950.52,5960.08,5949.8,5959.38,8.88,+0.15%,0
"2025-05-19 12:30",5953.35,5953.9,5949.25,5950.5,-2.95,-0.05%,0
"2025-05-19 12:15",5947.34,5954.35,5945.04,5953.45,6.19,+0.10%,0
"2025-05-19 12:00",5944.32,5948.1,5942.98,5947.26,2.97,+0.05%,0
"2025-05-19 11:45",5946.68,5948.51,5940.36,5944.29,-2.43,-0.04%,0
"2025-05-19 11:30",5936.82,5950.53,5936.03,5946.72,10.05,+0.17%,0
"2025-05-19 11:15",5938.11,5941.58,5935.76,5936.67,-1.39,-0.02%,0
"2025-05-19 11:00",5932.95,5940.59,5932.59,5938.06,5.19,+0.09%,0
"2025-05-19 10:45",5938.58,5940.94,5929.85,5932.87,-5.81,-0.10%,0
"2025-05-19 10:30",5935.48,5942.39,5931.8,5938.68,3.33,+0.06%,0
"2025-05-19 10:15",5937.37,5946.26,5929.26,5935.35,-2.09,-0.04%,0
"2025-05-19 10:00",5925.52,5942.8,5924.75,5937.44,11.3,+0.19%,0
"2025-05-19 09:45",5918.44,5927.63,5915.28,5926.14,7.87,+0.13%,0
"2025-05-19 09:30",5902.88,5918.3,5895.69,5918.27,-40.11,-0.67%,0
"2025-05-16 16:45",5958.38,5958.38,5958.38,5958.38,0,0.00%,0
"2025-05-16 16:15",5958.38,5958.38,5958.38,5958.38,0,0.00%,0
"2025-05-16 16:00",5957.61,5958.38,5957.61,5958.38,-0.02,0.00%,0
"2025-05-16 15:45",5948.15,5958.62,5946.53,5958.4,10.44,+0.18%,0
"2025-05-16 15:30",5952.51,5952.51,5947.34,5947.96,-4.61,-0.08%,0
"2025-05-16 15:15",5954.75,5955.4,5951.09,5952.57,-2.25,-0.04%,0
"2025-05-16 15:00",5949.86,5957.14,5949.86,5954.82,4.99,+0.08%,0
"2025-05-16 14:45",5950.7,5953.98,5949.65,5949.83,-0.93,-0.02%,0
"2025-05-16 14:30",5946.49,5951.59,5945.68,5950.76,3.94,+0.07%,0
"2025-05-16 14:15",5944.37,5948.03,5943.21,5946.82,2.46,+0.04%,0
"2025-05-16 14:00",5942.2,5945.1,5941.03,5944.36,2.25,+0.04%,0
"2025-05-16 13:45",5944.84,5945.43,5940.38,5942.11,-2.69,-0.05%,0
"2025-05-16 13:30",5945.3,5948.96,5943.51,5944.8,-0.52,-0.01%,0
"2025-05-16 13:15",5941.76,5946.45,5941.35,5945.32,3.51,+0.06%,0
"2025-05-16 13:00",5937.04,5941.95,5935.65,5941.81,4.63,+0.08%,0
"2025-05-16 12:45",5934.58,5939.19,5932.35,5937.18,2.72,+0.05%,0
"2025-05-16 12:30",5935.11,5937.97,5933.53,5934.46,-0.52,-0.01%,0
"2025-05-16 12:15",5933.4,5936.82,5933.27,5934.98,1.57,+0.03%,0
"2025-05-16 12:00",5924.61,5933.5,5923.68,5933.41,8.77,+0.15%,0
"2025-05-16 11:45",5929.18,5930.02,5923.84,5924.64,-4.47,-0.08%,0
"2025-05-16 11:30",5923.4,5930.28,5923.37,5929.11,5.78,+0.10%,0
"2025-05-16 11:15",5923.31,5925.05,5918.64,5923.33,-0.02,0.00%,0
"2025-05-16 11:00",5918.96,5925.11,5918.58,5923.35,4.42,+0.07%,0
"2025-05-16 10:45",5907.84,5922.07,5907.5,5918.93,10.97,+0.19%,0
"2025-05-16 10:30",5923.18,5923.18,5907.36,5907.96,-15.29,-0.26%,0
"2025-05-16 10:15",5922.02,5930.27,5920.69,5923.25,1.29,+0.02%,0
"2025-05-16 10:00",5929.56,5929.56,5918.24,5921.96,-4.47,-0.08%,0
"2025-05-16 09:45",5917.92,5928.1,5917.64,5926.43,8.68,+0.15%,0
"2025-05-16 09:30",5929.09,5930.42,5914.36,5917.75,0.82,+0.01%,0
"2025-05-15 16:45",5916.93,5916.93,5916.93,5916.93,0,0.00%,0
"2025-05-15 16:15",5916.93,5916.93,5916.93,5916.93,0,0.00%,0
"2025-05-15 16:00",5917.59,5917.93,5916.92,5916.93,-0.51,-0.01%,0
"2025-05-15 15:45",5907.9,5917.44,5905.22,5917.44,9.35,+0.16%,0
"2025-05-15 15:30",5901.87,5910.55,5901.87,5908.09,6.11,+0.10%,0
"2025-05-15 15:15",5911.04,5915.54,5898.52,5901.98,-9.13,-0.15%,0
"2025-05-15 15:00",5911.68,5917.13,5908.09,5911.11,-0.6,-0.01%,0
"2025-05-15 14:45",5915.26,5915.43,5910.51,5911.71,-3.53,-0.06%,0
"2025-05-15 14:30",5909.35,5917.74,5908.86,5915.24,5.89,+0.10%,0
"2025-05-15 14:15",5907.74,5909.35,5901.49,5909.35,1.59,+0.03%,0
"2025-05-15 14:00",5913.73,5913.73,5906.84,5907.76,-5.99,-0.10%,0
"2025-05-15 13:45",5919.57,5920,5912.7,5913.75,-5.81,-0.10%,0
"2025-05-15 13:30",5922,5922.05,5913.81,5919.56,-2.4,-0.04%,0
"2025-05-15 13:15",5917.87,5924.21,5917.23,5921.96,4.16,+0.07%,0
"2025-05-15 13:00",5916.7,5921.56,5915.27,5917.8,1.13,+0.02%,0
"2025-05-15 12:45",5911.12,5916.67,5911.12,5916.67,5.57,+0.09%,0
"2025-05-15 12:30",5907.14,5911.75,5904,5911.1,4.01,+0.07%,0
"2025-05-15 12:15",5909.09,5910.65,5903.22,5907.09,-1.98,-0.03%,0
"2025-05-15 12:00",5905.92,5913.83,5904.23,5909.07,3.15,+0.05%,0
"2025-05-15 11:45",5907.38,5908.53,5901.5,5905.92,-1.41,-0.02%,0
"2025-05-15 11:30",5898.55,5908.57,5895.84,5907.33,8.96,+0.15%,0
"2025-05-15 11:15",5891.21,5903.28,5891.09,5898.37,7.15,+0.12%,0
"2025-05-15 11:00",5880.8,5891.46,5879.72,5891.22,10.46,+0.18%,0
"2025-05-15 10:45",5874.7,5880.76,5870.92,5880.76,6.09,+0.10%,0
"2025-05-15 10:30",5872.98,5876.64,5867.82,5874.67,1.72,+0.03%,0
"2025-05-15 10:15",5876.44,5881.52,5871.38,5872.95,-3.42,-0.06%,0
"2025-05-15 10:00",5876.27,5885.54,5870.25,5876.37,0.19,0.00%,0
"2025-05-15 09:45",5876.57,5876.89,5865.16,5876.18,-0.32,-0.01%,0
"2025-05-15 09:30",5869.82,5878.84,5867.32,5876.5,-16.08,-0.27%,0
"2025-05-14 16:45",5892.58,5892.58,5892.58,5892.58,0,0.00%,0
"2025-05-14 16:15",5892.58,5892.58,5892.58,5892.58,0,0.00%,0
"2025-05-14 16:00",5892.31,5892.6,5892.11,5892.58,1.07,+0.02%,0
"2025-05-14 15:45",5883.72,5897.04,5880.31,5891.51,7.66,+0.13%,0
"2025-05-14 15:30",5886.19,5888.52,5881.76,5883.85,-2.65,-0.05%,0
"2025-05-14 15:15",5891.67,5893.42,5881.53,5886.5,-5.18,-0.09%,0
"2025-05-14 15:00",5891.71,5893,5886.55,5891.68,0.03,0.00%,0
"2025-05-14 14:45",5893.95,5894.82,5890.46,5891.65,-2.36,-0.04%,0
"2025-05-14 14:30",5884.07,5897.38,5883.97,5894.01,9.89,+0.17%,0
"2025-05-14 14:15",5887.57,5891.44,5882.31,5884.12,-3.59,-0.06%,0
"2025-05-14 14:00",5889.16,5892.39,5885.64,5887.71,-1.42,-0.02%,0
"2025-05-14 13:45",5884.13,5889.6,5882.19,5889.13,4.9,+0.08%,0
"2025-05-14 13:30",5879.25,5886.62,5878.6,5884.23,4.9,+0.08%,0
"2025-05-14 13:15",5886.15,5886.44,5872.11,5879.33,-6.68,-0.11%,0
"2025-05-14 13:00",5890.76,5890.88,5884.63,5886.01,-4.8,-0.08%,0
"2025-05-14 12:45",5889.5,5893.38,5889.22,5890.81,1.28,+0.02%,0
"2025-05-14 12:30",5895.49,5901.7,5887.58,5889.53,-5.97,-0.10%,0
"2025-05-14 12:15",5896.95,5897.43,5893.58,5895.5,-1.42,-0.02%,0
"2025-05-14 12:00",5896.53,5901.24,5895.12,5896.92,0.4,+0.01%,0
"2025-05-14 11:45",5898.15,5898.54,5893.78,5896.52,-1.59,-0.03%,0
"2025-05-14 11:30",5895.17,5899.33,5893.87,5898.11,2.52,+0.04%,0
"2025-05-14 11:15",5886.94,5896.9,5884.6,5895.59,8.86,+0.15%,0
"2025-05-14 11:00",5891.87,5892.28,5874.62,5886.73,-5.31,-0.09%,0
"2025-05-14 10:45",5886.18,5894.31,5884.95,5892.04,5.9,+0.10%,0
"2025-05-14 10:30",5891.08,5894.81,5886.12,5886.14,-5.01,-0.09%,0
"2025-05-14 10:15",5888.36,5891.79,5883.45,5891.15,3.09,+0.05%,0
"2025-05-14 10:00",5892.33,5894.11,5881.05,5888.06,-4.12,-0.07%,0
"2025-05-14 09:45",5894.1,5894.35,5880.75,5892.18,-1.37,-0.02%,0
"2025-05-14 09:30",5896.74,5906.55,5893.39,5893.55,7,+0.12%,0
"2025-05-13 16:45",5886.55,5886.55,5886.55,5886.55,0,0.00%,0
"2025-05-13 16:15",5886.55,5886.55,5886.55,5886.55,0,0.00%,0
"2025-05-13 16:00",5884.92,5886.56,5884.92,5886.55,1.68,+0.03%,0
"2025-05-13 15:45",5903.24,5903.34,5884.47,5884.87,-18.41,-0.31%,0
"2025-05-13 15:30",5900.88,5906.64,5900.32,5903.28,2.38,+0.04%,0
"2025-05-13 15:15",5903.26,5905.52,5899.27,5900.9,-2.39,-0.04%,0
"2025-05-13 15:00",5902.29,5903.84,5899.07,5903.29,0.98,+0.02%,0
"2025-05-13 14:45",5892.41,5902.76,5891.09,5902.31,9.96,+0.17%,0
"2025-05-13 14:30",5895.71,5896.99,5891.06,5892.35,-3.33,-0.06%,0
"2025-05-13 14:15",5897.72,5899.32,5894.6,5895.68,-1.98,-0.03%,0
"2025-05-13 14:00",5895.05,5898.68,5891.03,5897.66,2.52,+0.04%,0
"2025-05-13 13:45",5900.91,5904.23,5895.04,5895.14,-5.8,-0.10%,0
"2025-05-13 13:30",5899.18,5906.47,5899.12,5900.94,1.71,+0.03%,0
"2025-05-13 13:15",5893.49,5899.87,5893.2,5899.23,5.74,+0.10%,0
"2025-05-13 13:00",5895.66,5896.84,5892.62,5893.49,-2.13,-0.04%,0
"2025-05-13 12:45",5896.42,5899.7,5895.1,5895.62,-0.76,-0.01%,0
"2025-05-13 12:30",5893.01,5896.74,5889.71,5896.38,3.44,+0.06%,0
"2025-05-13 12:15",5891.87,5894.26,5886.21,5892.94,1.02,+0.02%,0
"2025-05-13 12:00",5893.29,5893.64,5886.12,5891.92,-1.01,-0.02%,0
"2025-05-13 11:45",5896.27,5899.99,5890.5,5892.93,-3.16,-0.05%,0
"2025-05-13 11:30",5893.93,5898.17,5892.32,5896.09,2.16,+0.04%,0
"2025-05-13 11:15",5886.68,5896.95,5886.66,5893.93,7.27,+0.12%,0
"2025-05-13 11:00",5887.26,5889.93,5884.3,5886.66,-0.37,-0.01%,0
"2025-05-13 10:45",5878.48,5890.28,5877.46,5887.03,8.51,+0.14%,0
"2025-05-13 10:30",5885.26,5889.19,5878.23,5878.52,-6.89,-0.12%,0
"2025-05-13 10:15",5888.8,5895.25,5884.97,5885.41,-3.56,-0.06%,0
"2025-05-13 10:00",5869.72,5889.04,5869.22,5888.97,19.36,+0.33%,0
"2025-05-13 09:45",5860.01,5870.97,5856.86,5869.61,9.64,+0.16%,0
"2025-05-13 09:30",5854.15,5863.07,5845.02,5859.97,15.78,+0.27%,0
"2025-05-12 16:45",5844.19,5844.19,5844.19,5844.19,0,0.00%,0
"2025-05-12 16:15",5844.19,5844.19,5844.19,5844.19,0,0.00%,0
"2025-05-12 16:00",5844.78,5844.78,5844.17,5844.19,-0.39,-0.01%,0
"2025-05-12 15:45",5826.98,5845.37,5824.32,5844.58,17.64,+0.30%,0
"2025-05-12 15:30",5830.54,5833.8,5825.63,5826.94,-3.46,-0.06%,0
"2025-05-12 15:15",5832.96,5836.58,5829.04,5830.4,-2.59,-0.04%,0
"2025-05-12 15:00",5831.05,5837.57,5827.53,5832.99,1.98,+0.03%,0
"2025-05-12 14:45",5837.61,5839.11,5830.81,5831.01,-6.62,-0.11%,0
"2025-05-12 14:30",5835.41,5841.14,5835.41,5837.63,2.2,+0.04%,0
"2025-05-12 14:15",5831.88,5837.28,5831.52,5835.43,3.72,+0.06%,0
"2025-05-12 14:00",5831.34,5836.44,5829.66,5831.71,0.39,+0.01%,0
"2025-05-12 13:45",5830.92,5835.7,5830.92,5831.32,0.57,+0.01%,0
"2025-05-12 13:30",5829.34,5833.66,5828.21,5830.75,1.39,+0.02%,0
"2025-05-12 13:15",5834.71,5834.75,5827.07,5829.36,-5.28,-0.09%,0
"2025-05-12 13:00",5826.79,5839.68,5826.16,5834.64,7.84,+0.13%,0
"2025-05-12 12:45",5818.11,5827.41,5817.39,5826.8,8.8,+0.15%,0
"2025-05-12 12:30",5809.15,5818.55,5808.85,5818,8.76,+0.15%,0
"2025-05-12 12:15",5806.85,5813.67,5805.31,5809.24,2.48,+0.04%,0
"2025-05-12 12:00",5797.81,5807.37,5796.02,5806.76,8.95,+0.15%,0
"2025-05-12 11:45",5801.03,5803.45,5796.56,5797.81,-3.41,-0.06%,0
"2025-05-12 11:30",5804.11,5808.9,5798.62,5801.22,-3.04,-0.05%,0
"2025-05-12 11:15",5809.34,5810.21,5797.84,5804.26,-5.09,-0.09%,0
"2025-05-12 11:00",5806.23,5812.76,5805.32,5809.35,2.94,+0.05%,0
"2025-05-12 10:45",5808.31,5817.36,5806.18,5806.41,-1.55,-0.03%,0
"2025-05-12 10:30",5797.48,5807.98,5786.08,5807.96,10.28,+0.18%,0
"2025-05-12 10:15",5817.4,5820.3,5794.53,5797.68,-19.82,-0.34%,0
"2025-05-12 10:00",5804.01,5817.5,5801.69,5817.5,14.35,+0.25%,0
"2025-05-12 09:45",5803.25,5817.95,5799.4,5803.15,0.02,0.00%,0
"2025-05-12 09:30",5807.2,5828.96,5799.64,5803.13,143.22,+2.53%,0
"2025-05-09 16:45",5659.91,5659.91,5659.91,5659.91,0,0.00%,0
"2025-05-09 16:15",5659.91,5659.91,5659.91,5659.91,0,0.00%,0
"2025-05-09 16:00",5659.4,5659.91,5659.07,5659.91,0.76,+0.01%,0
"2025-05-09 15:45",5663.26,5666.05,5657.4,5659.15,-4.11,-0.07%,0
"2025-05-09 15:30",5665.67,5667.17,5658.88,5663.26,-2.34,-0.04%,0
"2025-05-09 15:15",5670.41,5671.39,5665.32,5665.6,-4.84,-0.09%,0
"2025-05-09 15:00",5664.23,5674.52,5664.23,5670.44,6.17,+0.11%,0
"2025-05-09 14:45",5661.21,5666.53,5660.95,5664.27,3.06,+0.05%,0
"2025-05-09 14:30",5658.78,5663.45,5658.55,5661.21,2.53,+0.04%,0
"2025-05-09 14:15",5663.71,5665.72,5657.51,5658.68,-5.07,-0.09%,0
"2025-05-09 14:00",5667.92,5668.38,5662.45,5663.75,-4.24,-0.07%,0
"2025-05-09 13:45",5663.84,5668.95,5661.7,5667.99,4.09,+0.07%,0
"2025-05-09 13:30",5655.69,5664.81,5651.89,5663.9,8.05,+0.14%,0
"2025-05-09 13:15",5650.57,5659.46,5646,5655.85,5.31,+0.09%,0
"2025-05-09 13:00",5649.83,5656.57,5646.97,5650.54,0.69,+0.01%,0
"2025-05-09 12:45",5654.28,5655.14,5647.66,5649.85,-4.48,-0.08%,0
"2025-05-09 12:30",5654.93,5660.63,5652.54,5654.33,-0.58,-0.01%,0
"2025-05-09 12:15",5658.68,5660.96,5654.84,5654.91,-3.66,-0.06%,0
"2025-05-09 12:00",5671.66,5672.05,5651.61,5658.57,-12.95,-0.23%,0
"2025-05-09 11:45",5662.75,5671.68,5661.62,5671.52,8.76,+0.15%,0
"2025-05-09 11:30",5661.33,5666.03,5655.45,5662.76,1.44,+0.03%,0
"2025-05-09 11:15",5663.55,5667.11,5656.42,5661.32,-2.28,-0.04%,0
"2025-05-09 11:00",5662.02,5668.96,5659.39,5663.6,1.67,+0.03%,0
"2025-05-09 10:45",5656.96,5663.8,5653.12,5661.93,4.91,+0.09%,0
"2025-05-09 10:30",5659.59,5662.6,5644.15,5657.02,-2.52,-0.04%,0
"2025-05-09 10:15",5683.87,5683.87,5654.56,5659.54,-24.26,-0.43%,0
"2025-05-09 10:00",5686.68,5689.78,5681.28,5683.8,-2.45,-0.04%,0
"2025-05-09 09:45",5679.19,5687.06,5675.34,5686.25,6.97,+0.12%,0
"2025-05-09 09:30",5679.65,5691.69,5678.63,5679.28,15.34,+0.27%,0
"2025-05-08 16:45",5663.94,5663.94,5663.94,5663.94,0,0.00%,0
"2025-05-08 16:15",5663.94,5663.94,5663.94,5663.94,0,0.00%,0
"2025-05-08 16:00",5664.39,5664.83,5663.94,5663.94,0.08,0.00%,0
"2025-05-08 15:45",5692.61,5692.61,5662.55,5663.86,-28.76,-0.51%,0
"2025-05-08 15:30",5707.23,5707.9,5692.11,5692.62,-14.57,-0.26%,0
"2025-05-08 15:15",5696.31,5710.26,5694.93,5707.19,10.84,+0.19%,0
"2025-05-08 15:00",5700.67,5700.83,5694.3,5696.35,-4.3,-0.08%,0
"2025-05-08 14:45",5707.48,5707.48,5700.65,5700.65,-6.86,-0.12%,0
"2025-05-08 14:30",5697.27,5707.99,5697.24,5707.51,10.21,+0.18%,0
"2025-05-08 14:15",5700.37,5703.89,5697.09,5697.3,-3.19,-0.06%,0
"2025-05-08 14:00",5694.38,5701.26,5692.04,5700.49,6.05,+0.11%,0
"2025-05-08 13:45",5704.58,5705.52,5694.33,5694.44,-10.12,-0.18%,0
"2025-05-08 13:30",5709.1,5710.79,5701.25,5704.56,-4.62,-0.08%,0
"2025-05-08 13:15",5709.72,5712.86,5706.51,5709.18,-0.53,-0.01%,0
"2025-05-08 13:00",5718.27,5718.83,5708.4,5709.71,-8.48,-0.15%,0
"2025-05-08 12:45",5714.3,5720.1,5712.09,5718.19,3.89,+0.07%,0
"2025-05-08 12:30",5704.84,5714.87,5704.57,5714.3,9.47,+0.17%,0
"2025-05-08 12:15",5709.68,5713.83,5704.62,5704.83,-4.77,-0.08%,0
"2025-05-08 12:00",5700.9,5710.41,5700.63,5709.6,8.63,+0.15%,0
"2025-05-08 11:45",5708.15,5712.42,5698.99,5700.97,-7.15,-0.13%,0
"2025-05-08 11:30",5678.9,5709.95,5673.13,5708.12,29.59,+0.52%,0
"2025-05-08 11:15",5659.9,5686.72,5659.16,5678.53,19.08,+0.34%,0
"2025-05-08 11:00",5642.72,5660.25,5638.94,5659.45,16.58,+0.29%,0
"2025-05-08 10:45",5656.52,5659.05,5635.38,5642.87,-13.75,-0.24%,0
"2025-05-08 10:30",5661.82,5668.53,5650.47,5656.62,-4.95,-0.09%,0
"2025-05-08 10:15",5645.73,5662.62,5645,5661.57,15.84,+0.28%,0
"2025-05-08 10:00",5659.53,5665.24,5641.26,5645.73,-13.13,-0.23%,0
"2025-05-08 09:45",5665.54,5665.67,5653.6,5658.86,-6.68,-0.12%,0
"2025-05-08 09:30",5663.6,5672.98,5658.43,5665.54,34.26,+0.61%,0
"2025-05-07 16:45",5631.28,5631.28,5631.28,5631.28,0,0.00%,0
"2025-05-07 16:15",5631.28,5631.28,5631.28,5631.28,0,0.00%,0
"2025-05-07 16:00",5630.69,5631.28,5630.36,5631.28,1.53,+0.03%,0
"2025-05-07 15:45",5636.37,5645.29,5607.95,5629.75,-6.37,-0.11%,0
"2025-05-07 15:30",5596.2,5654.73,5593.12,5636.12,39.82,+0.71%,0
"2025-05-07 15:15",5618.42,5621.61,5595.29,5596.3,-22.09,-0.39%,0
"2025-05-07 15:00",5625.31,5625.93,5611.56,5618.39,-7.1,-0.13%,0
"2025-05-07 14:45",5613.24,5627.99,5591.43,5625.49,12.37,+0.22%,0
"2025-05-07 14:30",5596.98,5619.16,5593.13,5613.12,16.33,+0.29%,0
"2025-05-07 14:15",5584.28,5600.69,5578.64,5596.79,12.45,+0.22%,0
"2025-05-07 14:00",5609.55,5620.7,5578.82,5584.34,-26.54,-0.47%,0
"2025-05-07 13:45",5619.45,5624.17,5606.04,5610.88,-8.83,-0.16%,0
"2025-05-07 13:30",5629.98,5631.25,5619.34,5619.71,-10.32,-0.18%,0
"2025-05-07 13:15",5634.66,5634.76,5626.34,5630.03,-4.61,-0.08%,0
"2025-05-07 13:00",5629.77,5635.15,5628.51,5634.64,4.95,+0.09%,0
"2025-05-07 12:45",5622,5630.51,5620.32,5629.69,7.76,+0.14%,0
"2025-05-07 12:30",5609.02,5622.09,5608.44,5621.93,12.93,+0.23%,0
"2025-05-07 12:15",5617,5620.68,5608.84,5609,-7.96,-0.14%,0
"2025-05-07 12:00",5616,5618.61,5611.81,5616.96,0.94,+0.02%,0
"2025-05-07 11:45",5617.15,5618.04,5603.76,5616.02,-1.12,-0.02%,0
"2025-05-07 11:30",5608.38,5618.1,5605.14,5617.14,8.72,+0.16%,0
"2025-05-07 11:15",5602.42,5611.6,5602.37,5608.42,5.89,+0.11%,0
"2025-05-07 11:00",5611.58,5612.11,5601.1,5602.53,-9.06,-0.16%,0
"2025-05-07 10:45",5634.23,5635.29,5607.17,5611.59,-22.65,-0.40%,0
"2025-05-07 10:30",5635.55,5637.1,5632.29,5634.24,-1.31,-0.02%,0
"2025-05-07 10:15",5632.11,5636.77,5628.41,5635.55,3.44,+0.06%,0
"2025-05-07 10:00",5631.41,5635.1,5627.98,5632.11,0.97,+0.02%,0
"2025-05-07 09:45",5627.94,5632.94,5615.16,5631.14,3.05,+0.05%,0
"2025-05-07 09:30",5614.18,5629.23,5613.32,5628.09,21.18,+0.38%,0
"2025-05-06 16:45",5606.91,5606.91,5606.91,5606.91,0,0.00%,0
"2025-05-06 16:15",5606.91,5606.91,5606.91,5606.91,0,0.00%,0
"2025-05-06 16:00",5605.83,5606.91,5605.83,5606.91,1.39,+0.02%,0
"2025-05-06 15:45",5627.79,5630.45,5605.47,5605.52,-22.18,-0.39%,0
"2025-05-06 15:30",5624.75,5629.18,5623.31,5627.7,2.97,+0.05%,0
"2025-05-06 15:15",5622.92,5625.67,5618.65,5624.73,1.74,+0.03%,0
"2025-05-06 15:00",5627.44,5627.84,5616.27,5622.99,-4.42,-0.08%,0
"2025-05-06 14:45",5619.79,5627.44,5617.1,5627.41,7.63,+0.14%,0
"2025-05-06 14:30",5621.66,5624.22,5618.28,5619.78,-1.9,-0.03%,0
"2025-05-06 14:15",5607.13,5621.73,5607.08,5621.68,14.51,+0.26%,0
"2025-05-06 14:00",5601.86,5612.6,5601.86,5607.17,5.12,+0.09%,0
"2025-05-06 13:45",5603.08,5605.72,5600.98,5602.05,-0.99,-0.02%,0
"2025-05-06 13:30",5613.53,5617.72,5602.42,5603.04,-10.52,-0.19%,0
"2025-05-06 13:15",5619.46,5622.31,5610.29,5613.56,-6.31,-0.11%,0
"2025-05-06 13:00",5609.25,5621.54,5609.25,5619.87,10.62,+0.19%,0
"2025-05-06 12:45",5618.82,5618.87,5608.82,5609.25,-9.63,-0.17%,0
"2025-05-06 12:30",5623,5630.85,5617.91,5618.88,-4.17,-0.07%,0
"2025-05-06 12:15",5646.52,5646.73,5620.92,5623.05,-23.09,-0.41%,0
"2025-05-06 12:00",5620.86,5649.58,5619.22,5646.14,25.36,+0.45%,0
"2025-05-06 11:45",5624.86,5627.62,5619.65,5620.78,-3.97,-0.07%,0
"2025-05-06 11:30",5633.74,5636.21,5624.17,5624.75,-8.96,-0.16%,0
"2025-05-06 11:15",5626.51,5634.92,5624.29,5633.71,7.08,+0.13%,0
"2025-05-06 11:00",5624.86,5630.46,5622.85,5626.63,1.69,+0.03%,0
"2025-05-06 10:45",5623.83,5630.27,5621.09,5624.94,1.02,+0.02%,0
"2025-05-06 10:30",5622.96,5629.37,5621.51,5623.92,0.97,+0.02%,0
"2025-05-06 10:15",5605.61,5625.43,5605.61,5622.95,17.3,+0.31%,0
"2025-05-06 10:00",5591.85,5609.13,5588.14,5605.65,13.46,+0.24%,0
"2025-05-06 09:45",5609.41,5611.44,5586.04,5592.19,-16.96,-0.30%,0
"2025-05-06 09:30",5605.87,5613.36,5594.85,5609.15,-41.23,-0.73%,0
"2025-05-05 17:00",5650.38,5650.38,5650.38,5650.38,0,0.00%,0
"2025-05-05 16:15",5650.38,5650.38,5650.38,5650.38,0,0.00%,0
"2025-05-05 16:00",5650.64,5651.28,5650.38,5650.38,-0.82,-0.01%,0
"2025-05-05 15:45",5663.24,5663.4,5648.29,5651.2,-12.07,-0.21%,0
"2025-05-05 15:30",5665.02,5670.53,5661.21,5663.27,-1.76,-0.03%,0
"2025-05-05 15:15",5670.09,5673.37,5663.34,5665.03,-5.07,-0.09%,0
"2025-05-05 15:00",5674.99,5675.43,5668.84,5670.1,-4.93,-0.09%,0
"2025-05-05 14:45",5683.09,5683.2,5674.45,5675.03,-8.08,-0.14%,0
"2025-05-05 14:30",5679.02,5683.38,5678.47,5683.11,4.11,+0.07%,0
"2025-05-05 14:15",5680.61,5681.17,5678.12,5679,-1.59,-0.03%,0
"2025-05-05 14:00",5674.58,5680.87,5673.46,5680.59,5.96,+0.11%,0
"2025-05-05 13:45",5672.69,5677.73,5672.46,5674.63,1.96,+0.03%,0
"2025-05-05 13:30",5669.05,5675.29,5668.46,5672.67,3.61,+0.06%,0
"2025-05-05 13:15",5670.13,5670.83,5666.43,5669.06,-1.09,-0.02%,0
"2025-05-05 13:00",5673.87,5674.28,5670.02,5670.15,-3.7,-0.07%,0
"2025-05-05 12:45",5675.12,5676.82,5672.9,5673.85,-1.31,-0.02%,0
"2025-05-05 12:30",5674.33,5675.98,5669.83,5675.16,0.87,+0.02%,0
"2025-05-05 12:15",5670.84,5676.06,5670.42,5674.29,3.43,+0.06%,0
"2025-05-05 12:00",5667.42,5674.37,5666.22,5670.86,3.44,+0.06%,0
"2025-05-05 11:45",5661.97,5668.48,5661.29,5667.42,5.35,+0.09%,0
"2025-05-05 11:30",5665.59,5667.71,5656.47,5662.07,-3.48,-0.06%,0
"2025-05-05 11:15",5664.68,5670.24,5662.31,5665.55,0.82,+0.01%,0
"2025-05-05 11:00",5667.19,5669.46,5662.8,5664.73,-2.33,-0.04%,0
"2025-05-05 10:45",5662.35,5668.98,5660.7,5667.06,4.77,+0.08%,0
"2025-05-05 10:30",5654.06,5664.65,5646.62,5662.29,8.33,+0.15%,0
"2025-05-05 10:15",5649.71,5658.3,5648.51,5653.96,4.45,+0.08%,0
"2025-05-05 10:00",5646.95,5659.9,5642.25,5649.51,2.2,+0.04%,0
"2025-05-05 09:45",5642.6,5650.52,5635.13,5647.31,4.91,+0.09%,0
"2025-05-05 09:30",5655.32,5655.32,5634.48,5642.4,-44.27,-0.78%,0
"2025-05-02 16:45",5686.67,5686.67,5686.67,5686.67,0,0.00%,0
"2025-05-02 16:15",5686.67,5686.67,5686.67,5686.67,0,0.00%,0
"2025-05-02 16:00",5685.33,5686.68,5685.33,5686.67,0.94,+0.02%,0
"2025-05-02 15:45",5691.85,5692.8,5678.44,5685.73,-6.21,-0.11%,0
"2025-05-02 15:30",5693.79,5695.15,5688.84,5691.94,-1.94,-0.03%,0
"2025-05-02 15:15",5684.25,5696.01,5683.77,5693.88,9.47,+0.17%,0
"2025-05-02 15:00",5688.14,5688.48,5679.88,5684.41,-3.71,-0.07%,0
"2025-05-02 14:45",5697.75,5698.06,5682.99,5688.12,-9.72,-0.17%,0
"2025-05-02 14:30",5694.23,5700.7,5694.23,5697.84,3.62,+0.06%,0
"2025-05-02 14:15",5695.48,5696.29,5692.45,5694.22,-1.22,-0.02%,0
"2025-05-02 14:00",5689.75,5696.53,5689.19,5695.44,5.71,+0.10%,0
"2025-05-02 13:45",5689.11,5693.15,5686.02,5689.73,0.6,+0.01%,0
"2025-05-02 13:30",5685.35,5689.49,5682.96,5689.13,3.76,+0.07%,0
"2025-05-02 13:15",5686.23,5690.13,5681.72,5685.37,-0.79,-0.01%,0
"2025-05-02 13:00",5692.42,5694.8,5684.01,5686.16,-6.26,-0.11%,0
"2025-05-02 12:45",5696.59,5696.67,5690.65,5692.42,-4.22,-0.07%,0
"2025-05-02 12:30",5689.8,5697.78,5689.62,5696.64,6.84,+0.12%,0
"2025-05-02 12:15",5696.15,5696.6,5689.48,5689.8,-6.23,-0.11%,0
"2025-05-02 12:00",5679.91,5696.58,5679.33,5696.03,16.13,+0.28%,0
"2025-05-02 11:45",5676.24,5681.59,5673.57,5679.9,3.73,+0.07%,0
"2025-05-02 11:30",5663.83,5676.55,5661.73,5676.17,12.29,+0.22%,0
"2025-05-02 11:15",5673.86,5678.45,5662.98,5663.88,-10.14,-0.18%,0
"2025-05-02 11:00",5675.44,5677.74,5670.82,5674.02,-1.32,-0.02%,0
"2025-05-02 10:45",5668.62,5675.4,5665.87,5675.34,6.84,+0.12%,0
"2025-05-02 10:30",5680.3,5680.3,5667.09,5668.5,-11.44,-0.20%,0
"2025-05-02 10:15",5669.27,5680.38,5664.72,5679.94,10.65,+0.19%,0
"2025-05-02 10:00",5653.79,5669.82,5650.93,5669.29,15.52,+0.27%,0
"2025-05-02 09:45",5664.26,5667.05,5642.28,5653.77,-10.16,-0.18%,0
"2025-05-02 09:30",5645.88,5671.18,5645.88,5663.93,59.79,+1.07%,0
"2025-05-01 16:30",5604.14,5604.14,5604.14,5604.14,0,0.00%,0
"2025-05-01 16:15",5604.14,5604.14,5604.14,5604.14,0,0.00%,0
"2025-05-01 16:00",5601.8,5604.16,5601.8,5604.14,1.83,+0.03%,0
"2025-05-01 15:45",5631.5,5639.81,5597.35,5602.31,-29.22,-0.52%,0
"2025-05-01 15:30",5637.69,5638.61,5629.08,5631.53,-6.23,-0.11%,0
"2025-05-01 15:15",5633.67,5637.89,5631.4,5637.76,4.06,+0.07%,0
"2025-05-01 15:00",5634.62,5637.1,5627.02,5633.7,-0.91,-0.02%,0
"2025-05-01 14:45",5639.4,5643.62,5634.37,5634.61,-4.9,-0.09%,0
"2025-05-01 14:30",5636.15,5640.19,5635.61,5639.51,3.35,+0.06%,0
"2025-05-01 14:15",5636.89,5640.62,5628.87,5636.16,-0.73,-0.01%,0
"2025-05-01 14:00",5624.12,5637.43,5622.99,5636.89,12.8,+0.23%,0
"2025-05-01 13:45",5620.16,5626.87,5617.56,5624.09,3.69,+0.07%,0
"2025-05-01 13:30",5630.37,5634.23,5618.5,5620.4,-9.87,-0.18%,0
"2025-05-01 13:15",5631.99,5637.26,5627.76,5630.27,-1.72,-0.03%,0
"2025-05-01 13:00",5614.6,5632.63,5614.27,5631.99,17.44,+0.31%,0
"2025-05-01 12:45",5621.34,5621.34,5610.4,5614.55,-6.75,-0.12%,0
"2025-05-01 12:30",5620.93,5627,5616.41,5621.3,0.31,+0.01%,0
"2025-05-01 12:15",5621.59,5623.56,5609.4,5620.99,-0.71,-0.01%,0
"2025-05-01 12:00",5621,5630.09,5617.82,5621.7,0.68,+0.01%,0
"2025-05-01 11:45",5639.01,5639.84,5616.42,5621.02,-18.09,-0.32%,0
"2025-05-01 11:30",5650.54,5651.63,5639.11,5639.11,-11.28,-0.20%,0
"2025-05-01 11:15",5653,5658.91,5650.23,5650.39,-2.65,-0.05%,0
"2025-05-01 11:00",5652.23,5653.47,5645.43,5653.04,0.74,+0.01%,0
"2025-05-01 10:45",5640.82,5652.35,5640.02,5652.3,11.29,+0.20%,0
"2025-05-01 10:30",5639.04,5646.67,5630.65,5641.01,1.89,+0.03%,0
"2025-05-01 10:15",5622.58,5640.27,5622.46,5639.12,16.57,+0.29%,0
"2025-05-01 10:00",5606.76,5629.18,5606.76,5622.55,14.14,+0.25%,0
"2025-05-01 09:45",5620.16,5631.1,5607.2,5608.41,-12.08,-0.21%,0
"2025-05-01 09:30",5625.14,5626.4,5609.35,5620.49,51.43,+0.92%,0
"2025-04-30 17:00",5569.06,5569.06,5569.06,5569.06,0,0.00%,0
"2025-04-30 16:15",5569.06,5569.06,5569.06,5569.06,0,0.00%,0
"2025-04-30 16:00",5564.52,5569.06,5564.52,5569.06,8.9,+0.16%,0
"2025-04-30 15:45",5529.42,5581.84,5529.39,5560.16,30.83,+0.56%,0
"2025-04-30 15:30",5515.72,5529.53,5511.99,5529.33,13.67,+0.25%,0
"2025-04-30 15:15",5525.58,5527.16,5514.38,5515.66,-9.83,-0.18%,0
"2025-04-30 15:00",5513.56,5525.72,5513.56,5525.49,11.82,+0.21%,0
"2025-04-30 14:45",5511.29,5525.63,5511.01,5513.67,2.31,+0.04%,0
"2025-04-30 14:30",5521.75,5527.42,5509.03,5511.36,-10.23,-0.19%,0
"2025-04-30 14:15",5530.32,5536.54,5516.5,5521.59,-8.76,-0.16%,0
"2025-04-30 14:00",5522.14,5546.48,5517.05,5530.35,7.64,+0.14%,0
"2025-04-30 13:45",5526.46,5527.8,5521.21,5522.71,-3.76,-0.07%,0
"2025-04-30 13:30",5517.18,5527.6,5515.56,5526.47,9.27,+0.17%,0
"2025-04-30 13:15",5495.21,5517.65,5495.21,5517.2,22.07,+0.40%,0
"2025-04-30 13:00",5512.35,5514.95,5489.51,5495.13,-17.22,-0.31%,0
"2025-04-30 12:45",5507.77,5514.3,5505.33,5512.35,4.62,+0.08%,0
"2025-04-30 12:30",5498.74,5511.41,5491.91,5507.73,9.01,+0.16%,0
"2025-04-30 12:15",5508.63,5510.78,5496.09,5498.72,-9.85,-0.18%,0
"2025-04-30 12:00",5511.38,5518.99,5508.57,5508.57,-2.89,-0.05%,0
"2025-04-30 11:45",5513.67,5514.2,5504.26,5511.46,-2.23,-0.04%,0
"2025-04-30 11:30",5507.82,5513.72,5505.12,5513.69,5.87,+0.11%,0
"2025-04-30 11:15",5503.94,5513.95,5500.37,5507.82,3.82,+0.07%,0
"2025-04-30 11:00",5486.84,5506.61,5486.64,5504,17.43,+0.32%,0
"2025-04-30 10:45",5486.07,5491.15,5475.09,5486.57,0.45,+0.01%,0
"2025-04-30 10:30",5481,5487.98,5471.31,5486.12,5.06,+0.09%,0
"2025-04-30 10:15",5467.33,5481.43,5462.81,5481.06,13.74,+0.25%,0
"2025-04-30 10:00",5435.66,5467.81,5435.02,5467.32,30.95,+0.57%,0
"2025-04-30 09:45",5453.42,5460.75,5433.24,5436.37,-17.09,-0.31%,0
"2025-04-30 09:30",5499.44,5499.44,5444.64,5453.46,-107.37,-1.93%,0
"2025-04-29 16:45",5560.83,5560.83,5560.83,5560.83,0,0.00%,0
"2025-04-29 16:15",5560.83,5560.83,5560.83,5560.83,0,0.00%,0
"2025-04-29 16:00",5559.95,5560.83,5559.95,5560.83,0.53,+0.01%,0
"2025-04-29 15:45",5559.36,5569.96,5557.58,5560.3,0.75,+0.01%,0
"2025-04-29 15:30",5563.47,5565.41,5556.64,5559.55,-3.9,-0.07%,0
"2025-04-29 15:15",5566.24,5567.42,5561.28,5563.45,-2.88,-0.05%,0
"2025-04-29 15:00",5560.78,5568.81,5560.22,5566.33,5.61,+0.10%,0
"2025-04-29 14:45",5567.89,5567.98,5559.63,5560.72,-7.16,-0.13%,0
"2025-04-29 14:30",5566.21,5569.84,5562.48,5567.88,1.7,+0.03%,0
"2025-04-29 14:15",5564.96,5569.58,5559.62,5566.18,1.31,+0.02%,0
"2025-04-29 14:00",5565.31,5571.95,5562.89,5564.87,-0.34,-0.01%,0
"2025-04-29 13:45",5556.06,5568.26,5554.08,5565.21,9.1,+0.16%,0
"2025-04-29 13:30",5544.05,5556.19,5543.65,5556.11,12.13,+0.22%,0
"2025-04-29 13:15",5533.48,5546.64,5532.71,5543.98,10.55,+0.19%,0
"2025-04-29 13:00",5528.35,5533.48,5526.13,5533.43,5.13,+0.09%,0
"2025-04-29 12:45",5546.64,5546.64,5523.7,5528.3,-18.34,-0.33%,0
"2025-04-29 12:30",5546.56,5549.44,5541.02,5546.64,0.03,0.00%,0
"2025-04-29 12:15",5549.29,5550.05,5542.8,5546.61,-2.48,-0.04%,0
"2025-04-29 12:00",5535.44,5551.56,5535.32,5549.09,13.62,+0.25%,0
"2025-04-29 11:45",5544.38,5545.03,5534.15,5535.47,-8.82,-0.16%,0
"2025-04-29 11:30",5540.26,5544.29,5527.47,5544.29,4.01,+0.07%,0
"2025-04-29 11:15",5540.45,5542.41,5529.07,5540.28,-0.17,0.00%,0
"2025-04-29 11:00",5547.39,5550.21,5537.57,5540.45,-6.93,-0.12%,0
"2025-04-29 10:45",5533.46,5547.96,5532.08,5547.38,14.09,+0.25%,0
"2025-04-29 10:30",5516.46,5537.84,5516.01,5533.29,16.63,+0.30%,0
"2025-04-29 10:15",5536.71,5536.71,5512.57,5516.66,-20.1,-0.36%,0
"2025-04-29 10:00",5524.06,5544.79,5519.62,5536.76,13.13,+0.24%,0
"2025-04-29 09:45",5521.39,5532.76,5521.12,5523.63,2.17,+0.04%,0
"2025-04-29 09:30",5508.87,5521.97,5505.7,5521.46,-7.29,-0.13%,0
"2025-04-28 16:45",5528.75,5528.75,5528.75,5528.75,0,0.00%,0
"2025-04-28 16:15",5528.75,5528.75,5528.75,5528.75,0,0.00%,0
"2025-04-28 16:00",5527.82,5528.75,5527.82,5528.75,0.11,0.00%,0
"2025-04-28 15:45",5525.01,5539.65,5524.85,5528.64,3.67,+0.07%,0
"2025-04-28 15:30",5523.39,5526.62,5517.45,5524.97,1.55,+0.03%,0
"2025-04-28 15:15",5515.7,5525.46,5515.07,5523.42,7.73,+0.14%,0
"2025-04-28 15:00",5504.96,5516.6,5504.54,5515.69,10.68,+0.19%,0
"2025-04-28 14:45",5503.34,5507.61,5501.1,5505.01,1.69,+0.03%,0
"2025-04-28 14:30",5502.8,5505.67,5498.18,5503.32,0.38,+0.01%,0
"2025-04-28 14:15",5494.85,5505.13,5491.82,5502.94,8.14,+0.15%,0
"2025-04-28 14:00",5494.38,5497.93,5491.72,5494.8,0.55,+0.01%,0
"2025-04-28 13:45",5482.06,5495.67,5481.54,5494.25,12.28,+0.22%,0
"2025-04-28 13:30",5471.44,5482.3,5468.64,5481.97,10.49,+0.19%,0
"2025-04-28 13:15",5472.21,5480.22,5469.61,5471.48,-0.81,-0.01%,0
"2025-04-28 13:00",5481.95,5485.47,5472.11,5472.29,-9.66,-0.18%,0
"2025-04-28 12:45",5486.81,5491.51,5477.61,5481.95,-4.76,-0.09%,0
"2025-04-28 12:30",5477.37,5487.83,5477.37,5486.71,9.37,+0.17%,0
"2025-04-28 12:15",5479.35,5486.68,5475.02,5477.34,-1.97,-0.04%,0
"2025-04-28 12:00",5492.25,5493.16,5476.92,5479.31,-12.93,-0.24%,0
"2025-04-28 11:45",5494.39,5500.23,5489.44,5492.24,-2.17,-0.04%,0
"2025-04-28 11:30",5489.22,5502.26,5488.8,5494.41,5.05,+0.09%,0
"2025-04-28 11:15",5516.66,5516.66,5487.99,5489.36,-27.32,-0.50%,0
"2025-04-28 11:00",5523.34,5527.71,5508.85,5516.68,-6.73,-0.12%,0
"2025-04-28 10:45",5532.06,5536.33,5521.92,5523.41,-8.7,-0.16%,0
"2025-04-28 10:30",5527.83,5533.63,5516.48,5532.11,4.09,+0.07%,0
"2025-04-28 10:15",5526.29,5538.65,5525.83,5528.02,1.21,+0.02%,0
"2025-04-28 10:00",5521.47,5530.2,5514.84,5526.81,5.24,+0.09%,0
"2025-04-28 09:45",5549.85,5553.66,5520.34,5521.57,-27.93,-0.50%,0
"2025-04-28 09:30",5529.22,5550.46,5529.22,5549.5,24.29,+0.44%,0
"2025-04-25 16:45",5525.21,5525.21,5525.21,5525.21,0,0.00%,0
"2025-04-25 16:15",5525.21,5525.21,5525.21,5525.21,0,0.00%,0
"2025-04-25 16:00",5524.31,5525.25,5524.31,5525.21,1.69,+0.03%,0
"2025-04-25 15:45",5513.07,5527.1,5508.51,5523.52,10.45,+0.19%,0
"2025-04-25 15:30",5514.41,5515.68,5506.16,5513.07,-1.35,-0.02%,0
"2025-04-25 15:15",5516.89,5522.59,5513.59,5514.42,-2.34,-0.04%,0
"2025-04-25 15:00",5516.32,5523.71,5514.99,5516.76,0.34,+0.01%,0
"2025-04-25 14:45",5523.88,5524.35,5511.85,5516.42,-7.39,-0.13%,0
"2025-04-25 14:30",5515.37,5525.23,5514.63,5523.81,8.46,+0.15%,0
"2025-04-25 14:15",5507.22,5519,5505.99,5515.35,8.11,+0.15%,0
"2025-04-25 14:00",5496.38,5511.2,5493.85,5507.24,10.93,+0.20%,0
"2025-04-25 13:45",5508.7,5509,5486.29,5496.31,-12.27,-0.22%,0
"2025-04-25 13:30",5527.66,5527.83,5503.44,5508.58,-19.13,-0.35%,0
"2025-04-25 13:15",5518.03,5528.11,5515.26,5527.71,9.69,+0.18%,0
"2025-04-25 13:00",5509.44,5518.02,5506.51,5518.02,8.58,+0.16%,0
"2025-04-25 12:45",5508.97,5509.54,5498.49,5509.44,0.55,+0.01%,0
"2025-04-25 12:30",5501.75,5509.08,5500.19,5508.89,7.16,+0.13%,0
"2025-04-25 12:15",5493.66,5502.96,5492.27,5501.73,8.35,+0.15%,0
"2025-04-25 12:00",5488.36,5494.17,5488.01,5493.38,5,+0.09%,0
"2025-04-25 11:45",5477.25,5490.64,5475.56,5488.38,11.09,+0.20%,0
"2025-04-25 11:30",5482.33,5485.79,5475.4,5477.29,-5.16,-0.09%,0
"2025-04-25 11:15",5490.02,5492.27,5480.78,5482.45,-7.58,-0.14%,0
"2025-04-25 11:00",5481.67,5490.71,5477.02,5490.03,8.41,+0.15%,0
"2025-04-25 10:45",5484.93,5486.77,5473.86,5481.62,-3.33,-0.06%,0
"2025-04-25 10:30",5463.84,5485.26,5455.86,5484.95,21.05,+0.39%,0
"2025-04-25 10:15",5494.13,5495.4,5458.04,5463.9,-30.34,-0.55%,0
"2025-04-25 10:00",5466.75,5497.12,5466.75,5494.24,28.02,+0.51%,0
"2025-04-25 09:45",5483.04,5487.3,5465.23,5466.22,-16.81,-0.31%,0
"2025-04-25 09:30",5489.73,5498.47,5475.8,5483.03,-1.74,-0.03%,0
"2025-04-24 16:45",5484.77,5484.77,5484.77,5484.77,0,0.00%,0
"2025-04-24 16:15",5484.77,5484.77,5484.77,5484.77,0,0.00%,0
"2025-04-24 16:00",5483.4,5484.8,5483.4,5484.77,1.18,+0.02%,0
"2025-04-24 15:45",5481,5489.4,5478.62,5483.59,2.68,+0.05%,0
"2025-04-24 15:30",5466.69,5481.95,5465.37,5480.91,14.16,+0.26%,0
"2025-04-24 15:15",5465.44,5476.8,5464.97,5466.75,1.35,+0.02%,0
"2025-04-24 15:00",5478.3,5478.3,5461.13,5465.4,-12.92,-0.24%,0
"2025-04-24 14:45",5480.08,5485.54,5478.32,5478.32,-1.74,-0.03%,0
"2025-04-24 14:30",5472.26,5482.48,5471.8,5480.06,7.81,+0.14%,0
"2025-04-24 14:15",5473.41,5475.65,5468.19,5472.25,-1.12,-0.02%,0
"2025-04-24 14:00",5470.37,5478.91,5469.79,5473.37,2.97,+0.05%,0
"2025-04-24 13:45",5464.4,5472.63,5461.51,5470.4,6.02,+0.11%,0
"2025-04-24 13:30",5467.11,5472.73,5461.71,5464.38,-2.68,-0.05%,0
"2025-04-24 13:15",5468.98,5469.83,5458.49,5467.06,-1.92,-0.04%,0
"2025-04-24 13:00",5471.85,5471.85,5465.22,5468.98,-2.71,-0.05%,0
"2025-04-24 12:45",5466.22,5475.36,5461.47,5471.69,5.51,+0.10%,0
"2025-04-24 12:30",5461.12,5470.43,5460.59,5466.18,5.36,+0.10%,0
"2025-04-24 12:15",5451.47,5465.68,5450.73,5460.82,9.38,+0.17%,0
"2025-04-24 12:00",5444.53,5451.83,5440.76,5451.44,7.14,+0.13%,0
"2025-04-24 11:45",5442.39,5455.57,5440.72,5444.3,1.84,+0.03%,0
"2025-04-24 11:30",5442.85,5449.13,5437.38,5442.46,0.82,+0.02%,0
"2025-04-24 11:15",5453.11,5455.41,5439.38,5441.64,-11.41,-0.21%,0
"2025-04-24 11:00",5442.27,5455.97,5438.16,5453.05,10.78,+0.20%,0
"2025-04-24 10:45",5437.44,5443.96,5429.09,5442.27,5.43,+0.10%,0
"2025-04-24 10:30",5439.91,5450.29,5435.92,5436.84,-3.03,-0.06%,0
"2025-04-24 10:15",5418.19,5439.99,5413.83,5439.87,21.62,+0.40%,0
"2025-04-24 10:00",5413.13,5421.86,5408.76,5418.25,5.42,+0.10%,0
"2025-04-24 09:45",5395.36,5414.31,5395.36,5412.83,17.68,+0.33%,0
"2025-04-24 09:30",5381.38,5396.26,5371.96,5395.15,19.29,+0.36%,0
"2025-04-23 16:45",5375.86,5375.86,5375.86,5375.86,0,0.00%,0
"2025-04-23 16:15",5375.86,5375.86,5375.86,5375.86,0,0.00%,0
"2025-04-23 16:00",5373.58,5375.86,5373.58,5375.86,3.44,+0.06%,0
"2025-04-23 15:45",5363.47,5387.12,5357.86,5372.42,8.82,+0.16%,0
"2025-04-23 15:30",5363.56,5373.69,5356.17,5363.6,-0.18,0.00%,0
"2025-04-23 15:15",5372.37,5373.7,5358.43,5363.78,-8.64,-0.16%,0
"2025-04-23 15:00",5380.8,5386.1,5368.49,5372.42,-8.21,-0.15%,0
"2025-04-23 14:45",5377.57,5389.35,5376.04,5380.63,3.14,+0.06%,0
"2025-04-23 14:30",5382.76,5393.46,5377.49,5377.49,-5.24,-0.10%,0
"2025-04-23 14:15",5397.05,5404.97,5380.9,5382.73,-14.36,-0.27%,0
"2025-04-23 14:00",5400.2,5403.82,5389.08,5397.09,-3.18,-0.06%,0
"2025-04-23 13:45",5391.77,5405.98,5385.16,5400.27,8.53,+0.16%,0
"2025-04-23 13:30",5399.92,5404.68,5381.61,5391.74,-8.16,-0.15%,0
"2025-04-23 13:15",5406.89,5411.38,5399.9,5399.9,-6.89,-0.13%,0
"2025-04-23 13:00",5398.86,5409.2,5382.23,5406.79,7.87,+0.15%,0
"2025-04-23 12:45",5389.54,5402.1,5375.83,5398.92,9.27,+0.17%,0
"2025-04-23 12:30",5379.18,5392.85,5378.64,5389.65,10.38,+0.19%,0
"2025-04-23 12:15",5378.53,5379.33,5357.64,5379.27,0.73,+0.01%,0
"2025-04-23 12:00",5391.53,5392.16,5374.16,5378.54,-12.87,-0.24%,0
"2025-04-23 11:45",5396.09,5399.31,5373.37,5391.41,-4.7,-0.09%,0
"2025-04-23 11:30",5401.78,5410.78,5387.62,5396.11,-5.47,-0.10%,0
"2025-04-23 11:15",5439.79,5439.86,5394.22,5401.58,-38.2,-0.70%,0
"2025-04-23 11:00",5442.6,5450.06,5427.63,5439.78,-2.7,-0.05%,0
"2025-04-23 10:45",5459.99,5464.33,5440.62,5442.48,-17.17,-0.31%,0
"2025-04-23 10:30",5455.42,5468.88,5453.01,5459.65,4.45,+0.08%,0
"2025-04-23 10:15",5448.9,5457.89,5426.01,5455.2,6.21,+0.11%,0
"2025-04-23 10:00",5452.46,5469.69,5434.39,5448.99,-1.11,-0.02%,0
"2025-04-23 09:45",5445.38,5465.94,5436.38,5450.1,3.67,+0.07%,0
"2025-04-23 09:30",5395.92,5460.44,5395.92,5446.43,158.67,+3.00%,0
"2025-04-22 16:45",5287.76,5287.76,5287.76,5287.76,0,0.00%,0
"2025-04-22 16:15",5287.76,5287.76,5287.76,5287.76,0,0.00%,0
"2025-04-22 16:00",5287.33,5287.76,5287.33,5287.76,0.95,+0.02%,0
"2025-04-22 15:45",5278.47,5291.81,5274.07,5286.81,8,+0.15%,0
"2025-04-22 15:30",5263.14,5281.36,5259.1,5278.81,15.49,+0.29%,0
"2025-04-22 15:15",5273.75,5275.66,5259.81,5263.32,-10.36,-0.20%,0
"2025-04-22 15:00",5284.26,5287.17,5272.58,5273.68,-10.7,-0.20%,0
"2025-04-22 14:45",5277.57,5288.27,5277.57,5284.38,6.71,+0.13%,0
"2025-04-22 14:30",5270.05,5279.48,5269.96,5277.67,7.61,+0.14%,0
"2025-04-22 14:15",5260.4,5272.5,5257.17,5270.06,9.64,+0.18%,0
"2025-04-22 14:00",5235.73,5260.42,5235.13,5260.42,24.53,+0.47%,0
"2025-04-22 13:45",5248.87,5249.47,5234.97,5235.89,-12.95,-0.25%,0
"2025-04-22 13:30",5243.38,5254.99,5237.8,5248.84,5.4,+0.10%,0
"2025-04-22 13:15",5273.27,5273.76,5241.42,5243.44,-29.79,-0.56%,0
"2025-04-22 13:00",5292.22,5301.98,5270.83,5273.23,-19.04,-0.36%,0
"2025-04-22 12:45",5298.94,5299.66,5286.48,5292.27,-6.6,-0.12%,0
"2025-04-22 12:30",5304.71,5307.3,5291.18,5298.87,-6.01,-0.11%,0
"2025-04-22 12:15",5297.82,5309.61,5293.74,5304.88,7.12,+0.13%,0
"2025-04-22 12:00",5278.17,5298.19,5278.17,5297.76,19.62,+0.37%,0
"2025-04-22 11:45",5254.95,5280.37,5254.26,5278.14,23.1,+0.44%,0
"2025-04-22 11:30",5266.35,5268.51,5254.46,5255.04,-11.27,-0.21%,0
"2025-04-22 11:15",5271.66,5274.09,5266.18,5266.31,-5.32,-0.10%,0
"2025-04-22 11:00",5262.87,5271.83,5262.58,5271.63,8.73,+0.17%,0
"2025-04-22 10:45",5255.39,5264.84,5250.39,5262.9,7.54,+0.14%,0
"2025-04-22 10:30",5246.56,5255.36,5239.84,5255.36,8.85,+0.17%,0
"2025-04-22 10:15",5244.5,5250.27,5237.91,5246.51,1.98,+0.04%,0
"2025-04-22 10:00",5236.06,5250.29,5235.39,5244.53,8.64,+0.17%,0
"2025-04-22 09:45",5230.41,5239.24,5225.12,5235.89,5.26,+0.10%,0
"2025-04-22 09:30",5207.67,5230.83,5207.67,5230.63,72.43,+1.40%,0
"2025-04-21 17:00",5158.2,5158.2,5158.2,5158.2,0,0.00%,0
"2025-04-21 16:15",5158.2,5158.2,5158.2,5158.2,0,0.00%,0
"2025-04-21 16:00",5157.24,5158.21,5157.24,5158.2,0.39,+0.01%,0
"2025-04-21 15:45",5138.63,5164.57,5133.81,5157.81,19.11,+0.37%,0
"2025-04-21 15:30",5119.65,5140.77,5119.65,5138.7,18.99,+0.37%,0
"2025-04-21 15:15",5116.8,5127.35,5115.7,5119.71,2.87,+0.06%,0
"2025-04-21 15:00",5104.5,5120,5104.24,5116.84,12.38,+0.24%,0
"2025-04-21 14:45",5110.51,5112.42,5103.53,5104.46,-6.,-0.12%,0
"2025-04-21 14:30",5115.04,5121.68,5110.13,5110.46,-4.75,-0.09%,0
"2025-04-21 14:15",5106.27,5115.21,5105.52,5115.21,9.13,+0.18%,0
"2025-04-21 14:00",5105.57,5108.11,5101.63,5106.08,0.51,+0.01%,0
"2025-04-21 13:45",5113.59,5114.48,5104.34,5105.57,-7.99,-0.16%,0
"2025-04-21 13:30",5115.54,5121.12,5110.51,5113.56,-2.01,-0.04%,0
"2025-04-21 13:15",5114.11,5123.42,5112.18,5115.57,1.69,+0.03%,0
"2025-04-21 13:00",5128.52,5132.75,5113.12,5113.88,-14.64,-0.29%,0
"2025-04-21 12:45",5145.55,5147.19,5127.86,5128.52,-17.1,-0.33%,0
"2025-04-21 12:30",5132.44,5148.14,5132.35,5145.62,13.2,+0.26%,0
"2025-04-21 12:15",5137.5,5137.5,5130.42,5132.42,-5.09,-0.10%,0
"2025-04-21 12:00",5126.4,5137.98,5126.39,5137.51,11.1,+0.22%,0
"2025-04-21 11:45",5134.72,5135.09,5124.87,5126.41,-8.26,-0.16%,0
"2025-04-21 11:30",5147.44,5148.2,5134.2,5134.67,-12.7,-0.25%,0
"2025-04-21 11:15",5154.31,5159.03,5145.02,5147.37,-6.76,-0.13%,0
"2025-04-21 11:00",5162.22,5166.37,5154,5154.13,-8.13,-0.16%,0
"2025-04-21 10:45",5170.63,5175.44,5160.74,5162.26,-8.43,-0.16%,0
"2025-04-21 10:30",5171.96,5184.14,5167.72,5170.69,-1.09,-0.02%,0
"2025-04-21 10:15",5182.83,5184.16,5168.77,5171.78,-10.84,-0.21%,0
"2025-04-21 10:00",5191.47,5191.47,5179.07,5182.62,-9.31,-0.18%,0
"2025-04-21 09:45",5211.75,5214.87,5191.93,5191.93,-19.88,-0.38%,0
"2025-04-21 09:30",5232.94,5232.94,5207.15,5211.81,-70.89,-1.34%,0
"2025-04-17 16:45",5282.7,5282.7,5282.7,5282.7,0,0.00%,0
"2025-04-17 16:15",5282.7,5282.7,5282.7,5282.7,0,0.00%,0
"2025-04-17 16:00",5282.01,5282.7,5282.01,5282.7,-0.8,-0.02%,0
"2025-04-17 15:45",5295.08,5296.23,5274.28,5283.5,-11.69,-0.22%,0
"2025-04-17 15:30",5289.76,5301.39,5288.74,5295.19,5.38,+0.10%,0
"2025-04-17 15:15",5290.08,5297.84,5283.57,5289.81,-0.37,-0.01%,0
"2025-04-17 15:00",5302.78,5304.42,5287.43,5290.18,-12.69,-0.24%,0
"2025-04-17 14:45",5320.42,5324.39,5302.83,5302.87,-17.57,-0.33%,0
"2025-04-17 14:30",5317.27,5325.87,5317.27,5320.44,3.14,+0.06%,0
"2025-04-17 14:15",5317.31,5328.31,5315.84,5317.3,0.12,0.00%,0
"2025-04-17 14:00",5312.52,5325.9,5311.32,5317.18,4.64,+0.09%,0
"2025-04-17 13:45",5301.64,5319.75,5301.33,5312.54,10.86,+0.20%,0
"2025-04-17 13:30",5293.68,5307.23,5293.68,5301.68,8.04,+0.15%,0
"2025-04-17 13:15",5305.12,5306.49,5293.59,5293.64,-11.36,-0.21%,0
"2025-04-17 13:00",5316,5319.5,5304.36,5305,-11.07,-0.21%,0
"2025-04-17 12:45",5297.85,5319.93,5295.75,5316.07,18.24,+0.34%,0
"2025-04-17 12:30",5311.9,5319.14,5296.42,5297.83,-14.01,-0.26%,0
"2025-04-17 12:15",5295.33,5314.8,5291.01,5311.84,17.17,+0.32%,0
"2025-04-17 12:00",5284.34,5304.07,5280.22,5294.67,10.37,+0.20%,0
"2025-04-17 11:45",5288.11,5296.61,5283.11,5284.3,-3.78,-0.07%,0
"2025-04-17 11:30",5283.85,5301.32,5283.74,5288.08,4.42,+0.08%,0
"2025-04-17 11:15",5299.21,5304.37,5281.95,5283.66,-15.4,-0.29%,0
"2025-04-17 11:00",5267.18,5299.06,5267.05,5299.06,31.85,+0.60%,0
"2025-04-17 10:45",5274.41,5278.7,5267.1,5267.21,-7.2,-0.14%,0
"2025-04-17 10:30",5268.94,5274.98,5255.58,5274.41,5.55,+0.11%,0
"2025-04-17 10:15",5290.33,5292.54,5268.52,5268.86,-21.35,-0.40%,0
"2025-04-17 10:00",5302.8,5307.54,5287.26,5290.21,-12.24,-0.23%,0
"2025-04-17 09:45",5291.93,5308.26,5283.5,5302.45,10.2,+0.19%,0
"2025-04-17 09:30",5305.45,5305.45,5281.06,5292.25,16.55,+0.31%,0
"2025-04-16 16:45",5275.7,5275.7,5275.7,5275.7,0,0.00%,0
"2025-04-16 16:15",5275.7,5275.7,5275.7,5275.7,0,0.00%,0
"2025-04-16 16:00",5275.79,5275.79,5275.55,5275.7,-0.56,-0.01%,0
"2025-04-16 15:45",5242.17,5279.04,5239.27,5276.26,34.07,+0.65%,0
"2025-04-16 15:30",5223.64,5246.95,5223.64,5242.19,18.52,+0.35%,0
"2025-04-16 15:15",5237.67,5240.29,5220.79,5223.67,-14.23,-0.27%,0
"2025-04-16 15:00",5245.11,5249.53,5226.5,5237.9,-7.21,-0.14%,0
"2025-04-16 14:45",5256.32,5259.41,5245.08,5245.11,-11.32,-0.22%,0
"2025-04-16 14:30",5277.88,5278.64,5254.45,5256.43,-21.46,-0.41%,0
"2025-04-16 14:15",5277.15,5284.61,5264.99,5277.89,0.85,+0.02%,0
"2025-04-16 14:00",5258.59,5279.29,5258.59,5277.04,18.47,+0.35%,0
"2025-04-16 13:45",5290.45,5290.45,5257.92,5258.57,-31.91,-0.60%,0
"2025-04-16 13:30",5332.96,5333.38,5286.13,5290.48,-42.43,-0.80%,0
"2025-04-16 13:15",5323.51,5334.19,5323.37,5332.91,9.43,+0.18%,0
"2025-04-16 13:00",5326.61,5329.58,5320.14,5323.48,-3.07,-0.06%,0
"2025-04-16 12:45",5332.71,5332.85,5324.95,5326.55,-6.15,-0.12%,0
"2025-04-16 12:30",5332.25,5337.91,5323.23,5332.7,0.44,+0.01%,0
"2025-04-16 12:15",5332.98,5335.63,5327.59,5332.26,-0.72,-0.01%,0
"2025-04-16 12:00",5334.44,5335.74,5326.04,5332.98,-1.35,-0.03%,0
"2025-04-16 11:45",5350.15,5351.52,5332.4,5334.33,-15.81,-0.30%,0
"2025-04-16 11:30",5363.75,5364.3,5349.38,5350.14,-13.61,-0.25%,0
"2025-04-16 11:15",5344.84,5367.24,5337.45,5363.75,18.93,+0.35%,0
"2025-04-16 11:00",5340.38,5348.04,5335.09,5344.82,4.41,+0.08%,0
"2025-04-16 10:45",5344.67,5344.67,5333.52,5340.41,-4.32,-0.08%,0
"2025-04-16 10:30",5335.44,5346.27,5331.65,5344.73,9.25,+0.17%,0
"2025-04-16 10:15",5319.96,5338.85,5317.85,5335.48,15.25,+0.29%,0
"2025-04-16 10:00",5316.23,5332.53,5314.5,5320.23,3.37,+0.06%,0
"2025-04-16 09:45",5343.87,5343.87,5316.86,5316.86,-27.01,-0.51%,0
"2025-04-16 09:30",5335.75,5355.19,5331.99,5343.87,-52.76,-0.98%,0
"2025-04-15 16:30",5396.63,5396.63,5396.63,5396.63,0,0.00%,0
"2025-04-15 16:15",5396.63,5396.63,5396.63,5396.63,0,0.00%,0
"2025-04-15 16:00",5396.1,5396.63,5396.1,5396.63,-0.07,0.00%,0
"2025-04-15 15:45",5399.67,5404.94,5389.94,5396.7,-3.04,-0.06%,0
"2025-04-15 15:30",5401.36,5404.25,5396.69,5399.74,-1.64,-0.03%,0
"2025-04-15 15:15",5407.7,5410.33,5396.22,5401.38,-6.35,-0.12%,0
"2025-04-15 15:00",5404.81,5409.07,5398.92,5407.73,2.88,+0.05%,0
"2025-04-15 14:45",5404.2,5409.09,5398.41,5404.85,0.58,+0.01%,0
"2025-04-15 14:30",5392.49,5404.27,5392.05,5404.27,11.79,+0.22%,0
"2025-04-15 14:15",5391.18,5397.53,5386.44,5392.48,1.53,+0.03%,0
"2025-04-15 14:00",5401.32,5404.61,5389.45,5390.95,-10.35,-0.19%,0
"2025-04-15 13:45",5406.76,5407.87,5392.79,5401.3,-5.47,-0.10%,0
"2025-04-15 13:30",5395.68,5409.51,5395.23,5406.77,11.01,+0.20%,0
"2025-04-15 13:15",5411.58,5411.6,5392.59,5395.76,-15.8,-0.29%,0
"2025-04-15 13:00",5407.81,5416.21,5403.18,5411.56,3.57,+0.07%,0
"2025-04-15 12:45",5424.8,5428.67,5403.13,5407.99,-16.91,-0.31%,0
"2025-04-15 12:30",5428.09,5431.66,5417.92,5424.9,-3.19,-0.06%,0
"2025-04-15 12:15",5426.4,5433.45,5422.37,5428.09,1.69,+0.03%,0
"2025-04-15 12:00",5427.59,5433.13,5423.54,5426.4,-1.11,-0.02%,0
"2025-04-15 11:45",5421.7,5429.5,5413.19,5427.51,5.76,+0.11%,0
"2025-04-15 11:30",5420.1,5432,5416.24,5421.75,1.79,+0.03%,0
"2025-04-15 11:15",5432.5,5437.31,5419.96,5419.96,-12.67,-0.23%,0
"2025-04-15 11:00",5424.15,5433.52,5423.16,5432.63,8.59,+0.16%,0
"2025-04-15 10:45",5434.31,5434.84,5412.25,5424.04,-10.24,-0.19%,0
"2025-04-15 10:30",5412.59,5435.25,5412.34,5434.28,21.59,+0.40%,0
"2025-04-15 10:15",5436.72,5442.91,5401.57,5412.69,-24.39,-0.45%,0
"2025-04-15 10:00",5433.57,5450.41,5431.41,5437.08,3.17,+0.06%,0
"2025-04-15 09:45",5434.64,5446.75,5429.06,5433.91,-0.74,-0.01%,0
"2025-04-15 09:30",5411.99,5439.24,5411.06,5434.65,28.68,+0.53%,0
"2025-04-14 16:45",5405.97,5405.97,5405.97,5405.97,0,0.00%,0
"2025-04-14 16:15",5405.97,5405.97,5405.97,5405.97,0,0.00%,0
"2025-04-14 16:00",5406.76,5406.76,5405.97,5405.97,0.41,+0.01%,0
"2025-04-14 15:45",5435.21,5436.07,5402.15,5405.56,-29.75,-0.55%,0
"2025-04-14 15:30",5431.89,5439.56,5425.97,5435.31,3.41,+0.06%,0
"2025-04-14 15:15",5442.31,5442.31,5429.46,5431.9,-10.73,-0.20%,0
"2025-04-14 15:00",5425.4,5443.7,5425.05,5442.63,17.23,+0.32%,0
"2025-04-14 14:45",5430.6,5430.63,5423.3,5425.4,-5.14,-0.09%,0
"2025-04-14 14:30",5421.63,5430.96,5419.65,5430.54,8.64,+0.16%,0
"2025-04-14 14:15",5411.46,5422.78,5409.01,5421.9,10.52,+0.19%,0
"2025-04-14 14:00",5408.1,5416.04,5407.07,5411.38,3.29,+0.06%,0
"2025-04-14 13:45",5389.39,5411.4,5385.37,5408.09,18.65,+0.35%,0
"2025-04-14 13:30",5391.87,5399.33,5384.11,5389.44,-2.98,-0.06%,0
"2025-04-14 13:15",5385.39,5402.88,5379.58,5392.42,7.09,+0.13%,0
"2025-04-14 13:00",5373.69,5408.08,5372.36,5385.33,11.59,+0.22%,0
"2025-04-14 12:45",5392.84,5395.87,5372.48,5373.74,-19.11,-0.35%,0
"2025-04-14 12:30",5376.82,5395.52,5373.34,5392.85,15.94,+0.30%,0
"2025-04-14 12:15",5372.84,5395.14,5370.91,5376.91,4.01,+0.07%,0
"2025-04-14 12:00",5375.8,5385.27,5358.02,5372.9,-3.08,-0.06%,0
"2025-04-14 11:45",5400.06,5400.06,5370.34,5375.98,-24.18,-0.45%,0
"2025-04-14 11:30",5403.54,5416.34,5387.63,5400.16,-3.31,-0.06%,0
"2025-04-14 11:15",5424.63,5429.83,5403.1,5403.47,-21.04,-0.39%,0
"2025-04-14 11:00",5443.28,5448,5423.39,5424.51,-18.71,-0.34%,0
"2025-04-14 10:45",5442.46,5456.2,5438.67,5443.22,1.01,+0.02%,0
"2025-04-14 10:30",5438.92,5447.81,5434.81,5442.21,3.76,+0.07%,0
"2025-04-14 10:15",5433.41,5441.68,5418.03,5438.45,5.32,+0.10%,0
"2025-04-14 10:00",5424,5453.13,5420.06,5433.13,8.98,+0.17%,0
"2025-04-14 09:45",5425.25,5436.68,5411.79,5424.15,-1.01,-0.02%,0
"2025-04-14 09:30",5441.96,5459.46,5411.61,5425.16,61.8,+1.15%,0
"2025-04-11 16:45",5363.36,5363.36,5363.36,5363.36,0,0.00%,0
"2025-04-11 16:15",5363.36,5363.36,5363.36,5363.36,0,0.00%,0
"2025-04-11 16:00",5361.11,5363.36,5361.11,5363.36,2.16,+0.04%,0
"2025-04-11 15:45",5367.68,5371.49,5357.59,5361.2,-6.66,-0.12%,0
"2025-04-11 15:30",5365.18,5369.03,5353.94,5367.86,2.56,+0.05%,0
"2025-04-11 15:15",5368.41,5373.71,5355.31,5365.3,-3.06,-0.06%,0
"2025-04-11 15:00",5340.01,5370.31,5339.91,5368.36,28.28,+0.53%,0
"2025-04-11 14:45",5354.72,5362.24,5339.24,5340.08,-14.42,-0.27%,0
"2025-04-11 14:30",5348.83,5358.49,5343.21,5354.5,5.29,+0.10%,0
"2025-04-11 14:15",5353.89,5357.86,5335.06,5349.21,-4.67,-0.09%,0
"2025-04-11 14:00",5364.18,5367.32,5346.83,5353.88,-10.5,-0.20%,0
"2025-04-11 13:45",5372.53,5381.46,5352.32,5364.38,-8.1,-0.15%,0
"2025-04-11 13:30",5315.94,5377.12,5307.66,5372.48,56.82,+1.07%,0
"2025-04-11 13:15",5331.84,5337.06,5314.03,5315.66,-15.84,-0.30%,0
"2025-04-11 13:00",5335.48,5347.5,5325.59,5331.5,-4.3,-0.08%,0
"2025-04-11 12:45",5337.14,5344.94,5329.58,5335.8,-1.4,-0.03%,0
"2025-04-11 12:30",5291.49,5339.1,5291.49,5337.2,45.84,+0.87%,0
"2025-04-11 12:15",5296.29,5303.34,5283.06,5291.36,-4.91,-0.09%,0
"2025-04-11 12:00",5285.94,5301.35,5279.82,5296.27,10.7,+0.20%,0
"2025-04-11 11:45",5270.29,5287.4,5266.59,5285.57,15.51,+0.29%,0
"2025-04-11 11:30",5248.05,5276.84,5242.74,5270.06,21.7,+0.41%,0
"2025-04-11 11:15",5237.13,5251.57,5227.83,5248.36,11.08,+0.21%,0
"2025-04-11 11:00",5250.24,5291.95,5236.69,5237.28,-13.2,-0.25%,0
"2025-04-11 10:45",5271,5283.8,5249.64,5250.48,-20.97,-0.40%,0
"2025-04-11 10:30",5224.9,5271.45,5220.77,5271.45,46.31,+0.89%,0
"2025-04-11 10:15",5280.47,5291.81,5221.6,5225.14,-56.03,-1.06%,0
"2025-04-11 10:00",5282.9,5300.03,5253.33,5281.17,-2.68,-0.05%,0
"2025-04-11 09:45",5272.97,5304.94,5272.46,5283.85,10.92,+0.21%,0
"2025-04-11 09:30",5255.56,5277.1,5230.55,5272.93,4.88,+0.09%,0
"2025-04-10 16:45",5268.05,5268.05,5268.05,5268.05,0,0.00%,0
"2025-04-10 16:15",5268.05,5268.05,5268.05,5268.05,0,0.00%,0
"2025-04-10 16:00",5267.11,5268.05,5266.98,5268.05,-0.13,0.00%,0
"2025-04-10 15:45",5205.12,5281.84,5201.53,5268.18,64.18,+1.23%,0
"2025-04-10 15:30",5243.74,5272.64,5201.2,5204,-40.19,-0.77%,0
"2025-04-10 15:15",5270.03,5302.67,5244.12,5244.19,-25.27,-0.48%,0
"2025-04-10 15:00",5279.4,5310.41,5257.99,5269.46,-10.3,-0.20%,0
"2025-04-10 14:45",5311.41,5311.57,5255.36,5279.76,-31.49,-0.59%,0
"2025-04-10 14:30",5301.06,5313.26,5275.83,5311.25,10.33,+0.19%,0
"2025-04-10 14:15",5227.1,5303.37,5222.87,5300.92,73.65,+1.41%,0
"2025-04-10 14:00",5260.94,5293.64,5225.07,5227.27,-33.42,-0.64%,0
"2025-04-10 13:45",5243.6,5271.58,5230.6,5260.69,16.8,+0.32%,0
"2025-04-10 13:30",5210.08,5244.12,5202.25,5243.89,33.96,+0.65%,0
"2025-04-10 13:15",5162.83,5211.93,5148.3,5209.93,50.53,+0.98%,0
"2025-04-10 13:00",5213.89,5262.05,5154.38,5159.4,-54.67,-1.05%,0
"2025-04-10 12:45",5195.65,5220.67,5173.26,5214.07,18.18,+0.35%,0
"2025-04-10 12:30",5136.55,5203.69,5134.87,5195.89,59.55,+1.16%,0
"2025-04-10 12:15",5179.88,5179.92,5115.27,5136.34,-43.66,-0.84%,0
"2025-04-10 12:00",5203.84,5216.8,5176.09,5180,-23.98,-0.46%,0
"2025-04-10 11:45",5234.51,5243.63,5198.31,5203.98,-30.62,-0.58%,0
"2025-04-10 11:30",5255.4,5259.46,5232.97,5234.6,-20.78,-0.40%,0
"2025-04-10 11:15",5282.37,5284.06,5255.11,5255.38,-26.99,-0.51%,0
"2025-04-10 11:00",5280.44,5303.38,5278.31,5282.37,1.6,+0.03%,0
"2025-04-10 10:45",5317.14,5319.31,5279.03,5280.77,-36.6,-0.69%,0
"2025-04-10 10:30",5299.36,5335.7,5299.36,5317.37,16.02,+0.30%,0
"2025-04-10 10:15",5294.17,5322.98,5289.74,5301.35,7.26,+0.14%,0
"2025-04-10 10:00",5308.53,5316.86,5282.72,5294.09,-14.25,-0.27%,0
"2025-04-10 09:45",5317.12,5349.06,5308.34,5308.34,-7.47,-0.14%,0
"2025-04-10 09:30",5353.15,5353.15,5303.35,5315.81,-141.09,-2.59%,0
"2025-04-09 16:45",5456.9,5456.9,5456.9,5456.9,0,0.00%,0
"2025-04-09 16:15",5456.9,5456.9,5456.9,5456.9,0,0.00%,0
"2025-04-09 16:00",5453.35,5456.9,5453.35,5456.9,5.29,+0.10%,0
"2025-04-09 15:45",5436.03,5481.34,5423.64,5451.61,15.72,+0.29%,0
"2025-04-09 15:30",5423.78,5451.96,5415.56,5435.89,12.07,+0.22%,0
"2025-04-09 15:15",5393.81,5435.81,5379,5423.82,29.89,+0.55%,0
"2025-04-09 15:00",5327.73,5395.73,5315.5,5393.93,65.48,+1.23%,0
"2025-04-09 14:45",5349,5379.54,5324.19,5328.45,-16.29,-0.30%,0
"2025-04-09 14:30",5402.47,5417.45,5344.74,5344.74,-59.23,-1.10%,0
"2025-04-09 14:15",5364.21,5415.31,5351.84,5403.97,39.92,+0.74%,0
"2025-04-09 14:00",5367.93,5396.38,5333.23,5364.05,-3.8,-0.07%,0
"2025-04-09 13:45",5277.08,5372.72,5277.08,5367.85,90.88,+1.72%,0
"2025-04-09 13:30",5256.84,5381.55,5252.27,5276.97,20.65,+0.39%,0
"2025-04-09 13:15",5040.86,5351.17,5000.78,5256.32,216.03,+4.29%,0
"2025-04-09 13:00",5029.87,5073.42,5029.25,5040.29,10.24,+0.20%,0
"2025-04-09 12:45",5015.29,5042.69,5010.43,5030.05,14.52,+0.29%,0
"2025-04-09 12:30",5010.28,5023.69,5006.04,5015.53,5.84,+0.12%,0
"2025-04-09 12:15",5016.71,5021.76,5009.07,5009.69,-6.95,-0.14%,0
"2025-04-09 12:00",4977.5,5020.11,4966.58,5016.64,39,+0.78%,0
"2025-04-09 11:45",4969.91,5006.35,4969.91,4977.64,7.75,+0.16%,0
"2025-04-09 11:30",4999.98,5011.85,4967.03,4969.89,-30.23,-0.60%,0
"2025-04-09 11:15",4983.28,5013.72,4983.28,5000.12,16.88,+0.34%,0
"2025-04-09 11:00",4949.68,4994.16,4948.43,4983.24,33.39,+0.67%,0
"2025-04-09 10:45",4995,5014.72,4949.53,4949.85,-45.18,-0.90%,0
"2025-04-09 10:30",5007.9,5032.66,4993.8,4995.03,-12.85,-0.26%,0
"2025-04-09 10:15",4990.47,5019.49,4986.5,5007.88,17.83,+0.36%,0
"2025-04-09 10:00",5015.69,5052.01,4986.09,4990.05,-29.68,-0.59%,0
"2025-04-09 09:45",4992.45,5029.64,4975.34,5019.73,27.61,+0.55%,0
"2025-04-09 09:30",4965.28,5036.02,4956,4992.12,9.35,+0.19%,0
"2025-04-08 16:30",4982.77,4982.77,4982.77,4982.77,0,0.00%,0
"2025-04-08 16:15",4982.77,4982.77,4982.77,4982.77,0,0.00%,0
"2025-04-08 16:00",4986.4,4986.4,4982.73,4982.77,-2.9,-0.06%,0
"2025-04-08 15:45",4924.28,4990.56,4910.42,4985.67,61.27,+1.24%,0
"2025-04-08 15:30",4993.35,4993.35,4924.16,4924.4,-68.81,-1.38%,0
"2025-04-08 15:15",4982.72,5002.79,4962.32,4993.21,10.98,+0.22%,0
"2025-04-08 15:00",5035.47,5038.08,4982.13,4982.23,-53.41,-1.06%,0
"2025-04-08 14:45",5033.81,5058.46,5033.81,5035.64,1.79,+0.04%,0
"2025-04-08 14:30",5042.14,5092.6,5033.32,5033.85,-7.92,-0.16%,0
"2025-04-08 14:15",5052.2,5077.85,5040.63,5041.77,-10.41,-0.21%,0
"2025-04-08 14:00",5085.52,5088.19,5049.25,5052.18,-33.29,-0.65%,0
"2025-04-08 13:45",5096.08,5096.08,5064.57,5085.47,-10.66,-0.21%,0
"2025-04-08 13:30",5042.58,5107.21,5039.61,5096.13,53.52,+1.06%,0
"2025-04-08 13:15",5069.29,5083.72,5042,5042.61,-26.95,-0.53%,0
"2025-04-08 13:00",5089.73,5101.55,5054.48,5069.56,-20.13,-0.40%,0
"2025-04-08 12:45",5104.5,5129.54,5089.55,5089.69,-14.9,-0.29%,0
"2025-04-08 12:30",5157.18,5163.31,5095.73,5104.59,-52.45,-1.02%,0
"2025-04-08 12:15",5172.79,5173.37,5136.95,5157.04,-16.23,-0.31%,0
"2025-04-08 12:00",5185.93,5190.59,5173.02,5173.27,-12.58,-0.24%,0
"2025-04-08 11:45",5192.62,5198.98,5162.28,5185.85,-6.53,-0.13%,0
"2025-04-08 11:30",5161.19,5203.27,5159.82,5192.38,31.23,+0.61%,0
"2025-04-08 11:15",5177.67,5188.2,5161.15,5161.15,-16.52,-0.32%,0
"2025-04-08 11:00",5197.45,5210.21,5174.87,5177.67,-20.29,-0.39%,0
"2025-04-08 10:45",5234.6,5240.96,5197.96,5197.96,-36.62,-0.70%,0
"2025-04-08 10:30",5253.01,5259.77,5234.39,5234.58,-19.28,-0.37%,0
"2025-04-08 10:15",5256.51,5267.47,5247.91,5253.86,-2.61,-0.05%,0
"2025-04-08 10:00",5243.92,5261.69,5240.44,5256.47,11.85,+0.23%,0
"2025-04-08 09:45",5216.67,5249.89,5206.35,5244.62,27.28,+0.52%,0
"2025-04-08 09:30",5193.57,5234.77,5193.57,5217.34,155.09,+3.06%,0
"2025-04-07 16:45",5062.25,5062.25,5062.25,5062.25,0,0.00%,0
"2025-04-07 16:15",5062.25,5062.25,5062.25,5062.25,0,0.00%,0
"2025-04-07 16:00",5062.58,5062.58,5061.89,5062.25,2.39,+0.05%,0
"2025-04-07 15:45",5033.54,5068.29,5026.9,5059.86,26.13,+0.52%,0
"2025-04-07 15:30",5024.4,5083.78,5024.4,5033.73,9.27,+0.18%,0
"2025-04-07 15:15",5035.83,5059.42,5020.45,5024.46,-11.18,-0.22%,0
"2025-04-07 15:00",5049.56,5078.63,5027.95,5035.64,-13.73,-0.27%,0
"2025-04-07 14:45",5084.28,5093.36,5041.68,5049.37,-34.68,-0.68%,0
"2025-04-07 14:30",5068.26,5099.97,5067.32,5084.05,15.86,+0.31%,0
"2025-04-07 14:15",5080.47,5120.57,5065.92,5068.19,-12.51,-0.25%,0
"2025-04-07 14:00",5108.53,5117.16,5071.67,5080.7,-28.24,-0.55%,0
"2025-04-07 13:45",5086.89,5109.95,5066.9,5108.94,22.98,+0.45%,0
"2025-04-07 13:30",5073.85,5088.41,5041.61,5085.96,12.03,+0.24%,0
"2025-04-07 13:15",5032.33,5075.23,5024.63,5073.93,41.69,+0.83%,0
"2025-04-07 13:00",4975.06,5046.32,4975.06,5032.24,56.79,+1.14%,0
"2025-04-07 12:45",4996.21,4996.21,4967,4975.45,-20.71,-0.41%,0
"2025-04-07 12:30",5012.99,5033.64,4987.92,4996.16,-16.94,-0.34%,0
"2025-04-07 12:15",4989.31,5019.72,4969.35,5013.1,23.69,+0.47%,0
"2025-04-07 12:00",5013.2,5013.2,4971.81,4989.41,-24.35,-0.49%,0
"2025-04-07 11:45",5052.8,5053.5,5013.76,5013.76,-40.34,-0.80%,0
"2025-04-07 11:30",4955.64,5055.71,4955.64,5054.1,97.84,+1.97%,0
"2025-04-07 11:15",4982.76,5020.85,4950.87,4956.26,-25.48,-0.51%,0
"2025-04-07 11:00",5077.16,5114.71,4975.53,4981.74,-96.96,-1.91%,0
"2025-04-07 10:45",5017.25,5103.09,4992.93,5078.7,60.99,+1.22%,0
"2025-04-07 10:30",5000.91,5073.73,4956.07,5017.71,12.75,+0.25%,0
"2025-04-07 10:15",5155.12,5246.57,4994.8,5004.96,-148.18,-2.88%,0
"2025-04-07 10:00",4974.35,5185.67,4951.86,5153.14,176.57,+3.55%,0
"2025-04-07 09:45",4853.32,4980.88,4843.13,4976.57,123.7,+2.55%,0
"2025-04-07 09:30",4953.79,4953.79,4835.04,4852.87,-221.21,-4.36%,0
"2025-04-04 16:30",5074.08,5074.08,5074.08,5074.08,0,0.00%,0
"2025-04-04 16:15",5074.08,5074.08,5074.08,5074.08,0,0.00%,0
"2025-04-04 16:00",5073.28,5074.13,5073.28,5074.08,-1.16,-0.02%,0
"2025-04-04 15:45",5140.17,5149.1,5069.9,5075.24,-64.75,-1.26%,0
"2025-04-04 15:30",5123.62,5156.56,5118.99,5139.99,16.75,+0.33%,0
"2025-04-04 15:15",5119.96,5137.26,5096.51,5123.24,3.38,+0.07%,0
"2025-04-04 15:00",5095.94,5123.19,5083.11,5119.86,23.81,+0.47%,0
"2025-04-04 14:45",5076.56,5107.19,5075.51,5096.05,19.42,+0.38%,0
"2025-04-04 14:30",5106.52,5110.16,5074.49,5076.63,-30.59,-0.60%,0
"2025-04-04 14:15",5134.34,5134.34,5104.81,5107.22,-27.08,-0.53%,0
"2025-04-04 14:00",5163.25,5174.93,5134.03,5134.3,-28.85,-0.56%,0
"2025-04-04 13:45",5145.94,5164.08,5142.51,5163.15,17.21,+0.33%,0
"2025-04-04 13:30",5129.94,5157.93,5116.4,5145.94,15.96,+0.31%,0
"2025-04-04 13:15",5115.06,5136.75,5101.75,5129.98,14.82,+0.29%,0
"2025-04-04 13:00",5139.49,5152.91,5113.41,5115.16,-24.83,-0.48%,0
"2025-04-04 12:45",5140.15,5148.19,5131.37,5139.99,-0.38,-0.01%,0
"2025-04-04 12:30",5141.87,5161.4,5129.05,5140.37,-1.43,-0.03%,0
"2025-04-04 12:15",5184.21,5187.99,5137.98,5141.8,-42.35,-0.82%,0
"2025-04-04 12:00",5167.7,5191.1,5166.82,5184.15,16.52,+0.32%,0
"2025-04-04 11:45",5178.15,5200.91,5167.06,5167.63,-10.95,-0.21%,0
"2025-04-04 11:30",5182.64,5195.94,5160.59,5178.58,-4.35,-0.08%,0
"2025-04-04 11:15",5228,5243.5,5182.68,5182.93,-44.74,-0.86%,0
"2025-04-04 11:00",5172.7,5237.01,5167.25,5227.67,54.59,+1.06%,0
"2025-04-04 10:45",5164.36,5181.22,5118.78,5173.08,8.04,+0.16%,0
"2025-04-04 10:30",5180.88,5192.18,5163.19,5165.04,-15.61,-0.30%,0
"2025-04-04 10:15",5201.58,5211.72,5180.4,5180.65,-21.1,-0.41%,0
"2025-04-04 10:00",5249.71,5249.71,5198.38,5201.75,-49.76,-0.95%,0
"2025-04-04 09:45",5219.07,5261.85,5213.63,5251.51,32.83,+0.63%,0
"2025-04-04 09:30",5292.14,5292.14,5208.55,5218.68,-177.84,-3.30%,0
"2025-04-03 17:15",5396.52,5396.52,5396.52,5396.52,0,0.00%,0
"2025-04-03 16:15",5396.52,5396.52,5396.52,5396.52,0,0.00%,0
"2025-04-03 16:00",5395.92,5396.61,5395.92,5396.52,1.63,+0.03%,0
"2025-04-03 15:45",5414.68,5415.72,5390.83,5394.89,-19.75,-0.36%,0
"2025-04-03 15:30",5410.72,5415.93,5400.6,5414.64,3.82,+0.07%,0
"2025-04-03 15:15",5429.99,5430.07,5406.75,5410.82,-19.46,-0.36%,0
"2025-04-03 15:00",5439.17,5440.21,5428.74,5430.28,-9.06,-0.17%,0
"2025-04-03 14:45",5440.02,5443.2,5432.6,5439.34,-0.41,-0.01%,0
"2025-04-03 14:30",5427.83,5440.78,5420.61,5439.75,11.94,+0.22%,0
"2025-04-03 14:15",5428.17,5433.29,5424.22,5427.81,-0.44,-0.01%,0
"2025-04-03 14:00",5439.36,5445.27,5427.69,5428.25,-11.12,-0.20%,0
"2025-04-03 13:45",5455.57,5457.72,5439.08,5439.37,-16.26,-0.30%,0
"2025-04-03 13:30",5443.34,5455.84,5440.46,5455.63,12.54,+0.23%,0
"2025-04-03 13:15",5455.45,5456.75,5440.69,5443.09,-12.33,-0.23%,0
"2025-04-03 13:00",5454.87,5463.69,5450.59,5455.42,0.52,+0.01%,0
"2025-04-03 12:45",5466.81,5469.83,5451.45,5454.9,-11.83,-0.22%,0
"2025-04-03 12:30",5479.14,5483.05,5460.55,5466.73,-12.33,-0.23%,0
"2025-04-03 12:15",5470.82,5479.83,5467.41,5479.06,8.22,+0.15%,0
"2025-04-03 12:00",5455.8,5472.54,5455.34,5470.84,15.05,+0.28%,0
"2025-04-03 11:45",5459.66,5463.79,5442.35,5455.79,-3.74,-0.07%,0
"2025-04-03 11:30",5438.29,5463.21,5437.21,5459.53,21.11,+0.39%,0
"2025-04-03 11:15",5434.91,5447.14,5432.65,5438.42,3.53,+0.06%,0
"2025-04-03 11:00",5421.74,5440.45,5415.66,5434.89,12.91,+0.24%,0
"2025-04-03 10:45",5442.11,5442.37,5421.31,5421.98,-20.15,-0.37%,0
"2025-04-03 10:30",5451.23,5458.47,5437.56,5442.13,-9.67,-0.18%,0
"2025-04-03 10:15",5447.06,5455.87,5436.66,5451.8,5.84,+0.11%,0
"2025-04-03 10:00",5469.93,5471.47,5440.74,5445.96,-25.08,-0.46%,0
"2025-04-03 09:45",5484,5491.69,5463.38,5471.04,-12.94,-0.24%,0
"2025-04-03 09:30",5492.74,5499.53,5475.54,5483.98,-186.99,-3.30%,0
"2025-04-02 16:45",5670.97,5670.97,5670.97,5670.97,0,0.00%,0
"2025-04-02 16:15",5670.97,5670.97,5670.97,5670.97,0,0.00%,0
"2025-04-02 16:00",5669.42,5670.97,5669.42,5670.97,1.72,+0.03%,0
"2025-04-02 15:45",5668.24,5677.94,5668.21,5669.25,0.86,+0.02%,0
"2025-04-02 15:30",5653.17,5669.78,5648.79,5668.39,15.29,+0.27%,0
"2025-04-02 15:15",5642.98,5654.54,5638.69,5653.1,9.99,+0.18%,0
"2025-04-02 15:00",5633.27,5650.55,5633.27,5643.11,9.81,+0.17%,0
"2025-04-02 14:45",5654.91,5656.14,5633.3,5633.3,-21.62,-0.38%,0
"2025-04-02 14:30",5633.59,5658.64,5632.14,5654.92,20.81,+0.37%,0
"2025-04-02 14:15",5651.49,5653,5633.92,5634.11,-17.36,-0.31%,0
"2025-04-02 14:00",5661.89,5664.69,5647.02,5651.47,-10.33,-0.18%,0
"2025-04-02 13:45",5666.81,5666.81,5654.2,5661.8,-5.11,-0.09%,0
"2025-04-02 13:30",5682.72,5682.72,5664.09,5666.91,-15.96,-0.28%,0
"2025-04-02 13:15",5691.23,5691.53,5681.57,5682.87,-8.25,-0.14%,0
"2025-04-02 13:00",5678.16,5695.31,5677.87,5691.12,12.84,+0.23%,0
"2025-04-02 12:45",5666.66,5681.42,5664.39,5678.28,11.66,+0.21%,0
"2025-04-02 12:30",5664.48,5667.32,5657.87,5666.62,2.26,+0.04%,0
"2025-04-02 12:15",5657.35,5664.37,5655.9,5664.36,7.01,+0.12%,0
"2025-04-02 12:00",5644.61,5658.03,5643.18,5657.35,12.59,+0.22%,0
"2025-04-02 11:45",5646.39,5647.91,5633.37,5644.76,-1.67,-0.03%,0
"2025-04-02 11:30",5655.21,5659.05,5645.86,5646.43,-8.77,-0.16%,0
"2025-04-02 11:15",5632.98,5659.15,5630.88,5655.2,21.94,+0.39%,0
"2025-04-02 11:00",5642.62,5642.62,5633.18,5633.26,-9.44,-0.17%,0
"2025-04-02 10:45",5629.53,5643.96,5629.53,5642.7,13.2,+0.23%,0
"2025-04-02 10:30",5629.99,5636.99,5625.89,5629.5,-0.4,-0.01%,0
"2025-04-02 10:15",5612.95,5630.22,5611.56,5629.9,16.67,+0.30%,0
"2025-04-02 10:00",5609.11,5627.4,5604.33,5613.23,2.16,+0.04%,0
"2025-04-02 09:45",5610.41,5619.35,5606.21,5611.07,0.57,+0.01%,0
"2025-04-02 09:30",5580.76,5612.18,5571.48,5610.5,-22.57,-0.40%,0
"2025-04-01 16:30",5633.07,5633.07,5633.07,5633.07,0,0.00%,0
"2025-04-01 16:15",5633.07,5633.07,5633.07,5633.07,0,0.00%,0
"2025-04-01 16:00",5632.88,5633.09,5632.74,5633.07,0.15,0.00%,0
"2025-04-01 15:45",5620.78,5636.72,5619.83,5632.92,11.99,+0.21%,0
"2025-04-01 15:30",5606.27,5621.38,5603.87,5620.93,14.47,+0.26%,0
"2025-04-01 15:15",5602.44,5611.25,5601.21,5606.46,3.99,+0.07%,0
"2025-04-01 15:00",5597.99,5605.18,5596.32,5602.47,4.43,+0.08%,0
"2025-04-01 14:45",5593.34,5598.34,5583.22,5598.04,4.77,+0.09%,0
"2025-04-01 14:30",5588.62,5593.38,5586.5,5593.27,4.55,+0.08%,0
"2025-04-01 14:15",5598.7,5598.82,5585.59,5588.72,-10.02,-0.18%,0
"2025-04-01 14:00",5612.05,5613.1,5592.78,5598.74,-13.32,-0.24%,0
"2025-04-01 13:45",5615.41,5623.78,5611.47,5612.06,-3.29,-0.06%,0
"2025-04-01 13:30",5615.59,5624.4,5613.04,5615.35,-0.21,0.00%,0
"2025-04-01 13:15",5628.92,5629.58,5614.13,5615.56,-13.27,-0.24%,0
"2025-04-01 13:00",5628.88,5632.58,5621.99,5628.83,0.02,0.00%,0
"2025-04-01 12:45",5616.98,5634.78,5615.95,5628.81,11.63,+0.21%,0
"2025-04-01 12:30",5629.77,5631.73,5615.74,5617.18,-12.67,-0.23%,0
"2025-04-01 12:15",5644.03,5650.57,5629.27,5629.85,-14.06,-0.25%,0
"2025-04-01 12:00",5637.34,5645.49,5634.67,5643.91,6.54,+0.12%,0
"2025-04-01 11:45",5632.85,5639.04,5630.08,5637.37,4.53,+0.08%,0
"2025-04-01 11:30",5630.47,5633.51,5624.64,5632.84,2,+0.04%,0
"2025-04-01 11:15",5635.52,5640.62,5628.76,5630.84,-4.7,-0.08%,0
"2025-04-01 11:00",5618.77,5635.66,5616.13,5635.54,16.84,+0.30%,0
"2025-04-01 10:45",5601.73,5619.14,5597.5,5618.7,16.92,+0.30%,0
"2025-04-01 10:30",5574.03,5606.15,5572.7,5601.78,27.63,+0.50%,0
"2025-04-01 10:15",5564.79,5579.22,5558.52,5574.15,9.41,+0.17%,0
"2025-04-01 10:00",5593.34,5596.84,5564.29,5564.74,-34.11,-0.61%,0
"2025-04-01 09:45",5590.82,5607.33,5589.58,5598.85,8.07,+0.14%,0
"2025-04-01 09:30",5597.53,5598.22,5582.83,5590.78,-21.07,-0.38%,0
"2025-03-31 16:45",5611.85,5611.85,5611.85,5611.85,0,0.00%,0
"2025-03-31 16:15",5611.85,5611.85,5611.85,5611.85,0,0.00%,0
"2025-03-31 16:00",5612.62,5612.62,5611.85,5611.85,0.52,+0.01%,0
"2025-03-31 15:45",5615.33,5620.83,5601,5611.33,-3.94,-0.07%,0
"2025-03-31 15:30",5595.35,5627.56,5593.1,5615.27,19.89,+0.36%,0
"2025-03-31 15:15",5605.76,5612.44,5593.75,5595.38,-10.21,-0.18%,0
"2025-03-31 15:00",5585.6,5609.89,5585.17,5605.59,19.94,+0.36%,0
"2025-03-31 14:45",5595.38,5599.61,5584.72,5585.65,-9.69,-0.17%,0
"2025-03-31 14:30",5590.77,5600.3,5589.31,5595.34,4.84,+0.09%,0
"2025-03-31 14:15",5582.97,5590.77,5579.5,5590.5,7.72,+0.14%,0
"2025-03-31 14:00",5553.02,5590.01,5552.46,5582.78,29.77,+0.54%,0
"2025-03-31 13:45",5551.78,5561.83,5549.1,5553.01,1.35,+0.02%,0
"2025-03-31 13:30",5557.28,5562.81,5551.4,5551.66,-5.42,-0.10%,0
"2025-03-31 13:15",5569.61,5569.87,5550.42,5557.08,-12.5,-0.22%,0
"2025-03-31 13:00",5554.49,5572.6,5552.45,5569.58,15.1,+0.27%,0
"2025-03-31 12:45",5560.38,5565.3,5553.02,5554.48,-5.84,-0.11%,0
"2025-03-31 12:30",5566.19,5566.19,5559.38,5560.32,-5.82,-0.10%,0
"2025-03-31 12:15",5545.68,5566.16,5544.3,5566.14,20.48,+0.37%,0
"2025-03-31 12:00",5554.09,5559.26,5540.74,5545.66,-8.21,-0.15%,0
"2025-03-31 11:45",5553.42,5562.42,5552.9,5553.87,0.48,+0.01%,0
"2025-03-31 11:30",5546.75,5558.81,5542.42,5553.39,6.98,+0.13%,0
"2025-03-31 11:15",5535.35,5555.2,5534.26,5546.41,11.07,+0.20%,0
"2025-03-31 11:00",5536.36,5546.65,5535.01,5535.34,-0.8,-0.01%,0
"2025-03-31 10:45",5529.24,5539.85,5527.6,5536.14,6.86,+0.12%,0
"2025-03-31 10:30",5516.25,5538.89,5516.25,5529.28,13.01,+0.24%,0
"2025-03-31 10:15",5530.38,5531.49,5515.19,5516.27,-14.22,-0.26%,0
"2025-03-31 10:00",5519.11,5536.52,5519.06,5530.49,12.2,+0.22%,0
"2025-03-31 09:45",5493.41,5525.04,5488.73,5518.29,24.77,+0.45%,0
"2025-03-31 09:30",5527.91,5527.91,5493.35,5493.52,-87.42,-1.57%,0
"2025-03-28 16:45",5580.94,5580.94,5580.94,5580.94,0,0.00%,0
"2025-03-28 16:15",5580.94,5580.94,5580.94,5580.94,0,0.00%,0
"2025-03-28 16:00",5580.03,5580.95,5580.03,5580.94,0.66,+0.01%,0
"2025-03-28 15:45",5575.39,5586.56,5573.57,5580.28,4.85,+0.09%,0
"2025-03-28 15:30",5579.05,5579.6,5572.42,5575.43,-3.73,-0.07%,0
"2025-03-28 15:15",5584.07,5585.37,5578.35,5579.16,-4.85,-0.09%,0
"2025-03-28 15:00",5584.01,5588.75,5581.45,5584.01,0.11,0.00%,0
"2025-03-28 14:45",5577.83,5583.98,5575.39,5583.9,5.91,+0.11%,0
"2025-03-28 14:30",5581.82,5584.7,5577.25,5577.99,-3.89,-0.07%,0
"2025-03-28 14:15",5585.19,5588.3,5579.04,5581.88,-3.22,-0.06%,0
"2025-03-28 14:00",5585.67,5591.25,5582.19,5585.1,-0.68,-0.01%,0
"2025-03-28 13:45",5579.48,5585.78,5577.19,5585.78,6.2,+0.11%,0
"2025-03-28 13:30",5575.08,5582.22,5574.07,5579.58,4.53,+0.08%,0
"2025-03-28 13:15",5579.26,5586.21,5573.94,5575.05,-4.21,-0.08%,0
"2025-03-28 13:00",5587.02,5587.02,5578.24,5579.26,-7.77,-0.14%,0
"2025-03-28 12:45",5591.02,5597.08,5586.28,5587.03,-4.,-0.07%,0
"2025-03-28 12:30",5590.47,5596.09,5590.32,5591.03,0.54,+0.01%,0
"2025-03-28 12:15",5603.07,5603.39,5588.49,5590.49,-12.56,-0.22%,0
"2025-03-28 12:00",5601.2,5609.26,5601.04,5603.05,1.71,+0.03%,0
"2025-03-28 11:45",5612.54,5614.85,5601.34,5601.34,-11.15,-0.20%,0
"2025-03-28 11:30",5610.99,5619.33,5609.22,5612.49,1.39,+0.02%,0
"2025-03-28 11:15",5611.49,5613.44,5603.39,5611.1,-0.48,-0.01%,0
"2025-03-28 11:00",5609.22,5613.47,5599.64,5611.58,1.79,+0.03%,0
"2025-03-28 10:45",5617.42,5617.63,5605.1,5609.79,-7.62,-0.14%,0
"2025-03-28 10:30",5616.95,5622.32,5605.37,5617.41,0.46,+0.01%,0
"2025-03-28 10:15",5635.65,5636.21,5616.74,5616.95,-18.72,-0.33%,0
"2025-03-28 10:00",5660.87,5665.52,5633.72,5635.67,-25.26,-0.45%,0
"2025-03-28 09:45",5673.05,5677.88,5660.46,5660.93,-12.79,-0.23%,0
"2025-03-28 09:30",5679.2,5685.89,5666.33,5673.72,-19.59,-0.34%,0
"2025-03-27 17:00",5693.31,5693.31,5693.31,5693.31,0,0.00%,0
"2025-03-27 16:15",5693.31,5693.31,5693.31,5693.31,0,0.00%,0
"2025-03-27 16:00",5692.87,5693.31,5692.74,5693.31,0.95,+0.02%,0
"2025-03-27 15:45",5710.42,5712.61,5690.62,5692.36,-18.04,-0.32%,0
"2025-03-27 15:30",5719.83,5719.87,5706.66,5710.4,-9.5,-0.17%,0
"2025-03-27 15:15",5712.9,5722.31,5711.75,5719.9,7.02,+0.12%,0
"2025-03-27 15:00",5698.17,5712.88,5697.34,5712.88,14.66,+0.26%,0
"2025-03-27 14:45",5707.39,5713.96,5697.44,5698.22,-9.24,-0.16%,0
"2025-03-27 14:30",5701.88,5711.49,5699,5707.46,5.57,+0.10%,0
"2025-03-27 14:15",5706.73,5708.59,5699.63,5701.89,-4.87,-0.09%,0
"2025-03-27 14:00",5688.55,5706.88,5688.35,5706.76,18.22,+0.32%,0
"2025-03-27 13:45",5690,5699.41,5687.17,5688.54,-1.44,-0.03%,0
"2025-03-27 13:30",5690.37,5696.34,5689.3,5689.98,-0.49,-0.01%,0
"2025-03-27 13:15",5702.29,5703.73,5689.64,5690.47,-11.84,-0.21%,0
"2025-03-27 13:00",5689.22,5702.31,5686.99,5702.31,13.02,+0.23%,0
"2025-03-27 12:45",5709.13,5710.58,5688.84,5689.29,-19.83,-0.35%,0
"2025-03-27 12:30",5709.02,5715.23,5706.32,5709.12,0.19,0.00%,0
"2025-03-27 12:15",5711.54,5721.21,5708.33,5708.93,-2.55,-0.04%,0
"2025-03-27 12:00",5701.93,5714.29,5700.92,5711.48,9.7,+0.17%,0
"2025-03-27 11:45",5706.48,5707.63,5700.94,5701.78,-4.7,-0.08%,0
"2025-03-27 11:30",5721.02,5721.09,5704.38,5706.48,-14.43,-0.25%,0
"2025-03-27 11:15",5729.21,5731.11,5720.91,5720.91,-8.24,-0.14%,0
"2025-03-27 11:00",5731.54,5732.28,5723.91,5729.15,-1.51,-0.03%,0
"2025-03-27 10:45",5727.44,5730.67,5720.77,5730.66,3.11,+0.05%,0
"2025-03-27 10:30",5717.79,5728.98,5715.91,5727.55,9.69,+0.17%,0
"2025-03-27 10:15",5711.38,5717.86,5704.98,5717.86,6.52,+0.11%,0
"2025-03-27 10:00",5705.62,5711.96,5697.97,5711.34,6,+0.11%,0
"2025-03-27 09:45",5676.81,5706.63,5676.81,5705.34,28.6,+0.50%,0
"2025-03-27 09:30",5695.64,5696.76,5670.94,5676.74,-35.46,-0.62%,0
"2025-03-26 16:45",5712.2,5712.2,5712.2,5712.2,0,0.00%,0
"2025-03-26 16:15",5712.2,5712.2,5712.2,5712.2,0,0.00%,0
"2025-03-26 16:00",5711.11,5712.2,5711.11,5712.2,0.09,0.00%,0
"2025-03-26 15:45",5706.75,5717.92,5704.02,5712.11,5.12,+0.09%,0
"2025-03-26 15:30",5699.12,5708.56,5698.73,5706.99,7.77,+0.14%,0
"2025-03-26 15:15",5697.53,5708.72,5696.64,5699.22,1.62,+0.03%,0
"2025-03-26 15:00",5696.51,5702.33,5694.41,5697.6,1.06,+0.02%,0
"2025-03-26 14:45",5704.27,5705.87,5695.19,5696.54,-7.72,-0.14%,0
"2025-03-26 14:30",5715.22,5717.16,5703.38,5704.26,-11.,-0.19%,0
"2025-03-26 14:15",5712.59,5717.59,5711.88,5715.26,2.67,+0.05%,0
"2025-03-26 14:00",5702.86,5715.01,5702.64,5712.59,9.76,+0.17%,0
"2025-03-26 13:45",5708.43,5711.37,5702.68,5702.83,-5.66,-0.10%,0
"2025-03-26 13:30",5712.2,5714.49,5701.83,5708.49,-3.88,-0.07%,0
"2025-03-26 13:15",5721.63,5721.63,5710.17,5712.37,-9.29,-0.16%,0
"2025-03-26 13:00",5716.82,5724.16,5716.43,5721.66,4.84,+0.08%,0
"2025-03-26 12:45",5726.21,5731.37,5715.64,5716.82,-9.32,-0.16%,0
"2025-03-26 12:30",5732.95,5736.03,5725.69,5726.14,-6.83,-0.12%,0
"2025-03-26 12:15",5728.83,5733.06,5724.83,5732.97,4.14,+0.07%,0
"2025-03-26 12:00",5728.95,5731.98,5724.82,5728.83,-0.1,0.00%,0
"2025-03-26 11:45",5743.12,5743.75,5724.68,5728.93,-14.15,-0.25%,0
"2025-03-26 11:30",5745.57,5749.95,5742.55,5743.08,-2.6,-0.05%,0
"2025-03-26 11:15",5758.02,5758.1,5742.93,5745.68,-12.29,-0.21%,0
"2025-03-26 11:00",5757.23,5760.77,5756.62,5757.97,0.78,+0.01%,0
"2025-03-26 10:45",5756.64,5760.46,5750.88,5757.19,0.55,+0.01%,0
"2025-03-26 10:30",5755.79,5758.72,5754.49,5756.64,0.87,+0.02%,0
"2025-03-26 10:15",5762.3,5763.49,5746.79,5755.77,-6.55,-0.11%,0
"2025-03-26 10:00",5758.76,5766.15,5755.98,5762.32,3.54,+0.06%,0
"2025-03-26 09:45",5779.12,5781.06,5755.72,5758.78,-20.13,-0.35%,0
"2025-03-26 09:30",5771.66,5783.62,5768.15,5778.91,2.26,+0.04%,0
"2025-03-25 16:45",5776.65,5776.65,5776.65,5776.65,0,0.00%,0
"2025-03-25 16:15",5776.65,5776.65,5776.65,5776.65,0,0.00%,0
"2025-03-25 16:00",5776.69,5776.79,5776.62,5776.65,-0.18,0.00%,0
"2025-03-25 15:45",5771.28,5778.45,5769.9,5776.83,5.63,+0.10%,0
"2025-03-25 15:30",5764.4,5772.31,5761.14,5771.2,6.62,+0.11%,0
"2025-03-25 15:15",5764.27,5767.66,5763.86,5764.58,0.35,+0.01%,0
"2025-03-25 15:00",5762.05,5768.63,5762.02,5764.23,2.16,+0.04%,0
"2025-03-25 14:45",5764.15,5765.35,5760.42,5762.07,-2.1,-0.04%,0
"2025-03-25 14:30",5766.64,5768.22,5762.4,5764.17,-2.34,-0.04%,0
"2025-03-25 14:15",5769.1,5772.15,5766.17,5766.51,-2.61,-0.05%,0
"2025-03-25 14:00",5764.36,5769.12,5761.45,5769.12,4.81,+0.08%,0
"2025-03-25 13:45",5768.69,5768.69,5764.01,5764.31,-4.5,-0.08%,0
"2025-03-25 13:30",5764.4,5769.31,5764.4,5768.81,4.44,+0.08%,0
"2025-03-25 13:15",5774,5774.17,5763.22,5764.37,-9.62,-0.17%,0
"2025-03-25 13:00",5771.88,5778.42,5771.88,5773.99,2.19,+0.04%,0
"2025-03-25 12:45",5769.25,5773.18,5767.86,5771.8,2.59,+0.04%,0
"2025-03-25 12:30",5767.92,5769.96,5764.62,5769.21,1.24,+0.02%,0
"2025-03-25 12:15",5771.42,5771.79,5767.09,5767.97,-3.49,-0.06%,0
"2025-03-25 12:00",5770.38,5772.31,5768.29,5771.46,0.98,+0.02%,0
"2025-03-25 11:45",5778.8,5779.01,5768.69,5770.48,-8.19,-0.14%,0
"2025-03-25 11:30",5780.39,5780.6,5776.01,5778.67,-1.73,-0.03%,0
"2025-03-25 11:15",5782.9,5782.9,5779.43,5780.4,-2.45,-0.04%,0
"2025-03-25 11:00",5783.1,5785.36,5781.35,5782.85,-0.47,-0.01%,0
"2025-03-25 10:45",5785.41,5786.95,5780.86,5783.32,-2.01,-0.03%,0
"2025-03-25 10:30",5781.37,5785.84,5777.46,5785.33,3.98,+0.07%,0
"2025-03-25 10:15",5773.55,5781.35,5772.6,5781.35,7.86,+0.14%,0
"2025-03-25 10:00",5770.58,5777.17,5763.05,5773.49,3.49,+0.06%,0
"2025-03-25 09:45",5770.92,5774.81,5763.91,5770,-0.93,-0.02%,0
"2025-03-25 09:30",5775.96,5779.76,5766.74,5770.93,3.36,+0.06%,0
"2025-03-24 16:45",5767.57,5767.57,5767.57,5767.57,0,0.00%,0
"2025-03-24 16:15",5767.57,5767.57,5767.57,5767.57,0,0.00%,0
"2025-03-24 16:00",5764.84,5767.57,5764.84,5767.57,2.42,+0.04%,0
"2025-03-24 15:45",5764.92,5775.14,5764.59,5765.15,0.32,+0.01%,0
"2025-03-24 15:30",5762.01,5766.15,5761.22,5764.83,2.94,+0.05%,0
"2025-03-24 15:15",5760.4,5764.81,5760.36,5761.89,1.52,+0.03%,0
"2025-03-24 15:00",5758.68,5763.81,5757.42,5760.37,1.77,+0.03%,0
"2025-03-24 14:45",5756.07,5759.13,5749.77,5758.6,2.56,+0.04%,0
"2025-03-24 14:30",5746.51,5756.98,5743.69,5756.04,9.62,+0.17%,0
"2025-03-24 14:15",5746.08,5748.99,5744.26,5746.42,0.35,+0.01%,0
"2025-03-24 14:00",5753.29,5753.85,5743.86,5746.07,-7.31,-0.13%,0
"2025-03-24 13:45",5752.62,5755.62,5750.34,5753.38,0.78,+0.01%,0
"2025-03-24 13:30",5752.75,5756.11,5751.68,5752.6,-0.17,0.00%,0
"2025-03-24 13:15",5749.04,5752.77,5747.77,5752.77,3.67,+0.06%,0
"2025-03-24 13:00",5754.18,5754.8,5748.41,5749.1,-5.08,-0.09%,0
"2025-03-24 12:45",5754.77,5758.1,5752.85,5754.18,-0.62,-0.01%,0
"2025-03-24 12:30",5755.79,5758.07,5750.82,5754.8,-1.38,-0.02%,0
"2025-03-24 12:15",5764.8,5765.11,5756.05,5756.18,-8.59,-0.15%,0
"2025-03-24 12:00",5761.3,5766.56,5760.39,5764.77,3.43,+0.06%,0
"2025-03-24 11:45",5756.14,5761.6,5755.31,5761.34,5.27,+0.09%,0
"2025-03-24 11:30",5759.72,5760.62,5754.65,5756.07,-3.6,-0.06%,0
"2025-03-24 11:15",5760.73,5762.95,5757.53,5759.67,-1.02,-0.02%,0
"2025-03-24 11:00",5758.43,5762.85,5755.04,5760.69,2.3,+0.04%,0
"2025-03-24 10:45",5751.05,5759.34,5750.97,5758.39,7.29,+0.13%,0
"2025-03-24 10:30",5754.15,5755.06,5749.82,5751.1,-3.09,-0.05%,0
"2025-03-24 10:15",5751.12,5755.94,5750.59,5754.19,3.02,+0.05%,0
"2025-03-24 10:00",5750.6,5752,5742.91,5751.17,0.6,+0.01%,0
"2025-03-24 09:45",5743.59,5753.52,5742.78,5750.57,5.33,+0.09%,0
"2025-03-24 09:30",5718.08,5747.45,5718.08,5745.24,77.68,+1.37%,0
"2025-03-21 16:45",5667.56,5667.56,5667.56,5667.56,0,0.00%,0
"2025-03-21 16:15",5667.56,5667.56,5667.56,5667.56,0,0.00%,0
"2025-03-21 16:00",5666.95,5667.58,5666.95,5667.56,0.88,+0.02%,0
"2025-03-21 15:45",5645.47,5670.84,5645.28,5666.68,21.23,+0.38%,0
"2025-03-21 15:30",5642.46,5647.44,5640.04,5645.45,3,+0.05%,0
"2025-03-21 15:15",5643.17,5646.09,5638,5642.45,-0.72,-0.01%,0
"2025-03-21 15:00",5647.93,5648.2,5637.59,5643.17,-4.75,-0.08%,0
"2025-03-21 14:45",5654.52,5654.87,5646.15,5647.92,-6.6,-0.12%,0
"2025-03-21 14:30",5643.59,5655.07,5643.59,5654.52,10.91,+0.19%,0
"2025-03-21 14:15",5650.16,5653.3,5643.41,5643.61,-6.61,-0.12%,0
"2025-03-21 14:00",5651.81,5655.24,5647.27,5650.22,-1.53,-0.03%,0
"2025-03-21 13:45",5653.4,5661.61,5651.24,5651.75,-1.79,-0.03%,0
"2025-03-21 13:30",5643.67,5655.45,5638.76,5653.54,9.86,+0.17%,0
"2025-03-21 13:15",5650.41,5651.44,5642.22,5643.68,-6.77,-0.12%,0
"2025-03-21 13:00",5658.78,5658.78,5649.37,5650.45,-8.37,-0.15%,0
"2025-03-21 12:45",5642.03,5658.82,5642.03,5658.82,17,+0.30%,0
"2025-03-21 12:30",5646.81,5649.95,5641.19,5641.82,-4.95,-0.09%,0
"2025-03-21 12:15",5636.1,5650.1,5634.83,5646.77,10.56,+0.19%,0
"2025-03-21 12:00",5617.14,5637.27,5611.41,5636.21,18.81,+0.33%,0
"2025-03-21 11:45",5613.87,5621.49,5612.24,5617.4,3.48,+0.06%,0
"2025-03-21 11:30",5620.88,5627.68,5612.48,5613.92,-7.09,-0.13%,0
"2025-03-21 11:15",5628.67,5629.84,5620.13,5621.01,-7.67,-0.14%,0
"2025-03-21 11:00",5637.25,5640.5,5628.64,5628.68,-8.83,-0.16%,0
"2025-03-21 10:45",5621.47,5637.52,5618.93,5637.51,15.94,+0.28%,0
"2025-03-21 10:30",5621.73,5623.88,5613.66,5621.57,0.07,0.00%,0
"2025-03-21 10:15",5614.33,5625.93,5610.38,5621.5,7.2,+0.13%,0
"2025-03-21 10:00",5621.22,5622.25,5603.1,5614.3,-7.05,-0.13%,0
"2025-03-21 09:45",5618.9,5624.92,5610.73,5621.35,2.84,+0.05%,0
"2025-03-21 09:30",5630.73,5630.73,5605.5,5618.51,-44.38,-0.78%,0
"2025-03-20 17:00",5662.89,5662.89,5662.89,5662.89,0,0.00%,0
"2025-03-20 16:15",5662.89,5662.89,5662.89,5662.89,0,0.00%,0
"2025-03-20 16:00",5662.77,5662.95,5662.64,5662.89,0.82,+0.01%,0
"2025-03-20 15:45",5664.03,5671.94,5659.59,5662.07,-2.01,-0.04%,0
"2025-03-20 15:30",5652.27,5664.08,5652.27,5664.08,11.72,+0.21%,0
"2025-03-20 15:15",5658.38,5668.32,5652,5652.36,-5.97,-0.11%,0
"2025-03-20 15:00",5650.15,5661.11,5649.78,5658.33,8.18,+0.14%,0
"2025-03-20 14:45",5647.04,5663.92,5646.56,5650.15,3.07,+0.05%,0
"2025-03-20 14:30",5647.13,5653.37,5643.84,5647.08,-0.1,0.00%,0
"2025-03-20 14:15",5662.89,5664.6,5646.93,5647.18,-15.78,-0.28%,0
"2025-03-20 14:00",5656.86,5666.92,5656.63,5662.96,6.2,+0.11%,0
"2025-03-20 13:45",5664.5,5670.04,5654.33,5656.76,-7.76,-0.14%,0
"2025-03-20 13:30",5652.91,5664.73,5652.53,5664.52,11.63,+0.21%,0
"2025-03-20 13:15",5674.75,5675.11,5652.88,5652.89,-21.82,-0.38%,0
"2025-03-20 13:00",5663.74,5677.39,5663.53,5674.71,11.03,+0.19%,0
"2025-03-20 12:45",5666.58,5671.81,5662.42,5663.68,-2.87,-0.05%,0
"2025-03-20 12:30",5667.36,5675.31,5664.73,5666.55,-0.55,-0.01%,0
"2025-03-20 12:15",5685.4,5685.4,5665.9,5667.1,-18.31,-0.32%,0
"2025-03-20 12:00",5687.61,5698.96,5679.6,5685.41,-2.19,-0.04%,0
"2025-03-20 11:45",5696.37,5700.82,5687.02,5687.6,-8.84,-0.16%,0
"2025-03-20 11:30",5695.45,5697.3,5683.24,5696.44,1.09,+0.02%,0
"2025-03-20 11:15",5702.33,5702.74,5693.39,5695.35,-6.95,-0.12%,0
"2025-03-20 11:00",5700.12,5704.33,5694.91,5702.3,1.76,+0.03%,0
"2025-03-20 10:45",5709.16,5711.15,5698.57,5700.54,-8.48,-0.15%,0
"2025-03-20 10:30",5701.29,5710.58,5695.05,5709.02,7.75,+0.14%,0
"2025-03-20 10:15",5688.45,5706.19,5683.52,5701.27,13.39,+0.24%,0
"2025-03-20 10:00",5672.89,5692.41,5672.36,5687.88,13.67,+0.24%,0
"2025-03-20 09:45",5657.67,5674.27,5657.67,5674.21,16.68,+0.29%,0
"2025-03-20 09:30",5646.92,5660.31,5632.33,5657.53,-17.76,-0.31%,0
"2025-03-19 16:45",5675.29,5675.29,5675.29,5675.29,0,0.00%,0
"2025-03-19 16:15",5675.29,5675.29,5675.29,5675.29,0,0.00%,0
"2025-03-19 16:00",5675.52,5675.52,5675.29,5675.29,0.01,0.00%,0
"2025-03-19 15:45",5698.4,5699.46,5672.88,5675.28,-23.07,-0.40%,0
"2025-03-19 15:30",5678.09,5699.28,5676.47,5698.35,20.14,+0.35%,0
"2025-03-19 15:15",5706.51,5709.26,5673.3,5678.21,-28.31,-0.50%,0
"2025-03-19 15:00",5688.86,5715.33,5688.73,5706.52,17.52,+0.31%,0
"2025-03-19 14:45",5675.51,5690.91,5671.12,5689,13.44,+0.24%,0
"2025-03-19 14:30",5652.26,5677.17,5652.26,5675.56,23.32,+0.41%,0
"2025-03-19 14:15",5658.63,5664.23,5650.69,5652.24,-6.39,-0.11%,0
"2025-03-19 14:00",5637.4,5661.86,5633.2,5658.63,20.23,+0.36%,0
"2025-03-19 13:45",5642.63,5643.47,5634.09,5638.4,-4.27,-0.08%,0
"2025-03-19 13:30",5640,5648.37,5636.04,5642.67,2.68,+0.05%,0
"2025-03-19 13:15",5642.74,5645.36,5639.69,5639.99,-2.91,-0.05%,0
"2025-03-19 13:00",5655.69,5657.83,5642.39,5642.9,-12.72,-0.22%,0
"2025-03-19 12:45",5656.84,5659.81,5653.64,5655.62,-1.23,-0.02%,0
"2025-03-19 12:30",5662.11,5662.44,5655.14,5656.85,-5.35,-0.09%,0
"2025-03-19 12:15",5659.67,5662.53,5657.45,5662.2,2.87,+0.05%,0
"2025-03-19 12:00",5663.74,5668.32,5659.13,5659.33,-4.39,-0.08%,0
"2025-03-19 11:45",5658.17,5668.93,5657.17,5663.72,5.52,+0.10%,0
"2025-03-19 11:30",5652.31,5658.6,5650.35,5658.2,5.86,+0.10%,0
"2025-03-19 11:15",5652.48,5653.48,5642.8,5652.34,-0.12,0.00%,0
"2025-03-19 11:00",5641.05,5653.54,5639.85,5652.46,11.97,+0.21%,0
"2025-03-19 10:45",5645.38,5647.72,5640.06,5640.49,-4.9,-0.09%,0
"2025-03-19 10:30",5651.65,5654.85,5644.23,5645.39,-6.3,-0.11%,0
"2025-03-19 10:15",5655.29,5657.86,5651.04,5651.69,-3.45,-0.06%,0
"2025-03-19 10:00",5646.45,5660.04,5646.45,5655.14,8.76,+0.16%,0
"2025-03-19 09:45",5625.35,5651.15,5624.83,5646.38,21.08,+0.37%,0
"2025-03-19 09:30",5632.37,5639,5622.2,5625.3,10.64,+0.19%,0
"2025-03-18 16:45",5614.66,5614.66,5614.66,5614.66,0,0.00%,0
"2025-03-18 16:15",5614.66,5614.66,5614.66,5614.66,0,0.00%,0
"2025-03-18 16:00",5615.78,5615.78,5614.66,5614.66,-0.71,-0.01%,0
"2025-03-18 15:45",5613.1,5618.9,5605.2,5615.37,2.27,+0.04%,0
"2025-03-18 15:30",5617.38,5620.48,5611.44,5613.1,-4.32,-0.08%,0
"2025-03-18 15:15",5617.06,5623.15,5613.17,5617.42,0.37,+0.01%,0
"2025-03-18 15:00",5620.4,5620.4,5612.55,5617.05,-3.51,-0.06%,0
"2025-03-18 14:45",5613.83,5627.73,5613.77,5620.56,6.72,+0.12%,0
"2025-03-18 14:30",5611.41,5619.98,5610.95,5613.84,2.36,+0.04%,0
"2025-03-18 14:15",5604.14,5619.47,5604.08,5611.48,7.21,+0.13%,0
"2025-03-18 14:00",5614.2,5615,5603.9,5604.27,-10.09,-0.18%,0
"2025-03-18 13:45",5614.75,5621.55,5611.13,5614.36,-0.67,-0.01%,0
"2025-03-18 13:30",5611.41,5620.54,5607.19,5615.03,3.73,+0.07%,0
"2025-03-18 13:15",5616.92,5617.5,5601.15,5611.3,-5.63,-0.10%,0
"2025-03-18 13:00",5615.01,5617.55,5605.22,5616.93,1.7,+0.03%,0
"2025-03-18 12:45",5607.76,5618.25,5600,5615.23,7.39,+0.13%,0
"2025-03-18 12:30",5622.02,5623.25,5607.62,5607.84,-13.77,-0.24%,0
"2025-03-18 12:15",5615.94,5621.77,5609.74,5621.61,5.55,+0.10%,0
"2025-03-18 12:00",5602.14,5616.64,5600.45,5616.06,13.8,+0.25%,0
"2025-03-18 11:45",5608.3,5611.43,5597.76,5602.26,-6.09,-0.11%,0
"2025-03-18 11:30",5606.6,5613.33,5604.08,5608.35,1.99,+0.04%,0
"2025-03-18 11:15",5608.45,5611.72,5603.15,5606.36,-2.54,-0.05%,0
"2025-03-18 11:00",5613.6,5614.56,5599.87,5608.9,-4.98,-0.09%,0
"2025-03-18 10:45",5617.76,5621.11,5609.92,5613.88,-3.54,-0.06%,0
"2025-03-18 10:30",5618.94,5626.44,5615,5617.42,-1.77,-0.03%,0
"2025-03-18 10:15",5611.1,5620.7,5608.15,5619.19,7.91,+0.14%,0
"2025-03-18 10:00",5614,5622.43,5608.87,5611.28,-2.82,-0.05%,0
"2025-03-18 09:45",5623.13,5627.7,5611.75,5614.1,-9.05,-0.16%,0
"2025-03-18 09:30",5654.53,5654.53,5622.86,5623.15,-51.97,-0.92%,0
"2025-03-17 16:45",5675.12,5675.12,5675.12,5675.12,0,0.00%,0
"2025-03-17 16:15",5675.12,5675.12,5675.12,5675.12,0,0.00%,0
"2025-03-17 16:00",5674.77,5675.33,5674.77,5675.12,-1.04,-0.02%,0
"2025-03-17 15:45",5695.34,5695.95,5674.76,5676.16,-19.19,-0.34%,0
"2025-03-17 15:30",5696.86,5699.23,5692,5695.35,-1.57,-0.03%,0
"2025-03-17 15:15",5693.51,5697.32,5691.05,5696.92,3.3,+0.06%,0
"2025-03-17 15:00",5698.68,5699.35,5691.37,5693.62,-5.04,-0.09%,0
"2025-03-17 14:45",5696.14,5703.52,5695.71,5698.66,2.48,+0.04%,0
"2025-03-17 14:30",5693.63,5698.35,5692.17,5696.18,2.56,+0.04%,0
"2025-03-17 14:15",5690.29,5695.64,5687.95,5693.62,3.22,+0.06%,0
"2025-03-17 14:00",5677.72,5691.38,5677.67,5690.4,12.65,+0.22%,0
"2025-03-17 13:45",5675.92,5679.7,5671.83,5677.75,1.81,+0.03%,0
"2025-03-17 13:30",5664.37,5677.17,5663.1,5675.94,11.76,+0.21%,0
"2025-03-17 13:15",5657.51,5666.23,5654.59,5664.18,6.62,+0.12%,0
"2025-03-17 13:00",5652.39,5657.56,5646.64,5657.56,5.12,+0.09%,0
"2025-03-17 12:45",5644.95,5655.37,5641.82,5652.44,7.52,+0.13%,0
"2025-03-17 12:30",5644.96,5652.95,5643.06,5644.92,0,0.00%,0
"2025-03-17 12:15",5656.3,5656.96,5644.11,5644.92,-11.37,-0.20%,0
"2025-03-17 12:00",5644.55,5658.63,5639.99,5656.29,11.66,+0.21%,0
"2025-03-17 11:45",5639.6,5649.53,5638.37,5644.63,5.08,+0.09%,0
"2025-03-17 11:30",5648.54,5651.28,5636.01,5639.55,-9.,-0.16%,0
"2025-03-17 11:15",5651.43,5658.05,5647.93,5648.55,-2.83,-0.05%,0
"2025-03-17 11:00",5646.32,5652.26,5641.76,5651.38,5.67,+0.10%,0
"2025-03-17 10:45",5661.94,5661.95,5643.41,5645.71,-16.11,-0.28%,0
"2025-03-17 10:30",5652.5,5662.8,5646.85,5661.82,9.4,+0.17%,0
"2025-03-17 10:15",5667.59,5668.44,5652.23,5652.42,-14.91,-0.26%,0
"2025-03-17 10:00",5663.06,5668.6,5650.43,5667.33,4.1,+0.07%,0
"2025-03-17 09:45",5665.75,5669.3,5650.92,5663.23,-2.71,-0.05%,0
"2025-03-17 09:30",5635.6,5667.45,5631.12,5665.94,27,+0.48%,0
"2025-03-14 16:45",5638.94,5638.94,5638.94,5638.94,0,0.00%,0
"2025-03-14 16:15",5638.94,5638.94,5638.94,5638.94,0,0.00%,0
"2025-03-14 16:00",5637.47,5638.94,5637.47,5638.94,2.08,+0.04%,0
"2025-03-14 15:45",5626.58,5645.27,5624.84,5636.86,10.27,+0.18%,0
"2025-03-14 15:30",5625.25,5629.59,5621.29,5626.59,1.35,+0.02%,0
"2025-03-14 15:15",5633.73,5633.96,5624.65,5625.24,-8.5,-0.15%,0
"2025-03-14 15:00",5624.53,5634,5622.25,5633.74,9.25,+0.16%,0
"2025-03-14 14:45",5626.8,5631.19,5620.03,5624.49,-2.3,-0.04%,0
"2025-03-14 14:30",5613.83,5628.8,5613.83,5626.79,13.05,+0.23%,0
"2025-03-14 14:15",5614.83,5616.06,5609.68,5613.74,-1.19,-0.02%,0
"2025-03-14 14:00",5613.14,5623.62,5613.14,5614.93,1.89,+0.03%,0
"2025-03-14 13:45",5615.06,5620.39,5612.28,5613.04,-2.03,-0.04%,0
"2025-03-14 13:30",5621.45,5625.84,5614.89,5615.07,-6.4,-0.11%,0
"2025-03-14 13:15",5625.97,5630.24,5619.71,5621.47,-4.49,-0.08%,0
"2025-03-14 13:00",5626.99,5634.06,5624.96,5625.96,-1.23,-0.02%,0
"2025-03-14 12:45",5623.48,5630.34,5620.51,5627.19,3.65,+0.06%,0
"2025-03-14 12:30",5609.28,5624.16,5607.72,5623.54,14.15,+0.25%,0
"2025-03-14 12:15",5615.05,5618.71,5607.83,5609.39,-5.62,-0.10%,0
"2025-03-14 12:00",5627.6,5628.39,5613.52,5615.01,-12.5,-0.22%,0
"2025-03-14 11:45",5629.84,5630.92,5619.76,5627.51,-2.26,-0.04%,0
"2025-03-14 11:30",5617.38,5629.77,5617.38,5629.77,12.38,+0.22%,0
"2025-03-14 11:15",5610.05,5621.5,5610.05,5617.39,7.33,+0.13%,0
"2025-03-14 11:00",5609.21,5615.31,5606.94,5610.06,1.72,+0.03%,0
"2025-03-14 10:45",5593.23,5608.34,5593.23,5608.34,15.02,+0.27%,0
"2025-03-14 10:30",5575.99,5594.48,5575.71,5593.32,17.3,+0.31%,0
"2025-03-14 10:15",5574.48,5582.3,5566.85,5576.02,1.38,+0.02%,0
"2025-03-14 10:00",5590.24,5595.25,5565.7,5574.64,-14.86,-0.27%,0
"2025-03-14 09:45",5589.7,5603.93,5589.03,5589.5,-0.18,0.00%,0
"2025-03-14 09:30",5563.85,5589.73,5563.85,5589.68,68.16,+1.23%,0
"2025-03-13 16:45",5521.52,5521.52,5521.52,5521.52,0,0.00%,0
"2025-03-13 16:15",5521.52,5521.52,5521.52,5521.52,0,0.00%,0
"2025-03-13 16:00",5521.92,5521.92,5521.17,5521.52,-0.04,0.00%,0
"2025-03-13 15:45",5518.58,5522.82,5509.26,5521.56,2.98,+0.05%,0
"2025-03-13 15:30",5522.36,5527.59,5512.02,5518.58,-3.67,-0.07%,0
"2025-03-13 15:15",5536.43,5540.13,5517.99,5522.25,-14.23,-0.26%,0
"2025-03-13 15:00",5546.71,5553.1,5530.33,5536.48,-10.31,-0.19%,0
"2025-03-13 14:45",5548.23,5550.2,5536.57,5546.79,-1.54,-0.03%,0
"2025-03-13 14:30",5537.35,5548.68,5533.41,5548.33,11.06,+0.20%,0
"2025-03-13 14:15",5536.74,5537.28,5526.88,5537.27,0.47,+0.01%,0
"2025-03-13 14:00",5507.6,5538.66,5507.04,5536.8,29.17,+0.53%,0
"2025-03-13 13:45",5507.43,5515.73,5504.65,5507.63,0.27,0.00%,0
"2025-03-13 13:30",5518.82,5518.96,5507.19,5507.36,-11.8,-0.21%,0
"2025-03-13 13:15",5522.79,5522.95,5511.4,5519.16,-3.79,-0.07%,0
"2025-03-13 13:00",5532.72,5539.55,5520.51,5522.95,-9.78,-0.18%,0
"2025-03-13 12:45",5539.62,5541.04,5521.79,5532.73,-6.93,-0.13%,0
"2025-03-13 12:30",5533.59,5552.21,5530.03,5539.66,6.16,+0.11%,0
"2025-03-13 12:15",5537.12,5539.89,5531.62,5533.5,-3.78,-0.07%,0
"2025-03-13 12:00",5531.58,5546.52,5530.06,5537.28,5.68,+0.10%,0
"2025-03-13 11:45",5550.75,5551.39,5530.99,5531.6,-19.37,-0.35%,0
"2025-03-13 11:30",5550.67,5556.79,5533.02,5550.97,0.06,0.00%,0
"2025-03-13 11:15",5557.55,5560.65,5549.38,5550.91,-6.55,-0.12%,0
"2025-03-13 11:00",5568.72,5576.73,5555.27,5557.46,-10.47,-0.19%,0
"2025-03-13 10:45",5571.6,5581.11,5564.51,5567.93,-3.81,-0.07%,0
"2025-03-13 10:30",5579.21,5590.13,5566.58,5571.74,-7.48,-0.13%,0
"2025-03-13 10:15",5583.86,5597.78,5578.92,5579.22,-3.75,-0.07%,0
"2025-03-13 10:00",5557.67,5583.69,5551.7,5582.97,25.23,+0.45%,0
"2025-03-13 09:45",5579.79,5581.61,5553,5557.74,-22.24,-0.40%,0
"2025-03-13 09:30",5594.45,5595.87,5579.65,5579.98,-19.32,-0.35%,0
"2025-03-12 16:45",5599.3,5599.3,5599.3,5599.3,0,0.00%,0
"2025-03-12 16:15",5599.3,5599.3,5599.3,5599.3,0,0.00%,0
"2025-03-12 16:00",5598.5,5599.3,5598.5,5599.3,1.02,+0.02%,0
"2025-03-12 15:45",5601.44,5607.87,5590.94,5598.28,-3.07,-0.05%,0
"2025-03-12 15:30",5605.01,5610.94,5593.6,5601.35,-3.66,-0.07%,0
"2025-03-12 15:15",5610.57,5613,5598.04,5605.01,-5.46,-0.10%,0
"2025-03-12 15:00",5620.59,5620.59,5608.18,5610.47,-10.24,-0.18%,0
"2025-03-12 14:45",5620.13,5626.91,5612.79,5620.71,0.67,+0.01%,0
"2025-03-12 14:30",5610.3,5620.52,5607.88,5620.04,9.87,+0.18%,0
"2025-03-12 14:15",5602.7,5610.22,5600.08,5610.17,7.54,+0.13%,0
"2025-03-12 14:00",5587.85,5603.42,5586.68,5602.63,14.89,+0.27%,0
"2025-03-12 13:45",5616.06,5620.68,5587.74,5587.74,-28.4,-0.51%,0
"2025-03-12 13:30",5622.5,5625.95,5616.14,5616.14,-6.34,-0.11%,0
"2025-03-12 13:15",5613.31,5622.7,5607.6,5622.48,9.17,+0.16%,0
"2025-03-12 13:00",5599.73,5613.44,5596,5613.31,13.54,+0.24%,0
"2025-03-12 12:45",5597.65,5617.76,5596.66,5599.77,2.22,+0.04%,0
"2025-03-12 12:30",5611.12,5621.37,5596.49,5597.55,-13.45,-0.24%,0
"2025-03-12 12:15",5613.21,5616.55,5607.07,5611,-2.25,-0.04%,0
"2025-03-12 12:00",5599.79,5613.5,5591.37,5613.25,13.39,+0.24%,0
"2025-03-12 11:45",5587.56,5600.05,5584.32,5599.86,12.15,+0.22%,0
"2025-03-12 11:30",5577.5,5589.71,5574.96,5587.71,10.27,+0.18%,0
"2025-03-12 11:15",5556.74,5579.42,5552.42,5577.44,20.64,+0.37%,0
"2025-03-12 11:00",5563.44,5566.16,5546.09,5556.8,-6.48,-0.12%,0
"2025-03-12 10:45",5573.15,5582.7,5563.28,5563.28,-9.8,-0.18%,0
"2025-03-12 10:30",5599.22,5600.65,5571.43,5573.08,-26.3,-0.47%,0
"2025-03-12 10:15",5602.52,5605.06,5589.35,5599.38,-3.02,-0.05%,0
"2025-03-12 10:00",5603.84,5614,5589.98,5602.4,-0.98,-0.02%,0
"2025-03-12 09:45",5614.44,5623.05,5593.7,5603.38,-10.53,-0.19%,0
"2025-03-12 09:30",5624.84,5642.19,5610.79,5613.91,41.84,+0.75%,0
"2025-03-11 16:45",5572.07,5572.07,5572.07,5572.07,0,0.00%,0
"2025-03-11 16:15",5572.07,5572.07,5572.07,5572.07,0,0.00%,0
"2025-03-11 16:00",5570.27,5572.07,5570.27,5572.07,0.28,+0.01%,0
"2025-03-11 15:45",5603.44,5607.79,5569.59,5571.79,-31.68,-0.57%,0
"2025-03-11 15:30",5604.45,5610.56,5591.21,5603.47,-0.84,-0.01%,0
"2025-03-11 15:15",5611.71,5616.73,5595.66,5604.31,-7.45,-0.13%,0
"2025-03-11 15:00",5623.47,5633.35,5607.14,5611.76,-11.76,-0.21%,0
"2025-03-11 14:45",5614.56,5636.3,5612.57,5623.52,9.19,+0.16%,0
"2025-03-11 14:30",5592.65,5616.77,5582.68,5614.33,21.62,+0.39%,0
"2025-03-11 14:15",5586.13,5600.61,5578.7,5592.71,6.61,+0.12%,0
"2025-03-11 14:00",5550.07,5586.2,5549.5,5586.1,36.4,+0.66%,0
"2025-03-11 13:45",5546.16,5560.97,5541.45,5549.7,3.67,+0.07%,0
"2025-03-11 13:30",5529.85,5546.04,5528.41,5546.03,15.96,+0.29%,0
"2025-03-11 13:15",5542.32,5550.38,5528.88,5530.07,-12.27,-0.22%,0
"2025-03-11 13:00",5551.06,5551.33,5541.02,5542.34,-8.77,-0.16%,0
"2025-03-11 12:45",5561.62,5566.04,5544.67,5551.11,-10.6,-0.19%,0
"2025-03-11 12:30",5567.2,5576.57,5557.44,5561.71,-5.23,-0.09%,0
"2025-03-11 12:15",5557.96,5573.24,5557.23,5566.94,9.14,+0.16%,0
"2025-03-11 12:00",5580.35,5583.9,5556.95,5557.8,-22.17,-0.40%,0
"2025-03-11 11:45",5602.41,5603.49,5579.22,5579.97,-22.64,-0.40%,0
"2025-03-11 11:30",5580.39,5607.51,5578.23,5602.61,22.34,+0.40%,0
"2025-03-11 11:15",5587.05,5594.84,5579.42,5580.27,-6.85,-0.12%,0
"2025-03-11 11:00",5555.61,5596.02,5549.42,5587.12,30.7,+0.55%,0
"2025-03-11 10:45",5560.63,5577.78,5553.22,5556.42,-4.31,-0.08%,0
"2025-03-11 10:30",5567.35,5579.08,5549.08,5560.73,-6.68,-0.12%,0
"2025-03-11 10:15",5587.96,5595.7,5564.62,5567.41,-21.05,-0.38%,0
"2025-03-11 10:00",5605.47,5626.88,5572.63,5588.46,-16.93,-0.30%,0
"2025-03-11 09:45",5615.52,5625.68,5603.18,5605.39,-10.18,-0.18%,0
"2025-03-11 09:30",5603.65,5617.64,5592.65,5615.57,1.01,+0.02%,0
"2025-03-10 16:45",5614.56,5614.56,5614.56,5614.56,0,0.00%,0
"2025-03-10 16:15",5614.56,5614.56,5614.56,5614.56,0,0.00%,0
"2025-03-10 16:00",5615.72,5615.72,5614.56,5614.56,-0.44,-0.01%,0
"2025-03-10 15:45",5600.01,5624.01,5599.96,5615,14.88,+0.27%,0
"2025-03-10 15:30",5605.24,5632.68,5600.12,5600.12,-4.91,-0.09%,0
"2025-03-10 15:15",5583.85,5620.33,5582.51,5605.03,21.12,+0.38%,0
"2025-03-10 15:00",5580.51,5585.04,5564.02,5583.91,3.45,+0.06%,0
"2025-03-10 14:45",5600.73,5603.12,5579.16,5580.46,-19.77,-0.35%,0
"2025-03-10 14:30",5605.91,5612.28,5595.12,5600.23,-5.66,-0.10%,0
"2025-03-10 14:15",5611.97,5618.06,5602.85,5605.89,-6.22,-0.11%,0
"2025-03-10 14:00",5612.17,5622.5,5602.78,5612.11,-0.31,-0.01%,0
"2025-03-10 13:45",5615.81,5621.96,5609.25,5612.42,-3.43,-0.06%,0
"2025-03-10 13:30",5626.28,5627.1,5611.7,5615.85,-10.45,-0.19%,0
"2025-03-10 13:15",5627.94,5638.01,5625.42,5626.3,-1.55,-0.03%,0
"2025-03-10 13:00",5637.75,5639.41,5619.52,5627.85,-9.79,-0.17%,0
"2025-03-10 12:45",5637.6,5645.43,5637.55,5637.64,0.3,+0.01%,0
"2025-03-10 12:30",5645.34,5658.88,5635.56,5637.34,-7.6,-0.13%,0
"2025-03-10 12:15",5652.83,5652.95,5633.17,5644.94,-8.1,-0.14%,0
"2025-03-10 12:00",5646.53,5653.07,5642.31,5653.04,6.38,+0.11%,0
"2025-03-10 11:45",5647.57,5659.99,5645.24,5646.66,-0.61,-0.01%,0
"2025-03-10 11:30",5659.11,5673.95,5645.3,5647.27,-11.89,-0.21%,0
"2025-03-10 11:15",5660.09,5661.3,5648.48,5659.16,-0.73,-0.01%,0
"2025-03-10 11:00",5647.33,5661.63,5647.33,5659.89,12.1,+0.21%,0
"2025-03-10 10:45",5653.83,5660.54,5638.84,5647.79,-6.06,-0.11%,0
"2025-03-10 10:30",5663.11,5668.1,5651.34,5653.85,-9.25,-0.16%,0
"2025-03-10 10:15",5671.5,5677.3,5659.98,5663.1,-8.64,-0.15%,0
"2025-03-10 10:00",5681.37,5681.37,5663.54,5671.74,-9.74,-0.17%,0
"2025-03-10 09:45",5699.72,5701.86,5674.8,5681.48,-18.54,-0.33%,0
"2025-03-10 09:30",5705.37,5705.37,5672.52,5700.02,-70.18,-1.22%,0
"2025-03-07 16:30",5770.2,5770.2,5770.2,5770.2,0,0.00%,0
"2025-03-07 16:15",5770.2,5770.2,5770.2,5770.2,0,0.00%,0
"2025-03-07 16:00",5769.69,5770.2,5769.48,5770.2,1.05,+0.02%,0
"2025-03-07 15:45",5755.92,5783.01,5754.75,5769.15,13.17,+0.23%,0
"2025-03-07 15:30",5769.71,5773.12,5739.68,5755.98,-13.83,-0.24%,0
"2025-03-07 15:15",5768.65,5775.99,5757.85,5769.81,1,+0.02%,0
"2025-03-07 15:00",5761.86,5776.66,5757.25,5768.81,7.04,+0.12%,0
"2025-03-07 14:45",5767.08,5767.41,5757.78,5761.77,-5.12,-0.09%,0
"2025-03-07 14:30",5776,5781.19,5765.44,5766.89,-8.95,-0.15%,0
"2025-03-07 14:15",5760.56,5782.51,5759.63,5775.84,15.86,+0.28%,0
"2025-03-07 14:00",5761.99,5770.99,5751.94,5759.98,-1.77,-0.03%,0
"2025-03-07 13:45",5751.18,5762.51,5750.49,5761.75,10.35,+0.18%,0
"2025-03-07 13:30",5735.74,5758.19,5733.57,5751.4,15.75,+0.27%,0
"2025-03-07 13:15",5744.28,5751.84,5732.31,5735.65,-8.5,-0.15%,0
"2025-03-07 13:00",5712.07,5749.16,5712.07,5744.15,31.87,+0.56%,0
"2025-03-07 12:45",5722.32,5739.96,5707.82,5712.28,-10.05,-0.18%,0
"2025-03-07 12:30",5689.71,5722.44,5684.92,5722.33,32.72,+0.58%,0
"2025-03-07 12:15",5678.63,5689.66,5668.16,5689.61,10.72,+0.19%,0
"2025-03-07 12:00",5679.92,5694.88,5668.97,5678.89,-1.06,-0.02%,0
"2025-03-07 11:45",5680.03,5682.07,5666.29,5679.95,-0.08,0.00%,0
"2025-03-07 11:30",5685.4,5689.13,5672.65,5680.03,-5.05,-0.09%,0
"2025-03-07 11:15",5712.78,5713.87,5683.43,5685.08,-27.56,-0.48%,0
"2025-03-07 11:00",5718.39,5721.42,5709.42,5712.64,-5.58,-0.10%,0
"2025-03-07 10:45",5705.47,5737.15,5703.26,5718.22,12.86,+0.23%,0
"2025-03-07 10:30",5732.98,5732.98,5693.99,5705.36,-27.44,-0.48%,0
"2025-03-07 10:15",5741.96,5744.79,5728.31,5732.8,-9.25,-0.16%,0
"2025-03-07 10:00",5749.2,5759.73,5737.52,5742.05,-8.54,-0.15%,0
"2025-03-07 09:45",5748.8,5770.48,5748.8,5750.59,2.43,+0.04%,0
"2025-03-07 09:30",5726.01,5756.38,5719.68,5748.16,9.64,+0.17%,0
"2025-03-06 16:30",5738.52,5738.52,5738.52,5738.52,0,0.00%,0
"2025-03-06 16:15",5738.52,5738.52,5738.52,5738.52,0,0.00%,0
"2025-03-06 16:00",5738.65,5738.65,5738.42,5738.52,0.03,0.00%,0
"2025-03-06 15:45",5728.81,5745.58,5726.74,5738.49,9.41,+0.16%,0
"2025-03-06 15:30",5740.7,5752.12,5727.48,5729.08,-11.7,-0.20%,0
"2025-03-06 15:15",5742.33,5745.89,5724.08,5740.78,-1.65,-0.03%,0
"2025-03-06 15:00",5720.9,5742.61,5716.54,5742.43,21.17,+0.37%,0
"2025-03-06 14:45",5728.41,5759.48,5719.96,5721.26,-7.28,-0.13%,0
"2025-03-06 14:30",5716.59,5732.16,5711.64,5728.54,11.82,+0.21%,0
"2025-03-06 14:15",5726.27,5729.09,5712.14,5716.72,-9.56,-0.17%,0
"2025-03-06 14:00",5732.14,5733.14,5719.68,5726.28,-6.11,-0.11%,0
"2025-03-06 13:45",5721.7,5737.64,5720.19,5732.39,10.41,+0.18%,0
"2025-03-06 13:30",5736.09,5741.32,5715.33,5721.98,-14.1,-0.25%,0
"2025-03-06 13:15",5739.98,5751.68,5734.97,5736.08,-4.13,-0.07%,0
"2025-03-06 13:00",5741.28,5742.68,5731.37,5740.21,-1.13,-0.02%,0
"2025-03-06 12:45",5736.73,5745.44,5721.59,5741.34,4.65,+0.08%,0
"2025-03-06 12:30",5736.72,5746.85,5732.55,5736.69,0.06,0.00%,0
"2025-03-06 12:15",5740.57,5755.09,5731.79,5736.63,-3.95,-0.07%,0
"2025-03-06 12:00",5756.16,5760.34,5737.41,5740.58,-15.66,-0.27%,0
"2025-03-06 11:45",5778.73,5782.04,5755.82,5756.24,-22.23,-0.38%,0
"2025-03-06 11:30",5797.01,5810.04,5775.99,5778.47,-18.78,-0.32%,0
"2025-03-06 11:15",5805.01,5806.95,5784.38,5797.25,-7.7,-0.13%,0
"2025-03-06 11:00",5798.13,5812.08,5798.13,5804.95,6.94,+0.12%,0
"2025-03-06 10:45",5809.39,5811.55,5787.17,5798.01,-11.67,-0.20%,0
"2025-03-06 10:30",5796.14,5811.47,5789.97,5809.68,13.32,+0.23%,0
"2025-03-06 10:15",5786.39,5798.49,5782.41,5796.36,9.82,+0.17%,0
"2025-03-06 10:00",5755.2,5789.11,5751.94,5786.54,30.62,+0.53%,0
"2025-03-06 09:45",5748.58,5770.02,5748.08,5755.92,6.32,+0.11%,0
"2025-03-06 09:30",5785.87,5785.87,5746.53,5749.6,-93.03,-1.59%,0
"2025-03-05 16:45",5842.63,5842.63,5842.63,5842.63,0,0.00%,0
"2025-03-05 16:15",5842.63,5842.63,5842.63,5842.63,0,0.00%,0
"2025-03-05 16:00",5842.79,5842.79,5842.15,5842.63,1.68,+0.03%,0
"2025-03-05 15:45",5848.98,5850.07,5826.52,5840.95,-7.96,-0.14%,0
"2025-03-05 15:30",5853.46,5853.46,5839.4,5848.91,-4.73,-0.08%,0
"2025-03-05 15:15",5858.26,5859.43,5835.4,5853.64,-4.61,-0.08%,0
"2025-03-05 15:00",5842.73,5860.59,5842.18,5858.25,15.61,+0.27%,0
"2025-03-05 14:45",5840.68,5853.23,5838.98,5842.64,2.08,+0.04%,0
"2025-03-05 14:30",5839.79,5846.85,5832.88,5840.56,0.99,+0.02%,0
"2025-03-05 14:15",5851.43,5854.72,5836.54,5839.57,-12.05,-0.21%,0
"2025-03-05 14:00",5825.96,5853.38,5821.01,5851.62,25.6,+0.44%,0
"2025-03-05 13:45",5797.27,5826.02,5797.21,5826.02,28.71,+0.50%,0
"2025-03-05 13:30",5803.94,5806.59,5791.67,5797.31,-6.63,-0.11%,0
"2025-03-05 13:15",5805.86,5811.06,5801.08,5803.94,-1.97,-0.03%,0
"2025-03-05 13:00",5819.28,5822.31,5790.75,5805.91,-13.38,-0.23%,0
"2025-03-05 12:45",5803.32,5819.86,5791.5,5819.29,15.86,+0.27%,0
"2025-03-05 12:30",5798.51,5805.78,5797.26,5803.43,5.07,+0.09%,0
"2025-03-05 12:15",5776.39,5798.42,5776.39,5798.36,22.04,+0.38%,0
"2025-03-05 12:00",5770.42,5786.02,5770.42,5776.32,5.27,+0.09%,0
"2025-03-05 11:45",5744.9,5777.34,5742.35,5771.05,26.23,+0.46%,0
"2025-03-05 11:30",5759.72,5759.72,5743.58,5744.82,-15.08,-0.26%,0
"2025-03-05 11:15",5760.61,5761.9,5750.49,5759.9,-0.89,-0.02%,0
"2025-03-05 11:00",5781.09,5781.09,5750.71,5760.79,-20.33,-0.35%,0
"2025-03-05 10:45",5784.44,5790.83,5771.02,5781.12,-3.13,-0.05%,0
"2025-03-05 10:30",5770.83,5794.34,5767.71,5784.25,13.54,+0.23%,0
"2025-03-05 10:15",5795.22,5795.98,5766.34,5770.71,-24.57,-0.42%,0
"2025-03-05 10:00",5769.08,5806.69,5769.08,5795.28,24.42,+0.42%,0
"2025-03-05 09:45",5797.34,5798.37,5761.63,5770.86,-26.56,-0.46%,0
"2025-03-05 09:30",5781.36,5803.55,5776.06,5797.42,19.27,+0.33%,0
"2025-03-04 16:45",5778.15,5778.15,5778.15,5778.15,0,0.00%,0
"2025-03-04 16:15",5778.15,5778.15,5778.15,5778.15,0,0.00%,0
"2025-03-04 16:00",5778.68,5778.68,5778.15,5778.15,0.71,+0.01%,0
"2025-03-04 15:45",5811.92,5817.71,5759.35,5777.44,-34.53,-0.59%,0
"2025-03-04 15:30",5850.89,5852.03,5801.26,5811.97,-39.53,-0.68%,0
"2025-03-04 15:15",5846.81,5865.08,5842.08,5851.5,4.81,+0.08%,0
"2025-03-04 15:00",5840.68,5849.99,5834.39,5846.69,5.84,+0.10%,0
"2025-03-04 14:45",5833.87,5842.4,5831.75,5840.85,7.12,+0.12%,0
"2025-03-04 14:30",5826.29,5835.77,5820.57,5833.73,7.61,+0.13%,0
"2025-03-04 14:15",5827.13,5841.13,5824.68,5826.12,-1.05,-0.02%,0
"2025-03-04 14:00",5814.31,5836.43,5813.89,5827.17,12.9,+0.22%,0
"2025-03-04 13:45",5801.82,5819.22,5799.67,5814.27,12.54,+0.22%,0
"2025-03-04 13:30",5786.7,5805.98,5781.87,5801.73,14.86,+0.26%,0
"2025-03-04 13:15",5809.03,5809.03,5784.52,5786.87,-22.33,-0.38%,0
"2025-03-04 13:00",5776.35,5811.45,5772.61,5809.2,32.89,+0.57%,0
"2025-03-04 12:45",5784.36,5792.3,5771.45,5776.31,-8.12,-0.14%,0
"2025-03-04 12:30",5790.32,5791.44,5778.6,5784.43,-5.74,-0.10%,0
"2025-03-04 12:15",5773.47,5796.35,5771.82,5790.17,16.69,+0.29%,0
"2025-03-04 12:00",5770.41,5777.87,5764.98,5773.48,3.26,+0.06%,0
"2025-03-04 11:45",5762.37,5776.82,5757.94,5770.22,8.16,+0.14%,0
"2025-03-04 11:30",5740.38,5763.53,5740.35,5762.06,21.28,+0.37%,0
"2025-03-04 11:15",5756.77,5760.78,5733.24,5740.78,-16.29,-0.28%,0
"2025-03-04 11:00",5751.26,5757.17,5735.41,5757.07,5.45,+0.09%,0
"2025-03-04 10:45",5762.97,5767.4,5745.06,5751.62,-11.25,-0.20%,0
"2025-03-04 10:30",5756.4,5770.65,5752.75,5762.87,6.29,+0.11%,0
"2025-03-04 10:15",5756.88,5759.87,5732.59,5756.58,-0.53,-0.01%,0
"2025-03-04 10:00",5767.86,5771.19,5750.77,5757.11,-10.16,-0.18%,0
"2025-03-04 09:45",5794.04,5805.52,5767.06,5767.27,-26.77,-0.46%,0
"2025-03-04 09:30",5811.98,5811.98,5785.34,5794.04,-55.68,-0.95%,0
"2025-03-03 16:45",5849.72,5849.72,5849.72,5849.72,0,0.00%,0
"2025-03-03 16:15",5849.72,5849.72,5849.72,5849.72,0,0.00%,0
"2025-03-03 16:00",5850.48,5850.48,5849.72,5849.72,-1.61,-0.03%,0
"2025-03-03 15:45",5817.42,5851.33,5816.5,5851.33,32.46,+0.56%,0
"2025-03-03 15:30",5823.25,5835.83,5810.91,5818.87,-4.4,-0.08%,0
"2025-03-03 15:15",5840.04,5848.82,5819.92,5823.27,-17.1,-0.29%,0
"2025-03-03 15:00",5872.35,5872.35,5832.8,5840.37,-32.,-0.54%,0
"2025-03-03 14:45",5914.17,5914.17,5872.13,5872.37,-41.75,-0.71%,0
"2025-03-03 14:30",5896.5,5917.6,5896.06,5914.12,17.54,+0.30%,0
"2025-03-03 14:15",5905.34,5906.53,5894.61,5896.58,-8.75,-0.15%,0
"2025-03-03 14:00",5903.33,5913.34,5901.64,5905.33,1.8,+0.03%,0
"2025-03-03 13:45",5895.74,5910.22,5890.52,5903.53,7.95,+0.13%,0
"2025-03-03 13:30",5892.6,5898.79,5886.86,5895.58,2.95,+0.05%,0
"2025-03-03 13:15",5904.27,5913.38,5890.63,5892.63,-11.65,-0.20%,0
"2025-03-03 13:00",5931.89,5932.64,5903.09,5904.28,-27.65,-0.47%,0
"2025-03-03 12:45",5948.54,5948.82,5926.48,5931.93,-16.58,-0.28%,0
"2025-03-03 12:30",5949.51,5953.47,5943.66,5948.51,-1.,-0.02%,0
"2025-03-03 12:15",5948.48,5953.16,5945.23,5949.51,1.16,+0.02%,0
"2025-03-03 12:00",5942.75,5949.88,5939.45,5948.35,5.58,+0.09%,0
"2025-03-03 11:45",5925.21,5945.65,5924.65,5942.77,17.55,+0.30%,0
"2025-03-03 11:30",5937.15,5939.7,5923.85,5925.22,-11.97,-0.20%,0
"2025-03-03 11:15",5944.63,5957.3,5937.08,5937.19,-7.46,-0.13%,0
"2025-03-03 11:00",5936.41,5947.32,5935.65,5944.65,8.33,+0.14%,0
"2025-03-03 10:45",5962.74,5962.74,5935.12,5936.32,-26.35,-0.44%,0
"2025-03-03 10:30",5952.87,5962.67,5939.86,5962.67,9.96,+0.17%,0
"2025-03-03 10:15",5931.24,5952.74,5927.73,5952.71,21.78,+0.37%,0
"2025-03-03 10:00",5939.45,5945.24,5919.18,5930.93,-6.11,-0.10%,0
"2025-03-03 09:45",5960.63,5968.08,5936.76,5937.04,-23.54,-0.39%,0
"2025-03-03 09:30",5968.33,5986.09,5957.99,5960.58,6.08,+0.10%,0
"2025-02-28 17:00",5954.5,5954.5,5954.5,5954.5,0,0.00%,0
"2025-02-28 16:15",5954.5,5954.5,5954.5,5954.5,0,0.00%,0
"2025-02-28 16:00",5954.48,5954.53,5954.18,5954.5,1.47,+0.02%,0
"2025-02-28 15:45",5910.83,5959.4,5908.57,5953.03,42.47,+0.72%,0
"2025-02-28 15:30",5908.66,5913.33,5892.56,5910.56,1.88,+0.03%,0
"2025-02-28 15:15",5899.57,5908.68,5890.25,5908.68,9.11,+0.15%,0
"2025-02-28 15:00",5893.18,5904.74,5891.27,5899.57,6.39,+0.11%,0
"2025-02-28 14:45",5886.73,5894.09,5885.07,5893.18,6.55,+0.11%,0
"2025-02-28 14:30",5868.37,5888.51,5865.33,5886.63,18.38,+0.31%,0
"2025-02-28 14:15",5857.33,5869.86,5857.17,5868.25,10.91,+0.19%,0
"2025-02-28 14:00",5849.31,5862.77,5848.63,5857.34,7.89,+0.13%,0
"2025-02-28 13:45",5872.04,5875.08,5849.16,5849.45,-22.49,-0.38%,0
"2025-02-28 13:30",5859.87,5876.96,5856.45,5871.94,12.06,+0.21%,0
"2025-02-28 13:15",5852.95,5859.9,5837.66,5859.88,6.97,+0.12%,0
"2025-02-28 13:00",5848.94,5859.37,5847.45,5852.91,3.98,+0.07%,0
"2025-02-28 12:45",5865.3,5868.45,5848.85,5848.93,-14.08,-0.24%,0
"2025-02-28 12:30",5883.03,5883.75,5862.4,5863.01,-19.97,-0.34%,0
"2025-02-28 12:15",5888.97,5895.31,5878.58,5882.98,-6.12,-0.10%,0
"2025-02-28 12:00",5885.97,5889.41,5878.4,5889.1,3.01,+0.05%,0
"2025-02-28 11:45",5891.35,5895.32,5884.52,5886.09,-5.25,-0.09%,0
"2025-02-28 11:30",5873.88,5894.19,5871.79,5891.34,17.37,+0.30%,0
"2025-02-28 11:15",5889.11,5890.8,5873.27,5873.97,-15.25,-0.26%,0
"2025-02-28 11:00",5901.34,5903.49,5887.88,5889.22,-12.16,-0.21%,0
"2025-02-28 10:45",5887.69,5901.75,5886.18,5901.38,13.69,+0.23%,0
"2025-02-28 10:30",5896.9,5900.12,5884.48,5887.69,-9.2,-0.16%,0
"2025-02-28 10:15",5887.85,5897.35,5872.3,5896.89,9.11,+0.15%,0
"2025-02-28 10:00",5871.87,5887.78,5865.43,5887.78,15.64,+0.27%,0
"2025-02-28 09:45",5872.02,5872.91,5860.29,5872.14,0.19,0.00%,0
"2025-02-28 09:30",5856.74,5875.21,5842.78,5871.95,10.38,+0.18%,0
"2025-02-27 16:45",5861.57,5861.57,5861.57,5861.57,0,0.00%,0
"2025-02-27 16:15",5861.57,5861.57,5861.57,5861.57,0,0.00%,0
"2025-02-27 16:00",5861.63,5862.3,5861.57,5861.57,-1.22,-0.02%,0
"2025-02-27 15:45",5875.98,5881.92,5858.78,5862.79,-13.34,-0.23%,0
"2025-02-27 15:30",5876.19,5888.06,5872.91,5876.13,-0.24,0.00%,0
"2025-02-27 15:15",5885.63,5892.43,5875.68,5876.37,-9.02,-0.15%,0
"2025-02-27 15:00",5906.47,5906.67,5880.63,5885.39,-21.14,-0.36%,0
"2025-02-27 14:45",5904.39,5911.96,5901.69,5906.53,2.09,+0.04%,0
"2025-02-27 14:30",5921.05,5921.05,5897.03,5904.44,-16.49,-0.28%,0
"2025-02-27 14:15",5938.9,5940.08,5920.54,5920.93,-17.95,-0.30%,0
"2025-02-27 14:00",5950.81,5951.27,5938.54,5938.88,-11.89,-0.20%,0
"2025-02-27 13:45",5956.7,5959.96,5950.51,5950.77,-5.8,-0.10%,0
"2025-02-27 13:30",5959.45,5962.54,5955.65,5956.57,-2.68,-0.04%,0
"2025-02-27 13:15",5959.96,5964.89,5955.85,5959.25,-0.65,-0.01%,0
"2025-02-27 13:00",5947.11,5961.96,5947,5959.9,12.69,+0.21%,0
"2025-02-27 12:45",5941.46,5947.97,5938.06,5947.21,5.78,+0.10%,0
"2025-02-27 12:30",5952.38,5956.99,5938.22,5941.43,-10.95,-0.18%,0
"2025-02-27 12:15",5937.44,5952.4,5927.81,5952.38,14.96,+0.25%,0
"2025-02-27 12:00",5938.02,5943.2,5935.62,5937.42,-0.51,-0.01%,0
"2025-02-27 11:45",5952.12,5954.57,5936.65,5937.93,-13.83,-0.23%,0
"2025-02-27 11:30",5954.87,5962.75,5950.56,5951.76,-3.19,-0.05%,0
"2025-02-27 11:15",5966.23,5975.12,5952.98,5954.95,-10.99,-0.18%,0
"2025-02-27 11:00",5947.7,5966.58,5946.54,5965.94,18.15,+0.31%,0
"2025-02-27 10:45",5964.14,5968.67,5947.16,5947.79,-16.43,-0.28%,0
"2025-02-27 10:30",5968.13,5969.8,5950.6,5964.22,-3.96,-0.07%,0
"2025-02-27 10:15",5954.72,5977.76,5952.22,5968.18,13.3,+0.22%,0
"2025-02-27 10:00",5937.02,5957.29,5918.04,5954.88,17.58,+0.30%,0
"2025-02-27 09:45",5967.58,5976.58,5933.86,5937.3,-30.16,-0.51%,0
"2025-02-27 09:30",5981.88,5993.69,5964.5,5967.46,11.4,+0.19%,0
"2025-02-26 16:30",5956.06,5956.06,5956.06,5956.06,0,0.00%,0
"2025-02-26 16:15",5956.06,5956.06,5956.06,5956.06,0,0.00%,0
"2025-02-26 16:00",5957.01,5957.01,5956.06,5956.06,-1.37,-0.02%,0
"2025-02-26 15:45",5961.93,5965.88,5950.62,5957.43,-4.62,-0.08%,0
"2025-02-26 15:30",5949.74,5962.69,5945.71,5962.05,12.06,+0.20%,0
"2025-02-26 15:15",5946.3,5953.59,5943.65,5949.99,3.63,+0.06%,0
"2025-02-26 15:00",5940.72,5950.25,5938.53,5946.36,5.58,+0.09%,0
"2025-02-26 14:45",5955.5,5958.38,5940.01,5940.78,-14.64,-0.25%,0
"2025-02-26 14:30",5947.66,5959.12,5946.11,5955.42,7.76,+0.13%,0
"2025-02-26 14:15",5938.46,5952.07,5933.96,5947.66,9.17,+0.15%,0
"2025-02-26 14:00",5939.74,5945.8,5932.69,5938.49,-1.25,-0.02%,0
"2025-02-26 13:45",5949.93,5952.02,5935.25,5939.74,-10.14,-0.17%,0
"2025-02-26 13:30",5952.91,5958.96,5945.98,5949.88,-3.25,-0.05%,0
"2025-02-26 13:15",5967.96,5969.42,5952.79,5953.13,-14.88,-0.25%,0
"2025-02-26 13:00",5969.33,5971.54,5962.87,5968.01,-1.51,-0.03%,0
"2025-02-26 12:45",5986.63,5987.97,5965.31,5969.52,-17.2,-0.29%,0
"2025-02-26 12:30",5999.94,6003.01,5982.08,5986.72,-13.34,-0.22%,0
"2025-02-26 12:15",6004.29,6007.25,5994.65,6000.06,-4.14,-0.07%,0
"2025-02-26 12:00",5993.61,6004.44,5990.91,6004.2,10.66,+0.18%,0
"2025-02-26 11:45",6001.81,6006.62,5992.46,5993.54,-8.,-0.13%,0
"2025-02-26 11:30",6000.23,6007.81,5995.4,6001.54,1.3,+0.02%,0
"2025-02-26 11:15",6008.61,6008.9,6000.24,6000.24,-8.75,-0.15%,0
"2025-02-26 11:00",6002.16,6009.82,6002.16,6008.99,6.99,+0.12%,0
"2025-02-26 10:45",6001.34,6005.8,5997.37,6002,0.78,+0.01%,0
"2025-02-26 10:30",5992.54,6003.82,5992.54,6001.22,8.59,+0.14%,0
"2025-02-26 10:15",5999.54,6005.87,5990.84,5992.63,-6.7,-0.11%,0
"2025-02-26 10:00",5990.62,6000.67,5986.79,5999.33,8.95,+0.15%,0
"2025-02-26 09:45",5972.75,5991.99,5970.68,5990.38,18.3,+0.31%,0
"2025-02-26 09:30",5970.87,5979.17,5964.71,5972.08,16.83,+0.28%,0
"2025-02-25 16:45",5955.25,5955.25,5955.25,5955.25,0,0.00%,0
"2025-02-25 16:15",5955.25,5955.25,5955.25,5955.25,0,0.00%,0
"2025-02-25 16:00",5954.93,5955.36,5954.93,5955.25,-0.67,-0.01%,0
"2025-02-25 15:45",5955.33,5961.41,5949.29,5955.92,0.33,+0.01%,0
"2025-02-25 15:30",5972.13,5973.04,5953.23,5955.59,-16.54,-0.28%,0
"2025-02-25 15:15",5965.25,5979.95,5963.65,5972.13,6.72,+0.11%,0
"2025-02-25 15:00",5965.58,5971.47,5961.55,5965.41,-0.1,0.00%,0
"2025-02-25 14:45",5966.81,5967.77,5957.73,5965.51,-1.27,-0.02%,0
"2025-02-25 14:30",5944.42,5968.5,5943.81,5966.78,22.29,+0.37%,0
"2025-02-25 14:15",5949.3,5951.75,5944.21,5944.49,-4.92,-0.08%,0
"2025-02-25 14:00",5960.8,5961.8,5949.41,5949.41,-11.38,-0.19%,0
"2025-02-25 13:45",5969.67,5971.28,5960.48,5960.79,-8.79,-0.15%,0
"2025-02-25 13:30",5950.6,5971.54,5949.48,5969.58,19.04,+0.32%,0
"2025-02-25 13:15",5963,5964.9,5950.31,5950.54,-12.68,-0.21%,0
"2025-02-25 13:00",5960.86,5974.63,5960.86,5963.22,2.35,+0.04%,0
"2025-02-25 12:45",5954.63,5960.92,5952.21,5960.87,6.26,+0.11%,0
"2025-02-25 12:30",5949.78,5958.06,5948.35,5954.61,4.92,+0.08%,0
"2025-02-25 12:15",5940.43,5949.69,5934.42,5949.69,9.16,+0.15%,0
"2025-02-25 12:00",5945.19,5946.66,5938.7,5940.53,-4.99,-0.08%,0
"2025-02-25 11:45",5923.52,5950.49,5922.56,5945.52,21.8,+0.37%,0
"2025-02-25 11:30",5921.44,5925.67,5908.49,5923.72,2.16,+0.04%,0
"2025-02-25 11:15",5932.53,5934.58,5920.27,5921.56,-11.14,-0.19%,0
"2025-02-25 11:00",5936.47,5936.51,5922.85,5932.7,-3.63,-0.06%,0
"2025-02-25 10:45",5935.22,5946.93,5928.58,5936.33,1.03,+0.02%,0
"2025-02-25 10:30",5920.78,5939.86,5918.15,5935.3,14.7,+0.25%,0
"2025-02-25 10:15",5938.32,5943.92,5919.51,5920.6,-17.79,-0.30%,0
"2025-02-25 10:00",5965.05,5965.05,5938.08,5938.39,-26.07,-0.44%,0
"2025-02-25 09:45",5977.2,5981.18,5955.27,5964.46,-12.67,-0.21%,0
"2025-02-25 09:30",5982.73,5992.65,5976.04,5977.13,-6.12,-0.10%,0
"2025-02-24 16:45",5983.25,5983.25,5983.25,5983.25,0,0.00%,0
"2025-02-24 16:15",5983.25,5983.25,5983.25,5983.25,0,0.00%,0
"2025-02-24 16:00",5983.78,5983.96,5983.25,5983.25,-1.05,-0.02%,0
"2025-02-24 15:45",6001.82,6006.59,5979.93,5984.3,-17.46,-0.29%,0
"2025-02-24 15:30",6004.59,6010.54,5999.92,6001.76,-2.65,-0.04%,0
"2025-02-24 15:15",6010.09,6013.49,6004.35,6004.41,-5.54,-0.09%,0
"2025-02-24 15:00",6011.35,6012.15,6005.1,6009.95,-1.42,-0.02%,0
"2025-02-24 14:45",6013.18,6015.28,6008.27,6011.37,-1.71,-0.03%,0
"2025-02-24 14:30",6014.05,6020.28,6012.41,6013.08,-1.12,-0.02%,0
"2025-02-24 14:15",6020.61,6021.1,6012.68,6014.2,-6.45,-0.11%,0
"2025-02-24 14:00",6020.13,6027.75,6017.65,6020.65,0.58,+0.01%,0
"2025-02-24 13:45",6027.98,6029.59,6017.88,6020.07,-7.98,-0.13%,0
"2025-02-24 13:30",6028.12,6029.59,6025.02,6028.05,-0.04,0.00%,0
"2025-02-24 13:15",6023.54,6030.68,6023.17,6028.09,4.52,+0.08%,0
"2025-02-24 13:00",6020.75,6025.38,6019.87,6023.57,2.87,+0.05%,0
"2025-02-24 12:45",6028.82,6031.45,6020.23,6020.7,-8.19,-0.14%,0
"2025-02-24 12:30",6025.06,6029.62,6020.75,6028.89,3.89,+0.06%,0
"2025-02-24 12:15",6018.03,6029.41,6018.03,6025,6.94,+0.12%,0
"2025-02-24 12:00",6013.33,6021.85,6012.59,6018.06,4.77,+0.08%,0
"2025-02-24 11:45",6016.63,6021.58,6012.63,6013.29,-3.27,-0.05%,0
"2025-02-24 11:30",6014.95,6021.59,6008.55,6016.56,1.64,+0.03%,0
"2025-02-24 11:15",5997.65,6017.06,5997.28,6014.92,17.32,+0.29%,0
"2025-02-24 11:00",5990.33,5999.89,5988.35,5997.6,7.4,+0.12%,0
"2025-02-24 10:45",5989.56,5995.2,5981.24,5990.2,0.49,+0.01%,0
"2025-02-24 10:30",5992.22,5997.03,5987.72,5989.71,-2.53,-0.04%,0
"2025-02-24 10:15",6003.18,6006.88,5991.32,5992.24,-10.97,-0.18%,0
"2025-02-24 10:00",5999.72,6004.16,5977.83,6003.21,3.22,+0.05%,0
"2025-02-24 09:45",6023.71,6025.94,5999.65,5999.99,-23.41,-0.39%,0
"2025-02-24 09:30",6026.69,6043.65,6019.88,6023.4,10.27,+0.17%,0
"2025-02-21 16:45",6013.13,6013.13,6013.13,6013.13,0,0.00%,0
"2025-02-21 16:15",6013.13,6013.13,6013.13,6013.13,0,0.00%,0
"2025-02-21 16:00",6012.46,6013.51,6012.46,6013.13,-0.33,-0.01%,0
"2025-02-21 15:45",6014.7,6018.97,6009.65,6013.46,-1.32,-0.02%,0
"2025-02-21 15:30",6019.33,6022.43,6014.51,6014.78,-4.46,-0.07%,0
"2025-02-21 15:15",6015.12,6020.01,6012.67,6019.24,4.08,+0.07%,0
"2025-02-21 15:00",6014.58,6018.23,6010.82,6015.16,0.65,+0.01%,0
"2025-02-21 14:45",6014.51,6020.41,6010.81,6014.51,0.25,0.00%,0
"2025-02-21 14:30",6012.32,6019.82,6008.56,6014.26,2.11,+0.04%,0
"2025-02-21 14:15",6035.36,6035.36,6010.86,6012.15,-23.24,-0.39%,0
"2025-02-21 14:00",6031.44,6036.58,6026.4,6035.39,4.06,+0.07%,0
"2025-02-21 13:45",6032.97,6035.92,6030.01,6031.33,-1.68,-0.03%,0
"2025-02-21 13:30",6035.88,6045.99,6030.5,6033.01,-2.86,-0.05%,0
"2025-02-21 13:15",6042.84,6048.8,6035.69,6035.87,-6.83,-0.11%,0
"2025-02-21 13:00",6051.98,6052.36,6035.74,6042.7,-9.36,-0.15%,0
"2025-02-21 12:45",6064.66,6064.76,6050.06,6052.06,-12.62,-0.21%,0
"2025-02-21 12:30",6071.1,6071.69,6060.09,6064.68,-6.28,-0.10%,0
"2025-02-21 12:15",6077.81,6078.08,6065.76,6070.96,-6.96,-0.11%,0
"2025-02-21 12:00",6081.84,6084.92,6076.66,6077.92,-4.07,-0.07%,0
"2025-02-21 11:45",6083.22,6084.48,6078.04,6081.99,-1.3,-0.02%,0
"2025-02-21 11:30",6083.7,6088.53,6081.62,6083.29,-0.44,-0.01%,0
"2025-02-21 11:15",6085.12,6089.13,6081.8,6083.73,-1.15,-0.02%,0
"2025-02-21 11:00",6082.48,6086,6076.44,6084.88,3.08,+0.05%,0
"2025-02-21 10:45",6071.91,6081.8,6071.91,6081.8,9.72,+0.16%,0
"2025-02-21 10:30",6081.91,6084.22,6072.08,6072.08,-9.8,-0.16%,0
"2025-02-21 10:15",6094.54,6096.79,6079.77,6081.88,-12.72,-0.21%,0
"2025-02-21 10:00",6098.3,6101.25,6089.5,6094.6,-3.34,-0.05%,0
"2025-02-21 09:45",6106.22,6109.75,6096.68,6097.94,-8.36,-0.14%,0
"2025-02-21 09:30",6114.1,6114.82,6103.12,6106.3,-11.22,-0.18%,0
"2025-02-20 16:45",6117.52,6117.52,6117.52,6117.52,0,0.00%,0
"2025-02-20 16:15",6117.52,6117.52,6117.52,6117.52,0,0.00%,0
"2025-02-20 16:00",6117.99,6117.99,6117.52,6117.52,-0.49,-0.01%,0
"2025-02-20 15:45",6113.64,6121.87,6112.02,6118.01,4.37,+0.07%,0
"2025-02-20 15:30",6112.85,6114.04,6109.59,6113.64,0.84,+0.01%,0
"2025-02-20 15:15",6110.69,6115.42,6107.39,6112.8,2.08,+0.03%,0
"2025-02-20 15:00",6113.41,6114.02,6109.49,6110.72,-2.64,-0.04%,0
"2025-02-20 14:45",6105.81,6115.35,6105.32,6113.36,7.58,+0.12%,0
"2025-02-20 14:30",6106.66,6107.06,6101.78,6105.78,-0.85,-0.01%,0
"2025-02-20 14:15",6107.49,6109.53,6106.27,6106.63,-0.89,-0.01%,0
"2025-02-20 14:00",6100.84,6108.72,6100.09,6107.52,6.69,+0.11%,0
"2025-02-20 13:45",6100.27,6102.06,6096.65,6100.83,0.56,+0.01%,0
"2025-02-20 13:30",6094.15,6100.35,6092.88,6100.27,6.09,+0.10%,0
"2025-02-20 13:15",6098.97,6099.06,6091.55,6094.18,-4.84,-0.08%,0
"2025-02-20 13:00",6094.58,6099.03,6092.02,6099.02,4.46,+0.07%,0
"2025-02-20 12:45",6104.65,6104.79,6094.53,6094.56,-10.08,-0.17%,0
"2025-02-20 12:30",6102.52,6105.3,6101.16,6104.64,2.15,+0.04%,0
"2025-02-20 12:15",6100.98,6104.11,6099.71,6102.49,1.49,+0.02%,0
"2025-02-20 12:00",6089.55,6101,6087.77,6101,11.4,+0.19%,0
"2025-02-20 11:45",6094.13,6094.51,6089.11,6089.6,-4.53,-0.07%,0
"2025-02-20 11:30",6096.71,6098.09,6086.27,6094.13,-2.62,-0.04%,0
"2025-02-20 11:15",6096.36,6097.16,6089.62,6096.75,0.3,0.00%,0
"2025-02-20 11:00",6087.34,6098.84,6086.61,6096.45,9.41,+0.15%,0
"2025-02-20 10:45",6099.55,6100.77,6084.97,6087.04,-12.34,-0.20%,0
"2025-02-20 10:30",6105.9,6109.96,6098.36,6099.38,-6.39,-0.10%,0
"2025-02-20 10:15",6099.46,6108.47,6099.46,6105.77,6.32,+0.10%,0
"2025-02-20 10:00",6097.74,6102.31,6084.59,6099.45,1.52,+0.02%,0
"2025-02-20 09:45",6120.57,6121.17,6097.56,6097.93,-23.47,-0.38%,0
"2025-02-20 09:30",6134.5,6134.5,6121.37,6121.4,-22.75,-0.37%,0
"2025-02-19 16:45",6144.15,6144.15,6144.15,6144.15,0,0.00%,0
"2025-02-19 16:15",6144.15,6144.15,6144.15,6144.15,0,0.00%,0
"2025-02-19 16:00",6144.44,6144.44,6144.09,6144.15,0.2,0.00%,0
"2025-02-19 15:45",6139,6145.66,6137.48,6143.95,4.96,+0.08%,0
"2025-02-19 15:30",6136.11,6143.46,6136.11,6138.99,2.87,+0.05%,0
"2025-02-19 15:15",6141.96,6145.06,6133.6,6136.12,-5.8,-0.09%,0
"2025-02-19 15:00",6146.33,6146.33,6140.29,6141.92,-4.6,-0.07%,0
"2025-02-19 14:45",6144,6147.43,6142.44,6146.52,2.53,+0.04%,0
"2025-02-19 14:30",6143.52,6145.56,6142.15,6143.99,0.34,+0.01%,0
"2025-02-19 14:15",6140.77,6146.12,6140.77,6143.65,3.03,+0.05%,0
"2025-02-19 14:00",6130.71,6140.62,6130.2,6140.62,10.05,+0.16%,0
"2025-02-19 13:45",6134.34,6134.87,6130.52,6130.57,-3.76,-0.06%,0
"2025-02-19 13:30",6132.06,6136.07,6132.06,6134.33,2.29,+0.04%,0
"2025-02-19 13:15",6125.25,6132.51,6125.17,6132.04,6.78,+0.11%,0
"2025-02-19 13:00",6131.37,6132.01,6122.59,6125.26,-6.07,-0.10%,0
"2025-02-19 12:45",6128.92,6134.47,6128.09,6131.33,2.4,+0.04%,0
"2025-02-19 12:30",6126.11,6129.63,6124.23,6128.93,2.81,+0.05%,0
"2025-02-19 12:15",6131.59,6131.79,6125.5,6126.12,-5.56,-0.09%,0
"2025-02-19 12:00",6132.99,6135.07,6130.36,6131.68,-1.27,-0.02%,0
"2025-02-19 11:45",6132.87,6134.08,6130.66,6132.95,0.09,0.00%,0
"2025-02-19 11:30",6127.6,6132.89,6125.95,6132.86,5.33,+0.09%,0
"2025-02-19 11:15",6128.23,6128.98,6125.75,6127.53,-0.71,-0.01%,0
"2025-02-19 11:00",6117.17,6128.78,6117.03,6128.24,11.09,+0.18%,0
"2025-02-19 10:45",6121.34,6122.54,6114.16,6117.15,-4.01,-0.07%,0
"2025-02-19 10:30",6116.88,6123.97,6116.76,6121.16,4.19,+0.07%,0
"2025-02-19 10:15",6112.84,6117.89,6111.86,6116.97,4.06,+0.07%,0
"2025-02-19 10:00",6115.35,6118.3,6111.15,6112.91,-1.84,-0.03%,0
"2025-02-19 09:45",6115.33,6118.06,6112.19,6114.75,-0.76,-0.01%,0
"2025-02-19 09:30",6117.76,6119.06,6112.37,6115.51,-14.07,-0.23%,0
"2025-02-18 16:45",6129.58,6129.58,6129.58,6129.58,0,0.00%,0
"2025-02-18 16:15",6129.58,6129.58,6129.58,6129.58,0,0.00%,0
"2025-02-18 16:00",6129.49,6129.63,6129.49,6129.58,0.19,0.00%,0
"2025-02-18 15:45",6112.89,6129.39,6111.52,6129.39,16.54,+0.27%,0
"2025-02-18 15:30",6113.25,6116.01,6111.64,6112.85,-0.36,-0.01%,0
"2025-02-18 15:15",6114.21,6115.15,6112.04,6113.21,-0.98,-0.02%,0
"2025-02-18 15:00",6114.27,6114.55,6112.17,6114.19,-0.02,0.00%,0
"2025-02-18 14:45",6109.26,6115.85,6108.8,6114.21,4.95,+0.08%,0
"2025-02-18 14:30",6107.69,6110.91,6106.59,6109.26,1.65,+0.03%,0
"2025-02-18 14:15",6103.94,6111.04,6099.51,6107.61,3.67,+0.06%,0
"2025-02-18 14:00",6111.91,6113.82,6100.51,6103.94,-7.97,-0.13%,0
"2025-02-18 13:45",6111.04,6114.89,6109.93,6111.91,0.86,+0.01%,0
"2025-02-18 13:30",6114.06,6114.06,6110.31,6111.05,-3.01,-0.05%,0
"2025-02-18 13:15",6116.36,6116.78,6111,6114.06,-2.34,-0.04%,0
"2025-02-18 13:00",6118.9,6122.28,6115.2,6116.4,-2.48,-0.04%,0
"2025-02-18 12:45",6117.53,6120.83,6116.84,6118.88,1.34,+0.02%,0
"2025-02-18 12:30",6115.86,6119.22,6115.86,6117.54,1.81,+0.03%,0
"2025-02-18 12:15",6117.54,6117.64,6113.48,6115.73,-1.75,-0.03%,0
"2025-02-18 12:00",6118.15,6118.44,6113.83,6117.48,-0.68,-0.01%,0
"2025-02-18 11:45",6117.76,6123.56,6117.63,6118.16,0.47,+0.01%,0
"2025-02-18 11:30",6119.83,6119.83,6116.03,6117.69,-2.15,-0.04%,0
"2025-02-18 11:15",6119.61,6121.24,6113.53,6119.84,0.1,0.00%,0
"2025-02-18 11:00",6121.95,6123.32,6118.9,6119.74,-2.39,-0.04%,0
"2025-02-18 10:45",6117.03,6122.35,6112.05,6122.13,4.98,+0.08%,0
"2025-02-18 10:30",6111.26,6117.95,6109.39,6117.15,5.81,+0.10%,0
"2025-02-18 10:15",6117.3,6118.48,6109.95,6111.34,-5.93,-0.10%,0
"2025-02-18 10:00",6115.58,6119.05,6108.94,6117.27,-1.04,-0.02%,0
"2025-02-18 09:45",6117.11,6121.84,6114.32,6118.31,1.18,+0.02%,0
"2025-02-18 09:30",6121.6,6125.39,6116.3,6117.13,2.5,+0.04%,0
"2025-02-14 16:30",6114.63,6114.63,6114.63,6114.63,0,0.00%,0
"2025-02-14 16:15",6114.63,6114.63,6114.63,6114.63,0,0.00%,0
"2025-02-14 16:00",6113.95,6114.63,6113.95,6114.63,0.89,+0.01%,0
"2025-02-14 15:45",6113.46,6118.68,6111.94,6113.74,0.38,+0.01%,0
"2025-02-14 15:30",6112.83,6117.61,6112.11,6113.36,0.21,0.00%,0
"2025-02-14 15:15",6117.44,6119.02,6112.65,6113.15,-4.24,-0.07%,0
"2025-02-14 15:00",6118.58,6118.58,6115.11,6117.39,-1.2,-0.02%,0
"2025-02-14 14:45",6118.35,6119.28,6115.17,6118.59,0.27,0.00%,0
"2025-02-14 14:30",6117.55,6119.1,6115.8,6118.32,0.77,+0.01%,0
"2025-02-14 14:15",6123.68,6123.91,6117.19,6117.55,-6.12,-0.10%,0
"2025-02-14 14:00",6121.35,6123.81,6120.52,6123.67,2.28,+0.04%,0
"2025-02-14 13:45",6121.41,6124.16,6121.35,6121.39,0.01,0.00%,0
"2025-02-14 13:30",6115.76,6121.83,6115.49,6121.38,5.62,+0.09%,0
"2025-02-14 13:15",6115.78,6117.18,6113.53,6115.76,0.01,0.00%,0
"2025-02-14 13:00",6115.92,6117.51,6114.6,6115.75,-0.11,0.00%,0
"2025-02-14 12:45",6109.18,6116.68,6108.96,6115.86,6.61,+0.11%,0
"2025-02-14 12:30",6109.56,6112.28,6107.62,6109.25,-0.28,0.00%,0
"2025-02-14 12:15",6112.67,6114.07,6109.4,6109.53,-3.14,-0.05%,0
"2025-02-14 12:00",6118.4,6118.83,6110.15,6112.67,-5.78,-0.09%,0
"2025-02-14 11:45",6117.33,6118.82,6111.68,6118.45,1.11,+0.02%,0
"2025-02-14 11:30",6117.07,6117.94,6113.54,6117.34,0.26,0.00%,0
"2025-02-14 11:15",6121.58,6122.11,6111.27,6117.08,-4.48,-0.07%,0
"2025-02-14 11:00",6122.22,6125.7,6119.45,6121.56,-0.54,-0.01%,0
"2025-02-14 10:45",6117.7,6123.61,6117.66,6122.1,4.44,+0.07%,0
"2025-02-14 10:30",6119.43,6120.75,6114.15,6117.66,-1.85,-0.03%,0
"2025-02-14 10:15",6123.82,6124.64,6118.58,6119.51,-4.17,-0.07%,0
"2025-02-14 10:00",6120.86,6127.47,6115.98,6123.68,2.51,+0.04%,0
"2025-02-14 09:45",6120.82,6123,6118.47,6121.17,0.44,+0.01%,0
"2025-02-14 09:30",6115.52,6122.35,6114.81,6120.73,5.66,+0.09%,0
"2025-02-13 16:45",6115.07,6115.07,6115.07,6115.07,0,0.00%,0
"2025-02-13 16:15",6115.07,6115.07,6115.07,6115.07,0,0.00%,0
"2025-02-13 16:00",6114.92,6115.09,6114.92,6115.07,0.13,0.00%,0
"2025-02-13 15:45",6109.23,6116.91,6108.59,6114.94,5.66,+0.09%,0
"2025-02-13 15:30",6112.89,6112.89,6108.82,6109.28,-3.58,-0.06%,0
"2025-02-13 15:15",6110.15,6114.5,6109.34,6112.86,2.64,+0.04%,0
"2025-02-13 15:00",6106,6111.01,6105.45,6110.22,4.28,+0.07%,0
"2025-02-13 14:45",6102.81,6109.99,6101.9,6105.94,3.2,+0.05%,0
"2025-02-13 14:30",6100.12,6106.2,6099.1,6102.74,2.59,+0.04%,0
"2025-02-13 14:15",6097.86,6101.51,6097.39,6100.15,2.31,+0.04%,0
"2025-02-13 14:00",6089.26,6098.91,6088.24,6097.84,8.57,+0.14%,0
"2025-02-13 13:45",6080.31,6089.6,6077.19,6089.27,8.98,+0.15%,0
"2025-02-13 13:30",6079.66,6085.81,6072.09,6080.29,0.73,+0.01%,0
"2025-02-13 13:15",6079.98,6081.22,6068.43,6079.56,-0.45,-0.01%,0
"2025-02-13 13:00",6079.44,6080.91,6076.43,6080.01,0.64,+0.01%,0
"2025-02-13 12:45",6082.45,6087.08,6076.18,6079.37,-3.1,-0.05%,0
"2025-02-13 12:30",6082.92,6084.01,6080.77,6082.47,-0.5,-0.01%,0
"2025-02-13 12:15",6079.89,6083.78,6078.9,6082.97,3.11,+0.05%,0
"2025-02-13 12:00",6078.82,6084.07,6075.62,6079.86,0.81,+0.01%,0
"2025-02-13 11:45",6084.55,6086.43,6075.7,6079.05,-5.48,-0.09%,0
"2025-02-13 11:30",6085.01,6087.44,6081.74,6084.53,-0.51,-0.01%,0
"2025-02-13 11:15",6092.13,6092.19,6084.43,6085.04,-6.94,-0.11%,0
"2025-02-13 11:00",6088.57,6093.2,6087.61,6091.98,3.43,+0.06%,0
"2025-02-13 10:45",6091.02,6091.48,6085.36,6088.55,-2.56,-0.04%,0
"2025-02-13 10:30",6078.89,6093.19,6078.3,6091.11,12.19,+0.20%,0
"2025-02-13 10:15",6070.98,6082.23,6070.98,6078.92,7.94,+0.13%,0
"2025-02-13 10:00",6067.45,6075.51,6061.95,6070.98,4.11,+0.07%,0
"2025-02-13 09:45",6063.3,6068.9,6058.03,6066.87,3.9,+0.06%,0
"2025-02-13 09:30",6060.59,6069.24,6050.95,6062.97,11,+0.18%,0
"2025-02-12 16:45",6051.97,6051.97,6051.97,6051.97,0,0.00%,0
"2025-02-12 16:15",6051.97,6051.97,6051.97,6051.97,0,0.00%,0
"2025-02-12 16:00",6051.31,6051.97,6051.31,6051.97,0.96,+0.02%,0
"2025-02-12 15:45",6045.53,6052.77,6043.39,6051.01,5.5,+0.09%,0
"2025-02-12 15:30",6051.02,6053.4,6045.19,6045.51,-5.48,-0.09%,0
"2025-02-12 15:15",6055.3,6055.47,6050.99,6050.99,-4.38,-0.07%,0
"2025-02-12 15:00",6055.98,6057.59,6054.74,6055.37,-0.56,-0.01%,0
"2025-02-12 14:45",6053.15,6059.31,6052.61,6055.93,2.83,+0.05%,0
"2025-02-12 14:30",6048.2,6053.37,6047.99,6053.1,4.86,+0.08%,0
"2025-02-12 14:15",6044.45,6049.93,6043.64,6048.24,3.8,+0.06%,0
"2025-02-12 14:00",6049.41,6049.61,6043.22,6044.44,-5.03,-0.08%,0
"2025-02-12 13:45",6047.33,6052.38,6047.15,6049.47,2.19,+0.04%,0
"2025-02-12 13:30",6053.11,6054.94,6047.23,6047.28,-5.83,-0.10%,0
"2025-02-12 13:15",6057.95,6058.16,6050.09,6053.11,-4.8,-0.08%,0
"2025-02-12 13:00",6061.91,6063,6055.12,6057.91,-4.,-0.07%,0
"2025-02-12 12:45",6049.99,6062.76,6049.9,6061.91,11.94,+0.20%,0
"2025-02-12 12:30",6056.13,6056.54,6048.97,6049.97,-6.28,-0.10%,0
"2025-02-12 12:15",6055,6057.43,6053.8,6056.25,1.22,+0.02%,0
"2025-02-12 12:00",6051.88,6056.55,6048.97,6055.03,3.24,+0.05%,0
"2025-02-12 11:45",6038.85,6052.52,6036.13,6051.79,12.88,+0.21%,0
"2025-02-12 11:30",6023.93,6039.07,6023.9,6038.91,14.95,+0.25%,0
"2025-02-12 11:15",6027.35,6028.86,6019.63,6023.96,-3.49,-0.06%,0
"2025-02-12 11:00",6042.59,6042.59,6026.11,6027.45,-15.,-0.25%,0
"2025-02-12 10:45",6042.73,6043.73,6036.23,6042.45,-0.31,-0.01%,0
"2025-02-12 10:30",6032.59,6049.15,6032.47,6042.76,10.14,+0.17%,0
"2025-02-12 10:15",6016.53,6040.6,6015.61,6032.62,16.07,+0.27%,0
"2025-02-12 10:00",6031.82,6032.29,6013.87,6016.55,-15.09,-0.25%,0
"2025-02-12 09:45",6024.35,6034.56,6023.26,6031.64,7.14,+0.12%,0
"2025-02-12 09:30",6025.08,6025.08,6003,6024.5,-44.,-0.73%,0
"2025-02-11 16:45",6068.5,6068.5,6068.5,6068.5,0,0.00%,0
"2025-02-11 16:15",6068.5,6068.5,6068.5,6068.5,0,0.00%,0
"2025-02-11 16:00",6069.71,6069.71,6068.5,6068.5,-0.42,-0.01%,0
"2025-02-11 15:45",6067.61,6070.64,6064.5,6068.92,1.37,+0.02%,0
"2025-02-11 15:30",6070.69,6073.57,6064.76,6067.55,-3.2,-0.05%,0
"2025-02-11 15:15",6073.1,6073.22,6068.6,6070.75,-2.3,-0.04%,0
"2025-02-11 15:00",6072.02,6074.55,6071.13,6073.05,1.02,+0.02%,0
"2025-02-11 14:45",6074.53,6074.53,6071.93,6072.03,-2.54,-0.04%,0
"2025-02-11 14:30",6065.19,6076.28,6065.18,6074.57,9.4,+0.15%,0
"2025-02-11 14:15",6062.86,6066.39,6062.51,6065.17,2.31,+0.04%,0
"2025-02-11 14:00",6064.3,6066.28,6062.42,6062.86,-1.44,-0.02%,0
"2025-02-11 13:45",6069.07,6070.81,6064.03,6064.3,-4.74,-0.08%,0
"2025-02-11 13:30",6058.06,6070.66,6057.79,6069.04,10.94,+0.18%,0
"2025-02-11 13:15",6056.39,6059.71,6055.97,6058.1,1.69,+0.03%,0
"2025-02-11 13:00",6055.69,6058.21,6053.55,6056.41,0.77,+0.01%,0
"2025-02-11 12:45",6057.4,6058.19,6054.67,6055.64,-1.95,-0.03%,0
"2025-02-11 12:30",6061.61,6062.3,6056.86,6057.59,-3.92,-0.06%,0
"2025-02-11 12:15",6051.67,6062.64,6050.51,6061.51,9.78,+0.16%,0
"2025-02-11 12:00",6060.19,6060.19,6049.09,6051.73,-8.61,-0.14%,0
"2025-02-11 11:45",6066.46,6067.04,6058.38,6060.34,-6.11,-0.10%,0
"2025-02-11 11:30",6064.17,6067.23,6062.9,6066.45,2.32,+0.04%,0
"2025-02-11 11:15",6066.24,6068.73,6064,6064.13,-2.07,-0.03%,0
"2025-02-11 11:00",6065.44,6067.02,6063.27,6066.2,0.82,+0.01%,0
"2025-02-11 10:45",6063.75,6070.14,6063.75,6065.38,1.51,+0.02%,0
"2025-02-11 10:30",6059.84,6063.89,6058.66,6063.87,3.91,+0.06%,0
"2025-02-11 10:15",6052.18,6060.52,6050.03,6059.96,7.79,+0.13%,0
"2025-02-11 10:00",6052.47,6058.19,6045.6,6052.17,-0.13,0.00%,0
"2025-02-11 09:45",6053.16,6055.09,6050.47,6052.3,-0.67,-0.01%,0
"2025-02-11 09:30",6049.32,6055.34,6042.34,6052.97,-13.47,-0.22%,0
"2025-02-10 16:30",6066.44,6066.44,6066.44,6066.44,0,0.00%,0
"2025-02-10 16:15",6066.44,6066.44,6066.44,6066.44,0,0.00%,0
"2025-02-10 16:00",6066.19,6066.6,6066.19,6066.44,-0.22,0.00%,0
"2025-02-10 15:45",6067.64,6068.6,6061.21,6066.66,-1.,-0.02%,0
"2025-02-10 15:30",6067.46,6068.22,6063.79,6067.66,0.12,0.00%,0
"2025-02-10 15:15",6070.34,6070.58,6066.94,6067.54,-2.75,-0.05%,0
"2025-02-10 15:00",6067.84,6070.34,6066.16,6070.29,2.54,+0.04%,0
"2025-02-10 14:45",6068.33,6070.22,6065.76,6067.75,-0.57,-0.01%,0
"2025-02-10 14:30",6070.58,6071.9,6067.74,6068.32,-2.3,-0.04%,0
"2025-02-10 14:15",6071.27,6073.38,6068.97,6070.62,-0.67,-0.01%,0
"2025-02-10 14:00",6069.74,6071.5,6065.57,6071.29,1.47,+0.02%,0
"2025-02-10 13:45",6066.82,6071.13,6066.49,6069.82,3,+0.05%,0
"2025-02-10 13:30",6065.51,6067.01,6064.47,6066.82,1.29,+0.02%,0
"2025-02-10 13:15",6067.53,6068.67,6065.13,6065.53,-1.89,-0.03%,0
"2025-02-10 13:00",6064.51,6067.53,6063.87,6067.42,2.9,+0.05%,0
"2025-02-10 12:45",6060.94,6064.71,6058.85,6064.52,3.64,+0.06%,0
"2025-02-10 12:30",6055.04,6062.33,6054.91,6060.88,5.85,+0.10%,0
"2025-02-10 12:15",6053.41,6058.16,6051.47,6055.03,1.53,+0.03%,0
"2025-02-10 12:00",6062.92,6063.08,6051.17,6053.5,-9.35,-0.15%,0
"2025-02-10 11:45",6060.7,6063.61,6058.46,6062.85,2.16,+0.04%,0
"2025-02-10 11:30",6061.56,6062.3,6057.67,6060.69,-0.76,-0.01%,0
"2025-02-10 11:15",6065.13,6065.36,6059.04,6061.45,-3.74,-0.06%,0
"2025-02-10 11:00",6067.12,6070.21,6063.85,6065.19,-1.98,-0.03%,0
"2025-02-10 10:45",6066.49,6071.68,6066.45,6067.17,0.67,+0.01%,0
"2025-02-10 10:30",6065.92,6068.72,6064.3,6066.5,0.63,+0.01%,0
"2025-02-10 10:15",6062.7,6066.78,6059.74,6065.87,3.19,+0.05%,0
"2025-02-10 10:00",6054.02,6065.91,6052.37,6062.68,8.89,+0.15%,0
"2025-02-10 09:45",6049.32,6053.91,6046.84,6053.79,4.66,+0.08%,0
"2025-02-10 09:30",6046.4,6059.51,6044.84,6049.13,23.14,+0.38%,0
"2025-02-07 16:45",6025.99,6025.99,6025.99,6025.99,0,0.00%,0
"2025-02-07 16:15",6025.99,6025.99,6025.99,6025.99,0,0.00%,0
"2025-02-07 16:00",6025.92,6026.23,6025.92,6025.99,0.05,0.00%,0
"2025-02-07 15:45",6026.17,6031.21,6023.91,6025.94,-0.03,0.00%,0
"2025-02-07 15:30",6022.72,6029.89,6022.72,6025.97,3.21,+0.05%,0
"2025-02-07 15:15",6023.25,6026.68,6019.96,6022.76,-0.57,-0.01%,0
"2025-02-07 15:00",6030.44,6030.44,6022.37,6023.33,-7.15,-0.12%,0
"2025-02-07 14:45",6033.67,6035.32,6029.81,6030.48,-3.2,-0.05%,0
"2025-02-07 14:30",6025.46,6034.07,6023.45,6033.68,7.73,+0.13%,0
"2025-02-07 14:15",6028.72,6031.17,6024.33,6025.95,-2.8,-0.05%,0
"2025-02-07 14:00",6031.62,6034.92,6026.88,6028.75,-2.91,-0.05%,0
"2025-02-07 13:45",6042.22,6042.62,6031.26,6031.66,-10.49,-0.17%,0
"2025-02-07 13:30",6052.7,6055.68,6040.77,6042.15,-10.51,-0.17%,0
"2025-02-07 13:15",6054.33,6056.42,6050.72,6052.66,-1.74,-0.03%,0
"2025-02-07 13:00",6041.14,6055.05,6039.62,6054.4,13.19,+0.22%,0
"2025-02-07 12:45",6041.3,6046.9,6039.64,6041.21,0.03,0.00%,0
"2025-02-07 12:30",6036.38,6043.23,6033.16,6041.18,4.65,+0.08%,0
"2025-02-07 12:15",6044.74,6045.17,6026.93,6036.53,-8.1,-0.13%,0
"2025-02-07 12:00",6035.62,6045.55,6026.91,6044.63,9.02,+0.15%,0
"2025-02-07 11:45",6040.51,6044.52,6032.53,6035.61,-4.91,-0.08%,0
"2025-02-07 11:30",6039.94,6048.05,6037.55,6040.52,0.54,+0.01%,0
"2025-02-07 11:15",6043.71,6063.16,6039.44,6039.98,-3.65,-0.06%,0
"2025-02-07 11:00",6052.82,6054.34,6035.63,6043.63,-8.84,-0.15%,0
"2025-02-07 10:45",6064.67,6073.37,6032.9,6052.47,-12.24,-0.20%,0
"2025-02-07 10:30",6066.18,6074.44,6063.06,6064.71,-1.4,-0.02%,0
"2025-02-07 10:15",6062.15,6073.42,6057.6,6066.11,4.52,+0.07%,0
"2025-02-07 10:00",6098.76,6098.76,6057.48,6061.59,-37.23,-0.61%,0
"2025-02-07 09:45",6094.25,6101.28,6094.15,6098.82,4.49,+0.07%,0
"2025-02-07 09:30",6083.13,6096.48,6083.13,6094.33,10.76,+0.18%,0
"2025-02-06 16:45",6083.57,6083.57,6083.57,6083.57,0,0.00%,0
"2025-02-06 16:15",6083.57,6083.57,6083.57,6083.57,0,0.00%,0
"2025-02-06 16:00",6083.24,6083.57,6083.24,6083.57,0.71,+0.01%,0
"2025-02-06 15:45",6069.45,6084.03,6069.24,6082.86,13.47,+0.22%,0
"2025-02-06 15:30",6066.63,6069.64,6065.39,6069.39,2.81,+0.05%,0
"2025-02-06 15:15",6061.24,6067.08,6061.16,6066.58,5.32,+0.09%,0
"2025-02-06 15:00",6056.46,6061.28,6054.86,6061.26,4.79,+0.08%,0
"2025-02-06 14:45",6052.82,6062,6051.86,6056.47,3.67,+0.06%,0
"2025-02-06 14:30",6064.8,6064.88,6046.83,6052.8,-12.01,-0.20%,0
"2025-02-06 14:15",6071.3,6073.19,6063.25,6064.81,-6.53,-0.11%,0
"2025-02-06 14:00",6070.89,6073.76,6069.33,6071.34,0.37,+0.01%,0
"2025-02-06 13:45",6073.73,6073.73,6070.08,6070.97,-2.72,-0.04%,0
"2025-02-06 13:30",6075.21,6077.03,6070.94,6073.69,-1.62,-0.03%,0
"2025-02-06 13:15",6073.83,6076.79,6073.14,6075.31,1.39,+0.02%,0
"2025-02-06 13:00",6075.58,6079.4,6073.42,6073.92,-1.78,-0.03%,0
"2025-02-06 12:45",6072.09,6077.34,6071.36,6075.7,3.63,+0.06%,0
"2025-02-06 12:30",6071,6072.87,6068.66,6072.07,1.08,+0.02%,0
"2025-02-06 12:15",6068.18,6075.93,6067.61,6070.99,2.83,+0.05%,0
"2025-02-06 12:00",6071.54,6071.77,6067.45,6068.16,-3.25,-0.05%,0
"2025-02-06 11:45",6070.29,6075.08,6067.69,6071.41,1.21,+0.02%,0
"2025-02-06 11:30",6075.38,6075.49,6069.7,6070.2,-5.21,-0.09%,0
"2025-02-06 11:15",6075.64,6076.84,6073.92,6075.41,-0.29,0.00%,0
"2025-02-06 11:00",6066.36,6075.92,6065.58,6075.7,9.33,+0.15%,0
"2025-02-06 10:45",6066.7,6068.66,6061.29,6066.37,-0.35,-0.01%,0
"2025-02-06 10:30",6069.09,6076.92,6063.9,6066.72,-2.39,-0.04%,0
"2025-02-06 10:15",6077.56,6079.54,6068.37,6069.11,-8.35,-0.14%,0
"2025-02-06 10:00",6073.03,6078.01,6068.7,6077.46,5.26,+0.09%,0
"2025-02-06 09:45",6075.96,6080.71,6069.44,6072.2,-3.68,-0.06%,0
"2025-02-06 09:30",6072.22,6077.89,6070.12,6075.88,14.4,+0.24%,0
"2025-02-05 16:45",6061.48,6061.48,6061.48,6061.48,0,0.00%,0
"2025-02-05 16:15",6061.48,6061.48,6061.48,6061.48,0,0.00%,0
"2025-02-05 16:00",6061.98,6061.98,6061.47,6061.48,-0.41,-0.01%,0
"2025-02-05 15:45",6049.57,6062.86,6048.95,6061.89,12.37,+0.20%,0
"2025-02-05 15:30",6056.84,6057.81,6048.64,6049.52,-7.35,-0.12%,0
"2025-02-05 15:15",6053.01,6058.95,6053.01,6056.87,3.88,+0.06%,0
"2025-02-05 15:00",6049.76,6053.4,6049.76,6052.99,3.34,+0.06%,0
"2025-02-05 14:45",6051.13,6051.48,6048.39,6049.65,-1.49,-0.02%,0
"2025-02-05 14:30",6052.07,6053.16,6050.25,6051.14,-0.88,-0.01%,0
"2025-02-05 14:15",6053.67,6054.25,6051.78,6052.02,-1.59,-0.03%,0
"2025-02-05 14:00",6049.09,6055.7,6048.77,6053.61,4.52,+0.07%,0
"2025-02-05 13:45",6050.62,6050.86,6046.92,6049.09,-1.51,-0.02%,0
"2025-02-05 13:30",6044.98,6053.18,6043.62,6050.6,5.6,+0.09%,0
"2025-02-05 13:15",6046.65,6048.52,6042.39,6045,-1.6,-0.03%,0
"2025-02-05 13:00",6046.21,6048.67,6044.14,6046.6,0.43,+0.01%,0
"2025-02-05 12:45",6045.38,6048.1,6043.16,6046.17,0.85,+0.01%,0
"2025-02-05 12:30",6044.99,6047.17,6043.83,6045.32,0.36,+0.01%,0
"2025-02-05 12:15",6048.87,6048.87,6043.34,6044.96,-3.91,-0.06%,0
"2025-02-05 12:00",6046.06,6051.09,6045.81,6048.87,3,+0.05%,0
"2025-02-05 11:45",6038.48,6048.35,6037.25,6045.87,7.5,+0.12%,0
"2025-02-05 11:30",6032.27,6038.51,6030.75,6038.37,6.3,+0.10%,0
"2025-02-05 11:15",6029.71,6032.07,6021.37,6032.07,2.37,+0.04%,0
"2025-02-05 11:00",6025.63,6033.3,6023.31,6029.7,4.18,+0.07%,0
"2025-02-05 10:45",6027.52,6028.6,6022.04,6025.52,-1.61,-0.03%,0
"2025-02-05 10:30",6026.41,6029.61,6018.41,6027.13,1.07,+0.02%,0
"2025-02-05 10:15",6019.39,6026.06,6012.84,6026.06,6.78,+0.11%,0
"2025-02-05 10:00",6021.48,6030.16,6007.06,6019.28,-1.51,-0.03%,0
"2025-02-05 09:45",6028.84,6030.76,6015.27,6020.79,-8.25,-0.14%,0
"2025-02-05 09:30",6020.45,6031.14,6020.45,6029.04,-8.84,-0.15%,0
"2025-02-04 16:45",6037.88,6037.88,6037.88,6037.88,0,0.00%,0
"2025-02-04 16:15",6037.88,6037.88,6037.88,6037.88,0,0.00%,0
"2025-02-04 16:00",6037.87,6037.88,6037.79,6037.88,0.8,+0.01%,0
"2025-02-04 15:45",6035.89,6041.74,6033.22,6037.08,1.2,+0.02%,0
"2025-02-04 15:30",6030.51,6038.46,6029.82,6035.88,5.39,+0.09%,0
"2025-02-04 15:15",6038.3,6038.74,6029.85,6030.49,-8.09,-0.13%,0
"2025-02-04 15:00",6034.21,6038.91,6031.61,6038.58,4.39,+0.07%,0
"2025-02-04 14:45",6039.85,6040.39,6029.19,6034.19,-5.59,-0.09%,0
"2025-02-04 14:30",6038.35,6042.48,6038.01,6039.78,1.47,+0.02%,0
"2025-02-04 14:15",6036.29,6040.83,6036.03,6038.31,2.01,+0.03%,0
"2025-02-04 14:00",6026.98,6037.4,6025.77,6036.3,9.25,+0.15%,0
"2025-02-04 13:45",6029.45,6031.64,6027.05,6027.05,-2.34,-0.04%,0
"2025-02-04 13:30",6030.95,6032.46,6028.31,6029.39,-1.61,-0.03%,0
"2025-02-04 13:15",6026.56,6032.31,6026.39,6031,4.52,+0.08%,0
"2025-02-04 13:00",6029.76,6029.96,6021.04,6026.48,-3.27,-0.05%,0
"2025-02-04 12:45",6024.15,6029.85,6021.35,6029.75,5.65,+0.09%,0
"2025-02-04 12:30",6017.03,6024.35,6014.21,6024.1,7.05,+0.12%,0
"2025-02-04 12:15",6034.94,6035.65,6016.6,6017.05,-17.97,-0.30%,0
"2025-02-04 12:00",6033.42,6036.04,6032.55,6035.02,1.56,+0.03%,0
"2025-02-04 11:45",6035.45,6035.95,6028.27,6033.46,-2.01,-0.03%,0
"2025-02-04 11:30",6039.48,6040.41,6034.02,6035.47,-4.2,-0.07%,0
"2025-02-04 11:15",6032.5,6039.75,6032.11,6039.67,7.34,+0.12%,0
"2025-02-04 11:00",6022.93,6033.44,6022.93,6032.33,9.45,+0.16%,0
"2025-02-04 10:45",6029.77,6030.23,6021.12,6022.88,-6.74,-0.11%,0
"2025-02-04 10:30",6025,6032.43,6021.16,6029.62,4.71,+0.08%,0
"2025-02-04 10:15",6024.14,6031.2,6023.69,6024.91,0.73,+0.01%,0
"2025-02-04 10:00",6009.53,6028.3,6009.53,6024.18,15.08,+0.25%,0
"2025-02-04 09:45",6001.5,6011.35,5998.4,6009.1,7.45,+0.12%,0
"2025-02-04 09:30",5998.14,6005.19,5990.87,6001.65,7.08,+0.12%,0
"2025-02-03 16:45",5994.57,5994.57,5994.57,5994.57,0,0.00%,0
"2025-02-03 16:15",5994.57,5994.57,5994.57,5994.57,0,0.00%,0
"2025-02-03 16:00",5994.89,5995.03,5994.57,5994.57,-0.51,-0.01%,0
"2025-02-03 15:45",6002.24,6006.71,5993.15,5995.08,-7.17,-0.12%,0
"2025-02-03 15:30",6004.41,6009.6,6000.67,6002.25,-2.13,-0.04%,0
"2025-02-03 15:15",6009.89,6015.41,6003.73,6004.38,-5.51,-0.09%,0
"2025-02-03 15:00",6016.39,6019.74,6009.48,6009.89,-6.44,-0.11%,0
"2025-02-03 14:45",6018.22,6022.13,6013.98,6016.33,-1.92,-0.03%,0
"2025-02-03 14:30",6014.67,6018.71,6012.59,6018.25,3.51,+0.06%,0
"2025-02-03 14:15",6016.13,6019.57,6014.57,6014.74,-1.49,-0.02%,0
"2025-02-03 14:00",6008.04,6016.64,6005.38,6016.23,8.18,+0.14%,0
"2025-02-03 13:45",5997.91,6009.35,5997.91,6008.05,10.11,+0.17%,0
"2025-02-03 13:30",5996.83,6004.98,5994.11,5997.94,1.1,+0.02%,0
"2025-02-03 13:15",5995.18,6001.02,5992.1,5996.84,1.6,+0.03%,0
"2025-02-03 13:00",5993.36,5997.63,5981.63,5995.24,1.47,+0.02%,0
"2025-02-03 12:45",5984.48,5998.81,5981.17,5993.77,9.52,+0.16%,0
"2025-02-03 12:30",5993.92,5994.74,5982.98,5984.25,-9.58,-0.16%,0
"2025-02-03 12:15",5991.75,6005.56,5989.21,5993.83,2,+0.03%,0
"2025-02-03 12:00",5992.78,5996.01,5986.82,5991.83,-1.04,-0.02%,0
"2025-02-03 11:45",6006.21,6009.4,5989.45,5992.87,-13.33,-0.22%,0
"2025-02-03 11:30",5998.47,6008.03,5992.56,6006.2,7.59,+0.13%,0
"2025-02-03 11:15",6000.74,6011.43,5995.84,5998.61,-2.1,-0.03%,0
"2025-02-03 11:00",5998.87,6005.71,5979.44,6000.71,1.56,+0.03%,0
"2025-02-03 10:45",6001.31,6002.96,5989.29,5999.15,-2.35,-0.04%,0
"2025-02-03 10:30",5982.82,6005.25,5977.42,6001.5,18.83,+0.31%,0
"2025-02-03 10:15",5929.71,5983.86,5923.93,5982.67,53.12,+0.90%,0
"2025-02-03 10:00",5938.94,5941.87,5928.97,5929.55,-10.7,-0.18%,0
"2025-02-03 09:45",5953.14,5953.8,5934.61,5940.25,-14.41,-0.24%,0
"2025-02-03 09:30",5969.65,5969.65,5937.49,5954.66,-85.87,-1.42%,0
"2025-01-31 16:30",6040.53,6040.53,6040.53,6040.53,0,0.00%,0
"2025-01-31 16:15",6040.53,6040.53,6040.53,6040.53,0,0.00%,0
"2025-01-31 16:00",6039.35,6040.53,6039.35,6040.53,0.46,+0.01%,0
"2025-01-31 15:45",6033.03,6051.97,6033.03,6040.07,6.94,+0.12%,0
"2025-01-31 15:30",6036.71,6041.18,6030.93,6033.13,-3.66,-0.06%,0
"2025-01-31 15:15",6037.99,6044.08,6034.48,6036.79,-1.2,-0.02%,0
"2025-01-31 15:00",6056.75,6056.75,6035.52,6037.99,-18.94,-0.31%,0
"2025-01-31 14:45",6048.51,6060.1,6040.55,6056.93,8.48,+0.14%,0
"2025-01-31 14:30",6065.44,6070.7,6047.56,6048.45,-16.96,-0.28%,0
"2025-01-31 14:15",6069.1,6072.33,6057.56,6065.41,-3.86,-0.06%,0
"2025-01-31 14:00",6073.89,6078.65,6054.55,6069.27,-4.9,-0.08%,0
"2025-01-31 13:45",6079.34,6084.04,6070.18,6074.17,-5.15,-0.08%,0
"2025-01-31 13:30",6088.36,6089.89,6069.34,6079.32,-8.89,-0.15%,0
"2025-01-31 13:15",6110.93,6112.16,6087.73,6088.21,-22.78,-0.37%,0
"2025-01-31 13:00",6111.56,6114.02,6109.96,6110.99,-0.49,-0.01%,0
"2025-01-31 12:45",6113.72,6116.04,6110.26,6111.48,-2.33,-0.04%,0
"2025-01-31 12:30",6116.26,6117.97,6113,6113.81,-2.35,-0.04%,0
"2025-01-31 12:15",6109.57,6116.19,6105.6,6116.16,6.67,+0.11%,0
"2025-01-31 12:00",6109.79,6111.09,6101.84,6109.49,-0.21,0.00%,0
"2025-01-31 11:45",6109.73,6110.49,6106.51,6109.7,-0.02,0.00%,0
"2025-01-31 11:30",6111.25,6114.28,6107.07,6109.72,-1.69,-0.03%,0
"2025-01-31 11:15",6119.36,6119.54,6111.19,6111.41,-7.99,-0.13%,0
"2025-01-31 11:00",6115.22,6120.91,6115.22,6119.4,4.11,+0.07%,0
"2025-01-31 10:45",6111.03,6117.22,6109.11,6115.29,3.6,+0.06%,0
"2025-01-31 10:30",6110.9,6116.61,6110.52,6111.69,0.76,+0.01%,0
"2025-01-31 10:15",6109.02,6111.25,6104.06,6110.93,2.14,+0.04%,0
"2025-01-31 10:00",6102.27,6111.32,6101.75,6108.79,6.76,+0.11%,0
"2025-01-31 09:45",6098.48,6102.03,6094.19,6102.03,3.73,+0.06%,0
"2025-01-31 09:30",6096.79,6100.84,6091.1,6098.3,27.13,+0.45%,0
"2025-01-30 16:45",6071.17,6071.17,6071.17,6071.17,0,0.00%,0
"2025-01-30 16:15",6071.17,6071.17,6071.17,6071.17,0,0.00%,0
"2025-01-30 16:00",6071.84,6071.84,6071.02,6071.17,1.51,+0.02%,0
"2025-01-30 15:45",6042.88,6076.67,6039.31,6069.66,26.46,+0.44%,0
"2025-01-30 15:30",6083.97,6084.08,6040.8,6043.2,-40.73,-0.67%,0
"2025-01-30 15:15",6081.62,6086.64,6080.75,6083.93,2.11,+0.03%,0
"2025-01-30 15:00",6077.48,6082.27,6076.84,6081.82,4.39,+0.07%,0
"2025-01-30 14:45",6069.87,6077.62,6068.69,6077.43,7.59,+0.13%,0
"2025-01-30 14:30",6070.23,6070.4,6066.82,6069.84,-0.36,-0.01%,0
"2025-01-30 14:15",6072.03,6072.49,6069.06,6070.2,-1.91,-0.03%,0
"2025-01-30 14:00",6069.79,6072.99,6066.87,6072.11,2.4,+0.04%,0
"2025-01-30 13:45",6067.45,6070.99,6067.21,6069.71,2.07,+0.03%,0
"2025-01-30 13:30",6059.95,6070.71,6059.79,6067.64,7.82,+0.13%,0
"2025-01-30 13:15",6058.17,6063.11,6057.8,6059.82,1.68,+0.03%,0
"2025-01-30 13:00",6054.08,6060.47,6052.38,6058.14,4.07,+0.07%,0
"2025-01-30 12:45",6046.27,6054.25,6045.82,6054.07,7.84,+0.13%,0
"2025-01-30 12:30",6043.93,6052.37,6042.7,6046.23,2.39,+0.04%,0
"2025-01-30 12:15",6050.82,6051.94,6041.75,6043.84,-6.64,-0.11%,0
"2025-01-30 12:00",6061.31,6061.31,6050.2,6050.48,-10.75,-0.18%,0
"2025-01-30 11:45",6051.91,6064.28,6050.73,6061.23,9.37,+0.15%,0
"2025-01-30 11:30",6049.7,6052.97,6043.7,6051.86,2.32,+0.04%,0
"2025-01-30 11:15",6028.05,6049.54,6028.05,6049.54,21.58,+0.36%,0
"2025-01-30 11:00",6035.11,6038.83,6027.46,6027.96,-7.24,-0.12%,0
"2025-01-30 10:45",6052.97,6056.9,6034.46,6035.2,-17.57,-0.29%,0
"2025-01-30 10:30",6046.79,6059.43,6041.68,6052.77,5.9,+0.10%,0
"2025-01-30 10:15",6057.8,6060.72,6045.71,6046.87,-11.46,-0.19%,0
"2025-01-30 10:00",6069.22,6069.49,6051.6,6058.33,-11.48,-0.19%,0
"2025-01-30 09:45",6064.92,6080.59,6063.91,6069.81,4.87,+0.08%,0
"2025-01-30 09:30",6050.75,6068.35,6050.75,6064.94,25.63,+0.42%,0
"2025-01-29 17:00",6039.31,6039.31,6039.31,6039.31,0,0.00%,0
"2025-01-29 16:15",6039.31,6039.31,6039.31,6039.31,0,0.00%,0
"2025-01-29 16:00",6038.61,6039.36,6038.61,6039.31,0.64,+0.01%,0
"2025-01-29 15:45",6040.62,6043.91,6028.42,6038.67,-2.42,-0.04%,0
"2025-01-29 15:30",6054.22,6056.9,6037.59,6041.09,-13.18,-0.22%,0
"2025-01-29 15:15",6038.1,6057.27,6027.24,6054.27,16.38,+0.27%,0
"2025-01-29 15:00",6043.38,6046.4,6031.52,6037.89,-5.42,-0.09%,0
"2025-01-29 14:45",6045.8,6052.37,6038.65,6043.31,-1.35,-0.02%,0
"2025-01-29 14:30",6014.24,6050.5,6013.11,6044.66,30.22,+0.50%,0
"2025-01-29 14:15",6020.34,6022.49,6012.96,6014.44,-5.92,-0.10%,0
"2025-01-29 14:00",6035.36,6035.36,6016.86,6020.36,-14.97,-0.25%,0
"2025-01-29 13:45",6035.62,6042.03,6034.69,6035.33,-0.12,0.00%,0
"2025-01-29 13:30",6043.57,6046.42,6034.47,6035.45,-8.07,-0.13%,0
"2025-01-29 13:15",6036.04,6043.66,6031.79,6043.52,7.48,+0.12%,0
"2025-01-29 13:00",6041.04,6043.21,6017.24,6036.04,-5.02,-0.08%,0
"2025-01-29 12:45",6048.21,6048.21,6040.18,6041.06,-7.07,-0.12%,0
"2025-01-29 12:30",6051.08,6053.4,6047.81,6048.13,-3.,-0.05%,0
"2025-01-29 12:15",6049.02,6054.71,6048.85,6051.13,2.14,+0.04%,0
"2025-01-29 12:00",6043.16,6052.54,6042.87,6048.99,6.11,+0.10%,0
"2025-01-29 11:45",6045.46,6049.35,6040.83,6042.88,-2.66,-0.04%,0
"2025-01-29 11:30",6045.12,6049.14,6040.14,6045.54,0.44,+0.01%,0
"2025-01-29 11:15",6047.22,6048.1,6042.49,6045.1,-2.11,-0.03%,0
"2025-01-29 11:00",6048.18,6051.96,6044.29,6047.21,-1.09,-0.02%,0
"2025-01-29 10:45",6047.96,6053.32,6045.44,6048.3,0.17,0.00%,0
"2025-01-29 10:30",6050.62,6055.48,6045.47,6048.13,-2.54,-0.04%,0
"2025-01-29 10:15",6054.85,6059.14,6048.42,6050.67,-4.29,-0.07%,0
"2025-01-29 10:00",6054.93,6062.83,6049.23,6054.96,0.9,+0.01%,0
"2025-01-29 09:45",6047.9,6056.98,6045.84,6054.06,5.98,+0.10%,0
"2025-01-29 09:30",6057.7,6061.26,6046.02,6048.08,-19.62,-0.32%,0
"2025-01-28 16:30",6067.7,6067.7,6067.7,6067.7,0,0.00%,0
"2025-01-28 16:15",6067.7,6067.7,6067.7,6067.7,0,0.00%,0
"2025-01-28 16:00",6067.18,6067.72,6067.18,6067.7,0.74,+0.01%,0
"2025-01-28 15:45",6073.07,6073.16,6064.49,6066.96,-6.07,-0.10%,0
"2025-01-28 15:30",6072.03,6073.03,6067.99,6073.03,1.09,+0.02%,0
"2025-01-28 15:15",6070.29,6074.54,6069.71,6071.94,1.6,+0.03%,0
"2025-01-28 15:00",6072.29,6072.29,6067.25,6070.34,-2.06,-0.03%,0
"2025-01-28 14:45",6069.17,6073.91,6069.17,6072.4,3.15,+0.05%,0
"2025-01-28 14:30",6061.6,6069.94,6061.6,6069.25,7.59,+0.13%,0
"2025-01-28 14:15",6055.28,6062.74,6054.71,6061.66,6.33,+0.10%,0
"2025-01-28 14:00",6058.8,6059.7,6053.6,6055.33,-3.44,-0.06%,0
"2025-01-28 13:45",6059.53,6062.42,6057.24,6058.77,-0.86,-0.01%,0
"2025-01-28 13:30",6062.68,6065.42,6056.46,6059.63,-3.12,-0.05%,0
"2025-01-28 13:15",6065.86,6068.79,6061.62,6062.75,-3.16,-0.05%,0
"2025-01-28 13:00",6059.34,6066.02,6058.42,6065.91,6.56,+0.11%,0
"2025-01-28 12:45",6056.05,6061.11,6053.3,6059.35,3.34,+0.06%,0
"2025-01-28 12:30",6058.33,6060.26,6054.47,6056.01,-2.22,-0.04%,0
"2025-01-28 12:15",6056.63,6060.63,6056.47,6058.23,1.78,+0.03%,0
"2025-01-28 12:00",6046.59,6057.81,6045.81,6056.45,9.87,+0.16%,0
"2025-01-28 11:45",6036.58,6046.58,6032.42,6046.58,10.23,+0.17%,0
"2025-01-28 11:30",6034.64,6040.24,6030.06,6036.35,1.54,+0.03%,0
"2025-01-28 11:15",6050.78,6053.3,6031.6,6034.81,-15.92,-0.26%,0
"2025-01-28 11:00",6051.31,6056.41,6046.76,6050.73,-0.65,-0.01%,0
"2025-01-28 10:45",6043.89,6051.5,6038.74,6051.38,7.16,+0.12%,0
"2025-01-28 10:30",6046.21,6046.65,6037.89,6044.22,-1.96,-0.03%,0
"2025-01-28 10:15",6029.85,6049.15,6027.93,6046.18,16.06,+0.27%,0
"2025-01-28 10:00",6011.54,6030.8,6011.24,6030.12,18.36,+0.31%,0
"2025-01-28 09:45",6004.39,6011.76,5994.63,6011.76,7.74,+0.13%,0
"2025-01-28 09:30",6026.97,6027.68,6002.84,6004.02,-8.26,-0.14%,0
"2025-01-27 16:45",6012.28,6012.28,6012.28,6012.28,0,0.00%,0
"2025-01-27 16:15",6012.28,6012.28,6012.28,6012.28,0,0.00%,0
"2025-01-27 16:00",6013.54,6013.54,6012.28,6012.28,-1.11,-0.02%,0
"2025-01-27 15:45",6002.88,6014.81,5993.85,6013.39,10.66,+0.18%,0
"2025-01-27 15:30",5994.19,6002.73,5991.49,6002.73,8.86,+0.15%,0
"2025-01-27 15:15",5989.24,6001.01,5987.1,5993.87,4.72,+0.08%,0
"2025-01-27 15:00",5989.08,5995.55,5983.41,5989.15,0.12,0.00%,0
"2025-01-27 14:45",5996.08,5996.16,5982.67,5989.03,-7.21,-0.12%,0
"2025-01-27 14:30",6009.8,6009.8,5995.57,5996.24,-13.43,-0.22%,0
"2025-01-27 14:15",5989.69,6011.28,5989.2,6009.67,20.12,+0.34%,0
"2025-01-27 14:00",5985.55,5993.28,5985.55,5989.55,3.98,+0.07%,0
"2025-01-27 13:45",5991.66,5992.01,5983.73,5985.57,-6.1,-0.10%,0
"2025-01-27 13:30",5980.5,5993.89,5980.19,5991.67,11.32,+0.19%,0
"2025-01-27 13:15",5983.47,5986.14,5979.53,5980.35,-3.02,-0.05%,0
"2025-01-27 13:00",5981.05,5987.17,5980.78,5983.37,2.17,+0.04%,0
"2025-01-27 12:45",5996.53,5996.53,5980.91,5981.2,-15.,-0.25%,0
"2025-01-27 12:30",5996.67,6001.97,5993.1,5996.2,-0.52,-0.01%,0
"2025-01-27 12:15",5991.34,5999.08,5983.41,5996.72,5.53,+0.09%,0
"2025-01-27 12:00",5988.33,5997.99,5985.51,5991.19,2.9,+0.05%,0
"2025-01-27 11:45",5986.95,5997.77,5983.79,5988.29,1.36,+0.02%,0
"2025-01-27 11:30",5984.75,5990.19,5981.74,5986.93,2.02,+0.03%,0
"2025-01-27 11:15",5994.89,5999.04,5982.13,5984.91,-10.3,-0.17%,0
"2025-01-27 11:00",6001.28,6003.07,5989.68,5995.21,-5.89,-0.10%,0
"2025-01-27 10:45",6015.44,6016.14,6000.81,6001.1,-14.96,-0.25%,0
"2025-01-27 10:30",6010.35,6017.17,6008.07,6016.06,5.74,+0.10%,0
"2025-01-27 10:15",5997.31,6011.3,5987,6010.32,13.08,+0.22%,0
"2025-01-27 10:00",6006.62,6007.09,5994.38,5997.24,-9.98,-0.17%,0
"2025-01-27 09:45",5995.05,6007.23,5994.25,6007.22,12.31,+0.21%,0
"2025-01-27 09:30",5969.04,6002.56,5962.92,5994.91,-106.33,-1.74%,0
"2025-01-24 16:45",6101.24,6101.24,6101.24,6101.24,0,0.00%,0
"2025-01-24 16:15",6101.24,6101.24,6101.24,6101.24,0,0.00%,0
"2025-01-24 16:00",6100.96,6101.25,6100.96,6101.24,0.42,+0.01%,0
"2025-01-24 15:45",6091.58,6102.46,6091.35,6100.82,9.1,+0.15%,0
"2025-01-24 15:30",6090.96,6094.73,6088.74,6091.72,0.82,+0.01%,0
"2025-01-24 15:15",6096.62,6096.62,6089.71,6090.9,-5.7,-0.09%,0
"2025-01-24 15:00",6094.1,6098.52,6093.1,6096.6,2.4,+0.04%,0
"2025-01-24 14:45",6095.06,6099.77,6094.04,6094.2,-0.88,-0.01%,0
"2025-01-24 14:30",6094.72,6096.52,6093.98,6095.08,0.31,+0.01%,0
"2025-01-24 14:15",6091.79,6098.08,6090.64,6094.77,3.04,+0.05%,0
"2025-01-24 14:00",6094.72,6098.52,6089.66,6091.73,-3.37,-0.06%,0
"2025-01-24 13:45",6101.79,6103.91,6092.99,6095.1,-6.67,-0.11%,0
"2025-01-24 13:30",6105.24,6107.63,6101.53,6101.77,-3.47,-0.06%,0
"2025-01-24 13:15",6105.93,6107.49,6104.71,6105.24,-0.62,-0.01%,0
"2025-01-24 13:00",6107.06,6109.03,6101.61,6105.86,-1.39,-0.02%,0
"2025-01-24 12:45",6114.35,6115.77,6106.16,6107.25,-7.03,-0.11%,0
"2025-01-24 12:30",6114.87,6116.75,6113.79,6114.28,-0.57,-0.01%,0
"2025-01-24 12:15",6114.91,6120.48,6114.3,6114.85,-0.12,0.00%,0
"2025-01-24 12:00",6115.6,6118.15,6113.84,6114.97,-0.52,-0.01%,0
"2025-01-24 11:45",6121.85,6123.9,6114.47,6115.49,-6.45,-0.11%,0
"2025-01-24 11:30",6119.11,6122.21,6118.12,6121.94,2.82,+0.05%,0
"2025-01-24 11:15",6115.79,6119.12,6114.86,6119.12,3.48,+0.06%,0
"2025-01-24 11:00",6112.66,6117.54,6111.59,6115.64,3,+0.05%,0
"2025-01-24 10:45",6113.44,6116.33,6112.31,6112.64,-0.87,-0.01%,0
"2025-01-24 10:30",6113.67,6116.89,6111.15,6113.51,0.13,0.00%,0
"2025-01-24 10:15",6116.38,6119.02,6112.62,6113.38,-2.89,-0.05%,0
"2025-01-24 10:00",6124.1,6126.71,6114.93,6116.27,-8.26,-0.13%,0
"2025-01-24 09:45",6123.12,6128.18,6120.98,6124.53,1.66,+0.03%,0
"2025-01-24 09:30",6121.43,6125.34,6118.14,6122.87,4.16,+0.07%,0
"2025-01-23 16:45",6118.71,6118.71,6118.71,6118.71,0,0.00%,0
"2025-01-23 16:15",6118.71,6118.71,6118.71,6118.71,0,0.00%,0
"2025-01-23 16:00",6118.51,6118.73,6118.43,6118.71,0.49,+0.01%,0
"2025-01-23 15:45",6098.63,6118.22,6098.63,6118.22,19.52,+0.32%,0
"2025-01-23 15:30",6101.79,6101.94,6097.75,6098.7,-3.11,-0.05%,0
"2025-01-23 15:15",6101.73,6103.68,6100.72,6101.81,0.04,0.00%,0
"2025-01-23 15:00",6099.05,6101.96,6097.43,6101.77,2.61,+0.04%,0
"2025-01-23 14:45",6099.26,6101,6097.89,6099.16,-0.26,0.00%,0
"2025-01-23 14:30",6097.77,6100.84,6097.77,6099.42,1.64,+0.03%,0
"2025-01-23 14:15",6094.72,6099.26,6093.97,6097.78,3.06,+0.05%,0
"2025-01-23 14:00",6098.24,6098.95,6093.98,6094.72,-3.54,-0.06%,0
"2025-01-23 13:45",6100.42,6101.12,6097.49,6098.26,-2.21,-0.04%,0
"2025-01-23 13:30",6101.15,6103.97,6099.28,6100.47,-0.66,-0.01%,0
"2025-01-23 13:15",6101.65,6104.25,6100.85,6101.13,-0.53,-0.01%,0
"2025-01-23 13:00",6098.39,6102.04,6097.81,6101.66,3.27,+0.05%,0
"2025-01-23 12:45",6094.02,6098.48,6093.55,6098.39,4.32,+0.07%,0
"2025-01-23 12:30",6093.51,6094.19,6090.92,6094.07,0.57,+0.01%,0
"2025-01-23 12:15",6095.59,6095.96,6092.97,6093.5,-2.16,-0.04%,0
"2025-01-23 12:00",6093.98,6095.66,6091.22,6095.66,1.65,+0.03%,0
"2025-01-23 11:45",6096.55,6099.88,6092.86,6094.01,-2.67,-0.04%,0
"2025-01-23 11:30",6096.83,6097.64,6092.74,6096.68,-0.07,0.00%,0
"2025-01-23 11:15",6092.84,6097.05,6090.45,6096.75,3.91,+0.06%,0
"2025-01-23 11:00",6091.09,6095.17,6086.12,6092.84,2.23,+0.04%,0
"2025-01-23 10:45",6087.11,6091.02,6086.65,6090.61,3.52,+0.06%,0
"2025-01-23 10:30",6079.17,6087.09,6077.89,6087.09,8.04,+0.13%,0
"2025-01-23 10:15",6082.56,6083.07,6078.18,6079.05,-3.39,-0.06%,0
"2025-01-23 10:00",6084.71,6084.96,6077.35,6082.44,-1.25,-0.02%,0
"2025-01-23 09:45",6083.14,6084.8,6080.42,6083.69,0.66,+0.01%,0
"2025-01-23 09:30",6076.32,6084.25,6074.67,6083.03,-3.34,-0.05%,0
"2025-01-22 16:45",6086.37,6086.37,6086.37,6086.37,0,0.00%,0
"2025-01-22 16:15",6086.37,6086.37,6086.37,6086.37,0,0.00%,0
"2025-01-22 16:00",6085.66,6086.37,6085.66,6086.37,0.71,+0.01%,0
"2025-01-22 15:45",6089.61,6091.11,6083.72,6085.66,-3.97,-0.07%,0
"2025-01-22 15:30",6092.11,6094.6,6089.09,6089.63,-2.58,-0.04%,0
"2025-01-22 15:15",6095.19,6095.41,6092.21,6092.21,-2.94,-0.05%,0
"2025-01-22 15:00",6097.16,6097.23,6093.54,6095.15,-1.98,-0.03%,0
"2025-01-22 14:45",6093.47,6097.24,6092.56,6097.13,3.7,+0.06%,0
"2025-01-22 14:30",6090.45,6094.18,6089.08,6093.43,2.95,+0.05%,0
"2025-01-22 14:15",6092.38,6094.75,6090.32,6090.48,-1.9,-0.03%,0
"2025-01-22 14:00",6092.01,6092.96,6090.08,6092.38,0.24,0.00%,0
"2025-01-22 13:45",6096.45,6097.8,6092,6092.14,-4.4,-0.07%,0
"2025-01-22 13:30",6092.12,6096.62,6091.53,6096.54,4.45,+0.07%,0
"2025-01-22 13:15",6094.24,6095.1,6090.86,6092.09,-2.21,-0.04%,0
"2025-01-22 13:00",6094.83,6095.54,6093.23,6094.3,-0.52,-0.01%,0
"2025-01-22 12:45",6095.23,6097.64,6094.76,6094.82,-0.3,0.00%,0
"2025-01-22 12:30",6097.65,6098.8,6094.9,6095.12,-2.62,-0.04%,0
"2025-01-22 12:15",6094.7,6099.06,6094.7,6097.74,2.97,+0.05%,0
"2025-01-22 12:00",6098.73,6100.81,6094.73,6094.77,-4.18,-0.07%,0
"2025-01-22 11:45",6096.61,6100.39,6094.82,6098.95,2.36,+0.04%,0
"2025-01-22 11:30",6094.15,6099.04,6093.97,6096.59,2.41,+0.04%,0
"2025-01-22 11:15",6086.62,6094.55,6086.46,6094.18,7.64,+0.13%,0
"2025-01-22 11:00",6087.37,6090.7,6084.84,6086.54,-0.62,-0.01%,0
"2025-01-22 10:45",6092.55,6092.72,6087.1,6087.16,-5.45,-0.09%,0
"2025-01-22 10:30",6089.24,6092.81,6087.81,6092.61,3.38,+0.06%,0
"2025-01-22 10:15",6089.72,6092.66,6087.47,6089.23,-0.44,-0.01%,0
"2025-01-22 10:00",6087.31,6091.33,6082,6089.67,3.1,+0.05%,0
"2025-01-22 09:45",6079.43,6088.13,6078.05,6086.57,7.22,+0.12%,0
"2025-01-22 09:30",6081.39,6085.03,6076.13,6079.35,30.11,+0.50%,0
"2025-01-21 16:30",6049.24,6049.24,6049.24,6049.24,0,0.00%,0
"2025-01-21 16:15",6049.24,6049.24,6049.24,6049.24,0,0.00%,0
"2025-01-21 16:00",6049.7,6049.7,6049.24,6049.24,0.01,0.00%,0
"2025-01-21 15:45",6046.78,6051.51,6045.04,6049.23,2.45,+0.04%,0
"2025-01-21 15:30",6048.67,6049.61,6043.45,6046.78,-1.81,-0.03%,0
"2025-01-21 15:15",6044.04,6049.05,6043.61,6048.59,4.52,+0.07%,0
"2025-01-21 15:00",6043.26,6044.78,6040.96,6044.07,0.79,+0.01%,0
"2025-01-21 14:45",6040.47,6043.4,6038.3,6043.28,2.91,+0.05%,0
"2025-01-21 14:30",6045.67,6045.67,6038.7,6040.37,-5.27,-0.09%,0
"2025-01-21 14:15",6047.33,6047.4,6040.34,6045.64,-1.61,-0.03%,0
"2025-01-21 14:00",6047.94,6049.49,6045.81,6047.25,-0.68,-0.01%,0
"2025-01-21 13:45",6045.99,6048.25,6043.94,6047.93,2.02,+0.03%,0
"2025-01-21 13:30",6047.1,6049.47,6044.01,6045.91,-1.15,-0.02%,0
"2025-01-21 13:15",6046.67,6050.19,6046.08,6047.06,0.41,+0.01%,0
"2025-01-21 13:00",6046.25,6047.57,6042.2,6046.65,0.28,0.00%,0
"2025-01-21 12:45",6041.5,6046.72,6040.96,6046.37,4.92,+0.08%,0
"2025-01-21 12:30",6037.76,6042.42,6037.35,6041.45,3.71,+0.06%,0
"2025-01-21 12:15",6034,6038.99,6030.82,6037.74,3.81,+0.06%,0
"2025-01-21 12:00",6035.01,6036.09,6031.98,6033.93,-1.17,-0.02%,0
"2025-01-21 11:45",6024.1,6035.62,6023.97,6035.1,10.99,+0.18%,0
"2025-01-21 11:30",6028.55,6031.76,6023.66,6024.11,-4.36,-0.07%,0
"2025-01-21 11:15",6029.05,6030.63,6026.56,6028.47,-0.54,-0.01%,0
"2025-01-21 11:00",6025.39,6029.57,6019.68,6029.01,3.67,+0.06%,0
"2025-01-21 10:45",6025.05,6026.42,6016.4,6025.34,0.35,+0.01%,0
"2025-01-21 10:30",6024.35,6027.13,6018.61,6024.99,0.79,+0.01%,0
"2025-01-21 10:15",6009.2,6024.69,6008.04,6024.2,15.12,+0.25%,0
"2025-01-21 10:00",6025.24,6025.62,6006.88,6009.08,-17.93,-0.30%,0
"2025-01-21 09:45",6022.09,6036.57,6015.9,6027.01,4.53,+0.08%,0
"2025-01-21 09:30",6014.12,6032.79,6014.12,6022.48,25.82,+0.43%,0
"2025-01-17 17:00",5996.66,5996.66,5996.66,5996.66,0,0.00%,0
"2025-01-17 16:15",5996.66,5996.66,5996.66,5996.66,0,0.00%,0
"2025-01-17 16:00",5996.96,5996.96,5996.66,5996.66,-0.41,-0.01%,0
"2025-01-17 15:45",6004.03,6005.97,5995.14,5997.07,-7.06,-0.12%,0
"2025-01-17 15:30",6002.13,6006.72,6001.9,6004.13,2.06,+0.03%,0
"2025-01-17 15:15",6001.68,6005.7,6001.07,6002.07,0.42,+0.01%,0
"2025-01-17 15:00",6003.32,6004.28,5996.49,6001.65,-1.71,-0.03%,0
"2025-01-17 14:45",6005.73,6007.2,6001.62,6003.36,-2.12,-0.04%,0
"2025-01-17 14:30",6005.99,6008.34,6004.45,6005.48,-0.48,-0.01%,0
"2025-01-17 14:15",6006.67,6008.43,6002.47,6005.96,-0.72,-0.01%,0
"2025-01-17 14:00",6006.93,6007.98,6003.21,6006.68,-0.2,0.00%,0
"2025-01-17 13:45",6007.77,6010.63,6003.79,6006.88,-0.95,-0.02%,0
"2025-01-17 13:30",6012.11,6012.68,6007.13,6007.83,-4.3,-0.07%,0
"2025-01-17 13:15",6013.27,6014.96,6011.9,6012.13,-1.06,-0.02%,0
"2025-01-17 13:00",6010.32,6014.19,6007.43,6013.19,2.91,+0.05%,0
"2025-01-17 12:45",6010.3,6012.01,6007.55,6010.28,0.01,0.00%,0
"2025-01-17 12:30",6011.47,6012.29,6008.37,6010.27,-1.22,-0.02%,0
"2025-01-17 12:15",6007.4,6012.12,6006.93,6011.49,4.11,+0.07%,0
"2025-01-17 12:00",6004.74,6007.71,5999.89,6007.38,2.75,+0.05%,0
"2025-01-17 11:45",6008.27,6009.37,6003.23,6004.63,-3.65,-0.06%,0
"2025-01-17 11:30",6008.96,6010.37,6002.54,6008.28,-0.66,-0.01%,0
"2025-01-17 11:15",6003.36,6011.95,6002.91,6008.94,5.68,+0.09%,0
"2025-01-17 11:00",6002.98,6004.64,5998.79,6003.26,0.27,0.00%,0
"2025-01-17 10:45",5996.21,6003.24,5994.65,6002.99,6.77,+0.11%,0
"2025-01-17 10:30",5990.72,5998.66,5989.57,5996.22,5.56,+0.09%,0
"2025-01-17 10:15",5993.16,5994.52,5982.23,5990.66,-2.43,-0.04%,0
"2025-01-17 10:00",5985.63,5997.51,5985,5993.09,8,+0.13%,0
"2025-01-17 09:45",5982.2,5993.99,5982.2,5985.09,3.01,+0.05%,0
"2025-01-17 09:30",5995.4,6000.29,5978.44,5982.08,44.74,+0.75%,0
"2025-01-16 16:45",5937.34,5937.34,5937.34,5937.34,0,0.00%,0
"2025-01-16 16:15",5937.34,5937.34,5937.34,5937.34,0,0.00%,0
"2025-01-16 16:00",5937.27,5937.54,5937.27,5937.34,-0.04,0.00%,0
"2025-01-16 15:45",5951.47,5952.52,5936.11,5937.38,-14.04,-0.24%,0
"2025-01-16 15:30",5944.14,5952.53,5943.76,5951.42,7.17,+0.12%,0
"2025-01-16 15:15",5948.9,5950.43,5941.11,5944.25,-4.75,-0.08%,0
"2025-01-16 15:00",5950.63,5954.41,5949,5949,-1.61,-0.03%,0
"2025-01-16 14:45",5946.72,5951.89,5943.91,5950.61,3.85,+0.06%,0
"2025-01-16 14:30",5946.22,5949.58,5943.58,5946.76,0.54,+0.01%,0
"2025-01-16 14:15",5942.5,5947.06,5937.5,5946.22,3.87,+0.07%,0
"2025-01-16 14:00",5935.36,5944.63,5932.3,5942.35,6.97,+0.12%,0
"2025-01-16 13:45",5939.13,5939.88,5930.72,5935.38,-3.95,-0.07%,0
"2025-01-16 13:30",5943.74,5944.48,5937.51,5939.33,-4.42,-0.07%,0
"2025-01-16 13:15",5951.21,5951.81,5943.11,5943.75,-7.3,-0.12%,0
"2025-01-16 13:00",5951.08,5955.94,5950.55,5951.05,-0.15,0.00%,0
"2025-01-16 12:45",5952.26,5954.19,5949.67,5951.2,-1.12,-0.02%,0
"2025-01-16 12:30",5958.89,5959.13,5951.42,5952.32,-6.67,-0.11%,0
"2025-01-16 12:15",5957.13,5959.22,5949.37,5958.99,1.79,+0.03%,0
"2025-01-16 12:00",5956.38,5958.13,5954.98,5957.2,0.83,+0.01%,0
"2025-01-16 11:45",5944.58,5957.01,5944.25,5956.37,11.79,+0.20%,0
"2025-01-16 11:30",5954.85,5956.53,5939.83,5944.58,-10.41,-0.17%,0
"2025-01-16 11:15",5956.34,5958.5,5947.32,5954.99,-1.3,-0.02%,0
"2025-01-16 11:00",5955.63,5964.69,5954.7,5956.29,0.67,+0.01%,0
"2025-01-16 10:45",5945.39,5955.62,5940.55,5955.62,10.13,+0.17%,0
"2025-01-16 10:30",5943.7,5951.72,5939.63,5945.49,1.75,+0.03%,0
"2025-01-16 10:15",5941.28,5950.18,5940.43,5943.74,2.36,+0.04%,0
"2025-01-16 10:00",5941.97,5952.37,5934.44,5941.38,-0.45,-0.01%,0
"2025-01-16 09:45",5953.08,5953.31,5941.52,5941.83,-10.66,-0.18%,0
"2025-01-16 09:30",5963.61,5963.73,5951.46,5952.49,2.58,+0.04%,0
"2025-01-15 16:45",5949.91,5949.91,5949.91,5949.91,0,0.00%,0
"2025-01-15 16:15",5949.91,5949.91,5949.91,5949.91,0,0.00%,0
"2025-01-15 16:00",5949.11,5949.91,5949.11,5949.91,1.09,+0.02%,0
"2025-01-15 15:45",5954.9,5957.4,5948.67,5948.82,-6.1,-0.10%,0
"2025-01-15 15:30",5957.68,5959.69,5952.27,5954.92,-2.74,-0.05%,0
"2025-01-15 15:15",5958.38,5960.61,5956.77,5957.66,-0.73,-0.01%,0
"2025-01-15 15:00",5954.65,5958.79,5954.09,5958.39,3.67,+0.06%,0
"2025-01-15 14:45",5952.35,5955.89,5951.42,5954.72,2.37,+0.04%,0
"2025-01-15 14:30",5952.05,5957.79,5951.89,5952.35,0.25,0.00%,0
"2025-01-15 14:15",5948.88,5952.39,5946.01,5952.1,3.24,+0.05%,0
"2025-01-15 14:00",5945.7,5949.05,5945.41,5948.86,3.18,+0.05%,0
"2025-01-15 13:45",5945.12,5947.06,5943.54,5945.68,0.46,+0.01%,0
"2025-01-15 13:30",5943.07,5945.46,5940.72,5945.22,2.22,+0.04%,0
"2025-01-15 13:15",5937.03,5943.19,5936.94,5943,5.95,+0.10%,0
"2025-01-15 13:00",5930.88,5939.18,5930.78,5937.05,6.22,+0.10%,0
"2025-01-15 12:45",5939.22,5940.46,5930.48,5930.83,-8.5,-0.14%,0
"2025-01-15 12:30",5931.8,5939.51,5931.67,5939.33,7.49,+0.13%,0
"2025-01-15 12:15",5930.96,5934.41,5926.62,5931.84,0.89,+0.02%,0
"2025-01-15 12:00",5921.61,5932.71,5920.05,5930.95,9.34,+0.16%,0
"2025-01-15 11:45",5919.37,5922.74,5916.28,5921.61,2.17,+0.04%,0
"2025-01-15 11:30",5931.28,5931.28,5916.9,5919.44,-11.81,-0.20%,0
"2025-01-15 11:15",5936.21,5938.36,5929.16,5931.25,-5.07,-0.09%,0
"2025-01-15 11:00",5932.8,5940.35,5931.43,5936.32,3.29,+0.06%,0
"2025-01-15 10:45",5937.48,5940.55,5932.17,5933.03,-4.39,-0.07%,0
"2025-01-15 10:30",5943.88,5945.98,5934.21,5937.42,-6.46,-0.11%,0
"2025-01-15 10:15",5944.05,5950.75,5942.31,5943.88,-0.01,0.00%,0
"2025-01-15 10:00",5940.96,5947.19,5937.26,5943.89,4.17,+0.07%,0
"2025-01-15 09:45",5932.02,5942.43,5931.72,5939.72,7.67,+0.13%,0
"2025-01-15 09:30",5905.21,5932.55,5905.21,5932.05,89.14,+1.53%,0
"2025-01-14 16:30",5842.91,5842.91,5842.91,5842.91,0,0.00%,0
"2025-01-14 16:15",5842.91,5842.91,5842.91,5842.91,0,0.00%,0
"2025-01-14 16:00",5843.25,5843.25,5842.71,5842.91,-0.4,-0.01%,0
"2025-01-14 15:45",5823.64,5843.31,5823.64,5843.31,19.64,+0.34%,0
"2025-01-14 15:30",5825.88,5828.79,5817.17,5823.67,-2.26,-0.04%,0
"2025-01-14 15:15",5816.36,5826.48,5816.36,5825.93,9.51,+0.16%,0
"2025-01-14 15:00",5826.69,5829.43,5810.73,5816.42,-10.72,-0.18%,0
"2025-01-14 14:45",5852.04,5852.04,5825.63,5827.14,-24.94,-0.43%,0
"2025-01-14 14:30",5851.65,5858.17,5850.68,5852.08,0.42,+0.01%,0
"2025-01-14 14:15",5853.64,5858.49,5851.61,5851.66,-1.97,-0.03%,0
"2025-01-14 14:00",5855.86,5856.99,5850.34,5853.63,-2.31,-0.04%,0
"2025-01-14 13:45",5851.41,5858.36,5850.46,5855.94,4.66,+0.08%,0
"2025-01-14 13:30",5841.38,5852.24,5839.56,5851.28,9.91,+0.17%,0
"2025-01-14 13:15",5828.97,5842.78,5827.59,5841.37,12.35,+0.21%,0
"2025-01-14 13:00",5823.33,5830.74,5822.54,5829.02,5.74,+0.10%,0
"2025-01-14 12:45",5822.38,5826.04,5818.66,5823.28,0.8,+0.01%,0
"2025-01-14 12:30",5818.42,5823.68,5805.42,5822.48,4.09,+0.07%,0
"2025-01-14 12:15",5816.84,5821.72,5811.92,5818.39,1.45,+0.02%,0
"2025-01-14 12:00",5808.75,5819.51,5806.98,5816.94,7.9,+0.14%,0
"2025-01-14 11:45",5816.25,5818.5,5808.8,5809.04,-7.22,-0.12%,0
"2025-01-14 11:30",5830.49,5834.72,5816.04,5816.26,-14.99,-0.26%,0
"2025-01-14 11:15",5829.35,5840.31,5826.58,5831.25,1.97,+0.03%,0
"2025-01-14 11:00",5839.16,5840.17,5823.71,5829.28,-10.19,-0.17%,0
"2025-01-14 10:45",5856.81,5856.81,5839.47,5839.47,-17.42,-0.30%,0
"2025-01-14 10:30",5852.64,5857.17,5843.22,5856.89,4.4,+0.08%,0
"2025-01-14 10:15",5862.16,5868.15,5851.27,5852.49,-9.49,-0.16%,0
"2025-01-14 10:00",5844.59,5867.51,5843.13,5861.98,17.56,+0.30%,0
"2025-01-14 09:45",5869.68,5870.88,5841.83,5844.42,-25.33,-0.43%,0
"2025-01-14 09:30",5859.27,5871.92,5856.32,5869.75,33.53,+0.57%,0
"2025-01-13 16:45",5836.22,5836.22,5836.22,5836.22,0,0.00%,0
"2025-01-13 16:15",5836.22,5836.22,5836.22,5836.22,0,0.00%,0
"2025-01-13 16:00",5836.19,5836.26,5836.19,5836.22,0.11,0.00%,0
"2025-01-13 15:45",5822.52,5838.61,5820.98,5836.11,13.64,+0.23%,0
"2025-01-13 15:30",5822.04,5825.9,5820.23,5822.47,0.36,+0.01%,0
"2025-01-13 15:15",5824.55,5830.45,5820.49,5822.11,-2.49,-0.04%,0
"2025-01-13 15:00",5826.36,5827.61,5821.18,5824.6,-1.75,-0.03%,0
"2025-01-13 14:45",5828.66,5828.67,5817.51,5826.35,-2.38,-0.04%,0
"2025-01-13 14:30",5824.31,5830.76,5818.85,5828.73,4.57,+0.08%,0
"2025-01-13 14:15",5814.88,5824.65,5811.41,5824.16,9.24,+0.16%,0
"2025-01-13 14:00",5821.27,5822.5,5814.18,5814.92,-6.43,-0.11%,0
"2025-01-13 13:45",5815.38,5823.21,5815.03,5821.35,5.98,+0.10%,0
"2025-01-13 13:30",5817.94,5821.95,5815.34,5815.37,-2.65,-0.05%,0
"2025-01-13 13:15",5816.27,5818.02,5809.89,5818.02,1.69,+0.03%,0
"2025-01-13 13:00",5815.53,5817.71,5811.35,5816.33,0.77,+0.01%,0
"2025-01-13 12:45",5799.01,5815.98,5798.52,5815.56,16.6,+0.29%,0
"2025-01-13 12:30",5803.55,5805.17,5797.58,5798.96,-4.53,-0.08%,0
"2025-01-13 12:15",5796.97,5806.22,5796.27,5803.49,6.46,+0.11%,0
"2025-01-13 12:00",5781.2,5797.14,5778.1,5797.03,15.75,+0.27%,0
"2025-01-13 11:45",5801.05,5801.22,5780.57,5781.28,-19.85,-0.34%,0
"2025-01-13 11:30",5791.48,5802.8,5788.61,5801.13,9.67,+0.17%,0
"2025-01-13 11:15",5792.29,5797.26,5789.19,5791.46,-0.85,-0.01%,0
"2025-01-13 11:00",5799.48,5801.64,5789.87,5792.31,-7.25,-0.13%,0
"2025-01-13 10:45",5808.33,5811.99,5798.25,5799.56,-8.69,-0.15%,0
"2025-01-13 10:30",5781.1,5809.67,5781.1,5808.25,27.27,+0.47%,0
"2025-01-13 10:15",5789.73,5799.86,5780.41,5780.98,-8.74,-0.15%,0
"2025-01-13 10:00",5799.68,5806.19,5789.17,5789.72,-9.32,-0.16%,0
"2025-01-13 09:45",5788.63,5803.48,5781.92,5799.04,10.25,+0.18%,0
"2025-01-13 09:30",5782.02,5788.84,5773.31,5788.79,-38.25,-0.66%,0
"2025-01-10 16:45",5827.04,5827.04,5827.04,5827.04,0,0.00%,0
"2025-01-10 16:15",5827.04,5827.04,5827.04,5827.04,0,0.00%,0
"2025-01-10 16:00",5826.57,5827.04,5826.57,5827.04,0.54,+0.01%,0
"2025-01-10 15:45",5825.56,5831.21,5819.67,5826.5,0.91,+0.02%,0
"2025-01-10 15:30",5825.07,5831.97,5818.8,5825.59,0.65,+0.01%,0
"2025-01-10 15:15",5828.96,5831.56,5822.08,5824.94,-4.,-0.07%,0
"2025-01-10 15:00",5842.8,5844.71,5828.3,5828.94,-13.73,-0.23%,0
"2025-01-10 14:45",5840.88,5845.54,5834.59,5842.67,1.75,+0.03%,0
"2025-01-10 14:30",5847.99,5848.12,5838,5840.92,-7.03,-0.12%,0
"2025-01-10 14:15",5842.86,5850.94,5838.16,5847.95,4.77,+0.08%,0
"2025-01-10 14:00",5865.67,5866.03,5838.8,5843.18,-22.5,-0.38%,0
"2025-01-10 13:45",5855.3,5866.54,5852.72,5865.68,10.41,+0.18%,0
"2025-01-10 13:30",5853.8,5859.45,5848.68,5855.27,1.51,+0.03%,0
"2025-01-10 13:15",5843.41,5858.9,5839.94,5853.76,10.46,+0.18%,0
"2025-01-10 13:00",5837.17,5845.16,5831.65,5843.3,6.07,+0.10%,0
"2025-01-10 12:45",5831.38,5838.5,5828.01,5837.23,5.92,+0.10%,0
"2025-01-10 12:30",5821.91,5832.69,5820.92,5831.31,9.5,+0.16%,0
"2025-01-10 12:15",5812.01,5822.23,5810.64,5821.81,9.89,+0.17%,0
"2025-01-10 12:00",5812.71,5814.31,5807.78,5811.92,-0.52,-0.01%,0
"2025-01-10 11:45",5827.33,5829.59,5812.09,5812.44,-14.87,-0.26%,0
"2025-01-10 11:30",5819.59,5827.7,5809.79,5827.31,7.67,+0.13%,0
"2025-01-10 11:15",5822.5,5827.59,5817.77,5819.64,-2.7,-0.05%,0
"2025-01-10 11:00",5832.87,5834.42,5821.45,5822.34,-10.49,-0.18%,0
"2025-01-10 10:45",5841.56,5854.31,5831.62,5832.83,-8.6,-0.15%,0
"2025-01-10 10:30",5840.73,5849.49,5837.02,5841.43,0.59,+0.01%,0
"2025-01-10 10:15",5817.32,5841.45,5816.97,5840.84,23.07,+0.40%,0
"2025-01-10 10:00",5851.36,5851.36,5813.62,5817.77,-33.08,-0.57%,0
"2025-01-10 09:45",5865.14,5869.24,5844.6,5850.85,-14.35,-0.24%,0
"2025-01-10 09:30",5890.35,5890.35,5855.8,5865.2,-53.05,-0.90%,0
"2025-01-08 16:30",5918.25,5918.25,5918.25,5918.25,0,0.00%,0
"2025-01-08 16:15",5918.25,5918.25,5918.25,5918.25,0,0.00%,0
"2025-01-08 16:00",5917.91,5918.25,5917.51,5918.25,1.7,+0.03%,0
"2025-01-08 15:45",5911.68,5921.1,5909.94,5916.55,4.5,+0.08%,0
"2025-01-08 15:30",5913.57,5914.94,5905.17,5912.05,-1.44,-0.02%,0
"2025-01-08 15:15",5902.09,5915.03,5902.09,5913.49,11.37,+0.19%,0
"2025-01-08 15:00",5907.61,5911.98,5901.99,5902.12,-5.48,-0.09%,0
"2025-01-08 14:45",5907.62,5911.64,5904.9,5907.6,0.04,0.00%,0
"2025-01-08 14:30",5925.37,5925.37,5905.54,5907.56,-17.76,-0.30%,0
"2025-01-08 14:15",5903.97,5927.89,5903.97,5925.32,21.36,+0.36%,0
"2025-01-08 14:00",5900.74,5917.24,5894.44,5903.96,3.16,+0.05%,0
"2025-01-08 13:45",5914.5,5914.5,5893.2,5900.8,-13.71,-0.23%,0
"2025-01-08 13:30",5914.18,5916.67,5910.23,5914.51,0.24,0.00%,0
"2025-01-08 13:15",5905,5917.89,5904.26,5914.27,9.25,+0.16%,0
"2025-01-08 13:00",5892.54,5907.39,5892.02,5905.02,12.38,+0.21%,0
"2025-01-08 12:45",5887.07,5894.74,5883.05,5892.64,5.71,+0.10%,0
"2025-01-08 12:30",5878.57,5887.2,5874.78,5886.93,8.44,+0.14%,0
"2025-01-08 12:15",5895.7,5898.11,5877.23,5878.49,-17.2,-0.29%,0
"2025-01-08 12:00",5916.97,5917,5895.18,5895.69,-21.33,-0.36%,0
"2025-01-08 11:45",5920,5920.03,5913.23,5917.02,-3.01,-0.05%,0
"2025-01-08 11:30",5903.7,5922.03,5903.7,5920.03,16.33,+0.28%,0
"2025-01-08 11:15",5903.73,5909.76,5900.22,5903.7,-0.24,0.00%,0
"2025-01-08 11:00",5907.05,5907.4,5895.26,5903.94,-3.04,-0.05%,0
"2025-01-08 10:45",5894.74,5907.25,5891.46,5906.98,12.33,+0.21%,0
"2025-01-08 10:30",5887.82,5904.31,5887.02,5894.65,6.9,+0.12%,0
"2025-01-08 10:15",5886.41,5895.63,5882.64,5887.75,1.86,+0.03%,0
"2025-01-08 10:00",5895.33,5909.67,5885.89,5885.89,-10.84,-0.18%,0
"2025-01-08 09:45",5899.67,5907.17,5888.71,5896.73,-2.89,-0.05%,0
"2025-01-08 09:30",5910.66,5910.66,5893.54,5899.62,-9.41,-0.16%,0
"2025-01-07 16:45",5909.03,5909.03,5909.03,5909.03,0,0.00%,0
"2025-01-07 16:15",5909.03,5909.03,5909.03,5909.03,0,0.00%,0
"2025-01-07 16:00",5909.08,5909.19,5909.03,5909.03,-0.51,-0.01%,0
"2025-01-07 15:45",5900.11,5911.25,5898.34,5909.54,9.43,+0.16%,0
"2025-01-07 15:30",5901.29,5907.15,5890.68,5900.11,-1.29,-0.02%,0
"2025-01-07 15:15",5911.25,5913.36,5900.25,5901.4,-9.87,-0.17%,0
"2025-01-07 15:00",5923.46,5924.01,5909.53,5911.27,-12.21,-0.21%,0
"2025-01-07 14:45",5928.85,5930.66,5922.36,5923.48,-5.24,-0.09%,0
"2025-01-07 14:30",5933.39,5933.52,5921.51,5928.72,-4.89,-0.08%,0
"2025-01-07 14:15",5934.53,5934.54,5928.99,5933.61,-0.85,-0.01%,0
"2025-01-07 14:00",5933.07,5938.16,5932.06,5934.46,1.43,+0.02%,0
"2025-01-07 13:45",5932.42,5935.51,5931.42,5933.03,0.51,+0.01%,0
"2025-01-07 13:30",5945.71,5945.71,5930.88,5932.52,-13.23,-0.22%,0
"2025-01-07 13:15",5941.5,5947.25,5938.65,5945.75,4.33,+0.07%,0
"2025-01-07 13:00",5931.96,5942.02,5931.45,5941.42,9.48,+0.16%,0
"2025-01-07 12:45",5926.96,5932.16,5919.46,5931.94,4.94,+0.08%,0
"2025-01-07 12:30",5929.34,5937.83,5926.26,5927,-2.2,-0.04%,0
"2025-01-07 12:15",5936.44,5939.48,5925.9,5929.2,-7.26,-0.12%,0
"2025-01-07 12:00",5929.89,5936.49,5928.03,5936.46,6.43,+0.11%,0
"2025-01-07 11:45",5945.85,5949.59,5928.63,5930.03,-15.99,-0.27%,0
"2025-01-07 11:30",5954.21,5954.93,5937.62,5946.02,-8.24,-0.14%,0
"2025-01-07 11:15",5947.62,5957.04,5944.24,5954.26,6.57,+0.11%,0
"2025-01-07 11:00",5957.14,5959.55,5945.06,5947.69,-9.41,-0.16%,0
"2025-01-07 10:45",5934.95,5957.13,5925.51,5957.1,22.4,+0.38%,0
"2025-01-07 10:30",5958.92,5959.85,5929.68,5934.7,-24.65,-0.41%,0
"2025-01-07 10:15",5953.1,5968.1,5942.8,5959.35,6.35,+0.11%,0
"2025-01-07 10:00",5985.92,5985.92,5949.9,5953,-33.2,-0.55%,0
"2025-01-07 09:45",5993.3,5996.84,5984.57,5986.2,-7.1,-0.12%,0
"2025-01-07 09:30",5993.26,6000.68,5984.66,5993.3,17.92,+0.30%,0
"2025-01-06 16:45",5975.38,5975.38,5975.38,5975.38,0,0.00%,0
"2025-01-06 16:15",5975.38,5975.38,5975.38,5975.38,0,0.00%,0
"2025-01-06 16:00",5976.5,5976.5,5975.38,5975.38,-1.12,-0.02%,0
"2025-01-06 15:45",5969.48,5976.9,5960.01,5976.5,6.94,+0.12%,0
"2025-01-06 15:30",5973.97,5977.63,5968.68,5969.56,-4.43,-0.07%,0
"2025-01-06 15:15",5968.78,5975.46,5966.49,5973.99,5.15,+0.09%,0
"2025-01-06 15:00",5967.03,5971.71,5964.15,5968.84,1.79,+0.03%,0
"2025-01-06 14:45",5975.75,5978.38,5966.49,5967.05,-8.75,-0.15%,0
"2025-01-06 14:30",5977.11,5978.35,5972.13,5975.8,-1.28,-0.02%,0
"2025-01-06 14:15",5978.57,5980.99,5976.98,5977.08,-1.57,-0.03%,0
"2025-01-06 14:00",5979.66,5980.77,5972.52,5978.65,-0.9,-0.02%,0
"2025-01-06 13:45",5988.42,5989.07,5979.43,5979.55,-8.76,-0.15%,0
"2025-01-06 13:30",5997.19,5997.62,5987.21,5988.31,-8.82,-0.15%,0
"2025-01-06 13:15",5996.27,5998.54,5992,5997.13,1,+0.02%,0
"2025-01-06 13:00",6001.2,6001.26,5990.39,5996.13,-5.05,-0.08%,0
"2025-01-06 12:45",6003.19,6004.49,5997.91,6001.18,-2.02,-0.03%,0
"2025-01-06 12:30",6009.48,6011.29,6001.12,6003.2,-6.43,-0.11%,0
"2025-01-06 12:15",6013.23,6015.03,6007.78,6009.63,-3.55,-0.06%,0
"2025-01-06 12:00",6018.39,6018.39,6012.24,6013.18,-5.17,-0.09%,0
"2025-01-06 11:45",6018.3,6019.39,6015.73,6018.35,0.03,0.00%,0
"2025-01-06 11:30",6018.82,6021.04,6017.49,6018.32,-0.45,-0.01%,0
"2025-01-06 11:15",6014.86,6018.97,6013.32,6018.77,4.05,+0.07%,0
"2025-01-06 11:00",6012.39,6015.67,6009.59,6014.72,2.35,+0.04%,0
"2025-01-06 10:45",6008.09,6015.71,6008.05,6012.37,4.14,+0.07%,0
"2025-01-06 10:30",6012.66,6013.04,6004.73,6008.23,-4.15,-0.07%,0
"2025-01-06 10:15",6011.18,6013.59,6004.97,6012.38,1.21,+0.02%,0
"2025-01-06 10:00",6002.77,6011.85,6000.51,6011.17,8.78,+0.15%,0
"2025-01-06 09:45",5996.4,6006.12,5996.4,6002.39,6.71,+0.11%,0
"2025-01-06 09:30",5982.81,6003.08,5982.81,5995.68,53.21,+0.90%,0
"2025-01-03 16:45",5942.47,5942.47,5942.47,5942.47,0,0.00%,0
"2025-01-03 16:15",5942.47,5942.47,5942.47,5942.47,0,0.00%,0
"2025-01-03 16:00",5942.34,5942.53,5942.34,5942.47,0.59,+0.01%,0
"2025-01-03 15:45",5938.75,5944.92,5934.29,5941.88,3.16,+0.05%,0
"2025-01-03 15:30",5943.17,5943.17,5937.66,5938.72,-4.43,-0.07%,0
"2025-01-03 15:15",5942.94,5943.32,5940.42,5943.15,0.24,0.00%,0
"2025-01-03 15:00",5944.22,5944.22,5937.84,5942.91,-1.31,-0.02%,0
"2025-01-03 14:45",5947.03,5948.29,5943.07,5944.22,-2.89,-0.05%,0
"2025-01-03 14:30",5944.1,5949.34,5943.56,5947.11,2.97,+0.05%,0
"2025-01-03 14:15",5942.51,5945.38,5941.41,5944.14,1.67,+0.03%,0
"2025-01-03 14:00",5936.71,5942.94,5934.79,5942.47,5.59,+0.09%,0
"2025-01-03 13:45",5940.08,5941.16,5934.91,5936.88,-3.29,-0.06%,0
"2025-01-03 13:30",5937.89,5941.91,5935.68,5940.17,2.37,+0.04%,0
"2025-01-03 13:15",5930.63,5937.85,5929.63,5937.8,7.21,+0.12%,0
"2025-01-03 13:00",5929.99,5931.1,5925.95,5930.59,0.63,+0.01%,0
"2025-01-03 12:45",5926.49,5930.55,5924.7,5929.96,3.54,+0.06%,0
"2025-01-03 12:30",5925.07,5928.27,5923.49,5926.42,1.33,+0.02%,0
"2025-01-03 12:15",5926.59,5931.38,5924.34,5925.09,-1.54,-0.03%,0
"2025-01-03 12:00",5927.26,5932.98,5926.6,5926.63,-0.66,-0.01%,0
"2025-01-03 11:45",5930.29,5932.81,5927.01,5927.29,-3.02,-0.05%,0
"2025-01-03 11:30",5919.79,5931.01,5919.37,5930.31,10.54,+0.18%,0
"2025-01-03 11:15",5908.43,5919.77,5907.03,5919.77,11.26,+0.19%,0
"2025-01-03 11:00",5914.94,5921.07,5905.2,5908.51,-6.37,-0.11%,0
"2025-01-03 10:45",5914.05,5916.4,5908.12,5914.88,0.66,+0.01%,0
"2025-01-03 10:30",5905.42,5917.82,5899.52,5914.22,8.59,+0.15%,0
"2025-01-03 10:15",5905.36,5908.82,5888.66,5905.63,0.3,+0.01%,0
"2025-01-03 10:00",5903.62,5917.1,5897.9,5905.33,2.58,+0.04%,0
"2025-01-03 09:45",5916.26,5917.13,5892.07,5902.75,-13.5,-0.23%,0
"2025-01-03 09:30",5891.07,5918.03,5891.07,5916.25,47.7,+0.81%,0
"2025-01-02 16:30",5868.55,5868.55,5868.55,5868.55,0,0.00%,0
"2025-01-02 16:15",5868.55,5868.55,5868.55,5868.55,0,0.00%,0
"2025-01-02 16:00",5868.77,5869.02,5868.55,5868.55,-0.29,0.00%,0
"2025-01-02 15:45",5864.17,5873.08,5861.45,5868.84,4.96,+0.08%,0
"2025-01-02 15:30",5867.59,5876.01,5859.18,5863.88,-3.77,-0.06%,0
"2025-01-02 15:15",5866.92,5870.49,5862.34,5867.65,0.74,+0.01%,0
"2025-01-02 15:00",5844.77,5869.55,5844.77,5866.91,22.02,+0.38%,0
"2025-01-02 14:45",5850.94,5862.18,5844.31,5844.89,-5.9,-0.10%,0
"2025-01-02 14:30",5856.23,5856.23,5845.37,5850.79,-5.42,-0.09%,0
"2025-01-02 14:15",5844.44,5857.89,5843.09,5856.21,11.79,+0.20%,0
"2025-01-02 14:00",5841.84,5853.22,5838.01,5844.42,2.58,+0.04%,0
"2025-01-02 13:45",5846.05,5846.05,5829.53,5841.84,-4.17,-0.07%,0
"2025-01-02 13:30",5846.58,5846.58,5831.8,5846.01,-0.49,-0.01%,0
"2025-01-02 13:15",5840.53,5848.24,5835.04,5846.5,5.73,+0.10%,0
"2025-01-02 13:00",5852.78,5853.35,5837.45,5840.77,-11.9,-0.20%,0
"2025-01-02 12:45",5845.29,5854.98,5834.28,5852.67,7.49,+0.13%,0
"2025-01-02 12:30",5868.56,5868.56,5839.3,5845.18,-23.33,-0.40%,0
"2025-01-02 12:15",5907.18,5907.18,5867.35,5868.51,-38.65,-0.65%,0
"2025-01-02 12:00",5902.39,5909.71,5897.14,5907.16,4.76,+0.08%,0
"2025-01-02 11:45",5902.72,5911.3,5898.11,5902.4,-0.21,0.00%,0
"2025-01-02 11:30",5898.76,5907.82,5895.48,5902.61,3.84,+0.07%,0
"2025-01-02 11:15",5888.64,5899.76,5884.77,5898.77,10.3,+0.17%,0
"2025-01-02 11:00",5900.03,5901.21,5877.45,5888.47,-11.61,-0.20%,0
"2025-01-02 10:45",5894.13,5910.56,5888.38,5900.08,5.81,+0.10%,0
"2025-01-02 10:30",5902.2,5904.76,5888.02,5894.27,-8.27,-0.14%,0
"2025-01-02 10:15",5930.61,5932.74,5897.92,5902.54,-28.44,-0.48%,0
"2025-01-02 10:00",5925.79,5935.09,5923.05,5930.98,5.75,+0.10%,0
"2025-01-02 09:45",5895.5,5928.48,5894.65,5925.23,29.86,+0.51%,0
"2025-01-02 09:30",5903.26,5920.53,5886.67,5895.37,13.74,+0.23%,0
"Downloaded from Barchart.com as of 03-04-2026 12:44pm CST"
