Time,Open,High,Low,Latest,Change,%Change,Volume
"2026-03-04 23:45",48614,48621,48586,48589,-28.,-0.06%,274
"2026-03-04 23:30",48641,48645,48611,48617,-23.,-0.05%,180
"2026-03-04 23:15",48654,48656,48635,48640,-19.,-0.04%,159
"2026-03-04 23:00",48673,48675,48654,48659,-15.,-0.03%,168
"2026-03-04 22:45",48650,48681,48650,48674,26,+0.05%,377
"2026-03-04 22:30",48664,48665,48638,48648,-14.,-0.03%,251
"2026-03-04 22:15",48649,48664,48627,48662,8,+0.02%,728
"2026-03-04 22:00",48600,48655,48589,48654,52,+0.11%,475
"2026-03-04 21:45",48603,48641,48588,48602,3,+0.01%,998
"2026-03-04 21:30",48605,48610,48559,48599,-2.,0.00%,496
"2026-03-04 21:15",48645,48649,48592,48601,-44.,-0.09%,478
"2026-03-04 21:00",48668,48684,48637,48645,-23.,-0.05%,518
"2026-03-04 20:45",48661,48711,48661,48668,5,+0.01%,560
"2026-03-04 20:30",48643,48672,48622,48663,20,+0.04%,305
"2026-03-04 20:15",48673,48684,48632,48643,-31.,-0.06%,257
"2026-03-04 20:00",48663,48685,48654,48674,12,+0.02%,310
"2026-03-04 19:45",48676,48710,48634,48662,-13.,-0.03%,682
"2026-03-04 19:30",48733,48751,48658,48675,-60.,-0.12%,826
"2026-03-04 19:15",48798,48799,48716,48735,-65.,-0.13%,1119
"2026-03-04 19:00",48832,48834,48787,48800,-33.,-0.07%,523
"2026-03-04 18:45",48851,48856,48826,48833,-17.,-0.03%,356
"2026-03-04 18:30",48853,48872,48844,48850,-3.,-0.01%,521
"2026-03-04 18:15",48842,48886,48840,48853,10,+0.02%,620
"2026-03-04 18:00",48802,48845,48789,48843,40,+0.08%,443
"2026-03-04 17:45",48815,48826,48797,48803,-13.,-0.03%,183
"2026-03-04 17:30",48789,48821,48780,48816,25,+0.05%,204
"2026-03-04 17:15",48809,48813,48785,48791,-22.,-0.05%,145
"2026-03-04 17:00",48788,48818,48754,48813,2,0.00%,511
"2026-03-04 15:45",48802,48830,48788,48811,6,+0.01%,305
"2026-03-04 15:30",48802,48815,48800,48805,5,+0.01%,151
"2026-03-04 15:15",48808,48825,48772,48800,-3.,-0.01%,770
"2026-03-04 15:00",48781,48813,48745,48803,20,+0.04%,1608
"2026-03-04 14:45",48867,48887,48778,48783,-85.,-0.17%,5974
"2026-03-04 14:30",48858,48878,48839,48868,8,+0.02%,1386
"2026-03-04 14:15",48852,48862,48807,48860,9,+0.02%,1421
"2026-03-04 14:00",48862,48883,48830,48851,-10.,-0.02%,1536
"2026-03-04 13:45",48832,48890,48830,48861,30,+0.06%,1122
"2026-03-04 13:30",48820,48850,48819,48831,13,+0.03%,1150
"2026-03-04 13:15",48850,48860,48810,48818,-29.,-0.06%,859
"2026-03-04 13:00",48826,48865,48814,48847,25,+0.05%,1013
"2026-03-04 12:45",48857,48869,48809,48822,-34.,-0.07%,1219
"2026-03-04 12:30",48836,48874,48835,48856,24,+0.05%,1602
"2026-03-04 12:15",48827,48841,48790,48832,7,+0.01%,1144
"2026-03-04 12:00",48884,48903,48823,48825,-59.,-0.12%,1280
"2026-03-04 11:45",48856,48901,48856,48884,27,+0.06%,1007
"2026-03-04 11:30",48835,48884,48773,48857,24,+0.05%,1713
"2026-03-04 11:15",48894,48910,48830,48833,-57.,-0.12%,1566
"2026-03-04 11:00",48860,48907,48848,48890,28,+0.06%,1273
"2026-03-04 10:45",48904,48916,48842,48862,-41.,-0.08%,2052
"2026-03-04 10:30",48840,48915,48811,48903,64,+0.13%,2794
"2026-03-04 10:15",48781,48854,48766,48839,58,+0.12%,3352
"2026-03-04 10:00",48852,48910,48761,48781,-74.,-0.15%,3449
"2026-03-04 09:45",48767,48858,48712,48855,92,+0.19%,3116
"2026-03-04 09:30",48867,48890,48747,48763,-100.,-0.20%,4209
"2026-03-04 09:15",48725,48901,48716,48863,137,+0.28%,5381
"2026-03-04 09:00",48567,48757,48535,48726,166,+0.34%,5809
"2026-03-04 08:45",48438,48566,48410,48560,124,+0.26%,5740
"2026-03-04 08:30",48660,48814,48401,48436,-225.,-0.46%,13800
"2026-03-04 08:15",48702,48753,48646,48661,-39.,-0.08%,1917
"2026-03-04 08:00",48684,48702,48654,48700,15,+0.03%,804
"2026-03-04 07:45",48684,48728,48675,48685,-1.,0.00%,1283
"2026-03-04 07:30",48676,48712,48654,48686,9,+0.02%,1557
"2026-03-04 07:15",48725,48743,48647,48677,-46.,-0.09%,1617
"2026-03-04 07:00",48534,48729,48529,48723,191,+0.39%,2780
"2026-03-04 06:45",48540,48541,48467,48532,-9.,-0.02%,1026
"2026-03-04 06:30",48467,48552,48452,48541,77,+0.16%,1251
"2026-03-04 06:15",48608,48609,48457,48464,-143.,-0.29%,1676
"2026-03-04 06:00",48570,48628,48568,48607,39,+0.08%,1122
"2026-03-04 05:45",48582,48613,48568,48568,-16.,-0.03%,733
"2026-03-04 05:30",48670,48674,48584,48584,-85.,-0.17%,1025
"2026-03-04 05:15",48684,48723,48665,48669,-13.,-0.03%,1094
"2026-03-04 05:00",48647,48699,48645,48682,34,+0.07%,1129
"2026-03-04 04:45",48629,48666,48610,48648,21,+0.04%,686
"2026-03-04 04:30",48569,48640,48569,48627,59,+0.12%,756
"2026-03-04 04:15",48661,48676,48564,48568,-93.,-0.19%,1809
"2026-03-04 04:00",48506,48670,48500,48661,153,+0.32%,3563
"2026-03-04 03:45",48462,48514,48447,48508,50,+0.10%,1004
"2026-03-04 03:30",48428,48476,48417,48458,30,+0.06%,1298
"2026-03-04 03:15",48416,48444,48404,48428,12,+0.02%,1087
"2026-03-04 03:00",48379,48430,48337,48416,37,+0.08%,1387
"2026-03-04 02:45",48437,48445,48360,48379,-55.,-0.11%,945
"2026-03-04 02:30",48374,48442,48363,48434,62,+0.13%,1181
"2026-03-04 02:15",48441,48451,48350,48372,-71.,-0.15%,1702
"2026-03-04 02:00",48446,48470,48400,48443,0,0.00%,2119
"2026-03-04 01:45",48444,48474,48420,48443,-1.,0.00%,617
"2026-03-04 01:30",48402,48457,48395,48444,41,+0.08%,866
"2026-03-04 01:15",48310,48428,48305,48403,87,+0.18%,683
"2026-03-04 01:00",48366,48382,48309,48316,-54.,-0.11%,691
"2026-03-04 00:45",48387,48397,48356,48370,-14.,-0.03%,259
"2026-03-04 00:30",48348,48406,48344,48384,38,+0.08%,441
"2026-03-04 00:15",48295,48348,48266,48346,46,+0.10%,524
"2026-03-04 00:00",48356,48358,48292,48300,-60.,-0.12%,380
"2026-03-03 23:45",48384,48414,48356,48360,-30.,-0.06%,167
"2026-03-03 23:30",48352,48429,48335,48390,38,+0.08%,359
"2026-03-03 23:15",48365,48409,48325,48352,-18.,-0.04%,292
"2026-03-03 23:00",48395,48424,48358,48370,-18.,-0.04%,280
"2026-03-03 22:45",48401,48412,48366,48388,-5.,-0.01%,221
"2026-03-03 22:30",48382,48407,48353,48393,5,+0.01%,232
"2026-03-03 22:15",48413,48426,48366,48388,-25.,-0.05%,677
"2026-03-03 22:00",48380,48422,48367,48413,32,+0.07%,362
"2026-03-03 21:45",48328,48381,48310,48381,54,+0.11%,369
"2026-03-03 21:30",48334,48341,48291,48327,-10.,-0.02%,583
"2026-03-03 21:15",48358,48370,48310,48337,-21.,-0.04%,338
"2026-03-03 21:00",48391,48395,48348,48358,-40.,-0.08%,329
"2026-03-03 20:45",48376,48418,48376,48398,25,+0.05%,288
"2026-03-03 20:30",48375,48384,48318,48373,1,0.00%,422
"2026-03-03 20:15",48368,48414,48339,48372,2,0.00%,972
"2026-03-03 20:00",48425,48456,48365,48370,-53.,-0.11%,808
"2026-03-03 19:45",48437,48438,48361,48423,-22.,-0.05%,600
"2026-03-03 19:30",48373,48457,48354,48445,71,+0.15%,938
"2026-03-03 19:15",48446,48460,48354,48374,-68.,-0.14%,1103
"2026-03-03 19:00",48509,48543,48439,48442,-66.,-0.14%,822
"2026-03-03 18:45",48449,48536,48449,48508,58,+0.12%,858
"2026-03-03 18:30",48539,48540,48435,48450,-89.,-0.18%,721
"2026-03-03 18:15",48513,48594,48506,48539,28,+0.06%,906
"2026-03-03 18:00",48470,48519,48431,48511,45,+0.09%,871
"2026-03-03 17:45",48491,48505,48456,48466,-24.,-0.05%,254
"2026-03-03 17:30",48473,48504,48472,48490,17,+0.04%,198
"2026-03-03 17:15",48527,48550,48466,48473,-54.,-0.11%,439
"2026-03-03 17:00",48475,48531,48436,48527,38,+0.08%,642
"2026-03-03 15:45",48497,48503,48482,48489,-6.,-0.01%,266
"2026-03-03 15:30",48509,48515,48460,48495,-9.,-0.02%,603
"2026-03-03 15:15",48537,48541,48502,48504,-32.,-0.07%,348
"2026-03-03 15:00",48565,48573,48520,48536,-30.,-0.06%,1502
"2026-03-03 14:45",48577,48600,48499,48566,-13.,-0.03%,6621
"2026-03-03 14:30",48638,48652,48564,48579,-62.,-0.13%,1783
"2026-03-03 14:15",48639,48663,48584,48641,1,0.00%,1972
"2026-03-03 14:00",48673,48717,48630,48640,-33.,-0.07%,2347
"2026-03-03 13:45",48718,48755,48642,48673,-44.,-0.09%,3365
"2026-03-03 13:30",48586,48722,48503,48717,130,+0.27%,4929
"2026-03-03 13:15",48576,48655,48565,48587,14,+0.03%,1931
"2026-03-03 13:00",48614,48632,48515,48573,-39.,-0.08%,2746
"2026-03-03 12:45",48592,48657,48559,48612,20,+0.04%,3011
"2026-03-03 12:30",48502,48641,48495,48592,91,+0.19%,3956
"2026-03-03 12:15",48397,48550,48396,48501,104,+0.21%,2892
"2026-03-03 12:00",48361,48457,48356,48397,38,+0.08%,2253
"2026-03-03 11:45",48386,48406,48299,48359,-29.,-0.06%,2252
"2026-03-03 11:30",48356,48393,48235,48388,33,+0.07%,3064
"2026-03-03 11:15",48265,48378,48244,48355,92,+0.19%,2592
"2026-03-03 11:00",48275,48295,48222,48263,-12.,-0.02%,3148
"2026-03-03 10:45",48197,48315,48194,48275,78,+0.16%,4153
"2026-03-03 10:30",48115,48210,48034,48197,77,+0.16%,5947
"2026-03-03 10:15",48058,48158,48031,48120,63,+0.13%,5001
"2026-03-03 10:00",47860,48071,47821,48057,198,+0.41%,5834
"2026-03-03 09:45",47825,47872,47743,47859,35,+0.07%,5942
"2026-03-03 09:30",47703,47874,47703,47824,119,+0.25%,7594
"2026-03-03 09:15",47854,47870,47681,47705,-149.,-0.31%,6889
"2026-03-03 09:00",47857,47956,47749,47854,-6.,-0.01%,9580
"2026-03-03 08:45",47901,47972,47810,47860,-40.,-0.08%,9593
"2026-03-03 08:30",48026,48197,47885,47900,-125.,-0.26%,16533
"2026-03-03 08:15",48003,48073,47960,48025,21,+0.04%,2825
"2026-03-03 08:00",48079,48084,47987,48004,-74.,-0.15%,2766
"2026-03-03 07:45",48090,48107,48018,48078,-11.,-0.02%,3260
"2026-03-03 07:30",48215,48220,48067,48089,-125.,-0.26%,3594
"2026-03-03 07:15",48255,48294,48196,48214,-44.,-0.09%,1574
"2026-03-03 07:00",48282,48293,48202,48258,-24.,-0.05%,1489
"2026-03-03 06:45",48285,48313,48225,48282,-2.,0.00%,1922
"2026-03-03 06:30",48257,48284,48213,48284,27,+0.06%,1522
"2026-03-03 06:15",48195,48290,48183,48257,60,+0.12%,2305
"2026-03-03 06:00",48107,48232,48097,48197,87,+0.18%,2218
"2026-03-03 05:45",48142,48162,48086,48110,-31.,-0.06%,1214
"2026-03-03 05:30",48078,48152,48078,48141,64,+0.13%,1791
"2026-03-03 05:15",48079,48108,47951,48077,0,0.00%,3266
"2026-03-03 05:00",48094,48131,48059,48077,-16.,-0.03%,1623
"2026-03-03 04:45",48146,48169,48025,48093,-47.,-0.10%,2680
"2026-03-03 04:30",48103,48142,48030,48140,36,+0.07%,2374
"2026-03-03 04:15",48101,48161,48083,48104,-1.,0.00%,1551
"2026-03-03 04:00",48159,48189,48086,48105,-51.,-0.11%,1631
"2026-03-03 03:45",48209,48211,48136,48156,-54.,-0.11%,2357
"2026-03-03 03:30",48248,48279,48202,48210,-40.,-0.08%,1956
"2026-03-03 03:15",48257,48278,48228,48250,-12.,-0.02%,1452
"2026-03-03 03:00",48152,48273,48152,48262,114,+0.24%,3306
"2026-03-03 02:45",48195,48205,48137,48148,-45.,-0.09%,2561
"2026-03-03 02:30",48241,48270,48162,48193,-51.,-0.11%,2764
"2026-03-03 02:15",48324,48354,48238,48244,-79.,-0.16%,2452
"2026-03-03 02:00",48436,48442,48319,48323,-115.,-0.24%,2460
"2026-03-03 01:45",48450,48471,48417,48438,-13.,-0.03%,753
"2026-03-03 01:30",48441,48460,48427,48451,11,+0.02%,1042
"2026-03-03 01:15",48506,48514,48416,48440,-68.,-0.14%,1257
"2026-03-03 01:00",48526,48554,48505,48508,-18.,-0.04%,1346
"2026-03-03 00:45",48535,48553,48509,48526,-11.,-0.02%,608
"2026-03-03 00:30",48592,48593,48524,48537,-58.,-0.12%,557
"2026-03-03 00:15",48589,48595,48551,48595,5,+0.01%,422
"2026-03-03 00:00",48577,48609,48572,48590,16,+0.03%,761
"2026-03-02 23:45",48557,48587,48547,48574,16,+0.03%,678
"2026-03-02 23:30",48610,48611,48554,48558,-53.,-0.11%,548
"2026-03-02 23:15",48606,48618,48594,48611,10,+0.02%,389
"2026-03-02 23:00",48597,48617,48577,48601,6,+0.01%,381
"2026-03-02 22:45",48623,48629,48580,48595,-27.,-0.06%,358
"2026-03-02 22:30",48627,48644,48602,48622,-6.,-0.01%,426
"2026-03-02 22:15",48663,48672,48610,48628,-32.,-0.07%,449
"2026-03-02 22:00",48681,48701,48654,48660,-24.,-0.05%,318
"2026-03-02 21:45",48708,48722,48675,48684,-20.,-0.04%,260
"2026-03-02 21:30",48660,48715,48647,48704,48,+0.10%,674
"2026-03-02 21:15",48697,48703,48653,48656,-37.,-0.08%,250
"2026-03-02 21:00",48700,48717,48672,48693,-3.,-0.01%,354
"2026-03-02 20:45",48696,48722,48688,48696,-4.,-0.01%,244
"2026-03-02 20:30",48667,48727,48662,48700,33,+0.07%,609
"2026-03-02 20:15",48687,48690,48627,48667,-15.,-0.03%,736
"2026-03-02 20:00",48719,48730,48665,48682,-33.,-0.07%,937
"2026-03-02 19:45",48783,48788,48715,48715,-68.,-0.14%,458
"2026-03-02 19:30",48800,48810,48770,48783,-19.,-0.04%,438
"2026-03-02 19:15",48830,48861,48797,48802,-27.,-0.06%,346
"2026-03-02 19:00",48820,48844,48786,48829,10,+0.02%,513
"2026-03-02 18:45",48846,48847,48812,48819,-25.,-0.05%,322
"2026-03-02 18:30",48845,48851,48832,48844,2,0.00%,137
"2026-03-02 18:15",48853,48864,48827,48842,-16.,-0.03%,362
"2026-03-02 18:00",48888,48904,48854,48858,-25.,-0.05%,437
"2026-03-02 17:45",48854,48897,48853,48883,26,+0.05%,279
"2026-03-02 17:30",48869,48883,48857,48857,-11.,-0.02%,203
"2026-03-02 17:15",48889,48894,48854,48868,-21.,-0.04%,369
"2026-03-02 17:00",48928,48935,48883,48889,-38.,-0.08%,326
"2026-03-02 15:45",48921,48932,48897,48927,4,+0.01%,420
"2026-03-02 15:30",48915,48928,48913,48923,7,+0.01%,154
"2026-03-02 15:15",48928,48929,48906,48916,-9.,-0.02%,296
"2026-03-02 15:00",48943,48956,48905,48925,-16.,-0.03%,1473
"2026-03-02 14:45",48950,48992,48906,48941,-10.,-0.02%,6653
"2026-03-02 14:30",48886,48954,48876,48951,67,+0.14%,2304
"2026-03-02 14:15",48830,48955,48811,48884,54,+0.11%,3837
"2026-03-02 14:00",49057,49071,48819,48830,-229.,-0.47%,3908
"2026-03-02 13:45",49060,49079,49045,49059,-3.,-0.01%,972
"2026-03-02 13:30",49084,49121,49054,49062,-20.,-0.04%,1941
"2026-03-02 13:15",48967,49086,48967,49082,120,+0.25%,2916
"2026-03-02 13:00",48876,48967,48875,48962,83,+0.17%,1642
"2026-03-02 12:45",48934,48938,48877,48879,-55.,-0.11%,1620
"2026-03-02 12:30",49000,49004,48908,48934,-64.,-0.13%,1285
"2026-03-02 12:15",49001,49006,48932,48998,-6.,-0.01%,1525
"2026-03-02 12:00",49006,49038,48997,49004,-3.,-0.01%,1078
"2026-03-02 11:45",48993,49029,48976,49007,10,+0.02%,1015
"2026-03-02 11:30",48960,49005,48944,48997,36,+0.07%,1578
"2026-03-02 11:15",48978,49046,48961,48961,-17.,-0.03%,1694
"2026-03-02 11:00",48942,48987,48912,48978,35,+0.07%,1582
"2026-03-02 10:45",48972,49022,48933,48943,-29.,-0.06%,3545
"2026-03-02 10:30",48753,48979,48725,48972,219,+0.45%,3804
"2026-03-02 10:15",48918,48918,48747,48753,-164.,-0.34%,3031
"2026-03-02 10:00",48855,48967,48825,48917,60,+0.12%,3093
"2026-03-02 09:45",48830,48870,48765,48857,26,+0.05%,2831
"2026-03-02 09:30",48838,48868,48711,48831,-9.,-0.02%,4307
"2026-03-02 09:15",48928,48972,48824,48840,-91.,-0.19%,5529
"2026-03-02 09:00",48726,48944,48685,48931,205,+0.42%,7158
"2026-03-02 08:45",48647,48763,48627,48726,76,+0.16%,7971
"2026-03-02 08:30",48451,48669,48432,48650,198,+0.41%,15206
"2026-03-02 08:15",48467,48468,48411,48452,-17.,-0.04%,2095
"2026-03-02 08:00",48463,48484,48432,48469,5,+0.01%,1341
"2026-03-02 07:45",48473,48495,48450,48464,-8.,-0.02%,1104
"2026-03-02 07:30",48517,48532,48469,48472,-45.,-0.09%,1062
"2026-03-02 07:15",48492,48582,48484,48517,33,+0.07%,1158
"2026-03-02 07:00",48476,48515,48456,48484,9,+0.02%,824
"2026-03-02 06:45",48428,48483,48427,48475,49,+0.10%,590
"2026-03-02 06:30",48439,48469,48417,48426,-13.,-0.03%,416
"2026-03-02 06:15",48442,48453,48414,48439,-6.,-0.01%,458
"2026-03-02 06:00",48483,48516,48410,48445,-42.,-0.09%,1035
"2026-03-02 05:45",48503,48559,48458,48487,-17.,-0.04%,1115
"2026-03-02 05:30",48481,48524,48481,48504,25,+0.05%,422
"2026-03-02 05:15",48454,48508,48438,48479,31,+0.06%,405
"2026-03-02 05:00",48468,48478,48431,48448,-13.,-0.03%,394
"2026-03-02 04:45",48509,48511,48453,48461,-46.,-0.09%,361
"2026-03-02 04:30",48461,48519,48461,48507,48,+0.10%,513
"2026-03-02 04:15",48464,48491,48431,48459,-2.,0.00%,531
"2026-03-02 04:00",48432,48534,48430,48461,25,+0.05%,1055
"2026-03-02 03:45",48437,48458,48424,48436,1,0.00%,564
"2026-03-02 03:30",48422,48448,48390,48435,23,+0.05%,831
"2026-03-02 03:15",48408,48448,48399,48412,5,+0.01%,775
"2026-03-02 03:00",48316,48421,48289,48407,89,+0.18%,1436
"2026-03-02 02:45",48299,48375,48283,48318,21,+0.04%,1333
"2026-03-02 02:30",48174,48315,48169,48297,123,+0.26%,1252
"2026-03-02 02:15",48281,48281,48166,48174,-105.,-0.22%,1305
"2026-03-02 02:00",48259,48312,48196,48279,19,+0.04%,1894
"2026-03-02 01:45",48316,48317,48244,48260,-58.,-0.12%,1013
"2026-03-02 01:30",48354,48379,48285,48318,-40.,-0.08%,920
"2026-03-02 01:15",48304,48392,48302,48358,58,+0.12%,1134
"2026-03-02 01:00",48413,48425,48278,48300,-112.,-0.23%,1725
"2026-03-02 00:45",48435,48436,48341,48412,-23.,-0.05%,1435
"2026-03-02 00:30",48518,48521,48432,48435,-82.,-0.17%,517
"2026-03-02 00:15",48519,48530,48453,48517,-4.,-0.01%,552
"2026-03-02 00:00",48514,48522,48504,48521,11,+0.02%,259
"2026-03-01 23:45",48570,48570,48507,48510,-58.,-0.12%,316
"2026-03-01 23:30",48568,48580,48564,48568,5,+0.01%,146
"2026-03-01 23:15",48570,48589,48555,48563,-6.,-0.01%,249
"2026-03-01 23:00",48576,48594,48562,48569,-9.,-0.02%,247
"2026-03-01 22:45",48645,48647,48574,48578,-67.,-0.14%,303
"2026-03-01 22:30",48630,48660,48619,48645,15,+0.03%,287
"2026-03-01 22:15",48625,48638,48560,48630,7,+0.01%,863
"2026-03-01 22:00",48612,48626,48608,48623,12,+0.02%,140
"2026-03-01 21:45",48610,48630,48597,48611,2,0.00%,239
"2026-03-01 21:30",48633,48633,48593,48609,-21.,-0.04%,315
"2026-03-01 21:15",48631,48644,48611,48630,-4.,-0.01%,307
"2026-03-01 21:00",48646,48656,48619,48634,-15.,-0.03%,260
"2026-03-01 20:45",48681,48688,48628,48649,-35.,-0.07%,401
"2026-03-01 20:30",48642,48687,48638,48684,44,+0.09%,373
"2026-03-01 20:15",48669,48675,48632,48640,-30.,-0.06%,497
"2026-03-01 20:00",48705,48730,48656,48670,-33.,-0.07%,653
"2026-03-01 19:45",48704,48716,48678,48703,-2.,0.00%,535
"2026-03-01 19:30",48663,48728,48652,48705,42,+0.09%,829
"2026-03-01 19:15",48669,48669,48625,48663,3,+0.01%,816
"2026-03-01 19:00",48515,48687,48515,48660,149,+0.31%,1522
"2026-03-01 18:45",48458,48520,48458,48511,55,+0.11%,748
"2026-03-01 18:30",48426,48461,48396,48456,34,+0.07%,739
"2026-03-01 18:15",48471,48473,48398,48422,-51.,-0.11%,1306
"2026-03-01 18:00",48431,48499,48391,48473,47,+0.10%,1140
"2026-03-01 17:45",48486,48500,48421,48426,-60.,-0.12%,548
"2026-03-01 17:30",48484,48494,48436,48486,-1.,0.00%,750
"2026-03-01 17:15",48511,48527,48469,48487,-20.,-0.04%,742
"2026-03-01 17:00",48451,48617,48414,48507,-402.,-0.82%,2270
"2026-02-27 15:45",48924,48926,48896,48909,-17.,-0.03%,485
"2026-02-27 15:30",48929,48937,48920,48926,-2.,0.00%,487
"2026-02-27 15:15",48965,48972,48924,48928,-37.,-0.08%,551
"2026-02-27 15:00",49000,49000,48949,48965,-35.,-0.07%,2542
"2026-02-27 14:45",48947,49024,48932,49000,58,+0.12%,8533
"2026-02-27 14:30",48951,48987,48900,48942,-10.,-0.02%,2704
"2026-02-27 14:15",48932,48997,48918,48952,21,+0.04%,2761
"2026-02-27 14:00",48802,48934,48802,48931,127,+0.26%,2013
"2026-02-27 13:45",48835,48857,48789,48804,-31.,-0.06%,1595
"2026-02-27 13:30",48823,48868,48800,48835,13,+0.03%,1797
"2026-02-27 13:15",48852,48876,48815,48822,-31.,-0.06%,1482
"2026-02-27 13:00",48917,48943,48831,48853,-63.,-0.13%,1774
"2026-02-27 12:45",48878,48922,48861,48916,37,+0.08%,1583
"2026-02-27 12:30",48866,48901,48839,48879,8,+0.02%,1369
"2026-02-27 12:15",48878,48889,48826,48871,-8.,-0.02%,1734
"2026-02-27 12:00",48867,48907,48858,48879,11,+0.02%,2017
"2026-02-27 11:45",48807,48871,48775,48868,61,+0.12%,2022
"2026-02-27 11:30",48761,48847,48736,48807,44,+0.09%,3907
"2026-02-27 11:15",48886,48891,48761,48763,-123.,-0.25%,3041
"2026-02-27 11:00",48905,48990,48883,48886,-20.,-0.04%,2126
"2026-02-27 10:45",48937,48988,48894,48906,-31.,-0.06%,2618
"2026-02-27 10:30",49031,49073,48931,48937,-92.,-0.19%,2713
"2026-02-27 10:15",48985,49058,48963,49029,42,+0.09%,2590
"2026-02-27 10:00",48938,49004,48920,48987,51,+0.10%,2341
"2026-02-27 09:45",48985,49003,48881,48936,-46.,-0.09%,2924
"2026-02-27 09:30",48857,48995,48826,48982,121,+0.25%,3492
"2026-02-27 09:15",48856,48884,48780,48861,6,+0.01%,4059
"2026-02-27 09:00",48716,48942,48699,48855,135,+0.28%,7286
"2026-02-27 08:45",48808,48852,48710,48720,-86.,-0.18%,7867
"2026-02-27 08:30",48990,49124,48777,48806,-186.,-0.38%,13861
"2026-02-27 08:15",49020,49022,48972,48992,-35.,-0.07%,2099
"2026-02-27 08:00",49032,49036,48993,49027,-7.,-0.01%,1169
"2026-02-27 07:45",48969,49046,48969,49034,65,+0.13%,1726
"2026-02-27 07:30",49044,49044,48926,48969,-79.,-0.16%,3459
"2026-02-27 07:15",49124,49133,49032,49048,-76.,-0.15%,1750
"2026-02-27 07:00",49157,49180,49122,49124,-34.,-0.07%,1436
"2026-02-27 06:45",49173,49181,49139,49158,-13.,-0.03%,1137
"2026-02-27 06:30",49229,49242,49170,49171,-61.,-0.12%,724
"2026-02-27 06:15",49214,49242,49202,49232,17,+0.03%,679
"2026-02-27 06:00",49185,49217,49152,49215,30,+0.06%,913
"2026-02-27 05:45",49178,49192,49156,49185,8,+0.02%,637
"2026-02-27 05:30",49237,49250,49164,49177,-60.,-0.12%,673
"2026-02-27 05:15",49228,49257,49219,49237,6,+0.01%,646
"2026-02-27 05:00",49259,49263,49205,49231,-27.,-0.05%,1076
"2026-02-27 04:45",49300,49300,49236,49258,-39.,-0.08%,707
"2026-02-27 04:30",49283,49299,49264,49297,19,+0.04%,542
"2026-02-27 04:15",49249,49294,49249,49278,28,+0.06%,407
"2026-02-27 04:00",49327,49332,49232,49250,-79.,-0.16%,708
"2026-02-27 03:45",49319,49341,49314,49329,9,+0.02%,596
"2026-02-27 03:30",49372,49373,49315,49320,-51.,-0.10%,477
"2026-02-27 03:15",49370,49396,49351,49371,1,0.00%,936
"2026-02-27 03:00",49341,49379,49336,49370,29,+0.06%,465
"2026-02-27 02:45",49319,49345,49315,49341,21,+0.04%,225
"2026-02-27 02:30",49327,49342,49304,49320,-6.,-0.01%,244
"2026-02-27 02:15",49290,49341,49280,49326,35,+0.07%,430
"2026-02-27 02:00",49326,49344,49290,49291,-39.,-0.08%,476
"2026-02-27 01:45",49328,49334,49322,49330,3,+0.01%,146
"2026-02-27 01:30",49331,49336,49319,49327,-7.,-0.01%,178
"2026-02-27 01:15",49300,49337,49300,49334,34,+0.07%,267
"2026-02-27 01:00",49291,49310,49291,49300,14,+0.03%,414
"2026-02-27 00:45",49293,49301,49284,49286,-6.,-0.01%,72
"2026-02-27 00:30",49272,49301,49268,49292,23,+0.05%,236
"2026-02-27 00:15",49281,49284,49250,49269,-12.,-0.02%,250
"2026-02-27 00:00",49294,49306,49274,49281,-13.,-0.03%,126
"2026-02-26 23:45",49325,49326,49292,49294,-28.,-0.06%,113
"2026-02-26 23:30",49325,49334,49314,49322,-5.,-0.01%,104
"2026-02-26 23:15",49314,49330,49314,49327,12,+0.02%,157
"2026-02-26 23:00",49291,49316,49291,49315,24,+0.05%,125
"2026-02-26 22:45",49303,49303,49288,49291,-10.,-0.02%,84
"2026-02-26 22:30",49285,49304,49284,49301,14,+0.03%,83
"2026-02-26 22:15",49294,49294,49277,49287,-6.,-0.01%,85
"2026-02-26 22:00",49286,49296,49285,49293,7,+0.01%,100
"2026-02-26 21:45",49271,49293,49264,49286,15,+0.03%,81
"2026-02-26 21:30",49277,49278,49260,49271,-3.,-0.01%,59
"2026-02-26 21:15",49293,49296,49270,49274,-16.,-0.03%,174
"2026-02-26 21:00",49288,49294,49283,49290,3,+0.01%,104
"2026-02-26 20:45",49256,49287,49253,49287,30,+0.06%,137
"2026-02-26 20:30",49282,49282,49253,49257,-23.,-0.05%,168
"2026-02-26 20:15",49271,49285,49271,49280,10,+0.02%,149
"2026-02-26 20:00",49253,49279,49253,49270,21,+0.04%,283
"2026-02-26 19:45",49243,49256,49235,49249,5,+0.01%,177
"2026-02-26 19:30",49246,49260,49228,49244,-3.,-0.01%,289
"2026-02-26 19:15",49253,49266,49246,49247,-7.,-0.01%,318
"2026-02-26 19:00",49249,49259,49230,49254,8,+0.02%,308
"2026-02-26 18:45",49210,49265,49205,49246,37,+0.08%,355
"2026-02-26 18:30",49265,49270,49205,49209,-54.,-0.11%,654
"2026-02-26 18:15",49277,49293,49263,49263,-13.,-0.03%,291
"2026-02-26 18:00",49259,49277,49243,49276,17,+0.03%,513
"2026-02-26 17:45",49254,49263,49234,49259,4,+0.01%,557
"2026-02-26 17:30",49288,49293,49248,49255,-31.,-0.06%,328
"2026-02-26 17:15",49288,49295,49268,49286,-3.,-0.01%,371
"2026-02-26 17:00",49336,49336,49216,49289,-62.,-0.13%,1000
"2026-02-26 15:45",49412,49416,49343,49351,-59.,-0.12%,944
"2026-02-26 15:30",49476,49481,49409,49410,-65.,-0.13%,1007
"2026-02-26 15:15",49515,49517,49472,49475,-39.,-0.08%,1543
"2026-02-26 15:00",49539,49565,49506,49514,-25.,-0.05%,2128
"2026-02-26 14:45",49569,49572,49520,49539,-29.,-0.06%,5232
"2026-02-26 14:30",49544,49576,49535,49568,23,+0.05%,1618
"2026-02-26 14:15",49574,49595,49543,49545,-30.,-0.06%,1373
"2026-02-26 14:00",49542,49599,49529,49575,33,+0.07%,1563
"2026-02-26 13:45",49550,49588,49536,49542,-9.,-0.02%,1388
"2026-02-26 13:30",49517,49563,49508,49551,35,+0.07%,1286
"2026-02-26 13:15",49516,49577,49509,49516,1,0.00%,2401
"2026-02-26 13:00",49471,49527,49461,49515,43,+0.09%,2024
"2026-02-26 12:45",49517,49552,49467,49472,-45.,-0.09%,1987
"2026-02-26 12:30",49350,49531,49345,49517,162,+0.33%,4001
"2026-02-26 12:15",49335,49372,49313,49355,20,+0.04%,1357
"2026-02-26 12:00",49288,49340,49272,49335,47,+0.10%,2678
"2026-02-26 11:45",49290,49323,49261,49288,-2.,0.00%,2016
"2026-02-26 11:30",49333,49382,49289,49290,-48.,-0.10%,2300
"2026-02-26 11:15",49340,49367,49317,49338,-1.,0.00%,1592
"2026-02-26 11:00",49376,49395,49321,49339,-37.,-0.07%,2720
"2026-02-26 10:45",49399,49448,49357,49376,-22.,-0.04%,3168
"2026-02-26 10:30",49545,49561,49398,49398,-147.,-0.30%,3353
"2026-02-26 10:15",49588,49605,49519,49545,-42.,-0.08%,2494
"2026-02-26 10:00",49593,49602,49529,49587,-6.,-0.01%,3547
"2026-02-26 09:45",49480,49612,49477,49593,116,+0.23%,5663
"2026-02-26 09:30",49316,49483,49285,49477,160,+0.32%,6774
"2026-02-26 09:15",49558,49559,49269,49317,-242.,-0.49%,10537
"2026-02-26 09:00",49661,49688,49559,49559,-101.,-0.20%,6430
"2026-02-26 08:45",49703,49747,49646,49660,-44.,-0.09%,6805
"2026-02-26 08:30",49749,49872,49662,49704,-44.,-0.09%,16010
"2026-02-26 08:15",49665,49752,49660,49748,83,+0.17%,2061
"2026-02-26 08:00",49634,49673,49630,49665,30,+0.06%,839
"2026-02-26 07:45",49627,49642,49616,49635,7,+0.01%,558
"2026-02-26 07:30",49645,49662,49625,49628,-17.,-0.03%,491
"2026-02-26 07:15",49646,49665,49629,49645,-2.,0.00%,1066
"2026-02-26 07:00",49588,49652,49588,49647,57,+0.11%,1027
"2026-02-26 06:45",49591,49612,49587,49590,-2.,0.00%,712
"2026-02-26 06:30",49569,49603,49553,49592,26,+0.05%,651
"2026-02-26 06:15",49525,49571,49525,49566,41,+0.08%,595
"2026-02-26 06:00",49515,49533,49515,49525,11,+0.02%,348
"2026-02-26 05:45",49496,49516,49492,49514,18,+0.04%,208
"2026-02-26 05:30",49497,49510,49496,49496,-1.,0.00%,215
"2026-02-26 05:15",49483,49498,49479,49497,11,+0.02%,145
"2026-02-26 05:00",49477,49490,49474,49486,11,+0.02%,152
"2026-02-26 04:45",49483,49495,49472,49475,-7.,-0.01%,249
"2026-02-26 04:30",49473,49485,49469,49482,10,+0.02%,241
"2026-02-26 04:15",49463,49475,49458,49472,9,+0.02%,151
"2026-02-26 04:00",49476,49476,49458,49463,-12.,-0.02%,307
"2026-02-26 03:45",49496,49505,49464,49475,-20.,-0.04%,389
"2026-02-26 03:30",49457,49502,49452,49495,37,+0.07%,1055
"2026-02-26 03:15",49449,49462,49439,49458,11,+0.02%,240
"2026-02-26 03:00",49427,49454,49424,49447,21,+0.04%,713
"2026-02-26 02:45",49420,49438,49414,49426,8,+0.02%,208
"2026-02-26 02:30",49441,49444,49410,49418,-19.,-0.04%,172
"2026-02-26 02:15",49421,49455,49418,49437,16,+0.03%,1111
"2026-02-26 02:00",49412,49424,49399,49421,9,+0.02%,420
"2026-02-26 01:45",49429,49434,49410,49412,-18.,-0.04%,247
"2026-02-26 01:30",49416,49430,49414,49430,13,+0.03%,189
"2026-02-26 01:15",49429,49433,49411,49417,-9.,-0.02%,207
"2026-02-26 01:00",49412,49435,49412,49426,15,+0.03%,327
"2026-02-26 00:45",49422,49438,49410,49411,-11.,-0.02%,225
"2026-02-26 00:30",49416,49424,49402,49422,5,+0.01%,322
"2026-02-26 00:15",49431,49432,49414,49417,-16.,-0.03%,215
"2026-02-26 00:00",49425,49433,49420,49433,9,+0.02%,95
"2026-02-25 23:45",49419,49428,49417,49424,8,+0.02%,72
"2026-02-25 23:30",49419,49420,49412,49416,-3.,-0.01%,86
"2026-02-25 23:15",49415,49429,49413,49419,3,+0.01%,95
"2026-02-25 23:00",49444,49444,49416,49416,-27.,-0.05%,136
"2026-02-25 22:45",49447,49451,49443,49443,-3.,-0.01%,57
"2026-02-25 22:30",49446,49449,49443,49446,1,0.00%,54
"2026-02-25 22:15",49445,49449,49441,49445,1,0.00%,91
"2026-02-25 22:00",49453,49462,49443,49444,-12.,-0.02%,123
"2026-02-25 21:45",49459,49467,49454,49456,-4.,-0.01%,63
"2026-02-25 21:30",49449,49469,49449,49460,10,+0.02%,105
"2026-02-25 21:15",49452,49456,49445,49450,-1.,0.00%,92
"2026-02-25 21:00",49455,49459,49448,49451,-4.,-0.01%,83
"2026-02-25 20:45",49446,49457,49445,49455,13,+0.03%,90
"2026-02-25 20:30",49446,49448,49437,49442,-4.,-0.01%,88
"2026-02-25 20:15",49443,49453,49443,49446,7,+0.01%,87
"2026-02-25 20:00",49467,49472,49437,49439,-26.,-0.05%,135
"2026-02-25 19:45",49468,49470,49462,49465,-5.,-0.01%,130
"2026-02-25 19:30",49422,49472,49412,49470,48,+0.10%,261
"2026-02-25 19:15",49437,49450,49422,49422,-16.,-0.03%,202
"2026-02-25 19:00",49441,49444,49418,49438,-3.,-0.01%,258
"2026-02-25 18:45",49449,49455,49440,49441,-6.,-0.01%,137
"2026-02-25 18:30",49457,49462,49441,49447,-11.,-0.02%,146
"2026-02-25 18:15",49451,49464,49445,49458,6,+0.01%,205
"2026-02-25 18:00",49429,49456,49422,49452,22,+0.04%,311
"2026-02-25 17:45",49464,49465,49428,49430,-34.,-0.07%,324
"2026-02-25 17:30",49496,49498,49438,49464,-32.,-0.06%,597
"2026-02-25 17:15",49508,49512,49486,49496,-12.,-0.02%,153
"2026-02-25 17:00",49483,49530,49483,49508,13,+0.03%,289
"2026-02-25 15:45",49478,49510,49476,49495,17,+0.03%,598
"2026-02-25 15:30",49513,49579,49473,49478,-37.,-0.07%,2082
"2026-02-25 15:15",49518,49525,49491,49515,-5.,-0.01%,553
"2026-02-25 15:00",49533,49583,49505,49520,-11.,-0.02%,2363
"2026-02-25 14:45",49514,49565,49513,49531,16,+0.03%,4635
"2026-02-25 14:30",49509,49534,49502,49515,5,+0.01%,1374
"2026-02-25 14:15",49518,49528,49504,49510,-7.,-0.01%,899
"2026-02-25 14:00",49518,49547,49508,49517,-1.,0.00%,981
"2026-02-25 13:45",49517,49531,49512,49518,0,0.00%,532
"2026-02-25 13:30",49477,49536,49477,49518,41,+0.08%,972
"2026-02-25 13:15",49476,49495,49467,49477,1,0.00%,644
"2026-02-25 13:00",49490,49511,49476,49476,-15.,-0.03%,762
"2026-02-25 12:45",49500,49516,49485,49491,-8.,-0.02%,578
"2026-02-25 12:30",49501,49520,49480,49499,-3.,-0.01%,708
"2026-02-25 12:15",49521,49534,49489,49502,-20.,-0.04%,948
"2026-02-25 12:00",49524,49542,49507,49522,-2.,0.00%,1222
"2026-02-25 11:45",49523,49531,49507,49524,2,0.00%,993
"2026-02-25 11:30",49450,49532,49440,49522,74,+0.15%,1689
"2026-02-25 11:15",49448,49482,49442,49448,2,0.00%,954
"2026-02-25 11:00",49465,49477,49418,49446,-23.,-0.05%,1491
"2026-02-25 10:45",49431,49490,49424,49469,38,+0.08%,2168
"2026-02-25 10:30",49409,49441,49393,49431,24,+0.05%,1784
"2026-02-25 10:15",49370,49432,49322,49407,36,+0.07%,2127
"2026-02-25 10:00",49338,49407,49335,49371,32,+0.06%,2596
"2026-02-25 09:45",49332,49356,49293,49339,8,+0.02%,1958
"2026-02-25 09:30",49295,49344,49240,49331,35,+0.07%,2988
"2026-02-25 09:15",49285,49328,49274,49296,9,+0.02%,2656
"2026-02-25 09:00",49332,49361,49263,49287,-44.,-0.09%,4246
"2026-02-25 08:45",49377,49456,49316,49331,-50.,-0.10%,5106
"2026-02-25 08:30",49416,49482,49327,49381,-37.,-0.07%,13634
"2026-02-25 08:15",49453,49454,49397,49418,-35.,-0.07%,2052
"2026-02-25 08:00",49410,49492,49410,49453,43,+0.09%,1725
"2026-02-25 07:45",49376,49416,49369,49410,31,+0.06%,591
"2026-02-25 07:30",49387,49390,49364,49379,-8.,-0.02%,760
"2026-02-25 07:15",49399,49404,49381,49387,-13.,-0.03%,365
"2026-02-25 07:00",49380,49407,49376,49400,19,+0.04%,477
"2026-02-25 06:45",49369,49399,49369,49381,11,+0.02%,556
"2026-02-25 06:30",49373,49383,49360,49370,-3.,-0.01%,473
"2026-02-25 06:15",49363,49397,49359,49373,10,+0.02%,560
"2026-02-25 06:00",49368,49373,49351,49363,-6.,-0.01%,480
"2026-02-25 05:45",49332,49370,49331,49369,37,+0.08%,681
"2026-02-25 05:30",49308,49337,49308,49332,26,+0.05%,385
"2026-02-25 05:15",49291,49310,49290,49306,15,+0.03%,158
"2026-02-25 05:00",49292,49296,49286,49291,2,0.00%,146
"2026-02-25 04:45",49319,49319,49285,49289,-32.,-0.06%,211
"2026-02-25 04:30",49293,49321,49292,49321,26,+0.05%,175
"2026-02-25 04:15",49286,49300,49276,49295,13,+0.03%,235
"2026-02-25 04:00",49305,49307,49269,49282,-24.,-0.05%,239
"2026-02-25 03:45",49309,49309,49289,49306,-4.,-0.01%,227
"2026-02-25 03:30",49288,49310,49286,49310,21,+0.04%,179
"2026-02-25 03:15",49292,49297,49278,49289,-2.,0.00%,145
"2026-02-25 03:00",49280,49294,49260,49291,15,+0.03%,264
"2026-02-25 02:45",49287,49300,49269,49276,-8.,-0.02%,254
"2026-02-25 02:30",49284,49291,49265,49284,2,0.00%,197
"2026-02-25 02:15",49248,49294,49242,49282,31,+0.06%,426
"2026-02-25 02:00",49218,49273,49218,49251,34,+0.07%,556
"2026-02-25 01:45",49211,49228,49211,49217,5,+0.01%,95
"2026-02-25 01:30",49228,49228,49209,49212,-17.,-0.03%,203
"2026-02-25 01:15",49227,49237,49217,49229,2,0.00%,130
"2026-02-25 01:00",49229,49241,49222,49227,-1.,0.00%,225
"2026-02-25 00:45",49239,49239,49227,49228,-13.,-0.03%,83
"2026-02-25 00:30",49231,49247,49224,49241,7,+0.01%,143
"2026-02-25 00:15",49224,49254,49224,49234,6,+0.01%,97
"2026-02-25 00:00",49220,49229,49210,49228,7,+0.01%,104
"2026-02-24 23:45",49229,49237,49214,49221,-3.,-0.01%,140
"2026-02-24 23:30",49223,49229,49215,49224,1,0.00%,82
"2026-02-24 23:15",49235,49238,49221,49223,-12.,-0.02%,86
"2026-02-24 23:00",49231,49254,49231,49235,5,+0.01%,72
"2026-02-24 22:45",49243,49248,49230,49230,-12.,-0.02%,80
"2026-02-24 22:30",49238,49247,49238,49242,8,+0.02%,81
"2026-02-24 22:15",49219,49235,49213,49234,17,+0.03%,83
"2026-02-24 22:00",49246,49246,49208,49217,-29.,-0.06%,125
"2026-02-24 21:45",49213,49259,49211,49246,34,+0.07%,204
"2026-02-24 21:30",49214,49223,49124,49212,-4.,-0.01%,988
"2026-02-24 21:15",49239,49239,49209,49216,-21.,-0.04%,211
"2026-02-24 21:00",49275,49276,49234,49237,-38.,-0.08%,258
"2026-02-24 20:45",49271,49277,49261,49275,3,+0.01%,128
"2026-02-24 20:30",49278,49290,49269,49272,-3.,-0.01%,169
"2026-02-24 20:15",49266,49281,49259,49275,11,+0.02%,169
"2026-02-24 20:00",49272,49279,49257,49264,-11.,-0.02%,184
"2026-02-24 19:45",49268,49277,49266,49275,7,+0.01%,162
"2026-02-24 19:30",49253,49268,49246,49268,16,+0.03%,139
"2026-02-24 19:15",49252,49264,49241,49252,0,0.00%,219
"2026-02-24 19:00",49241,49256,49234,49252,10,+0.02%,250
"2026-02-24 18:45",49235,49249,49228,49242,5,+0.01%,203
"2026-02-24 18:30",49205,49238,49197,49237,34,+0.07%,231
"2026-02-24 18:15",49206,49219,49200,49203,-4.,-0.01%,107
"2026-02-24 18:00",49224,49226,49204,49207,-18.,-0.04%,264
"2026-02-24 17:45",49218,49234,49215,49225,7,+0.01%,163
"2026-02-24 17:30",49219,49230,49205,49218,-2.,0.00%,182
"2026-02-24 17:15",49218,49223,49207,49220,-1.,0.00%,108
"2026-02-24 17:00",49206,49221,49187,49221,18,+0.04%,245
"2026-02-24 15:45",49214,49222,49199,49203,-14.,-0.03%,396
"2026-02-24 15:30",49216,49223,49209,49217,2,0.00%,182
"2026-02-24 15:15",49230,49230,49214,49215,-14.,-0.03%,240
"2026-02-24 15:00",49234,49240,49216,49229,-3.,-0.01%,1194
"2026-02-24 14:45",49227,49297,49225,49232,4,+0.01%,4998
"2026-02-24 14:30",49195,49238,49194,49228,31,+0.06%,1627
"2026-02-24 14:15",49211,49226,49189,49197,-15.,-0.03%,957
"2026-02-24 14:00",49252,49265,49203,49212,-41.,-0.08%,1053
"2026-02-24 13:45",49247,49285,49235,49253,5,+0.01%,1305
"2026-02-24 13:30",49242,49251,49215,49248,8,+0.02%,1046
"2026-02-24 13:15",49280,49283,49220,49240,-40.,-0.08%,1416
"2026-02-24 13:00",49300,49316,49261,49280,-21.,-0.04%,1326
"2026-02-24 12:45",49326,49343,49300,49301,-24.,-0.05%,1250
"2026-02-24 12:30",49260,49331,49256,49325,66,+0.13%,1175
"2026-02-24 12:15",49278,49286,49252,49259,-21.,-0.04%,809
"2026-02-24 12:00",49270,49320,49269,49280,9,+0.02%,1292
"2026-02-24 11:45",49242,49282,49231,49271,30,+0.06%,978
"2026-02-24 11:30",49269,49271,49238,49241,-27.,-0.05%,1154
"2026-02-24 11:15",49255,49288,49245,49268,13,+0.03%,1385
"2026-02-24 11:00",49199,49266,49197,49255,55,+0.11%,1781
"2026-02-24 10:45",49150,49214,49144,49200,47,+0.10%,1557
"2026-02-24 10:30",49215,49215,49128,49153,-62.,-0.13%,2315
"2026-02-24 10:15",49277,49285,49201,49215,-64.,-0.13%,1745
"2026-02-24 10:00",49212,49289,49195,49279,67,+0.14%,2346
"2026-02-24 09:45",49247,49247,49193,49212,-36.,-0.07%,2314
"2026-02-24 09:30",49290,49299,49203,49248,-44.,-0.09%,3625
"2026-02-24 09:15",49106,49298,49098,49292,184,+0.37%,5370
"2026-02-24 09:00",49091,49154,49002,49108,11,+0.02%,6128
"2026-02-24 08:45",49242,49311,49055,49097,-145.,-0.29%,8860
"2026-02-24 08:30",48899,49249,48801,49242,345,+0.71%,22149
"2026-02-24 08:15",48935,48940,48879,48897,-39.,-0.08%,2160
"2026-02-24 08:00",49007,49009,48917,48936,-72.,-0.15%,1139
"2026-02-24 07:45",48975,49022,48974,49008,33,+0.07%,763
"2026-02-24 07:30",48946,48978,48916,48975,26,+0.05%,1055
"2026-02-24 07:15",48899,48949,48886,48949,47,+0.10%,957
"2026-02-24 07:00",48910,48929,48897,48902,-5.,-0.01%,803
"2026-02-24 06:45",48911,48917,48876,48907,-3.,-0.01%,894
"2026-02-24 06:30",48953,48963,48895,48910,-43.,-0.09%,1000
"2026-02-24 06:15",48983,48989,48953,48953,-28.,-0.06%,397
"2026-02-24 06:00",48983,49009,48965,48981,1,0.00%,1193
"2026-02-24 05:45",48968,48984,48966,48980,13,+0.03%,312
"2026-02-24 05:30",48972,48984,48958,48967,-4.,-0.01%,249
"2026-02-24 05:15",49000,49008,48966,48971,-28.,-0.06%,525
"2026-02-24 05:00",48920,49015,48920,48999,82,+0.17%,2168
"2026-02-24 04:45",48923,48923,48902,48917,-5.,-0.01%,171
"2026-02-24 04:30",48925,48927,48906,48922,0,0.00%,171
"2026-02-24 04:15",48921,48932,48913,48922,-1.,0.00%,160
"2026-02-24 04:00",48933,48949,48922,48923,-11.,-0.02%,295
"2026-02-24 03:45",48905,48937,48901,48934,29,+0.06%,432
"2026-02-24 03:30",48901,48910,48868,48905,7,+0.01%,422
"2026-02-24 03:15",48921,48931,48894,48898,-25.,-0.05%,367
"2026-02-24 03:00",48857,48925,48857,48923,66,+0.14%,1254
"2026-02-24 02:45",48862,48879,48823,48857,-4.,-0.01%,1165
"2026-02-24 02:30",48892,48912,48848,48861,-28.,-0.06%,807
"2026-02-24 02:15",48873,48921,48848,48889,18,+0.04%,1296
"2026-02-24 02:00",48921,48922,48855,48871,-48.,-0.10%,1036
"2026-02-24 01:45",48932,48935,48916,48919,-14.,-0.03%,196
"2026-02-24 01:30",48947,48954,48928,48933,-14.,-0.03%,216
"2026-02-24 01:15",48956,48956,48939,48947,-9.,-0.02%,218
"2026-02-24 01:00",48926,48957,48922,48956,28,+0.06%,462
"2026-02-24 00:45",48922,48931,48920,48928,7,+0.01%,129
"2026-02-24 00:30",48899,48924,48888,48921,22,+0.04%,195
"2026-02-24 00:15",48906,48914,48887,48899,-7.,-0.01%,245
"2026-02-24 00:00",48910,48914,48903,48906,-1.,0.00%,108
"2026-02-23 23:45",48916,48916,48895,48907,-9.,-0.02%,133
"2026-02-23 23:30",48926,48929,48908,48916,-15.,-0.03%,99
"2026-02-23 23:15",48948,48948,48923,48931,-18.,-0.04%,114
"2026-02-23 23:00",48934,48951,48925,48949,14,+0.03%,160
"2026-02-23 22:45",48928,48938,48925,48935,12,+0.02%,102
"2026-02-23 22:30",48926,48933,48913,48923,-3.,-0.01%,106
"2026-02-23 22:15",48921,48933,48914,48926,4,+0.01%,210
"2026-02-23 22:00",48922,48932,48920,48922,0,0.00%,119
"2026-02-23 21:45",48922,48925,48919,48922,0,0.00%,85
"2026-02-23 21:30",48919,48928,48914,48922,0,0.00%,107
"2026-02-23 21:15",48921,48926,48917,48922,1,0.00%,109
"2026-02-23 21:00",48920,48931,48915,48921,-1.,0.00%,197
"2026-02-23 20:45",48921,48924,48913,48922,-1.,0.00%,141
"2026-02-23 20:30",48927,48932,48919,48923,-6.,-0.01%,268
"2026-02-23 20:15",48906,48932,48901,48929,22,+0.04%,279
"2026-02-23 20:00",48896,48911,48886,48907,15,+0.03%,204
"2026-02-23 19:45",48896,48896,48879,48892,-7.,-0.01%,150
"2026-02-23 19:30",48891,48900,48870,48899,8,+0.02%,261
"2026-02-23 19:15",48884,48903,48872,48891,7,+0.01%,263
"2026-02-23 19:00",48900,48904,48873,48884,-16.,-0.03%,253
"2026-02-23 18:45",48894,48910,48888,48900,5,+0.01%,213
"2026-02-23 18:30",48879,48898,48867,48895,20,+0.04%,204
"2026-02-23 18:15",48898,48907,48867,48875,-24.,-0.05%,217
"2026-02-23 18:00",48889,48903,48873,48899,10,+0.02%,431
"2026-02-23 17:45",48906,48909,48888,48889,-20.,-0.04%,235
"2026-02-23 17:30",48899,48921,48897,48909,11,+0.02%,212
"2026-02-23 17:15",48901,48903,48877,48898,-2.,0.00%,205
"2026-02-23 17:00",48903,48921,48880,48900,14,+0.03%,406
"2026-02-23 15:45",48884,48890,48873,48886,2,0.00%,444
"2026-02-23 15:30",48883,48893,48877,48884,3,+0.01%,244
"2026-02-23 15:15",48883,48884,48869,48881,-2.,0.00%,332
"2026-02-23 15:00",48864,48888,48836,48883,20,+0.04%,2272
"2026-02-23 14:45",48852,48886,48775,48863,12,+0.02%,8655
"2026-02-23 14:30",48851,48902,48826,48851,1,0.00%,2554
"2026-02-23 14:15",48805,48861,48802,48850,47,+0.10%,2979
"2026-02-23 14:00",48862,48887,48801,48803,-62.,-0.13%,2615
"2026-02-23 13:45",48826,48882,48818,48865,40,+0.08%,2648
"2026-02-23 13:30",48830,48859,48800,48825,-3.,-0.01%,2173
"2026-02-23 13:15",48874,48892,48821,48828,-48.,-0.10%,2607
"2026-02-23 13:00",48923,48948,48862,48876,-47.,-0.10%,3454
"2026-02-23 12:45",48985,49013,48919,48923,-63.,-0.13%,2384
"2026-02-23 12:30",49046,49063,48976,48986,-61.,-0.12%,2344
"2026-02-23 12:15",48981,49049,48974,49047,66,+0.13%,2052
"2026-02-23 12:00",48920,48990,48914,48981,61,+0.12%,2490
"2026-02-23 11:45",48849,48941,48839,48920,71,+0.15%,2341
"2026-02-23 11:30",48868,48891,48813,48849,-22.,-0.05%,2214
"2026-02-23 11:15",48916,48935,48866,48871,-46.,-0.09%,1707
"2026-02-23 11:00",48938,48965,48903,48917,-22.,-0.04%,1665
"2026-02-23 10:45",48946,48975,48921,48939,-5.,-0.01%,2170
"2026-02-23 10:30",48976,49007,48932,48944,-32.,-0.07%,3200
"2026-02-23 10:15",48839,48981,48825,48976,135,+0.28%,4663
"2026-02-23 10:00",48977,48990,48835,48841,-138.,-0.28%,6592
"2026-02-23 09:45",49008,49016,48942,48979,-25.,-0.05%,4555
"2026-02-23 09:30",49014,49055,48980,49004,-14.,-0.03%,4796
"2026-02-23 09:15",49057,49066,48963,49018,-40.,-0.08%,7539
"2026-02-23 09:00",49276,49305,49043,49058,-219.,-0.44%,9411
"2026-02-23 08:45",49546,49566,49261,49277,-270.,-0.54%,9188
"2026-02-23 08:30",49510,49765,49494,49547,36,+0.07%,14227
"2026-02-23 08:15",49517,49518,49481,49511,-7.,-0.01%,1700
"2026-02-23 08:00",49474,49520,49472,49518,43,+0.09%,527
"2026-02-23 07:45",49480,49498,49461,49475,-4.,-0.01%,570
"2026-02-23 07:30",49448,49479,49436,49479,32,+0.06%,625
"2026-02-23 07:15",49425,49460,49425,49447,19,+0.04%,409
"2026-02-23 07:00",49404,49443,49383,49428,22,+0.04%,589
"2026-02-23 06:45",49439,49445,49398,49406,-32.,-0.06%,426
"2026-02-23 06:30",49444,49447,49411,49438,-6.,-0.01%,625
"2026-02-23 06:15",49483,49483,49437,49444,-39.,-0.08%,420
"2026-02-23 06:00",49505,49527,49483,49483,-22.,-0.04%,463
"2026-02-23 05:45",49539,49542,49483,49505,-33.,-0.07%,430
"2026-02-23 05:30",49547,49553,49530,49538,-8.,-0.02%,229
"2026-02-23 05:15",49576,49586,49543,49546,-27.,-0.05%,260
"2026-02-23 05:00",49548,49577,49536,49573,28,+0.06%,240
"2026-02-23 04:45",49560,49561,49539,49545,-17.,-0.03%,166
"2026-02-23 04:30",49543,49566,49537,49562,19,+0.04%,211
"2026-02-23 04:15",49561,49570,49505,49543,-20.,-0.04%,735
"2026-02-23 04:00",49542,49573,49540,49563,21,+0.04%,368
"2026-02-23 03:45",49540,49555,49530,49542,3,+0.01%,421
"2026-02-23 03:30",49530,49546,49500,49539,10,+0.02%,612
"2026-02-23 03:15",49533,49541,49520,49529,-3.,-0.01%,442
"2026-02-23 03:00",49479,49537,49479,49532,53,+0.11%,658
"2026-02-23 02:45",49431,49484,49431,49479,50,+0.10%,387
"2026-02-23 02:30",49457,49464,49424,49429,-27.,-0.05%,266
"2026-02-23 02:15",49462,49462,49443,49456,-4.,-0.01%,220
"2026-02-23 02:00",49460,49479,49445,49460,-1.,0.00%,537
"2026-02-23 01:45",49454,49471,49454,49461,6,+0.01%,289
"2026-02-23 01:30",49446,49456,49433,49455,9,+0.02%,189
"2026-02-23 01:15",49459,49460,49438,49446,-12.,-0.02%,356
"2026-02-23 01:00",49404,49458,49401,49458,55,+0.11%,677
"2026-02-23 00:45",49392,49408,49391,49403,8,+0.02%,152
"2026-02-23 00:30",49377,49406,49374,49395,18,+0.04%,224
"2026-02-23 00:15",49380,49387,49371,49377,-3.,-0.01%,146
"2026-02-23 00:00",49377,49382,49372,49380,1,0.00%,137
"2026-02-22 23:45",49368,49380,49367,49379,9,+0.02%,178
"2026-02-22 23:30",49359,49376,49356,49370,12,+0.02%,135
"2026-02-22 23:15",49348,49359,49346,49358,10,+0.02%,123
"2026-02-22 23:00",49356,49356,49341,49348,-8.,-0.02%,134
"2026-02-22 22:45",49353,49359,49348,49356,2,0.00%,118
"2026-02-22 22:30",49358,49362,49342,49354,-4.,-0.01%,149
"2026-02-22 22:15",49352,49364,49348,49358,2,0.00%,146
"2026-02-22 22:00",49347,49369,49341,49356,7,+0.01%,195
"2026-02-22 21:45",49359,49359,49344,49349,-10.,-0.02%,137
"2026-02-22 21:30",49359,49362,49345,49359,-1.,0.00%,195
"2026-02-22 21:15",49365,49367,49343,49360,-5.,-0.01%,304
"2026-02-22 21:00",49374,49383,49360,49365,-9.,-0.02%,257
"2026-02-22 20:45",49385,49386,49369,49374,-12.,-0.02%,148
"2026-02-22 20:30",49387,49393,49375,49386,-6.,-0.01%,201
"2026-02-22 20:15",49371,49398,49363,49392,21,+0.04%,295
"2026-02-22 20:00",49390,49411,49366,49371,-19.,-0.04%,440
"2026-02-22 19:45",49423,49431,49386,49390,-32.,-0.06%,422
"2026-02-22 19:30",49427,49434,49414,49422,-6.,-0.01%,237
"2026-02-22 19:15",49409,49445,49403,49428,17,+0.03%,405
"2026-02-22 19:00",49422,49439,49398,49411,-15.,-0.03%,1239
"2026-02-22 18:45",49461,49473,49420,49426,-35.,-0.07%,485
"2026-02-22 18:30",49484,49493,49454,49461,-22.,-0.04%,278
"2026-02-22 18:15",49540,49550,49467,49483,-63.,-0.13%,567
"2026-02-22 18:00",49581,49581,49535,49546,-33.,-0.07%,391
"2026-02-22 17:45",49551,49584,49547,49579,29,+0.06%,333
"2026-02-22 17:30",49579,49589,49538,49550,-31.,-0.06%,628
"2026-02-22 17:15",49645,49647,49570,49581,-58.,-0.12%,370
"2026-02-22 17:00",49642,49671,49604,49639,-41.,-0.08%,230
"2026-02-20 15:45",49680,49688,49666,49680,2,0.00%,240
"2026-02-20 15:30",49678,49688,49676,49678,-2.,0.00%,146
"2026-02-20 15:15",49716,49716,49679,49680,-37.,-0.07%,404
"2026-02-20 15:00",49678,49719,49661,49717,38,+0.08%,1582
"2026-02-20 14:45",49654,49686,49605,49679,23,+0.05%,4219
"2026-02-20 14:30",49631,49658,49619,49656,22,+0.04%,1523
"2026-02-20 14:15",49664,49667,49613,49634,-33.,-0.07%,1130
"2026-02-20 14:00",49578,49669,49575,49667,89,+0.18%,1650
"2026-02-20 13:45",49563,49597,49544,49578,18,+0.04%,1192
"2026-02-20 13:30",49605,49633,49559,49560,-45.,-0.09%,1252
"2026-02-20 13:15",49589,49615,49558,49605,16,+0.03%,1223
"2026-02-20 13:00",49650,49681,49582,49589,-63.,-0.13%,1783
"2026-02-20 12:45",49576,49675,49568,49652,76,+0.15%,3566
"2026-02-20 12:30",49416,49609,49370,49576,163,+0.33%,7114
"2026-02-20 12:15",49450,49465,49358,49413,-37.,-0.07%,3755
"2026-02-20 12:00",49485,49506,49415,49450,-37.,-0.07%,2059
"2026-02-20 11:45",49383,49507,49373,49487,109,+0.22%,3510
"2026-02-20 11:30",49315,49387,49299,49378,64,+0.13%,2715
"2026-02-20 11:15",49382,49382,49265,49314,-68.,-0.14%,4572
"2026-02-20 11:00",49555,49576,49367,49382,-172.,-0.35%,3335
"2026-02-20 10:45",49562,49597,49537,49554,-8.,-0.02%,2289
"2026-02-20 10:30",49424,49598,49403,49562,137,+0.28%,3171
"2026-02-20 10:15",49557,49568,49425,49425,-125.,-0.25%,2988
"2026-02-20 10:00",49573,49597,49515,49550,-26.,-0.05%,2283
"2026-02-20 09:45",49565,49608,49493,49576,9,+0.02%,3613
"2026-02-20 09:30",49568,49606,49449,49567,-1.,0.00%,4937
"2026-02-20 09:15",49445,49658,49368,49568,125,+0.25%,6797
"2026-02-20 09:00",49416,49775,49388,49443,37,+0.07%,12854
"2026-02-20 08:45",49296,49412,49235,49406,111,+0.23%,5414
"2026-02-20 08:30",49322,49355,49204,49295,-28.,-0.06%,15622
"2026-02-20 08:15",49327,49332,49287,49323,-8.,-0.02%,2198
"2026-02-20 08:00",49369,49384,49320,49331,-39.,-0.08%,950
"2026-02-20 07:45",49342,49374,49312,49370,30,+0.06%,973
"2026-02-20 07:30",49453,49457,49330,49340,-106.,-0.21%,1861
"2026-02-20 07:15",49408,49454,49408,49446,37,+0.07%,629
"2026-02-20 07:00",49393,49409,49385,49409,16,+0.03%,396
"2026-02-20 06:45",49371,49399,49353,49393,21,+0.04%,839
"2026-02-20 06:30",49377,49396,49368,49372,-6.,-0.01%,352
"2026-02-20 06:15",49411,49424,49364,49378,-32.,-0.06%,461
"2026-02-20 06:00",49405,49413,49376,49410,8,+0.02%,624
"2026-02-20 05:45",49439,49439,49394,49402,-33.,-0.07%,401
"2026-02-20 05:30",49435,49453,49420,49435,1,0.00%,233
"2026-02-20 05:15",49427,49443,49407,49434,6,+0.01%,345
"2026-02-20 05:00",49460,49462,49391,49428,-33.,-0.07%,847
"2026-02-20 04:45",49501,49505,49461,49461,-40.,-0.08%,479
"2026-02-20 04:30",49516,49519,49496,49501,-12.,-0.02%,232
"2026-02-20 04:15",49532,49537,49508,49513,-17.,-0.03%,149
"2026-02-20 04:00",49524,49538,49510,49530,6,+0.01%,242
"2026-02-20 03:45",49557,49559,49517,49524,-29.,-0.06%,335
"2026-02-20 03:30",49570,49572,49545,49553,-18.,-0.04%,330
"2026-02-20 03:15",49575,49604,49568,49571,-3.,-0.01%,470
"2026-02-20 03:00",49559,49579,49558,49574,14,+0.03%,560
"2026-02-20 02:45",49535,49568,49532,49560,24,+0.05%,245
"2026-02-20 02:30",49544,49548,49512,49536,-5.,-0.01%,317
"2026-02-20 02:15",49525,49543,49507,49541,16,+0.03%,303
"2026-02-20 02:00",49526,49543,49507,49525,-1.,0.00%,547
"2026-02-20 01:45",49530,49533,49507,49526,-4.,-0.01%,164
"2026-02-20 01:30",49527,49539,49518,49530,1,0.00%,152
"2026-02-20 01:15",49541,49545,49529,49529,-13.,-0.03%,145
"2026-02-20 01:00",49545,49548,49534,49542,-4.,-0.01%,228
"2026-02-20 00:45",49545,49549,49534,49546,1,0.00%,85
"2026-02-20 00:30",49552,49557,49537,49545,-8.,-0.02%,119
"2026-02-20 00:15",49561,49564,49551,49553,-8.,-0.02%,182
"2026-02-20 00:00",49551,49562,49543,49561,12,+0.02%,123
"2026-02-19 23:45",49535,49550,49532,49549,16,+0.03%,99
"2026-02-19 23:30",49541,49553,49528,49533,-6.,-0.01%,154
"2026-02-19 23:15",49521,49540,49518,49539,19,+0.04%,110
"2026-02-19 23:00",49520,49537,49519,49520,2,0.00%,157
"2026-02-19 22:45",49521,49524,49516,49518,-2.,0.00%,69
"2026-02-19 22:30",49521,49522,49516,49520,1,0.00%,58
"2026-02-19 22:15",49524,49525,49509,49519,-5.,-0.01%,81
"2026-02-19 22:00",49503,49526,49502,49524,18,+0.04%,110
"2026-02-19 21:45",49501,49512,49501,49506,5,+0.01%,103
"2026-02-19 21:30",49509,49513,49500,49501,-9.,-0.02%,70
"2026-02-19 21:15",49517,49518,49508,49510,-7.,-0.01%,47
"2026-02-19 21:00",49512,49523,49509,49517,5,+0.01%,124
"2026-02-19 20:45",49496,49512,49485,49512,14,+0.03%,108
"2026-02-19 20:30",49492,49507,49492,49498,7,+0.01%,143
"2026-02-19 20:15",49501,49505,49488,49491,-9.,-0.02%,147
"2026-02-19 20:00",49499,49528,49498,49500,2,0.00%,284
"2026-02-19 19:45",49500,49504,49489,49498,-3.,-0.01%,212
"2026-02-19 19:30",49510,49510,49494,49501,-10.,-0.02%,157
"2026-02-19 19:15",49518,49518,49499,49511,-8.,-0.02%,213
"2026-02-19 19:00",49492,49527,49489,49519,28,+0.06%,285
"2026-02-19 18:45",49491,49496,49485,49491,1,0.00%,105
"2026-02-19 18:30",49471,49495,49471,49490,20,+0.04%,228
"2026-02-19 18:15",49469,49474,49442,49470,0,0.00%,277
"2026-02-19 18:00",49467,49480,49446,49470,4,+0.01%,185
"2026-02-19 17:45",49472,49479,49458,49466,-3.,-0.01%,81
"2026-02-19 17:30",49462,49482,49462,49469,7,+0.01%,140
"2026-02-19 17:15",49448,49468,49448,49462,14,+0.03%,98
"2026-02-19 17:00",49432,49460,49427,49448,27,+0.05%,192
"2026-02-19 15:45",49428,49434,49420,49421,-8.,-0.02%,191
"2026-02-19 15:30",49466,49466,49429,49429,-38.,-0.08%,200
"2026-02-19 15:15",49457,49494,49436,49467,8,+0.02%,655
"2026-02-19 15:00",49461,49468,49432,49459,-3.,-0.01%,1320
"2026-02-19 14:45",49414,49465,49406,49462,50,+0.10%,3935
"2026-02-19 14:30",49393,49435,49384,49412,20,+0.04%,1376
"2026-02-19 14:15",49423,49429,49380,49392,-33.,-0.07%,1370
"2026-02-19 14:00",49337,49427,49335,49425,91,+0.18%,1357
"2026-02-19 13:45",49334,49365,49318,49334,-3.,-0.01%,1251
"2026-02-19 13:30",49400,49408,49289,49337,-61.,-0.12%,1879
"2026-02-19 13:15",49419,49442,49380,49398,-19.,-0.04%,1114
"2026-02-19 13:00",49403,49453,49394,49417,12,+0.02%,1469
"2026-02-19 12:45",49350,49415,49349,49405,59,+0.12%,1345
"2026-02-19 12:30",49301,49349,49279,49346,44,+0.09%,1542
"2026-02-19 12:15",49375,49375,49258,49302,-73.,-0.15%,2137
"2026-02-19 12:00",49350,49384,49300,49375,21,+0.04%,1916
"2026-02-19 11:45",49458,49459,49330,49354,-102.,-0.21%,2572
"2026-02-19 11:30",49467,49489,49431,49456,-14.,-0.03%,1407
"2026-02-19 11:15",49428,49526,49411,49470,44,+0.09%,2014
"2026-02-19 11:00",49441,49450,49353,49426,-13.,-0.03%,2615
"2026-02-19 10:45",49440,49469,49377,49439,-3.,-0.01%,2919
"2026-02-19 10:30",49462,49542,49437,49442,-18.,-0.04%,1881
"2026-02-19 10:15",49530,49591,49453,49460,-68.,-0.14%,2046
"2026-02-19 10:00",49589,49602,49496,49528,-63.,-0.13%,1817
"2026-02-19 09:45",49645,49666,49532,49591,-57.,-0.11%,2806
"2026-02-19 09:30",49528,49673,49512,49648,118,+0.24%,3694
"2026-02-19 09:15",49486,49625,49485,49530,43,+0.09%,4281
"2026-02-19 09:00",49546,49610,49452,49487,-58.,-0.12%,4858
"2026-02-19 08:45",49585,49615,49486,49545,-36.,-0.07%,5662
"2026-02-19 08:30",49577,49624,49403,49581,4,+0.01%,13116
"2026-02-19 08:15",49546,49579,49537,49577,31,+0.06%,1357
"2026-02-19 08:00",49552,49563,49520,49546,-5.,-0.01%,601
"2026-02-19 07:45",49564,49590,49547,49551,-17.,-0.03%,441
"2026-02-19 07:30",49562,49602,49520,49568,12,+0.02%,1244
"2026-02-19 07:15",49594,49599,49541,49556,-36.,-0.07%,693
"2026-02-19 07:00",49612,49616,49579,49592,-19.,-0.04%,558
"2026-02-19 06:45",49630,49633,49605,49611,-18.,-0.04%,406
"2026-02-19 06:30",49615,49637,49593,49629,13,+0.03%,347
"2026-02-19 06:15",49587,49633,49583,49616,31,+0.06%,565
"2026-02-19 06:00",49582,49593,49522,49585,2,0.00%,979
"2026-02-19 05:45",49570,49588,49544,49583,13,+0.03%,352
"2026-02-19 05:30",49572,49585,49562,49570,-1.,0.00%,193
"2026-02-19 05:15",49558,49581,49543,49571,13,+0.03%,394
"2026-02-19 05:00",49543,49571,49524,49558,18,+0.04%,422
"2026-02-19 04:45",49548,49560,49524,49540,-7.,-0.01%,387
"2026-02-19 04:30",49533,49551,49520,49547,16,+0.03%,325
"2026-02-19 04:15",49520,49560,49520,49531,12,+0.02%,490
"2026-02-19 04:00",49628,49628,49517,49519,-111.,-0.22%,1626
"2026-02-19 03:45",49634,49634,49585,49630,-4.,-0.01%,725
"2026-02-19 03:30",49659,49673,49630,49634,-25.,-0.05%,481
"2026-02-19 03:15",49684,49694,49652,49659,-27.,-0.05%,449
"2026-02-19 03:00",49676,49692,49655,49686,20,+0.04%,334
"2026-02-19 02:45",49738,49739,49657,49666,-72.,-0.14%,487
"2026-02-19 02:30",49771,49781,49730,49738,-30.,-0.06%,258
"2026-02-19 02:15",49758,49786,49757,49768,8,+0.02%,291
"2026-02-19 02:00",49743,49763,49728,49760,17,+0.03%,556
"2026-02-19 01:45",49771,49776,49739,49743,-29.,-0.06%,225
"2026-02-19 01:30",49777,49788,49767,49772,-6.,-0.01%,139
"2026-02-19 01:15",49773,49785,49766,49778,4,+0.01%,155
"2026-02-19 01:00",49768,49779,49747,49774,9,+0.02%,202
"2026-02-19 00:45",49742,49766,49739,49765,20,+0.04%,152
"2026-02-19 00:30",49736,49755,49736,49745,10,+0.02%,229
"2026-02-19 00:15",49730,49735,49723,49735,3,+0.01%,65
"2026-02-19 00:00",49737,49746,49725,49732,-5.,-0.01%,93
"2026-02-18 23:45",49727,49747,49727,49737,13,+0.03%,124
"2026-02-18 23:30",49716,49728,49716,49724,9,+0.02%,160
"2026-02-18 23:15",49697,49716,49694,49715,20,+0.04%,110
"2026-02-18 23:00",49697,49701,49678,49695,-3.,-0.01%,148
"2026-02-18 22:45",49715,49715,49696,49698,-15.,-0.03%,93
"2026-02-18 22:30",49712,49722,49709,49713,0,0.00%,93
"2026-02-18 22:15",49723,49734,49710,49713,-15.,-0.03%,114
"2026-02-18 22:00",49724,49733,49721,49728,5,+0.01%,84
"2026-02-18 21:45",49725,49726,49705,49723,0,0.00%,133
"2026-02-18 21:30",49745,49751,49720,49723,-23.,-0.05%,174
"2026-02-18 21:15",49736,49749,49730,49746,10,+0.02%,101
"2026-02-18 21:00",49737,49744,49734,49736,0,0.00%,77
"2026-02-18 20:45",49743,49751,49728,49736,-7.,-0.01%,103
"2026-02-18 20:30",49742,49745,49731,49743,3,+0.01%,100
"2026-02-18 20:15",49736,49742,49721,49740,11,+0.02%,113
"2026-02-18 20:00",49726,49738,49712,49729,6,+0.01%,144
"2026-02-18 19:45",49709,49726,49698,49723,13,+0.03%,191
"2026-02-18 19:30",49716,49724,49689,49710,-4.,-0.01%,213
"2026-02-18 19:15",49737,49740,49713,49714,-26.,-0.05%,163
"2026-02-18 19:00",49681,49741,49675,49740,57,+0.11%,319
"2026-02-18 18:45",49680,49691,49676,49683,2,0.00%,251
"2026-02-18 18:30",49682,49700,49677,49681,-1.,0.00%,195
"2026-02-18 18:15",49707,49708,49679,49682,-25.,-0.05%,213
"2026-02-18 18:00",49717,49720,49694,49707,-8.,-0.02%,129
"2026-02-18 17:45",49724,49736,49711,49715,-15.,-0.03%,132
"2026-02-18 17:30",49735,49744,49726,49730,-5.,-0.01%,77
"2026-02-18 17:15",49746,49746,49722,49735,-15.,-0.03%,75
"2026-02-18 17:00",49697,49756,49681,49750,40,+0.08%,139
"2026-02-18 15:45",49712,49720,49690,49710,-2.,0.00%,396
"2026-02-18 15:30",49713,49717,49702,49712,-2.,0.00%,242
"2026-02-18 15:15",49726,49727,49703,49714,-15.,-0.03%,269
"2026-02-18 15:00",49727,49735,49703,49729,2,0.00%,1427
"2026-02-18 14:45",49697,49790,49678,49727,32,+0.06%,5128
"2026-02-18 14:30",49608,49715,49604,49695,86,+0.17%,2229
"2026-02-18 14:15",49627,49644,49592,49609,-19.,-0.04%,1595
"2026-02-18 14:00",49646,49689,49607,49628,-16.,-0.03%,1831
"2026-02-18 13:45",49657,49701,49596,49644,-12.,-0.02%,2429
"2026-02-18 13:30",49740,49754,49641,49656,-85.,-0.17%,2571
"2026-02-18 13:15",49712,49761,49685,49741,27,+0.05%,1862
"2026-02-18 13:00",49757,49805,49710,49714,-49.,-0.10%,1658
"2026-02-18 12:45",49797,49827,49708,49763,-34.,-0.07%,2415
"2026-02-18 12:30",49839,49864,49762,49797,-41.,-0.08%,1873
"2026-02-18 12:15",49907,49928,49807,49838,-71.,-0.14%,1761
"2026-02-18 12:00",49897,49930,49888,49909,11,+0.02%,1124
"2026-02-18 11:45",49875,49918,49867,49898,22,+0.04%,786
"2026-02-18 11:30",49906,49920,49870,49876,-31.,-0.06%,833
"2026-02-18 11:15",49911,49923,49895,49907,-4.,-0.01%,771
"2026-02-18 11:00",49864,49951,49844,49911,51,+0.10%,1634
"2026-02-18 10:45",49862,49887,49843,49860,-3.,-0.01%,1110
"2026-02-18 10:30",49879,49901,49860,49863,-18.,-0.04%,1281
"2026-02-18 10:15",49907,49922,49854,49881,-18.,-0.04%,1299
"2026-02-18 10:00",49924,49954,49879,49899,-24.,-0.05%,1577
"2026-02-18 09:45",49935,49947,49899,49923,-10.,-0.02%,1835
"2026-02-18 09:30",49882,49952,49860,49933,51,+0.10%,2358
"2026-02-18 09:15",49906,49967,49869,49882,-24.,-0.05%,2930
"2026-02-18 09:00",49819,49918,49813,49906,88,+0.18%,4836
"2026-02-18 08:45",49835,49855,49673,49818,-15.,-0.03%,5431
"2026-02-18 08:30",49712,49872,49489,49833,121,+0.24%,13333
"2026-02-18 08:15",49671,49718,49662,49712,40,+0.08%,1429
"2026-02-18 08:00",49641,49679,49631,49672,32,+0.06%,1123
"2026-02-18 07:45",49692,49692,49623,49640,-51.,-0.10%,1130
"2026-02-18 07:30",49749,49768,49680,49691,-54.,-0.11%,831
"2026-02-18 07:15",49719,49750,49706,49745,25,+0.05%,542
"2026-02-18 07:00",49708,49735,49692,49720,15,+0.03%,474
"2026-02-18 06:45",49692,49709,49666,49705,12,+0.02%,597
"2026-02-18 06:30",49722,49724,49638,49693,-31.,-0.06%,1170
"2026-02-18 06:15",49792,49799,49721,49724,-73.,-0.15%,778
"2026-02-18 06:00",49785,49805,49760,49797,14,+0.03%,1442
"2026-02-18 05:45",49790,49796,49773,49783,-6.,-0.01%,287
"2026-02-18 05:30",49820,49823,49784,49789,-31.,-0.06%,511
"2026-02-18 05:15",49829,49847,49819,49820,-8.,-0.02%,278
"2026-02-18 05:00",49862,49865,49822,49828,-34.,-0.07%,299
"2026-02-18 04:45",49859,49863,49841,49862,7,+0.01%,283
"2026-02-18 04:30",49868,49871,49847,49855,-13.,-0.03%,295
"2026-02-18 04:15",49859,49874,49851,49868,11,+0.02%,186
"2026-02-18 04:00",49824,49863,49824,49857,30,+0.06%,358
"2026-02-18 03:45",49866,49871,49825,49827,-40.,-0.08%,606
"2026-02-18 03:30",49839,49873,49835,49867,28,+0.06%,530
"2026-02-18 03:15",49836,49849,49817,49839,1,0.00%,440
"2026-02-18 03:00",49812,49843,49802,49838,26,+0.05%,867
"2026-02-18 02:45",49794,49818,49777,49812,20,+0.04%,378
"2026-02-18 02:30",49741,49806,49741,49792,49,+0.10%,564
"2026-02-18 02:15",49717,49768,49717,49743,34,+0.07%,653
"2026-02-18 02:00",49680,49733,49678,49709,30,+0.06%,500
"2026-02-18 01:45",49691,49691,49675,49679,-12.,-0.02%,105
"2026-02-18 01:30",49668,49692,49664,49691,23,+0.05%,180
"2026-02-18 01:15",49654,49668,49648,49668,19,+0.04%,121
"2026-02-18 01:00",49656,49668,49644,49649,-8.,-0.02%,102
"2026-02-18 00:45",49668,49683,49657,49657,-11.,-0.02%,63
"2026-02-18 00:30",49663,49673,49643,49668,8,+0.02%,96
"2026-02-18 00:15",49650,49668,49650,49660,9,+0.02%,96
"2026-02-18 00:00",49653,49659,49643,49651,-2.,0.00%,99
"2026-02-17 23:45",49652,49659,49646,49653,0,0.00%,65
"2026-02-17 23:30",49655,49669,49651,49653,-1.,0.00%,39
"2026-02-17 23:15",49652,49658,49651,49654,2,0.00%,63
"2026-02-17 23:00",49649,49664,49641,49652,2,0.00%,153
"2026-02-17 22:45",49650,49653,49642,49650,-3.,-0.01%,124
"2026-02-17 22:30",49633,49655,49633,49653,18,+0.04%,159
"2026-02-17 22:15",49625,49639,49618,49635,10,+0.02%,65
"2026-02-17 22:00",49624,49635,49617,49625,-4.,-0.01%,121
"2026-02-17 21:45",49603,49634,49599,49629,29,+0.06%,136
"2026-02-17 21:30",49580,49609,49580,49600,20,+0.04%,153
"2026-02-17 21:15",49579,49582,49570,49580,-2.,0.00%,112
"2026-02-17 21:00",49586,49602,49579,49582,-1.,0.00%,73
"2026-02-17 20:45",49597,49601,49583,49583,-14.,-0.03%,85
"2026-02-17 20:30",49582,49597,49580,49597,17,+0.03%,107
"2026-02-17 20:15",49598,49598,49572,49580,-18.,-0.04%,84
"2026-02-17 20:00",49588,49606,49584,49598,12,+0.02%,162
"2026-02-17 19:45",49576,49588,49563,49586,7,+0.01%,123
"2026-02-17 19:30",49564,49582,49557,49579,12,+0.02%,134
"2026-02-17 19:15",49566,49586,49561,49567,-1.,0.00%,82
"2026-02-17 19:00",49559,49572,49551,49568,7,+0.01%,366
"2026-02-17 18:45",49571,49573,49550,49561,-9.,-0.02%,286
"2026-02-17 18:30",49575,49587,49566,49570,2,0.00%,198
"2026-02-17 18:15",49591,49600,49555,49568,-25.,-0.05%,188
"2026-02-17 18:00",49543,49593,49542,49593,50,+0.10%,211
"2026-02-17 17:45",49571,49571,49542,49543,-30.,-0.06%,166
"2026-02-17 17:30",49601,49606,49569,49573,-23.,-0.05%,244
"2026-02-17 17:15",49579,49602,49573,49596,19,+0.04%,133
"2026-02-17 17:00",49619,49631,49563,49577,-47.,-0.09%,286
"2026-02-17 15:45",49616,49632,49606,49624,3,+0.01%,246
"2026-02-17 15:30",49634,49635,49607,49621,-14.,-0.03%,300
"2026-02-17 15:15",49613,49647,49604,49635,22,+0.04%,767
"2026-02-17 15:00",49623,49641,49588,49613,-12.,-0.02%,1389
"2026-02-17 14:45",49621,49652,49573,49625,3,+0.01%,4307
"2026-02-17 14:30",49626,49637,49558,49622,-6.,-0.01%,1837
"2026-02-17 14:15",49654,49674,49615,49628,-23.,-0.05%,1197
"2026-02-17 14:00",49662,49685,49632,49651,-9.,-0.02%,1037
"2026-02-17 13:45",49711,49719,49639,49660,-51.,-0.10%,1072
"2026-02-17 13:30",49682,49723,49662,49711,30,+0.06%,1379
"2026-02-17 13:15",49705,49728,49667,49681,-24.,-0.05%,1592
"2026-02-17 13:00",49714,49733,49660,49705,-15.,-0.03%,1726
"2026-02-17 12:45",49691,49761,49690,49720,30,+0.06%,2017
"2026-02-17 12:30",49595,49710,49567,49690,99,+0.20%,2267
"2026-02-17 12:15",49474,49602,49449,49591,116,+0.23%,2379
"2026-02-17 12:00",49536,49552,49452,49475,-61.,-0.12%,1845
"2026-02-17 11:45",49472,49545,49408,49536,61,+0.12%,3215
"2026-02-17 11:30",49618,49635,49473,49475,-142.,-0.29%,2140
"2026-02-17 11:15",49571,49617,49517,49617,45,+0.09%,1968
"2026-02-17 11:00",49648,49658,49544,49572,-76.,-0.15%,1843
"2026-02-17 10:45",49602,49695,49584,49648,45,+0.09%,2262
"2026-02-17 10:30",49612,49653,49554,49603,-11.,-0.02%,3050
"2026-02-17 10:15",49646,49722,49607,49614,-31.,-0.06%,4094
"2026-02-17 10:00",49404,49658,49388,49645,239,+0.48%,4816
"2026-02-17 09:45",49290,49407,49279,49406,121,+0.25%,3589
"2026-02-17 09:30",49343,49365,49240,49285,-60.,-0.12%,4203
"2026-02-17 09:15",49321,49482,49298,49345,23,+0.05%,6006
"2026-02-17 09:00",49398,49485,49314,49322,-78.,-0.16%,5904
"2026-02-17 08:45",49593,49703,49390,49400,-192.,-0.39%,8592
"2026-02-17 08:30",49568,49794,49556,49592,23,+0.05%,15350
"2026-02-17 08:15",49524,49569,49509,49569,46,+0.09%,1518
"2026-02-17 08:00",49480,49556,49479,49523,43,+0.09%,984
"2026-02-17 07:45",49479,49590,49443,49480,4,+0.01%,2987
"2026-02-17 07:30",49506,49506,49464,49476,-23.,-0.05%,541
"2026-02-17 07:15",49384,49517,49376,49499,116,+0.23%,1441
"2026-02-17 07:00",49446,49449,49345,49383,-63.,-0.13%,1246
"2026-02-17 06:45",49474,49477,49430,49446,-25.,-0.05%,693
"2026-02-17 06:30",49495,49495,49459,49471,-23.,-0.05%,552
"2026-02-17 06:15",49555,49564,49491,49494,-63.,-0.13%,424
"2026-02-17 06:00",49536,49569,49524,49557,19,+0.04%,553
"2026-02-17 05:45",49509,49551,49502,49538,33,+0.07%,338
"2026-02-17 05:30",49510,49522,49490,49505,-6.,-0.01%,718
"2026-02-17 05:15",49483,49511,49469,49511,26,+0.05%,336
"2026-02-17 05:00",49475,49493,49465,49485,8,+0.02%,376
"2026-02-17 04:45",49492,49516,49474,49477,-17.,-0.03%,483
"2026-02-17 04:30",49548,49549,49492,49494,-54.,-0.11%,254
"2026-02-17 04:15",49554,49573,49543,49548,-6.,-0.01%,146
"2026-02-17 04:00",49582,49594,49548,49554,-24.,-0.05%,224
"2026-02-17 03:45",49572,49591,49565,49578,12,+0.02%,209
"2026-02-17 03:30",49542,49573,49541,49566,28,+0.06%,302
"2026-02-17 03:15",49505,49539,49502,49538,31,+0.06%,269
"2026-02-17 03:00",49536,49559,49507,49507,-28.,-0.06%,627
"2026-02-17 02:45",49516,49549,49508,49535,22,+0.04%,437
"2026-02-17 02:30",49556,49565,49510,49513,-45.,-0.09%,388
"2026-02-17 02:15",49569,49570,49535,49558,-12.,-0.02%,462
"2026-02-17 02:00",49473,49603,49468,49570,100,+0.20%,1161
"2026-02-17 01:45",49429,49477,49428,49470,44,+0.09%,453
"2026-02-17 01:30",49387,49431,49375,49426,43,+0.09%,452
"2026-02-17 01:15",49403,49409,49371,49383,-21.,-0.04%,221
"2026-02-17 01:00",49429,49433,49402,49404,-27.,-0.05%,328
"2026-02-17 00:45",49430,49434,49424,49431,6,+0.01%,96
"2026-02-17 00:30",49425,49439,49407,49425,4,+0.01%,220
"2026-02-17 00:15",49425,49432,49416,49421,-2.,0.00%,123
"2026-02-17 00:00",49378,49438,49378,49423,45,+0.09%,326
"2026-02-16 23:45",49397,49408,49367,49378,-18.,-0.04%,272
"2026-02-16 23:30",49408,49410,49359,49396,-11.,-0.02%,309
"2026-02-16 23:15",49409,49413,49370,49407,0,0.00%,331
"2026-02-16 23:00",49427,49427,49407,49407,-20.,-0.04%,90
"2026-02-16 22:45",49417,49431,49417,49427,9,+0.02%,78
"2026-02-16 22:30",49431,49431,49407,49418,-18.,-0.04%,95
"2026-02-16 22:15",49423,49439,49415,49436,10,+0.02%,97
"2026-02-16 22:00",49419,49434,49413,49426,7,+0.01%,119
"2026-02-16 21:45",49421,49422,49398,49419,2,0.00%,211
"2026-02-16 21:30",49430,49432,49387,49417,-21.,-0.04%,533
"2026-02-16 21:15",49443,49464,49437,49438,0,0.00%,224
"2026-02-16 21:00",49474,49475,49416,49438,-39.,-0.08%,643
"2026-02-16 20:45",49478,49492,49457,49477,-4.,-0.01%,299
"2026-02-16 20:30",49472,49485,49460,49481,11,+0.02%,218
"2026-02-16 20:15",49439,49477,49438,49470,29,+0.06%,297
"2026-02-16 20:00",49438,49458,49400,49441,-2.,0.00%,874
"2026-02-16 19:45",49554,49560,49421,49443,-106.,-0.21%,1364
"2026-02-16 19:30",49556,49574,49547,49549,-5.,-0.01%,273
"2026-02-16 19:15",49612,49613,49549,49554,-57.,-0.11%,315
"2026-02-16 19:00",49591,49615,49589,49611,25,+0.05%,426
"2026-02-16 18:45",49611,49612,49581,49586,-25.,-0.05%,206
"2026-02-16 18:30",49638,49645,49603,49611,-32.,-0.06%,179
"2026-02-16 18:15",49653,49668,49627,49643,-8.,-0.02%,194
"2026-02-16 18:00",49664,49665,49619,49651,-10.,-0.02%,212
"2026-02-16 17:45",49679,49691,49653,49661,-17.,-0.03%,158
"2026-02-16 17:30",49672,49683,49666,49678,8,+0.02%,155
"2026-02-16 17:15",49670,49679,49644,49670,-1.,0.00%,168
"2026-02-16 17:00",49606,49673,49605,49671,65,+0.13%,175
"2026-02-16 11:45",49628,49632,49588,49606,-19.,-0.04%,562
"2026-02-16 11:30",49618,49642,49610,49625,7,+0.01%,360
"2026-02-16 11:15",49617,49618,49592,49618,2,0.00%,271
"2026-02-16 11:00",49613,49628,49600,49616,4,+0.01%,511
"2026-02-16 10:45",49623,49633,49604,49612,-9.,-0.02%,631
"2026-02-16 10:30",49627,49649,49579,49621,-6.,-0.01%,1120
"2026-02-16 10:15",49654,49665,49565,49627,-24.,-0.05%,1072
"2026-02-16 10:00",49577,49651,49556,49651,74,+0.15%,1117
"2026-02-16 09:45",49579,49641,49571,49577,-1.,0.00%,816
"2026-02-16 09:30",49631,49645,49574,49578,-56.,-0.11%,1093
"2026-02-16 09:15",49693,49699,49632,49634,-58.,-0.12%,787
"2026-02-16 09:00",49705,49737,49691,49692,-14.,-0.03%,714
"2026-02-16 08:45",49651,49726,49623,49706,55,+0.11%,1115
"2026-02-16 08:30",49692,49717,49634,49651,-42.,-0.08%,1770
"2026-02-16 08:15",49719,49732,49684,49693,-30.,-0.06%,661
"2026-02-16 08:00",49766,49771,49715,49723,-46.,-0.09%,563
"2026-02-16 07:45",49775,49783,49767,49769,-3.,-0.01%,148
"2026-02-16 07:30",49765,49780,49755,49772,3,+0.01%,148
"2026-02-16 07:15",49732,49769,49725,49769,37,+0.07%,183
"2026-02-16 07:00",49750,49756,49732,49732,-20.,-0.04%,161
"2026-02-16 06:45",49746,49763,49743,49752,3,+0.01%,128
"2026-02-16 06:30",49798,49798,49748,49749,-47.,-0.09%,123
"2026-02-16 06:15",49777,49804,49766,49796,19,+0.04%,139
"2026-02-16 06:00",49774,49778,49757,49777,3,+0.01%,114
"2026-02-16 05:45",49783,49788,49771,49774,-12.,-0.02%,89
"2026-02-16 05:30",49787,49788,49764,49786,2,0.00%,89
"2026-02-16 05:15",49757,49790,49754,49784,28,+0.06%,134
"2026-02-16 05:00",49772,49773,49740,49756,-14.,-0.03%,255
"2026-02-16 04:45",49785,49792,49765,49770,-14.,-0.03%,279
"2026-02-16 04:30",49768,49785,49756,49784,12,+0.02%,138
"2026-02-16 04:15",49770,49781,49763,49772,5,+0.01%,148
"2026-02-16 04:00",49800,49801,49767,49767,-33.,-0.07%,188
"2026-02-16 03:45",49801,49809,49794,49800,-2.,0.00%,120
"2026-02-16 03:30",49813,49817,49799,49802,-13.,-0.03%,199
"2026-02-16 03:15",49792,49820,49783,49815,24,+0.05%,275
"2026-02-16 03:00",49756,49796,49749,49791,35,+0.07%,306
"2026-02-16 02:45",49727,49764,49727,49756,30,+0.06%,200
"2026-02-16 02:30",49723,49735,49699,49726,3,+0.01%,172
"2026-02-16 02:15",49735,49766,49708,49723,-13.,-0.03%,361
"2026-02-16 02:00",49704,49747,49677,49736,33,+0.07%,422
"2026-02-16 01:45",49700,49705,49692,49703,4,+0.01%,125
"2026-02-16 01:30",49673,49703,49671,49699,25,+0.05%,117
"2026-02-16 01:15",49681,49682,49666,49674,-7.,-0.01%,103
"2026-02-16 01:00",49648,49681,49644,49681,31,+0.06%,192
"2026-02-16 00:45",49648,49655,49648,49650,2,0.00%,48
"2026-02-16 00:30",49634,49648,49621,49648,9,+0.02%,75
"2026-02-16 00:15",49623,49640,49614,49639,17,+0.03%,56
"2026-02-16 00:00",49614,49623,49611,49622,6,+0.01%,64
"2026-02-15 23:45",49613,49619,49609,49616,5,+0.01%,72
"2026-02-15 23:30",49645,49645,49610,49611,-36.,-0.07%,68
"2026-02-15 23:15",49646,49648,49636,49647,6,+0.01%,71
"2026-02-15 23:00",49639,49641,49629,49641,1,0.00%,43
"2026-02-15 22:45",49642,49646,49636,49640,-3.,-0.01%,36
"2026-02-15 22:30",49654,49658,49640,49643,-12.,-0.02%,50
"2026-02-15 22:15",49650,49656,49637,49655,5,+0.01%,37
"2026-02-15 22:00",49635,49664,49635,49650,14,+0.03%,64
"2026-02-15 21:45",49619,49637,49617,49636,19,+0.04%,69
"2026-02-15 21:30",49622,49625,49613,49617,-7.,-0.01%,67
"2026-02-15 21:15",49637,49648,49622,49624,-10.,-0.02%,72
"2026-02-15 21:00",49649,49649,49632,49634,-11.,-0.02%,60
"2026-02-15 20:45",49652,49654,49642,49645,-10.,-0.02%,51
"2026-02-15 20:30",49648,49656,49642,49655,11,+0.02%,50
"2026-02-15 20:15",49641,49652,49641,49644,1,0.00%,75
"2026-02-15 20:00",49670,49681,49637,49643,-30.,-0.06%,141
"2026-02-15 19:45",49636,49675,49634,49673,40,+0.08%,76
"2026-02-15 19:30",49628,49636,49622,49633,4,+0.01%,83
"2026-02-15 19:15",49626,49633,49618,49629,1,0.00%,97
"2026-02-15 19:00",49616,49646,49609,49628,14,+0.03%,183
"2026-02-15 18:45",49603,49621,49603,49614,8,+0.02%,145
"2026-02-15 18:30",49606,49610,49597,49606,0,0.00%,87
"2026-02-15 18:15",49601,49612,49596,49606,4,+0.01%,186
"2026-02-15 18:00",49588,49611,49569,49602,8,+0.02%,304
"2026-02-15 17:45",49575,49596,49538,49594,14,+0.03%,233
"2026-02-15 17:30",49583,49590,49560,49580,5,+0.01%,171
"2026-02-15 17:15",49561,49585,49558,49575,13,+0.03%,154
"2026-02-15 17:00",49549,49624,49506,49562,36,+0.07%,441
"2026-02-13 15:45",49531,49547,49512,49526,-4.,-0.01%,320
"2026-02-13 15:30",49540,49548,49528,49530,-8.,-0.02%,163
"2026-02-13 15:15",49573,49575,49531,49538,-34.,-0.07%,248
"2026-02-13 15:00",49564,49588,49528,49572,9,+0.02%,1671
"2026-02-13 14:45",49445,49586,49441,49563,119,+0.24%,6174
"2026-02-13 14:30",49470,49519,49427,49444,-28.,-0.06%,2759
"2026-02-13 14:15",49575,49607,49452,49472,-103.,-0.21%,2260
"2026-02-13 14:00",49557,49636,49557,49575,18,+0.04%,1783
"2026-02-13 13:45",49608,49651,49549,49557,-52.,-0.10%,1888
"2026-02-13 13:30",49660,49696,49580,49609,-51.,-0.10%,1771
"2026-02-13 13:15",49713,49719,49635,49660,-55.,-0.11%,1322
"2026-02-13 13:00",49654,49740,49639,49715,63,+0.13%,1414
"2026-02-13 12:45",49699,49732,49630,49652,-47.,-0.09%,1648
"2026-02-13 12:30",49747,49779,49690,49699,-46.,-0.09%,1517
"2026-02-13 12:15",49761,49817,49712,49745,-16.,-0.03%,2021
"2026-02-13 12:00",49732,49773,49665,49761,29,+0.06%,2189
"2026-02-13 11:45",49747,49778,49712,49732,-17.,-0.03%,1774
"2026-02-13 11:30",49719,49778,49712,49749,33,+0.07%,1730
"2026-02-13 11:15",49790,49792,49708,49716,-74.,-0.15%,2293
"2026-02-13 11:00",49714,49793,49697,49790,78,+0.16%,2223
"2026-02-13 10:45",49681,49766,49668,49712,31,+0.06%,2504
"2026-02-13 10:30",49667,49712,49606,49681,14,+0.03%,3014
"2026-02-13 10:15",49620,49698,49542,49667,46,+0.09%,3559
"2026-02-13 10:00",49565,49676,49553,49621,59,+0.12%,3154
"2026-02-13 09:45",49514,49636,49475,49562,47,+0.09%,4006
"2026-02-13 09:30",49573,49685,49507,49515,-58.,-0.12%,4548
"2026-02-13 09:15",49484,49588,49406,49573,94,+0.19%,5091
"2026-02-13 09:00",49399,49606,49379,49479,82,+0.17%,7447
"2026-02-13 08:45",49383,49527,49335,49397,11,+0.02%,9717
"2026-02-13 08:30",49544,49552,49155,49386,-160.,-0.32%,17800
"2026-02-13 08:15",49526,49562,49486,49546,16,+0.03%,2002
"2026-02-13 08:00",49542,49582,49502,49530,-13.,-0.03%,1211
"2026-02-13 07:45",49522,49575,49465,49543,18,+0.04%,2388
"2026-02-13 07:30",49438,49592,49438,49525,70,+0.14%,3975
"2026-02-13 07:15",49359,49462,49350,49455,99,+0.20%,1871
"2026-02-13 07:00",49412,49452,49354,49356,-55.,-0.11%,1289
"2026-02-13 06:45",49419,49461,49381,49411,-11.,-0.02%,1152
"2026-02-13 06:30",49409,49435,49405,49422,12,+0.02%,513
"2026-02-13 06:15",49370,49420,49363,49410,40,+0.08%,648
"2026-02-13 06:00",49382,49413,49356,49370,-13.,-0.03%,773
"2026-02-13 05:45",49336,49383,49315,49383,48,+0.10%,558
"2026-02-13 05:30",49342,49382,49298,49335,-11.,-0.02%,1046
"2026-02-13 05:15",49338,49361,49323,49346,6,+0.01%,768
"2026-02-13 05:00",49375,49382,49324,49340,-32.,-0.06%,676
"2026-02-13 04:45",49424,49425,49369,49372,-48.,-0.10%,719
"2026-02-13 04:30",49450,49454,49417,49420,-29.,-0.06%,341
"2026-02-13 04:15",49443,49470,49438,49449,8,+0.02%,273
"2026-02-13 04:00",49421,49442,49414,49441,16,+0.03%,367
"2026-02-13 03:45",49452,49468,49417,49425,-24.,-0.05%,371
"2026-02-13 03:30",49462,49470,49445,49449,-13.,-0.03%,354
"2026-02-13 03:15",49419,49482,49419,49462,43,+0.09%,476
"2026-02-13 03:00",49433,49443,49382,49419,-14.,-0.03%,578
"2026-02-13 02:45",49461,49477,49424,49433,-26.,-0.05%,449
"2026-02-13 02:30",49443,49461,49415,49459,15,+0.03%,458
"2026-02-13 02:15",49432,49455,49358,49444,10,+0.02%,981
"2026-02-13 02:00",49448,49487,49423,49434,-13.,-0.03%,889
"2026-02-13 01:45",49429,49452,49411,49447,20,+0.04%,328
"2026-02-13 01:30",49447,49456,49424,49427,-24.,-0.05%,416
"2026-02-13 01:15",49453,49477,49450,49451,-2.,0.00%,347
"2026-02-13 01:00",49429,49462,49429,49453,26,+0.05%,579
"2026-02-13 00:45",49388,49437,49382,49427,41,+0.08%,330
"2026-02-13 00:30",49392,49395,49358,49386,-4.,-0.01%,554
"2026-02-13 00:15",49430,49442,49374,49390,-40.,-0.08%,441
"2026-02-13 00:00",49432,49441,49420,49430,2,0.00%,191
"2026-02-12 23:45",49437,49444,49425,49428,-5.,-0.01%,319
"2026-02-12 23:30",49425,49444,49412,49433,10,+0.02%,390
"2026-02-12 23:15",49479,49479,49419,49423,-57.,-0.12%,500
"2026-02-12 23:00",49495,49501,49479,49480,-17.,-0.03%,127
"2026-02-12 22:45",49508,49509,49491,49497,-7.,-0.01%,116
"2026-02-12 22:30",49528,49530,49500,49504,-26.,-0.05%,99
"2026-02-12 22:15",49511,49543,49509,49530,23,+0.05%,189
"2026-02-12 22:00",49498,49509,49489,49507,10,+0.02%,149
"2026-02-12 21:45",49535,49535,49491,49497,-41.,-0.08%,251
"2026-02-12 21:30",49536,49556,49533,49538,3,+0.01%,194
"2026-02-12 21:15",49546,49549,49527,49535,-10.,-0.02%,341
"2026-02-12 21:00",49548,49560,49545,49545,-2.,0.00%,127
"2026-02-12 20:45",49548,49558,49544,49547,-2.,0.00%,124
"2026-02-12 20:30",49546,49568,49546,49549,3,+0.01%,258
"2026-02-12 20:15",49558,49558,49531,49546,-17.,-0.03%,354
"2026-02-12 20:00",49528,49564,49528,49563,38,+0.08%,327
"2026-02-12 19:45",49549,49562,49511,49525,-28.,-0.06%,473
"2026-02-12 19:30",49547,49563,49538,49553,5,+0.01%,315
"2026-02-12 19:15",49550,49558,49534,49548,-1.,0.00%,529
"2026-02-12 19:00",49498,49554,49496,49549,52,+0.11%,777
"2026-02-12 18:45",49493,49508,49471,49497,3,+0.01%,564
"2026-02-12 18:30",49515,49522,49483,49494,-25.,-0.05%,552
"2026-02-12 18:15",49570,49574,49510,49519,-53.,-0.11%,691
"2026-02-12 18:00",49544,49586,49526,49572,26,+0.05%,676
"2026-02-12 17:45",49506,49561,49499,49546,37,+0.07%,247
"2026-02-12 17:30",49563,49569,49499,49509,-52.,-0.10%,915
"2026-02-12 17:15",49547,49572,49541,49561,14,+0.03%,373
"2026-02-12 17:00",49553,49573,49511,49547,-10.,-0.02%,555
"2026-02-12 15:45",49551,49576,49540,49557,7,+0.01%,463
"2026-02-12 15:30",49547,49575,49547,49550,2,0.00%,466
"2026-02-12 15:15",49529,49548,49519,49548,19,+0.04%,462
"2026-02-12 15:00",49525,49548,49495,49529,5,+0.01%,2239
"2026-02-12 14:45",49663,49666,49493,49524,-135.,-0.27%,7877
"2026-02-12 14:30",49719,49729,49643,49659,-59.,-0.12%,2830
"2026-02-12 14:15",49802,49808,49715,49718,-80.,-0.16%,1967
"2026-02-12 14:00",49817,49868,49781,49798,-17.,-0.03%,2405
"2026-02-12 13:45",49766,49847,49766,49815,50,+0.10%,2778
"2026-02-12 13:30",49709,49795,49706,49765,54,+0.11%,2269
"2026-02-12 13:15",49706,49784,49686,49711,4,+0.01%,2700
"2026-02-12 13:00",49684,49720,49644,49707,27,+0.05%,2086
"2026-02-12 12:45",49679,49738,49649,49680,2,0.00%,2624
"2026-02-12 12:30",49553,49682,49530,49678,125,+0.25%,2707
"2026-02-12 12:15",49529,49614,49496,49553,18,+0.04%,3162
"2026-02-12 12:00",49546,49620,49506,49535,-11.,-0.02%,3166
"2026-02-12 11:45",49678,49698,49540,49546,-127.,-0.26%,3201
"2026-02-12 11:30",49598,49690,49575,49673,77,+0.16%,2723
"2026-02-12 11:15",49598,49698,49585,49596,-7.,-0.01%,3377
"2026-02-12 11:00",49688,49697,49577,49603,-86.,-0.17%,4692
"2026-02-12 10:45",49676,49710,49618,49689,10,+0.02%,4222
"2026-02-12 10:30",49683,49783,49658,49679,-4.,-0.01%,7693
"2026-02-12 10:15",49893,49904,49683,49683,-209.,-0.42%,7804
"2026-02-12 10:00",50161,50172,49875,49892,-269.,-0.54%,6848
"2026-02-12 09:45",50237,50286,50154,50161,-79.,-0.16%,3815
"2026-02-12 09:30",50368,50391,50217,50240,-127.,-0.25%,4165
"2026-02-12 09:15",50459,50467,50331,50367,-93.,-0.18%,3707
"2026-02-12 09:00",50399,50472,50356,50460,61,+0.12%,4602
"2026-02-12 08:45",50404,50457,50354,50399,-2.,0.00%,5051
"2026-02-12 08:30",50380,50521,50351,50401,19,+0.04%,15060
"2026-02-12 08:15",50329,50382,50290,50382,51,+0.10%,2229
"2026-02-12 08:00",50371,50371,50326,50331,-39.,-0.08%,664
"2026-02-12 07:45",50379,50385,50357,50370,-7.,-0.01%,608
"2026-02-12 07:30",50315,50400,50304,50377,61,+0.12%,1055
"2026-02-12 07:15",50280,50319,50274,50316,35,+0.07%,468
"2026-02-12 07:00",50324,50324,50277,50281,-43.,-0.09%,681
"2026-02-12 06:45",50347,50351,50317,50324,-27.,-0.05%,264
"2026-02-12 06:30",50345,50358,50334,50351,5,+0.01%,275
"2026-02-12 06:15",50354,50359,50334,50346,-9.,-0.02%,295
"2026-02-12 06:00",50364,50366,50338,50355,-11.,-0.02%,219
"2026-02-12 05:45",50348,50372,50341,50366,18,+0.04%,265
"2026-02-12 05:30",50361,50364,50344,50348,-17.,-0.03%,82
"2026-02-12 05:15",50363,50369,50350,50365,-1.,0.00%,164
"2026-02-12 05:00",50347,50371,50342,50366,18,+0.04%,378
"2026-02-12 04:45",50341,50349,50341,50348,10,+0.02%,134
"2026-02-12 04:30",50339,50348,50328,50338,0,0.00%,119
"2026-02-12 04:15",50353,50361,50328,50338,-17.,-0.03%,244
"2026-02-12 04:00",50383,50396,50350,50355,-29.,-0.06%,359
"2026-02-12 03:45",50373,50385,50361,50384,10,+0.02%,322
"2026-02-12 03:30",50355,50386,50351,50374,19,+0.04%,410
"2026-02-12 03:15",50347,50360,50342,50355,8,+0.02%,227
"2026-02-12 03:00",50335,50353,50335,50347,12,+0.02%,360
"2026-02-12 02:45",50301,50350,50301,50335,28,+0.06%,226
"2026-02-12 02:30",50320,50326,50299,50307,-15.,-0.03%,350
"2026-02-12 02:15",50338,50352,50314,50322,-16.,-0.03%,283
"2026-02-12 02:00",50350,50364,50332,50338,-15.,-0.03%,510
"2026-02-12 01:45",50336,50353,50332,50353,17,+0.03%,158
"2026-02-12 01:30",50344,50357,50334,50336,-8.,-0.02%,172
"2026-02-12 01:15",50330,50351,50326,50344,14,+0.03%,237
"2026-02-12 01:00",50314,50342,50312,50330,17,+0.03%,330
"2026-02-12 00:45",50303,50317,50299,50313,7,+0.01%,134
"2026-02-12 00:30",50343,50353,50298,50306,-33.,-0.07%,349
"2026-02-12 00:15",50349,50353,50331,50339,-7.,-0.01%,160
"2026-02-12 00:00",50351,50355,50332,50346,-3.,-0.01%,111
"2026-02-11 23:45",50348,50356,50341,50349,-1.,0.00%,88
"2026-02-11 23:30",50353,50355,50336,50350,-5.,-0.01%,238
"2026-02-11 23:15",50363,50369,50355,50355,-8.,-0.02%,69
"2026-02-11 23:00",50352,50363,50352,50363,13,+0.03%,93
"2026-02-11 22:45",50349,50356,50347,50350,-1.,0.00%,94
"2026-02-11 22:30",50370,50372,50349,50351,-21.,-0.04%,197
"2026-02-11 22:15",50334,50376,50332,50372,35,+0.07%,396
"2026-02-11 22:00",50332,50341,50327,50337,6,+0.01%,159
"2026-02-11 21:45",50326,50333,50321,50331,7,+0.01%,82
"2026-02-11 21:30",50316,50330,50315,50324,8,+0.02%,202
"2026-02-11 21:15",50299,50316,50294,50316,17,+0.03%,138
"2026-02-11 21:00",50290,50302,50285,50299,7,+0.01%,213
"2026-02-11 20:45",50264,50294,50261,50292,28,+0.06%,146
"2026-02-11 20:30",50259,50269,50257,50264,5,+0.01%,135
"2026-02-11 20:15",50269,50275,50256,50259,-11.,-0.02%,131
"2026-02-11 20:00",50282,50289,50265,50270,-10.,-0.02%,161
"2026-02-11 19:45",50281,50284,50271,50280,-1.,0.00%,235
"2026-02-11 19:30",50263,50301,50254,50281,15,+0.03%,415
"2026-02-11 19:15",50252,50268,50225,50266,14,+0.03%,352
"2026-02-11 19:00",50228,50261,50225,50252,23,+0.05%,200
"2026-02-11 18:45",50232,50232,50223,50229,-4.,-0.01%,88
"2026-02-11 18:30",50190,50233,50189,50233,47,+0.09%,407
"2026-02-11 18:15",50181,50192,50168,50186,2,0.00%,176
"2026-02-11 18:00",50184,50204,50170,50184,-3.,-0.01%,245
"2026-02-11 17:45",50192,50196,50177,50187,-3.,-0.01%,162
"2026-02-11 17:30",50190,50192,50161,50190,0,0.00%,263
"2026-02-11 17:15",50192,50213,50182,50190,4,+0.01%,245
"2026-02-11 17:00",50216,50236,50181,50186,-15.,-0.03%,201
"2026-02-11 15:45",50210,50224,50197,50201,-9.,-0.02%,408
"2026-02-11 15:30",50208,50223,50206,50210,-1.,0.00%,376
"2026-02-11 15:15",50215,50226,50185,50211,0,0.00%,583
"2026-02-11 15:00",50201,50264,50194,50211,10,+0.02%,2553
"2026-02-11 14:45",50213,50248,50191,50201,-12.,-0.02%,4931
"2026-02-11 14:30",50205,50237,50171,50213,7,+0.01%,1489
"2026-02-11 14:15",50232,50258,50206,50206,-23.,-0.05%,1193
"2026-02-11 14:00",50202,50235,50199,50229,21,+0.04%,744
"2026-02-11 13:45",50236,50236,50182,50208,-34.,-0.07%,1269
"2026-02-11 13:30",50234,50254,50200,50242,8,+0.02%,850
"2026-02-11 13:15",50236,50270,50217,50234,-1.,0.00%,1029
"2026-02-11 13:00",50139,50239,50129,50235,94,+0.19%,2212
"2026-02-11 12:45",50126,50166,50109,50141,11,+0.02%,1207
"2026-02-11 12:30",50193,50209,50106,50130,-67.,-0.13%,1423
"2026-02-11 12:15",50121,50197,50098,50197,74,+0.15%,1864
"2026-02-11 12:00",50211,50233,50114,50123,-92.,-0.18%,1602
"2026-02-11 11:45",50298,50310,50200,50215,-84.,-0.17%,1242
"2026-02-11 11:30",50281,50310,50231,50299,19,+0.04%,1346
"2026-02-11 11:15",50244,50318,50211,50280,40,+0.08%,1595
"2026-02-11 11:00",50248,50258,50194,50240,-10.,-0.02%,1946
"2026-02-11 10:45",50299,50332,50244,50250,-51.,-0.10%,1933
"2026-02-11 10:30",50161,50312,50139,50301,140,+0.28%,2647
"2026-02-11 10:15",50146,50264,50121,50161,15,+0.03%,3785
"2026-02-11 10:00",50062,50157,50029,50146,83,+0.17%,3802
"2026-02-11 09:45",50048,50076,49977,50063,19,+0.04%,5723
"2026-02-11 09:30",50094,50116,50023,50044,-48.,-0.10%,6179
"2026-02-11 09:15",50199,50220,50028,50092,-108.,-0.22%,9561
"2026-02-11 09:00",50392,50414,50140,50200,-194.,-0.38%,7963
"2026-02-11 08:45",50453,50544,50364,50394,-62.,-0.12%,5671
"2026-02-11 08:30",50496,50585,50443,50456,-40.,-0.08%,12072
"2026-02-11 08:15",50498,50521,50474,50496,-3.,-0.01%,1925
"2026-02-11 08:00",50536,50547,50492,50499,-38.,-0.08%,1045
"2026-02-11 07:45",50474,50552,50462,50537,62,+0.12%,2356
"2026-02-11 07:30",50362,50549,50347,50475,119,+0.24%,4302
"2026-02-11 07:15",50326,50362,50325,50356,32,+0.06%,580
"2026-02-11 07:00",50307,50332,50304,50324,16,+0.03%,235
"2026-02-11 06:45",50325,50335,50298,50308,-14.,-0.03%,347
"2026-02-11 06:30",50319,50323,50303,50322,3,+0.01%,274
"2026-02-11 06:15",50327,50334,50316,50319,-7.,-0.01%,201
"2026-02-11 06:00",50304,50333,50300,50326,20,+0.04%,869
"2026-02-11 05:45",50327,50344,50306,50306,-21.,-0.04%,402
"2026-02-11 05:30",50360,50361,50303,50327,-34.,-0.07%,677
"2026-02-11 05:15",50345,50361,50343,50361,18,+0.04%,311
"2026-02-11 05:00",50339,50351,50319,50343,4,+0.01%,504
"2026-02-11 04:45",50327,50339,50301,50339,8,+0.02%,279
"2026-02-11 04:30",50316,50331,50301,50331,17,+0.03%,179
"2026-02-11 04:15",50299,50330,50299,50314,14,+0.03%,330
"2026-02-11 04:00",50347,50348,50270,50300,-47.,-0.09%,990
"2026-02-11 03:45",50370,50371,50346,50347,-18.,-0.04%,261
"2026-02-11 03:30",50388,50391,50358,50365,-23.,-0.05%,626
"2026-02-11 03:15",50392,50394,50372,50388,-4.,-0.01%,371
"2026-02-11 03:00",50362,50392,50353,50392,27,+0.05%,444
"2026-02-11 02:45",50378,50380,50364,50365,-8.,-0.02%,162
"2026-02-11 02:30",50351,50387,50351,50373,24,+0.05%,285
"2026-02-11 02:15",50344,50360,50321,50349,7,+0.01%,401
"2026-02-11 02:00",50369,50378,50340,50342,-26.,-0.05%,385
"2026-02-11 01:45",50373,50380,50362,50368,-7.,-0.01%,135
"2026-02-11 01:30",50378,50379,50361,50375,-5.,-0.01%,113
"2026-02-11 01:15",50357,50382,50356,50380,26,+0.05%,185
"2026-02-11 01:00",50378,50380,50354,50354,-23.,-0.05%,179
"2026-02-11 00:45",50383,50383,50374,50377,-6.,-0.01%,102
"2026-02-11 00:30",50374,50387,50372,50383,10,+0.02%,95
"2026-02-11 00:15",50373,50381,50366,50373,-1.,0.00%,101
"2026-02-11 00:00",50376,50396,50374,50374,-1.,0.00%,136
"2026-02-10 23:45",50378,50380,50375,50375,-3.,-0.01%,63
"2026-02-10 23:30",50384,50388,50376,50378,-6.,-0.01%,127
"2026-02-10 23:15",50400,50406,50384,50384,-16.,-0.03%,78
"2026-02-10 23:00",50394,50407,50392,50400,5,+0.01%,110
"2026-02-10 22:45",50393,50399,50391,50395,3,+0.01%,60
"2026-02-10 22:30",50404,50404,50378,50392,-12.,-0.02%,122
"2026-02-10 22:15",50411,50420,50403,50404,-7.,-0.01%,72
"2026-02-10 22:00",50401,50415,50400,50411,12,+0.02%,109
"2026-02-10 21:45",50395,50405,50395,50399,2,0.00%,116
"2026-02-10 21:30",50393,50398,50383,50397,4,+0.01%,107
"2026-02-10 21:15",50388,50394,50377,50393,7,+0.01%,91
"2026-02-10 21:00",50390,50395,50385,50386,-5.,-0.01%,76
"2026-02-10 20:45",50385,50394,50383,50391,6,+0.01%,95
"2026-02-10 20:30",50384,50388,50379,50385,2,0.00%,104
"2026-02-10 20:15",50383,50387,50378,50383,-1.,0.00%,130
"2026-02-10 20:00",50393,50404,50382,50384,-10.,-0.02%,255
"2026-02-10 19:45",50392,50406,50392,50394,2,0.00%,136
"2026-02-10 19:30",50381,50394,50380,50392,9,+0.02%,130
"2026-02-10 19:15",50385,50386,50378,50383,-2.,0.00%,101
"2026-02-10 19:00",50380,50393,50379,50385,5,+0.01%,167
"2026-02-10 18:45",50372,50383,50368,50380,8,+0.02%,133
"2026-02-10 18:30",50363,50375,50362,50372,10,+0.02%,93
"2026-02-10 18:15",50365,50367,50356,50362,-1.,0.00%,103
"2026-02-10 18:00",50355,50370,50353,50363,8,+0.02%,160
"2026-02-10 17:45",50348,50356,50346,50355,5,+0.01%,75
"2026-02-10 17:30",50345,50354,50342,50350,1,0.00%,134
"2026-02-10 17:15",50350,50362,50347,50349,0,0.00%,175
"2026-02-10 17:00",50325,50359,50325,50349,17,+0.03%,203
"2026-02-10 15:45",50323,50334,50319,50332,7,+0.01%,321
"2026-02-10 15:30",50303,50325,50303,50325,22,+0.04%,267
"2026-02-10 15:15",50313,50316,50297,50303,-7.,-0.01%,230
"2026-02-10 15:00",50272,50322,50257,50310,37,+0.07%,1448
"2026-02-10 14:45",50318,50344,50242,50273,-44.,-0.09%,6202
"2026-02-10 14:30",50334,50347,50313,50317,-16.,-0.03%,1746
"2026-02-10 14:15",50341,50376,50330,50333,-9.,-0.02%,1369
"2026-02-10 14:00",50345,50372,50328,50342,-5.,-0.01%,1474
"2026-02-10 13:45",50306,50347,50306,50347,42,+0.08%,1043
"2026-02-10 13:30",50325,50348,50301,50305,-18.,-0.04%,1536
"2026-02-10 13:15",50287,50324,50256,50323,35,+0.07%,1514
"2026-02-10 13:00",50275,50296,50248,50288,15,+0.03%,1841
"2026-02-10 12:45",50274,50283,50203,50273,-1.,0.00%,2577
"2026-02-10 12:30",50280,50312,50246,50274,-10.,-0.02%,2900
"2026-02-10 12:15",50393,50398,50277,50284,-110.,-0.22%,2896
"2026-02-10 12:00",50453,50464,50390,50394,-57.,-0.11%,1291
"2026-02-10 11:45",50475,50487,50444,50451,-25.,-0.05%,779
"2026-02-10 11:30",50488,50490,50442,50476,-10.,-0.02%,1207
"2026-02-10 11:15",50534,50536,50475,50486,-48.,-0.09%,1380
"2026-02-10 11:00",50502,50536,50428,50534,31,+0.06%,2250
"2026-02-10 10:45",50458,50519,50410,50503,45,+0.09%,2167
"2026-02-10 10:30",50424,50495,50409,50458,31,+0.06%,2781
"2026-02-10 10:15",50405,50439,50332,50427,23,+0.05%,4147
"2026-02-10 10:00",50457,50461,50384,50404,-51.,-0.10%,2578
"2026-02-10 09:45",50493,50494,50406,50455,-39.,-0.08%,2706
"2026-02-10 09:30",50501,50543,50446,50494,-10.,-0.02%,2950
"2026-02-10 09:15",50486,50556,50443,50504,19,+0.04%,3902
"2026-02-10 09:00",50598,50598,50435,50485,-111.,-0.22%,5668
"2026-02-10 08:45",50434,50611,50421,50596,164,+0.33%,7158
"2026-02-10 08:30",50313,50490,50296,50432,120,+0.24%,14492
"2026-02-10 08:15",50226,50315,50224,50312,89,+0.18%,2043
"2026-02-10 08:00",50201,50235,50200,50223,21,+0.04%,749
"2026-02-10 07:45",50196,50215,50182,50202,6,+0.01%,513
"2026-02-10 07:30",50177,50211,50151,50196,12,+0.02%,1074
"2026-02-10 07:15",50132,50184,50120,50184,49,+0.10%,759
"2026-02-10 07:00",50134,50139,50107,50135,0,0.00%,795
"2026-02-10 06:45",50169,50173,50133,50135,-33.,-0.07%,637
"2026-02-10 06:30",50232,50239,50165,50168,-64.,-0.13%,518
"2026-02-10 06:15",50228,50233,50222,50232,6,+0.01%,325
"2026-02-10 06:00",50243,50250,50214,50226,-18.,-0.04%,382
"2026-02-10 05:45",50242,50253,50235,50244,1,0.00%,286
"2026-02-10 05:30",50251,50258,50238,50243,-6.,-0.01%,290
"2026-02-10 05:15",50239,50265,50238,50249,11,+0.02%,250
"2026-02-10 05:00",50256,50256,50235,50238,-16.,-0.03%,346
"2026-02-10 04:45",50254,50272,50253,50254,-1.,0.00%,347
"2026-02-10 04:30",50262,50275,50248,50255,-8.,-0.02%,458
"2026-02-10 04:15",50275,50276,50249,50263,-11.,-0.02%,546
"2026-02-10 04:00",50254,50276,50248,50274,20,+0.04%,505
"2026-02-10 03:45",50282,50282,50248,50254,-29.,-0.06%,307
"2026-02-10 03:30",50289,50295,50278,50283,-10.,-0.02%,420
"2026-02-10 03:15",50274,50293,50273,50293,20,+0.04%,369
"2026-02-10 03:00",50245,50278,50233,50273,28,+0.06%,654
"2026-02-10 02:45",50228,50256,50225,50245,17,+0.03%,311
"2026-02-10 02:30",50216,50246,50214,50228,11,+0.02%,329
"2026-02-10 02:15",50227,50232,50198,50217,-11.,-0.02%,318
"2026-02-10 02:00",50227,50239,50196,50228,1,0.00%,537
"2026-02-10 01:45",50219,50230,50217,50227,6,+0.01%,139
"2026-02-10 01:30",50222,50228,50217,50221,-1.,0.00%,160
"2026-02-10 01:15",50216,50241,50212,50222,4,+0.01%,304
"2026-02-10 01:00",50193,50225,50191,50218,29,+0.06%,370
"2026-02-10 00:45",50178,50191,50174,50189,10,+0.02%,147
"2026-02-10 00:30",50193,50196,50176,50179,-13.,-0.03%,180
"2026-02-10 00:15",50211,50216,50192,50192,-21.,-0.04%,191
"2026-02-10 00:00",50228,50230,50207,50213,-14.,-0.03%,176
"2026-02-09 23:45",50223,50232,50220,50227,5,+0.01%,187
"2026-02-09 23:30",50210,50244,50205,50222,11,+0.02%,159
"2026-02-09 23:15",50235,50236,50207,50211,-24.,-0.05%,132
"2026-02-09 23:00",50239,50243,50235,50235,-3.,-0.01%,88
"2026-02-09 22:45",50234,50240,50232,50238,4,+0.01%,108
"2026-02-09 22:30",50234,50240,50231,50234,0,0.00%,73
"2026-02-09 22:15",50237,50242,50232,50234,-5.,-0.01%,134
"2026-02-09 22:00",50224,50243,50224,50239,14,+0.03%,82
"2026-02-09 21:45",50221,50231,50219,50225,5,+0.01%,83
"2026-02-09 21:30",50208,50229,50207,50220,12,+0.02%,105
"2026-02-09 21:15",50194,50215,50192,50208,10,+0.02%,125
"2026-02-09 21:00",50210,50210,50190,50198,-11.,-0.02%,154
"2026-02-09 20:45",50213,50218,50206,50209,-1.,0.00%,176
"2026-02-09 20:30",50217,50220,50192,50210,-8.,-0.02%,189
"2026-02-09 20:15",50214,50224,50205,50218,3,+0.01%,199
"2026-02-09 20:00",50222,50222,50207,50215,-7.,-0.01%,150
"2026-02-09 19:45",50222,50231,50206,50222,3,+0.01%,196
"2026-02-09 19:30",50202,50225,50192,50219,14,+0.03%,221
"2026-02-09 19:15",50208,50220,50198,50205,-1.,0.00%,265
"2026-02-09 19:00",50191,50209,50187,50206,16,+0.03%,255
"2026-02-09 18:45",50172,50199,50170,50190,17,+0.03%,175
"2026-02-09 18:30",50179,50184,50168,50173,-6.,-0.01%,181
"2026-02-09 18:15",50169,50182,50165,50179,13,+0.03%,216
"2026-02-09 18:00",50177,50189,50165,50166,-11.,-0.02%,283
"2026-02-09 17:45",50195,50195,50164,50177,-19.,-0.04%,214
"2026-02-09 17:30",50193,50206,50180,50196,3,+0.01%,218
"2026-02-09 17:15",50196,50200,50186,50193,-4.,-0.01%,190
"2026-02-09 17:00",50197,50223,50182,50197,0,0.00%,229
"2026-02-09 15:45",50206,50213,50189,50197,-8.,-0.02%,152
"2026-02-09 15:30",50194,50205,50193,50205,9,+0.02%,116
"2026-02-09 15:15",50209,50210,50185,50196,-13.,-0.03%,262
"2026-02-09 15:00",50207,50216,50191,50209,3,+0.01%,1580
"2026-02-09 14:45",50219,50261,50201,50206,-14.,-0.03%,5717
"2026-02-09 14:30",50218,50234,50179,50220,1,0.00%,2022
"2026-02-09 14:15",50252,50254,50201,50219,-33.,-0.07%,1903
"2026-02-09 14:00",50257,50283,50247,50252,-5.,-0.01%,1198
"2026-02-09 13:45",50245,50258,50232,50257,11,+0.02%,983
"2026-02-09 13:30",50249,50262,50239,50246,0,0.00%,1073
"2026-02-09 13:15",50226,50266,50216,50246,22,+0.04%,1119
"2026-02-09 13:00",50198,50233,50188,50224,25,+0.05%,1115
"2026-02-09 12:45",50218,50229,50191,50199,-18.,-0.04%,1034
"2026-02-09 12:30",50165,50227,50155,50217,53,+0.11%,1397
"2026-02-09 12:15",50185,50193,50105,50164,-22.,-0.04%,2383
"2026-02-09 12:00",50154,50189,50133,50186,36,+0.07%,1401
"2026-02-09 11:45",50175,50181,50149,50150,-23.,-0.05%,891
"2026-02-09 11:30",50188,50220,50151,50173,-15.,-0.03%,1332
"2026-02-09 11:15",50165,50193,50148,50188,20,+0.04%,1589
"2026-02-09 11:00",50211,50234,50165,50168,-45.,-0.09%,1524
"2026-02-09 10:45",50218,50225,50187,50213,-7.,-0.01%,2055
"2026-02-09 10:30",50175,50226,50154,50220,45,+0.09%,2130
"2026-02-09 10:15",50182,50189,50162,50175,-6.,-0.01%,2187
"2026-02-09 10:00",50257,50267,50180,50181,-75.,-0.15%,2257
"2026-02-09 09:45",50258,50263,50207,50256,-1.,0.00%,2689
"2026-02-09 09:30",50167,50300,50166,50257,90,+0.18%,3874
"2026-02-09 09:15",50072,50191,50069,50167,95,+0.19%,4318
"2026-02-09 09:00",50011,50091,49996,50072,59,+0.12%,4527
"2026-02-09 08:45",50019,50035,49908,50013,-7.,-0.01%,8337
"2026-02-09 08:30",50091,50150,50011,50020,-73.,-0.15%,13324
"2026-02-09 08:15",50112,50114,50063,50093,-15.,-0.03%,1901
"2026-02-09 08:00",50127,50132,50089,50108,-19.,-0.04%,822
"2026-02-09 07:45",50155,50157,50118,50127,-29.,-0.06%,610
"2026-02-09 07:30",50171,50176,50135,50156,-14.,-0.03%,678
"2026-02-09 07:15",50191,50197,50166,50170,-21.,-0.04%,530
"2026-02-09 07:00",50172,50199,50166,50191,18,+0.04%,725
"2026-02-09 06:45",50146,50173,50134,50173,27,+0.05%,433
"2026-02-09 06:30",50168,50177,50142,50146,-24.,-0.05%,412
"2026-02-09 06:15",50160,50174,50142,50170,10,+0.02%,372
"2026-02-09 06:00",50143,50173,50110,50160,19,+0.04%,730
"2026-02-09 05:45",50157,50165,50140,50141,-15.,-0.03%,327
"2026-02-09 05:30",50171,50173,50148,50156,-11.,-0.02%,190
"2026-02-09 05:15",50153,50173,50138,50167,12,+0.02%,276
"2026-02-09 05:00",50168,50176,50147,50155,-14.,-0.03%,364
"2026-02-09 04:45",50112,50173,50104,50169,55,+0.11%,652
"2026-02-09 04:30",50171,50172,50097,50114,-55.,-0.11%,1110
"2026-02-09 04:15",50202,50202,50167,50169,-35.,-0.07%,677
"2026-02-09 04:00",50231,50232,50199,50204,-24.,-0.05%,437
"2026-02-09 03:45",50258,50261,50215,50228,-31.,-0.06%,535
"2026-02-09 03:30",50277,50280,50246,50259,-17.,-0.03%,235
"2026-02-09 03:15",50263,50283,50259,50276,9,+0.02%,316
"2026-02-09 03:00",50277,50296,50261,50267,-9.,-0.02%,376
"2026-02-09 02:45",50288,50306,50273,50276,-14.,-0.03%,186
"2026-02-09 02:30",50291,50298,50264,50290,0,0.00%,330
"2026-02-09 02:15",50315,50320,50289,50290,-26.,-0.05%,486
"2026-02-09 02:00",50251,50323,50242,50316,67,+0.13%,859
"2026-02-09 01:45",50247,50266,50245,50249,4,+0.01%,284
"2026-02-09 01:30",50236,50254,50226,50245,7,+0.01%,433
"2026-02-09 01:15",50251,50258,50234,50238,-11.,-0.02%,371
"2026-02-09 01:00",50261,50264,50247,50249,-10.,-0.02%,347
"2026-02-09 00:45",50271,50278,50252,50259,-13.,-0.03%,235
"2026-02-09 00:30",50261,50288,50260,50272,12,+0.02%,165
"2026-02-09 00:15",50276,50280,50245,50260,-21.,-0.04%,401
"2026-02-09 00:00",50280,50288,50234,50281,-1.,0.00%,799
"2026-02-08 23:45",50272,50293,50267,50282,11,+0.02%,184
"2026-02-08 23:30",50282,50284,50269,50271,-7.,-0.01%,163
"2026-02-08 23:15",50277,50287,50273,50278,6,+0.01%,140
"2026-02-08 23:00",50282,50284,50266,50272,-11.,-0.02%,148
"2026-02-08 22:45",50277,50287,50271,50283,7,+0.01%,126
"2026-02-08 22:30",50272,50278,50260,50276,4,+0.01%,90
"2026-02-08 22:15",50271,50275,50265,50272,1,0.00%,100
"2026-02-08 22:00",50250,50277,50250,50271,20,+0.04%,108
"2026-02-08 21:45",50275,50278,50250,50251,-23.,-0.05%,184
"2026-02-08 21:30",50252,50277,50245,50274,20,+0.04%,252
"2026-02-08 21:15",50262,50272,50253,50254,-8.,-0.02%,296
"2026-02-08 21:00",50274,50279,50257,50262,-8.,-0.02%,122
"2026-02-08 20:45",50301,50301,50267,50270,-29.,-0.06%,203
"2026-02-08 20:30",50273,50309,50272,50299,26,+0.05%,209
"2026-02-08 20:15",50297,50297,50262,50273,-24.,-0.05%,175
"2026-02-08 20:00",50286,50321,50275,50297,10,+0.02%,285
"2026-02-08 19:45",50289,50296,50276,50287,-2.,0.00%,255
"2026-02-08 19:30",50291,50313,50280,50289,-2.,0.00%,321
"2026-02-08 19:15",50271,50310,50265,50291,24,+0.05%,563
"2026-02-08 19:00",50293,50294,50255,50267,-28.,-0.06%,702
"2026-02-08 18:45",50296,50299,50278,50295,-2.,0.00%,242
"2026-02-08 18:30",50289,50318,50272,50297,7,+0.01%,307
"2026-02-08 18:15",50299,50320,50268,50290,-7.,-0.01%,468
"2026-02-08 18:00",50300,50325,50289,50297,-7.,-0.01%,816
"2026-02-08 17:45",50319,50338,50295,50304,-13.,-0.03%,305
"2026-02-08 17:30",50302,50334,50284,50317,19,+0.04%,428
"2026-02-08 17:15",50318,50339,50293,50298,-22.,-0.04%,264
"2026-02-08 17:00",50240,50337,50240,50320,119,+0.24%,702
"2026-02-06 15:45",50188,50210,50174,50201,13,+0.03%,584
"2026-02-06 15:30",50187,50191,50179,50188,1,0.00%,376
"2026-02-06 15:15",50193,50197,50178,50187,-6.,-0.01%,442
"2026-02-06 15:00",50189,50211,50165,50193,3,+0.01%,2907
"2026-02-06 14:45",50181,50263,50172,50190,10,+0.02%,10053
"2026-02-06 14:30",50111,50183,50102,50180,68,+0.14%,2966
"2026-02-06 14:15",50088,50137,50081,50112,27,+0.05%,2313
"2026-02-06 14:00",50093,50113,50081,50085,-9.,-0.02%,1481
"2026-02-06 13:45",50064,50118,50064,50094,29,+0.06%,1876
"2026-02-06 13:30",50100,50107,50057,50065,-35.,-0.07%,1801
"2026-02-06 13:15",50071,50104,50061,50100,30,+0.06%,1667
"2026-02-06 13:00",50033,50078,50031,50070,35,+0.07%,1379
"2026-02-06 12:45",50075,50086,50026,50035,-40.,-0.08%,1658
"2026-02-06 12:30",50027,50080,50025,50075,48,+0.10%,2059
"2026-02-06 12:15",50035,50050,50001,50027,-11.,-0.02%,2076
"2026-02-06 12:00",50036,50065,50021,50038,2,0.00%,1992
"2026-02-06 11:45",49983,50069,49980,50036,53,+0.11%,2864
"2026-02-06 11:30",49965,49988,49930,49983,18,+0.04%,2044
"2026-02-06 11:15",49980,49985,49938,49965,-14.,-0.03%,2267
"2026-02-06 11:00",49949,49997,49930,49979,31,+0.06%,3159
"2026-02-06 10:45",49951,49975,49926,49948,-4.,-0.01%,2795
"2026-02-06 10:30",49858,49960,49855,49952,93,+0.19%,4071
"2026-02-06 10:15",49881,49901,49836,49859,-24.,-0.05%,3241
"2026-02-06 10:00",49814,49914,49799,49883,70,+0.14%,4102
"2026-02-06 09:45",49870,49906,49726,49813,-56.,-0.11%,5649
"2026-02-06 09:30",49799,49899,49768,49869,72,+0.14%,5387
"2026-02-06 09:15",49784,49839,49730,49797,13,+0.03%,5786
"2026-02-06 09:00",49724,49867,49703,49784,63,+0.13%,10361
"2026-02-06 08:45",49694,49743,49602,49721,26,+0.05%,9359
"2026-02-06 08:30",49321,49697,49294,49695,373,+0.76%,16983
"2026-02-06 08:15",49270,49322,49247,49322,55,+0.11%,1799
"2026-02-06 08:00",49256,49286,49247,49267,9,+0.02%,893
"2026-02-06 07:45",49236,49270,49229,49258,24,+0.05%,765
"2026-02-06 07:30",49264,49287,49201,49234,-29.,-0.06%,1505
"2026-02-06 07:15",49229,49291,49214,49263,32,+0.06%,784
"2026-02-06 07:00",49208,49234,49195,49231,26,+0.05%,778
"2026-02-06 06:45",49239,49250,49191,49205,-33.,-0.07%,484
"2026-02-06 06:30",49245,49270,49217,49238,-7.,-0.01%,567
"2026-02-06 06:15",49228,49260,49221,49245,19,+0.04%,756
"2026-02-06 06:00",49268,49295,49221,49226,-44.,-0.09%,1275
"2026-02-06 05:45",49243,49281,49231,49270,23,+0.05%,704
"2026-02-06 05:30",49202,49266,49196,49247,48,+0.10%,1082
"2026-02-06 05:15",49177,49217,49167,49199,23,+0.05%,732
"2026-02-06 05:00",49116,49176,49115,49176,61,+0.12%,631
"2026-02-06 04:45",49100,49133,49095,49115,13,+0.03%,360
"2026-02-06 04:30",49057,49103,49054,49102,45,+0.09%,327
"2026-02-06 04:15",49064,49092,49043,49057,-4.,-0.01%,450
"2026-02-06 04:00",49075,49089,49057,49061,-16.,-0.03%,421
"2026-02-06 03:45",49110,49122,49069,49077,-34.,-0.07%,856
"2026-02-06 03:30",49034,49124,49034,49111,75,+0.15%,1356
"2026-02-06 03:15",49034,49053,48993,49036,0,0.00%,1356
"2026-02-06 03:00",48996,49042,48964,49036,38,+0.08%,709
"2026-02-06 02:45",48972,49016,48941,48998,23,+0.05%,456
"2026-02-06 02:30",48955,49019,48944,48975,20,+0.04%,776
"2026-02-06 02:15",48997,49019,48952,48955,-40.,-0.08%,732
"2026-02-06 02:00",48973,49017,48915,48995,20,+0.04%,848
"2026-02-06 01:45",48951,48976,48943,48975,25,+0.05%,259
"2026-02-06 01:30",48957,48965,48947,48950,-4.,-0.01%,269
"2026-02-06 01:15",48935,48964,48922,48954,21,+0.04%,582
"2026-02-06 01:00",48950,48952,48919,48933,-18.,-0.04%,524
"2026-02-06 00:45",48959,48962,48941,48951,-8.,-0.02%,246
"2026-02-06 00:30",48962,48984,48945,48959,-5.,-0.01%,301
"2026-02-06 00:15",48956,48980,48953,48964,8,+0.02%,234
"2026-02-06 00:00",48953,48972,48950,48956,4,+0.01%,352
"2026-02-05 23:45",48930,48967,48923,48952,25,+0.05%,284
"2026-02-05 23:30",48871,48937,48871,48927,53,+0.11%,579
"2026-02-05 23:15",48864,48875,48848,48874,8,+0.02%,213
"2026-02-05 23:00",48876,48882,48841,48866,-8.,-0.02%,139
"2026-02-05 22:45",48873,48876,48849,48874,9,+0.02%,263
"2026-02-05 22:30",48900,48900,48853,48865,-37.,-0.08%,280
"2026-02-05 22:15",48917,48917,48898,48902,-7.,-0.01%,69
"2026-02-05 22:00",48930,48930,48901,48909,-26.,-0.05%,106
"2026-02-05 21:45",48893,48937,48892,48935,46,+0.09%,168
"2026-02-05 21:30",48924,48953,48880,48889,-38.,-0.08%,421
"2026-02-05 21:15",48924,48931,48895,48927,0,0.00%,284
"2026-02-05 21:00",48938,48952,48912,48927,-16.,-0.03%,385
"2026-02-05 20:45",48935,48951,48897,48943,11,+0.02%,247
"2026-02-05 20:30",48960,48966,48928,48932,-31.,-0.06%,403
"2026-02-05 20:15",48957,48964,48926,48963,6,+0.01%,428
"2026-02-05 20:00",48922,48961,48918,48957,38,+0.08%,801
"2026-02-05 19:45",48892,48922,48878,48919,28,+0.06%,769
"2026-02-05 19:30",48807,48893,48805,48891,92,+0.19%,496
"2026-02-05 19:15",48831,48840,48768,48799,-29.,-0.06%,861
"2026-02-05 19:00",48857,48881,48826,48828,-30.,-0.06%,940
"2026-02-05 18:45",48823,48859,48801,48858,34,+0.07%,788
"2026-02-05 18:30",48802,48843,48802,48824,21,+0.04%,644
"2026-02-05 18:15",48729,48818,48703,48803,72,+0.15%,1361
"2026-02-05 18:00",48802,48807,48719,48731,-72.,-0.15%,1463
"2026-02-05 17:45",48813,48822,48771,48803,-17.,-0.03%,915
"2026-02-05 17:30",48857,48863,48805,48820,-35.,-0.07%,506
"2026-02-05 17:15",48876,48881,48809,48855,-20.,-0.04%,677
"2026-02-05 17:00",48845,48902,48839,48875,-3.,-0.01%,802
"2026-02-05 15:45",48871,48901,48861,48878,7,+0.01%,1125
"2026-02-05 15:30",48894,48900,48848,48871,-23.,-0.05%,1046
"2026-02-05 15:15",48947,48954,48864,48894,-55.,-0.11%,942
"2026-02-05 15:00",48984,49020,48867,48949,-35.,-0.07%,4560
"2026-02-05 14:45",48987,49023,48932,48984,-5.,-0.01%,5995
"2026-02-05 14:30",49033,49054,48974,48989,-43.,-0.09%,2167
"2026-02-05 14:15",49151,49154,49011,49032,-120.,-0.24%,1667
"2026-02-05 14:00",49119,49190,49092,49152,35,+0.07%,1382
"2026-02-05 13:45",49109,49133,49077,49117,7,+0.01%,1236
"2026-02-05 13:30",49197,49197,49089,49110,-89.,-0.18%,1480
"2026-02-05 13:15",49178,49241,49168,49199,21,+0.04%,1508
"2026-02-05 13:00",49040,49197,49022,49178,138,+0.28%,1893
"2026-02-05 12:45",49089,49108,49005,49040,-50.,-0.10%,1325
"2026-02-05 12:30",49102,49159,49046,49090,-13.,-0.03%,1654
"2026-02-05 12:15",49194,49206,49084,49103,-93.,-0.19%,1618
"2026-02-05 12:00",49236,49275,49179,49196,-39.,-0.08%,1873
"2026-02-05 11:45",49292,49357,49223,49235,-54.,-0.11%,2363
"2026-02-05 11:30",49310,49326,49240,49289,-20.,-0.04%,2696
"2026-02-05 11:15",49184,49324,49129,49309,126,+0.26%,2981
"2026-02-05 11:00",49241,49254,49142,49183,-61.,-0.12%,2890
"2026-02-05 10:45",49114,49249,49074,49244,129,+0.26%,4002
"2026-02-05 10:30",49105,49168,49080,49115,11,+0.02%,4118
"2026-02-05 10:15",48924,49146,48922,49104,181,+0.37%,4905
"2026-02-05 10:00",49002,49023,48918,48923,-83.,-0.17%,3393
"2026-02-05 09:45",48999,49025,48925,49006,5,+0.01%,4127
"2026-02-05 09:30",48988,49044,48924,49001,14,+0.03%,5533
"2026-02-05 09:15",49080,49141,48964,48987,-94.,-0.19%,6055
"2026-02-05 09:00",49299,49355,49075,49081,-221.,-0.45%,7247
"2026-02-05 08:45",49363,49443,49267,49302,-61.,-0.12%,5247
"2026-02-05 08:30",49350,49418,49235,49363,8,+0.02%,14862
"2026-02-05 08:15",49411,49414,49328,49355,-55.,-0.11%,2841
"2026-02-05 08:00",49386,49451,49360,49410,26,+0.05%,2432
"2026-02-05 07:45",49431,49440,49383,49384,-46.,-0.09%,1716
"2026-02-05 07:30",49449,49480,49408,49430,-17.,-0.03%,1875
"2026-02-05 07:15",49438,49454,49418,49447,19,+0.04%,1066
"2026-02-05 07:00",49448,49458,49400,49428,-21.,-0.04%,1383
"2026-02-05 06:45",49461,49475,49398,49449,-12.,-0.02%,2924
"2026-02-05 06:30",49480,49496,49419,49461,-20.,-0.04%,2609
"2026-02-05 06:15",49668,49676,49476,49481,-187.,-0.38%,1859
"2026-02-05 06:00",49629,49690,49614,49668,40,+0.08%,967
"2026-02-05 05:45",49608,49643,49606,49628,23,+0.05%,496
"2026-02-05 05:30",49568,49615,49556,49605,35,+0.07%,547
"2026-02-05 05:15",49537,49577,49534,49570,40,+0.08%,372
"2026-02-05 05:00",49516,49540,49504,49530,14,+0.03%,374
"2026-02-05 04:45",49516,49542,49504,49516,-1.,0.00%,241
"2026-02-05 04:30",49564,49569,49499,49517,-48.,-0.10%,458
"2026-02-05 04:15",49553,49570,49543,49565,10,+0.02%,437
"2026-02-05 04:00",49488,49557,49468,49555,60,+0.12%,464
"2026-02-05 03:45",49477,49497,49447,49495,20,+0.04%,349
"2026-02-05 03:30",49498,49532,49470,49475,-23.,-0.05%,533
"2026-02-05 03:15",49428,49499,49411,49498,66,+0.13%,643
"2026-02-05 03:00",49450,49472,49420,49432,-16.,-0.03%,929
"2026-02-05 02:45",49513,49518,49425,49448,-68.,-0.14%,1002
"2026-02-05 02:30",49547,49569,49509,49516,-35.,-0.07%,458
"2026-02-05 02:15",49569,49588,49535,49551,-14.,-0.03%,352
"2026-02-05 02:00",49533,49578,49527,49565,31,+0.06%,737
"2026-02-05 01:45",49545,49571,49529,49534,-16.,-0.03%,285
"2026-02-05 01:30",49567,49577,49540,49550,-18.,-0.04%,257
"2026-02-05 01:15",49535,49574,49535,49568,32,+0.06%,272
"2026-02-05 01:00",49545,49552,49536,49536,-9.,-0.02%,369
"2026-02-05 00:45",49537,49552,49534,49545,12,+0.02%,170
"2026-02-05 00:30",49521,49539,49515,49533,7,+0.01%,194
"2026-02-05 00:15",49531,49545,49509,49526,-3.,-0.01%,182
"2026-02-05 00:00",49520,49536,49504,49529,12,+0.02%,184
"2026-02-04 23:45",49526,49528,49508,49517,-5.,-0.01%,137
"2026-02-04 23:30",49516,49537,49503,49522,6,+0.01%,303
"2026-02-04 23:15",49509,49520,49491,49516,5,+0.01%,277
"2026-02-04 23:00",49533,49536,49508,49511,-22.,-0.04%,197
"2026-02-04 22:45",49530,49544,49524,49533,3,+0.01%,171
"2026-02-04 22:30",49509,49533,49498,49530,26,+0.05%,352
"2026-02-04 22:15",49496,49511,49486,49504,5,+0.01%,262
"2026-02-04 22:00",49485,49510,49481,49499,23,+0.05%,247
"2026-02-04 21:45",49524,49525,49467,49476,-52.,-0.10%,364
"2026-02-04 21:30",49554,49558,49518,49528,-27.,-0.05%,280
"2026-02-04 21:15",49539,49565,49531,49555,14,+0.03%,235
"2026-02-04 21:00",49514,49550,49502,49541,29,+0.06%,480
"2026-02-04 20:45",49604,49606,49503,49512,-92.,-0.19%,678
"2026-02-04 20:30",49587,49616,49577,49604,13,+0.03%,459
"2026-02-04 20:15",49577,49594,49532,49591,16,+0.03%,998
"2026-02-04 20:00",49662,49669,49573,49575,-86.,-0.17%,688
"2026-02-04 19:45",49653,49665,49641,49661,9,+0.02%,362
"2026-02-04 19:30",49610,49656,49605,49652,44,+0.09%,213
"2026-02-04 19:15",49601,49614,49582,49608,7,+0.01%,274
"2026-02-04 19:00",49572,49604,49571,49601,30,+0.06%,353
"2026-02-04 18:45",49586,49601,49570,49571,-16.,-0.03%,223
"2026-02-04 18:30",49597,49601,49585,49587,-10.,-0.02%,206
"2026-02-04 18:15",49559,49600,49558,49597,38,+0.08%,317
"2026-02-04 18:00",49563,49565,49528,49559,-4.,-0.01%,294
"2026-02-04 17:45",49585,49604,49548,49563,-22.,-0.04%,252
"2026-02-04 17:30",49602,49622,49579,49585,-14.,-0.03%,197
"2026-02-04 17:15",49602,49626,49597,49599,-2.,0.00%,234
"2026-02-04 17:00",49524,49610,49524,49601,54,+0.11%,452
"2026-02-04 15:45",49601,49604,49545,49547,-53.,-0.11%,608
"2026-02-04 15:30",49613,49622,49541,49600,-15.,-0.03%,978
"2026-02-04 15:15",49623,49629,49590,49615,-10.,-0.02%,610
"2026-02-04 15:00",49586,49712,49567,49625,32,+0.06%,2438
"2026-02-04 14:45",49665,49714,49563,49593,-75.,-0.15%,4219
"2026-02-04 14:30",49651,49709,49645,49668,16,+0.03%,1496
"2026-02-04 14:15",49698,49701,49642,49652,-45.,-0.09%,1425
"2026-02-04 14:00",49678,49710,49638,49697,18,+0.04%,2509
"2026-02-04 13:45",49539,49690,49526,49679,139,+0.28%,5031
"2026-02-04 13:30",49450,49558,49447,49540,90,+0.18%,2331
"2026-02-04 13:15",49401,49459,49386,49450,50,+0.10%,1357
"2026-02-04 13:00",49389,49424,49316,49400,8,+0.02%,2896
"2026-02-04 12:45",49323,49460,49287,49392,70,+0.14%,2970
"2026-02-04 12:30",49372,49390,49264,49322,-50.,-0.10%,3119
"2026-02-04 12:15",49266,49392,49215,49372,107,+0.22%,2743
"2026-02-04 12:00",49384,49396,49261,49265,-122.,-0.25%,2875
"2026-02-04 11:45",49405,49423,49309,49387,-18.,-0.04%,2934
"2026-02-04 11:30",49471,49537,49360,49405,-70.,-0.14%,4430
"2026-02-04 11:15",49661,49662,49439,49475,-185.,-0.37%,4315
"2026-02-04 11:00",49642,49682,49594,49660,17,+0.03%,2633
"2026-02-04 10:45",49590,49660,49515,49643,50,+0.10%,4173
"2026-02-04 10:30",49741,49748,49585,49593,-148.,-0.30%,2774
"2026-02-04 10:15",49684,49749,49569,49741,60,+0.12%,3168
"2026-02-04 10:00",49705,49732,49606,49681,-23.,-0.05%,3851
"2026-02-04 09:45",49738,49752,49659,49704,-33.,-0.07%,2906
"2026-02-04 09:30",49716,49758,49552,49737,23,+0.05%,5503
"2026-02-04 09:15",49600,49747,49590,49714,106,+0.21%,5194
"2026-02-04 09:00",49453,49645,49360,49608,152,+0.31%,6296
"2026-02-04 08:45",49671,49731,49426,49456,-208.,-0.42%,7747
"2026-02-04 08:30",49499,49722,49492,49664,163,+0.33%,13598
"2026-02-04 08:15",49417,49504,49387,49501,85,+0.17%,2307
"2026-02-04 08:00",49429,49429,49401,49416,-14.,-0.03%,890
"2026-02-04 07:45",49495,49495,49429,49430,-64.,-0.13%,780
"2026-02-04 07:30",49486,49532,49464,49494,13,+0.03%,1387
"2026-02-04 07:15",49465,49497,49458,49481,18,+0.04%,624
"2026-02-04 07:00",49455,49463,49422,49463,6,+0.01%,581
"2026-02-04 06:45",49462,49484,49437,49457,-3.,-0.01%,358
"2026-02-04 06:30",49458,49474,49434,49460,3,+0.01%,532
"2026-02-04 06:15",49535,49537,49440,49457,-78.,-0.16%,894
"2026-02-04 06:00",49531,49557,49520,49535,7,+0.01%,619
"2026-02-04 05:45",49503,49544,49484,49528,26,+0.05%,968
"2026-02-04 05:30",49489,49511,49474,49502,13,+0.03%,413
"2026-02-04 05:15",49478,49498,49474,49489,8,+0.02%,204
"2026-02-04 05:00",49490,49498,49468,49481,-8.,-0.02%,256
"2026-02-04 04:45",49494,49499,49476,49489,-4.,-0.01%,295
"2026-02-04 04:30",49490,49519,49479,49493,6,+0.01%,381
"2026-02-04 04:15",49471,49492,49459,49487,18,+0.04%,485
"2026-02-04 04:00",49442,49487,49424,49469,25,+0.05%,557
"2026-02-04 03:45",49415,49447,49415,49444,30,+0.06%,607
"2026-02-04 03:30",49408,49433,49397,49414,4,+0.01%,644
"2026-02-04 03:15",49418,49422,49391,49410,-9.,-0.02%,650
"2026-02-04 03:00",49441,49458,49413,49419,-24.,-0.05%,545
"2026-02-04 02:45",49464,49465,49427,49443,-20.,-0.04%,356
"2026-02-04 02:30",49429,49465,49422,49463,32,+0.06%,464
"2026-02-04 02:15",49496,49507,49429,49431,-64.,-0.13%,584
"2026-02-04 02:00",49473,49496,49440,49495,22,+0.04%,708
"2026-02-04 01:45",49475,49485,49465,49473,-2.,0.00%,186
"2026-02-04 01:30",49473,49476,49459,49475,-1.,0.00%,327
"2026-02-04 01:15",49478,49481,49468,49476,-4.,-0.01%,213
"2026-02-04 01:00",49465,49486,49460,49480,14,+0.03%,359
"2026-02-04 00:45",49460,49484,49459,49466,5,+0.01%,282
"2026-02-04 00:30",49427,49461,49423,49461,32,+0.06%,309
"2026-02-04 00:15",49438,49439,49410,49429,-7.,-0.01%,284
"2026-02-04 00:00",49419,49445,49412,49436,18,+0.04%,183
"2026-02-03 23:45",49403,49421,49402,49418,16,+0.03%,120
"2026-02-03 23:30",49406,49406,49389,49402,-4.,-0.01%,104
"2026-02-03 23:15",49399,49408,49399,49406,6,+0.01%,39
"2026-02-03 23:00",49403,49411,49398,49400,-4.,-0.01%,56
"2026-02-03 22:45",49412,49413,49399,49404,-8.,-0.02%,42
"2026-02-03 22:30",49402,49415,49402,49412,10,+0.02%,93
"2026-02-03 22:15",49411,49411,49397,49402,-12.,-0.02%,73
"2026-02-03 22:00",49409,49419,49404,49414,5,+0.01%,80
"2026-02-03 21:45",49407,49410,49390,49409,1,0.00%,151
"2026-02-03 21:30",49400,49426,49400,49408,11,+0.02%,157
"2026-02-03 21:15",49400,49410,49380,49397,-5.,-0.01%,243
"2026-02-03 21:00",49392,49410,49381,49402,9,+0.02%,101
"2026-02-03 20:45",49390,49398,49376,49393,0,0.00%,88
"2026-02-03 20:30",49380,49393,49371,49393,10,+0.02%,180
"2026-02-03 20:15",49395,49404,49369,49383,-12.,-0.02%,189
"2026-02-03 20:00",49368,49405,49368,49395,25,+0.05%,370
"2026-02-03 19:45",49367,49378,49361,49370,3,+0.01%,169
"2026-02-03 19:30",49384,49389,49356,49367,-19.,-0.04%,242
"2026-02-03 19:15",49395,49398,49378,49386,-8.,-0.02%,246
"2026-02-03 19:00",49366,49397,49365,49394,30,+0.06%,397
"2026-02-03 18:45",49377,49384,49363,49364,-12.,-0.02%,227
"2026-02-03 18:30",49376,49391,49371,49376,6,+0.01%,168
"2026-02-03 18:15",49370,49393,49364,49370,2,0.00%,214
"2026-02-03 18:00",49401,49404,49365,49368,-27.,-0.05%,247
"2026-02-03 17:45",49380,49401,49368,49395,14,+0.03%,152
"2026-02-03 17:30",49370,49381,49359,49381,15,+0.03%,130
"2026-02-03 17:15",49397,49412,49361,49366,-31.,-0.06%,230
"2026-02-03 17:00",49379,49398,49367,49397,31,+0.06%,534
"2026-02-03 15:45",49374,49377,49338,49366,-9.,-0.02%,440
"2026-02-03 15:30",49370,49388,49355,49375,4,+0.01%,743
"2026-02-03 15:15",49381,49397,49351,49371,-7.,-0.01%,1613
"2026-02-03 15:00",49341,49417,49293,49378,36,+0.07%,5758
"2026-02-03 14:45",49305,49388,49291,49342,38,+0.08%,6330
"2026-02-03 14:30",49249,49357,49246,49304,55,+0.11%,3510
"2026-02-03 14:15",49209,49255,49186,49249,42,+0.09%,2823
"2026-02-03 14:00",49153,49210,49132,49207,49,+0.10%,2396
"2026-02-03 13:45",49132,49169,49067,49158,26,+0.05%,3444
"2026-02-03 13:30",49069,49149,49041,49132,65,+0.13%,3535
"2026-02-03 13:15",49067,49131,49038,49067,2,0.00%,4558
"2026-02-03 13:00",48987,49072,48934,49065,77,+0.16%,4710
"2026-02-03 12:45",49049,49070,48982,48988,-64.,-0.13%,2743
"2026-02-03 12:30",49053,49092,49044,49052,-3.,-0.01%,3521
"2026-02-03 12:15",49089,49128,49050,49055,-36.,-0.07%,3753
"2026-02-03 12:00",49122,49199,49061,49091,-34.,-0.07%,5280
"2026-02-03 11:45",49185,49236,49121,49125,-63.,-0.13%,4087
"2026-02-03 11:30",49285,49288,49180,49188,-96.,-0.19%,4201
"2026-02-03 11:15",49312,49373,49284,49284,-33.,-0.07%,2890
"2026-02-03 11:00",49410,49429,49273,49317,-94.,-0.19%,4724
"2026-02-03 10:45",49424,49440,49375,49411,-15.,-0.03%,2918
"2026-02-03 10:30",49476,49495,49392,49426,-47.,-0.10%,3743
"2026-02-03 10:15",49546,49570,49470,49473,-73.,-0.15%,2934
"2026-02-03 10:00",49562,49590,49544,49546,-16.,-0.03%,2336
"2026-02-03 09:45",49496,49609,49469,49562,68,+0.14%,4327
"2026-02-03 09:30",49592,49627,49494,49494,-97.,-0.20%,4056
"2026-02-03 09:15",49538,49657,49531,49591,51,+0.10%,5790
"2026-02-03 09:00",49542,49595,49496,49540,2,0.00%,6413
"2026-02-03 08:45",49696,49737,49525,49538,-158.,-0.32%,7270
"2026-02-03 08:30",49425,49767,49420,49696,271,+0.55%,18663
"2026-02-03 08:15",49463,49465,49401,49425,-39.,-0.08%,2618
"2026-02-03 08:00",49503,49505,49456,49464,-39.,-0.08%,938
"2026-02-03 07:45",49497,49512,49490,49503,3,+0.01%,394
"2026-02-03 07:30",49529,49538,49497,49500,-29.,-0.06%,574
"2026-02-03 07:15",49505,49529,49498,49529,23,+0.05%,517
"2026-02-03 07:00",49538,49538,49506,49506,-34.,-0.07%,680
"2026-02-03 06:45",49547,49556,49536,49540,-9.,-0.02%,321
"2026-02-03 06:30",49530,49550,49528,49549,19,+0.04%,262
"2026-02-03 06:15",49507,49530,49495,49530,23,+0.05%,351
"2026-02-03 06:00",49487,49508,49475,49507,20,+0.04%,358
"2026-02-03 05:45",49484,49490,49460,49487,5,+0.01%,321
"2026-02-03 05:30",49483,49484,49453,49482,-3.,-0.01%,830
"2026-02-03 05:15",49486,49495,49470,49485,-2.,0.00%,144
"2026-02-03 05:00",49495,49497,49468,49487,-7.,-0.01%,335
"2026-02-03 04:45",49500,49502,49489,49494,-6.,-0.01%,122
"2026-02-03 04:30",49516,49519,49496,49500,-19.,-0.04%,233
"2026-02-03 04:15",49520,49526,49511,49519,-4.,-0.01%,138
"2026-02-03 04:00",49504,49531,49504,49523,20,+0.04%,210
"2026-02-03 03:45",49510,49510,49487,49503,-2.,0.00%,243
"2026-02-03 03:30",49529,49533,49497,49505,-25.,-0.05%,429
"2026-02-03 03:15",49548,49552,49530,49530,-18.,-0.04%,240
"2026-02-03 03:00",49545,49555,49536,49548,2,0.00%,237
"2026-02-03 02:45",49557,49561,49536,49546,-15.,-0.03%,261
"2026-02-03 02:30",49568,49571,49544,49561,-7.,-0.01%,205
"2026-02-03 02:15",49587,49595,49568,49568,-18.,-0.04%,334
"2026-02-03 02:00",49559,49591,49540,49586,24,+0.05%,606
"2026-02-03 01:45",49563,49571,49556,49562,-2.,0.00%,240
"2026-02-03 01:30",49556,49566,49549,49564,9,+0.02%,157
"2026-02-03 01:15",49568,49572,49550,49555,-12.,-0.02%,156
"2026-02-03 01:00",49557,49574,49551,49567,9,+0.02%,284
"2026-02-03 00:45",49569,49569,49554,49558,-10.,-0.02%,73
"2026-02-03 00:30",49560,49578,49556,49568,7,+0.01%,233
"2026-02-03 00:15",49573,49580,49561,49561,-13.,-0.03%,155
"2026-02-03 00:00",49556,49578,49547,49574,19,+0.04%,196
"2026-02-02 23:45",49545,49562,49545,49555,8,+0.02%,123
"2026-02-02 23:30",49542,49555,49537,49547,6,+0.01%,104
"2026-02-02 23:15",49533,49547,49529,49541,8,+0.02%,79
"2026-02-02 23:00",49566,49566,49531,49533,-34.,-0.07%,197
"2026-02-02 22:45",49556,49568,49556,49567,9,+0.02%,108
"2026-02-02 22:30",49544,49560,49544,49558,14,+0.03%,117
"2026-02-02 22:15",49549,49549,49538,49544,-4.,-0.01%,39
"2026-02-02 22:00",49544,49561,49543,49548,4,+0.01%,136
"2026-02-02 21:45",49550,49550,49539,49544,-7.,-0.01%,125
"2026-02-02 21:30",49544,49554,49539,49551,4,+0.01%,101
"2026-02-02 21:15",49533,49553,49530,49547,13,+0.03%,98
"2026-02-02 21:00",49525,49550,49522,49534,7,+0.01%,161
"2026-02-02 20:45",49517,49535,49514,49527,8,+0.02%,183
"2026-02-02 20:30",49517,49524,49513,49519,1,0.00%,146
"2026-02-02 20:15",49524,49539,49516,49518,-7.,-0.01%,135
"2026-02-02 20:00",49533,49534,49517,49525,-11.,-0.02%,212
"2026-02-02 19:45",49540,49540,49521,49536,-4.,-0.01%,180
"2026-02-02 19:30",49542,49542,49524,49540,-3.,-0.01%,183
"2026-02-02 19:15",49551,49556,49538,49543,-10.,-0.02%,298
"2026-02-02 19:00",49561,49562,49538,49553,-5.,-0.01%,296
"2026-02-02 18:45",49554,49561,49546,49558,5,+0.01%,253
"2026-02-02 18:30",49555,49564,49544,49553,-2.,0.00%,220
"2026-02-02 18:15",49530,49567,49528,49555,26,+0.05%,347
"2026-02-02 18:00",49531,49535,49504,49529,-2.,0.00%,383
"2026-02-02 17:45",49550,49553,49529,49531,-24.,-0.05%,199
"2026-02-02 17:30",49542,49574,49538,49555,14,+0.03%,214
"2026-02-02 17:15",49535,49548,49525,49541,9,+0.02%,178
"2026-02-02 17:00",49481,49562,49474,49532,46,+0.09%,419
"2026-02-02 15:45",49495,49508,49481,49486,-8.,-0.02%,364
"2026-02-02 15:30",49518,49522,49493,49494,-25.,-0.05%,338
"2026-02-02 15:15",49527,49539,49518,49519,-8.,-0.02%,407
"2026-02-02 15:00",49524,49540,49498,49527,2,0.00%,2216
"2026-02-02 14:45",49503,49562,49498,49525,22,+0.04%,5505
"2026-02-02 14:30",49530,49549,49500,49503,-27.,-0.05%,1637
"2026-02-02 14:15",49529,49547,49489,49530,0,0.00%,2090
"2026-02-02 14:00",49535,49602,49497,49530,-4.,-0.01%,2469
"2026-02-02 13:45",49561,49594,49516,49534,-26.,-0.05%,2424
"2026-02-02 13:30",49544,49562,49505,49560,15,+0.03%,1586
"2026-02-02 13:15",49537,49548,49524,49545,7,+0.01%,1014
"2026-02-02 13:00",49509,49555,49497,49538,28,+0.06%,1303
"2026-02-02 12:45",49505,49541,49504,49510,5,+0.01%,1151
"2026-02-02 12:30",49456,49506,49451,49505,48,+0.10%,1283
"2026-02-02 12:15",49490,49493,49439,49457,-35.,-0.07%,1277
"2026-02-02 12:00",49512,49534,49488,49492,-17.,-0.03%,1221
"2026-02-02 11:45",49501,49534,49496,49509,6,+0.01%,1411
"2026-02-02 11:30",49494,49511,49471,49503,13,+0.03%,1489
"2026-02-02 11:15",49501,49514,49473,49490,-12.,-0.02%,1471
"2026-02-02 11:00",49458,49519,49454,49502,42,+0.08%,2288
"2026-02-02 10:45",49445,49466,49397,49460,14,+0.03%,1463
"2026-02-02 10:30",49459,49462,49413,49446,-13.,-0.03%,1645
"2026-02-02 10:15",49473,49499,49433,49459,-15.,-0.03%,2463
"2026-02-02 10:00",49436,49484,49391,49474,37,+0.07%,2931
"2026-02-02 09:45",49391,49455,49356,49437,42,+0.09%,3100
"2026-02-02 09:30",49329,49424,49320,49395,64,+0.13%,3098
"2026-02-02 09:15",49311,49370,49287,49331,21,+0.04%,4449
"2026-02-02 09:00",49186,49322,49136,49310,96,+0.20%,5728
"2026-02-02 08:45",49248,49318,49143,49214,-31.,-0.06%,7182
"2026-02-02 08:30",49001,49247,48813,49245,243,+0.50%,16872
"2026-02-02 08:15",49031,49038,48987,49002,-30.,-0.06%,1656
"2026-02-02 08:00",49017,49038,49006,49032,16,+0.03%,1028
"2026-02-02 07:45",48995,49034,48993,49016,22,+0.04%,795
"2026-02-02 07:30",48958,48994,48952,48994,35,+0.07%,533
"2026-02-02 07:15",48968,48979,48943,48959,-6.,-0.01%,506
"2026-02-02 07:00",48958,48965,48907,48965,4,+0.01%,568
"2026-02-02 06:45",48981,48991,48955,48961,-20.,-0.04%,347
"2026-02-02 06:30",48960,48983,48959,48981,23,+0.05%,448
"2026-02-02 06:15",48964,48991,48948,48958,-11.,-0.02%,554
"2026-02-02 06:00",48967,48991,48953,48969,-2.,0.00%,481
"2026-02-02 05:45",48966,48996,48964,48971,6,+0.01%,457
"2026-02-02 05:30",48973,48988,48937,48965,-9.,-0.02%,910
"2026-02-02 05:15",48938,48975,48921,48974,37,+0.08%,490
"2026-02-02 05:00",48873,48938,48872,48937,66,+0.14%,471
"2026-02-02 04:45",48871,48878,48856,48871,0,0.00%,264
"2026-02-02 04:30",48892,48909,48859,48871,-20.,-0.04%,459
"2026-02-02 04:15",48890,48900,48868,48891,7,+0.01%,402
"2026-02-02 04:00",48868,48895,48865,48884,17,+0.03%,521
"2026-02-02 03:45",48856,48881,48854,48867,14,+0.03%,351
"2026-02-02 03:30",48850,48879,48834,48853,1,0.00%,547
"2026-02-02 03:15",48803,48882,48786,48852,50,+0.10%,825
"2026-02-02 03:00",48813,48817,48779,48802,-13.,-0.03%,931
"2026-02-02 02:45",48771,48821,48769,48815,44,+0.09%,601
"2026-02-02 02:30",48700,48785,48698,48771,74,+0.15%,847
"2026-02-02 02:15",48685,48735,48676,48697,13,+0.03%,874
"2026-02-02 02:00",48642,48698,48636,48684,44,+0.09%,885
"2026-02-02 01:45",48621,48647,48604,48640,21,+0.04%,556
"2026-02-02 01:30",48606,48642,48602,48619,15,+0.03%,525
"2026-02-02 01:15",48549,48606,48538,48604,54,+0.11%,599
"2026-02-02 01:00",48554,48594,48528,48550,-5.,-0.01%,1226
"2026-02-02 00:45",48555,48569,48519,48555,0,0.00%,594
"2026-02-02 00:30",48568,48577,48506,48555,-17.,-0.03%,587
"2026-02-02 00:15",48597,48613,48540,48572,-26.,-0.05%,695
"2026-02-02 00:00",48622,48639,48595,48598,-24.,-0.05%,387
"2026-02-01 23:45",48624,48647,48605,48622,0,0.00%,426
"2026-02-01 23:30",48625,48636,48599,48622,1,0.00%,434
"2026-02-01 23:15",48652,48658,48620,48621,-30.,-0.06%,256
"2026-02-01 23:00",48648,48664,48638,48651,4,+0.01%,398
"2026-02-01 22:45",48658,48663,48635,48647,-9.,-0.02%,227
"2026-02-01 22:30",48623,48666,48622,48656,32,+0.07%,441
"2026-02-01 22:15",48582,48648,48575,48624,41,+0.08%,661
"2026-02-01 22:00",48642,48647,48555,48583,-61.,-0.13%,1039
"2026-02-01 21:45",48673,48691,48629,48644,-31.,-0.06%,583
"2026-02-01 21:30",48732,48739,48664,48675,-55.,-0.11%,758
"2026-02-01 21:15",48750,48765,48718,48730,-20.,-0.04%,377
"2026-02-01 21:00",48768,48792,48724,48750,-20.,-0.04%,539
"2026-02-01 20:45",48819,48820,48761,48770,-49.,-0.10%,568
"2026-02-01 20:30",48822,48833,48785,48819,5,+0.01%,236
"2026-02-01 20:15",48829,48851,48797,48814,-23.,-0.05%,464
"2026-02-01 20:00",48823,48849,48796,48837,13,+0.03%,685
"2026-02-01 19:45",48902,48909,48816,48824,-81.,-0.17%,768
"2026-02-01 19:30",48944,48951,48891,48905,-40.,-0.08%,787
"2026-02-01 19:15",48942,48961,48920,48945,2,0.00%,792
"2026-02-01 19:00",48998,49032,48920,48943,-54.,-0.11%,1131
"2026-02-01 18:45",49017,49022,48996,48997,-14.,-0.03%,166
"2026-02-01 18:30",48988,49040,48972,49011,24,+0.05%,480
"2026-02-01 18:15",48962,49008,48962,48987,24,+0.05%,491
"2026-02-01 18:00",48974,48987,48919,48963,-9.,-0.02%,716
"2026-02-01 17:45",48955,48993,48954,48972,18,+0.04%,421
"2026-02-01 17:30",48900,48966,48888,48954,56,+0.11%,653
"2026-02-01 17:15",48888,48904,48848,48898,20,+0.04%,378
"2026-02-01 17:00",48864,48920,48759,48878,-102.,-0.21%,986
"2026-01-30 15:45",48957,48994,48956,48980,24,+0.05%,328
"2026-01-30 15:30",48998,49000,48951,48956,-43.,-0.09%,717
"2026-01-30 15:15",48995,49030,48991,48999,2,0.00%,773
"2026-01-30 15:00",49026,49054,48970,48997,-29.,-0.06%,2102
"2026-01-30 14:45",49001,49090,48975,49026,24,+0.05%,7805
"2026-01-30 14:30",48950,49012,48942,49002,55,+0.11%,2264
"2026-01-30 14:15",48919,48975,48891,48947,26,+0.05%,2184
"2026-01-30 14:00",48905,48963,48897,48921,17,+0.03%,2188
"2026-01-30 13:45",48946,49018,48899,48904,-41.,-0.08%,2179
"2026-01-30 13:30",48913,48979,48863,48945,32,+0.07%,3386
"2026-01-30 13:15",48959,49025,48910,48913,-48.,-0.10%,2640
"2026-01-30 13:00",48898,49000,48896,48961,63,+0.13%,3565
"2026-01-30 12:45",48712,48946,48711,48898,184,+0.38%,4384
"2026-01-30 12:30",48734,48746,48623,48714,-17.,-0.03%,2926
"2026-01-30 12:15",48691,48739,48571,48731,35,+0.07%,4139
"2026-01-30 12:00",48682,48781,48671,48696,13,+0.03%,1865
"2026-01-30 11:45",48757,48789,48680,48683,-73.,-0.15%,1753
"2026-01-30 11:30",48770,48815,48682,48756,-19.,-0.04%,2419
"2026-01-30 11:15",48643,48788,48630,48775,132,+0.27%,2620
"2026-01-30 11:00",48773,48788,48629,48643,-133.,-0.27%,3584
"2026-01-30 10:45",48788,48806,48743,48776,-12.,-0.02%,2040
"2026-01-30 10:30",48740,48822,48720,48788,48,+0.10%,3120
"2026-01-30 10:15",48835,48836,48703,48740,-96.,-0.20%,4775
"2026-01-30 10:00",48924,48931,48813,48836,-87.,-0.18%,3759
"2026-01-30 09:45",49066,49085,48920,48923,-144.,-0.29%,3482
"2026-01-30 09:30",48968,49078,48939,49067,98,+0.20%,4431
"2026-01-30 09:15",49081,49098,48948,48969,-113.,-0.23%,3721
"2026-01-30 09:00",48984,49105,48975,49082,95,+0.19%,5349
"2026-01-30 08:45",49053,49072,48948,48987,-66.,-0.13%,6489
"2026-01-30 08:30",49032,49169,49008,49053,21,+0.04%,13418
"2026-01-30 08:15",48968,49044,48959,49032,62,+0.13%,2520
"2026-01-30 08:00",48901,48974,48895,48970,66,+0.13%,862
"2026-01-30 07:45",48936,48947,48895,48904,-31.,-0.06%,817
"2026-01-30 07:30",48959,48962,48858,48935,-24.,-0.05%,1569
"2026-01-30 07:15",48999,49006,48935,48959,-41.,-0.08%,754
"2026-01-30 07:00",48966,49014,48946,49000,34,+0.07%,733
"2026-01-30 06:45",48957,48983,48937,48966,7,+0.01%,710
"2026-01-30 06:30",48984,49002,48957,48959,-25.,-0.05%,495
"2026-01-30 06:15",49024,49035,48978,48984,-40.,-0.08%,879
"2026-01-30 06:00",49037,49081,49018,49024,-14.,-0.03%,1411
"2026-01-30 05:45",48975,49047,48929,49038,64,+0.13%,1157
"2026-01-30 05:30",48912,48985,48911,48974,62,+0.13%,776
"2026-01-30 05:15",48860,48916,48857,48912,52,+0.11%,639
"2026-01-30 05:00",48818,48869,48812,48860,44,+0.09%,458
"2026-01-30 04:45",48822,48838,48802,48816,-4.,-0.01%,367
"2026-01-30 04:30",48790,48836,48790,48820,27,+0.06%,481
"2026-01-30 04:15",48777,48798,48771,48793,15,+0.03%,435
"2026-01-30 04:00",48749,48784,48744,48778,27,+0.06%,444
"2026-01-30 03:45",48760,48770,48696,48751,-13.,-0.03%,1195
"2026-01-30 03:30",48806,48811,48750,48764,-40.,-0.08%,675
"2026-01-30 03:15",48807,48823,48785,48804,-3.,-0.01%,615
"2026-01-30 03:00",48824,48863,48801,48807,-16.,-0.03%,681
"2026-01-30 02:45",48793,48851,48777,48823,31,+0.06%,457
"2026-01-30 02:30",48808,48809,48753,48792,-16.,-0.03%,562
"2026-01-30 02:15",48802,48834,48779,48808,6,+0.01%,613
"2026-01-30 02:00",48772,48811,48747,48802,31,+0.06%,1185
"2026-01-30 01:45",48810,48822,48764,48771,-39.,-0.08%,492
"2026-01-30 01:30",48822,48837,48784,48810,-12.,-0.02%,563
"2026-01-30 01:15",48843,48844,48814,48822,-18.,-0.04%,605
"2026-01-30 01:00",48785,48857,48784,48840,53,+0.11%,710
"2026-01-30 00:45",48852,48863,48778,48787,-66.,-0.14%,733
"2026-01-30 00:30",48854,48876,48833,48853,0,0.00%,297
"2026-01-30 00:15",48912,48912,48831,48853,-57.,-0.12%,532
"2026-01-30 00:00",48937,48944,48904,48910,-28.,-0.06%,239
"2026-01-29 23:45",48955,48963,48938,48938,-14.,-0.03%,177
"2026-01-29 23:30",48977,48979,48950,48952,-25.,-0.05%,231
"2026-01-29 23:15",48976,48983,48962,48977,-1.,0.00%,158
"2026-01-29 23:00",48980,48997,48967,48978,4,+0.01%,138
"2026-01-29 22:45",48985,48993,48968,48974,-7.,-0.01%,194
"2026-01-29 22:30",48991,49003,48981,48981,-12.,-0.02%,125
"2026-01-29 22:15",49000,49003,48974,48993,-2.,0.00%,138
"2026-01-29 22:00",48976,48999,48972,48995,16,+0.03%,147
"2026-01-29 21:45",48987,49004,48977,48979,-8.,-0.02%,185
"2026-01-29 21:30",48969,49000,48966,48987,19,+0.04%,291
"2026-01-29 21:15",48976,48985,48956,48968,-8.,-0.02%,255
"2026-01-29 21:00",48945,48986,48942,48976,36,+0.07%,433
"2026-01-29 20:45",48905,48944,48900,48940,37,+0.08%,271
"2026-01-29 20:30",48921,48944,48901,48903,-19.,-0.04%,394
"2026-01-29 20:15",48945,48963,48896,48922,-20.,-0.04%,940
"2026-01-29 20:00",48963,48970,48939,48942,-18.,-0.04%,478
"2026-01-29 19:45",48944,48978,48930,48960,16,+0.03%,422
"2026-01-29 19:30",48999,49006,48916,48944,-55.,-0.11%,501
"2026-01-29 19:15",49021,49025,48991,48999,-26.,-0.05%,274
"2026-01-29 19:00",49045,49055,49018,49025,-20.,-0.04%,490
"2026-01-29 18:45",49051,49063,49035,49045,-3.,-0.01%,187
"2026-01-29 18:30",49064,49133,49045,49048,-15.,-0.03%,973
"2026-01-29 18:15",49080,49094,49044,49063,-19.,-0.04%,531
"2026-01-29 18:00",49094,49101,49071,49082,-13.,-0.03%,315
"2026-01-29 17:45",49111,49115,49084,49095,-16.,-0.03%,213
"2026-01-29 17:30",49060,49117,49060,49111,50,+0.10%,347
"2026-01-29 17:15",49035,49084,48973,49061,28,+0.06%,762
"2026-01-29 17:00",49123,49127,49030,49033,-74.,-0.15%,543
"2026-01-29 15:45",49117,49127,49100,49107,-10.,-0.02%,428
"2026-01-29 15:30",49132,49171,49108,49117,-12.,-0.02%,1245
"2026-01-29 15:15",49131,49135,49115,49129,0,0.00%,510
"2026-01-29 15:00",49157,49191,49114,49129,-29.,-0.06%,2360
"2026-01-29 14:45",49112,49203,49096,49158,45,+0.09%,6945
"2026-01-29 14:30",49066,49131,49064,49113,48,+0.10%,1783
"2026-01-29 14:15",49080,49099,49060,49065,-17.,-0.03%,1622
"2026-01-29 14:00",49042,49124,49040,49082,41,+0.08%,1457
"2026-01-29 13:45",49117,49130,49034,49041,-79.,-0.16%,1465
"2026-01-29 13:30",49133,49156,49064,49120,-13.,-0.03%,2263
"2026-01-29 13:15",49074,49139,49066,49133,58,+0.12%,1703
"2026-01-29 13:00",48992,49100,48970,49075,80,+0.16%,1895
"2026-01-29 12:45",49050,49069,48995,48995,-53.,-0.11%,1329
"2026-01-29 12:30",49051,49090,48985,49048,-7.,-0.01%,1804
"2026-01-29 12:15",49056,49077,49011,49055,-5.,-0.01%,1616
"2026-01-29 12:00",48933,49097,48908,49060,124,+0.25%,2869
"2026-01-29 11:45",49087,49094,48931,48936,-150.,-0.31%,2929
"2026-01-29 11:30",49142,49172,49052,49086,-59.,-0.12%,2430
"2026-01-29 11:15",49135,49204,49118,49145,10,+0.02%,2811
"2026-01-29 11:00",49041,49156,49030,49135,94,+0.19%,3047
"2026-01-29 10:45",49020,49076,48988,49041,22,+0.04%,2455
"2026-01-29 10:30",48968,49065,48965,49019,50,+0.10%,3130
"2026-01-29 10:15",48937,49039,48912,48969,31,+0.06%,5356
"2026-01-29 10:00",48860,48943,48724,48938,80,+0.16%,5720
"2026-01-29 09:45",48844,48942,48798,48858,13,+0.03%,5515
"2026-01-29 09:30",48957,48983,48825,48845,-113.,-0.23%,7157
"2026-01-29 09:15",49057,49118,48951,48958,-98.,-0.20%,5603
"2026-01-29 09:00",49108,49140,49017,49056,-43.,-0.09%,7726
"2026-01-29 08:45",49255,49256,49086,49099,-159.,-0.32%,9157
"2026-01-29 08:30",49153,49442,49132,49258,106,+0.22%,17327
"2026-01-29 08:15",49135,49153,49090,49152,15,+0.03%,1920
"2026-01-29 08:00",49178,49181,49113,49137,-38.,-0.08%,1433
"2026-01-29 07:45",49205,49216,49165,49175,-30.,-0.06%,593
"2026-01-29 07:30",49191,49213,49175,49205,8,+0.02%,504
"2026-01-29 07:15",49203,49206,49167,49197,-7.,-0.01%,534
"2026-01-29 07:00",49198,49219,49180,49204,7,+0.01%,653
"2026-01-29 06:45",49190,49207,49166,49197,6,+0.01%,488
"2026-01-29 06:30",49239,49246,49174,49191,-46.,-0.09%,725
"2026-01-29 06:15",49216,49241,49213,49237,24,+0.05%,544
"2026-01-29 06:00",49222,49222,49159,49213,-10.,-0.02%,2041
"2026-01-29 05:45",49349,49354,49184,49223,-129.,-0.26%,3028
"2026-01-29 05:30",49170,49429,49170,49352,183,+0.37%,6856
"2026-01-29 05:15",49171,49207,49162,49169,-1.,0.00%,768
"2026-01-29 05:00",49160,49180,49129,49170,10,+0.02%,945
"2026-01-29 04:45",49207,49207,49150,49160,-47.,-0.10%,416
"2026-01-29 04:30",49216,49220,49205,49207,-9.,-0.02%,228
"2026-01-29 04:15",49206,49228,49200,49216,9,+0.02%,265
"2026-01-29 04:00",49202,49225,49201,49207,4,+0.01%,459
"2026-01-29 03:45",49265,49273,49200,49203,-65.,-0.13%,531
"2026-01-29 03:30",49228,49275,49228,49268,43,+0.09%,607
"2026-01-29 03:15",49233,49254,49224,49225,-6.,-0.01%,310
"2026-01-29 03:00",49212,49246,49212,49231,20,+0.04%,371
"2026-01-29 02:45",49221,49228,49197,49211,-10.,-0.02%,354
"2026-01-29 02:30",49216,49222,49200,49221,6,+0.01%,280
"2026-01-29 02:15",49219,49224,49196,49215,-3.,-0.01%,534
"2026-01-29 02:00",49204,49227,49160,49218,11,+0.02%,863
"2026-01-29 01:45",49208,49218,49199,49207,1,0.00%,344
"2026-01-29 01:30",49169,49210,49166,49206,37,+0.08%,346
"2026-01-29 01:15",49158,49169,49146,49169,10,+0.02%,214
"2026-01-29 01:00",49155,49167,49151,49159,5,+0.01%,166
"2026-01-29 00:45",49160,49163,49142,49154,-5.,-0.01%,130
"2026-01-29 00:30",49162,49170,49156,49159,-4.,-0.01%,131
"2026-01-29 00:15",49174,49178,49153,49163,-9.,-0.02%,158
"2026-01-29 00:00",49144,49173,49142,49172,29,+0.06%,125
"2026-01-28 23:45",49149,49151,49133,49143,-5.,-0.01%,142
"2026-01-28 23:30",49133,49149,49127,49148,17,+0.03%,144
"2026-01-28 23:15",49118,49133,49117,49131,17,+0.03%,120
"2026-01-28 23:00",49122,49130,49111,49114,-8.,-0.02%,136
"2026-01-28 22:45",49109,49126,49108,49122,14,+0.03%,128
"2026-01-28 22:30",49103,49118,49103,49108,10,+0.02%,88
"2026-01-28 22:15",49091,49113,49091,49098,8,+0.02%,116
"2026-01-28 22:00",49100,49100,49089,49090,-10.,-0.02%,62
"2026-01-28 21:45",49107,49108,49090,49100,-7.,-0.01%,88
"2026-01-28 21:30",49089,49108,49085,49107,18,+0.04%,112
"2026-01-28 21:15",49085,49098,49085,49089,6,+0.01%,126
"2026-01-28 21:00",49073,49085,49071,49083,9,+0.02%,167
"2026-01-28 20:45",49073,49091,49062,49074,0,0.00%,283
"2026-01-28 20:30",49084,49086,49073,49074,-11.,-0.02%,181
"2026-01-28 20:15",49041,49089,49040,49085,45,+0.09%,360
"2026-01-28 20:00",49024,49044,49019,49040,15,+0.03%,218
"2026-01-28 19:45",49011,49028,49006,49025,13,+0.03%,149
"2026-01-28 19:30",49023,49034,49008,49012,-12.,-0.02%,224
"2026-01-28 19:15",49032,49035,49000,49024,-7.,-0.01%,332
"2026-01-28 19:00",49045,49046,49014,49031,-12.,-0.02%,334
"2026-01-28 18:45",49025,49043,49009,49043,18,+0.04%,256
"2026-01-28 18:30",49039,49042,49013,49025,-13.,-0.03%,246
"2026-01-28 18:15",49009,49044,48995,49038,25,+0.05%,294
"2026-01-28 18:00",49020,49033,48981,49013,-7.,-0.01%,832
"2026-01-28 17:45",49045,49090,49015,49020,-22.,-0.04%,616
"2026-01-28 17:30",49053,49062,49033,49042,-12.,-0.02%,384
"2026-01-28 17:15",49017,49090,49017,49054,37,+0.08%,442
"2026-01-28 17:00",49134,49150,49013,49017,-108.,-0.22%,680
"2026-01-28 15:45",49108,49140,49099,49125,18,+0.04%,521
"2026-01-28 15:30",49200,49204,49098,49107,-93.,-0.19%,958
"2026-01-28 15:15",49170,49220,49155,49200,29,+0.06%,1519
"2026-01-28 15:00",49166,49188,48990,49171,5,+0.01%,6844
"2026-01-28 14:45",49095,49193,49075,49166,72,+0.15%,4505
"2026-01-28 14:30",49123,49136,49093,49094,-30.,-0.06%,1292
"2026-01-28 14:15",49140,49205,49122,49124,-21.,-0.04%,1279
"2026-01-28 14:00",49087,49187,49080,49145,58,+0.12%,1475
"2026-01-28 13:45",49122,49185,49087,49087,-34.,-0.07%,2317
"2026-01-28 13:30",49066,49277,49039,49121,52,+0.11%,7645
"2026-01-28 13:15",49133,49163,49063,49069,-67.,-0.14%,1408
"2026-01-28 13:00",49110,49183,49055,49136,19,+0.04%,1853
"2026-01-28 12:45",49161,49161,49087,49117,-44.,-0.09%,947
"2026-01-28 12:30",49171,49180,49150,49161,-8.,-0.02%,510
"2026-01-28 12:15",49149,49184,49144,49169,21,+0.04%,609
"2026-01-28 12:00",49143,49165,49132,49148,5,+0.01%,660
"2026-01-28 11:45",49136,49194,49129,49143,7,+0.01%,953
"2026-01-28 11:30",49176,49176,49121,49136,-41.,-0.08%,1272
"2026-01-28 11:15",49207,49231,49166,49177,-31.,-0.06%,1321
"2026-01-28 11:00",49158,49215,49156,49208,48,+0.10%,1300
"2026-01-28 10:45",49156,49196,49143,49160,5,+0.01%,1530
"2026-01-28 10:30",49223,49225,49140,49155,-67.,-0.14%,1942
"2026-01-28 10:15",49181,49227,49153,49222,40,+0.08%,1476
"2026-01-28 10:00",49135,49209,49133,49182,47,+0.10%,1783
"2026-01-28 09:45",49155,49190,49133,49135,-20.,-0.04%,1744
"2026-01-28 09:30",49154,49205,49149,49155,4,+0.01%,2582
"2026-01-28 09:15",49057,49160,49054,49151,93,+0.19%,2895
"2026-01-28 09:00",49143,49182,49055,49058,-83.,-0.17%,4275
"2026-01-28 08:45",49164,49195,49113,49141,-19.,-0.04%,3683
"2026-01-28 08:30",49182,49290,49138,49160,-21.,-0.04%,9600
"2026-01-28 08:15",49100,49184,49098,49181,83,+0.17%,1591
"2026-01-28 08:00",49115,49120,49088,49098,-18.,-0.04%,920
"2026-01-28 07:45",49121,49126,49093,49116,-3.,-0.01%,495
"2026-01-28 07:30",49144,49153,49116,49119,-25.,-0.05%,419
"2026-01-28 07:15",49132,49161,49131,49144,10,+0.02%,408
"2026-01-28 07:00",49116,49157,49115,49134,18,+0.04%,581
"2026-01-28 06:45",49136,49144,49114,49116,-18.,-0.04%,332
"2026-01-28 06:30",49120,49143,49105,49134,14,+0.03%,434
"2026-01-28 06:15",49158,49158,49114,49120,-39.,-0.08%,552
"2026-01-28 06:00",49174,49193,49112,49159,-14.,-0.03%,1376
"2026-01-28 05:45",49174,49186,49171,49173,-1.,0.00%,185
"2026-01-28 05:30",49182,49184,49172,49174,-8.,-0.02%,184
"2026-01-28 05:15",49173,49184,49162,49182,12,+0.02%,262
"2026-01-28 05:00",49196,49197,49168,49170,-26.,-0.05%,301
"2026-01-28 04:45",49191,49200,49183,49196,3,+0.01%,208
"2026-01-28 04:30",49179,49194,49174,49193,13,+0.03%,156
"2026-01-28 04:15",49169,49189,49166,49180,12,+0.02%,150
"2026-01-28 04:00",49177,49189,49168,49168,-10.,-0.02%,250
"2026-01-28 03:45",49156,49186,49156,49178,21,+0.04%,271
"2026-01-28 03:30",49147,49167,49146,49157,11,+0.02%,282
"2026-01-28 03:15",49147,49159,49142,49146,1,0.00%,293
"2026-01-28 03:00",49130,49159,49130,49145,16,+0.03%,508
"2026-01-28 02:45",49154,49154,49124,49129,-24.,-0.05%,508
"2026-01-28 02:30",49176,49180,49153,49153,-23.,-0.05%,340
"2026-01-28 02:15",49178,49190,49162,49176,0,0.00%,267
"2026-01-28 02:00",49199,49213,49173,49176,-25.,-0.05%,373
"2026-01-28 01:45",49184,49202,49182,49201,16,+0.03%,219
"2026-01-28 01:30",49180,49185,49166,49185,5,+0.01%,375
"2026-01-28 01:15",49173,49185,49162,49180,11,+0.02%,269
"2026-01-28 01:00",49175,49179,49164,49169,-6.,-0.01%,327
"2026-01-28 00:45",49174,49190,49173,49175,1,0.00%,139
"2026-01-28 00:30",49175,49197,49170,49174,-3.,-0.01%,574
"2026-01-28 00:15",49163,49184,49160,49177,12,+0.02%,279
"2026-01-28 00:00",49173,49226,49150,49165,-8.,-0.02%,1346
"2026-01-27 23:45",49164,49179,49164,49173,7,+0.01%,136
"2026-01-27 23:30",49152,49166,49147,49166,13,+0.03%,82
"2026-01-27 23:15",49155,49161,49149,49153,-3.,-0.01%,78
"2026-01-27 23:00",49147,49156,49145,49156,11,+0.02%,72
"2026-01-27 22:45",49140,49147,49138,49145,4,+0.01%,46
"2026-01-27 22:30",49132,49146,49131,49141,8,+0.02%,98
"2026-01-27 22:15",49143,49144,49132,49133,-8.,-0.02%,143
"2026-01-27 22:00",49146,49150,49138,49141,-6.,-0.01%,155
"2026-01-27 21:45",49163,49174,49146,49147,-14.,-0.03%,163
"2026-01-27 21:30",49160,49170,49154,49161,3,+0.01%,93
"2026-01-27 21:15",49162,49168,49155,49158,-6.,-0.01%,166
"2026-01-27 21:00",49154,49164,49154,49164,9,+0.02%,87
"2026-01-27 20:45",49154,49161,49152,49155,3,+0.01%,55
"2026-01-27 20:30",49142,49165,49140,49152,10,+0.02%,113
"2026-01-27 20:15",49155,49158,49141,49142,-13.,-0.03%,132
"2026-01-27 20:00",49151,49163,49147,49155,2,0.00%,116
"2026-01-27 19:45",49149,49156,49143,49153,1,0.00%,72
"2026-01-27 19:30",49157,49158,49145,49152,-5.,-0.01%,94
"2026-01-27 19:15",49160,49161,49147,49157,-6.,-0.01%,129
"2026-01-27 19:00",49171,49172,49155,49163,-7.,-0.01%,232
"2026-01-27 18:45",49184,49184,49159,49170,-15.,-0.03%,180
"2026-01-27 18:30",49154,49190,49153,49185,30,+0.06%,392
"2026-01-27 18:15",49156,49160,49148,49155,-3.,-0.01%,224
"2026-01-27 18:00",49134,49165,49132,49158,25,+0.05%,124
"2026-01-27 17:45",49134,49139,49132,49133,-2.,0.00%,50
"2026-01-27 17:30",49139,49140,49127,49135,-3.,-0.01%,56
"2026-01-27 17:15",49137,49142,49127,49138,0,0.00%,78
"2026-01-27 17:00",49150,49150,49109,49138,8,+0.02%,212
"2026-01-27 15:45",49144,49144,49125,49130,-13.,-0.03%,356
"2026-01-27 15:30",49127,49154,49126,49143,15,+0.03%,275
"2026-01-27 15:15",49124,49145,49114,49128,4,+0.01%,347
"2026-01-27 15:00",49165,49167,49110,49124,-40.,-0.08%,1802
"2026-01-27 14:45",49151,49170,49124,49164,13,+0.03%,5528
"2026-01-27 14:30",49123,49157,49112,49151,29,+0.06%,1623
"2026-01-27 14:15",49169,49169,49114,49122,-47.,-0.10%,1253
"2026-01-27 14:00",49131,49171,49129,49169,34,+0.07%,854
"2026-01-27 13:45",49140,49158,49121,49135,-3.,-0.01%,798
"2026-01-27 13:30",49143,49156,49127,49138,-4.,-0.01%,1178
"2026-01-27 13:15",49123,49148,49113,49142,17,+0.03%,955
"2026-01-27 13:00",49117,49131,49094,49125,6,+0.01%,1349
"2026-01-27 12:45",49093,49136,49090,49119,26,+0.05%,1647
"2026-01-27 12:30",49082,49106,49074,49093,13,+0.03%,1310
"2026-01-27 12:15",49061,49085,49056,49080,20,+0.04%,1626
"2026-01-27 12:00",49071,49073,49007,49060,-9.,-0.02%,2679
"2026-01-27 11:45",49067,49100,49055,49069,2,0.00%,1429
"2026-01-27 11:30",49123,49130,49054,49067,-55.,-0.11%,2100
"2026-01-27 11:15",49110,49144,49061,49122,12,+0.02%,2851
"2026-01-27 11:00",49225,49227,49109,49110,-115.,-0.23%,2904
"2026-01-27 10:45",49274,49284,49218,49225,-51.,-0.10%,2098
"2026-01-27 10:30",49254,49318,49250,49276,23,+0.05%,2740
"2026-01-27 10:15",49196,49267,49189,49253,56,+0.11%,2892
"2026-01-27 10:00",49177,49206,49155,49197,21,+0.04%,3220
"2026-01-27 09:45",49112,49180,49105,49176,64,+0.13%,3899
"2026-01-27 09:30",49052,49117,49039,49112,60,+0.12%,3321
"2026-01-27 09:15",49110,49110,49040,49052,-57.,-0.12%,3593
"2026-01-27 09:00",49161,49178,49071,49109,-47.,-0.10%,4532
"2026-01-27 08:45",49201,49251,49155,49156,-44.,-0.09%,4247
"2026-01-27 08:30",49216,49270,49089,49200,-18.,-0.04%,13722
"2026-01-27 08:15",49213,49235,49180,49218,6,+0.01%,2396
"2026-01-27 08:00",49233,49248,49205,49212,-21.,-0.04%,1303
"2026-01-27 07:45",49270,49272,49228,49233,-37.,-0.08%,1460
"2026-01-27 07:30",49293,49309,49266,49270,-26.,-0.05%,928
"2026-01-27 07:15",49328,49332,49280,49296,-33.,-0.07%,832
"2026-01-27 07:00",49299,49333,49286,49329,29,+0.06%,956
"2026-01-27 06:45",49322,49327,49288,49300,-24.,-0.05%,719
"2026-01-27 06:30",49308,49369,49302,49324,16,+0.03%,2467
"2026-01-27 06:15",49361,49366,49303,49308,-56.,-0.11%,1099
"2026-01-27 06:00",49412,49436,49354,49364,-48.,-0.10%,1034
"2026-01-27 05:45",49444,49454,49407,49412,-30.,-0.06%,426
"2026-01-27 05:30",49456,49465,49434,49442,-13.,-0.03%,496
"2026-01-27 05:15",49472,49479,49444,49455,-17.,-0.03%,462
"2026-01-27 05:00",49476,49492,49452,49472,-3.,-0.01%,1088
"2026-01-27 04:45",49528,49566,49473,49475,-53.,-0.11%,2045
"2026-01-27 04:30",49521,49532,49514,49528,8,+0.02%,279
"2026-01-27 04:15",49519,49538,49519,49520,1,0.00%,185
"2026-01-27 04:00",49509,49524,49504,49519,10,+0.02%,216
"2026-01-27 03:45",49522,49525,49506,49509,-10.,-0.02%,370
"2026-01-27 03:30",49512,49532,49507,49519,9,+0.02%,293
"2026-01-27 03:15",49518,49524,49506,49510,-9.,-0.02%,272
"2026-01-27 03:00",49509,49529,49507,49519,9,+0.02%,346
"2026-01-27 02:45",49504,49519,49499,49510,8,+0.02%,169
"2026-01-27 02:30",49513,49519,49484,49502,-9.,-0.02%,308
"2026-01-27 02:15",49532,49543,49508,49511,-18.,-0.04%,275
"2026-01-27 02:00",49536,49544,49517,49529,-6.,-0.01%,313
"2026-01-27 01:45",49540,49540,49513,49535,-5.,-0.01%,191
"2026-01-27 01:30",49535,49543,49530,49540,4,+0.01%,176
"2026-01-27 01:15",49532,49537,49525,49536,4,+0.01%,155
"2026-01-27 01:00",49516,49533,49516,49532,19,+0.04%,284
"2026-01-27 00:45",49516,49525,49513,49513,-3.,-0.01%,120
"2026-01-27 00:30",49534,49539,49515,49516,-22.,-0.04%,137
"2026-01-27 00:15",49543,49544,49529,49538,-6.,-0.01%,121
"2026-01-27 00:00",49533,49554,49532,49544,12,+0.02%,186
"2026-01-26 23:45",49527,49536,49526,49532,6,+0.01%,128
"2026-01-26 23:30",49513,49526,49510,49526,16,+0.03%,92
"2026-01-26 23:15",49508,49511,49503,49510,4,+0.01%,67
"2026-01-26 23:00",49516,49517,49500,49506,-12.,-0.02%,93
"2026-01-26 22:45",49519,49522,49518,49518,-2.,0.00%,45
"2026-01-26 22:30",49521,49522,49517,49520,2,0.00%,34
"2026-01-26 22:15",49525,49531,49514,49518,-8.,-0.02%,81
"2026-01-26 22:00",49500,49535,49500,49526,24,+0.05%,163
"2026-01-26 21:45",49503,49506,49499,49502,-3.,-0.01%,71
"2026-01-26 21:30",49494,49507,49494,49505,11,+0.02%,94
"2026-01-26 21:15",49490,49499,49490,49494,5,+0.01%,87
"2026-01-26 21:00",49489,49495,49482,49489,-3.,-0.01%,162
"2026-01-26 20:45",49476,49493,49469,49492,15,+0.03%,177
"2026-01-26 20:30",49471,49483,49463,49477,6,+0.01%,201
"2026-01-26 20:15",49462,49476,49462,49471,11,+0.02%,245
"2026-01-26 20:00",49437,49467,49437,49460,23,+0.05%,247
"2026-01-26 19:45",49436,49447,49430,49437,1,0.00%,103
"2026-01-26 19:30",49423,49438,49420,49436,11,+0.02%,158
"2026-01-26 19:15",49413,49427,49409,49425,13,+0.03%,178
"2026-01-26 19:00",49414,49415,49404,49412,-4.,-0.01%,175
"2026-01-26 18:45",49406,49418,49403,49416,11,+0.02%,108
"2026-01-26 18:30",49402,49415,49397,49405,1,0.00%,156
"2026-01-26 18:15",49398,49410,49395,49404,6,+0.01%,151
"2026-01-26 18:00",49403,49404,49380,49398,-5.,-0.01%,131
"2026-01-26 17:45",49399,49405,49394,49403,8,+0.02%,113
"2026-01-26 17:30",49386,49403,49381,49395,10,+0.02%,126
"2026-01-26 17:15",49394,49425,49384,49385,-9.,-0.02%,323
"2026-01-26 17:00",49421,49421,49357,49394,21,+0.04%,365
"2026-01-26 15:45",49428,49428,49373,49373,-56.,-0.11%,474
"2026-01-26 15:30",49439,49442,49427,49429,-13.,-0.03%,307
"2026-01-26 15:15",49427,49449,49409,49442,16,+0.03%,495
"2026-01-26 15:00",49560,49572,49377,49426,-135.,-0.27%,5009
"2026-01-26 14:45",49603,49614,49552,49561,-43.,-0.09%,5555
"2026-01-26 14:30",49602,49632,49590,49604,1,0.00%,1798
"2026-01-26 14:15",49615,49644,49601,49603,-12.,-0.02%,1850
"2026-01-26 14:00",49579,49617,49563,49615,37,+0.07%,1536
"2026-01-26 13:45",49604,49608,49570,49578,-25.,-0.05%,1146
"2026-01-26 13:30",49578,49613,49573,49603,26,+0.05%,1477
"2026-01-26 13:15",49550,49581,49546,49577,27,+0.05%,949
"2026-01-26 13:00",49521,49562,49514,49550,28,+0.06%,1402
"2026-01-26 12:45",49547,49551,49510,49522,-24.,-0.05%,1500
"2026-01-26 12:30",49594,49619,49545,49546,-48.,-0.10%,2516
"2026-01-26 12:15",49504,49598,49495,49594,88,+0.18%,2198
"2026-01-26 12:00",49488,49510,49473,49506,19,+0.04%,921
"2026-01-26 11:45",49480,49503,49456,49487,5,+0.01%,1870
"2026-01-26 11:30",49455,49482,49442,49482,27,+0.05%,833
"2026-01-26 11:15",49450,49470,49437,49455,6,+0.01%,967
"2026-01-26 11:00",49389,49456,49382,49449,61,+0.12%,1406
"2026-01-26 10:45",49387,49423,49379,49388,-2.,0.00%,1145
"2026-01-26 10:30",49428,49431,49381,49390,-37.,-0.07%,1448
"2026-01-26 10:15",49376,49443,49355,49427,51,+0.10%,2025
"2026-01-26 10:00",49438,49444,49366,49376,-64.,-0.13%,2586
"2026-01-26 09:45",49426,49502,49425,49440,13,+0.03%,2015
"2026-01-26 09:30",49434,49484,49411,49427,-9.,-0.02%,2399
"2026-01-26 09:15",49490,49527,49434,49436,-55.,-0.11%,3371
"2026-01-26 09:00",49401,49498,49388,49491,90,+0.18%,3583
"2026-01-26 08:45",49443,49477,49397,49401,-41.,-0.08%,4245
"2026-01-26 08:30",49346,49483,49303,49442,97,+0.20%,11165
"2026-01-26 08:15",49326,49352,49308,49345,21,+0.04%,1506
"2026-01-26 08:00",49321,49340,49316,49324,1,0.00%,631
"2026-01-26 07:45",49267,49326,49264,49323,56,+0.11%,849
"2026-01-26 07:30",49262,49269,49237,49267,4,+0.01%,452
"2026-01-26 07:15",49279,49305,49261,49263,-16.,-0.03%,718
"2026-01-26 07:00",49265,49293,49246,49279,15,+0.03%,671
"2026-01-26 06:45",49254,49272,49249,49264,11,+0.02%,203
"2026-01-26 06:30",49256,49267,49246,49253,-3.,-0.01%,183
"2026-01-26 06:15",49269,49273,49245,49256,-9.,-0.02%,178
"2026-01-26 06:00",49235,49277,49234,49265,26,+0.05%,343
"2026-01-26 05:45",49251,49251,49220,49239,-10.,-0.02%,545
"2026-01-26 05:30",49251,49280,49248,49249,-2.,0.00%,656
"2026-01-26 05:15",49245,49260,49241,49251,9,+0.02%,244
"2026-01-26 05:00",49226,49245,49225,49242,18,+0.04%,192
"2026-01-26 04:45",49239,49248,49224,49224,-16.,-0.03%,168
"2026-01-26 04:30",49221,49252,49215,49240,18,+0.04%,213
"2026-01-26 04:15",49212,49230,49200,49222,11,+0.02%,181
"2026-01-26 04:00",49191,49214,49189,49211,16,+0.03%,383
"2026-01-26 03:45",49198,49212,49159,49195,-5.,-0.01%,835
"2026-01-26 03:30",49291,49292,49198,49200,-91.,-0.18%,589
"2026-01-26 03:15",49286,49299,49286,49291,6,+0.01%,327
"2026-01-26 03:00",49280,49301,49253,49285,3,+0.01%,792
"2026-01-26 02:45",49270,49286,49267,49282,12,+0.02%,405
"2026-01-26 02:30",49264,49278,49258,49270,3,+0.01%,245
"2026-01-26 02:15",49255,49279,49246,49267,13,+0.03%,241
"2026-01-26 02:00",49243,49266,49234,49254,12,+0.02%,428
"2026-01-26 01:45",49220,49250,49216,49242,21,+0.04%,237
"2026-01-26 01:30",49217,49234,49206,49221,3,+0.01%,265
"2026-01-26 01:15",49201,49220,49194,49218,18,+0.04%,120
"2026-01-26 01:00",49192,49202,49184,49200,14,+0.03%,189
"2026-01-26 00:45",49184,49208,49184,49186,3,+0.01%,142
"2026-01-26 00:30",49201,49202,49174,49183,-17.,-0.03%,189
"2026-01-26 00:15",49196,49210,49193,49200,6,+0.01%,110
"2026-01-26 00:00",49176,49200,49176,49194,18,+0.04%,178
"2026-01-25 23:45",49164,49180,49162,49176,10,+0.02%,122
"2026-01-25 23:30",49154,49170,49153,49166,8,+0.02%,125
"2026-01-25 23:15",49132,49166,49132,49158,28,+0.06%,171
"2026-01-25 23:00",49135,49141,49128,49130,-9.,-0.02%,78
"2026-01-25 22:45",49125,49139,49123,49139,11,+0.02%,47
"2026-01-25 22:30",49159,49163,49128,49128,-30.,-0.06%,93
"2026-01-25 22:15",49135,49158,49135,49158,24,+0.05%,95
"2026-01-25 22:00",49142,49143,49130,49134,-7.,-0.01%,99
"2026-01-25 21:45",49137,49151,49132,49141,3,+0.01%,96
"2026-01-25 21:30",49143,49146,49131,49138,-3.,-0.01%,78
"2026-01-25 21:15",49154,49157,49134,49141,-11.,-0.02%,156
"2026-01-25 21:00",49139,49172,49139,49152,15,+0.03%,187
"2026-01-25 20:45",49133,49143,49111,49137,6,+0.01%,262
"2026-01-25 20:30",49157,49158,49128,49131,-28.,-0.06%,170
"2026-01-25 20:15",49157,49168,49147,49159,-1.,0.00%,189
"2026-01-25 20:00",49143,49163,49139,49160,21,+0.04%,204
"2026-01-25 19:45",49129,49157,49123,49139,8,+0.02%,305
"2026-01-25 19:30",49149,49152,49130,49131,-20.,-0.04%,303
"2026-01-25 19:15",49155,49184,49142,49151,-3.,-0.01%,582
"2026-01-25 19:00",49152,49210,49143,49154,3,+0.01%,773
"2026-01-25 18:45",49153,49162,49137,49151,-2.,0.00%,171
"2026-01-25 18:30",49179,49182,49147,49153,-26.,-0.05%,390
"2026-01-25 18:15",49153,49188,49143,49179,27,+0.05%,421
"2026-01-25 18:00",49098,49166,49093,49152,57,+0.12%,475
"2026-01-25 17:45",49026,49113,49023,49095,68,+0.14%,360
"2026-01-25 17:30",49063,49079,49019,49027,-36.,-0.07%,355
"2026-01-25 17:15",49003,49074,48990,49063,63,+0.13%,421
"2026-01-25 17:00",49036,49036,48850,49000,-180.,-0.37%,606
"2026-01-23 15:45",49177,49187,49168,49180,3,+0.01%,226
"2026-01-23 15:30",49168,49188,49167,49177,7,+0.01%,184
"2026-01-23 15:15",49198,49198,49169,49170,-28.,-0.06%,440
"2026-01-23 15:00",49262,49263,49191,49198,-64.,-0.13%,1618
"2026-01-23 14:45",49256,49292,49244,49262,3,+0.01%,4967
"2026-01-23 14:30",49236,49278,49219,49259,26,+0.05%,1858
"2026-01-23 14:15",49244,49268,49230,49233,-13.,-0.03%,1205
"2026-01-23 14:00",49258,49262,49209,49246,-12.,-0.02%,1366
"2026-01-23 13:45",49239,49260,49214,49258,22,+0.04%,911
"2026-01-23 13:30",49259,49288,49200,49236,-23.,-0.05%,1811
"2026-01-23 13:15",49246,49305,49245,49259,8,+0.02%,1476
"2026-01-23 13:00",49205,49270,49199,49251,47,+0.10%,2204
"2026-01-23 12:45",49166,49209,49146,49204,37,+0.08%,1160
"2026-01-23 12:30",49181,49208,49150,49167,-12.,-0.02%,1510
"2026-01-23 12:15",49155,49194,49150,49179,23,+0.05%,1480
"2026-01-23 12:00",49148,49194,49119,49156,9,+0.02%,2698
"2026-01-23 11:45",49233,49252,49131,49147,-87.,-0.18%,3237
"2026-01-23 11:30",49337,49340,49231,49234,-101.,-0.20%,1845
"2026-01-23 11:15",49330,49346,49295,49335,7,+0.01%,1141
"2026-01-23 11:00",49284,49329,49273,49328,37,+0.08%,1453
"2026-01-23 10:45",49331,49338,49273,49291,-40.,-0.08%,2481
"2026-01-23 10:30",49301,49343,49246,49331,34,+0.07%,3320
"2026-01-23 10:15",49331,49354,49289,49297,-34.,-0.07%,2456
"2026-01-23 10:00",49325,49367,49319,49331,6,+0.01%,2431
"2026-01-23 09:45",49266,49358,49251,49325,58,+0.12%,2977
"2026-01-23 09:30",49254,49303,49254,49267,12,+0.02%,2031
"2026-01-23 09:15",49228,49324,49203,49255,29,+0.06%,4117
"2026-01-23 09:00",49303,49341,49217,49226,-78.,-0.16%,4428
"2026-01-23 08:45",49244,49312,49170,49304,60,+0.12%,5733
"2026-01-23 08:30",49353,49384,49205,49244,-109.,-0.22%,11253
"2026-01-23 08:15",49296,49356,49288,49353,57,+0.12%,1759
"2026-01-23 08:00",49323,49334,49288,49296,-26.,-0.05%,1067
"2026-01-23 07:45",49343,49347,49307,49322,-21.,-0.04%,980
"2026-01-23 07:30",49347,49362,49324,49343,-2.,0.00%,1256
"2026-01-23 07:15",49420,49426,49345,49345,-75.,-0.15%,1224
"2026-01-23 07:00",49462,49467,49407,49420,-43.,-0.09%,919
"2026-01-23 06:45",49459,49477,49452,49463,5,+0.01%,288
"2026-01-23 06:30",49450,49460,49415,49458,6,+0.01%,491
"2026-01-23 06:15",49457,49460,49443,49452,-5.,-0.01%,282
"2026-01-23 06:00",49444,49475,49442,49457,14,+0.03%,517
"2026-01-23 05:45",49464,49466,49434,49443,-20.,-0.04%,280
"2026-01-23 05:30",49471,49484,49459,49463,-8.,-0.02%,530
"2026-01-23 05:15",49464,49472,49453,49471,6,+0.01%,248
"2026-01-23 05:00",49447,49486,49437,49465,19,+0.04%,1442
"2026-01-23 04:45",49426,49446,49424,49446,17,+0.03%,283
"2026-01-23 04:30",49434,49437,49422,49429,-5.,-0.01%,197
"2026-01-23 04:15",49436,49452,49428,49434,-3.,-0.01%,222
"2026-01-23 04:00",49456,49457,49435,49437,-21.,-0.04%,412
"2026-01-23 03:45",49447,49467,49433,49458,11,+0.02%,571
"2026-01-23 03:30",49507,49509,49440,49447,-63.,-0.13%,612
"2026-01-23 03:15",49513,49530,49503,49510,-4.,-0.01%,294
"2026-01-23 03:00",49507,49529,49493,49514,4,+0.01%,458
"2026-01-23 02:45",49527,49537,49491,49510,-16.,-0.03%,499
"2026-01-23 02:30",49551,49554,49517,49526,-21.,-0.04%,472
"2026-01-23 02:15",49557,49577,49539,49547,-13.,-0.03%,358
"2026-01-23 02:00",49581,49587,49559,49560,-24.,-0.05%,405
"2026-01-23 01:45",49593,49593,49572,49584,-10.,-0.02%,288
"2026-01-23 01:30",49590,49594,49579,49594,3,+0.01%,301
"2026-01-23 01:15",49587,49605,49586,49591,6,+0.01%,170
"2026-01-23 01:00",49590,49595,49578,49585,-5.,-0.01%,227
"2026-01-23 00:45",49597,49599,49584,49590,-5.,-0.01%,97
"2026-01-23 00:30",49609,49614,49589,49595,-14.,-0.03%,116
"2026-01-23 00:15",49613,49620,49607,49609,-5.,-0.01%,93
"2026-01-23 00:00",49608,49618,49606,49614,6,+0.01%,101
"2026-01-22 23:45",49600,49610,49600,49608,9,+0.02%,96
"2026-01-22 23:30",49603,49607,49599,49599,-4.,-0.01%,96
"2026-01-22 23:15",49603,49610,49600,49603,0,0.00%,59
"2026-01-22 23:00",49598,49609,49591,49603,5,+0.01%,121
"2026-01-22 22:45",49585,49601,49582,49598,13,+0.03%,92
"2026-01-22 22:30",49591,49599,49584,49585,-7.,-0.01%,72
"2026-01-22 22:15",49592,49593,49580,49592,3,+0.01%,70
"2026-01-22 22:00",49600,49601,49584,49589,-14.,-0.03%,163
"2026-01-22 21:45",49599,49607,49592,49603,4,+0.01%,79
"2026-01-22 21:30",49602,49603,49591,49599,-7.,-0.01%,71
"2026-01-22 21:15",49600,49606,49600,49606,7,+0.01%,71
"2026-01-22 21:00",49582,49600,49582,49599,17,+0.03%,69
"2026-01-22 20:45",49579,49586,49579,49582,3,+0.01%,74
"2026-01-22 20:30",49596,49597,49579,49579,-20.,-0.04%,102
"2026-01-22 20:15",49599,49600,49586,49599,0,0.00%,155
"2026-01-22 20:00",49607,49608,49592,49599,-8.,-0.02%,113
"2026-01-22 19:45",49589,49608,49586,49607,17,+0.03%,142
"2026-01-22 19:30",49576,49595,49574,49590,13,+0.03%,190
"2026-01-22 19:15",49588,49598,49567,49577,-11.,-0.02%,338
"2026-01-22 19:00",49572,49590,49565,49588,16,+0.03%,376
"2026-01-22 18:45",49565,49574,49556,49572,7,+0.01%,105
"2026-01-22 18:30",49548,49566,49546,49565,18,+0.04%,139
"2026-01-22 18:15",49536,49553,49534,49547,10,+0.02%,180
"2026-01-22 18:00",49526,49548,49510,49537,10,+0.02%,185
"2026-01-22 17:45",49539,49540,49515,49527,-12.,-0.02%,117
"2026-01-22 17:30",49530,49541,49525,49539,11,+0.02%,85
"2026-01-22 17:15",49521,49537,49511,49528,3,+0.01%,215
"2026-01-22 17:00",49506,49530,49488,49525,18,+0.04%,212
"2026-01-22 15:45",49540,49540,49486,49507,-33.,-0.07%,433
"2026-01-22 15:30",49556,49556,49535,49540,-15.,-0.03%,200
"2026-01-22 15:15",49557,49560,49544,49555,0,0.00%,327
"2026-01-22 15:00",49562,49573,49539,49555,-8.,-0.02%,1809
"2026-01-22 14:45",49522,49572,49518,49563,43,+0.09%,5115
"2026-01-22 14:30",49539,49551,49494,49520,-20.,-0.04%,2936
"2026-01-22 14:15",49624,49644,49538,49540,-83.,-0.17%,1928
"2026-01-22 14:00",49578,49632,49566,49623,43,+0.09%,1860
"2026-01-22 13:45",49642,49670,49579,49580,-62.,-0.12%,2170
"2026-01-22 13:30",49718,49730,49639,49642,-79.,-0.16%,1752
"2026-01-22 13:15",49731,49735,49711,49721,-11.,-0.02%,908
"2026-01-22 13:00",49679,49758,49679,49732,51,+0.10%,2283
"2026-01-22 12:45",49684,49704,49661,49681,-2.,0.00%,1183
"2026-01-22 12:30",49681,49724,49676,49683,1,0.00%,1581
"2026-01-22 12:15",49707,49721,49675,49682,-26.,-0.05%,1743
"2026-01-22 12:00",49773,49780,49705,49708,-66.,-0.13%,2620
"2026-01-22 11:45",49767,49791,49751,49774,8,+0.02%,1417
"2026-01-22 11:30",49723,49795,49723,49766,46,+0.09%,2394
"2026-01-22 11:15",49723,49735,49688,49720,-1.,0.00%,1684
"2026-01-22 11:00",49665,49742,49642,49721,56,+0.11%,4061
"2026-01-22 10:45",49705,49727,49662,49665,-38.,-0.08%,1776
"2026-01-22 10:30",49669,49711,49662,49703,33,+0.07%,1881
"2026-01-22 10:15",49679,49688,49636,49670,-10.,-0.02%,1908
"2026-01-22 10:00",49612,49688,49606,49680,69,+0.14%,2626
"2026-01-22 09:45",49618,49650,49606,49611,-8.,-0.02%,2504
"2026-01-22 09:30",49570,49626,49541,49619,50,+0.10%,3252
"2026-01-22 09:15",49491,49584,49490,49569,80,+0.16%,3892
"2026-01-22 09:00",49524,49535,49432,49489,-34.,-0.07%,5309
"2026-01-22 08:45",49604,49611,49474,49523,-83.,-0.17%,8092
"2026-01-22 08:30",49538,49764,49507,49606,71,+0.14%,16294
"2026-01-22 08:15",49502,49541,49497,49535,33,+0.07%,1941
"2026-01-22 08:00",49513,49516,49489,49502,-13.,-0.03%,949
"2026-01-22 07:45",49448,49517,49448,49515,69,+0.14%,766
"2026-01-22 07:30",49456,49483,49426,49446,-8.,-0.02%,1027
"2026-01-22 07:15",49423,49456,49422,49454,32,+0.06%,582
"2026-01-22 07:00",49411,49438,49404,49422,9,+0.02%,586
"2026-01-22 06:45",49427,49427,49395,49413,-14.,-0.03%,330
"2026-01-22 06:30",49394,49431,49385,49427,35,+0.07%,498
"2026-01-22 06:15",49380,49399,49380,49392,14,+0.03%,266
"2026-01-22 06:00",49399,49421,49370,49378,-21.,-0.04%,1409
"2026-01-22 05:45",49392,49403,49386,49399,6,+0.01%,219
"2026-01-22 05:30",49415,49445,49387,49393,-22.,-0.04%,916
"2026-01-22 05:15",49434,49447,49400,49415,-22.,-0.04%,596
"2026-01-22 05:00",49465,49473,49435,49437,-28.,-0.06%,445
"2026-01-22 04:45",49453,49468,49452,49465,10,+0.02%,171
"2026-01-22 04:30",49443,49464,49443,49455,14,+0.03%,232
"2026-01-22 04:15",49443,49454,49421,49441,-1.,0.00%,822
"2026-01-22 04:00",49461,49465,49440,49442,-17.,-0.03%,322
"2026-01-22 03:45",49471,49474,49454,49459,-11.,-0.02%,225
"2026-01-22 03:30",49443,49470,49439,49470,29,+0.06%,268
"2026-01-22 03:15",49463,49469,49436,49441,-21.,-0.04%,452
"2026-01-22 03:00",49416,49462,49415,49462,45,+0.09%,515
"2026-01-22 02:45",49422,49440,49408,49417,-6.,-0.01%,507
"2026-01-22 02:30",49388,49435,49377,49423,33,+0.07%,940
"2026-01-22 02:15",49357,49403,49350,49390,33,+0.07%,991
"2026-01-22 02:00",49328,49371,49324,49357,30,+0.06%,748
"2026-01-22 01:45",49343,49343,49312,49327,-16.,-0.03%,304
"2026-01-22 01:30",49298,49354,49298,49343,45,+0.09%,452
"2026-01-22 01:15",49286,49298,49271,49298,13,+0.03%,213
"2026-01-22 01:00",49304,49318,49267,49285,-19.,-0.04%,390
"2026-01-22 00:45",49294,49311,49289,49304,9,+0.02%,286
"2026-01-22 00:30",49260,49299,49259,49295,35,+0.07%,288
"2026-01-22 00:15",49279,49290,49257,49260,-17.,-0.03%,271
"2026-01-22 00:00",49309,49323,49276,49277,-33.,-0.07%,243
"2026-01-21 23:45",49323,49325,49305,49310,-12.,-0.02%,149
"2026-01-21 23:30",49348,49348,49318,49322,-27.,-0.05%,196
"2026-01-21 23:15",49352,49353,49346,49349,-4.,-0.01%,60
"2026-01-21 23:00",49355,49363,49350,49353,-1.,0.00%,86
"2026-01-21 22:45",49353,49358,49348,49354,2,0.00%,88
"2026-01-21 22:30",49363,49363,49352,49352,-10.,-0.02%,48
"2026-01-21 22:15",49365,49365,49352,49362,-8.,-0.02%,105
"2026-01-21 22:00",49373,49374,49363,49370,-3.,-0.01%,101
"2026-01-21 21:45",49369,49377,49367,49373,3,+0.01%,99
"2026-01-21 21:30",49376,49380,49367,49370,-5.,-0.01%,120
"2026-01-21 21:15",49374,49388,49372,49375,0,0.00%,79
"2026-01-21 21:00",49368,49381,49365,49375,9,+0.02%,113
"2026-01-21 20:45",49360,49368,49357,49366,7,+0.01%,87
"2026-01-21 20:30",49365,49365,49351,49359,-7.,-0.01%,107
"2026-01-21 20:15",49378,49378,49363,49366,-11.,-0.02%,96
"2026-01-21 20:00",49367,49393,49362,49377,9,+0.02%,236
"2026-01-21 19:45",49348,49373,49345,49368,19,+0.04%,127
"2026-01-21 19:30",49355,49355,49340,49349,-8.,-0.02%,194
"2026-01-21 19:15",49341,49362,49339,49357,12,+0.02%,213
"2026-01-21 19:00",49333,49347,49328,49345,10,+0.02%,244
"2026-01-21 18:45",49330,49342,49329,49335,2,0.00%,141
"2026-01-21 18:30",49338,49341,49314,49333,-2.,0.00%,212
"2026-01-21 18:15",49333,49345,49325,49335,3,+0.01%,212
"2026-01-21 18:00",49322,49335,49310,49332,13,+0.03%,207
"2026-01-21 17:45",49315,49330,49313,49319,3,+0.01%,116
"2026-01-21 17:30",49340,49340,49303,49316,-29.,-0.06%,129
"2026-01-21 17:15",49327,49350,49323,49345,22,+0.04%,111
"2026-01-21 17:00",49296,49342,49294,49323,42,+0.09%,265
"2026-01-21 15:45",49284,49288,49261,49281,-6.,-0.01%,288
"2026-01-21 15:30",49297,49300,49280,49287,-8.,-0.02%,222
"2026-01-21 15:15",49309,49314,49286,49295,-13.,-0.03%,388
"2026-01-21 15:00",49269,49313,49263,49308,38,+0.08%,2078
"2026-01-21 14:45",49254,49286,49223,49270,16,+0.03%,6235
"2026-01-21 14:30",49252,49299,49226,49254,-2.,0.00%,3023
"2026-01-21 14:15",49351,49371,49249,49256,-94.,-0.19%,4160
"2026-01-21 14:00",49454,49479,49348,49350,-104.,-0.21%,3774
"2026-01-21 13:45",49417,49482,49385,49454,38,+0.08%,6511
"2026-01-21 13:30",49239,49453,49222,49416,180,+0.37%,6765
"2026-01-21 13:15",48927,49277,48917,49236,309,+0.63%,4519
"2026-01-21 13:00",48999,49004,48907,48927,-70.,-0.14%,1646
"2026-01-21 12:45",48941,49035,48919,48997,59,+0.12%,2407
"2026-01-21 12:30",48968,48988,48919,48938,-30.,-0.06%,2279
"2026-01-21 12:15",48923,48984,48884,48968,48,+0.10%,2158
"2026-01-21 12:00",48932,48964,48803,48920,-13.,-0.03%,3156
"2026-01-21 11:45",48862,48962,48849,48933,67,+0.14%,2503
"2026-01-21 11:30",48912,48917,48841,48866,-49.,-0.10%,2512
"2026-01-21 11:15",48792,48946,48771,48915,126,+0.26%,3656
"2026-01-21 11:00",48947,48982,48780,48789,-158.,-0.32%,3941
"2026-01-21 10:45",48998,49063,48944,48947,-53.,-0.11%,3335
"2026-01-21 10:30",49138,49140,48980,49000,-137.,-0.28%,4665
"2026-01-21 10:15",49095,49143,49083,49137,43,+0.09%,2168
"2026-01-21 10:00",49149,49156,49086,49094,-56.,-0.11%,3027
"2026-01-21 09:45",49156,49205,49144,49150,-7.,-0.01%,3386
"2026-01-21 09:30",49080,49188,49072,49157,75,+0.15%,5269
"2026-01-21 09:15",49021,49118,49016,49082,62,+0.13%,5583
"2026-01-21 09:00",48985,49060,48973,49020,34,+0.07%,6123
"2026-01-21 08:45",48875,48991,48872,48986,112,+0.23%,6149
"2026-01-21 08:30",48756,48914,48744,48874,117,+0.24%,13672
"2026-01-21 08:15",48733,48824,48688,48757,26,+0.05%,4538
"2026-01-21 08:00",48542,48754,48530,48731,186,+0.38%,5641
"2026-01-21 07:45",48513,48574,48493,48545,32,+0.07%,1779
"2026-01-21 07:30",48517,48546,48488,48513,-7.,-0.01%,933
"2026-01-21 07:15",48564,48568,48518,48520,-46.,-0.09%,651
"2026-01-21 07:00",48579,48589,48556,48566,-13.,-0.03%,686
"2026-01-21 06:45",48557,48581,48527,48579,23,+0.05%,655
"2026-01-21 06:30",48607,48608,48552,48556,-53.,-0.11%,686
"2026-01-21 06:15",48623,48628,48603,48609,-16.,-0.03%,518
"2026-01-21 06:00",48555,48644,48555,48625,69,+0.14%,1398
"2026-01-21 05:45",48646,48646,48554,48556,-91.,-0.19%,2403
"2026-01-21 05:30",48688,48688,48633,48647,-37.,-0.08%,638
"2026-01-21 05:15",48701,48721,48676,48684,-18.,-0.04%,1290
"2026-01-21 05:00",48715,48721,48697,48702,-13.,-0.03%,211
"2026-01-21 04:45",48750,48751,48713,48715,-35.,-0.07%,198
"2026-01-21 04:30",48734,48752,48726,48750,16,+0.03%,345
"2026-01-21 04:15",48704,48737,48701,48734,33,+0.07%,378
"2026-01-21 04:00",48685,48717,48671,48701,18,+0.04%,375
"2026-01-21 03:45",48741,48745,48680,48683,-59.,-0.12%,804
"2026-01-21 03:30",48759,48760,48740,48742,-20.,-0.04%,318
"2026-01-21 03:15",48776,48784,48759,48762,-15.,-0.03%,254
"2026-01-21 03:00",48772,48781,48765,48777,5,+0.01%,267
"2026-01-21 02:45",48781,48792,48769,48772,-10.,-0.02%,211
"2026-01-21 02:30",48777,48783,48765,48782,6,+0.01%,169
"2026-01-21 02:15",48759,48792,48751,48776,20,+0.04%,331
"2026-01-21 02:00",48766,48783,48755,48756,-12.,-0.02%,324
"2026-01-21 01:45",48778,48781,48761,48768,-16.,-0.03%,324
"2026-01-21 01:30",48774,48791,48774,48784,9,+0.02%,557
"2026-01-21 01:15",48765,48777,48764,48775,9,+0.02%,230
"2026-01-21 01:00",48717,48766,48717,48766,48,+0.10%,372
"2026-01-21 00:45",48743,48743,48716,48718,-25.,-0.05%,166
"2026-01-21 00:30",48747,48761,48739,48743,1,0.00%,251
"2026-01-21 00:15",48754,48760,48739,48742,-12.,-0.02%,123
"2026-01-21 00:00",48750,48756,48745,48754,1,0.00%,161
"2026-01-20 23:45",48765,48765,48750,48753,-12.,-0.02%,153
"2026-01-20 23:30",48763,48769,48762,48765,2,0.00%,122
"2026-01-20 23:15",48772,48773,48749,48763,-9.,-0.02%,299
"2026-01-20 23:00",48761,48776,48732,48772,10,+0.02%,790
"2026-01-20 22:45",48771,48771,48762,48762,-8.,-0.02%,39
"2026-01-20 22:30",48771,48772,48762,48770,-3.,-0.01%,67
"2026-01-20 22:15",48764,48778,48752,48773,8,+0.02%,138
"2026-01-20 22:00",48762,48779,48762,48765,8,+0.02%,107
"2026-01-20 21:45",48771,48775,48755,48757,-17.,-0.03%,197
"2026-01-20 21:30",48786,48787,48771,48774,-11.,-0.02%,113
"2026-01-20 21:15",48760,48787,48758,48785,20,+0.04%,249
"2026-01-20 21:00",48736,48765,48736,48765,28,+0.06%,232
"2026-01-20 20:45",48740,48744,48733,48737,-5.,-0.01%,88
"2026-01-20 20:30",48747,48753,48729,48742,-6.,-0.01%,200
"2026-01-20 20:15",48764,48765,48747,48748,-16.,-0.03%,156
"2026-01-20 20:00",48765,48776,48762,48764,0,0.00%,135
"2026-01-20 19:45",48768,48779,48764,48764,-2.,0.00%,195
"2026-01-20 19:30",48759,48772,48751,48766,7,+0.01%,144
"2026-01-20 19:15",48756,48771,48749,48759,3,+0.01%,351
"2026-01-20 19:00",48739,48756,48730,48756,20,+0.04%,237
"2026-01-20 18:45",48732,48747,48730,48736,5,+0.01%,165
"2026-01-20 18:30",48730,48744,48724,48731,2,0.00%,185
"2026-01-20 18:15",48719,48732,48713,48729,13,+0.03%,219
"2026-01-20 18:00",48692,48726,48692,48716,28,+0.06%,184
"2026-01-20 17:45",48724,48724,48679,48688,-42.,-0.09%,347
"2026-01-20 17:30",48723,48735,48720,48730,8,+0.02%,72
"2026-01-20 17:15",48732,48736,48722,48722,-10.,-0.02%,123
"2026-01-20 17:00",48727,48751,48719,48732,2,0.00%,244
"2026-01-20 15:45",48715,48737,48715,48730,15,+0.03%,302
"2026-01-20 15:30",48735,48737,48707,48715,-21.,-0.04%,293
"2026-01-20 15:15",48739,48740,48722,48736,-1.,0.00%,368
"2026-01-20 15:00",48685,48745,48666,48737,53,+0.11%,1914
"2026-01-20 14:45",48666,48699,48615,48684,18,+0.04%,7750
"2026-01-20 14:30",48698,48714,48644,48666,-31.,-0.06%,3131
"2026-01-20 14:15",48625,48721,48616,48697,73,+0.15%,4242
"2026-01-20 14:00",48654,48664,48611,48624,-31.,-0.06%,2814
"2026-01-20 13:45",48660,48678,48625,48655,-7.,-0.01%,2285
"2026-01-20 13:30",48693,48705,48625,48662,-32.,-0.07%,2886
"2026-01-20 13:15",48701,48706,48660,48694,-9.,-0.02%,2039
"2026-01-20 13:00",48696,48735,48683,48703,5,+0.01%,2405
"2026-01-20 12:45",48745,48758,48659,48698,-49.,-0.10%,3263
"2026-01-20 12:30",48859,48872,48742,48747,-114.,-0.23%,2533
"2026-01-20 12:15",48899,48911,48855,48861,-43.,-0.09%,1270
"2026-01-20 12:00",48861,48915,48850,48904,41,+0.08%,1352
"2026-01-20 11:45",48890,48890,48835,48863,-29.,-0.06%,2427
"2026-01-20 11:30",48947,48952,48870,48892,-57.,-0.12%,2946
"2026-01-20 11:15",49002,49021,48928,48949,-55.,-0.11%,1917
"2026-01-20 11:00",49018,49055,48964,49004,-17.,-0.03%,2086
"2026-01-20 10:45",48952,49035,48927,49021,67,+0.14%,2802
"2026-01-20 10:30",48976,49028,48936,48954,-23.,-0.05%,2786
"2026-01-20 10:15",48997,49009,48892,48977,-21.,-0.04%,3241
"2026-01-20 10:00",49048,49057,48919,48998,-50.,-0.10%,3887
"2026-01-20 09:45",49075,49087,48991,49048,-27.,-0.06%,3487
"2026-01-20 09:30",49034,49095,49025,49075,37,+0.08%,4617
"2026-01-20 09:15",48851,49062,48824,49038,188,+0.38%,5876
"2026-01-20 09:00",48858,48884,48756,48850,-8.,-0.02%,5179
"2026-01-20 08:45",48965,48969,48836,48858,-108.,-0.22%,7696
"2026-01-20 08:30",48807,48970,48783,48966,161,+0.33%,16080
"2026-01-20 08:15",48808,48832,48784,48805,-3.,-0.01%,2741
"2026-01-20 08:00",48823,48848,48808,48808,-16.,-0.03%,1338
"2026-01-20 07:45",48842,48849,48815,48824,-18.,-0.04%,1277
"2026-01-20 07:30",48894,48901,48798,48842,-53.,-0.11%,3696
"2026-01-20 07:15",48911,48951,48891,48895,-18.,-0.04%,1217
"2026-01-20 07:00",48940,48960,48908,48913,-25.,-0.05%,938
"2026-01-20 06:45",48935,48966,48927,48938,4,+0.01%,1123
"2026-01-20 06:30",48890,48936,48869,48934,41,+0.08%,954
"2026-01-20 06:15",48893,48914,48864,48893,0,0.00%,854
"2026-01-20 06:00",48914,48914,48862,48893,-21.,-0.04%,1324
"2026-01-20 05:45",48888,48928,48883,48914,27,+0.06%,678
"2026-01-20 05:30",48852,48890,48852,48887,34,+0.07%,898
"2026-01-20 05:15",48827,48882,48809,48853,28,+0.06%,667
"2026-01-20 05:00",48818,48849,48818,48825,5,+0.01%,454
"2026-01-20 04:45",48810,48830,48808,48820,13,+0.03%,421
"2026-01-20 04:30",48817,48827,48790,48807,-10.,-0.02%,500
"2026-01-20 04:15",48770,48824,48766,48817,48,+0.10%,609
"2026-01-20 04:00",48718,48773,48689,48769,48,+0.10%,566
"2026-01-20 03:45",48743,48743,48696,48721,-18.,-0.04%,869
"2026-01-20 03:30",48748,48766,48713,48739,-9.,-0.02%,961
"2026-01-20 03:15",48793,48796,48745,48748,-48.,-0.10%,819
"2026-01-20 03:00",48810,48832,48771,48796,-12.,-0.02%,787
"2026-01-20 02:45",48815,48841,48803,48808,-5.,-0.01%,924
"2026-01-20 02:30",48845,48845,48763,48813,-34.,-0.07%,1244
"2026-01-20 02:15",48900,48905,48826,48847,-55.,-0.11%,1006
"2026-01-20 02:00",48932,48935,48865,48902,-28.,-0.06%,1441
"2026-01-20 01:45",48907,48939,48892,48930,21,+0.04%,740
"2026-01-20 01:30",48926,48931,48901,48909,-18.,-0.04%,381
"2026-01-20 01:15",48928,48938,48893,48927,-1.,0.00%,660
"2026-01-20 01:00",48957,48966,48928,48928,-27.,-0.06%,597
"2026-01-20 00:45",48931,48961,48901,48955,27,+0.06%,654
"2026-01-20 00:30",48958,48972,48886,48928,-32.,-0.07%,1599
"2026-01-20 00:15",49068,49068,48951,48960,-108.,-0.22%,1121
"2026-01-20 00:00",49097,49097,49065,49068,-29.,-0.06%,224
"2026-01-19 23:45",49094,49114,49089,49097,2,0.00%,138
"2026-01-19 23:30",49105,49111,49088,49095,-9.,-0.02%,177
"2026-01-19 23:15",49092,49111,49076,49104,13,+0.03%,264
"2026-01-19 23:00",49080,49097,49075,49091,12,+0.02%,230
"2026-01-19 22:45",49100,49103,49072,49079,-17.,-0.03%,184
"2026-01-19 22:30",49101,49109,49096,49096,-5.,-0.01%,60
"2026-01-19 22:15",49098,49106,49097,49101,3,+0.01%,87
"2026-01-19 22:00",49123,49125,49098,49098,-25.,-0.05%,70
"2026-01-19 21:45",49122,49127,49121,49123,0,0.00%,81
"2026-01-19 21:30",49125,49130,49120,49123,-1.,0.00%,97
"2026-01-19 21:15",49119,49127,49117,49124,4,+0.01%,68
"2026-01-19 21:00",49114,49120,49107,49120,8,+0.02%,82
"2026-01-19 20:45",49113,49121,49105,49112,-1.,0.00%,397
"2026-01-19 20:30",49084,49115,49084,49113,27,+0.06%,145
"2026-01-19 20:15",49093,49098,49075,49086,-8.,-0.02%,232
"2026-01-19 20:00",49119,49120,49092,49094,-26.,-0.05%,188
"2026-01-19 19:45",49124,49130,49113,49120,-3.,-0.01%,84
"2026-01-19 19:30",49124,49144,49123,49123,-3.,-0.01%,184
"2026-01-19 19:15",49136,49136,49115,49126,-10.,-0.02%,288
"2026-01-19 19:00",49092,49147,49092,49136,44,+0.09%,878
"2026-01-19 18:45",49092,49112,49086,49092,0,0.00%,228
"2026-01-19 18:30",49076,49102,49059,49092,15,+0.03%,519
"2026-01-19 18:15",49092,49099,49069,49077,-17.,-0.03%,467
"2026-01-19 18:00",49121,49126,49088,49094,-33.,-0.07%,290
"2026-01-19 17:45",49116,49137,49115,49127,9,+0.02%,202
"2026-01-19 17:30",49148,49148,49114,49118,-27.,-0.05%,111
"2026-01-19 17:15",49156,49163,49145,49145,-5.,-0.01%,34
"2026-01-19 17:00",49146,49179,49127,49150,4,+0.01%,108
"2026-01-19 11:45",49153,49157,49137,49146,-2.,0.00%,356
"2026-01-19 11:30",49164,49164,49134,49148,-14.,-0.03%,242
"2026-01-19 11:15",49133,49163,49129,49162,28,+0.06%,210
"2026-01-19 11:00",49128,49154,49114,49134,2,0.00%,259
"2026-01-19 10:45",49124,49141,49122,49132,5,+0.01%,317
"2026-01-19 10:30",49103,49140,49103,49127,22,+0.04%,490
"2026-01-19 10:15",49203,49206,49092,49105,-98.,-0.20%,727
"2026-01-19 10:00",49116,49205,49106,49203,88,+0.18%,976
"2026-01-19 09:45",49114,49133,49091,49115,0,0.00%,366
"2026-01-19 09:30",49128,49131,49086,49115,-14.,-0.03%,878
"2026-01-19 09:15",49136,49148,49116,49129,-5.,-0.01%,595
"2026-01-19 09:00",49133,49149,49123,49134,1,0.00%,560
"2026-01-19 08:45",49094,49151,49089,49133,38,+0.08%,928
"2026-01-19 08:30",49129,49144,49069,49095,-35.,-0.07%,1531
"2026-01-19 08:15",49151,49153,49115,49130,-28.,-0.06%,405
"2026-01-19 08:00",49184,49206,49149,49158,-30.,-0.06%,278
"2026-01-19 07:45",49188,49211,49184,49188,-1.,0.00%,167
"2026-01-19 07:30",49143,49200,49140,49189,45,+0.09%,256
"2026-01-19 07:15",49165,49165,49130,49144,-21.,-0.04%,350
"2026-01-19 07:00",49163,49195,49160,49165,1,0.00%,211
"2026-01-19 06:45",49195,49222,49162,49164,-34.,-0.07%,503
"2026-01-19 06:30",49122,49200,49122,49198,78,+0.16%,691
"2026-01-19 06:15",49108,49127,49103,49120,13,+0.03%,426
"2026-01-19 06:00",49098,49114,49070,49107,4,+0.01%,422
"2026-01-19 05:45",49094,49114,49088,49103,10,+0.02%,223
"2026-01-19 05:30",49092,49098,49072,49093,3,+0.01%,245
"2026-01-19 05:15",49057,49104,49057,49090,33,+0.07%,276
"2026-01-19 05:00",49071,49086,49054,49057,-11.,-0.02%,384
"2026-01-19 04:45",49071,49094,49061,49068,-4.,-0.01%,254
"2026-01-19 04:30",49130,49130,49067,49072,-58.,-0.12%,263
"2026-01-19 04:15",49119,49143,49111,49130,15,+0.03%,301
"2026-01-19 04:00",49073,49121,49069,49115,39,+0.08%,310
"2026-01-19 03:45",49060,49097,49060,49076,17,+0.03%,372
"2026-01-19 03:30",49131,49138,49052,49059,-71.,-0.14%,538
"2026-01-19 03:15",49189,49200,49091,49130,-58.,-0.12%,863
"2026-01-19 03:00",49233,49238,49182,49188,-44.,-0.09%,283
"2026-01-19 02:45",49213,49232,49207,49232,19,+0.04%,147
"2026-01-19 02:30",49208,49252,49201,49213,5,+0.01%,286
"2026-01-19 02:15",49158,49245,49152,49208,52,+0.11%,718
"2026-01-19 02:00",49117,49166,49117,49156,42,+0.09%,646
"2026-01-19 01:45",49113,49127,49097,49114,-1.,0.00%,376
"2026-01-19 01:30",49153,49157,49111,49115,-38.,-0.08%,311
"2026-01-19 01:15",49155,49170,49143,49153,0,0.00%,308
"2026-01-19 01:00",49176,49179,49118,49153,-21.,-0.04%,671
"2026-01-19 00:45",49197,49218,49172,49174,-24.,-0.05%,292
"2026-01-19 00:30",49194,49203,49187,49198,4,+0.01%,152
"2026-01-19 00:15",49199,49199,49187,49194,-3.,-0.01%,91
"2026-01-19 00:00",49186,49200,49181,49197,11,+0.02%,55
"2026-01-18 23:45",49188,49195,49179,49186,-3.,-0.01%,100
"2026-01-18 23:30",49194,49199,49183,49189,-6.,-0.01%,85
"2026-01-18 23:15",49170,49196,49159,49195,25,+0.05%,142
"2026-01-18 23:00",49175,49178,49158,49170,-5.,-0.01%,167
"2026-01-18 22:45",49184,49186,49171,49175,-11.,-0.02%,85
"2026-01-18 22:30",49188,49191,49186,49186,1,0.00%,46
"2026-01-18 22:15",49187,49187,49179,49185,-1.,0.00%,63
"2026-01-18 22:00",49201,49201,49184,49186,-14.,-0.03%,80
"2026-01-18 21:45",49205,49205,49190,49200,-5.,-0.01%,101
"2026-01-18 21:30",49199,49207,49192,49205,11,+0.02%,67
"2026-01-18 21:15",49199,49204,49187,49194,-4.,-0.01%,144
"2026-01-18 21:00",49208,49209,49194,49198,-9.,-0.02%,124
"2026-01-18 20:45",49205,49214,49199,49207,5,+0.01%,107
"2026-01-18 20:30",49209,49209,49196,49202,-7.,-0.01%,91
"2026-01-18 20:15",49206,49214,49204,49209,1,0.00%,79
"2026-01-18 20:00",49173,49208,49172,49208,34,+0.07%,294
"2026-01-18 19:45",49187,49196,49169,49174,-14.,-0.03%,332
"2026-01-18 19:30",49217,49223,49186,49188,-29.,-0.06%,179
"2026-01-18 19:15",49229,49247,49217,49217,-10.,-0.02%,265
"2026-01-18 19:00",49225,49233,49196,49227,3,+0.01%,213
"2026-01-18 18:45",49226,49236,49220,49224,-1.,0.00%,166
"2026-01-18 18:30",49210,49236,49203,49225,12,+0.02%,501
"2026-01-18 18:15",49241,49243,49178,49213,-31.,-0.06%,1032
"2026-01-18 18:00",49285,49286,49228,49244,-44.,-0.09%,507
"2026-01-18 17:45",49273,49297,49229,49288,14,+0.03%,278
"2026-01-18 17:30",49279,49285,49258,49274,-6.,-0.01%,173
"2026-01-18 17:15",49236,49285,49182,49280,52,+0.11%,362
"2026-01-18 17:00",49310,49328,49160,49228,-326.,-0.66%,1539
"2026-01-16 15:45",49544,49557,49542,49554,9,+0.02%,222
"2026-01-16 15:30",49537,49547,49535,49545,3,+0.01%,185
"2026-01-16 15:15",49523,49543,49521,49542,18,+0.04%,471
"2026-01-16 15:00",49546,49560,49507,49524,-22.,-0.04%,1602
"2026-01-16 14:45",49541,49601,49514,49546,4,+0.01%,6005
"2026-01-16 14:30",49554,49565,49527,49542,-13.,-0.03%,2343
"2026-01-16 14:15",49605,49605,49555,49555,-50.,-0.10%,1243
"2026-01-16 14:00",49608,49618,49591,49605,-3.,-0.01%,1049
"2026-01-16 13:45",49636,49647,49604,49608,-26.,-0.05%,1279
"2026-01-16 13:30",49588,49662,49586,49634,47,+0.09%,1866
"2026-01-16 13:15",49638,49645,49583,49587,-50.,-0.10%,1939
"2026-01-16 13:00",49637,49715,49632,49637,-2.,0.00%,2458
"2026-01-16 12:45",49643,49658,49623,49639,-1.,0.00%,855
"2026-01-16 12:30",49661,49676,49635,49640,-23.,-0.05%,850
"2026-01-16 12:15",49640,49684,49640,49663,22,+0.04%,1543
"2026-01-16 12:00",49595,49648,49584,49641,42,+0.08%,1151
"2026-01-16 11:45",49619,49623,49575,49599,-19.,-0.04%,1238
"2026-01-16 11:30",49585,49624,49577,49618,30,+0.06%,1567
"2026-01-16 11:15",49599,49615,49575,49588,-14.,-0.03%,1029
"2026-01-16 11:00",49590,49627,49586,49602,8,+0.02%,1401
"2026-01-16 10:45",49645,49667,49563,49594,-52.,-0.10%,2256
"2026-01-16 10:30",49616,49650,49609,49646,31,+0.06%,2229
"2026-01-16 10:15",49598,49626,49579,49615,20,+0.04%,2223
"2026-01-16 10:00",49544,49636,49533,49595,50,+0.10%,3570
"2026-01-16 09:45",49481,49562,49463,49545,65,+0.13%,3475
"2026-01-16 09:30",49556,49569,49424,49480,-77.,-0.16%,4977
"2026-01-16 09:15",49559,49604,49541,49557,-1.,0.00%,3510
"2026-01-16 09:00",49517,49606,49486,49558,38,+0.08%,4807
"2026-01-16 08:45",49588,49665,49511,49520,-67.,-0.14%,6215
"2026-01-16 08:30",49642,49799,49580,49587,-56.,-0.11%,12446
"2026-01-16 08:15",49650,49675,49628,49643,-8.,-0.02%,2358
"2026-01-16 08:00",49643,49660,49630,49651,6,+0.01%,804
"2026-01-16 07:45",49639,49660,49639,49645,4,+0.01%,457
"2026-01-16 07:30",49656,49669,49628,49641,-12.,-0.02%,438
"2026-01-16 07:15",49637,49656,49625,49653,18,+0.04%,519
"2026-01-16 07:00",49626,49640,49600,49635,8,+0.02%,795
"2026-01-16 06:45",49657,49660,49607,49627,-28.,-0.06%,1018
"2026-01-16 06:30",49632,49656,49626,49655,25,+0.05%,234
"2026-01-16 06:15",49650,49662,49615,49630,-20.,-0.04%,346
"2026-01-16 06:00",49637,49653,49632,49650,12,+0.02%,337
"2026-01-16 05:45",49673,49674,49634,49638,-37.,-0.07%,568
"2026-01-16 05:30",49681,49688,49674,49675,-5.,-0.01%,318
"2026-01-16 05:15",49700,49711,49666,49680,-20.,-0.04%,657
"2026-01-16 05:00",49687,49703,49680,49700,12,+0.02%,144
"2026-01-16 04:45",49697,49697,49683,49688,-9.,-0.02%,166
"2026-01-16 04:30",49705,49711,49697,49697,-6.,-0.01%,196
"2026-01-16 04:15",49691,49706,49685,49703,11,+0.02%,159
"2026-01-16 04:00",49684,49702,49683,49692,10,+0.02%,150
"2026-01-16 03:45",49694,49697,49677,49682,-15.,-0.03%,239
"2026-01-16 03:30",49713,49713,49696,49697,-15.,-0.03%,221
"2026-01-16 03:15",49698,49714,49687,49712,14,+0.03%,256
"2026-01-16 03:00",49694,49706,49693,49698,4,+0.01%,183
"2026-01-16 02:45",49693,49706,49688,49694,0,0.00%,242
"2026-01-16 02:30",49704,49705,49687,49694,-11.,-0.02%,251
"2026-01-16 02:15",49712,49722,49697,49705,-7.,-0.01%,415
"2026-01-16 02:00",49712,49731,49711,49712,0,0.00%,216
"2026-01-16 01:45",49731,49735,49710,49712,-16.,-0.03%,820
"2026-01-16 01:30",49724,49731,49709,49728,2,0.00%,134
"2026-01-16 01:15",49732,49733,49721,49726,-7.,-0.01%,65
"2026-01-16 01:00",49728,49737,49723,49733,8,+0.02%,126
"2026-01-16 00:45",49721,49729,49718,49725,4,+0.01%,69
"2026-01-16 00:30",49718,49723,49714,49721,7,+0.01%,120
"2026-01-16 00:15",49720,49723,49714,49714,-9.,-0.02%,50
"2026-01-16 00:00",49729,49729,49716,49723,-4.,-0.01%,84
"2026-01-15 23:45",49741,49747,49724,49727,-13.,-0.03%,461
"2026-01-15 23:30",49741,49744,49725,49740,0,0.00%,566
"2026-01-15 23:15",49734,49744,49730,49740,7,+0.01%,87
"2026-01-15 23:00",49747,49748,49731,49733,-14.,-0.03%,62
"2026-01-15 22:45",49735,49747,49735,49747,11,+0.02%,61
"2026-01-15 22:30",49738,49740,49733,49736,-3.,-0.01%,24
"2026-01-15 22:15",49730,49750,49728,49739,8,+0.02%,122
"2026-01-15 22:00",49725,49731,49719,49731,6,+0.01%,75
"2026-01-15 21:45",49726,49730,49719,49725,-1.,0.00%,64
"2026-01-15 21:30",49718,49728,49717,49726,8,+0.02%,82
"2026-01-15 21:15",49713,49727,49713,49718,3,+0.01%,109
"2026-01-15 21:00",49708,49718,49706,49715,6,+0.01%,68
"2026-01-15 20:45",49710,49712,49704,49709,2,0.00%,67
"2026-01-15 20:30",49694,49709,49694,49707,12,+0.02%,126
"2026-01-15 20:15",49680,49695,49677,49695,15,+0.03%,88
"2026-01-15 20:00",49674,49680,49665,49680,6,+0.01%,128
"2026-01-15 19:45",49671,49680,49671,49674,1,0.00%,59
"2026-01-15 19:30",49662,49681,49662,49673,8,+0.02%,163
"2026-01-15 19:15",49667,49669,49645,49665,-1.,0.00%,218
"2026-01-15 19:00",49675,49687,49665,49666,-7.,-0.01%,210
"2026-01-15 18:45",49673,49676,49665,49673,1,0.00%,81
"2026-01-15 18:30",49671,49672,49665,49672,3,+0.01%,86
"2026-01-15 18:15",49670,49672,49664,49669,-1.,0.00%,109
"2026-01-15 18:00",49673,49682,49659,49670,-5.,-0.01%,128
"2026-01-15 17:45",49663,49677,49663,49675,13,+0.03%,85
"2026-01-15 17:30",49681,49685,49660,49662,-18.,-0.04%,137
"2026-01-15 17:15",49672,49684,49672,49680,5,+0.01%,97
"2026-01-15 17:00",49653,49675,49645,49675,32,+0.06%,208
"2026-01-15 15:45",49649,49650,49642,49643,-5.,-0.01%,143
"2026-01-15 15:30",49641,49652,49631,49648,10,+0.02%,217
"2026-01-15 15:15",49630,49643,49630,49638,10,+0.02%,178
"2026-01-15 15:00",49650,49659,49626,49628,-23.,-0.05%,1424
"2026-01-15 14:45",49608,49653,49590,49651,44,+0.09%,5274
"2026-01-15 14:30",49614,49666,49594,49607,-5.,-0.01%,2207
"2026-01-15 14:15",49664,49668,49596,49612,-53.,-0.11%,2352
"2026-01-15 14:00",49681,49701,49660,49665,-17.,-0.03%,1144
"2026-01-15 13:45",49699,49739,49674,49682,-17.,-0.03%,1651
"2026-01-15 13:30",49729,49731,49665,49699,-29.,-0.06%,2204
"2026-01-15 13:15",49770,49790,49721,49728,-42.,-0.08%,1791
"2026-01-15 13:00",49756,49782,49721,49770,13,+0.03%,1443
"2026-01-15 12:45",49768,49772,49742,49757,-11.,-0.02%,938
"2026-01-15 12:30",49752,49792,49751,49768,15,+0.03%,1659
"2026-01-15 12:15",49733,49755,49725,49753,19,+0.04%,1186
"2026-01-15 12:00",49685,49760,49679,49734,47,+0.09%,1516
"2026-01-15 11:45",49741,49770,49686,49687,-54.,-0.11%,1626
"2026-01-15 11:30",49706,49745,49691,49741,36,+0.07%,1411
"2026-01-15 11:15",49750,49754,49700,49705,-46.,-0.09%,1265
"2026-01-15 11:00",49730,49773,49719,49751,21,+0.04%,1693
"2026-01-15 10:45",49756,49763,49727,49730,-29.,-0.06%,2085
"2026-01-15 10:30",49750,49770,49739,49759,7,+0.01%,1918
"2026-01-15 10:15",49737,49764,49704,49752,16,+0.03%,2524
"2026-01-15 10:00",49679,49752,49673,49736,55,+0.11%,3860
"2026-01-15 09:45",49628,49691,49572,49681,53,+0.11%,4641
"2026-01-15 09:30",49665,49683,49619,49628,-36.,-0.07%,3823
"2026-01-15 09:15",49603,49694,49573,49664,59,+0.12%,5482
"2026-01-15 09:00",49530,49623,49528,49605,73,+0.15%,5813
"2026-01-15 08:45",49461,49547,49430,49532,69,+0.14%,5633
"2026-01-15 08:30",49437,49594,49422,49463,26,+0.05%,14979
"2026-01-15 08:15",49365,49438,49350,49437,73,+0.15%,2226
"2026-01-15 08:00",49326,49373,49299,49364,39,+0.08%,856
"2026-01-15 07:45",49342,49342,49316,49325,-18.,-0.04%,641
"2026-01-15 07:30",49319,49349,49288,49343,19,+0.04%,1782
"2026-01-15 07:15",49320,49340,49307,49324,3,+0.01%,614
"2026-01-15 07:00",49371,49384,49307,49321,-52.,-0.11%,1833
"2026-01-15 06:45",49444,49444,49353,49373,-70.,-0.14%,1635
"2026-01-15 06:30",49425,49465,49422,49443,19,+0.04%,1378
"2026-01-15 06:15",49395,49508,49376,49424,29,+0.06%,4851
"2026-01-15 06:00",49389,49397,49372,49395,6,+0.01%,368
"2026-01-15 05:45",49395,49403,49381,49389,-7.,-0.01%,330
"2026-01-15 05:30",49416,49421,49393,49396,-20.,-0.04%,430
"2026-01-15 05:15",49413,49426,49409,49416,3,+0.01%,520
"2026-01-15 05:00",49412,49419,49401,49413,2,0.00%,242
"2026-01-15 04:45",49411,49418,49406,49411,-2.,0.00%,224
"2026-01-15 04:30",49397,49413,49394,49413,19,+0.04%,262
"2026-01-15 04:15",49400,49405,49391,49394,-6.,-0.01%,403
"2026-01-15 04:00",49399,49406,49380,49400,0,0.00%,301
"2026-01-15 03:45",49412,49422,49393,49400,-12.,-0.02%,383
"2026-01-15 03:30",49388,49418,49388,49412,26,+0.05%,603
"2026-01-15 03:15",49378,49392,49371,49386,8,+0.02%,546
"2026-01-15 03:00",49345,49378,49333,49378,33,+0.07%,359
"2026-01-15 02:45",49335,49347,49322,49345,11,+0.02%,207
"2026-01-15 02:30",49317,49336,49314,49334,19,+0.04%,163
"2026-01-15 02:15",49320,49334,49314,49315,-2.,0.00%,264
"2026-01-15 02:00",49324,49341,49304,49317,-8.,-0.02%,429
"2026-01-15 01:45",49327,49335,49311,49325,-2.,0.00%,270
"2026-01-15 01:30",49324,49334,49317,49327,0,0.00%,318
"2026-01-15 01:15",49323,49329,49310,49327,6,+0.01%,272
"2026-01-15 01:00",49342,49350,49321,49321,-21.,-0.04%,286
"2026-01-15 00:45",49359,49359,49342,49342,-17.,-0.03%,183
"2026-01-15 00:30",49343,49362,49331,49359,17,+0.03%,198
"2026-01-15 00:15",49349,49385,49342,49342,-7.,-0.01%,553
"2026-01-15 00:00",49331,49358,49326,49349,15,+0.03%,173
"2026-01-14 23:45",49347,49368,49329,49334,-10.,-0.02%,827
"2026-01-14 23:30",49337,49350,49323,49344,6,+0.01%,362
"2026-01-14 23:15",49328,49340,49328,49338,10,+0.02%,156
"2026-01-14 23:00",49301,49331,49300,49328,25,+0.05%,156
"2026-01-14 22:45",49306,49308,49298,49303,-3.,-0.01%,83
"2026-01-14 22:30",49305,49310,49297,49306,0,0.00%,76
"2026-01-14 22:15",49304,49311,49297,49306,2,0.00%,77
"2026-01-14 22:00",49302,49310,49295,49304,4,+0.01%,135
"2026-01-14 21:45",49298,49304,49293,49300,-2.,0.00%,78
"2026-01-14 21:30",49305,49313,49294,49302,-4.,-0.01%,150
"2026-01-14 21:15",49323,49326,49301,49306,-18.,-0.04%,1152
"2026-01-14 21:00",49322,49337,49322,49324,1,0.00%,265
"2026-01-14 20:45",49316,49329,49310,49323,7,+0.01%,37
"2026-01-14 20:30",49321,49325,49310,49316,-6.,-0.01%,89
"2026-01-14 20:15",49339,49341,49319,49322,-17.,-0.03%,95
"2026-01-14 20:00",49333,49342,49329,49339,6,+0.01%,92
"2026-01-14 19:45",49314,49336,49314,49333,16,+0.03%,120
"2026-01-14 19:30",49305,49322,49270,49317,7,+0.01%,393
"2026-01-14 19:15",49301,49327,49299,49310,9,+0.02%,1083
"2026-01-14 19:00",49289,49320,49288,49301,11,+0.02%,337
"2026-01-14 18:45",49288,49294,49278,49290,2,0.00%,171
"2026-01-14 18:30",49281,49290,49281,49288,9,+0.02%,111
"2026-01-14 18:15",49285,49292,49272,49279,-10.,-0.02%,123
"2026-01-14 18:00",49293,49299,49284,49289,-2.,0.00%,270
"2026-01-14 17:45",49278,49300,49277,49291,11,+0.02%,188
"2026-01-14 17:30",49302,49305,49271,49280,-19.,-0.04%,1050
"2026-01-14 17:15",49299,49312,49253,49299,4,+0.01%,182
"2026-01-14 17:00",49277,49319,49276,49295,-9.,-0.02%,291
"2026-01-14 15:45",49321,49337,49220,49304,-14.,-0.03%,1235
"2026-01-14 15:30",49320,49327,49308,49318,-4.,-0.01%,306
"2026-01-14 15:15",49338,49338,49314,49322,-17.,-0.03%,368
"2026-01-14 15:00",49367,49388,49322,49339,-29.,-0.06%,2286
"2026-01-14 14:45",49288,49373,49242,49368,80,+0.16%,6790
"2026-01-14 14:30",49322,49380,49286,49288,-35.,-0.07%,3301
"2026-01-14 14:15",49274,49323,49240,49323,50,+0.10%,1713
"2026-01-14 14:00",49239,49320,49196,49273,31,+0.06%,5656
"2026-01-14 13:45",49226,49260,49219,49242,13,+0.03%,1287
"2026-01-14 13:30",49235,49248,49182,49229,-4.,-0.01%,1255
"2026-01-14 13:15",49236,49250,49214,49233,-8.,-0.02%,1162
"2026-01-14 13:00",49236,49259,49209,49241,5,+0.01%,1816
"2026-01-14 12:45",49148,49246,49144,49236,92,+0.19%,2026
"2026-01-14 12:30",49199,49220,49127,49144,-54.,-0.11%,1492
"2026-01-14 12:15",49176,49202,49140,49198,21,+0.04%,1543
"2026-01-14 12:00",49133,49186,49115,49177,44,+0.09%,1554
"2026-01-14 11:45",49159,49184,49107,49133,-26.,-0.05%,1810
"2026-01-14 11:30",49139,49166,49083,49159,17,+0.03%,2118
"2026-01-14 11:15",49149,49171,49094,49142,-9.,-0.02%,2400
"2026-01-14 11:00",49098,49167,49085,49151,53,+0.11%,2793
"2026-01-14 10:45",49159,49161,49057,49098,-63.,-0.13%,4284
"2026-01-14 10:30",49311,49349,49157,49161,-151.,-0.31%,3640
"2026-01-14 10:15",49155,49317,49154,49312,157,+0.32%,3500
"2026-01-14 10:00",49157,49164,49102,49155,-1.,0.00%,2398
"2026-01-14 09:45",49154,49176,49088,49156,0,0.00%,3766
"2026-01-14 09:30",49197,49214,49091,49156,-41.,-0.08%,5909
"2026-01-14 09:15",49349,49364,49197,49197,-152.,-0.31%,4609
"2026-01-14 09:00",49212,49355,49150,49349,135,+0.27%,9082
"2026-01-14 08:45",49256,49352,49201,49214,-41.,-0.08%,6416
"2026-01-14 08:30",49278,49400,49255,49255,-22.,-0.04%,14589
"2026-01-14 08:15",49252,49286,49214,49277,21,+0.04%,1921
"2026-01-14 08:00",49240,49258,49230,49256,17,+0.03%,698
"2026-01-14 07:45",49235,49256,49218,49239,3,+0.01%,364
"2026-01-14 07:30",49287,49291,49231,49236,-49.,-0.10%,937
"2026-01-14 07:15",49250,49288,49246,49285,33,+0.07%,817
"2026-01-14 07:00",49273,49276,49248,49252,-23.,-0.05%,652
"2026-01-14 06:45",49287,49290,49267,49275,-14.,-0.03%,212
"2026-01-14 06:30",49295,49316,49286,49289,-7.,-0.01%,405
"2026-01-14 06:15",49263,49297,49260,49296,33,+0.07%,425
"2026-01-14 06:00",49248,49269,49210,49263,16,+0.03%,753
"2026-01-14 05:45",49242,49262,49235,49247,5,+0.01%,385
"2026-01-14 05:30",49256,49264,49230,49242,-14.,-0.03%,1107
"2026-01-14 05:15",49247,49263,49238,49256,11,+0.02%,308
"2026-01-14 05:00",49241,49247,49208,49245,4,+0.01%,585
"2026-01-14 04:45",49259,49259,49228,49241,-17.,-0.03%,563
"2026-01-14 04:30",49267,49287,49247,49258,-14.,-0.03%,627
"2026-01-14 04:15",49317,49317,49259,49272,-44.,-0.09%,579
"2026-01-14 04:00",49329,49330,49311,49316,-15.,-0.03%,158
"2026-01-14 03:45",49334,49339,49317,49331,-2.,0.00%,275
"2026-01-14 03:30",49335,49343,49324,49333,0,0.00%,307
"2026-01-14 03:15",49329,49338,49326,49333,5,+0.01%,172
"2026-01-14 03:00",49305,49332,49301,49328,21,+0.04%,291
"2026-01-14 02:45",49300,49308,49279,49307,5,+0.01%,193
"2026-01-14 02:30",49306,49306,49286,49302,-3.,-0.01%,264
"2026-01-14 02:15",49305,49312,49294,49305,0,0.00%,304
"2026-01-14 02:00",49289,49309,49287,49305,17,+0.03%,390
"2026-01-14 01:45",49289,49289,49276,49288,0,0.00%,200
"2026-01-14 01:30",49287,49294,49281,49288,1,0.00%,167
"2026-01-14 01:15",49291,49295,49279,49287,-3.,-0.01%,172
"2026-01-14 01:00",49293,49305,49288,49290,-2.,0.00%,251
"2026-01-14 00:45",49276,49292,49263,49292,17,+0.03%,228
"2026-01-14 00:30",49261,49278,49259,49275,17,+0.03%,149
"2026-01-14 00:15",49270,49274,49258,49258,-11.,-0.02%,179
"2026-01-14 00:00",49264,49273,49257,49269,4,+0.01%,561
"2026-01-13 23:45",49268,49270,49257,49265,-4.,-0.01%,185
"2026-01-13 23:30",49280,49282,49264,49269,-10.,-0.02%,165
"2026-01-13 23:15",49281,49285,49275,49279,-7.,-0.01%,121
"2026-01-13 23:00",49277,49288,49268,49286,10,+0.02%,118
"2026-01-13 22:45",49295,49295,49271,49276,-20.,-0.04%,146
"2026-01-13 22:30",49297,49301,49292,49296,-3.,-0.01%,79
"2026-01-13 22:15",49308,49309,49298,49299,-10.,-0.02%,92
"2026-01-13 22:00",49322,49329,49308,49309,-14.,-0.03%,74
"2026-01-13 21:45",49325,49328,49304,49323,-2.,0.00%,544
"2026-01-13 21:30",49333,49338,49325,49325,-7.,-0.01%,159
"2026-01-13 21:15",49335,49335,49328,49332,-4.,-0.01%,87
"2026-01-13 21:00",49319,49338,49318,49336,16,+0.03%,137
"2026-01-13 20:45",49307,49320,49305,49320,14,+0.03%,76
"2026-01-13 20:30",49311,49323,49304,49306,-4.,-0.01%,675
"2026-01-13 20:15",49307,49314,49301,49310,3,+0.01%,293
"2026-01-13 20:00",49307,49315,49292,49307,-1.,0.00%,239
"2026-01-13 19:45",49328,49330,49304,49308,-20.,-0.04%,344
"2026-01-13 19:30",49345,49349,49326,49328,-18.,-0.04%,146
"2026-01-13 19:15",49340,49349,49339,49346,9,+0.02%,155
"2026-01-13 19:00",49360,49363,49335,49337,-24.,-0.05%,184
"2026-01-13 18:45",49363,49369,49360,49361,-3.,-0.01%,102
"2026-01-13 18:30",49373,49374,49362,49364,-7.,-0.01%,144
"2026-01-13 18:15",49375,49377,49366,49371,-2.,0.00%,151
"2026-01-13 18:00",49359,49381,49352,49373,12,+0.02%,239
"2026-01-13 17:45",49370,49370,49356,49361,-8.,-0.02%,75
"2026-01-13 17:30",49361,49377,49361,49369,7,+0.01%,79
"2026-01-13 17:15",49375,49379,49360,49362,-11.,-0.02%,133
"2026-01-13 17:00",49372,49387,49365,49373,-13.,-0.03%,356
"2026-01-13 15:45",49382,49386,49377,49386,4,+0.01%,186
"2026-01-13 15:30",49389,49396,49381,49382,-7.,-0.01%,266
"2026-01-13 15:15",49385,49393,49384,49389,2,0.00%,265
"2026-01-13 15:00",49404,49424,49382,49387,-16.,-0.03%,1921
"2026-01-13 14:45",49326,49418,49306,49403,77,+0.16%,5476
"2026-01-13 14:30",49332,49339,49274,49326,-7.,-0.01%,2665
"2026-01-13 14:15",49375,49383,49320,49333,-44.,-0.09%,2265
"2026-01-13 14:00",49416,49416,49370,49377,-37.,-0.07%,1588
"2026-01-13 13:45",49407,49423,49383,49414,7,+0.01%,1452
"2026-01-13 13:30",49445,49467,49399,49407,-39.,-0.08%,1385
"2026-01-13 13:15",49411,49458,49405,49446,36,+0.07%,2815
"2026-01-13 13:00",49462,49478,49389,49410,-49.,-0.10%,2082
"2026-01-13 12:45",49491,49503,49442,49459,-31.,-0.06%,1419
"2026-01-13 12:30",49446,49516,49428,49490,45,+0.09%,1436
"2026-01-13 12:15",49441,49458,49416,49445,4,+0.01%,1247
"2026-01-13 12:00",49454,49459,49393,49441,-14.,-0.03%,3259
"2026-01-13 11:45",49496,49510,49439,49455,-43.,-0.09%,1332
"2026-01-13 11:30",49507,49521,49440,49498,-12.,-0.02%,1922
"2026-01-13 11:15",49535,49541,49474,49510,-23.,-0.05%,1961
"2026-01-13 11:00",49505,49534,49477,49533,28,+0.06%,1349
"2026-01-13 10:45",49523,49532,49478,49505,-18.,-0.04%,1977
"2026-01-13 10:30",49496,49538,49455,49523,24,+0.05%,2176
"2026-01-13 10:15",49500,49556,49411,49499,-1.,0.00%,3862
"2026-01-13 10:00",49500,49543,49471,49500,-4.,-0.01%,2432
"2026-01-13 09:45",49562,49564,49481,49504,-57.,-0.12%,3536
"2026-01-13 09:30",49463,49619,49455,49561,98,+0.20%,6339
"2026-01-13 09:15",49451,49477,49417,49463,14,+0.03%,4146
"2026-01-13 09:00",49515,49541,49432,49449,-64.,-0.13%,6082
"2026-01-13 08:45",49600,49601,49477,49513,-86.,-0.17%,7006
"2026-01-13 08:30",49771,49813,49590,49599,-173.,-0.35%,12002
"2026-01-13 08:15",49815,49823,49753,49772,-40.,-0.08%,2273
"2026-01-13 08:00",49765,49819,49757,49812,45,+0.09%,1068
"2026-01-13 07:45",49806,49809,49711,49767,-39.,-0.08%,1340
"2026-01-13 07:30",49695,49901,49669,49806,118,+0.24%,3435
"2026-01-13 07:15",49703,49711,49674,49688,-13.,-0.03%,615
"2026-01-13 07:00",49696,49715,49686,49701,6,+0.01%,579
"2026-01-13 06:45",49745,49745,49694,49695,-49.,-0.10%,718
"2026-01-13 06:30",49746,49762,49740,49744,-2.,0.00%,387
"2026-01-13 06:15",49772,49774,49740,49746,-28.,-0.06%,669
"2026-01-13 06:00",49796,49798,49765,49774,-23.,-0.05%,717
"2026-01-13 05:45",49746,49830,49728,49797,51,+0.10%,2998
"2026-01-13 05:30",49743,49762,49691,49746,3,+0.01%,2592
"2026-01-13 05:15",49741,49744,49736,49743,1,0.00%,129
"2026-01-13 05:00",49746,49748,49739,49742,-2.,0.00%,107
"2026-01-13 04:45",49736,49748,49730,49744,9,+0.02%,127
"2026-01-13 04:30",49737,49749,49735,49735,-2.,0.00%,176
"2026-01-13 04:15",49730,49743,49716,49737,8,+0.02%,300
"2026-01-13 04:00",49749,49752,49726,49729,-20.,-0.04%,242
"2026-01-13 03:45",49748,49754,49734,49749,0,0.00%,351
"2026-01-13 03:30",49749,49762,49747,49749,1,0.00%,231
"2026-01-13 03:15",49749,49753,49744,49748,-2.,0.00%,323
"2026-01-13 03:00",49760,49763,49747,49750,-12.,-0.02%,292
"2026-01-13 02:45",49754,49762,49748,49762,8,+0.02%,128
"2026-01-13 02:30",49755,49757,49740,49754,0,0.00%,177
"2026-01-13 02:15",49754,49762,49746,49754,-1.,0.00%,211
"2026-01-13 02:00",49765,49767,49752,49755,-15.,-0.03%,295
"2026-01-13 01:45",49764,49771,49761,49770,7,+0.01%,117
"2026-01-13 01:30",49776,49776,49762,49763,-13.,-0.03%,153
"2026-01-13 01:15",49778,49779,49761,49776,0,0.00%,128
"2026-01-13 01:00",49772,49777,49765,49776,4,+0.01%,219
"2026-01-13 00:45",49772,49783,49769,49772,1,0.00%,146
"2026-01-13 00:30",49766,49772,49759,49771,7,+0.01%,112
"2026-01-13 00:15",49772,49774,49764,49764,-13.,-0.03%,50
"2026-01-13 00:00",49781,49784,49775,49777,-5.,-0.01%,82
"2026-01-12 23:45",49780,49785,49775,49782,2,0.00%,72
"2026-01-12 23:30",49784,49784,49770,49780,-3.,-0.01%,66
"2026-01-12 23:15",49788,49788,49779,49783,-5.,-0.01%,82
"2026-01-12 23:00",49799,49801,49786,49788,-9.,-0.02%,49
"2026-01-12 22:45",49784,49799,49782,49797,12,+0.02%,42
"2026-01-12 22:30",49794,49795,49785,49785,-8.,-0.02%,62
"2026-01-12 22:15",49793,49799,49790,49793,6,+0.01%,73
"2026-01-12 22:00",49784,49790,49782,49787,4,+0.01%,36
"2026-01-12 21:45",49788,49788,49781,49783,-8.,-0.02%,68
"2026-01-12 21:30",49793,49794,49787,49791,-3.,-0.01%,65
"2026-01-12 21:15",49795,49801,49790,49794,1,0.00%,70
"2026-01-12 21:00",49787,49799,49785,49793,7,+0.01%,91
"2026-01-12 20:45",49785,49790,49782,49786,2,0.00%,62
"2026-01-12 20:30",49777,49789,49771,49784,5,+0.01%,146
"2026-01-12 20:15",49780,49782,49771,49779,-1.,0.00%,51
"2026-01-12 20:00",49764,49785,49759,49780,17,+0.03%,173
"2026-01-12 19:45",49749,49779,49747,49763,16,+0.03%,288
"2026-01-12 19:30",49744,49749,49737,49747,5,+0.01%,140
"2026-01-12 19:15",49730,49748,49728,49742,10,+0.02%,169
"2026-01-12 19:00",49739,49746,49729,49732,-11.,-0.02%,150
"2026-01-12 18:45",49742,49750,49735,49743,0,0.00%,201
"2026-01-12 18:30",49743,49754,49737,49743,0,0.00%,213
"2026-01-12 18:15",49743,49765,49742,49743,-1.,0.00%,139
"2026-01-12 18:00",49749,49752,49738,49744,-8.,-0.02%,234
"2026-01-12 17:45",49766,49766,49750,49752,-13.,-0.03%,122
"2026-01-12 17:30",49759,49770,49756,49765,5,+0.01%,94
"2026-01-12 17:15",49753,49774,49753,49760,9,+0.02%,128
"2026-01-12 17:00",49764,49769,49732,49751,-11.,-0.02%,277
"2026-01-12 15:45",49794,49795,49748,49762,-33.,-0.07%,451
"2026-01-12 15:30",49789,49796,49784,49795,5,+0.01%,139
"2026-01-12 15:15",49789,49795,49779,49790,-2.,0.00%,237
"2026-01-12 15:00",49807,49808,49786,49792,-16.,-0.03%,1109
"2026-01-12 14:45",49802,49855,49789,49808,7,+0.01%,5142
"2026-01-12 14:30",49755,49805,49753,49801,45,+0.09%,1437
"2026-01-12 14:15",49777,49785,49724,49756,-22.,-0.04%,1838
"2026-01-12 14:00",49785,49806,49770,49778,-6.,-0.01%,914
"2026-01-12 13:45",49760,49801,49752,49784,24,+0.05%,1012
"2026-01-12 13:30",49732,49791,49725,49760,26,+0.05%,1764
"2026-01-12 13:15",49747,49750,49716,49734,-12.,-0.02%,988
"2026-01-12 13:00",49753,49764,49722,49746,-10.,-0.02%,925
"2026-01-12 12:45",49737,49763,49737,49756,19,+0.04%,738
"2026-01-12 12:30",49739,49754,49725,49737,-1.,0.00%,916
"2026-01-12 12:15",49730,49745,49720,49738,9,+0.02%,982
"2026-01-12 12:00",49668,49743,49658,49729,61,+0.12%,1564
"2026-01-12 11:45",49641,49685,49639,49668,28,+0.06%,1163
"2026-01-12 11:30",49641,49641,49604,49640,-1.,0.00%,979
"2026-01-12 11:15",49632,49643,49605,49641,7,+0.01%,1388
"2026-01-12 11:00",49645,49674,49620,49634,-12.,-0.02%,1610
"2026-01-12 10:45",49676,49713,49635,49646,-28.,-0.06%,2052
"2026-01-12 10:30",49639,49680,49630,49674,36,+0.07%,1929
"2026-01-12 10:15",49637,49658,49619,49638,2,0.00%,2435
"2026-01-12 10:00",49636,49642,49593,49636,1,0.00%,2337
"2026-01-12 09:45",49567,49641,49553,49635,67,+0.14%,3768
"2026-01-12 09:30",49463,49569,49460,49568,105,+0.21%,3551
"2026-01-12 09:15",49436,49487,49430,49463,30,+0.06%,3229
"2026-01-12 09:00",49547,49559,49413,49433,-116.,-0.23%,4863
"2026-01-12 08:45",49466,49566,49452,49549,84,+0.17%,6099
"2026-01-12 08:30",49449,49520,49212,49465,15,+0.03%,15020
"2026-01-12 08:15",49423,49461,49408,49450,25,+0.05%,2112
"2026-01-12 08:00",49408,49429,49394,49425,17,+0.03%,774
"2026-01-12 07:45",49396,49420,49384,49408,12,+0.02%,633
"2026-01-12 07:30",49421,49427,49392,49396,-25.,-0.05%,594
"2026-01-12 07:15",49380,49426,49377,49421,41,+0.08%,816
"2026-01-12 07:00",49392,49392,49368,49380,-10.,-0.02%,553
"2026-01-12 06:45",49380,49408,49380,49390,12,+0.02%,731
"2026-01-12 06:30",49375,49382,49362,49378,3,+0.01%,481
"2026-01-12 06:15",49375,49385,49368,49375,0,0.00%,518
"2026-01-12 06:00",49358,49384,49353,49375,19,+0.04%,755
"2026-01-12 05:45",49357,49365,49345,49356,-2.,0.00%,358
"2026-01-12 05:30",49381,49388,49354,49358,-22.,-0.04%,280
"2026-01-12 05:15",49370,49391,49369,49380,8,+0.02%,423
"2026-01-12 05:00",49352,49372,49292,49372,21,+0.04%,1634
"2026-01-12 04:45",49369,49373,49351,49351,-18.,-0.04%,301
"2026-01-12 04:30",49359,49378,49355,49369,8,+0.02%,233
"2026-01-12 04:15",49368,49379,49350,49361,-5.,-0.01%,221
"2026-01-12 04:00",49383,49383,49355,49366,-15.,-0.03%,276
"2026-01-12 03:45",49356,49389,49353,49381,24,+0.05%,379
"2026-01-12 03:30",49343,49366,49340,49357,14,+0.03%,331
"2026-01-12 03:15",49370,49390,49340,49343,-28.,-0.06%,1208
"2026-01-12 03:00",49422,49431,49361,49371,-55.,-0.11%,5008
"2026-01-12 02:45",49437,49444,49420,49426,-12.,-0.02%,341
"2026-01-12 02:30",49439,49439,49418,49438,-2.,0.00%,600
"2026-01-12 02:15",49481,49484,49437,49440,-41.,-0.08%,506
"2026-01-12 02:00",49492,49512,49480,49481,-12.,-0.02%,488
"2026-01-12 01:45",49469,49493,49466,49493,23,+0.05%,300
"2026-01-12 01:30",49491,49491,49466,49470,-21.,-0.04%,183
"2026-01-12 01:15",49508,49508,49483,49491,-16.,-0.03%,235
"2026-01-12 01:00",49498,49523,49492,49507,8,+0.02%,328
"2026-01-12 00:45",49504,49513,49498,49499,-4.,-0.01%,151
"2026-01-12 00:30",49499,49509,49493,49503,5,+0.01%,308
"2026-01-12 00:15",49501,49506,49488,49498,-4.,-0.01%,212
"2026-01-12 00:00",49482,49504,49477,49502,19,+0.04%,259
"2026-01-11 23:45",49482,49486,49473,49483,0,0.00%,174
"2026-01-11 23:30",49471,49485,49470,49483,9,+0.02%,157
"2026-01-11 23:15",49478,49483,49462,49474,-5.,-0.01%,177
"2026-01-11 23:00",49478,49495,49474,49479,0,0.00%,257
"2026-01-11 22:45",49484,49492,49478,49479,-6.,-0.01%,99
"2026-01-11 22:30",49482,49490,49480,49485,6,+0.01%,56
"2026-01-11 22:15",49473,49487,49471,49479,9,+0.02%,109
"2026-01-11 22:00",49472,49477,49461,49470,-3.,-0.01%,115
"2026-01-11 21:45",49482,49482,49462,49473,-9.,-0.02%,205
"2026-01-11 21:30",49490,49495,49482,49482,-7.,-0.01%,103
"2026-01-11 21:15",49497,49499,49487,49489,-9.,-0.02%,150
"2026-01-11 21:00",49498,49502,49488,49498,0,0.00%,124
"2026-01-11 20:45",49502,49521,49489,49498,1,0.00%,246
"2026-01-11 20:30",49514,49520,49496,49497,-16.,-0.03%,198
"2026-01-11 20:15",49520,49527,49508,49513,-7.,-0.01%,205
"2026-01-11 20:00",49553,49553,49518,49520,-36.,-0.07%,311
"2026-01-11 19:45",49554,49578,49553,49556,2,0.00%,360
"2026-01-11 19:30",49542,49556,49515,49554,12,+0.02%,392
"2026-01-11 19:15",49538,49544,49520,49542,3,+0.01%,413
"2026-01-11 19:00",49562,49566,49511,49539,-25.,-0.05%,963
"2026-01-11 18:45",49580,49593,49556,49564,-15.,-0.03%,410
"2026-01-11 18:30",49642,49642,49540,49579,-65.,-0.13%,937
"2026-01-11 18:15",49645,49658,49640,49644,0,0.00%,145
"2026-01-11 18:00",49662,49663,49630,49644,-14.,-0.03%,380
"2026-01-11 17:45",49672,49679,49658,49658,-14.,-0.03%,359
"2026-01-11 17:30",49687,49690,49663,49672,-10.,-0.02%,335
"2026-01-11 17:15",49687,49692,49648,49682,-1.,0.00%,329
"2026-01-11 17:00",49720,49733,49633,49683,-50.,-0.10%,748
"2026-01-09 15:45",49709,49736,49706,49733,25,+0.05%,338
"2026-01-09 15:30",49714,49717,49706,49708,-6.,-0.01%,204
"2026-01-09 15:15",49714,49725,49713,49714,-3.,-0.01%,203
"2026-01-09 15:00",49726,49732,49712,49717,-9.,-0.02%,1381
"2026-01-09 14:45",49745,49756,49719,49726,-19.,-0.04%,4064
"2026-01-09 14:30",49758,49775,49730,49745,-13.,-0.03%,1972
"2026-01-09 14:15",49722,49760,49715,49758,34,+0.07%,1015
"2026-01-09 14:00",49743,49752,49712,49724,-19.,-0.04%,829
"2026-01-09 13:45",49722,49757,49716,49743,22,+0.04%,846
"2026-01-09 13:30",49742,49755,49719,49721,-20.,-0.04%,722
"2026-01-09 13:15",49708,49743,49708,49741,32,+0.06%,715
"2026-01-09 13:00",49704,49724,49694,49709,4,+0.01%,931
"2026-01-09 12:45",49743,49751,49705,49705,-37.,-0.07%,891
"2026-01-09 12:30",49694,49759,49693,49742,50,+0.10%,1333
"2026-01-09 12:15",49702,49722,49666,49692,-10.,-0.02%,910
"2026-01-09 12:00",49702,49723,49683,49702,0,0.00%,1091
"2026-01-09 11:45",49732,49748,49701,49702,-29.,-0.06%,1107
"2026-01-09 11:30",49774,49793,49730,49731,-47.,-0.09%,1056
"2026-01-09 11:15",49764,49787,49741,49778,13,+0.03%,990
"2026-01-09 11:00",49750,49779,49738,49765,14,+0.03%,1583
"2026-01-09 10:45",49715,49777,49710,49751,35,+0.07%,1819
"2026-01-09 10:30",49668,49718,49626,49716,47,+0.09%,1959
"2026-01-09 10:15",49684,49730,49664,49669,-15.,-0.03%,2541
"2026-01-09 10:00",49589,49691,49577,49684,94,+0.19%,2510
"2026-01-09 09:45",49565,49604,49533,49590,27,+0.05%,2047
"2026-01-09 09:30",49664,49681,49551,49563,-101.,-0.20%,3167
"2026-01-09 09:15",49535,49693,49466,49664,130,+0.26%,5156
"2026-01-09 09:00",49592,49621,49408,49534,-57.,-0.11%,7117
"2026-01-09 08:45",49507,49598,49443,49591,83,+0.17%,6531
"2026-01-09 08:30",49504,49675,49498,49508,4,+0.01%,9662
"2026-01-09 08:15",49586,49590,49473,49504,-83.,-0.17%,2451
"2026-01-09 08:00",49642,49645,49585,49587,-56.,-0.11%,975
"2026-01-09 07:45",49655,49663,49624,49643,-12.,-0.02%,836
"2026-01-09 07:30",49570,49675,49502,49655,86,+0.17%,1626
"2026-01-09 07:15",49556,49584,49540,49569,13,+0.03%,779
"2026-01-09 07:00",49526,49556,49520,49556,30,+0.06%,635
"2026-01-09 06:45",49502,49530,49502,49526,25,+0.05%,446
"2026-01-09 06:30",49491,49502,49483,49501,10,+0.02%,209
"2026-01-09 06:15",49490,49494,49480,49491,2,0.00%,233
"2026-01-09 06:00",49487,49507,49485,49489,-2.,0.00%,232
"2026-01-09 05:45",49503,49503,49486,49491,-11.,-0.02%,213
"2026-01-09 05:30",49497,49510,49493,49502,5,+0.01%,315
"2026-01-09 05:15",49482,49500,49482,49497,14,+0.03%,222
"2026-01-09 05:00",49493,49497,49479,49483,-9.,-0.02%,277
"2026-01-09 04:45",49499,49500,49491,49492,-6.,-0.01%,119
"2026-01-09 04:30",49507,49507,49491,49498,-8.,-0.02%,134
"2026-01-09 04:15",49500,49512,49493,49506,5,+0.01%,118
"2026-01-09 04:00",49516,49520,49501,49501,-13.,-0.03%,220
"2026-01-09 03:45",49488,49516,49485,49514,27,+0.05%,330
"2026-01-09 03:30",49480,49503,49480,49487,7,+0.01%,268
"2026-01-09 03:15",49468,49483,49463,49480,12,+0.02%,168
"2026-01-09 03:00",49458,49480,49455,49468,8,+0.02%,370
"2026-01-09 02:45",49478,49479,49451,49460,-16.,-0.03%,258
"2026-01-09 02:30",49481,49487,49460,49476,-4.,-0.01%,336
"2026-01-09 02:15",49500,49510,49479,49480,-20.,-0.04%,202
"2026-01-09 02:00",49488,49511,49481,49500,13,+0.03%,315
"2026-01-09 01:45",49476,49491,49475,49487,8,+0.02%,140
"2026-01-09 01:30",49466,49479,49462,49479,15,+0.03%,125
"2026-01-09 01:15",49479,49479,49458,49464,-15.,-0.03%,179
"2026-01-09 01:00",49496,49498,49477,49479,-17.,-0.03%,151
"2026-01-09 00:45",49506,49509,49495,49496,-12.,-0.02%,56
"2026-01-09 00:30",49486,49508,49486,49508,23,+0.05%,87
"2026-01-09 00:15",49485,49488,49482,49485,2,0.00%,41
"2026-01-09 00:00",49501,49503,49479,49483,-12.,-0.02%,84
"2026-01-08 23:45",49481,49498,49476,49495,14,+0.03%,75
"2026-01-08 23:30",49498,49498,49477,49481,-15.,-0.03%,96
"2026-01-08 23:15",49499,49499,49491,49496,-4.,-0.01%,47
"2026-01-08 23:00",49501,49508,49497,49500,0,0.00%,82
"2026-01-08 22:45",49497,49505,49492,49500,7,+0.01%,78
"2026-01-08 22:30",49496,49499,49492,49493,0,0.00%,95
"2026-01-08 22:15",49494,49495,49486,49493,-1.,0.00%,77
"2026-01-08 22:00",49498,49502,49486,49494,-3.,-0.01%,139
"2026-01-08 21:45",49502,49504,49494,49497,-3.,-0.01%,133
"2026-01-08 21:30",49494,49500,49488,49500,5,+0.01%,105
"2026-01-08 21:15",49494,49505,49490,49495,1,0.00%,124
"2026-01-08 21:00",49496,49498,49487,49494,-3.,-0.01%,98
"2026-01-08 20:45",49506,49514,49495,49497,-10.,-0.02%,112
"2026-01-08 20:30",49497,49507,49492,49507,6,+0.01%,158
"2026-01-08 20:15",49485,49503,49485,49501,14,+0.03%,160
"2026-01-08 20:00",49487,49493,49481,49487,1,0.00%,120
"2026-01-08 19:45",49487,49492,49485,49486,1,0.00%,74
"2026-01-08 19:30",49484,49487,49475,49485,3,+0.01%,195
"2026-01-08 19:15",49497,49505,49480,49482,-16.,-0.03%,256
"2026-01-08 19:00",49501,49510,49488,49498,-2.,0.00%,408
"2026-01-08 18:45",49530,49530,49494,49500,-31.,-0.06%,285
"2026-01-08 18:30",49531,49538,49524,49531,0,0.00%,126
"2026-01-08 18:15",49536,49544,49519,49531,-5.,-0.01%,141
"2026-01-08 18:00",49529,49538,49525,49536,5,+0.01%,166
"2026-01-08 17:45",49539,49543,49522,49531,-7.,-0.01%,110
"2026-01-08 17:30",49556,49558,49535,49538,-19.,-0.04%,146
"2026-01-08 17:15",49564,49574,49557,49557,-9.,-0.02%,102
"2026-01-08 17:00",49569,49591,49565,49566,-2.,0.00%,234
"2026-01-08 15:45",49594,49600,49568,49568,-27.,-0.05%,448
"2026-01-08 15:30",49545,49603,49545,49595,48,+0.10%,562
"2026-01-08 15:15",49514,49547,49514,49547,32,+0.06%,273
"2026-01-08 15:00",49484,49520,49480,49515,29,+0.06%,1669
"2026-01-08 14:45",49488,49526,49480,49486,-2.,0.00%,5085
"2026-01-08 14:30",49509,49535,49487,49488,-22.,-0.04%,2245
"2026-01-08 14:15",49491,49511,49480,49510,19,+0.04%,1272
"2026-01-08 14:00",49468,49496,49453,49491,23,+0.05%,1211
"2026-01-08 13:45",49468,49482,49448,49468,0,0.00%,1285
"2026-01-08 13:30",49494,49524,49463,49468,-27.,-0.05%,1124
"2026-01-08 13:15",49484,49517,49444,49495,11,+0.02%,1667
"2026-01-08 13:00",49486,49525,49466,49484,-1.,0.00%,1566
"2026-01-08 12:45",49511,49539,49474,49485,-28.,-0.06%,1101
"2026-01-08 12:30",49502,49514,49488,49513,7,+0.01%,958
"2026-01-08 12:15",49483,49533,49473,49506,24,+0.05%,1585
"2026-01-08 12:00",49552,49564,49475,49482,-69.,-0.14%,1887
"2026-01-08 11:45",49566,49586,49546,49551,-13.,-0.03%,1377
"2026-01-08 11:30",49511,49586,49511,49564,54,+0.11%,1710
"2026-01-08 11:15",49508,49557,49495,49510,1,0.00%,1801
"2026-01-08 11:00",49523,49546,49502,49509,-15.,-0.03%,1779
"2026-01-08 10:45",49519,49533,49474,49524,5,+0.01%,1970
"2026-01-08 10:30",49491,49546,49463,49519,27,+0.05%,3525
"2026-01-08 10:15",49401,49498,49401,49492,90,+0.18%,2333
"2026-01-08 10:00",49453,49482,49386,49402,-50.,-0.10%,3547
"2026-01-08 09:45",49410,49458,49357,49452,41,+0.08%,3371
"2026-01-08 09:30",49373,49433,49331,49411,38,+0.08%,3924
"2026-01-08 09:15",49371,49432,49360,49373,3,+0.01%,4070
"2026-01-08 09:00",49282,49390,49260,49370,85,+0.17%,5226
"2026-01-08 08:45",49171,49325,49136,49285,114,+0.23%,7151
"2026-01-08 08:30",49018,49225,49013,49171,152,+0.31%,13754
"2026-01-08 08:15",49056,49059,49001,49019,-37.,-0.08%,2956
"2026-01-08 08:00",49060,49066,49033,49056,-7.,-0.01%,1141
"2026-01-08 07:45",49060,49076,49047,49063,3,+0.01%,1012
"2026-01-08 07:30",49092,49101,49059,49060,-28.,-0.06%,671
"2026-01-08 07:15",49059,49091,49054,49088,30,+0.06%,817
"2026-01-08 07:00",49056,49065,49050,49058,1,0.00%,382
"2026-01-08 06:45",49038,49065,49032,49057,19,+0.04%,315
"2026-01-08 06:30",49068,49069,49035,49038,-31.,-0.06%,410
"2026-01-08 06:15",49059,49078,49056,49069,10,+0.02%,504
"2026-01-08 06:00",49066,49073,49037,49059,-9.,-0.02%,690
"2026-01-08 05:45",49093,49093,49059,49068,-24.,-0.05%,441
"2026-01-08 05:30",49102,49105,49050,49092,-9.,-0.02%,894
"2026-01-08 05:15",49100,49110,49091,49101,0,0.00%,117
"2026-01-08 05:00",49092,49109,49088,49101,8,+0.02%,258
"2026-01-08 04:45",49102,49102,49080,49093,-7.,-0.01%,179
"2026-01-08 04:30",49074,49102,49073,49100,27,+0.06%,303
"2026-01-08 04:15",49076,49077,49066,49073,-4.,-0.01%,235
"2026-01-08 04:00",49096,49097,49072,49077,-19.,-0.04%,311
"2026-01-08 03:45",49107,49108,49089,49096,-10.,-0.02%,419
"2026-01-08 03:30",49116,49119,49099,49106,-11.,-0.02%,396
"2026-01-08 03:15",49128,49129,49113,49117,-11.,-0.02%,247
"2026-01-08 03:00",49121,49141,49121,49128,10,+0.02%,239
"2026-01-08 02:45",49133,49133,49114,49118,-13.,-0.03%,289
"2026-01-08 02:30",49143,49149,49121,49131,-12.,-0.02%,353
"2026-01-08 02:15",49131,49145,49125,49143,9,+0.02%,423
"2026-01-08 02:00",49111,49142,49111,49134,22,+0.04%,471
"2026-01-08 01:45",49122,49122,49106,49112,-10.,-0.02%,196
"2026-01-08 01:30",49102,49128,49096,49122,18,+0.04%,430
"2026-01-08 01:15",49092,49137,49088,49104,15,+0.03%,1096
"2026-01-08 01:00",49099,49099,49070,49089,-9.,-0.02%,324
"2026-01-08 00:45",49087,49103,49087,49098,9,+0.02%,199
"2026-01-08 00:30",49068,49093,49064,49089,24,+0.05%,267
"2026-01-08 00:15",49080,49082,49065,49065,-17.,-0.03%,219
"2026-01-08 00:00",49110,49111,49072,49082,-29.,-0.06%,535
"2026-01-07 23:45",49116,49122,49107,49111,-4.,-0.01%,144
"2026-01-07 23:30",49142,49143,49113,49115,-28.,-0.06%,211
"2026-01-07 23:15",49137,49150,49136,49143,7,+0.01%,72
"2026-01-07 23:00",49158,49163,49136,49136,-22.,-0.04%,187
"2026-01-07 22:45",49161,49167,49157,49158,-2.,0.00%,72
"2026-01-07 22:30",49164,49165,49157,49160,-4.,-0.01%,68
"2026-01-07 22:15",49164,49175,49154,49164,-2.,0.00%,149
"2026-01-07 22:00",49167,49174,49161,49166,-8.,-0.02%,103
"2026-01-07 21:45",49161,49176,49159,49174,8,+0.02%,118
"2026-01-07 21:30",49163,49180,49161,49166,1,0.00%,399
"2026-01-07 21:15",49175,49181,49149,49165,-11.,-0.02%,769
"2026-01-07 21:00",49191,49193,49168,49176,-14.,-0.03%,216
"2026-01-07 20:45",49217,49225,49183,49190,-27.,-0.05%,776
"2026-01-07 20:30",49217,49222,49197,49217,-1.,0.00%,462
"2026-01-07 20:15",49237,49250,49217,49218,-20.,-0.04%,430
"2026-01-07 20:00",49252,49264,49230,49238,-15.,-0.03%,584
"2026-01-07 19:45",49248,49255,49246,49253,8,+0.02%,148
"2026-01-07 19:30",49245,49247,49228,49245,1,0.00%,124
"2026-01-07 19:15",49241,49244,49232,49244,3,+0.01%,180
"2026-01-07 19:00",49267,49267,49239,49241,-26.,-0.05%,214
"2026-01-07 18:45",49264,49271,49260,49267,2,0.00%,98
"2026-01-07 18:30",49252,49269,49250,49265,14,+0.03%,143
"2026-01-07 18:15",49266,49267,49250,49251,-13.,-0.03%,153
"2026-01-07 18:00",49263,49272,49258,49264,5,+0.01%,151
"2026-01-07 17:45",49252,49267,49232,49259,6,+0.01%,991
"2026-01-07 17:30",49250,49254,49245,49253,4,+0.01%,127
"2026-01-07 17:15",49242,49260,49242,49249,8,+0.02%,207
"2026-01-07 17:00",49239,49264,49239,49241,9,+0.02%,462
"2026-01-07 15:45",49220,49244,49218,49232,13,+0.03%,623
"2026-01-07 15:30",49197,49221,49192,49219,20,+0.04%,536
"2026-01-07 15:15",49204,49206,49182,49199,-4.,-0.01%,720
"2026-01-07 15:00",49242,49243,49201,49203,-39.,-0.08%,1914
"2026-01-07 14:45",49214,49249,49199,49242,29,+0.06%,5724
"2026-01-07 14:30",49285,49286,49191,49213,-73.,-0.15%,3973
"2026-01-07 14:15",49337,49365,49277,49286,-53.,-0.11%,3024
"2026-01-07 14:00",49399,49403,49336,49339,-59.,-0.12%,2232
"2026-01-07 13:45",49415,49417,49388,49398,-17.,-0.03%,1136
"2026-01-07 13:30",49395,49441,49392,49415,21,+0.04%,1316
"2026-01-07 13:15",49416,49419,49373,49394,-21.,-0.04%,1664
"2026-01-07 13:00",49475,49484,49400,49415,-61.,-0.12%,1977
"2026-01-07 12:45",49411,49476,49409,49476,64,+0.13%,1538
"2026-01-07 12:30",49433,49451,49409,49412,-21.,-0.04%,1701
"2026-01-07 12:15",49487,49491,49427,49433,-55.,-0.11%,1810
"2026-01-07 12:00",49517,49517,49475,49488,-30.,-0.06%,1548
"2026-01-07 11:45",49605,49608,49501,49518,-86.,-0.17%,2318
"2026-01-07 11:30",49619,49625,49583,49604,-20.,-0.04%,1333
"2026-01-07 11:15",49614,49639,49602,49624,10,+0.02%,978
"2026-01-07 11:00",49617,49647,49608,49614,-1.,0.00%,1838
"2026-01-07 10:45",49606,49624,49594,49615,8,+0.02%,1725
"2026-01-07 10:30",49550,49612,49527,49607,57,+0.12%,2083
"2026-01-07 10:15",49516,49561,49514,49550,33,+0.07%,1556
"2026-01-07 10:00",49524,49547,49505,49517,-8.,-0.02%,1943
"2026-01-07 09:45",49504,49533,49479,49525,19,+0.04%,2749
"2026-01-07 09:30",49473,49549,49446,49506,31,+0.06%,5757
"2026-01-07 09:15",49505,49522,49466,49475,-30.,-0.06%,4531
"2026-01-07 09:00",49616,49642,49501,49505,-115.,-0.23%,5893
"2026-01-07 08:45",49701,49745,49605,49620,-79.,-0.16%,5899
"2026-01-07 08:30",49816,49876,49697,49699,-118.,-0.24%,10899
"2026-01-07 08:15",49775,49822,49771,49817,43,+0.09%,1889
"2026-01-07 08:00",49786,49812,49774,49774,-14.,-0.03%,1287
"2026-01-07 07:45",49789,49800,49783,49788,0,0.00%,844
"2026-01-07 07:30",49774,49799,49770,49788,14,+0.03%,996
"2026-01-07 07:15",49755,49777,49752,49774,22,+0.04%,588
"2026-01-07 07:00",49764,49766,49743,49752,-13.,-0.03%,411
"2026-01-07 06:45",49748,49767,49747,49765,18,+0.04%,326
"2026-01-07 06:30",49744,49753,49724,49747,1,0.00%,592
"2026-01-07 06:15",49742,49752,49741,49746,3,+0.01%,185
"2026-01-07 06:00",49749,49756,49739,49743,-5.,-0.01%,176
"2026-01-07 05:45",49741,49751,49734,49748,5,+0.01%,109
"2026-01-07 05:30",49740,49751,49737,49743,2,0.00%,252
"2026-01-07 05:15",49752,49755,49740,49741,-12.,-0.02%,122
"2026-01-07 05:00",49746,49755,49740,49753,8,+0.02%,282
"2026-01-07 04:45",49739,49747,49735,49745,6,+0.01%,212
"2026-01-07 04:30",49722,49740,49718,49739,18,+0.04%,149
"2026-01-07 04:15",49749,49749,49721,49721,-28.,-0.06%,212
"2026-01-07 04:00",49742,49751,49730,49749,5,+0.01%,238
"2026-01-07 03:45",49748,49751,49739,49744,1,0.00%,193
"2026-01-07 03:30",49758,49763,49732,49743,-17.,-0.03%,521
"2026-01-07 03:15",49759,49767,49755,49760,2,0.00%,308
"2026-01-07 03:00",49756,49788,49747,49758,1,0.00%,1350
"2026-01-07 02:45",49750,49761,49744,49757,7,+0.01%,234
"2026-01-07 02:30",49754,49766,49750,49750,-5.,-0.01%,228
"2026-01-07 02:15",49756,49770,49753,49755,0,0.00%,223
"2026-01-07 02:00",49755,49766,49749,49755,1,0.00%,414
"2026-01-07 01:45",49760,49769,49752,49754,-7.,-0.01%,225
"2026-01-07 01:30",49767,49772,49760,49761,-7.,-0.01%,136
"2026-01-07 01:15",49763,49773,49762,49768,6,+0.01%,116
"2026-01-07 01:00",49752,49769,49750,49762,11,+0.02%,199
"2026-01-07 00:45",49765,49766,49749,49751,-14.,-0.03%,168
"2026-01-07 00:30",49780,49785,49763,49765,-13.,-0.03%,165
"2026-01-07 00:15",49793,49794,49777,49778,-15.,-0.03%,177
"2026-01-07 00:00",49785,49793,49783,49793,8,+0.02%,87
"2026-01-06 23:45",49791,49791,49781,49785,-4.,-0.01%,150
"2026-01-06 23:30",49804,49806,49789,49789,-17.,-0.03%,144
"2026-01-06 23:15",49804,49807,49802,49806,1,0.00%,106
"2026-01-06 23:00",49797,49808,49792,49805,7,+0.01%,118
"2026-01-06 22:45",49804,49804,49795,49798,-5.,-0.01%,113
"2026-01-06 22:30",49787,49805,49785,49803,16,+0.03%,152
"2026-01-06 22:15",49783,49791,49781,49787,4,+0.01%,116
"2026-01-06 22:00",49776,49783,49769,49783,7,+0.01%,105
"2026-01-06 21:45",49776,49780,49772,49776,0,0.00%,81
"2026-01-06 21:30",49779,49786,49770,49776,-3.,-0.01%,557
"2026-01-06 21:15",49783,49793,49765,49779,-4.,-0.01%,1117
"2026-01-06 21:00",49780,49786,49779,49783,2,0.00%,88
"2026-01-06 20:45",49791,49791,49776,49781,-10.,-0.02%,60
"2026-01-06 20:30",49770,49793,49764,49791,21,+0.04%,146
"2026-01-06 20:15",49774,49778,49768,49770,-6.,-0.01%,225
"2026-01-06 20:00",49776,49788,49774,49776,-1.,0.00%,372
"2026-01-06 19:45",49755,49787,49753,49777,19,+0.04%,1377
"2026-01-06 19:30",49752,49761,49740,49758,6,+0.01%,1142
"2026-01-06 19:15",49745,49753,49740,49752,3,+0.01%,145
"2026-01-06 19:00",49747,49754,49739,49749,3,+0.01%,180
"2026-01-06 18:45",49740,49755,49738,49746,6,+0.01%,132
"2026-01-06 18:30",49746,49748,49738,49740,-7.,-0.01%,160
"2026-01-06 18:15",49737,49749,49733,49747,11,+0.02%,124
"2026-01-06 18:00",49733,49748,49728,49736,4,+0.01%,227
"2026-01-06 17:45",49733,49746,49729,49732,-1.,0.00%,142
"2026-01-06 17:30",49748,49748,49730,49733,-13.,-0.03%,165
"2026-01-06 17:15",49747,49752,49745,49746,-1.,0.00%,43
"2026-01-06 17:00",49752,49759,49729,49747,-1.,0.00%,267
"2026-01-06 15:45",49746,49755,49744,49748,1,0.00%,281
"2026-01-06 15:30",49755,49756,49743,49747,-7.,-0.01%,226
"2026-01-06 15:15",49729,49756,49728,49754,25,+0.05%,577
"2026-01-06 15:00",49716,49738,49707,49729,13,+0.03%,1879
"2026-01-06 14:45",49744,49763,49710,49716,-28.,-0.06%,6142
"2026-01-06 14:30",49749,49766,49730,49744,-6.,-0.01%,1811
"2026-01-06 14:15",49743,49755,49733,49750,5,+0.01%,1074
"2026-01-06 14:00",49713,49761,49708,49745,32,+0.06%,1713
"2026-01-06 13:45",49713,49725,49706,49713,1,0.00%,888
"2026-01-06 13:30",49700,49718,49683,49712,13,+0.03%,1519
"2026-01-06 13:15",49746,49749,49699,49699,-46.,-0.09%,1708
"2026-01-06 13:00",49709,49749,49707,49745,38,+0.08%,1431
"2026-01-06 12:45",49688,49709,49683,49707,22,+0.04%,1183
"2026-01-06 12:30",49673,49694,49663,49685,12,+0.02%,1543
"2026-01-06 12:15",49669,49685,49643,49673,3,+0.01%,1403
"2026-01-06 12:00",49659,49676,49633,49670,14,+0.03%,1456
"2026-01-06 11:45",49620,49670,49615,49656,36,+0.07%,1533
"2026-01-06 11:30",49604,49632,49599,49620,19,+0.04%,1900
"2026-01-06 11:15",49545,49610,49545,49601,57,+0.12%,1845
"2026-01-06 11:00",49496,49564,49494,49544,46,+0.09%,2310
"2026-01-06 10:45",49440,49506,49427,49498,61,+0.12%,1921
"2026-01-06 10:30",49465,49474,49422,49437,-27.,-0.05%,2026
"2026-01-06 10:15",49414,49471,49402,49464,49,+0.10%,2406
"2026-01-06 10:00",49357,49426,49340,49415,56,+0.11%,2560
"2026-01-06 09:45",49348,49392,49312,49359,10,+0.02%,2775
"2026-01-06 09:30",49431,49443,49329,49349,-84.,-0.17%,5175
"2026-01-06 09:15",49415,49443,49364,49433,18,+0.04%,3222
"2026-01-06 09:00",49323,49422,49309,49415,93,+0.19%,4460
"2026-01-06 08:45",49265,49328,49234,49322,50,+0.10%,5430
"2026-01-06 08:30",49179,49349,49139,49272,94,+0.19%,12056
"2026-01-06 08:15",49170,49190,49149,49178,7,+0.01%,2121
"2026-01-06 08:00",49182,49188,49168,49171,-15.,-0.03%,450
"2026-01-06 07:45",49195,49199,49154,49186,-10.,-0.02%,659
"2026-01-06 07:30",49177,49214,49175,49196,19,+0.04%,673
"2026-01-06 07:15",49193,49204,49168,49177,-14.,-0.03%,290
"2026-01-06 07:00",49207,49211,49175,49191,-16.,-0.03%,525
"2026-01-06 06:45",49180,49213,49179,49207,27,+0.05%,474
"2026-01-06 06:30",49164,49185,49148,49180,16,+0.03%,352
"2026-01-06 06:15",49160,49164,49149,49164,5,+0.01%,235
"2026-01-06 06:00",49132,49164,49128,49159,26,+0.05%,280
"2026-01-06 05:45",49148,49151,49132,49133,-15.,-0.03%,283
"2026-01-06 05:30",49148,49154,49141,49148,0,0.00%,234
"2026-01-06 05:15",49142,49161,49136,49148,5,+0.01%,276
"2026-01-06 05:00",49132,49147,49128,49143,12,+0.02%,155
"2026-01-06 04:45",49151,49155,49131,49131,-18.,-0.04%,218
"2026-01-06 04:30",49138,49154,49138,49149,9,+0.02%,212
"2026-01-06 04:15",49127,49144,49123,49140,12,+0.02%,309
"2026-01-06 04:00",49106,49135,49096,49128,26,+0.05%,293
"2026-01-06 03:45",49144,49144,49102,49102,-43.,-0.09%,791
"2026-01-06 03:30",49141,49146,49125,49145,2,0.00%,208
"2026-01-06 03:15",49145,49159,49137,49143,-3.,-0.01%,334
"2026-01-06 03:00",49124,49153,49100,49146,21,+0.04%,627
"2026-01-06 02:45",49112,49133,49103,49125,13,+0.03%,360
"2026-01-06 02:30",49135,49139,49105,49112,-24.,-0.05%,505
"2026-01-06 02:15",49167,49172,49135,49136,-32.,-0.07%,490
"2026-01-06 02:00",49232,49232,49165,49168,-64.,-0.13%,565
"2026-01-06 01:45",49234,49234,49224,49232,-2.,0.00%,178
"2026-01-06 01:30",49237,49243,49230,49234,-3.,-0.01%,120
"2026-01-06 01:15",49242,49242,49231,49237,-6.,-0.01%,160
"2026-01-06 01:00",49256,49256,49239,49243,-12.,-0.02%,210
"2026-01-06 00:45",49268,49269,49248,49255,-14.,-0.03%,126
"2026-01-06 00:30",49242,49270,49242,49269,26,+0.05%,632
"2026-01-06 00:15",49231,49245,49230,49243,12,+0.02%,248
"2026-01-06 00:00",49231,49242,49214,49231,2,0.00%,741
"2026-01-05 23:45",49239,49246,49225,49229,-10.,-0.02%,637
"2026-01-05 23:30",49249,49250,49239,49239,-9.,-0.02%,134
"2026-01-05 23:15",49245,49250,49244,49248,3,+0.01%,76
"2026-01-05 23:00",49247,49249,49241,49245,0,0.00%,95
"2026-01-05 22:45",49247,49248,49239,49245,-1.,0.00%,68
"2026-01-05 22:30",49256,49260,49245,49246,-10.,-0.02%,143
"2026-01-05 22:15",49263,49266,49256,49256,-9.,-0.02%,103
"2026-01-05 22:00",49255,49269,49255,49265,10,+0.02%,198
"2026-01-05 21:45",49254,49255,49247,49255,1,0.00%,61
"2026-01-05 21:30",49250,49257,49249,49254,1,0.00%,77
"2026-01-05 21:15",49252,49256,49249,49253,2,0.00%,65
"2026-01-05 21:00",49258,49259,49247,49251,-7.,-0.01%,111
"2026-01-05 20:45",49256,49259,49250,49258,3,+0.01%,88
"2026-01-05 20:30",49256,49258,49247,49255,-2.,0.00%,100
"2026-01-05 20:15",49244,49257,49242,49257,15,+0.03%,99
"2026-01-05 20:00",49252,49258,49242,49242,-10.,-0.02%,159
"2026-01-05 19:45",49252,49270,49252,49252,0,0.00%,651
"2026-01-05 19:30",49249,49261,49230,49252,4,+0.01%,1081
"2026-01-05 19:15",49224,49250,49219,49248,21,+0.04%,226
"2026-01-05 19:00",49213,49236,49209,49227,14,+0.03%,295
"2026-01-05 18:45",49210,49217,49209,49213,4,+0.01%,119
"2026-01-05 18:30",49222,49222,49204,49209,-11.,-0.02%,166
"2026-01-05 18:15",49209,49222,49204,49220,9,+0.02%,188
"2026-01-05 18:00",49215,49228,49201,49211,-3.,-0.01%,232
"2026-01-05 17:45",49222,49226,49210,49214,-9.,-0.02%,145
"2026-01-05 17:30",49244,49244,49212,49223,-17.,-0.03%,221
"2026-01-05 17:15",49242,49244,49232,49240,-6.,-0.01%,76
"2026-01-05 17:00",49225,49251,49221,49246,26,+0.05%,154
"2026-01-05 15:45",49226,49230,49216,49220,-9.,-0.02%,355
"2026-01-05 15:30",49248,49248,49227,49229,-18.,-0.04%,309
"2026-01-05 15:15",49241,49253,49235,49247,5,+0.01%,252
"2026-01-05 15:00",49237,49245,49218,49242,6,+0.01%,1688
"2026-01-05 14:45",49271,49288,49210,49236,-35.,-0.07%,7228
"2026-01-05 14:30",49302,49318,49269,49271,-34.,-0.07%,1721
"2026-01-05 14:15",49334,49339,49277,49305,-28.,-0.06%,2156
"2026-01-05 14:00",49319,49359,49309,49333,13,+0.03%,1503
"2026-01-05 13:45",49353,49366,49300,49320,-32.,-0.06%,2197
"2026-01-05 13:30",49412,49421,49324,49352,-61.,-0.12%,2158
"2026-01-05 13:15",49412,49447,49411,49413,2,0.00%,1330
"2026-01-05 13:00",49445,49463,49406,49411,-35.,-0.07%,1649
"2026-01-05 12:45",49428,49459,49428,49446,20,+0.04%,1389
"2026-01-05 12:30",49413,49441,49410,49426,12,+0.02%,1255
"2026-01-05 12:15",49421,49422,49374,49414,-7.,-0.01%,1853
"2026-01-05 12:00",49395,49432,49390,49421,27,+0.05%,1690
"2026-01-05 11:45",49392,49423,49376,49394,2,0.00%,1567
"2026-01-05 11:30",49358,49408,49358,49392,39,+0.08%,1544
"2026-01-05 11:15",49383,49395,49347,49353,-31.,-0.06%,2139
"2026-01-05 11:00",49369,49410,49369,49384,17,+0.03%,2992
"2026-01-05 10:45",49348,49376,49315,49367,19,+0.04%,2326
"2026-01-05 10:30",49304,49350,49266,49348,43,+0.09%,2616
"2026-01-05 10:15",49316,49353,49287,49305,-11.,-0.02%,2923
"2026-01-05 10:00",49282,49326,49246,49316,36,+0.07%,3116
"2026-01-05 09:45",49291,49328,49256,49280,-11.,-0.02%,3187
"2026-01-05 09:30",49307,49311,49245,49291,-15.,-0.03%,3769
"2026-01-05 09:15",49227,49308,49182,49306,79,+0.16%,4672
"2026-01-05 09:00",49156,49251,49125,49227,71,+0.14%,5723
"2026-01-05 08:45",49132,49200,49077,49156,26,+0.05%,7526
"2026-01-05 08:30",48686,49142,48669,49130,446,+0.92%,14945
"2026-01-05 08:15",48700,48722,48678,48684,-18.,-0.04%,2071
"2026-01-05 08:00",48659,48725,48647,48702,43,+0.09%,2052
"2026-01-05 07:45",48616,48674,48612,48659,43,+0.09%,787
"2026-01-05 07:30",48575,48617,48571,48616,40,+0.08%,497
"2026-01-05 07:15",48586,48586,48556,48576,-12.,-0.02%,457
"2026-01-05 07:00",48620,48623,48560,48588,-30.,-0.06%,676
"2026-01-05 06:45",48604,48622,48593,48618,18,+0.04%,286
"2026-01-05 06:30",48613,48630,48598,48600,-13.,-0.03%,395
"2026-01-05 06:15",48638,48656,48605,48613,-23.,-0.05%,292
"2026-01-05 06:00",48652,48667,48630,48636,-12.,-0.02%,337
"2026-01-05 05:45",48635,48653,48633,48648,14,+0.03%,240
"2026-01-05 05:30",48633,48646,48627,48634,1,0.00%,189
"2026-01-05 05:15",48625,48649,48624,48633,9,+0.02%,177
"2026-01-05 05:00",48629,48632,48617,48624,-2.,0.00%,115
"2026-01-05 04:45",48623,48633,48623,48626,3,+0.01%,128
"2026-01-05 04:30",48630,48632,48622,48623,-7.,-0.01%,150
"2026-01-05 04:15",48641,48659,48630,48630,-10.,-0.02%,198
"2026-01-05 04:00",48631,48645,48628,48640,11,+0.02%,143
"2026-01-05 03:45",48642,48653,48626,48629,-12.,-0.02%,169
"2026-01-05 03:30",48618,48641,48608,48641,20,+0.04%,211
"2026-01-05 03:15",48654,48658,48618,48621,-33.,-0.07%,278
"2026-01-05 03:00",48664,48673,48650,48654,-6.,-0.01%,328
"2026-01-05 02:45",48675,48675,48658,48660,-9.,-0.02%,196
"2026-01-05 02:30",48664,48687,48661,48669,3,+0.01%,279
"2026-01-05 02:15",48671,48683,48659,48666,-4.,-0.01%,787
"2026-01-05 02:00",48650,48670,48632,48670,19,+0.04%,458
"2026-01-05 01:45",48633,48654,48627,48651,19,+0.04%,243
"2026-01-05 01:30",48629,48645,48624,48632,3,+0.01%,147
"2026-01-05 01:15",48663,48663,48626,48629,-38.,-0.08%,181
"2026-01-05 01:00",48675,48686,48660,48667,-7.,-0.01%,234
"2026-01-05 00:45",48652,48678,48649,48674,22,+0.05%,244
"2026-01-05 00:30",48620,48653,48613,48652,33,+0.07%,219
"2026-01-05 00:15",48647,48649,48618,48619,-26.,-0.05%,149
"2026-01-05 00:00",48641,48648,48640,48645,5,+0.01%,113
"2026-01-04 23:45",48639,48642,48634,48640,2,0.00%,119
"2026-01-04 23:30",48629,48639,48627,48638,6,+0.01%,96
"2026-01-04 23:15",48620,48632,48611,48632,10,+0.02%,127
"2026-01-04 23:00",48634,48636,48619,48622,-12.,-0.02%,137
"2026-01-04 22:45",48630,48641,48629,48634,8,+0.02%,182
"2026-01-04 22:30",48605,48626,48603,48626,23,+0.05%,89
"2026-01-04 22:15",48594,48610,48594,48603,8,+0.02%,107
"2026-01-04 22:00",48590,48595,48586,48595,4,+0.01%,109
"2026-01-04 21:45",48609,48613,48591,48591,-17.,-0.03%,166
"2026-01-04 21:30",48616,48617,48608,48608,-10.,-0.02%,102
"2026-01-04 21:15",48627,48627,48616,48618,-11.,-0.02%,116
"2026-01-04 21:00",48633,48636,48626,48629,-6.,-0.01%,98
"2026-01-04 20:45",48630,48644,48629,48635,4,+0.01%,139
"2026-01-04 20:30",48622,48631,48617,48631,9,+0.02%,80
"2026-01-04 20:15",48623,48626,48615,48622,3,+0.01%,183
"2026-01-04 20:00",48610,48629,48608,48619,13,+0.03%,222
"2026-01-04 19:45",48606,48621,48598,48606,-1.,0.00%,342
"2026-01-04 19:30",48595,48613,48580,48607,10,+0.02%,368
"2026-01-04 19:15",48601,48602,48574,48597,-3.,-0.01%,422
"2026-01-04 19:00",48619,48640,48593,48600,-21.,-0.04%,817
"2026-01-04 18:45",48604,48622,48604,48621,16,+0.03%,74
"2026-01-04 18:30",48622,48624,48594,48605,-15.,-0.03%,172
"2026-01-04 18:15",48590,48623,48588,48620,31,+0.06%,194
"2026-01-04 18:00",48613,48617,48582,48589,-25.,-0.05%,232
"2026-01-04 17:45",48600,48617,48581,48614,17,+0.03%,171
"2026-01-04 17:30",48618,48620,48583,48597,-24.,-0.05%,240
"2026-01-04 17:15",48605,48629,48603,48621,18,+0.04%,249
"2026-01-04 17:00",48653,48660,48588,48603,5,+0.01%,369
"2026-01-02 15:45",48600,48600,48585,48598,-3.,-0.01%,215
"2026-01-02 15:30",48620,48620,48597,48601,-18.,-0.04%,277
"2026-01-02 15:15",48615,48627,48607,48619,6,+0.01%,227
"2026-01-02 15:00",48616,48633,48594,48613,-3.,-0.01%,1776
"2026-01-02 14:45",48564,48627,48522,48616,52,+0.11%,5751
"2026-01-02 14:30",48595,48621,48562,48564,-33.,-0.07%,1517
"2026-01-02 14:15",48607,48637,48584,48597,-10.,-0.02%,1380
"2026-01-02 14:00",48614,48652,48595,48607,-9.,-0.02%,1392
"2026-01-02 13:45",48628,48650,48607,48616,-13.,-0.03%,1547
"2026-01-02 13:30",48577,48651,48574,48629,52,+0.11%,2895
"2026-01-02 13:15",48532,48585,48509,48577,44,+0.09%,2363
"2026-01-02 13:00",48399,48543,48383,48533,135,+0.28%,2187
"2026-01-02 12:45",48407,48416,48327,48398,-7.,-0.01%,1623
"2026-01-02 12:30",48382,48406,48369,48405,26,+0.05%,774
"2026-01-02 12:15",48352,48431,48339,48379,21,+0.04%,1300
"2026-01-02 12:00",48381,48407,48343,48358,-25.,-0.05%,1096
"2026-01-02 11:45",48441,48457,48364,48383,-58.,-0.12%,1652
"2026-01-02 11:30",48480,48523,48414,48441,-41.,-0.08%,1495
"2026-01-02 11:15",48463,48502,48447,48482,21,+0.04%,1824
"2026-01-02 11:00",48358,48474,48352,48461,101,+0.21%,2438
"2026-01-02 10:45",48393,48402,48307,48360,-36.,-0.07%,2937
"2026-01-02 10:30",48444,48481,48391,48396,-50.,-0.10%,2682
"2026-01-02 10:15",48435,48506,48433,48446,10,+0.02%,3354
"2026-01-02 10:00",48357,48436,48328,48436,81,+0.17%,3215
"2026-01-02 09:45",48337,48427,48292,48355,20,+0.04%,4455
"2026-01-02 09:30",48216,48377,48198,48335,117,+0.24%,5074
"2026-01-02 09:15",48298,48317,48140,48218,-82.,-0.17%,5688
"2026-01-02 09:00",48338,48406,48290,48300,-37.,-0.08%,5787
"2026-01-02 08:45",48158,48343,48092,48337,182,+0.38%,7526
"2026-01-02 08:30",48457,48461,48118,48155,-299.,-0.62%,11681
"2026-01-02 08:15",48499,48501,48453,48454,-45.,-0.09%,1094
"2026-01-02 08:00",48491,48508,48483,48499,11,+0.02%,450
"2026-01-02 07:45",48489,48500,48464,48488,-1.,0.00%,372
"2026-01-02 07:30",48497,48502,48471,48489,-9.,-0.02%,426
"2026-01-02 07:15",48501,48517,48497,48498,-5.,-0.01%,354
"2026-01-02 07:00",48521,48527,48502,48503,-18.,-0.04%,331
"2026-01-02 06:45",48527,48537,48516,48521,-7.,-0.01%,321
"2026-01-02 06:30",48525,48539,48520,48528,2,0.00%,345
"2026-01-02 06:15",48542,48546,48522,48526,-13.,-0.03%,323
"2026-01-02 06:00",48548,48569,48528,48539,-9.,-0.02%,373
"2026-01-02 05:45",48543,48556,48543,48548,3,+0.01%,230
"2026-01-02 05:30",48520,48551,48520,48545,25,+0.05%,192
"2026-01-02 05:15",48534,48538,48517,48520,-15.,-0.03%,173
"2026-01-02 05:00",48529,48543,48527,48535,7,+0.01%,239
"2026-01-02 04:45",48505,48530,48505,48528,25,+0.05%,264
"2026-01-02 04:30",48504,48507,48489,48503,0,0.00%,249
"2026-01-02 04:15",48512,48530,48499,48503,-9.,-0.02%,237
"2026-01-02 04:00",48521,48523,48503,48512,-9.,-0.02%,206
"2026-01-02 03:45",48518,48522,48504,48521,4,+0.01%,227
"2026-01-02 03:30",48500,48518,48492,48517,15,+0.03%,267
"2026-01-02 03:15",48475,48503,48470,48502,24,+0.05%,388
"2026-01-02 03:00",48452,48486,48450,48478,28,+0.06%,539
"2026-01-02 02:45",48455,48463,48444,48450,-6.,-0.01%,385
"2026-01-02 02:30",48432,48457,48423,48456,24,+0.05%,257
"2026-01-02 02:15",48434,48448,48418,48432,-1.,0.00%,385
"2026-01-02 02:00",48427,48446,48421,48433,7,+0.01%,426
"2026-01-02 01:45",48435,48435,48426,48426,-8.,-0.02%,95
"2026-01-02 01:30",48438,48440,48425,48434,-6.,-0.01%,97
"2026-01-02 01:15",48430,48440,48426,48440,9,+0.02%,109
"2026-01-02 01:00",48458,48459,48430,48431,-29.,-0.06%,217
"2026-01-02 00:45",48465,48469,48459,48460,-10.,-0.02%,62
"2026-01-02 00:30",48478,48479,48467,48470,-7.,-0.01%,78
"2026-01-02 00:15",48480,48483,48476,48477,-3.,-0.01%,125
"2026-01-02 00:00",48468,48484,48468,48480,13,+0.03%,172
"2026-01-01 23:45",48466,48471,48464,48467,1,0.00%,150
"2026-01-01 23:30",48459,48470,48457,48466,7,+0.01%,190
"2026-01-01 23:15",48448,48461,48448,48459,11,+0.02%,112
"2026-01-01 23:00",48449,48457,48446,48448,-1.,0.00%,135
"2026-01-01 22:45",48462,48462,48448,48449,-12.,-0.02%,242
"2026-01-01 22:30",48463,48470,48455,48461,-2.,0.00%,228
"2026-01-01 22:15",48466,48475,48459,48463,-5.,-0.01%,177
"2026-01-01 22:00",48467,48474,48463,48468,2,0.00%,123
"2026-01-01 21:45",48466,48467,48459,48466,5,+0.01%,99
"2026-01-01 21:30",48451,48465,48445,48461,11,+0.02%,122
"2026-01-01 21:15",48443,48453,48441,48450,5,+0.01%,71
"2026-01-01 21:00",48440,48447,48437,48445,2,0.00%,86
"2026-01-01 20:45",48438,48447,48435,48443,3,+0.01%,90
"2026-01-01 20:30",48435,48440,48430,48440,6,+0.01%,92
"2026-01-01 20:15",48434,48438,48429,48434,-1.,0.00%,128
"2026-01-01 20:00",48422,48438,48413,48435,13,+0.03%,98
"2026-01-01 19:45",48428,48430,48421,48422,-8.,-0.02%,59
"2026-01-01 19:30",48425,48434,48420,48430,4,+0.01%,118
"2026-01-01 19:15",48433,48439,48412,48426,-7.,-0.01%,227
"2026-01-01 19:00",48408,48441,48408,48433,25,+0.05%,204
"2026-01-01 18:45",48402,48409,48395,48408,7,+0.01%,51
"2026-01-01 18:30",48417,48418,48398,48401,-17.,-0.04%,47
"2026-01-01 18:15",48392,48418,48390,48418,26,+0.05%,109
"2026-01-01 18:00",48407,48410,48385,48392,-12.,-0.02%,152
"2026-01-01 17:45",48410,48420,48404,48404,-5.,-0.01%,74
"2026-01-01 17:30",48407,48428,48400,48409,1,0.00%,116
"2026-01-01 17:15",48400,48419,48400,48408,9,+0.02%,216
"2026-01-01 17:00",48373,48408,48355,48399,48,+0.10%,440
"2025-12-31 15:45",48343,48358,48342,48351,9,+0.02%,196
"2025-12-31 15:30",48363,48364,48342,48342,-22.,-0.05%,104
"2025-12-31 15:15",48374,48375,48357,48364,-9.,-0.02%,186
"2025-12-31 15:00",48338,48378,48338,48373,34,+0.07%,1256
"2025-12-31 14:45",48414,48418,48315,48339,-76.,-0.16%,4760
"2025-12-31 14:30",48366,48438,48351,48415,50,+0.10%,1661
"2025-12-31 14:15",48387,48413,48351,48365,-23.,-0.05%,1332
"2025-12-31 14:00",48436,48440,48365,48388,-47.,-0.10%,1838
"2025-12-31 13:45",48473,48476,48430,48435,-41.,-0.08%,724
"2025-12-31 13:30",48497,48504,48440,48476,-22.,-0.05%,1455
"2025-12-31 13:15",48549,48554,48494,48498,-51.,-0.11%,714
"2025-12-31 13:00",48550,48573,48546,48549,0,0.00%,754
"2025-12-31 12:45",48533,48560,48528,48549,15,+0.03%,883
"2025-12-31 12:30",48504,48534,48500,48534,30,+0.06%,601
"2025-12-31 12:15",48501,48505,48477,48504,6,+0.01%,375
"2025-12-31 12:00",48459,48501,48459,48498,38,+0.08%,587
"2025-12-31 11:45",48476,48478,48453,48460,-15.,-0.03%,473
"2025-12-31 11:30",48473,48505,48465,48475,3,+0.01%,618
"2025-12-31 11:15",48477,48496,48465,48472,-4.,-0.01%,528
"2025-12-31 11:00",48513,48516,48442,48476,-38.,-0.08%,1174
"2025-12-31 10:45",48498,48527,48493,48514,16,+0.03%,581
"2025-12-31 10:30",48497,48509,48476,48498,1,0.00%,681
"2025-12-31 10:15",48470,48508,48459,48497,27,+0.06%,877
"2025-12-31 10:00",48444,48476,48439,48470,23,+0.05%,1096
"2025-12-31 09:45",48494,48497,48440,48447,-45.,-0.09%,2334
"2025-12-31 09:30",48498,48528,48472,48492,-8.,-0.02%,1636
"2025-12-31 09:15",48489,48512,48471,48500,11,+0.02%,1819
"2025-12-31 09:00",48567,48568,48484,48489,-78.,-0.16%,2319
"2025-12-31 08:45",48518,48581,48504,48567,48,+0.10%,2300
"2025-12-31 08:30",48649,48665,48513,48519,-130.,-0.27%,5091
"2025-12-31 08:15",48659,48677,48648,48649,-11.,-0.02%,511
"2025-12-31 08:00",48654,48663,48652,48660,8,+0.02%,216
"2025-12-31 07:45",48634,48666,48633,48652,19,+0.04%,351
"2025-12-31 07:30",48614,48637,48610,48633,15,+0.03%,226
"2025-12-31 07:15",48612,48622,48608,48618,6,+0.01%,149
"2025-12-31 07:00",48618,48624,48608,48612,-6.,-0.01%,105
"2025-12-31 06:45",48610,48620,48610,48618,7,+0.01%,86
"2025-12-31 06:30",48611,48622,48609,48611,2,0.00%,162
"2025-12-31 06:15",48590,48614,48590,48609,19,+0.04%,124
"2025-12-31 06:00",48583,48592,48574,48590,5,+0.01%,196
"2025-12-31 05:45",48583,48585,48574,48585,2,0.00%,88
"2025-12-31 05:30",48580,48583,48575,48583,4,+0.01%,88
"2025-12-31 05:15",48583,48590,48574,48579,-3.,-0.01%,106
"2025-12-31 05:00",48570,48582,48564,48582,12,+0.02%,110
"2025-12-31 04:45",48580,48580,48570,48570,-12.,-0.02%,53
"2025-12-31 04:30",48580,48586,48575,48582,3,+0.01%,62
"2025-12-31 04:15",48578,48580,48572,48579,3,+0.01%,69
"2025-12-31 04:00",48578,48579,48563,48576,0,0.00%,145
"2025-12-31 03:45",48590,48590,48575,48576,-14.,-0.03%,103
"2025-12-31 03:30",48589,48598,48588,48590,2,0.00%,99
"2025-12-31 03:15",48591,48597,48584,48588,-5.,-0.01%,103
"2025-12-31 03:00",48575,48596,48570,48593,17,+0.03%,174
"2025-12-31 02:45",48584,48586,48575,48576,-7.,-0.01%,102
"2025-12-31 02:30",48589,48591,48572,48583,-3.,-0.01%,179
"2025-12-31 02:15",48592,48601,48586,48586,-6.,-0.01%,115
"2025-12-31 02:00",48603,48608,48591,48592,-10.,-0.02%,111
"2025-12-31 01:45",48611,48613,48595,48602,-9.,-0.02%,63
"2025-12-31 01:30",48606,48616,48604,48611,4,+0.01%,87
"2025-12-31 01:15",48594,48609,48592,48607,12,+0.02%,85
"2025-12-31 01:00",48598,48603,48583,48595,-5.,-0.01%,111
"2025-12-31 00:45",48600,48601,48595,48600,6,+0.01%,58
"2025-12-31 00:30",48590,48598,48590,48594,3,+0.01%,53
"2025-12-31 00:15",48601,48601,48586,48591,-10.,-0.02%,146
"2025-12-31 00:00",48602,48607,48597,48601,0,0.00%,88
"2025-12-30 23:45",48614,48615,48596,48601,-13.,-0.03%,173
"2025-12-30 23:30",48621,48626,48611,48614,-9.,-0.02%,84
"2025-12-30 23:15",48620,48627,48617,48623,2,0.00%,72
"2025-12-30 23:00",48626,48630,48621,48621,-6.,-0.01%,77
"2025-12-30 22:45",48633,48633,48627,48627,-5.,-0.01%,48
"2025-12-30 22:30",48640,48643,48632,48632,-8.,-0.02%,49
"2025-12-30 22:15",48641,48644,48639,48640,1,0.00%,58
"2025-12-30 22:00",48634,48640,48632,48639,5,+0.01%,89
"2025-12-30 21:45",48640,48642,48629,48634,-4.,-0.01%,71
"2025-12-30 21:30",48634,48639,48634,48638,2,0.00%,45
"2025-12-30 21:15",48648,48649,48635,48636,-12.,-0.02%,87
"2025-12-30 21:00",48641,48650,48638,48648,5,+0.01%,81
"2025-12-30 20:45",48637,48647,48627,48643,7,+0.01%,128
"2025-12-30 20:30",48623,48639,48623,48636,12,+0.02%,105
"2025-12-30 20:15",48612,48626,48611,48624,9,+0.02%,119
"2025-12-30 20:00",48606,48619,48605,48615,8,+0.02%,101
"2025-12-30 19:45",48607,48619,48603,48607,-2.,0.00%,78
"2025-12-30 19:30",48613,48618,48600,48609,-4.,-0.01%,119
"2025-12-30 19:15",48611,48621,48604,48613,-2.,0.00%,164
"2025-12-30 19:00",48612,48620,48585,48615,-3.,-0.01%,355
"2025-12-30 18:45",48639,48639,48607,48618,-20.,-0.04%,176
"2025-12-30 18:30",48652,48652,48632,48638,-15.,-0.03%,85
"2025-12-30 18:15",48658,48663,48649,48653,-3.,-0.01%,37
"2025-12-30 18:00",48660,48663,48646,48656,-8.,-0.02%,69
"2025-12-30 17:45",48663,48668,48658,48664,-1.,0.00%,29
"2025-12-30 17:30",48665,48675,48655,48665,-2.,0.00%,79
"2025-12-30 17:15",48663,48670,48660,48667,5,+0.01%,36
"2025-12-30 17:00",48685,48693,48661,48662,-15.,-0.03%,95
"2025-12-30 15:45",48681,48688,48677,48677,-7.,-0.01%,161
"2025-12-30 15:30",48675,48684,48672,48684,10,+0.02%,131
"2025-12-30 15:15",48652,48675,48651,48674,22,+0.05%,206
"2025-12-30 15:00",48657,48669,48641,48652,-4.,-0.01%,1248
"2025-12-30 14:45",48699,48704,48641,48656,-41.,-0.08%,3619
"2025-12-30 14:30",48689,48714,48685,48697,9,+0.02%,767
"2025-12-30 14:15",48664,48694,48663,48688,24,+0.05%,561
"2025-12-30 14:00",48666,48684,48648,48664,-2.,0.00%,668
"2025-12-30 13:45",48686,48692,48647,48666,-21.,-0.04%,652
"2025-12-30 13:30",48686,48699,48676,48687,2,0.00%,422
"2025-12-30 13:15",48702,48702,48673,48685,-18.,-0.04%,495
"2025-12-30 13:00",48699,48706,48682,48703,6,+0.01%,556
"2025-12-30 12:45",48695,48712,48691,48697,4,+0.01%,357
"2025-12-30 12:30",48692,48703,48681,48693,-1.,0.00%,421
"2025-12-30 12:15",48687,48694,48666,48694,7,+0.01%,334
"2025-12-30 12:00",48682,48697,48660,48687,3,+0.01%,644
"2025-12-30 11:45",48662,48692,48652,48684,21,+0.04%,676
"2025-12-30 11:30",48644,48683,48644,48663,21,+0.04%,829
"2025-12-30 11:15",48603,48646,48591,48642,40,+0.08%,895
"2025-12-30 11:00",48627,48636,48599,48602,-27.,-0.06%,716
"2025-12-30 10:45",48659,48668,48624,48629,-29.,-0.06%,753
"2025-12-30 10:30",48701,48709,48627,48658,-44.,-0.09%,1060
"2025-12-30 10:15",48656,48718,48652,48702,50,+0.10%,1384
"2025-12-30 10:00",48647,48680,48645,48652,5,+0.01%,1310
"2025-12-30 09:45",48625,48662,48606,48647,23,+0.05%,1466
"2025-12-30 09:30",48637,48641,48592,48624,-12.,-0.02%,1243
"2025-12-30 09:15",48624,48662,48622,48636,13,+0.03%,1639
"2025-12-30 09:00",48699,48712,48623,48623,-76.,-0.16%,2039
"2025-12-30 08:45",48652,48757,48632,48699,48,+0.10%,3357
"2025-12-30 08:30",48757,48763,48573,48651,-106.,-0.22%,6732
"2025-12-30 08:15",48742,48757,48728,48757,15,+0.03%,727
"2025-12-30 08:00",48736,48748,48732,48742,5,+0.01%,334
"2025-12-30 07:45",48739,48744,48727,48737,-1.,0.00%,183
"2025-12-30 07:30",48732,48738,48722,48738,2,0.00%,248
"2025-12-30 07:15",48742,48754,48736,48736,-6.,-0.01%,155
"2025-12-30 07:00",48736,48744,48720,48742,6,+0.01%,330
"2025-12-30 06:45",48750,48750,48732,48736,-15.,-0.03%,154
"2025-12-30 06:30",48740,48754,48727,48751,9,+0.02%,223
"2025-12-30 06:15",48759,48761,48741,48742,-15.,-0.03%,141
"2025-12-30 06:00",48751,48764,48747,48757,7,+0.01%,157
"2025-12-30 05:45",48723,48761,48723,48750,26,+0.05%,174
"2025-12-30 05:30",48716,48729,48713,48724,8,+0.02%,132
"2025-12-30 05:15",48728,48728,48706,48716,-13.,-0.03%,221
"2025-12-30 05:00",48738,48739,48719,48729,-10.,-0.02%,122
"2025-12-30 04:45",48755,48755,48736,48739,-17.,-0.03%,153
"2025-12-30 04:30",48760,48761,48752,48756,-6.,-0.01%,127
"2025-12-30 04:15",48749,48762,48748,48762,15,+0.03%,132
"2025-12-30 04:00",48753,48763,48747,48747,-5.,-0.01%,112
"2025-12-30 03:45",48743,48753,48739,48752,8,+0.02%,69
"2025-12-30 03:30",48753,48758,48741,48744,-8.,-0.02%,110
"2025-12-30 03:15",48760,48763,48748,48752,-9.,-0.02%,133
"2025-12-30 03:00",48755,48767,48752,48761,5,+0.01%,155
"2025-12-30 02:45",48751,48763,48750,48756,6,+0.01%,221
"2025-12-30 02:30",48734,48753,48731,48750,14,+0.03%,103
"2025-12-30 02:15",48735,48744,48730,48736,2,0.00%,99
"2025-12-30 02:00",48697,48738,48694,48734,42,+0.09%,224
"2025-12-30 01:45",48701,48703,48692,48692,-8.,-0.02%,82
"2025-12-30 01:30",48710,48710,48685,48700,-10.,-0.02%,157
"2025-12-30 01:15",48730,48732,48703,48710,-15.,-0.03%,201
"2025-12-30 01:00",48738,48739,48722,48725,-15.,-0.03%,95
"2025-12-30 00:45",48741,48746,48740,48740,1,0.00%,20
"2025-12-30 00:30",48730,48744,48730,48739,9,+0.02%,44
"2025-12-30 00:15",48747,48750,48729,48730,-16.,-0.03%,70
"2025-12-30 00:00",48755,48755,48739,48746,-9.,-0.02%,73
"2025-12-29 23:45",48750,48761,48750,48755,5,+0.01%,36
"2025-12-29 23:30",48750,48756,48737,48750,-3.,-0.01%,76
"2025-12-29 23:15",48754,48754,48747,48753,-1.,0.00%,39
"2025-12-29 23:00",48756,48760,48753,48754,-1.,0.00%,38
"2025-12-29 22:45",48757,48757,48753,48755,-1.,0.00%,14
"2025-12-29 22:30",48753,48760,48753,48756,4,+0.01%,25
"2025-12-29 22:15",48762,48768,48751,48752,-9.,-0.02%,31
"2025-12-29 22:00",48746,48763,48741,48761,14,+0.03%,114
"2025-12-29 21:45",48757,48757,48747,48747,-13.,-0.03%,31
"2025-12-29 21:30",48751,48767,48751,48760,11,+0.02%,64
"2025-12-29 21:15",48741,48753,48741,48749,9,+0.02%,34
"2025-12-29 21:00",48738,48746,48738,48740,3,+0.01%,42
"2025-12-29 20:45",48738,48739,48732,48737,-1.,0.00%,45
"2025-12-29 20:30",48740,48743,48734,48738,2,0.00%,30
"2025-12-29 20:15",48750,48757,48736,48736,-16.,-0.03%,63
"2025-12-29 20:00",48760,48762,48749,48752,-8.,-0.02%,75
"2025-12-29 19:45",48753,48761,48747,48760,8,+0.02%,51
"2025-12-29 19:30",48748,48756,48747,48752,2,0.00%,34
"2025-12-29 19:15",48756,48758,48749,48750,-7.,-0.01%,28
"2025-12-29 19:00",48740,48762,48735,48757,15,+0.03%,128
"2025-12-29 18:45",48757,48764,48739,48742,-18.,-0.04%,101
"2025-12-29 18:30",48763,48765,48751,48760,-3.,-0.01%,62
"2025-12-29 18:15",48751,48763,48749,48763,11,+0.02%,40
"2025-12-29 18:00",48745,48755,48743,48752,8,+0.02%,60
"2025-12-29 17:45",48754,48754,48742,48744,-9.,-0.02%,74
"2025-12-29 17:30",48740,48762,48740,48753,14,+0.03%,117
"2025-12-29 17:15",48751,48753,48737,48739,-12.,-0.02%,77
"2025-12-29 17:00",48763,48774,48748,48751,-10.,-0.02%,71
"2025-12-29 15:45",48760,48764,48754,48761,2,0.00%,197
"2025-12-29 15:30",48772,48772,48757,48759,-13.,-0.03%,180
"2025-12-29 15:15",48752,48775,48749,48772,20,+0.04%,208
"2025-12-29 15:00",48756,48758,48731,48752,-3.,-0.01%,864
"2025-12-29 14:45",48796,48815,48725,48755,-42.,-0.09%,3641
"2025-12-29 14:30",48817,48828,48789,48797,-18.,-0.04%,1008
"2025-12-29 14:15",48833,48842,48815,48815,-20.,-0.04%,626
"2025-12-29 14:00",48810,48835,48804,48835,27,+0.06%,615
"2025-12-29 13:45",48800,48812,48794,48808,7,+0.01%,791
"2025-12-29 13:30",48771,48808,48768,48801,31,+0.06%,805
"2025-12-29 13:15",48729,48772,48723,48770,43,+0.09%,729
"2025-12-29 13:00",48753,48756,48711,48727,-28.,-0.06%,841
"2025-12-29 12:45",48792,48795,48753,48755,-35.,-0.07%,755
"2025-12-29 12:30",48765,48808,48764,48790,29,+0.06%,1028
"2025-12-29 12:15",48732,48770,48732,48761,29,+0.06%,881
"2025-12-29 12:00",48703,48736,48701,48732,26,+0.05%,832
"2025-12-29 11:45",48685,48713,48683,48706,20,+0.04%,919
"2025-12-29 11:30",48686,48694,48665,48686,0,0.00%,756
"2025-12-29 11:15",48725,48732,48676,48686,-40.,-0.08%,807
"2025-12-29 11:00",48744,48748,48706,48726,-16.,-0.03%,662
"2025-12-29 10:45",48706,48763,48705,48742,35,+0.07%,868
"2025-12-29 10:30",48739,48772,48699,48707,-33.,-0.07%,1372
"2025-12-29 10:15",48762,48762,48725,48740,-22.,-0.05%,1071
"2025-12-29 10:00",48762,48781,48746,48762,0,0.00%,1190
"2025-12-29 09:45",48800,48802,48731,48762,-41.,-0.08%,1652
"2025-12-29 09:30",48786,48807,48756,48803,18,+0.04%,1667
"2025-12-29 09:15",48803,48829,48778,48785,-15.,-0.03%,1523
"2025-12-29 09:00",48841,48854,48784,48800,-43.,-0.09%,2249
"2025-12-29 08:45",48841,48892,48806,48843,0,0.00%,3253
"2025-12-29 08:30",48878,48987,48835,48843,-36.,-0.07%,6657
"2025-12-29 08:15",48876,48883,48829,48879,3,+0.01%,1716
"2025-12-29 08:00",48901,48901,48860,48876,-28.,-0.06%,751
"2025-12-29 07:45",48937,48939,48873,48904,-35.,-0.07%,833
"2025-12-29 07:30",48940,48948,48925,48939,-2.,0.00%,192
"2025-12-29 07:15",48945,48949,48924,48941,-3.,-0.01%,253
"2025-12-29 07:00",48946,48956,48934,48944,-3.,-0.01%,248
"2025-12-29 06:45",48934,48954,48917,48947,12,+0.02%,444
"2025-12-29 06:30",48974,48975,48935,48935,-40.,-0.08%,310
"2025-12-29 06:15",48987,48992,48974,48975,-17.,-0.03%,129
"2025-12-29 06:00",49001,49002,48979,48992,-12.,-0.02%,143
"2025-12-29 05:45",49001,49006,48997,49004,4,+0.01%,125
"2025-12-29 05:30",48989,49002,48986,49000,9,+0.02%,202
"2025-12-29 05:15",48998,49000,48983,48991,-12.,-0.02%,114
"2025-12-29 05:00",48996,49004,48990,49003,4,+0.01%,110
"2025-12-29 04:45",49000,49010,48995,48999,-1.,0.00%,62
"2025-12-29 04:30",49016,49016,48996,49000,-15.,-0.03%,110
"2025-12-29 04:15",49015,49024,49008,49015,3,+0.01%,126
"2025-12-29 04:00",49006,49012,48998,49012,6,+0.01%,106
"2025-12-29 03:45",48992,49009,48988,49006,14,+0.03%,159
"2025-12-29 03:30",48990,48999,48986,48992,-3.,-0.01%,136
"2025-12-29 03:15",48985,48997,48979,48995,7,+0.01%,190
"2025-12-29 03:00",48960,48988,48960,48988,29,+0.06%,242
"2025-12-29 02:45",48977,48977,48947,48959,-24.,-0.05%,225
"2025-12-29 02:30",48982,48986,48963,48983,3,+0.01%,123
"2025-12-29 02:15",48973,48990,48973,48980,4,+0.01%,146
"2025-12-29 02:00",49004,49005,48966,48976,-28.,-0.06%,394
"2025-12-29 01:45",49009,49015,49004,49004,-5.,-0.01%,71
"2025-12-29 01:30",49013,49016,49004,49009,-2.,0.00%,116
"2025-12-29 01:15",48989,49011,48981,49011,23,+0.05%,168
"2025-12-29 01:00",48990,48998,48977,48988,-3.,-0.01%,203
"2025-12-29 00:45",48996,48996,48984,48991,-3.,-0.01%,58
"2025-12-29 00:30",49009,49012,48989,48994,-15.,-0.03%,105
"2025-12-29 00:15",48998,49015,48997,49009,9,+0.02%,120
"2025-12-29 00:00",48988,49004,48983,49000,12,+0.02%,137
"2025-12-28 23:45",48983,48996,48983,48988,5,+0.01%,91
"2025-12-28 23:30",48993,48994,48982,48983,-6.,-0.01%,42
"2025-12-28 23:15",48988,48992,48982,48989,0,0.00%,90
"2025-12-28 23:00",48997,48997,48979,48989,-9.,-0.02%,123
"2025-12-28 22:45",49020,49020,48997,48998,-23.,-0.05%,54
"2025-12-28 22:30",49014,49021,49010,49021,9,+0.02%,75
"2025-12-28 22:15",49015,49023,49012,49012,-2.,0.00%,59
"2025-12-28 22:00",49018,49018,49012,49014,-2.,0.00%,50
"2025-12-28 21:45",49016,49020,49014,49016,-1.,0.00%,50
"2025-12-28 21:30",49011,49024,49007,49017,9,+0.02%,85
"2025-12-28 21:15",49010,49011,49004,49008,-1.,0.00%,64
"2025-12-28 21:00",49000,49012,49000,49009,7,+0.01%,53
"2025-12-28 20:45",49012,49015,49001,49002,-10.,-0.02%,66
"2025-12-28 20:30",49007,49015,49004,49012,5,+0.01%,45
"2025-12-28 20:15",49012,49014,49005,49007,-7.,-0.01%,40
"2025-12-28 20:00",49009,49016,49007,49014,5,+0.01%,65
"2025-12-28 19:45",49026,49030,49006,49009,-16.,-0.03%,136
"2025-12-28 19:30",49018,49028,49009,49025,3,+0.01%,123
"2025-12-28 19:15",49026,49031,49018,49022,-3.,-0.01%,132
"2025-12-28 19:00",49039,49052,49023,49025,-16.,-0.03%,209
"2025-12-28 18:45",49038,49044,49027,49041,3,+0.01%,123
"2025-12-28 18:30",49019,49039,49015,49038,20,+0.04%,228
"2025-12-28 18:15",49021,49024,49012,49018,-2.,0.00%,199
"2025-12-28 18:00",49018,49026,49007,49020,-1.,0.00%,118
"2025-12-28 17:45",49031,49034,49019,49021,-11.,-0.02%,93
"2025-12-28 17:30",49017,49035,49016,49032,14,+0.03%,98
"2025-12-28 17:15",49027,49030,49004,49018,-10.,-0.02%,122
"2025-12-28 17:00",48998,49033,48991,49028,26,+0.05%,171
"2025-12-26 15:45",48999,49010,48992,49002,2,0.00%,231
"2025-12-26 15:30",48999,49000,48992,49000,0,0.00%,119
"2025-12-26 15:15",48986,49006,48985,49000,12,+0.02%,156
"2025-12-26 15:00",49002,49010,48981,48988,-13.,-0.03%,650
"2025-12-26 14:45",48988,49021,48974,49001,15,+0.03%,2868
"2025-12-26 14:30",48962,48997,48960,48986,23,+0.05%,781
"2025-12-26 14:15",48953,48964,48945,48963,10,+0.02%,442
"2025-12-26 14:00",48926,48956,48925,48953,26,+0.05%,467
"2025-12-26 13:45",48953,48953,48925,48927,-28.,-0.06%,544
"2025-12-26 13:30",48921,48957,48920,48955,35,+0.07%,370
"2025-12-26 13:15",48924,48932,48908,48920,-2.,0.00%,493
"2025-12-26 13:00",48926,48944,48921,48922,-5.,-0.01%,495
"2025-12-26 12:45",48928,48953,48919,48927,-1.,0.00%,519
"2025-12-26 12:30",48901,48940,48898,48928,26,+0.05%,540
"2025-12-26 12:15",48916,48917,48872,48902,-17.,-0.03%,898
"2025-12-26 12:00",48920,48940,48912,48919,2,0.00%,531
"2025-12-26 11:45",48909,48928,48905,48917,9,+0.02%,422
"2025-12-26 11:30",48966,48968,48899,48908,-58.,-0.12%,704
"2025-12-26 11:15",48921,48967,48917,48966,44,+0.09%,684
"2025-12-26 11:00",48945,48946,48908,48922,-21.,-0.04%,614
"2025-12-26 10:45",48956,48956,48913,48943,-10.,-0.02%,768
"2025-12-26 10:30",48969,48979,48945,48953,-16.,-0.03%,551
"2025-12-26 10:15",48941,48973,48921,48969,30,+0.06%,749
"2025-12-26 10:00",48988,49001,48939,48939,-50.,-0.10%,732
"2025-12-26 09:45",48997,49020,48961,48989,-9.,-0.02%,994
"2025-12-26 09:30",49011,49044,48993,48998,-11.,-0.02%,1428
"2025-12-26 09:15",48983,49013,48941,49009,30,+0.06%,1096
"2025-12-26 09:00",49018,49022,48965,48979,-38.,-0.08%,1508
"2025-12-26 08:45",49023,49069,48964,49017,-5.,-0.01%,2652
"2025-12-26 08:30",48989,49051,48961,49022,31,+0.06%,4263
"2025-12-26 08:15",49001,49012,48981,48991,-9.,-0.02%,767
"2025-12-26 08:00",48984,49000,48974,49000,17,+0.03%,351
"2025-12-26 07:45",48987,49000,48979,48983,-2.,0.00%,248
"2025-12-26 07:30",48977,48993,48977,48985,6,+0.01%,203
"2025-12-26 07:15",48966,48994,48965,48979,13,+0.03%,269
"2025-12-26 07:00",48976,48984,48959,48966,-9.,-0.02%,267
"2025-12-26 06:45",48970,48980,48970,48975,6,+0.01%,93
"2025-12-26 06:30",48968,48976,48961,48969,3,+0.01%,170
"2025-12-26 06:15",48957,48968,48953,48966,7,+0.01%,143
"2025-12-26 06:00",48934,48961,48934,48959,26,+0.05%,177
"2025-12-26 05:45",48931,48935,48917,48933,-3.,-0.01%,291
"2025-12-26 05:30",48959,48959,48926,48936,-24.,-0.05%,201
"2025-12-26 05:15",48973,48973,48959,48960,-14.,-0.03%,77
"2025-12-26 05:00",48976,48977,48972,48974,2,0.00%,67
"2025-12-26 04:45",48979,48982,48969,48972,-11.,-0.02%,43
"2025-12-26 04:30",48988,48988,48978,48983,-4.,-0.01%,47
"2025-12-26 04:15",48985,48990,48981,48987,1,0.00%,41
"2025-12-26 04:00",48976,48990,48976,48986,9,+0.02%,66
"2025-12-26 03:45",48972,48981,48972,48977,5,+0.01%,40
"2025-12-26 03:30",48980,48980,48969,48972,-11.,-0.02%,79
"2025-12-26 03:15",48995,48995,48976,48983,-11.,-0.02%,69
"2025-12-26 03:00",48980,48994,48972,48994,11,+0.02%,147
"2025-12-26 02:45",48980,48990,48972,48983,1,0.00%,102
"2025-12-26 02:30",48963,48983,48960,48982,17,+0.03%,110
"2025-12-26 02:15",48961,48967,48954,48965,2,0.00%,84
"2025-12-26 02:00",48971,48979,48952,48963,-9.,-0.02%,100
"2025-12-26 01:45",48973,48979,48970,48972,-4.,-0.01%,95
"2025-12-26 01:30",48981,48986,48974,48976,-6.,-0.01%,68
"2025-12-26 01:15",48990,48991,48976,48982,-10.,-0.02%,93
"2025-12-26 01:00",49003,49004,48986,48992,-10.,-0.02%,167
"2025-12-26 00:45",49009,49013,49000,49002,-8.,-0.02%,38
"2025-12-26 00:30",49024,49024,49002,49010,-13.,-0.03%,91
"2025-12-26 00:15",49014,49027,49014,49023,9,+0.02%,114
"2025-12-26 00:00",49003,49014,48999,49014,11,+0.02%,49
"2025-12-25 23:45",49005,49007,48997,49003,-3.,-0.01%,42
"2025-12-25 23:30",49025,49025,49005,49006,-21.,-0.04%,74
"2025-12-25 23:15",49030,49031,49025,49027,-3.,-0.01%,36
"2025-12-25 23:00",49031,49034,49028,49030,-2.,0.00%,61
"2025-12-25 22:45",49027,49038,49026,49032,3,+0.01%,83
"2025-12-25 22:30",49019,49029,49019,49029,10,+0.02%,59
"2025-12-25 22:15",49007,49020,49006,49019,11,+0.02%,70
"2025-12-25 22:00",49001,49009,48994,49008,8,+0.02%,71
"2025-12-25 21:45",48997,49003,48997,49000,4,+0.01%,45
"2025-12-25 21:30",48996,49000,48992,48996,0,0.00%,65
"2025-12-25 21:15",49009,49010,48995,48996,-13.,-0.03%,42
"2025-12-25 21:00",49010,49017,49007,49009,0,0.00%,79
"2025-12-25 20:45",49009,49010,49005,49009,-2.,0.00%,48
"2025-12-25 20:30",48999,49013,48994,49011,10,+0.02%,82
"2025-12-25 20:15",49019,49022,48998,49001,-19.,-0.04%,77
"2025-12-25 20:00",49018,49021,49009,49020,2,0.00%,68
"2025-12-25 19:45",49024,49029,49018,49018,-7.,-0.01%,90
"2025-12-25 19:30",49037,49044,49015,49025,-13.,-0.03%,110
"2025-12-25 19:15",49038,49045,49035,49038,0,0.00%,79
"2025-12-25 19:00",49067,49070,49034,49038,-31.,-0.06%,192
"2025-12-25 18:45",49067,49070,49062,49069,4,+0.01%,63
"2025-12-25 18:30",49068,49070,49062,49065,0,0.00%,46
"2025-12-25 18:15",49065,49073,49059,49065,0,0.00%,95
"2025-12-25 18:00",49047,49065,49043,49065,17,+0.03%,82
"2025-12-25 17:45",49038,49050,49035,49048,10,+0.02%,27
"2025-12-25 17:30",49044,49052,49036,49038,-5.,-0.01%,69
"2025-12-25 17:15",49080,49086,49040,49043,-37.,-0.08%,91
"2025-12-25 17:00",49050,49085,49032,49080,55,+0.11%,163
"2025-12-24 12:00",49022,49050,49004,49025,3,+0.01%,822
"2025-12-24 11:45",49051,49066,49015,49022,-32.,-0.07%,1920
"2025-12-24 11:30",49051,49084,49048,49054,4,+0.01%,874
"2025-12-24 11:15",49042,49052,49021,49050,7,+0.01%,540
"2025-12-24 11:00",49024,49056,49024,49043,18,+0.04%,792
"2025-12-24 10:45",49028,49030,49001,49025,-2.,0.00%,854
"2025-12-24 10:30",48999,49037,48994,49027,29,+0.06%,1134
"2025-12-24 10:15",48978,49004,48958,48998,20,+0.04%,1081
"2025-12-24 10:00",48948,48979,48944,48978,29,+0.06%,1031
"2025-12-24 09:45",48939,48956,48923,48949,8,+0.02%,899
"2025-12-24 09:30",48929,48946,48910,48941,9,+0.02%,1080
"2025-12-24 09:15",48887,48933,48878,48932,47,+0.10%,1410
"2025-12-24 09:00",48843,48887,48837,48885,40,+0.08%,1063
"2025-12-24 08:45",48815,48887,48809,48845,30,+0.06%,2016
"2025-12-24 08:30",48746,48828,48681,48815,68,+0.14%,4542
"2025-12-24 08:15",48767,48767,48739,48747,-17.,-0.03%,656
"2025-12-24 08:00",48753,48771,48747,48764,10,+0.02%,185
"2025-12-24 07:45",48758,48763,48753,48754,-3.,-0.01%,160
"2025-12-24 07:30",48737,48762,48735,48757,25,+0.05%,245
"2025-12-24 07:15",48725,48740,48725,48732,8,+0.02%,160
"2025-12-24 07:00",48737,48737,48711,48724,-13.,-0.03%,246
"2025-12-24 06:45",48726,48737,48723,48737,11,+0.02%,104
"2025-12-24 06:30",48727,48729,48718,48726,1,0.00%,120
"2025-12-24 06:15",48728,48738,48724,48725,-3.,-0.01%,198
"2025-12-24 06:00",48723,48728,48719,48728,6,+0.01%,172
"2025-12-24 05:45",48729,48729,48715,48722,-9.,-0.02%,140
"2025-12-24 05:30",48734,48736,48728,48731,-4.,-0.01%,87
"2025-12-24 05:15",48734,48736,48730,48735,3,+0.01%,41
"2025-12-24 05:00",48736,48738,48732,48732,-4.,-0.01%,36
"2025-12-24 04:45",48733,48742,48728,48736,2,0.00%,64
"2025-12-24 04:30",48731,48737,48731,48734,2,0.00%,40
"2025-12-24 04:15",48727,48732,48725,48732,4,+0.01%,46
"2025-12-24 04:00",48729,48730,48720,48728,-2.,0.00%,78
"2025-12-24 03:45",48728,48731,48727,48730,-1.,0.00%,39
"2025-12-24 03:30",48727,48735,48725,48731,2,0.00%,93
"2025-12-24 03:15",48728,48735,48722,48729,2,0.00%,113
"2025-12-24 03:00",48708,48728,48706,48727,16,+0.03%,165
"2025-12-24 02:45",48710,48717,48708,48711,1,0.00%,106
"2025-12-24 02:30",48713,48717,48710,48710,-4.,-0.01%,75
"2025-12-24 02:15",48714,48721,48707,48714,1,0.00%,97
"2025-12-24 02:00",48707,48720,48705,48713,7,+0.01%,159
"2025-12-24 01:45",48705,48712,48703,48706,2,0.00%,68
"2025-12-24 01:30",48703,48712,48703,48704,0,0.00%,50
"2025-12-24 01:15",48718,48720,48702,48704,-16.,-0.03%,116
"2025-12-24 01:00",48722,48724,48720,48720,-1.,0.00%,68
"2025-12-24 00:45",48716,48723,48716,48721,5,+0.01%,35
"2025-12-24 00:30",48712,48716,48707,48716,2,0.00%,66
"2025-12-24 00:15",48714,48717,48714,48714,0,0.00%,17
"2025-12-24 00:00",48716,48716,48709,48714,-4.,-0.01%,116
"2025-12-23 23:45",48730,48731,48716,48718,-14.,-0.03%,74
"2025-12-23 23:30",48726,48734,48725,48732,4,+0.01%,111
"2025-12-23 23:15",48729,48729,48723,48728,-1.,0.00%,24
"2025-12-23 23:00",48729,48734,48727,48729,2,0.00%,71
"2025-12-23 22:45",48727,48729,48723,48727,-1.,0.00%,73
"2025-12-23 22:30",48731,48732,48728,48728,-2.,0.00%,47
"2025-12-23 22:15",48733,48733,48727,48730,-5.,-0.01%,22
"2025-12-23 22:00",48731,48738,48730,48735,3,+0.01%,50
"2025-12-23 21:45",48735,48737,48729,48732,-3.,-0.01%,40
"2025-12-23 21:30",48733,48736,48728,48735,3,+0.01%,46
"2025-12-23 21:15",48725,48732,48721,48732,10,+0.02%,35
"2025-12-23 21:00",48725,48725,48717,48722,-4.,-0.01%,39
"2025-12-23 20:45",48730,48734,48723,48726,-1.,0.00%,46
"2025-12-23 20:30",48725,48730,48723,48727,1,0.00%,77
"2025-12-23 20:15",48726,48730,48723,48726,-4.,-0.01%,37
"2025-12-23 20:00",48730,48732,48725,48730,-1.,0.00%,92
"2025-12-23 19:45",48733,48737,48726,48731,2,0.00%,50
"2025-12-23 19:30",48738,48746,48726,48729,-13.,-0.03%,110
"2025-12-23 19:15",48739,48751,48739,48742,3,+0.01%,97
"2025-12-23 19:00",48737,48739,48729,48739,2,0.00%,76
"2025-12-23 18:45",48740,48743,48735,48737,-6.,-0.01%,39
"2025-12-23 18:30",48736,48745,48732,48743,7,+0.01%,121
"2025-12-23 18:15",48738,48741,48734,48736,-4.,-0.01%,71
"2025-12-23 18:00",48733,48749,48733,48740,7,+0.01%,149
"2025-12-23 17:45",48731,48737,48729,48733,3,+0.01%,109
"2025-12-23 17:30",48731,48736,48730,48730,-2.,0.00%,34
"2025-12-23 17:15",48730,48736,48726,48732,0,0.00%,36
"2025-12-23 17:00",48744,48744,48724,48732,0,0.00%,136
"2025-12-23 15:45",48736,48746,48726,48732,-6.,-0.01%,191
"2025-12-23 15:30",48734,48739,48731,48738,5,+0.01%,117
"2025-12-23 15:15",48742,48751,48730,48733,-11.,-0.02%,230
"2025-12-23 15:00",48757,48764,48735,48744,-13.,-0.03%,1139
"2025-12-23 14:45",48763,48790,48753,48757,-6.,-0.01%,3553
"2025-12-23 14:30",48764,48779,48756,48763,-5.,-0.01%,687
"2025-12-23 14:15",48784,48785,48758,48768,-13.,-0.03%,507
"2025-12-23 14:00",48763,48789,48760,48781,18,+0.04%,720
"2025-12-23 13:45",48787,48795,48761,48763,-22.,-0.05%,715
"2025-12-23 13:30",48795,48804,48774,48785,-10.,-0.02%,468
"2025-12-23 13:15",48790,48807,48789,48795,5,+0.01%,472
"2025-12-23 13:00",48805,48811,48787,48790,-14.,-0.03%,738
"2025-12-23 12:45",48813,48823,48801,48804,-10.,-0.02%,585
"2025-12-23 12:30",48840,48854,48813,48814,-24.,-0.05%,661
"2025-12-23 12:15",48805,48849,48802,48838,32,+0.07%,1067
"2025-12-23 12:00",48772,48809,48767,48806,34,+0.07%,986
"2025-12-23 11:45",48784,48788,48761,48772,-11.,-0.02%,693
"2025-12-23 11:30",48774,48792,48770,48783,9,+0.02%,600
"2025-12-23 11:15",48753,48798,48751,48774,21,+0.04%,900
"2025-12-23 11:00",48756,48764,48738,48753,-5.,-0.01%,862
"2025-12-23 10:45",48758,48763,48744,48758,2,0.00%,579
"2025-12-23 10:30",48732,48774,48731,48756,25,+0.05%,667
"2025-12-23 10:15",48753,48781,48730,48731,-18.,-0.04%,936
"2025-12-23 10:00",48765,48781,48731,48749,-15.,-0.03%,1342
"2025-12-23 09:45",48783,48793,48739,48764,-20.,-0.04%,1681
"2025-12-23 09:30",48695,48793,48692,48784,90,+0.18%,2194
"2025-12-23 09:15",48667,48733,48667,48694,26,+0.05%,2001
"2025-12-23 09:00",48669,48695,48640,48668,2,0.00%,2514
"2025-12-23 08:45",48649,48703,48633,48666,19,+0.04%,3445
"2025-12-23 08:30",48556,48671,48552,48647,91,+0.19%,6282
"2025-12-23 08:15",48577,48581,48532,48556,-20.,-0.04%,1215
"2025-12-23 08:00",48585,48599,48556,48576,-11.,-0.02%,869
"2025-12-23 07:45",48609,48617,48578,48587,-22.,-0.05%,763
"2025-12-23 07:30",48652,48668,48588,48609,-51.,-0.10%,1056
"2025-12-23 07:15",48653,48666,48640,48660,8,+0.02%,235
"2025-12-23 07:00",48657,48665,48639,48652,-7.,-0.01%,394
"2025-12-23 06:45",48660,48664,48653,48659,-2.,0.00%,180
"2025-12-23 06:30",48654,48667,48647,48661,6,+0.01%,202
"2025-12-23 06:15",48656,48662,48648,48655,-1.,0.00%,196
"2025-12-23 06:00",48671,48685,48647,48656,-16.,-0.03%,486
"2025-12-23 05:45",48688,48688,48672,48672,-17.,-0.03%,115
"2025-12-23 05:30",48686,48692,48686,48689,3,+0.01%,102
"2025-12-23 05:15",48691,48693,48678,48686,-3.,-0.01%,141
"2025-12-23 05:00",48686,48703,48679,48689,3,+0.01%,194
"2025-12-23 04:45",48689,48693,48685,48686,-2.,0.00%,139
"2025-12-23 04:30",48706,48707,48684,48688,-18.,-0.04%,239
"2025-12-23 04:15",48722,48723,48698,48706,-16.,-0.03%,171
"2025-12-23 04:00",48716,48728,48713,48722,6,+0.01%,226
"2025-12-23 03:45",48717,48717,48707,48716,3,+0.01%,108
"2025-12-23 03:30",48704,48718,48704,48713,7,+0.01%,106
"2025-12-23 03:15",48690,48710,48687,48706,18,+0.04%,191
"2025-12-23 03:00",48676,48691,48676,48688,7,+0.01%,132
"2025-12-23 02:45",48683,48688,48674,48681,0,0.00%,100
"2025-12-23 02:30",48691,48695,48679,48681,-3.,-0.01%,109
"2025-12-23 02:15",48694,48701,48684,48684,-9.,-0.02%,157
"2025-12-23 02:00",48661,48694,48657,48693,32,+0.07%,549
"2025-12-23 01:45",48658,48671,48654,48661,2,0.00%,86
"2025-12-23 01:30",48663,48663,48654,48659,-4.,-0.01%,67
"2025-12-23 01:15",48662,48667,48657,48663,1,0.00%,63
"2025-12-23 01:00",48655,48662,48653,48662,8,+0.02%,145
"2025-12-23 00:45",48651,48656,48649,48654,3,+0.01%,41
"2025-12-23 00:30",48658,48658,48651,48651,-6.,-0.01%,56
"2025-12-23 00:15",48653,48660,48651,48657,4,+0.01%,127
"2025-12-23 00:00",48652,48657,48648,48653,2,0.00%,81
"2025-12-22 23:45",48654,48656,48646,48651,-3.,-0.01%,95
"2025-12-22 23:30",48646,48654,48642,48654,8,+0.02%,69
"2025-12-22 23:15",48638,48648,48638,48646,8,+0.02%,52
"2025-12-22 23:00",48648,48651,48637,48638,-12.,-0.02%,152
"2025-12-22 22:45",48651,48655,48644,48650,0,0.00%,140
"2025-12-22 22:30",48666,48667,48650,48650,-17.,-0.03%,185
"2025-12-22 22:15",48677,48677,48663,48667,-7.,-0.01%,54
"2025-12-22 22:00",48676,48676,48668,48674,-2.,0.00%,63
"2025-12-22 21:45",48679,48680,48673,48676,-4.,-0.01%,67
"2025-12-22 21:30",48678,48681,48676,48680,1,0.00%,55
"2025-12-22 21:15",48683,48683,48677,48679,-5.,-0.01%,56
"2025-12-22 21:00",48686,48690,48680,48684,-1.,0.00%,60
"2025-12-22 20:45",48684,48685,48676,48685,1,0.00%,56
"2025-12-22 20:30",48694,48699,48684,48684,-9.,-0.02%,70
"2025-12-22 20:15",48707,48712,48690,48693,-14.,-0.03%,108
"2025-12-22 20:00",48693,48710,48687,48707,15,+0.03%,85
"2025-12-22 19:45",48700,48700,48688,48692,-9.,-0.02%,68
"2025-12-22 19:30",48687,48703,48677,48701,11,+0.02%,114
"2025-12-22 19:15",48687,48692,48683,48690,6,+0.01%,60
"2025-12-22 19:00",48688,48696,48679,48684,-4.,-0.01%,122
"2025-12-22 18:45",48684,48688,48683,48688,4,+0.01%,38
"2025-12-22 18:30",48679,48688,48675,48684,4,+0.01%,78
"2025-12-22 18:15",48679,48685,48676,48680,0,0.00%,54
"2025-12-22 18:00",48682,48690,48674,48680,-4.,-0.01%,109
"2025-12-22 17:45",48687,48690,48676,48684,-4.,-0.01%,66
"2025-12-22 17:30",48684,48695,48684,48688,0,0.00%,71
"2025-12-22 17:15",48691,48694,48684,48688,-3.,-0.01%,60
"2025-12-22 17:00",48684,48698,48670,48691,13,+0.03%,113
"2025-12-22 15:45",48679,48683,48669,48678,-2.,0.00%,192
"2025-12-22 15:30",48678,48686,48674,48680,2,0.00%,121
"2025-12-22 15:15",48693,48693,48673,48678,-15.,-0.03%,145
"2025-12-22 15:00",48685,48699,48675,48693,8,+0.02%,1010
"2025-12-22 14:45",48703,48707,48677,48685,-17.,-0.03%,3792
"2025-12-22 14:30",48716,48719,48698,48702,-9.,-0.02%,757
"2025-12-22 14:15",48715,48728,48693,48711,-2.,0.00%,1329
"2025-12-22 14:00",48718,48738,48708,48713,-6.,-0.01%,866
"2025-12-22 13:45",48709,48724,48706,48719,10,+0.02%,478
"2025-12-22 13:30",48704,48722,48701,48709,5,+0.01%,883
"2025-12-22 13:15",48672,48705,48660,48704,29,+0.06%,706
"2025-12-22 13:00",48687,48701,48670,48675,-13.,-0.03%,752
"2025-12-22 12:45",48703,48707,48681,48688,-17.,-0.03%,760
"2025-12-22 12:30",48717,48731,48702,48705,-11.,-0.02%,593
"2025-12-22 12:15",48730,48743,48696,48716,-13.,-0.03%,963
"2025-12-22 12:00",48776,48777,48724,48729,-45.,-0.09%,958
"2025-12-22 11:45",48755,48787,48746,48774,17,+0.03%,1131
"2025-12-22 11:30",48713,48775,48707,48757,44,+0.09%,1206
"2025-12-22 11:15",48732,48754,48698,48713,-20.,-0.04%,806
"2025-12-22 11:00",48729,48747,48713,48733,4,+0.01%,1210
"2025-12-22 10:45",48682,48736,48682,48729,45,+0.09%,1160
"2025-12-22 10:30",48707,48735,48682,48684,-21.,-0.04%,1396
"2025-12-22 10:15",48738,48760,48698,48705,-34.,-0.07%,1711
"2025-12-22 10:00",48650,48744,48645,48739,91,+0.19%,1830
"2025-12-22 09:45",48659,48708,48644,48648,-11.,-0.02%,1848
"2025-12-22 09:30",48656,48675,48592,48659,3,+0.01%,2399
"2025-12-22 09:15",48568,48662,48560,48656,85,+0.18%,1933
"2025-12-22 09:00",48575,48603,48549,48571,-4.,-0.01%,2258
"2025-12-22 08:45",48576,48616,48543,48575,-1.,0.00%,2742
"2025-12-22 08:30",48526,48713,48525,48576,51,+0.11%,8818
"2025-12-22 08:15",48537,48550,48511,48525,-14.,-0.03%,2683
"2025-12-22 08:00",48524,48564,48523,48539,16,+0.03%,4332
"2025-12-22 07:45",48494,48526,48491,48523,30,+0.06%,466
"2025-12-22 07:30",48491,48493,48473,48493,1,0.00%,253
"2025-12-22 07:15",48492,48493,48468,48492,1,0.00%,383
"2025-12-22 07:00",48486,48502,48485,48491,4,+0.01%,297
"2025-12-22 06:45",48488,48489,48473,48487,-1.,0.00%,414
"2025-12-22 06:30",48487,48495,48481,48488,1,0.00%,239
"2025-12-22 06:15",48488,48491,48474,48487,-2.,0.00%,397
"2025-12-22 06:00",48484,48507,48484,48489,8,+0.02%,274
"2025-12-22 05:45",48482,48486,48471,48481,1,0.00%,1252
"2025-12-22 05:30",48480,48489,48458,48480,-1.,0.00%,4162
"2025-12-22 05:15",48501,48502,48473,48481,-22.,-0.05%,4163
"2025-12-22 05:00",48509,48515,48497,48503,-5.,-0.01%,228
"2025-12-22 04:45",48507,48513,48502,48508,2,0.00%,104
"2025-12-22 04:30",48511,48514,48506,48506,-6.,-0.01%,100
"2025-12-22 04:15",48517,48521,48507,48512,-3.,-0.01%,93
"2025-12-22 04:00",48508,48518,48506,48515,7,+0.01%,74
"2025-12-22 03:45",48507,48514,48504,48508,0,0.00%,63
"2025-12-22 03:30",48511,48514,48503,48508,-4.,-0.01%,117
"2025-12-22 03:15",48503,48520,48502,48512,10,+0.02%,176
"2025-12-22 03:00",48490,48507,48488,48502,10,+0.02%,304
"2025-12-22 02:45",48518,48526,48490,48492,-28.,-0.06%,254
"2025-12-22 02:30",48537,48539,48507,48520,-16.,-0.03%,157
"2025-12-22 02:15",48522,48537,48519,48536,13,+0.03%,149
"2025-12-22 02:00",48530,48544,48513,48523,-6.,-0.01%,311
"2025-12-22 01:45",48534,48536,48527,48529,-5.,-0.01%,129
"2025-12-22 01:30",48521,48537,48521,48534,14,+0.03%,173
"2025-12-22 01:15",48515,48530,48508,48520,4,+0.01%,193
"2025-12-22 01:00",48497,48516,48495,48516,22,+0.05%,240
"2025-12-22 00:45",48486,48498,48486,48494,11,+0.02%,69
"2025-12-22 00:30",48490,48495,48483,48483,-8.,-0.02%,94
"2025-12-22 00:15",48487,48493,48483,48491,3,+0.01%,77
"2025-12-22 00:00",48484,48493,48484,48488,3,+0.01%,58
"2025-12-21 23:45",48488,48490,48482,48485,-3.,-0.01%,85
"2025-12-21 23:30",48484,48493,48481,48488,4,+0.01%,74
"2025-12-21 23:15",48495,48496,48483,48484,-12.,-0.02%,113
"2025-12-21 23:00",48499,48510,48495,48496,-4.,-0.01%,104
"2025-12-21 22:45",48501,48504,48498,48500,-1.,0.00%,47
"2025-12-21 22:30",48507,48507,48498,48501,-5.,-0.01%,37
"2025-12-21 22:15",48506,48508,48503,48506,0,0.00%,51
"2025-12-21 22:00",48501,48511,48500,48506,8,+0.02%,65
"2025-12-21 21:45",48507,48510,48496,48498,-9.,-0.02%,85
"2025-12-21 21:30",48506,48512,48506,48507,0,0.00%,47
"2025-12-21 21:15",48514,48516,48507,48507,-7.,-0.01%,73
"2025-12-21 21:00",48518,48525,48512,48514,-3.,-0.01%,93
"2025-12-21 20:45",48515,48518,48510,48517,2,0.00%,66
"2025-12-21 20:30",48510,48517,48506,48515,5,+0.01%,113
"2025-12-21 20:15",48507,48517,48503,48510,4,+0.01%,76
"2025-12-21 20:00",48509,48514,48498,48506,-6.,-0.01%,101
"2025-12-21 19:45",48519,48523,48510,48512,-7.,-0.01%,71
"2025-12-21 19:30",48526,48536,48514,48519,-4.,-0.01%,116
"2025-12-21 19:15",48527,48536,48520,48523,-6.,-0.01%,141
"2025-12-21 19:00",48503,48535,48501,48529,24,+0.05%,259
"2025-12-21 18:45",48514,48518,48500,48505,-12.,-0.02%,361
"2025-12-21 18:30",48518,48532,48509,48517,2,0.00%,107
"2025-12-21 18:15",48537,48537,48511,48515,-22.,-0.05%,551
"2025-12-21 18:00",48559,48562,48533,48537,-21.,-0.04%,111
"2025-12-21 17:45",48561,48567,48548,48558,-2.,0.00%,94
"2025-12-21 17:30",48544,48563,48543,48560,16,+0.03%,111
"2025-12-21 17:15",48543,48553,48535,48544,-1.,0.00%,120
"2025-12-21 17:00",48600,48600,48535,48545,55,+0.11%,202
"2025-12-19 15:45",48503,48514,48484,48490,-15.,-0.03%,365
"2025-12-19 15:30",48480,48505,48476,48505,23,+0.05%,327
"2025-12-19 15:15",48487,48491,48478,48482,-4.,-0.01%,258
"2025-12-19 15:00",48469,48498,48458,48486,16,+0.03%,1513
"2025-12-19 14:45",48446,48489,48429,48470,24,+0.05%,6318
"2025-12-19 14:30",48482,48507,48426,48446,-38.,-0.08%,1535
"2025-12-19 14:15",48490,48529,48481,48484,-6.,-0.01%,959
"2025-12-19 14:00",48547,48561,48490,48490,-59.,-0.12%,1266
"2025-12-19 13:45",48577,48597,48538,48549,-29.,-0.06%,961
"2025-12-19 13:30",48575,48590,48564,48578,2,0.00%,483
"2025-12-19 13:15",48546,48592,48544,48576,28,+0.06%,776
"2025-12-19 13:00",48559,48571,48529,48548,-9.,-0.02%,900
"2025-12-19 12:45",48583,48590,48552,48557,-27.,-0.06%,593
"2025-12-19 12:30",48611,48619,48573,48584,-23.,-0.05%,704
"2025-12-19 12:15",48607,48620,48593,48607,1,0.00%,798
"2025-12-19 12:00",48576,48607,48561,48606,28,+0.06%,664
"2025-12-19 11:45",48570,48611,48552,48578,12,+0.02%,1060
"2025-12-19 11:30",48594,48598,48562,48566,-28.,-0.06%,897
"2025-12-19 11:15",48546,48615,48544,48594,49,+0.10%,1172
"2025-12-19 11:00",48570,48577,48541,48545,-24.,-0.05%,1179
"2025-12-19 10:45",48544,48591,48540,48569,24,+0.05%,1267
"2025-12-19 10:30",48603,48624,48545,48545,-60.,-0.12%,1499
"2025-12-19 10:15",48553,48608,48541,48605,53,+0.11%,1833
"2025-12-19 10:00",48546,48608,48526,48552,3,+0.01%,1815
"2025-12-19 09:45",48560,48591,48530,48549,-10.,-0.02%,1514
"2025-12-19 09:30",48567,48620,48536,48559,-12.,-0.02%,2015
"2025-12-19 09:15",48587,48634,48535,48571,-14.,-0.03%,2798
"2025-12-19 09:00",48546,48601,48517,48585,33,+0.07%,3632
"2025-12-19 08:45",48541,48556,48455,48552,11,+0.02%,3543
"2025-12-19 08:30",48404,48559,48383,48541,137,+0.28%,7794
"2025-12-19 08:15",48328,48414,48295,48404,77,+0.16%,2827
"2025-12-19 08:00",48295,48329,48280,48327,32,+0.07%,604
"2025-12-19 07:45",48310,48321,48292,48295,-16.,-0.03%,390
"2025-12-19 07:30",48304,48338,48294,48311,7,+0.01%,1062
"2025-12-19 07:15",48287,48304,48277,48304,16,+0.03%,413
"2025-12-19 07:00",48274,48294,48266,48288,17,+0.04%,456
"2025-12-19 06:45",48305,48322,48261,48271,-34.,-0.07%,392
"2025-12-19 06:30",48329,48333,48301,48305,-21.,-0.04%,227
"2025-12-19 06:15",48311,48331,48294,48326,21,+0.04%,304
"2025-12-19 06:00",48311,48331,48284,48305,1,0.00%,402
"2025-12-19 05:45",48319,48322,48301,48304,-13.,-0.03%,203
"2025-12-19 05:30",48318,48337,48304,48317,0,0.00%,369
"2025-12-19 05:15",48311,48325,48298,48317,5,+0.01%,210
"2025-12-19 05:00",48340,48343,48293,48312,-29.,-0.06%,403
"2025-12-19 04:45",48359,48369,48333,48341,-14.,-0.03%,288
"2025-12-19 04:30",48361,48371,48336,48355,-11.,-0.02%,238
"2025-12-19 04:15",48375,48384,48363,48366,-9.,-0.02%,181
"2025-12-19 04:00",48372,48376,48332,48375,1,0.00%,279
"2025-12-19 03:45",48363,48375,48355,48374,10,+0.02%,206
"2025-12-19 03:30",48356,48374,48352,48364,8,+0.02%,254
"2025-12-19 03:15",48331,48359,48322,48356,27,+0.06%,220
"2025-12-19 03:00",48328,48361,48310,48329,-2.,0.00%,433
"2025-12-19 02:45",48321,48349,48318,48331,8,+0.02%,342
"2025-12-19 02:30",48276,48325,48276,48323,46,+0.10%,249
"2025-12-19 02:15",48289,48311,48275,48277,-13.,-0.03%,292
"2025-12-19 02:00",48252,48292,48240,48290,36,+0.07%,514
"2025-12-19 01:45",48216,48254,48205,48254,40,+0.08%,336
"2025-12-19 01:30",48222,48230,48206,48214,-9.,-0.02%,151
"2025-12-19 01:15",48228,48235,48210,48223,-3.,-0.01%,311
"2025-12-19 01:00",48177,48231,48175,48226,55,+0.11%,382
"2025-12-19 00:45",48140,48171,48127,48171,30,+0.06%,204
"2025-12-19 00:30",48178,48184,48141,48141,-38.,-0.08%,309
"2025-12-19 00:15",48185,48186,48173,48179,-4.,-0.01%,179
"2025-12-19 00:00",48191,48204,48181,48183,-7.,-0.01%,208
"2025-12-18 23:45",48211,48214,48186,48190,-22.,-0.05%,194
"2025-12-18 23:30",48214,48222,48206,48212,1,0.00%,127
"2025-12-18 23:15",48216,48216,48203,48211,-5.,-0.01%,159
"2025-12-18 23:00",48232,48236,48214,48216,-16.,-0.03%,155
"2025-12-18 22:45",48235,48240,48231,48232,1,0.00%,60
"2025-12-18 22:30",48240,48245,48225,48231,-9.,-0.02%,38
"2025-12-18 22:15",48241,48251,48230,48240,-3.,-0.01%,103
"2025-12-18 22:00",48237,48249,48234,48243,8,+0.02%,92
"2025-12-18 21:45",48239,48244,48232,48235,-6.,-0.01%,145
"2025-12-18 21:30",48234,48246,48220,48241,8,+0.02%,157
"2025-12-18 21:15",48226,48258,48201,48233,-1.,0.00%,386
"2025-12-18 21:00",48222,48236,48215,48234,13,+0.03%,123
"2025-12-18 20:45",48237,48237,48219,48221,-15.,-0.03%,139
"2025-12-18 20:30",48244,48255,48221,48236,-7.,-0.01%,169
"2025-12-18 20:15",48241,48249,48228,48243,0,0.00%,109
"2025-12-18 20:00",48249,48259,48231,48243,-10.,-0.02%,223
"2025-12-18 19:45",48247,48264,48238,48253,8,+0.02%,181
"2025-12-18 19:30",48245,48258,48222,48245,-3.,-0.01%,252
"2025-12-18 19:15",48240,48257,48240,48248,12,+0.02%,87
"2025-12-18 19:00",48260,48260,48223,48236,-24.,-0.05%,181
"2025-12-18 18:45",48239,48268,48234,48260,20,+0.04%,147
"2025-12-18 18:30",48246,48250,48227,48240,-5.,-0.01%,182
"2025-12-18 18:15",48228,48248,48224,48245,15,+0.03%,233
"2025-12-18 18:00",48256,48261,48226,48230,-27.,-0.06%,372
"2025-12-18 17:45",48231,48257,48231,48257,27,+0.06%,192
"2025-12-18 17:30",48221,48236,48215,48230,13,+0.03%,162
"2025-12-18 17:15",48224,48238,48209,48217,-7.,-0.01%,166
"2025-12-18 17:00",48238,48252,48206,48224,-30.,-0.06%,240
"2025-12-18 15:45",48254,48262,48243,48254,1,0.00%,353
"2025-12-18 15:30",48267,48271,48249,48253,-15.,-0.03%,219
"2025-12-18 15:15",48277,48279,48260,48268,-8.,-0.02%,477
"2025-12-18 15:00",48311,48320,48273,48276,-35.,-0.07%,1258
"2025-12-18 14:45",48408,48445,48304,48311,-98.,-0.20%,5020
"2025-12-18 14:30",48387,48439,48376,48409,22,+0.05%,1366
"2025-12-18 14:15",48358,48398,48329,48387,29,+0.06%,1598
"2025-12-18 14:00",48283,48380,48277,48358,74,+0.15%,1754
"2025-12-18 13:45",48320,48372,48239,48284,-36.,-0.07%,2115
"2025-12-18 13:30",48357,48373,48304,48320,-36.,-0.07%,1250
"2025-12-18 13:15",48373,48373,48333,48356,-16.,-0.03%,1265
"2025-12-18 13:00",48411,48422,48325,48372,-41.,-0.08%,2177
"2025-12-18 12:45",48468,48472,48396,48413,-57.,-0.12%,1594
"2025-12-18 12:30",48475,48542,48468,48470,2,0.00%,1393
"2025-12-18 12:15",48429,48485,48426,48468,39,+0.08%,1386
"2025-12-18 12:00",48417,48464,48370,48429,12,+0.02%,1844
"2025-12-18 11:45",48462,48492,48360,48417,-45.,-0.09%,2917
"2025-12-18 11:30",48270,48463,48232,48462,189,+0.39%,4674
"2025-12-18 11:15",48310,48326,48196,48273,-38.,-0.08%,5010
"2025-12-18 11:00",48542,48549,48286,48311,-231.,-0.48%,4914
"2025-12-18 10:45",48654,48660,48529,48542,-114.,-0.23%,2376
"2025-12-18 10:30",48655,48706,48639,48656,6,+0.01%,1659
"2025-12-18 10:15",48665,48695,48623,48650,-14.,-0.03%,2012
"2025-12-18 10:00",48659,48725,48642,48664,4,+0.01%,2429
"2025-12-18 09:45",48723,48728,48616,48660,-63.,-0.13%,3021
"2025-12-18 09:30",48581,48723,48547,48723,144,+0.30%,4597
"2025-12-18 09:15",48504,48582,48435,48579,77,+0.16%,3641
"2025-12-18 09:00",48548,48614,48473,48502,-44.,-0.09%,3826
"2025-12-18 08:45",48433,48566,48379,48546,117,+0.24%,4294
"2025-12-18 08:30",48475,48656,48415,48429,-44.,-0.09%,8764
"2025-12-18 08:15",48493,48509,48466,48473,-18.,-0.04%,1322
"2025-12-18 08:00",48440,48500,48440,48491,47,+0.10%,834
"2025-12-18 07:45",48502,48512,48439,48444,-60.,-0.12%,978
"2025-12-18 07:30",48364,48518,48364,48504,142,+0.29%,3444
"2025-12-18 07:15",48332,48369,48329,48362,34,+0.07%,691
"2025-12-18 07:00",48304,48335,48297,48328,24,+0.05%,653
"2025-12-18 06:45",48311,48319,48293,48304,-7.,-0.01%,311
"2025-12-18 06:30",48331,48338,48310,48311,-19.,-0.04%,486
"2025-12-18 06:15",48346,48352,48325,48330,-15.,-0.03%,391
"2025-12-18 06:00",48367,48372,48345,48345,-24.,-0.05%,446
"2025-12-18 05:45",48351,48380,48346,48369,17,+0.04%,317
"2025-12-18 05:30",48329,48365,48328,48352,22,+0.05%,349
"2025-12-18 05:15",48324,48337,48316,48330,7,+0.01%,277
"2025-12-18 05:00",48301,48324,48294,48323,23,+0.05%,195
"2025-12-18 04:45",48306,48311,48291,48300,-3.,-0.01%,168
"2025-12-18 04:30",48304,48319,48291,48303,-1.,0.00%,225
"2025-12-18 04:15",48300,48313,48295,48304,6,+0.01%,273
"2025-12-18 04:00",48302,48319,48296,48298,-3.,-0.01%,236
"2025-12-18 03:45",48292,48304,48292,48301,12,+0.02%,274
"2025-12-18 03:30",48260,48295,48260,48289,32,+0.07%,230
"2025-12-18 03:15",48254,48263,48244,48257,4,+0.01%,257
"2025-12-18 03:00",48239,48255,48232,48253,12,+0.02%,323
"2025-12-18 02:45",48219,48247,48219,48241,27,+0.06%,230
"2025-12-18 02:30",48203,48224,48199,48214,14,+0.03%,234
"2025-12-18 02:15",48216,48242,48192,48200,-15.,-0.03%,343
"2025-12-18 02:00",48212,48223,48196,48215,2,0.00%,346
"2025-12-18 01:45",48211,48220,48202,48213,2,0.00%,156
"2025-12-18 01:30",48201,48215,48195,48211,9,+0.02%,129
"2025-12-18 01:15",48212,48213,48192,48202,-6.,-0.01%,179
"2025-12-18 01:00",48192,48219,48190,48208,16,+0.03%,238
"2025-12-18 00:45",48195,48196,48171,48192,-5.,-0.01%,115
"2025-12-18 00:30",48193,48204,48187,48197,0,0.00%,118
"2025-12-18 00:15",48188,48201,48185,48197,10,+0.02%,84
"2025-12-18 00:00",48187,48198,48180,48187,2,0.00%,78
"2025-12-17 23:45",48187,48207,48176,48185,-10.,-0.02%,703
"2025-12-17 23:30",48192,48210,48178,48195,5,+0.01%,74
"2025-12-17 23:15",48203,48205,48174,48190,-17.,-0.04%,141
"2025-12-17 23:00",48209,48213,48201,48207,-9.,-0.02%,81
"2025-12-17 22:45",48213,48219,48210,48216,2,0.00%,60
"2025-12-17 22:30",48190,48215,48190,48214,24,+0.05%,144
"2025-12-17 22:15",48172,48193,48172,48190,18,+0.04%,78
"2025-12-17 22:00",48182,48203,48169,48172,-4.,-0.01%,150
"2025-12-17 21:45",48165,48198,48165,48176,11,+0.02%,154
"2025-12-17 21:30",48164,48186,48155,48165,3,+0.01%,855
"2025-12-17 21:15",48176,48179,48146,48162,-15.,-0.03%,314
"2025-12-17 21:00",48225,48225,48175,48177,-47.,-0.10%,184
"2025-12-17 20:45",48228,48238,48218,48224,-5.,-0.01%,75
"2025-12-17 20:30",48237,48251,48229,48229,-10.,-0.02%,98
"2025-12-17 20:15",48241,48276,48234,48239,-6.,-0.01%,269
"2025-12-17 20:00",48233,48273,48213,48245,24,+0.05%,243
"2025-12-17 19:45",48235,48252,48216,48221,-11.,-0.02%,245
"2025-12-17 19:30",48256,48259,48232,48232,-27.,-0.06%,118
"2025-12-17 19:15",48263,48271,48237,48259,7,+0.01%,134
"2025-12-17 19:00",48276,48279,48237,48252,-21.,-0.04%,293
"2025-12-17 18:45",48235,48276,48232,48273,41,+0.09%,213
"2025-12-17 18:30",48242,48256,48222,48232,-2.,0.00%,156
"2025-12-17 18:15",48244,48268,48234,48234,-10.,-0.02%,553
"2025-12-17 18:00",48233,48254,48208,48244,15,+0.03%,432
"2025-12-17 17:45",48277,48277,48220,48229,-52.,-0.11%,281
"2025-12-17 17:30",48266,48292,48247,48281,21,+0.04%,166
"2025-12-17 17:15",48266,48266,48237,48260,5,+0.01%,92
"2025-12-17 17:00",48258,48276,48242,48255,-17.,-0.04%,153
"2025-12-17 15:45",48284,48304,48261,48272,-10.,-0.02%,504
"2025-12-17 15:30",48282,48289,48272,48282,0,0.00%,346
"2025-12-17 15:15",48283,48296,48278,48282,-2.,0.00%,420
"2025-12-17 15:00",48231,48285,48231,48284,53,+0.11%,1931
"2025-12-17 14:45",48286,48304,48207,48231,-52.,-0.11%,5478
"2025-12-17 14:30",48278,48293,48238,48283,5,+0.01%,1678
"2025-12-17 14:15",48306,48327,48259,48278,-28.,-0.06%,1347
"2025-12-17 14:00",48323,48338,48270,48306,-21.,-0.04%,1199
"2025-12-17 13:45",48298,48332,48295,48327,28,+0.06%,1113
"2025-12-17 13:30",48297,48321,48273,48299,3,+0.01%,1259
"2025-12-17 13:15",48278,48311,48265,48296,17,+0.04%,1190
"2025-12-17 13:00",48272,48290,48242,48279,7,+0.01%,1359
"2025-12-17 12:45",48271,48290,48240,48272,0,0.00%,1462
"2025-12-17 12:30",48286,48318,48234,48272,-17.,-0.04%,1855
"2025-12-17 12:15",48310,48322,48281,48289,-24.,-0.05%,1619
"2025-12-17 12:00",48346,48411,48310,48313,-33.,-0.07%,1808
"2025-12-17 11:45",48349,48354,48303,48346,-1.,0.00%,1874
"2025-12-17 11:30",48363,48427,48336,48347,-19.,-0.04%,2248
"2025-12-17 11:15",48322,48442,48315,48366,43,+0.09%,2892
"2025-12-17 11:00",48394,48401,48312,48323,-69.,-0.14%,2266
"2025-12-17 10:45",48376,48410,48305,48392,10,+0.02%,2133
"2025-12-17 10:30",48382,48410,48335,48382,-2.,0.00%,2513
"2025-12-17 10:15",48334,48453,48324,48384,46,+0.10%,3411
"2025-12-17 10:00",48371,48450,48332,48338,-39.,-0.08%,3537
"2025-12-17 09:45",48491,48499,48344,48377,-114.,-0.24%,4684
"2025-12-17 09:30",48636,48653,48454,48491,-146.,-0.30%,3924
"2025-12-17 09:15",48685,48695,48602,48637,-47.,-0.10%,3308
"2025-12-17 09:00",48711,48749,48644,48684,-28.,-0.06%,3635
"2025-12-17 08:45",48618,48734,48587,48712,96,+0.20%,5085
"2025-12-17 08:30",48558,48681,48521,48616,61,+0.13%,7607
"2025-12-17 08:15",48581,48589,48537,48555,-26.,-0.05%,1067
"2025-12-17 08:00",48593,48615,48581,48581,-11.,-0.02%,469
"2025-12-17 07:45",48595,48629,48575,48592,-2.,0.00%,1225
"2025-12-17 07:30",48608,48611,48572,48594,-17.,-0.03%,535
"2025-12-17 07:15",48582,48626,48547,48611,26,+0.05%,2168
"2025-12-17 07:00",48588,48611,48557,48585,-1.,0.00%,876
"2025-12-17 06:45",48586,48596,48582,48586,0,0.00%,234
"2025-12-17 06:30",48567,48590,48562,48586,20,+0.04%,179
"2025-12-17 06:15",48575,48579,48566,48566,-9.,-0.02%,117
"2025-12-17 06:00",48579,48588,48564,48575,-2.,0.00%,293
"2025-12-17 05:45",48578,48584,48560,48577,1,0.00%,188
"2025-12-17 05:30",48570,48587,48559,48576,4,+0.01%,317
"2025-12-17 05:15",48563,48576,48559,48572,9,+0.02%,313
"2025-12-17 05:00",48594,48595,48560,48563,-32.,-0.07%,235
"2025-12-17 04:45",48585,48596,48577,48595,6,+0.01%,157
"2025-12-17 04:30",48581,48595,48568,48589,8,+0.02%,214
"2025-12-17 04:15",48584,48592,48571,48581,-3.,-0.01%,221
"2025-12-17 04:00",48560,48589,48556,48584,21,+0.04%,194
"2025-12-17 03:45",48549,48574,48549,48563,14,+0.03%,305
"2025-12-17 03:30",48531,48552,48528,48549,18,+0.04%,168
"2025-12-17 03:15",48516,48548,48516,48531,17,+0.04%,299
"2025-12-17 03:00",48516,48518,48493,48514,-4.,-0.01%,358
"2025-12-17 02:45",48523,48543,48498,48518,-1.,0.00%,306
"2025-12-17 02:30",48513,48534,48508,48519,3,+0.01%,268
"2025-12-17 02:15",48490,48519,48481,48516,34,+0.07%,235
"2025-12-17 02:00",48483,48502,48458,48482,-2.,0.00%,423
"2025-12-17 01:45",48472,48501,48467,48484,15,+0.03%,272
"2025-12-17 01:30",48486,48493,48460,48469,-18.,-0.04%,198
"2025-12-17 01:15",48508,48512,48477,48487,-23.,-0.05%,240
"2025-12-17 01:00",48475,48520,48471,48510,35,+0.07%,375
"2025-12-17 00:45",48485,48486,48470,48475,-8.,-0.02%,98
"2025-12-17 00:30",48479,48487,48468,48483,4,+0.01%,91
"2025-12-17 00:15",48490,48495,48468,48479,-6.,-0.01%,160
"2025-12-17 00:00",48455,48488,48453,48485,30,+0.06%,119
"2025-12-16 23:45",48450,48455,48446,48455,7,+0.01%,122
"2025-12-16 23:30",48416,48449,48416,48448,33,+0.07%,163
"2025-12-16 23:15",48430,48430,48406,48415,-10.,-0.02%,336
"2025-12-16 23:00",48418,48434,48405,48425,7,+0.01%,232
"2025-12-16 22:45",48418,48422,48413,48418,-2.,0.00%,119
"2025-12-16 22:30",48426,48428,48415,48420,-2.,0.00%,79
"2025-12-16 22:15",48447,48447,48416,48422,-24.,-0.05%,91
"2025-12-16 22:00",48440,48462,48438,48446,5,+0.01%,54
"2025-12-16 21:45",48461,48464,48433,48441,-23.,-0.05%,112
"2025-12-16 21:30",48462,48466,48449,48464,-1.,0.00%,75
"2025-12-16 21:15",48452,48468,48452,48465,10,+0.02%,67
"2025-12-16 21:00",48457,48463,48447,48455,-3.,-0.01%,68
"2025-12-16 20:45",48457,48466,48448,48458,-1.,0.00%,47
"2025-12-16 20:30",48456,48462,48437,48459,3,+0.01%,135
"2025-12-16 20:15",48433,48456,48427,48456,25,+0.05%,254
"2025-12-16 20:00",48474,48476,48428,48431,-41.,-0.08%,138
"2025-12-16 19:45",48453,48474,48427,48472,19,+0.04%,183
"2025-12-16 19:30",48436,48461,48411,48453,16,+0.03%,748
"2025-12-16 19:15",48441,48469,48415,48437,-4.,-0.01%,1304
"2025-12-16 19:00",48398,48444,48398,48441,42,+0.09%,408
"2025-12-16 18:45",48402,48420,48391,48399,-5.,-0.01%,427
"2025-12-16 18:30",48407,48421,48381,48404,-3.,-0.01%,296
"2025-12-16 18:15",48391,48417,48379,48407,21,+0.04%,372
"2025-12-16 18:00",48423,48423,48362,48386,-41.,-0.08%,569
"2025-12-16 17:45",48463,48468,48422,48427,-38.,-0.08%,265
"2025-12-16 17:30",48454,48479,48436,48465,11,+0.02%,989
"2025-12-16 17:15",48450,48456,48433,48454,8,+0.02%,93
"2025-12-16 17:00",48456,48474,48420,48446,2,0.00%,332
"2025-12-16 15:45",48465,48465,48439,48444,-20.,-0.04%,287
"2025-12-16 15:30",48453,48466,48448,48464,9,+0.02%,221
"2025-12-16 15:15",48477,48477,48436,48455,-21.,-0.04%,742
"2025-12-16 15:00",48475,48492,48458,48476,1,0.00%,2166
"2025-12-16 14:45",48549,48575,48471,48475,-75.,-0.15%,4864
"2025-12-16 14:30",48518,48594,48517,48550,30,+0.06%,2041
"2025-12-16 14:15",48465,48525,48465,48520,57,+0.12%,1094
"2025-12-16 14:00",48422,48506,48415,48463,39,+0.08%,1527
"2025-12-16 13:45",48442,48477,48407,48424,-16.,-0.03%,1849
"2025-12-16 13:30",48408,48454,48403,48440,30,+0.06%,2442
"2025-12-16 13:15",48350,48414,48332,48410,59,+0.12%,1890
"2025-12-16 13:00",48486,48486,48348,48351,-139.,-0.29%,2190
"2025-12-16 12:45",48499,48551,48470,48490,-7.,-0.01%,1939
"2025-12-16 12:30",48369,48508,48368,48497,129,+0.27%,2263
"2025-12-16 12:15",48375,48393,48329,48368,-8.,-0.02%,1337
"2025-12-16 12:00",48369,48388,48313,48376,6,+0.01%,3481
"2025-12-16 11:45",48441,48470,48359,48370,-68.,-0.14%,2620
"2025-12-16 11:30",48502,48550,48413,48438,-67.,-0.14%,2161
"2025-12-16 11:15",48583,48607,48476,48505,-75.,-0.15%,2171
"2025-12-16 11:00",48557,48601,48520,48580,23,+0.05%,1867
"2025-12-16 10:45",48551,48610,48506,48557,9,+0.02%,2018
"2025-12-16 10:30",48558,48580,48504,48548,-11.,-0.02%,2287
"2025-12-16 10:15",48596,48612,48538,48559,-38.,-0.08%,2147
"2025-12-16 10:00",48663,48676,48585,48597,-63.,-0.13%,2424
"2025-12-16 09:45",48643,48709,48607,48660,18,+0.04%,3231
"2025-12-16 09:30",48564,48650,48552,48642,76,+0.16%,3893
"2025-12-16 09:15",48673,48690,48492,48566,-108.,-0.22%,4887
"2025-12-16 09:00",48756,48788,48642,48674,-82.,-0.17%,3679
"2025-12-16 08:45",48708,48838,48653,48756,62,+0.13%,4814
"2025-12-16 08:30",48748,48848,48659,48694,-54.,-0.11%,8200
"2025-12-16 08:15",48800,48828,48726,48748,-52.,-0.11%,1526
"2025-12-16 08:00",48798,48817,48768,48800,4,+0.01%,571
"2025-12-16 07:45",48797,48830,48772,48796,0,0.00%,647
"2025-12-16 07:30",48823,48917,48787,48796,5,+0.01%,1598
"2025-12-16 07:15",48816,48830,48791,48791,-25.,-0.05%,666
"2025-12-16 07:00",48815,48823,48796,48816,-2.,0.00%,311
"2025-12-16 06:45",48827,48833,48815,48818,-8.,-0.02%,242
"2025-12-16 06:30",48818,48842,48815,48826,7,+0.01%,261
"2025-12-16 06:15",48824,48833,48813,48819,-4.,-0.01%,193
"2025-12-16 06:00",48809,48830,48801,48823,16,+0.03%,258
"2025-12-16 05:45",48789,48814,48781,48807,18,+0.04%,231
"2025-12-16 05:30",48770,48795,48761,48789,23,+0.05%,224
"2025-12-16 05:15",48771,48771,48756,48766,0,0.00%,66
"2025-12-16 05:00",48760,48772,48753,48766,6,+0.01%,149
"2025-12-16 04:45",48779,48782,48754,48760,-19.,-0.04%,162
"2025-12-16 04:30",48749,48780,48734,48779,32,+0.07%,306
"2025-12-16 04:15",48715,48754,48715,48747,32,+0.07%,217
"2025-12-16 04:00",48679,48717,48670,48715,35,+0.07%,251
"2025-12-16 03:45",48714,48718,48668,48680,-30.,-0.06%,328
"2025-12-16 03:30",48733,48746,48703,48710,-21.,-0.04%,265
"2025-12-16 03:15",48742,48748,48729,48731,-12.,-0.02%,164
"2025-12-16 03:00",48756,48758,48728,48743,-11.,-0.02%,549
"2025-12-16 02:45",48740,48757,48733,48754,20,+0.04%,318
"2025-12-16 02:30",48726,48736,48712,48734,6,+0.01%,164
"2025-12-16 02:15",48701,48737,48697,48728,22,+0.05%,229
"2025-12-16 02:00",48687,48716,48683,48706,18,+0.04%,350
"2025-12-16 01:45",48646,48698,48646,48688,44,+0.09%,255
"2025-12-16 01:30",48688,48689,48642,48644,-53.,-0.11%,195
"2025-12-16 01:15",48682,48699,48680,48697,17,+0.03%,80
"2025-12-16 01:00",48687,48700,48677,48680,-3.,-0.01%,155
"2025-12-16 00:45",48664,48687,48664,48683,19,+0.04%,117
"2025-12-16 00:30",48668,48668,48655,48664,-4.,-0.01%,101
"2025-12-16 00:15",48670,48677,48662,48668,-3.,-0.01%,122
"2025-12-16 00:00",48652,48679,48645,48671,22,+0.05%,179
"2025-12-15 23:45",48674,48685,48644,48649,-24.,-0.05%,231
"2025-12-15 23:30",48698,48698,48670,48673,-27.,-0.06%,215
"2025-12-15 23:15",48709,48719,48699,48700,-5.,-0.01%,106
"2025-12-15 23:00",48725,48729,48703,48705,-21.,-0.04%,94
"2025-12-15 22:45",48724,48733,48721,48726,7,+0.01%,63
"2025-12-15 22:30",48706,48728,48704,48719,16,+0.03%,95
"2025-12-15 22:15",48693,48717,48690,48703,7,+0.01%,111
"2025-12-15 22:00",48713,48718,48688,48696,-20.,-0.04%,137
"2025-12-15 21:45",48685,48726,48684,48716,34,+0.07%,176
"2025-12-15 21:30",48687,48696,48662,48682,-5.,-0.01%,148
"2025-12-15 21:15",48686,48708,48677,48687,5,+0.01%,186
"2025-12-15 21:00",48699,48713,48671,48682,-18.,-0.04%,252
"2025-12-15 20:45",48698,48703,48690,48700,9,+0.02%,95
"2025-12-15 20:30",48712,48714,48673,48691,-19.,-0.04%,158
"2025-12-15 20:15",48713,48725,48691,48710,-4.,-0.01%,143
"2025-12-15 20:00",48698,48720,48680,48714,14,+0.03%,252
"2025-12-15 19:45",48669,48710,48661,48700,34,+0.07%,381
"2025-12-15 19:30",48802,48812,48659,48666,-137.,-0.28%,945
"2025-12-15 19:15",48793,48812,48793,48803,9,+0.02%,96
"2025-12-15 19:00",48785,48816,48772,48794,10,+0.02%,188
"2025-12-15 18:45",48791,48808,48784,48784,-10.,-0.02%,115
"2025-12-15 18:30",48822,48833,48778,48794,-28.,-0.06%,556
"2025-12-15 18:15",48792,48825,48770,48822,26,+0.05%,395
"2025-12-15 18:00",48818,48836,48780,48796,-23.,-0.05%,388
"2025-12-15 17:45",48834,48838,48790,48819,-16.,-0.03%,259
"2025-12-15 17:30",48838,48843,48798,48835,0,0.00%,383
"2025-12-15 17:15",48844,48853,48828,48835,-12.,-0.02%,88
"2025-12-15 17:00",48853,48864,48837,48847,2,0.00%,213
"2025-12-15 15:45",48842,48848,48840,48845,7,+0.01%,156
"2025-12-15 15:30",48813,48838,48813,48838,23,+0.05%,142
"2025-12-15 15:15",48827,48834,48815,48815,-11.,-0.02%,219
"2025-12-15 15:00",48828,48856,48808,48826,0,0.00%,1314
"2025-12-15 14:45",48808,48867,48808,48826,17,+0.03%,4442
"2025-12-15 14:30",48833,48845,48795,48809,-23.,-0.05%,1229
"2025-12-15 14:15",48830,48850,48802,48832,2,0.00%,828
"2025-12-15 14:00",48846,48853,48819,48830,-18.,-0.04%,761
"2025-12-15 13:45",48776,48854,48762,48848,71,+0.15%,980
"2025-12-15 13:30",48780,48804,48772,48777,-3.,-0.01%,672
"2025-12-15 13:15",48756,48783,48740,48780,23,+0.05%,649
"2025-12-15 13:00",48766,48805,48755,48757,-10.,-0.02%,823
"2025-12-15 12:45",48738,48794,48723,48767,29,+0.06%,921
"2025-12-15 12:30",48718,48744,48688,48738,22,+0.05%,1067
"2025-12-15 12:15",48784,48793,48678,48716,-68.,-0.14%,965
"2025-12-15 12:00",48749,48795,48719,48784,36,+0.07%,1048
"2025-12-15 11:45",48802,48817,48675,48748,-51.,-0.10%,1562
"2025-12-15 11:30",48744,48807,48703,48799,54,+0.11%,1031
"2025-12-15 11:15",48746,48773,48708,48745,-3.,-0.01%,891
"2025-12-15 11:00",48750,48799,48743,48748,-1.,0.00%,1089
"2025-12-15 10:45",48734,48815,48706,48749,15,+0.03%,1477
"2025-12-15 10:30",48873,48883,48721,48734,-138.,-0.28%,2479
"2025-12-15 10:15",48770,48893,48767,48872,102,+0.21%,1583
"2025-12-15 10:00",48806,48827,48770,48770,-35.,-0.07%,1746
"2025-12-15 09:45",48846,48880,48793,48805,-45.,-0.09%,2051
"2025-12-15 09:30",48761,48860,48750,48850,89,+0.18%,3186
"2025-12-15 09:15",48834,48834,48724,48761,-75.,-0.15%,3446
"2025-12-15 09:00",48886,48922,48818,48836,-52.,-0.11%,3317
"2025-12-15 08:45",49023,49033,48887,48888,-133.,-0.27%,3551
"2025-12-15 08:30",49084,49101,48976,49021,-65.,-0.13%,5781
"2025-12-15 08:15",49130,49132,49084,49086,-44.,-0.09%,816
"2025-12-15 08:00",49111,49134,49096,49130,19,+0.04%,423
"2025-12-15 07:45",49090,49117,49085,49111,16,+0.03%,220
"2025-12-15 07:30",49081,49099,49081,49095,6,+0.01%,241
"2025-12-15 07:15",49090,49098,49069,49089,-5.,-0.01%,234
"2025-12-15 07:00",49090,49097,49077,49094,2,0.00%,213
"2025-12-15 06:45",49111,49112,49087,49092,-18.,-0.04%,265
"2025-12-15 06:30",49067,49111,49066,49110,46,+0.09%,236
"2025-12-15 06:15",49080,49090,49060,49064,-14.,-0.03%,234
"2025-12-15 06:00",49102,49104,49073,49078,-23.,-0.05%,308
"2025-12-15 05:45",49089,49114,49087,49101,12,+0.02%,233
"2025-12-15 05:30",49089,49103,49083,49089,1,0.00%,159
"2025-12-15 05:15",49097,49099,49086,49088,-11.,-0.02%,90
"2025-12-15 05:00",49110,49110,49097,49099,-8.,-0.02%,106
"2025-12-15 04:45",49099,49109,49090,49107,6,+0.01%,134
"2025-12-15 04:30",49082,49102,49075,49101,18,+0.04%,175
"2025-12-15 04:15",49092,49097,49081,49083,-11.,-0.02%,158
"2025-12-15 04:00",49080,49097,49073,49094,15,+0.03%,144
"2025-12-15 03:45",49062,49086,49061,49079,19,+0.04%,182
"2025-12-15 03:30",49060,49065,49052,49060,1,0.00%,122
"2025-12-15 03:15",49071,49074,49042,49059,-15.,-0.03%,247
"2025-12-15 03:00",49043,49076,49031,49074,29,+0.06%,228
"2025-12-15 02:45",49047,49066,49039,49045,-1.,0.00%,354
"2025-12-15 02:30",49010,49054,49010,49046,29,+0.06%,216
"2025-12-15 02:15",48979,49020,48972,49017,42,+0.09%,135
"2025-12-15 02:00",48993,49010,48973,48975,-17.,-0.03%,236
"2025-12-15 01:45",48993,49006,48985,48992,0,0.00%,112
"2025-12-15 01:30",48990,49002,48980,48992,5,+0.01%,175
"2025-12-15 01:15",49002,49014,48984,48987,-16.,-0.03%,115
"2025-12-15 01:00",49006,49022,48996,49003,-2.,0.00%,115
"2025-12-15 00:45",49002,49015,48998,49005,7,+0.01%,48
"2025-12-15 00:30",48996,48999,48976,48998,1,0.00%,181
"2025-12-15 00:15",48992,49011,48990,48997,5,+0.01%,95
"2025-12-15 00:00",49009,49016,48990,48992,-25.,-0.05%,114
"2025-12-14 23:45",49030,49030,49016,49017,-15.,-0.03%,91
"2025-12-14 23:30",49021,49034,49018,49032,13,+0.03%,47
"2025-12-14 23:15",49028,49028,49012,49019,-10.,-0.02%,107
"2025-12-14 23:00",49026,49032,49018,49029,3,+0.01%,72
"2025-12-14 22:45",49013,49033,49013,49026,15,+0.03%,62
"2025-12-14 22:30",49005,49014,49001,49011,5,+0.01%,19
"2025-12-14 22:15",48976,49010,48976,49006,28,+0.06%,57
"2025-12-14 22:00",48995,48995,48977,48978,-17.,-0.03%,33
"2025-12-14 21:45",48992,49000,48990,48995,3,+0.01%,64
"2025-12-14 21:30",48991,48998,48990,48992,-3.,-0.01%,41
"2025-12-14 21:15",48988,48995,48986,48995,3,+0.01%,32
"2025-12-14 21:00",48985,48995,48974,48992,7,+0.01%,96
"2025-12-14 20:45",48994,48994,48974,48985,-11.,-0.02%,49
"2025-12-14 20:30",49001,49010,48992,48996,-3.,-0.01%,59
"2025-12-14 20:15",48991,49000,48978,48999,3,+0.01%,85
"2025-12-14 20:00",48986,48996,48981,48996,8,+0.02%,58
"2025-12-14 19:45",48972,48989,48960,48988,16,+0.03%,96
"2025-12-14 19:30",48955,48981,48950,48972,15,+0.03%,142
"2025-12-14 19:15",48953,48957,48941,48957,7,+0.01%,124
"2025-12-14 19:00",48973,48979,48942,48950,-24.,-0.05%,147
"2025-12-14 18:45",48975,48982,48966,48974,-2.,0.00%,102
"2025-12-14 18:30",48961,48978,48961,48976,15,+0.03%,97
"2025-12-14 18:15",48930,48962,48921,48961,29,+0.06%,170
"2025-12-14 18:00",48918,48934,48910,48932,10,+0.02%,140
"2025-12-14 17:45",48912,48928,48904,48922,10,+0.02%,102
"2025-12-14 17:30",48900,48915,48895,48912,15,+0.03%,138
"2025-12-14 17:15",48871,48899,48870,48897,35,+0.07%,111
"2025-12-14 17:00",48849,48918,48836,48862,-46.,-0.09%,226
"2025-12-12 15:45",48907,48914,48907,48908,2,0.00%,34
"2025-12-12 15:30",48903,48917,48898,48906,1,0.00%,21
"2025-12-12 15:15",48895,48915,48888,48905,19,+0.04%,55
"2025-12-12 15:00",48865,48889,48860,48886,23,+0.05%,639
"2025-12-12 14:45",48816,48894,48810,48863,47,+0.10%,1307
"2025-12-12 14:30",48855,48860,48778,48816,-46.,-0.09%,301
"2025-12-12 14:15",48901,48906,48834,48862,-41.,-0.08%,195
"2025-12-12 14:00",48898,48940,48870,48903,5,+0.01%,237
"2025-12-12 13:45",48879,48916,48866,48898,20,+0.04%,176
"2025-12-12 13:30",48865,48908,48862,48878,14,+0.03%,295
"2025-12-12 13:15",48875,48900,48842,48864,-13.,-0.03%,151
"2025-12-12 13:00",48926,48926,48849,48877,-50.,-0.10%,319
"2025-12-12 12:45",48919,48970,48907,48927,3,+0.01%,195
"2025-12-12 12:30",48960,48974,48906,48924,-39.,-0.08%,126
"2025-12-12 12:15",48977,49009,48920,48963,-15.,-0.03%,245
"2025-12-12 12:00",48950,49007,48925,48978,33,+0.07%,498
"2025-12-12 11:45",48921,48969,48920,48945,17,+0.03%,218
"2025-12-12 11:30",48872,48952,48843,48928,53,+0.11%,329
"2025-12-12 11:15",48898,48978,48861,48875,-16.,-0.03%,344
"2025-12-12 11:00",48833,48905,48822,48891,58,+0.12%,384
"2025-12-12 10:45",48845,48854,48766,48833,-13.,-0.03%,497
"2025-12-12 10:30",48872,48873,48738,48846,-35.,-0.07%,585
"2025-12-12 10:15",48877,48910,48795,48881,2,0.00%,525
"2025-12-12 10:00",48929,48987,48835,48879,-55.,-0.11%,1069
"2025-12-12 09:45",49184,49208,48917,48934,-250.,-0.51%,788
"2025-12-12 09:30",49076,49190,49048,49184,101,+0.21%,802
"2025-12-12 09:15",49162,49182,49069,49083,-80.,-0.16%,880
"2025-12-12 09:00",49219,49260,49144,49163,-62.,-0.13%,529
"2025-12-12 08:45",49232,49294,49221,49225,-11.,-0.02%,755
"2025-12-12 08:30",49201,49248,49158,49236,39,+0.08%,1420
"2025-12-12 08:15",49217,49225,49197,49197,-17.,-0.03%,82
"2025-12-12 08:00",49249,49249,49214,49214,-32.,-0.06%,9
"2025-12-12 07:45",49221,49248,49217,49246,25,+0.05%,57
"2025-12-12 07:30",49220,49221,49212,49221,0,0.00%,13
"2025-12-12 07:15",49225,49235,49217,49221,-11.,-0.02%,14
"2025-12-12 07:00",49212,49237,49205,49232,17,+0.03%,13
"2025-12-12 06:45",49208,49223,49195,49215,-5.,-0.01%,37
"2025-12-12 06:30",49219,49221,49211,49220,-3.,-0.01%,36
"2025-12-12 06:15",49223,49226,49214,49223,6,+0.01%,58
"2025-12-12 06:00",49181,49221,49174,49217,17,+0.03%,46
"2025-12-12 05:45",49201,49201,49180,49200,-9.,-0.02%,17
"2025-12-12 05:30",49226,49230,49195,49209,-23.,-0.05%,9
"2025-12-12 05:15",49247,49257,49232,49232,-14.,-0.03%,21
"2025-12-12 05:00",49236,49246,49224,49246,21,+0.04%,66
"2025-12-12 04:30",49207,49225,49207,49225,-18.,-0.04%,14
"2025-12-12 04:15",49249,49249,49243,49243,14,+0.03%,9
"2025-12-12 03:45",49209,49233,49205,49229,16,+0.03%,12
"2025-12-12 03:30",49238,49238,49205,49213,-34.,-0.07%,25
"2025-12-12 03:15",49272,49276,49247,49247,-15.,-0.03%,20
"2025-12-12 03:00",49267,49267,49246,49262,-10.,-0.02%,32
"2025-12-12 02:45",49271,49272,49270,49272,-20.,-0.04%,21
"2025-12-12 02:30",49293,49299,49289,49292,29,+0.06%,24
"2025-12-12 02:15",49258,49266,49257,49263,4,+0.01%,12
"2025-12-12 02:00",49238,49264,49226,49259,20,+0.04%,82
"2025-12-12 01:45",49242,49250,49239,49239,-2.,0.00%,24
"2025-12-12 01:30",49239,49241,49235,49241,3,+0.01%,11
"2025-12-12 01:15",49221,49238,49221,49238,14,+0.03%,20
"2025-12-12 01:00",49226,49238,49222,49224,-1.,0.00%,21
"2025-12-12 00:45",49228,49228,49225,49225,-17.,-0.03%,2
"2025-12-12 00:30",49244,49244,49234,49242,-10.,-0.02%,8
"2025-12-12 00:15",49252,49252,49252,49252,-7.,-0.01%,2
"2025-12-12 00:00",49250,49259,49250,49259,4,+0.01%,5
"2025-12-11 23:45",49246,49255,49246,49255,8,+0.02%,3
"2025-12-11 23:30",49240,49247,49231,49247,13,+0.03%,9
"2025-12-11 23:15",49233,49234,49222,49234,-3.,-0.01%,14
"2025-12-11 23:00",49223,49237,49222,49237,13,+0.03%,4
"2025-12-11 22:30",49211,49224,49211,49224,10,+0.02%,2
"2025-12-11 22:15",49222,49222,49214,49214,-4.,-0.01%,6
"2025-12-11 22:00",49233,49234,49218,49218,-11.,-0.02%,9
"2025-12-11 21:45",49242,49242,49229,49229,-17.,-0.03%,2
"2025-12-11 21:30",49218,49246,49218,49246,23,+0.05%,3
"2025-12-11 21:00",49228,49231,49223,49223,-2.,0.00%,17
"2025-12-11 20:45",49243,49243,49225,49225,-18.,-0.04%,2
"2025-12-11 20:30",49232,49243,49231,49243,18,+0.04%,8
"2025-12-11 20:15",49235,49245,49218,49225,-14.,-0.03%,31
"2025-12-11 20:00",49225,49243,49221,49239,11,+0.02%,28
"2025-12-11 19:45",49210,49232,49209,49228,19,+0.04%,37
"2025-12-11 19:30",49203,49217,49194,49209,0,0.00%,28
"2025-12-11 19:15",49194,49220,49194,49209,17,+0.03%,16
"2025-12-11 19:00",49181,49192,49178,49192,16,+0.03%,10
"2025-12-11 18:45",49186,49193,49176,49176,-11.,-0.02%,8
"2025-12-11 18:30",49193,49199,49187,49187,15,+0.03%,16
"2025-12-11 18:15",49172,49172,49172,49172,19,+0.04%,1
"2025-12-11 18:00",49171,49177,49153,49153,-35.,-0.07%,17
"2025-12-11 17:45",49193,49196,49185,49188,-12.,-0.02%,16
"2025-12-11 17:30",49192,49200,49189,49200,19,+0.04%,18
"2025-12-11 17:15",49200,49200,49179,49181,-45.,-0.09%,4
"2025-12-11 17:00",49246,49250,49223,49226,37,+0.08%,33
"2025-12-11 15:45",49177,49204,49177,49189,22,+0.04%,38
"2025-12-11 15:30",49172,49172,49160,49167,-2.,0.00%,11
"2025-12-11 15:15",49184,49187,49169,49169,-3.,-0.01%,15
"2025-12-11 15:00",49130,49188,49130,49172,41,+0.08%,106
"2025-12-11 14:45",49129,49160,49106,49131,-1.,0.00%,258
"2025-12-11 14:30",49140,49151,49116,49132,-4.,-0.01%,102
"2025-12-11 14:15",49138,49155,49123,49136,1,0.00%,43
"2025-12-11 14:00",49156,49171,49129,49135,-20.,-0.04%,93
"2025-12-11 13:45",49143,49161,49131,49155,15,+0.03%,106
"2025-12-11 13:30",49113,49140,49104,49140,30,+0.06%,143
"2025-12-11 13:15",49100,49119,49089,49110,40,+0.08%,134
"2025-12-11 13:00",49088,49110,49070,49070,-11.,-0.02%,164
"2025-12-11 12:45",49077,49100,49068,49081,-19.,-0.04%,71
"2025-12-11 12:30",49087,49113,49054,49100,6,+0.01%,50
"2025-12-11 12:15",49082,49121,49074,49094,5,+0.01%,121
"2025-12-11 12:00",49070,49109,49070,49089,41,+0.08%,102
"2025-12-11 11:45",49079,49079,49030,49048,-14.,-0.03%,106
"2025-12-11 11:30",49120,49127,49062,49062,-43.,-0.09%,199
"2025-12-11 11:15",49079,49143,49075,49105,14,+0.03%,119
"2025-12-11 11:00",49012,49096,49012,49091,89,+0.18%,192
"2025-12-11 10:45",49042,49080,48965,49002,-35.,-0.07%,160
"2025-12-11 10:30",48954,49058,48938,49037,109,+0.22%,157
"2025-12-11 10:15",48974,49007,48914,48928,-32.,-0.07%,132
"2025-12-11 10:00",48949,48977,48906,48960,5,+0.01%,187
"2025-12-11 09:45",48910,48964,48830,48955,54,+0.11%,167
"2025-12-11 09:30",48879,48941,48879,48901,18,+0.04%,213
"2025-12-11 09:15",48778,48915,48765,48883,100,+0.20%,233
"2025-12-11 09:00",48652,48837,48633,48783,104,+0.21%,238
"2025-12-11 08:45",48825,48838,48614,48679,-140.,-0.29%,350
"2025-12-11 08:30",48547,48820,48529,48819,269,+0.55%,573
"2025-12-11 08:15",48506,48550,48496,48550,44,+0.09%,48
"2025-12-11 08:00",48477,48506,48472,48506,38,+0.08%,36
"2025-12-11 07:45",48463,48487,48455,48468,5,+0.01%,17
"2025-12-11 07:30",48478,48478,48458,48463,0,0.00%,11
"2025-12-11 07:00",48494,48505,48463,48463,-17.,-0.04%,9
"2025-12-11 06:45",48481,48481,48480,48480,-14.,-0.03%,15
"2025-12-11 06:30",48497,48514,48491,48494,8,+0.02%,33
"2025-12-11 06:15",48461,48488,48461,48486,26,+0.05%,7
"2025-12-11 06:00",48439,48461,48439,48460,25,+0.05%,9
"2025-12-11 05:45",48427,48435,48419,48435,33,+0.07%,6
"2025-12-11 05:30",48404,48404,48392,48402,13,+0.03%,21
"2025-12-11 05:00",48384,48389,48384,48389,39,+0.08%,3
"2025-12-11 04:45",48364,48364,48350,48350,-20.,-0.04%,3
"2025-12-11 04:30",48370,48370,48370,48370,5,+0.01%,1
"2025-12-11 04:00",48365,48365,48365,48365,13,+0.03%,6
"2025-12-11 03:45",48363,48363,48352,48352,3,+0.01%,2
"2025-12-11 03:30",48320,48359,48320,48349,12,+0.02%,13
"2025-12-11 03:15",48333,48345,48333,48337,25,+0.05%,40
"2025-12-11 03:00",48312,48312,48312,48312,32,+0.07%,1
"2025-12-11 02:45",48280,48280,48280,48280,43,+0.09%,1
"2025-12-11 02:30",48237,48237,48237,48237,-12.,-0.02%,3
"2025-12-11 02:15",48240,48249,48240,48249,8,+0.02%,4
"2025-12-11 02:00",48275,48275,48241,48241,-52.,-0.11%,2
"2025-12-11 01:45",48291,48293,48291,48293,0,0.00%,3
"2025-12-11 01:30",48297,48306,48293,48293,12,+0.02%,7
"2025-12-11 01:15",48278,48281,48269,48281,36,+0.07%,5
"2025-12-11 01:00",48272,48278,48233,48245,-28.,-0.06%,18
"2025-12-11 00:45",48277,48280,48265,48273,14,+0.03%,43
"2025-12-11 00:30",48248,48259,48248,48259,21,+0.04%,4
"2025-12-11 00:15",48247,48247,48238,48238,-4.,-0.01%,3
"2025-12-10 23:45",48242,48242,48242,48242,15,+0.03%,2
"2025-12-10 23:30",48235,48235,48227,48227,-8.,-0.02%,5
"2025-12-10 23:15",48247,48247,48235,48235,-20.,-0.04%,5
"2025-12-10 23:00",48253,48255,48250,48255,-21.,-0.04%,5
"2025-12-10 22:30",48276,48276,48276,48276,1,0.00%,1
"2025-12-10 22:15",48275,48275,48275,48275,-21.,-0.04%,1
"2025-12-10 22:00",48269,48296,48269,48296,24,+0.05%,10
"2025-12-10 21:45",48281,48281,48263,48272,4,+0.01%,6
"2025-12-10 21:30",48270,48273,48263,48268,-8.,-0.02%,5
"2025-12-10 21:15",48269,48276,48264,48276,10,+0.02%,8
"2025-12-10 21:00",48363,48364,48223,48266,-117.,-0.24%,108
"2025-12-10 20:45",48388,48388,48379,48383,-28.,-0.06%,11
"2025-12-10 20:30",48412,48417,48397,48411,4,+0.01%,44
"2025-12-10 20:15",48417,48430,48406,48407,-18.,-0.04%,11
"2025-12-10 20:00",48450,48450,48425,48425,-54.,-0.11%,18
"2025-12-10 19:30",48475,48479,48467,48479,-5.,-0.01%,7
"2025-12-10 19:00",48468,48484,48468,48484,11,+0.02%,9
"2025-12-10 18:45",48480,48480,48473,48473,-17.,-0.04%,2
"2025-12-10 18:30",48490,48490,48490,48490,-12.,-0.02%,1
"2025-12-10 18:15",48502,48502,48502,48502,4,+0.01%,1
"2025-12-10 18:00",48507,48507,48492,48498,-11.,-0.02%,3
"2025-12-10 17:45",48510,48510,48509,48509,-4.,-0.01%,4
"2025-12-10 17:30",48510,48513,48510,48513,-8.,-0.02%,3
"2025-12-10 17:00",48521,48521,48521,48521,1,0.00%,1
"2025-12-10 15:45",48514,48520,48514,48520,20,+0.04%,2
"2025-12-10 15:00",48481,48500,48478,48500,20,+0.04%,17
"2025-12-10 14:45",48580,48580,48463,48480,-76.,-0.16%,46
"2025-12-10 14:30",48566,48606,48556,48556,10,+0.02%,31
"2025-12-10 14:15",48548,48600,48511,48546,-25.,-0.05%,61
"2025-12-10 14:00",48520,48582,48452,48571,51,+0.11%,84
"2025-12-10 13:45",48300,48520,48300,48520,237,+0.49%,110
"2025-12-10 13:30",48244,48434,48202,48283,80,+0.17%,218
"2025-12-10 13:15",48296,48306,48185,48203,-41.,-0.08%,33
"2025-12-10 13:00",48191,48310,48169,48244,120,+0.25%,69
"2025-12-10 12:45",48104,48124,48103,48124,-3.,-0.01%,4
"2025-12-10 12:30",48150,48151,48127,48127,-25.,-0.05%,19
"2025-12-10 12:15",48177,48177,48151,48152,-52.,-0.11%,5
"2025-12-10 12:00",48211,48211,48198,48204,19,+0.04%,4
"2025-12-10 11:45",48175,48197,48175,48185,46,+0.10%,6
"2025-12-10 11:30",48159,48159,48139,48139,-41.,-0.09%,12
"2025-12-10 11:15",48177,48180,48177,48180,0,0.00%,4
"2025-12-10 11:00",48185,48185,48160,48180,-29.,-0.06%,4
"2025-12-10 10:45",48189,48223,48189,48209,-7.,-0.01%,7
"2025-12-10 10:30",48216,48216,48216,48216,-19.,-0.04%,2
"2025-12-10 10:15",48188,48235,48186,48235,56,+0.12%,34
"2025-12-10 10:00",48068,48179,48062,48179,82,+0.17%,24
"2025-12-10 09:45",48125,48153,48082,48097,11,+0.02%,23
"2025-12-10 09:30",48064,48086,48017,48086,-7.,-0.01%,66
"2025-12-10 09:15",48084,48146,48084,48093,-24.,-0.05%,23
"2025-12-10 09:00",48071,48117,48071,48117,40,+0.08%,6
"2025-12-10 08:45",47969,48088,47962,48077,116,+0.24%,44
"2025-12-10 08:30",47948,48009,47870,47961,20,+0.04%,77
"2025-12-10 08:15",47924,47942,47921,47941,-5.,-0.01%,6
"2025-12-10 08:00",47947,47947,47946,47946,-25.,-0.05%,2
"2025-12-10 07:45",47980,47980,47971,47971,-19.,-0.04%,3
"2025-12-10 07:30",48023,48023,47990,47990,-14.,-0.03%,4
"2025-12-10 07:15",47969,48004,47969,48004,70,+0.15%,3
"2025-12-10 07:00",47950,47950,47934,47934,13,+0.03%,2
"2025-12-10 06:15",47935,47935,47921,47921,-16.,-0.03%,2
"2025-12-10 06:00",47935,47937,47930,47937,-2.,0.00%,3
"2025-12-10 05:15",47946,47947,47939,47939,-5.,-0.01%,16
"2025-12-10 05:00",47921,47960,47918,47944,25,+0.05%,50
"2025-12-10 04:45",47919,47935,47919,47919,-8.,-0.02%,4
"2025-12-10 04:30",47887,47927,47885,47927,26,+0.05%,18
"2025-12-10 04:15",47982,47983,47901,47901,-60.,-0.13%,19
"2025-12-10 04:00",47988,47992,47961,47961,-27.,-0.06%,5
"2025-12-10 03:45",47988,47988,47988,47988,30,+0.06%,1
"2025-12-10 03:15",47965,47965,47958,47958,-56.,-0.12%,2
"2025-12-10 02:15",48005,48014,48005,48014,20,+0.04%,2
"2025-12-10 02:00",48001,48014,47990,47994,19,+0.04%,10
"2025-12-10 01:45",48005,48005,47975,47975,-21.,-0.04%,3
"2025-12-10 00:30",48001,48001,47996,47996,-8.,-0.02%,2
"2025-12-10 00:00",48002,48004,48002,48004,32,+0.07%,2
"2025-12-09 23:15",47972,47972,47972,47972,-24.,-0.05%,1
"2025-12-09 22:30",48000,48013,47996,47996,30,+0.06%,21
"2025-12-09 21:45",47963,47966,47963,47966,0,0.00%,2
"2025-12-09 21:30",47957,47966,47957,47966,-8.,-0.02%,3
"2025-12-09 21:00",47974,47974,47974,47974,8,+0.02%,1
"2025-12-09 20:30",47966,47966,47966,47966,-14.,-0.03%,1
"2025-12-09 20:15",47980,47980,47980,47980,9,+0.02%,2
"2025-12-09 19:30",47971,47971,47971,47971,-9.,-0.02%,1
"2025-12-09 19:15",47960,47980,47960,47980,28,+0.06%,3
"2025-12-09 19:00",47952,47952,47952,47952,-23.,-0.05%,1
"2025-12-09 18:00",47953,47975,47953,47975,17,+0.04%,3
"2025-12-09 17:45",47958,47958,47958,47958,0,0.00%,1
"2025-12-09 17:30",47962,47962,47958,47958,-13.,-0.03%,2
"2025-12-09 17:15",47971,47971,47971,47971,12,+0.03%,1
"2025-12-09 17:00",47946,47959,47946,47959,21,+0.04%,2
"2025-12-09 15:30",47945,47945,47938,47938,-10.,-0.02%,2
"2025-12-09 15:15",47948,47948,47948,47948,-9.,-0.02%,1
"2025-12-09 15:00",47978,47984,47954,47957,-14.,-0.03%,23
"2025-12-09 14:45",48005,48018,47950,47971,-20.,-0.04%,16
"2025-12-09 14:30",47993,47993,47991,47991,-32.,-0.07%,6
"2025-12-09 14:15",48022,48023,48022,48023,-7.,-0.01%,2
"2025-12-09 14:00",48042,48042,48030,48030,-5.,-0.01%,3
"2025-12-09 13:45",48038,48038,48035,48035,11,+0.02%,2
"2025-12-09 13:30",47998,48024,47998,48024,9,+0.02%,3
"2025-12-09 13:15",48020,48020,48015,48015,-10.,-0.02%,2
"2025-12-09 13:00",48047,48063,48020,48025,-18.,-0.04%,8
"2025-12-09 12:45",47974,48043,47969,48043,54,+0.11%,8
"2025-12-09 12:30",48043,48050,47989,47989,-84.,-0.17%,11
"2025-12-09 12:15",48070,48073,48064,48073,12,+0.02%,6
"2025-12-09 12:00",48082,48085,48038,48061,-15.,-0.03%,6
"2025-12-09 11:45",48072,48076,48017,48076,1,0.00%,14
"2025-12-09 11:30",48180,48194,48070,48075,-109.,-0.23%,26
"2025-12-09 11:15",48196,48196,48173,48184,-56.,-0.12%,11
"2025-12-09 11:00",48267,48267,48240,48240,-37.,-0.08%,2
"2025-12-09 10:30",48285,48313,48277,48277,-41.,-0.08%,5
"2025-12-09 10:15",48315,48328,48315,48318,44,+0.09%,4
"2025-12-09 10:00",48286,48295,48271,48274,54,+0.11%,5
"2025-12-09 09:30",48264,48264,48220,48220,-9.,-0.02%,2
"2025-12-09 09:15",48225,48229,48225,48229,-35.,-0.07%,3
"2025-12-09 09:00",48325,48325,48240,48264,-98.,-0.20%,13
"2025-12-09 08:45",48257,48362,48257,48362,123,+0.25%,22
"2025-12-09 08:30",48152,48296,48152,48239,101,+0.21%,78
"2025-12-09 08:15",48100,48138,48100,48138,46,+0.10%,29
"2025-12-09 08:00",48102,48104,48092,48092,-15.,-0.03%,4
"2025-12-09 07:45",48107,48107,48107,48107,-26.,-0.05%,2
"2025-12-09 07:30",48133,48133,48133,48133,-25.,-0.05%,1
"2025-12-09 07:15",48158,48158,48158,48158,0,0.00%,1
"2025-12-09 06:45",48150,48158,48150,48158,-21.,-0.04%,2
"2025-12-09 06:15",48179,48179,48179,48179,-12.,-0.02%,1
"2025-12-09 06:00",48177,48191,48177,48191,-14.,-0.03%,2
"2025-12-09 05:45",48205,48205,48205,48205,20,+0.04%,1
"2025-12-09 04:45",48185,48185,48185,48185,14,+0.03%,1
"2025-12-09 04:30",48142,48171,48078,48171,9,+0.02%,51
"2025-12-09 03:30",48186,48186,48162,48162,4,+0.01%,2
"2025-12-09 03:00",48158,48158,48158,48158,2,0.00%,1
"2025-12-09 02:30",48156,48156,48156,48156,-15.,-0.03%,1
"2025-12-09 02:00",48171,48171,48171,48171,2,0.00%,1
"2025-12-09 01:00",48180,48180,48169,48169,14,+0.03%,5
"2025-12-08 23:45",48155,48155,48155,48155,5,+0.01%,1
"2025-12-08 23:15",48150,48150,48150,48150,6,+0.01%,3
"2025-12-08 23:00",48144,48144,48144,48144,-14.,-0.03%,1
"2025-12-08 20:15",48158,48158,48158,48158,10,+0.02%,1
"2025-12-08 20:00",48148,48148,48148,48148,12,+0.02%,2
"2025-12-08 19:30",48152,48152,48136,48136,-14.,-0.03%,6
"2025-12-08 19:00",48150,48150,48150,48150,-5.,-0.01%,1
"2025-12-08 18:30",48156,48156,48155,48155,-11.,-0.02%,3
"2025-12-08 18:15",48161,48166,48161,48166,1,0.00%,2
"2025-12-08 18:00",48165,48165,48165,48165,26,+0.05%,1
"2025-12-08 17:15",48139,48139,48139,48139,-29.,-0.06%,1
"2025-12-08 15:15",48159,48168,48159,48168,36,+0.07%,2
"2025-12-08 15:00",48156,48159,48132,48132,-23.,-0.05%,12
"2025-12-08 14:45",48111,48155,48101,48155,61,+0.13%,10
"2025-12-08 14:30",48100,48100,48091,48094,-17.,-0.04%,4
"2025-12-08 14:15",48113,48113,48111,48111,13,+0.03%,3
"2025-12-08 14:00",48098,48098,48098,48098,24,+0.05%,1
"2025-12-08 13:45",48089,48089,48074,48074,-36.,-0.07%,2
"2025-12-08 13:30",48110,48110,48110,48110,17,+0.04%,1
"2025-12-08 13:15",48093,48093,48093,48093,44,+0.09%,2
"2025-12-08 13:00",48057,48071,48049,48049,-3.,-0.01%,6
"2025-12-08 12:45",48094,48094,48021,48052,-28.,-0.06%,18
"2025-12-08 12:30",48061,48080,48044,48080,15,+0.03%,12
"2025-12-08 12:15",48122,48122,48065,48065,-60.,-0.12%,9
"2025-12-08 12:00",48178,48178,48125,48125,-58.,-0.12%,8
"2025-12-08 11:45",48160,48186,48160,48183,18,+0.04%,6
"2025-12-08 11:30",48139,48165,48132,48165,34,+0.07%,6
"2025-12-08 11:15",48124,48131,48104,48131,2,0.00%,7
"2025-12-08 11:00",48130,48130,48129,48129,-39.,-0.08%,2
"2025-12-08 10:45",48189,48189,48158,48168,-33.,-0.07%,17
"2025-12-08 10:30",48203,48216,48198,48201,-25.,-0.05%,4
"2025-12-08 10:15",48179,48226,48179,48226,28,+0.06%,4
"2025-12-08 10:00",48170,48205,48169,48198,22,+0.05%,7
"2025-12-08 09:45",48214,48214,48176,48176,-40.,-0.08%,2
"2025-12-08 09:30",48260,48288,48216,48216,-8.,-0.02%,4
"2025-12-08 09:15",48216,48224,48216,48224,-23.,-0.05%,3
"2025-12-08 09:00",48311,48311,48237,48247,-76.,-0.16%,16
"2025-12-08 08:45",48245,48332,48245,48323,107,+0.22%,11
"2025-12-08 08:30",48325,48325,48186,48216,-195.,-0.40%,33
"2025-12-08 08:15",48407,48412,48407,48411,33,+0.07%,7
"2025-12-08 07:45",48378,48378,48378,48378,-10.,-0.02%,3
"2025-12-08 07:15",48385,48388,48385,48388,16,+0.03%,4
"2025-12-08 06:15",48372,48372,48372,48372,-12.,-0.02%,1
"2025-12-08 06:00",48384,48384,48384,48384,16,+0.03%,2
"2025-12-08 04:45",48368,48368,48368,48368,-1.,0.00%,1
"2025-12-08 04:30",48369,48369,48369,48369,1,0.00%,1
"2025-12-08 03:30",48366,48368,48366,48368,2,0.00%,3
"2025-12-08 03:15",48366,48366,48366,48366,10,+0.02%,1
"2025-12-08 03:00",48356,48356,48356,48356,23,+0.05%,1
"2025-12-08 02:45",48333,48333,48333,48333,-9.,-0.02%,1
"2025-12-08 02:30",48342,48342,48342,48342,-25.,-0.05%,1
"2025-12-08 02:15",48367,48367,48367,48367,12,+0.02%,1
"2025-12-08 02:00",48355,48355,48355,48355,-22.,-0.05%,7
"2025-12-08 01:45",48377,48377,48377,48377,7,+0.01%,2
"2025-12-08 01:15",48370,48370,48370,48370,0,0.00%,3
"2025-12-08 01:00",48370,48370,48370,48370,12,+0.02%,3
"2025-12-08 00:45",48358,48358,48358,48358,-10.,-0.02%,1
"2025-12-08 00:00",48368,48368,48368,48368,-11.,-0.02%,1
"2025-12-07 23:30",48375,48379,48375,48379,0,0.00%,2
"2025-12-07 23:15",48379,48379,48379,48379,9,+0.02%,1
"2025-12-07 23:00",48368,48370,48368,48370,2,0.00%,2
"2025-12-07 21:15",48368,48368,48368,48368,23,+0.05%,1
"2025-12-07 20:30",48345,48345,48345,48345,-1.,0.00%,1
"2025-12-07 20:00",48346,48346,48346,48346,-4.,-0.01%,1
"2025-12-07 18:45",48350,48350,48350,48350,0,0.00%,1
"2025-12-07 18:30",48342,48350,48333,48350,33,+0.07%,11
"2025-12-07 18:00",48323,48323,48317,48317,-30.,-0.06%,2
"2025-12-07 17:45",48356,48356,48347,48347,-23.,-0.05%,4
"2025-12-07 17:30",48370,48370,48370,48370,3,+0.01%,1
"2025-12-05 15:45",48367,48367,48367,48367,-3.,-0.01%,1
"2025-12-05 15:00",48342,48370,48342,48370,67,+0.14%,11
"2025-12-05 14:45",48305,48329,48303,48303,-57.,-0.12%,7
"2025-12-05 14:30",48363,48363,48360,48360,-38.,-0.08%,2
"2025-12-05 14:00",48398,48398,48398,48398,-31.,-0.06%,1
"2025-12-05 13:45",48413,48429,48413,48429,37,+0.08%,5
"2025-12-05 13:30",48398,48405,48392,48392,2,0.00%,7
"2025-12-05 13:15",48390,48390,48390,48390,-30.,-0.06%,1
"2025-12-05 13:00",48423,48423,48414,48420,-16.,-0.03%,3
"2025-12-05 12:45",48431,48436,48424,48436,-1.,0.00%,3
"2025-12-05 12:30",48450,48450,48437,48437,-1.,0.00%,3
"2025-12-05 12:15",48415,48438,48368,48438,8,+0.02%,8
"2025-12-05 12:00",48414,48430,48414,48430,80,+0.17%,2
"2025-12-05 11:45",48320,48350,48320,48350,57,+0.12%,3
"2025-12-05 11:30",48313,48313,48276,48293,-25.,-0.05%,11
"2025-12-05 11:15",48324,48341,48317,48318,19,+0.04%,11
"2025-12-05 11:00",48344,48346,48299,48299,-54.,-0.11%,14
"2025-12-05 10:45",48295,48363,48295,48353,57,+0.12%,20
"2025-12-05 10:30",48342,48342,48288,48296,-102.,-0.21%,22
"2025-12-05 10:15",48380,48398,48357,48398,-7.,-0.01%,15
"2025-12-05 10:00",48415,48415,48402,48405,-9.,-0.02%,3
"2025-12-05 09:45",48435,48464,48400,48414,-36.,-0.07%,12
"2025-12-05 09:30",48481,48481,48429,48450,-38.,-0.08%,9
"2025-12-05 09:15",48475,48495,48468,48488,-7.,-0.01%,6
"2025-12-05 09:00",48451,48536,48445,48495,60,+0.12%,65
"2025-12-05 08:45",48420,48452,48368,48435,9,+0.02%,21
"2025-12-05 08:30",48320,48426,48294,48426,140,+0.29%,25
"2025-12-05 08:15",48269,48303,48269,48286,30,+0.06%,37
"2025-12-05 08:00",48221,48256,48221,48256,39,+0.08%,7
"2025-12-05 07:45",48215,48217,48175,48217,-2.,0.00%,36
"2025-12-05 07:30",48277,48277,48212,48219,-101.,-0.21%,25
"2025-12-05 07:00",48320,48320,48320,48320,11,+0.02%,1
"2025-12-05 06:15",48309,48309,48309,48309,-26.,-0.05%,1
"2025-12-05 06:00",48331,48335,48331,48335,9,+0.02%,3
"2025-12-05 05:30",48317,48326,48317,48326,45,+0.09%,8
"2025-12-05 05:00",48281,48281,48281,48281,32,+0.07%,1
"2025-12-05 04:00",48249,48249,48249,48249,-10.,-0.02%,1
"2025-12-05 03:45",48259,48259,48259,48259,10,+0.02%,1
"2025-12-05 03:30",48249,48249,48249,48249,-61.,-0.13%,1
"2025-12-05 02:15",48321,48321,48310,48310,19,+0.04%,2
"2025-12-05 02:00",48291,48291,48291,48291,-4.,-0.01%,1
"2025-12-05 01:45",48295,48295,48295,48295,5,+0.01%,1
"2025-12-05 01:00",48290,48290,48290,48290,-4.,-0.01%,1
"2025-12-05 00:45",48294,48294,48294,48294,12,+0.02%,6
"2025-12-05 00:30",48282,48282,48282,48282,-15.,-0.03%,1
"2025-12-04 23:15",48297,48297,48297,48297,-3.,-0.01%,1
"2025-12-04 21:15",48300,48300,48300,48300,-33.,-0.07%,1
"2025-12-04 20:15",48298,48333,48296,48333,35,+0.07%,3
"2025-12-04 19:45",48298,48298,48298,48298,25,+0.05%,1
"2025-12-04 18:30",48273,48273,48273,48273,34,+0.07%,1
"2025-12-04 18:15",48239,48239,48239,48239,-21.,-0.04%,1
"2025-12-04 18:00",48260,48260,48260,48260,10,+0.02%,1
"2025-12-04 17:45",48250,48250,48250,48250,-40.,-0.08%,1
"2025-12-04 15:00",48274,48290,48274,48290,27,+0.06%,7
"2025-12-04 14:45",48242,48263,48242,48263,52,+0.11%,3
"2025-12-04 14:30",48203,48211,48203,48211,14,+0.03%,3
"2025-12-04 14:15",48200,48200,48197,48197,-15.,-0.03%,2
"2025-12-04 14:00",48212,48212,48212,48212,-24.,-0.05%,1
"2025-12-04 13:45",48240,48240,48236,48236,-10.,-0.02%,3
"2025-12-04 13:30",48196,48263,48196,48246,60,+0.12%,5
"2025-12-04 13:15",48220,48220,48120,48186,-114.,-0.24%,21
"2025-12-04 12:45",48300,48300,48300,48300,-45.,-0.09%,1
"2025-12-04 12:15",48303,48345,48303,48345,35,+0.07%,4
"2025-12-04 11:45",48295,48310,48295,48310,33,+0.07%,8
"2025-12-04 11:30",48268,48277,48268,48277,9,+0.02%,3
"2025-12-04 11:15",48243,48268,48243,48268,71,+0.15%,9
"2025-12-04 11:00",48230,48230,48197,48197,-82.,-0.17%,13
"2025-12-04 10:45",48253,48290,48253,48279,59,+0.12%,17
"2025-12-04 10:30",48240,48275,48220,48220,-39.,-0.08%,17
"2025-12-04 10:15",48269,48269,48250,48259,-40.,-0.08%,10
"2025-12-04 09:45",48316,48316,48280,48299,-23.,-0.05%,8
"2025-12-04 09:30",48332,48360,48322,48322,-2.,0.00%,22
"2025-12-04 09:15",48263,48334,48240,48324,71,+0.15%,23
"2025-12-04 09:00",48227,48266,48227,48253,1,0.00%,6
"2025-12-04 08:45",48296,48299,48210,48252,-58.,-0.12%,24
"2025-12-04 08:30",48356,48472,48303,48310,-37.,-0.08%,65
"2025-12-04 08:15",48360,48360,48347,48347,1,0.00%,6
"2025-12-04 08:00",48338,48346,48338,48346,13,+0.03%,2
"2025-12-04 07:45",48333,48333,48333,48333,-2.,0.00%,1
"2025-12-04 07:00",48336,48336,48335,48335,-25.,-0.05%,2
"2025-12-04 06:30",48360,48360,48360,48360,-6.,-0.01%,5
"2025-12-04 06:00",48366,48366,48366,48366,21,+0.04%,1
"2025-12-04 04:30",48345,48345,48345,48345,-20.,-0.04%,1
"2025-12-04 04:15",48365,48365,48365,48365,0,0.00%,2
"2025-12-04 03:30",48364,48365,48364,48365,45,+0.09%,2
"2025-12-04 03:00",48320,48320,48320,48320,0,0.00%,1
"2025-12-04 02:45",48320,48320,48320,48320,-29.,-0.06%,1
"2025-12-04 02:30",48348,48349,48348,48349,36,+0.07%,2
"2025-12-04 02:15",48326,48326,48313,48313,-61.,-0.13%,2
"2025-12-04 01:00",48374,48374,48374,48374,15,+0.03%,1
"2025-12-04 00:45",48359,48359,48359,48359,12,+0.02%,1
"2025-12-04 00:15",48347,48347,48347,48347,-13.,-0.03%,1
"2025-12-04 00:00",48360,48360,48360,48360,0,0.00%,2
"2025-12-03 23:45",48360,48360,48360,48360,0,0.00%,1
"2025-12-03 22:30",48360,48360,48360,48360,10,+0.02%,1
"2025-12-03 22:00",48350,48350,48350,48350,-11.,-0.02%,1
"2025-12-03 20:45",48358,48361,48358,48361,2,0.00%,2
"2025-12-03 20:30",48359,48362,48359,48359,19,+0.04%,3
"2025-12-03 20:00",48340,48340,48340,48340,-23.,-0.05%,1
"2025-12-03 19:30",48363,48363,48363,48363,-2.,0.00%,1
"2025-12-03 19:15",48367,48368,48364,48365,5,+0.01%,5
"2025-12-03 19:00",48360,48360,48360,48360,34,+0.07%,3
"2025-12-03 18:45",48335,48335,48325,48326,-34.,-0.07%,3
"2025-12-03 18:30",48362,48362,48360,48360,-13.,-0.03%,3
"2025-12-03 18:00",48373,48373,48373,48373,13,+0.03%,2
"2025-12-03 17:45",48360,48360,48360,48360,16,+0.03%,1
"2025-12-03 17:30",48344,48344,48344,48344,-48.,-0.10%,1
"2025-12-03 15:45",48392,48392,48392,48392,6,+0.01%,1
"2025-12-03 15:15",48392,48392,48386,48386,-6.,-0.01%,3
"2025-12-03 15:00",48309,48428,48284,48392,83,+0.17%,91
"2025-12-03 14:45",48361,48361,48297,48309,-41.,-0.08%,27
"2025-12-03 14:30",48342,48350,48342,48350,15,+0.03%,2
"2025-12-03 14:15",48353,48354,48318,48335,-16.,-0.03%,9
"2025-12-03 14:00",48369,48379,48351,48351,8,+0.02%,9
"2025-12-03 13:45",48336,48353,48336,48343,0,0.00%,7
"2025-12-03 13:30",48345,48345,48337,48343,-6.,-0.01%,4
"2025-12-03 13:15",48331,48349,48331,48349,15,+0.03%,12
"2025-12-03 13:00",48310,48340,48309,48334,49,+0.10%,15
"2025-12-03 12:45",48319,48323,48285,48285,-20.,-0.04%,16
"2025-12-03 12:30",48268,48305,48265,48305,54,+0.11%,28
"2025-12-03 12:15",48249,48251,48223,48251,-12.,-0.02%,9
"2025-12-03 12:00",48248,48268,48246,48263,25,+0.05%,15
"2025-12-03 11:45",48262,48262,48228,48238,-12.,-0.02%,13
"2025-12-03 11:30",48221,48250,48215,48250,45,+0.09%,30
"2025-12-03 11:15",48183,48222,48183,48205,42,+0.09%,38
"2025-12-03 11:00",48091,48163,48091,48163,87,+0.18%,9
"2025-12-03 10:45",48137,48173,48076,48076,-66.,-0.14%,13
"2025-12-03 10:30",48100,48190,48100,48142,40,+0.08%,9
"2025-12-03 10:15",48111,48146,48102,48102,15,+0.03%,8
"2025-12-03 10:00",48109,48130,48070,48087,6,+0.01%,12
"2025-12-03 09:45",48067,48081,48042,48081,44,+0.09%,13
"2025-12-03 09:30",48060,48123,48037,48037,-4.,-0.01%,21
"2025-12-03 09:15",47981,48064,47972,48041,68,+0.14%,12
"2025-12-03 09:00",47958,48022,47958,47973,29,+0.06%,19
"2025-12-03 08:45",47989,47989,47865,47944,-35.,-0.07%,10
"2025-12-03 08:30",47865,48000,47853,47979,153,+0.32%,64
"2025-12-03 08:15",47800,47826,47800,47826,11,+0.02%,20
"2025-12-03 08:00",47938,47944,47796,47815,-162.,-0.34%,43
"2025-12-03 07:15",47998,47998,47972,47977,-29.,-0.06%,12
"2025-12-03 07:00",48006,48006,48006,48006,68,+0.14%,1
"2025-12-03 06:00",47938,47938,47938,47938,-45.,-0.09%,1
"2025-12-03 05:30",47983,47983,47983,47983,33,+0.07%,1
"2025-12-03 05:00",47950,47950,47950,47950,-50.,-0.10%,1
"2025-12-03 04:00",48000,48000,48000,48000,2,0.00%,3
"2025-12-03 03:30",47988,47998,47988,47998,28,+0.06%,4
"2025-12-03 03:00",47970,47970,47970,47970,-28.,-0.06%,1
"2025-12-03 02:45",47998,47998,47998,47998,38,+0.08%,1
"2025-12-03 02:15",47971,47971,47960,47960,-25.,-0.05%,2
"2025-12-03 01:45",47985,47985,47985,47985,13,+0.03%,1
"2025-12-03 01:30",47997,47997,47972,47972,-5.,-0.01%,2
"2025-12-03 00:15",47977,47977,47977,47977,-13.,-0.03%,1
"2025-12-02 23:45",47990,47990,47990,47990,-20.,-0.04%,1
"2025-12-02 21:30",48010,48010,48010,48010,10,+0.02%,1
"2025-12-02 21:15",48000,48000,48000,48000,32,+0.07%,1
"2025-12-02 20:30",47968,47968,47968,47968,-12.,-0.03%,1
"2025-12-02 20:00",47970,47980,47970,47980,10,+0.02%,2
"2025-12-02 19:30",47970,47970,47970,47970,11,+0.02%,3
"2025-12-02 18:45",47960,47960,47959,47959,58,+0.12%,2
"2025-12-02 18:15",47913,47913,47901,47901,-25.,-0.05%,9
"2025-12-02 17:00",47926,47926,47926,47926,39,+0.08%,1
"2025-12-02 15:00",47887,47887,47887,47887,-62.,-0.13%,1
"2025-12-02 14:45",47985,47985,47946,47949,-59.,-0.12%,7
"2025-12-02 14:30",47990,48008,47990,48008,33,+0.07%,6
"2025-12-02 14:15",47969,47975,47969,47975,-1.,0.00%,2
"2025-12-02 14:00",47976,47976,47976,47976,33,+0.07%,1
"2025-12-02 13:45",47929,47943,47912,47943,61,+0.13%,3
"2025-12-02 13:30",47882,47882,47882,47882,-4.,-0.01%,4
"2025-12-02 13:00",47886,47886,47886,47886,139,+0.29%,1
"2025-12-02 12:45",47747,47747,47747,47747,8,+0.02%,1
"2025-12-02 12:30",47739,47739,47739,47739,-34.,-0.07%,1
"2025-12-02 12:15",47780,47816,47773,47773,-9.,-0.02%,3
"2025-12-02 12:00",47776,47844,47776,47782,-94.,-0.20%,7
"2025-12-02 11:45",47940,47940,47876,47876,-83.,-0.17%,3
"2025-12-02 11:30",47975,47975,47957,47959,84,+0.18%,3
"2025-12-02 11:00",47865,47875,47865,47875,17,+0.04%,4
"2025-12-02 10:45",47837,47858,47820,47858,15,+0.03%,5
"2025-12-02 10:30",47763,47843,47763,47843,73,+0.15%,2
"2025-12-02 10:15",47877,47877,47755,47770,-130.,-0.27%,16
"2025-12-02 10:00",47962,47991,47900,47900,-74.,-0.15%,12
"2025-12-02 09:45",47910,47974,47908,47974,80,+0.17%,12
"2025-12-02 09:30",47775,47894,47765,47894,114,+0.24%,7
"2025-12-02 09:15",47887,47921,47780,47780,-104.,-0.22%,5
"2025-12-02 09:00",47837,47884,47837,47884,59,+0.12%,11
"2025-12-02 08:45",47736,47825,47736,47825,114,+0.24%,13
"2025-12-02 08:30",47829,47829,47700,47711,-70.,-0.15%,29
"2025-12-02 08:15",47818,47818,47781,47781,-63.,-0.13%,3
"2025-12-02 08:00",47844,47844,47844,47844,20,+0.04%,1
"2025-12-02 07:45",47797,47824,47797,47824,23,+0.05%,3
"2025-12-02 07:30",47783,47801,47783,47801,52,+0.11%,3
"2025-12-02 07:00",47749,47749,47749,47749,2,0.00%,1
"2025-12-02 06:15",47747,47747,47747,47747,-38.,-0.08%,1
"2025-12-02 05:00",47785,47785,47785,47785,0,0.00%,1
"2025-12-02 04:45",47785,47785,47785,47785,32,+0.07%,1
"2025-12-02 04:30",47753,47753,47753,47753,22,+0.05%,1
"2025-12-02 03:45",47731,47731,47731,47731,-3.,-0.01%,1
"2025-12-02 03:15",47734,47734,47734,47734,24,+0.05%,1
"2025-12-02 03:00",47718,47718,47710,47710,-1.,0.00%,2
"2025-12-02 02:45",47702,47711,47690,47711,66,+0.14%,4
"2025-12-02 02:00",47643,47645,47643,47645,-41.,-0.09%,5
"2025-12-02 01:15",47673,47686,47673,47686,16,+0.03%,6
"2025-12-02 01:00",47670,47670,47670,47670,2,0.00%,1
"2025-12-02 00:45",47645,47670,47643,47668,30,+0.06%,7
"2025-12-02 00:00",47659,47662,47638,47638,-11.,-0.02%,5
"2025-12-01 22:45",47649,47649,47649,47649,-17.,-0.04%,1
"2025-12-01 22:30",47675,47678,47649,47666,20,+0.04%,31
"2025-12-01 21:30",47646,47646,47646,47646,6,+0.01%,1
"2025-12-01 21:15",47674,47674,47631,47640,-50.,-0.10%,10
"2025-12-01 21:00",47690,47690,47690,47690,24,+0.05%,1
"2025-12-01 20:30",47672,47672,47666,47666,-19.,-0.04%,2
"2025-12-01 20:00",47683,47685,47683,47685,-24.,-0.05%,2
"2025-12-01 19:15",47709,47709,47709,47709,39,+0.08%,12
"2025-12-01 18:00",47686,47686,47670,47670,-11.,-0.02%,5
"2025-12-01 17:15",47681,47681,47681,47681,-28.,-0.06%,1
"2025-12-01 15:45",47709,47709,47709,47709,2,0.00%,1
"2025-12-01 15:15",47707,47707,47707,47707,11,+0.02%,1
"2025-12-01 15:00",47696,47696,47696,47696,1,0.00%,1
"2025-12-01 14:45",47795,47795,47690,47695,-105.,-0.22%,5
"2025-12-01 14:30",47784,47800,47783,47800,5,+0.01%,3
"2025-12-01 14:00",47762,47795,47762,47795,48,+0.10%,3
"2025-12-01 13:30",47784,47784,47747,47747,-42.,-0.09%,3
"2025-12-01 13:15",47835,47835,47789,47789,-91.,-0.19%,2
"2025-12-01 13:00",47893,47903,47880,47880,-70.,-0.15%,5
"2025-12-01 12:45",47963,47963,47941,47950,-15.,-0.03%,7
"2025-12-01 12:30",47965,47965,47965,47965,11,+0.02%,1
"2025-12-01 12:15",47954,47954,47954,47954,16,+0.03%,2
"2025-12-01 12:00",47921,47941,47921,47938,13,+0.03%,3
"2025-12-01 11:45",47925,47925,47925,47925,30,+0.06%,1
"2025-12-01 11:30",47895,47895,47895,47895,-7.,-0.01%,1
"2025-12-01 11:00",47900,47902,47900,47902,-26.,-0.05%,4
"2025-12-01 10:30",47906,47928,47902,47928,28,+0.06%,13
"2025-12-01 10:15",47900,47905,47900,47900,19,+0.04%,7
"2025-12-01 10:00",47836,47881,47836,47881,-17.,-0.04%,2
"2025-12-01 09:45",47818,47898,47793,47898,81,+0.17%,15
"2025-12-01 09:30",47774,47817,47750,47817,3,+0.01%,12
"2025-12-01 09:15",47912,47912,47814,47814,-108.,-0.23%,4
"2025-12-01 09:00",48041,48041,47913,47922,-122.,-0.25%,11
"2025-12-01 08:45",47916,48044,47915,48044,126,+0.26%,13
"2025-12-01 08:30",47872,47940,47872,47918,93,+0.19%,25
"2025-12-01 08:15",47896,47896,47825,47825,-75.,-0.16%,3
"2025-12-01 08:00",47894,47900,47894,47900,9,+0.02%,3
"2025-12-01 07:00",47891,47891,47891,47891,8,+0.02%,1
"2025-12-01 06:45",47860,47883,47860,47883,8,+0.02%,5
"2025-12-01 06:30",47875,47875,47875,47875,16,+0.03%,1
"2025-12-01 03:45",47888,47888,47859,47859,-66.,-0.14%,4
"2025-12-01 03:15",47925,47925,47925,47925,-16.,-0.03%,1
"2025-12-01 03:00",47932,47941,47932,47941,31,+0.06%,4
"2025-12-01 02:30",47920,47920,47910,47910,33,+0.07%,3
"2025-12-01 02:00",47877,47877,47877,47877,19,+0.04%,3
"2025-12-01 01:45",47858,47858,47858,47858,33,+0.07%,1
"2025-12-01 01:15",47825,47825,47825,47825,-7.,-0.01%,1
"2025-12-01 01:00",47844,47844,47832,47832,-22.,-0.05%,2
"2025-12-01 00:45",47854,47854,47854,47854,-7.,-0.01%,1
"2025-12-01 00:30",47861,47861,47861,47861,7,+0.01%,2
"2025-12-01 00:00",47854,47854,47854,47854,-11.,-0.02%,1
"2025-11-30 23:45",47839,47865,47839,47865,22,+0.05%,6
"2025-11-30 23:30",47843,47843,47843,47843,0,0.00%,1
"2025-11-30 23:00",47833,47843,47826,47843,-30.,-0.06%,4
"2025-11-30 22:30",47873,47873,47873,47873,-8.,-0.02%,1
"2025-11-30 22:15",47885,47886,47877,47881,-22.,-0.05%,6
"2025-11-30 21:00",47903,47908,47903,47903,-9.,-0.02%,3
"2025-11-30 20:45",47912,47912,47912,47912,-2.,0.00%,1
"2025-11-30 20:30",47934,47934,47914,47914,-9.,-0.02%,2
"2025-11-30 20:15",47921,47929,47921,47923,-3.,-0.01%,4
"2025-11-30 20:00",47926,47926,47926,47926,-45.,-0.09%,1
"2025-11-30 19:45",47971,47971,47971,47971,-1.,0.00%,1
"2025-11-30 19:30",47972,47972,47972,47972,57,+0.12%,1
"2025-11-30 19:00",47977,47977,47915,47915,-64.,-0.13%,5
"2025-11-30 18:45",47987,47987,47979,47979,-107.,-0.22%,2
"2025-11-30 18:00",48086,48086,48086,48086,16,+0.03%,1
"2025-11-30 17:45",48070,48070,48070,48070,-43.,-0.09%,1
"2025-11-28 11:45",48113,48113,48113,48113,33,+0.07%,1
"2025-11-28 11:30",48085,48085,48080,48080,20,+0.04%,2
"2025-11-28 11:15",48060,48060,48060,48060,-75.,-0.16%,1
"2025-11-28 11:00",48125,48135,48125,48135,-1.,0.00%,3
"2025-11-28 10:45",48137,48149,48136,48136,5,+0.01%,6
"2025-11-28 10:30",48118,48157,48118,48131,45,+0.09%,11
"2025-11-28 10:15",48097,48097,48073,48086,-32.,-0.07%,14
"2025-11-28 10:00",48108,48118,48108,48118,14,+0.03%,3
"2025-11-28 09:45",48103,48105,48103,48104,14,+0.03%,3
"2025-11-28 09:30",48104,48109,48090,48090,28,+0.06%,7
"2025-11-28 09:15",48086,48086,48062,48062,76,+0.16%,4
"2025-11-28 09:00",47981,48045,47980,47986,57,+0.12%,20
"2025-11-28 08:45",47929,47929,47929,47929,30,+0.06%,1
"2025-11-27 19:30",47899,47899,47899,47899,-11.,-0.02%,1
"2025-11-27 19:00",47910,47910,47910,47910,-5.,-0.01%,1
"2025-11-27 17:45",47915,47915,47915,47915,40,+0.08%,1
"2025-11-27 17:00",47875,47875,47875,47875,0,0.00%,1
"2025-11-27 08:15",47875,47875,47875,47875,-8.,-0.02%,2
"2025-11-27 02:30",47883,47883,47883,47883,23,+0.05%,1
"2025-11-27 01:45",47860,47860,47860,47860,13,+0.03%,2
"2025-11-27 00:30",47847,47847,47847,47847,-11.,-0.02%,1
"2025-11-27 00:15",47858,47858,47858,47858,-19.,-0.04%,6
"2025-11-26 22:30",47877,47877,47877,47877,11,+0.02%,1
"2025-11-26 22:15",47866,47866,47866,47866,-12.,-0.03%,1
"2025-11-26 20:45",47878,47878,47878,47878,3,+0.01%,1
"2025-11-26 20:30",47879,47881,47875,47875,38,+0.08%,3
"2025-11-26 17:15",47837,47837,47837,47837,-25.,-0.05%,1
"2025-11-26 15:15",47868,47868,47862,47862,1,0.00%,4
"2025-11-26 15:00",47861,47861,47861,47861,-4.,-0.01%,1
"2025-11-26 14:45",47871,47871,47865,47865,-20.,-0.04%,5
"2025-11-26 14:00",47919,47919,47885,47885,-29.,-0.06%,7
"2025-11-26 13:30",47930,47934,47913,47914,-36.,-0.08%,7
"2025-11-26 13:15",47950,47950,47950,47950,33,+0.07%,1
"2025-11-26 13:00",47903,47941,47903,47917,27,+0.06%,3
"2025-11-26 12:45",47890,47890,47890,47890,-21.,-0.04%,1
"2025-11-26 12:30",47911,47911,47911,47911,-33.,-0.07%,1
"2025-11-26 12:15",47944,47944,47944,47944,26,+0.05%,1
"2025-11-26 12:00",47965,47965,47874,47918,-54.,-0.11%,9
"2025-11-26 11:45",47966,47972,47966,47972,41,+0.09%,4
"2025-11-26 11:30",47931,47931,47931,47931,10,+0.02%,1
"2025-11-26 11:15",47923,47923,47921,47921,-53.,-0.11%,2
"2025-11-26 11:00",47946,47974,47946,47974,24,+0.05%,6
"2025-11-26 10:45",47945,47951,47933,47950,14,+0.03%,17
"2025-11-26 10:30",47917,47937,47897,47936,42,+0.09%,22
"2025-11-26 10:15",47860,47895,47860,47894,23,+0.05%,22
"2025-11-26 10:00",47838,47873,47838,47871,36,+0.08%,14
"2025-11-26 09:45",47751,47842,47751,47835,35,+0.07%,10
"2025-11-26 09:30",47753,47800,47753,47800,62,+0.13%,3
"2025-11-26 09:15",47660,47741,47660,47738,22,+0.05%,13
"2025-11-26 09:00",47694,47716,47694,47716,18,+0.04%,5
"2025-11-26 08:45",47793,47800,47698,47698,-99.,-0.21%,9
"2025-11-26 08:30",47653,47817,47653,47797,140,+0.29%,44
"2025-11-26 08:15",47657,47657,47657,47657,19,+0.04%,1
"2025-11-26 08:00",47637,47642,47637,47638,26,+0.05%,9
"2025-11-26 07:30",47612,47612,47612,47612,-4.,-0.01%,2
"2025-11-26 07:15",47573,47616,47573,47616,54,+0.11%,15
"2025-11-26 07:00",47564,47566,47562,47562,-18.,-0.04%,5
"2025-11-26 06:45",47556,47580,47556,47580,0,0.00%,3
"2025-11-26 06:00",47579,47580,47579,47580,-25.,-0.05%,2
"2025-11-26 05:15",47606,47606,47605,47605,0,0.00%,3
"2025-11-26 05:00",47605,47605,47605,47605,-27.,-0.06%,1
"2025-11-26 02:00",47632,47632,47632,47632,-21.,-0.04%,2
"2025-11-26 01:45",47653,47653,47653,47653,-16.,-0.03%,1
"2025-11-26 01:30",47672,47678,47669,47669,14,+0.03%,8
"2025-11-26 01:15",47655,47655,47655,47655,11,+0.02%,1
"2025-11-26 01:00",47644,47644,47644,47644,5,+0.01%,1
"2025-11-26 00:30",47639,47639,47639,47639,13,+0.03%,1
"2025-11-25 23:00",47626,47626,47626,47626,-4.,-0.01%,3
"2025-11-25 21:00",47629,47630,47629,47630,25,+0.05%,2
"2025-11-25 20:45",47605,47605,47605,47605,-9.,-0.02%,1
"2025-11-25 19:45",47615,47626,47614,47614,-5.,-0.01%,13
"2025-11-25 19:30",47604,47619,47604,47619,53,+0.11%,13
"2025-11-25 18:30",47587,47587,47566,47566,1,0.00%,2
"2025-11-25 17:45",47565,47565,47565,47565,10,+0.02%,1
"2025-11-25 17:15",47555,47555,47555,47555,5,+0.01%,1
"2025-11-25 17:00",47550,47550,47550,47550,0,0.00%,1
"2025-11-25 15:30",47550,47550,47550,47550,-10.,-0.02%,2
"2025-11-25 15:15",47560,47560,47560,47560,-2.,0.00%,1
"2025-11-25 15:00",47562,47562,47562,47562,-18.,-0.04%,1
"2025-11-25 14:45",47580,47594,47578,47580,21,+0.04%,15
"2025-11-25 14:30",47544,47572,47539,47559,28,+0.06%,20
"2025-11-25 14:00",47488,47531,47488,47531,33,+0.07%,23
"2025-11-25 13:45",47448,47498,47448,47498,50,+0.11%,27
"2025-11-25 13:30",47434,47450,47434,47448,27,+0.06%,8
"2025-11-25 13:15",47415,47421,47414,47421,7,+0.01%,4
"2025-11-25 13:00",47420,47420,47414,47414,-6.,-0.01%,2
"2025-11-25 12:45",47420,47420,47420,47420,9,+0.02%,1
"2025-11-25 12:15",47412,47412,47411,47411,-26.,-0.05%,6
"2025-11-25 12:00",47401,47437,47401,47437,27,+0.06%,4
"2025-11-25 11:45",47410,47410,47410,47410,-30.,-0.06%,1
"2025-11-25 11:30",47413,47446,47412,47440,31,+0.07%,13
"2025-11-25 11:15",47374,47412,47374,47409,63,+0.13%,37
"2025-11-25 11:00",47303,47359,47303,47346,54,+0.11%,23
"2025-11-25 10:45",47279,47295,47279,47292,20,+0.04%,10
"2025-11-25 10:30",47226,47272,47218,47272,22,+0.05%,11
"2025-11-25 10:15",47212,47250,47212,47250,73,+0.15%,6
"2025-11-25 10:00",47178,47214,47177,47177,-23.,-0.05%,3
"2025-11-25 09:45",47256,47265,47200,47200,-24.,-0.05%,11
"2025-11-25 09:30",47083,47224,47080,47224,204,+0.43%,19
"2025-11-25 09:15",46990,47020,46970,47020,-10.,-0.02%,7
"2025-11-25 09:00",46988,47095,46907,47030,50,+0.11%,22
"2025-11-25 08:45",46986,46986,46800,46980,-108.,-0.23%,28
"2025-11-25 08:30",46993,47197,46993,47088,164,+0.35%,30
"2025-11-25 08:15",46876,46924,46870,46924,36,+0.08%,4
"2025-11-25 07:45",46886,46888,46886,46888,-23.,-0.05%,2
"2025-11-25 06:30",46911,46911,46911,46911,76,+0.16%,1
"2025-11-25 06:15",46835,46835,46835,46835,-4.,-0.01%,1
"2025-11-25 06:00",46827,46853,46827,46839,71,+0.15%,5
"2025-11-25 03:30",46768,46768,46768,46768,-62.,-0.13%,1
"2025-11-25 03:00",46830,46830,46830,46830,54,+0.12%,1
"2025-11-25 02:45",46808,46808,46776,46776,-48.,-0.10%,3
"2025-11-24 20:15",46824,46824,46824,46824,24,+0.05%,1
"2025-11-24 19:45",46800,46800,46800,46800,0,0.00%,6
"2025-11-24 19:30",46800,46800,46800,46800,-36.,-0.08%,10
"2025-11-24 18:15",46838,46838,46836,46836,-25.,-0.05%,3
"2025-11-24 17:45",46869,46869,46861,46861,-24.,-0.05%,2
"2025-11-24 15:15",46885,46885,46885,46885,12,+0.03%,1
"2025-11-24 15:00",46873,46873,46873,46873,1,0.00%,1
"2025-11-24 14:45",46872,46872,46872,46872,-31.,-0.07%,1
"2025-11-24 14:00",46880,46911,46880,46903,44,+0.09%,4
"2025-11-24 13:45",46859,46859,46859,46859,-133.,-0.28%,1
"2025-11-24 13:00",46991,46992,46991,46992,35,+0.07%,4
"2025-11-24 12:30",46957,46957,46957,46957,-26.,-0.06%,1
"2025-11-24 12:15",46983,46983,46983,46983,16,+0.03%,1
"2025-11-24 12:00",46948,46967,46948,46967,45,+0.10%,3
"2025-11-24 11:45",46923,46923,46922,46922,22,+0.05%,2
"2025-11-24 11:30",46880,46900,46880,46900,32,+0.07%,4
"2025-11-24 11:15",46850,46868,46850,46868,28,+0.06%,3
"2025-11-24 11:00",46860,46860,46840,46840,-83.,-0.18%,2
"2025-11-24 10:30",46923,46923,46923,46923,-59.,-0.13%,1
"2025-11-24 10:00",46989,47006,46982,46982,42,+0.09%,3
"2025-11-24 09:45",46900,46940,46900,46940,52,+0.11%,10
"2025-11-24 09:30",46873,46888,46869,46888,108,+0.23%,20
"2025-11-24 09:00",46742,46780,46715,46780,80,+0.17%,15
"2025-11-24 08:45",46628,46700,46595,46700,-4.,-0.01%,10
"2025-11-24 08:30",46766,46766,46704,46704,-49.,-0.10%,5
"2025-11-24 07:45",46753,46753,46753,46753,45,+0.10%,1
"2025-11-24 06:00",46695,46708,46695,46708,10,+0.02%,4
"2025-11-24 05:45",46698,46698,46698,46698,42,+0.09%,1
"2025-11-24 05:15",46650,46656,46650,46656,35,+0.08%,3
"2025-11-24 05:00",46653,46653,46621,46621,11,+0.02%,2
"2025-11-24 04:30",46611,46611,46609,46610,-5.,-0.01%,3
"2025-11-24 03:30",46586,46615,46579,46615,-235.,-0.50%,4
"2025-11-24 02:45",46850,46850,46850,46850,1,0.00%,1
"2025-11-24 02:15",46849,46849,46849,46849,99,+0.21%,1
"2025-11-24 01:00",46744,46750,46744,46750,-10.,-0.02%,2
"2025-11-23 22:15",46760,46760,46760,46760,-37.,-0.08%,1
"2025-11-23 20:15",46789,46797,46789,46797,49,+0.10%,2
"2025-11-23 20:00",46749,46749,46748,46748,-19.,-0.04%,2
"2025-11-23 19:00",46767,46767,46767,46767,-83.,-0.18%,1
"2025-11-23 17:00",46847,46850,46847,46850,131,+0.28%,5
"2025-11-21 15:00",46719,46719,46719,46719,8,+0.02%,1
"2025-11-21 14:45",46739,46739,46711,46711,-31.,-0.07%,2
"2025-11-21 14:30",46649,46763,46649,46742,-87.,-0.19%,6
"2025-11-21 14:00",46829,46829,46829,46829,-19.,-0.04%,2
"2025-11-21 13:45",46848,46848,46848,46848,-52.,-0.11%,1
"2025-11-21 13:30",46900,46900,46900,46900,-88.,-0.19%,7
"2025-11-21 13:15",46973,46988,46973,46988,51,+0.11%,6
"2025-11-21 13:00",46943,46960,46916,46937,1,0.00%,22
"2025-11-21 12:45",46840,47000,46840,46936,146,+0.31%,7
"2025-11-21 12:30",46790,46790,46790,46790,123,+0.26%,1
"2025-11-21 12:00",46738,46738,46667,46667,-139.,-0.30%,2
"2025-11-21 11:45",46806,46806,46806,46806,-94.,-0.20%,1
"2025-11-21 11:30",46893,46900,46893,46900,-3.,-0.01%,2
"2025-11-21 11:00",46838,46903,46812,46903,108,+0.23%,22
"2025-11-21 10:45",46603,46795,46603,46795,208,+0.45%,11
"2025-11-21 10:30",46587,46587,46587,46587,136,+0.29%,1
"2025-11-21 10:15",46400,46451,46322,46451,161,+0.35%,7
"2025-11-21 10:00",46291,46291,46290,46290,-138.,-0.30%,2
"2025-11-21 09:45",46428,46428,46428,46428,51,+0.11%,1
"2025-11-21 09:30",46401,46401,46291,46377,-132.,-0.28%,15
"2025-11-21 09:15",46388,46509,46388,46509,154,+0.33%,4
"2025-11-21 09:00",46308,46388,46308,46355,39,+0.08%,7
"2025-11-21 08:45",46223,46324,46217,46316,3,+0.01%,15
"2025-11-21 08:30",46320,46418,46299,46313,-62.,-0.13%,18
"2025-11-21 08:15",46390,46390,46370,46375,-22.,-0.05%,3
"2025-11-21 08:00",46426,46426,46397,46397,-46.,-0.10%,3
"2025-11-21 07:45",46443,46443,46443,46443,-2.,0.00%,1
"2025-11-21 07:30",46408,46445,46405,46445,0,0.00%,4
"2025-11-21 07:15",46420,46455,46420,46445,4,+0.01%,8
"2025-11-21 07:00",46455,46455,46441,46441,-59.,-0.13%,3
"2025-11-21 06:45",46480,46500,46480,46500,64,+0.14%,5
"2025-11-21 06:30",46225,46436,46225,46436,168,+0.36%,39
"2025-11-21 06:00",46289,46296,46268,46268,-41.,-0.09%,11
"2025-11-21 05:45",46330,46330,46309,46309,-87.,-0.19%,2
"2025-11-21 05:00",46373,46396,46373,46396,56,+0.12%,4
"2025-11-21 04:45",46340,46340,46340,46340,33,+0.07%,1
"2025-11-21 04:30",46307,46313,46307,46307,89,+0.19%,3
"2025-11-21 04:15",46218,46218,46218,46218,-17.,-0.04%,1
"2025-11-21 04:00",46266,46272,46217,46235,-110.,-0.24%,9
"2025-11-21 03:45",46304,46345,46304,46345,10,+0.02%,2
"2025-11-21 03:15",46335,46335,46335,46335,-53.,-0.11%,1
"2025-11-21 03:00",46388,46388,46388,46388,55,+0.12%,1
"2025-11-21 02:15",46333,46333,46333,46333,115,+0.25%,2
"2025-11-21 02:00",46225,46225,46218,46218,-137.,-0.30%,2
"2025-11-21 00:00",46355,46355,46355,46355,19,+0.04%,1
"2025-11-20 23:45",46336,46336,46336,46336,1,0.00%,1
"2025-11-20 22:45",46335,46335,46335,46335,25,+0.05%,1
"2025-11-20 22:30",46310,46310,46310,46310,-25.,-0.05%,1
"2025-11-20 22:15",46345,46345,46332,46335,-20.,-0.04%,3
"2025-11-20 22:00",46355,46355,46355,46355,-33.,-0.07%,1
"2025-11-20 21:45",46430,46430,46388,46388,-5.,-0.01%,2
"2025-11-20 21:15",46393,46393,46393,46393,0,0.00%,1
"2025-11-20 20:45",46393,46393,46393,46393,0,0.00%,2
"2025-11-20 20:30",46393,46393,46393,46393,10,+0.02%,2
"2025-11-20 20:15",46383,46383,46383,46383,15,+0.03%,1
"2025-11-20 20:00",46388,46388,46368,46368,35,+0.08%,5
"2025-11-20 18:15",46335,46335,46333,46333,60,+0.13%,3
"2025-11-20 18:00",46273,46273,46273,46273,18,+0.04%,1
"2025-11-20 17:15",46255,46255,46255,46255,82,+0.18%,1
"2025-11-20 17:00",46255,46255,46155,46173,-25.,-0.05%,8
"2025-11-20 15:45",46198,46198,46198,46198,-10.,-0.02%,3
"2025-11-20 15:30",46208,46208,46208,46208,21,+0.05%,1
"2025-11-20 15:00",46155,46187,46155,46187,-13.,-0.03%,2
"2025-11-20 14:45",46200,46200,46200,46200,-170.,-0.37%,1
"2025-11-20 14:00",46390,46390,46370,46370,-58.,-0.12%,2
"2025-11-20 13:45",46428,46428,46428,46428,67,+0.14%,1
"2025-11-20 13:30",46361,46361,46361,46361,-47.,-0.10%,1
"2025-11-20 13:15",46325,46408,46325,46408,185,+0.40%,14
"2025-11-20 12:45",46281,46282,46209,46223,-64.,-0.14%,7
"2025-11-20 12:30",46422,46422,46287,46287,-169.,-0.36%,4
"2025-11-20 12:15",46534,46538,46431,46456,-112.,-0.24%,22
"2025-11-20 12:00",46310,46568,46301,46568,268,+0.58%,35
"2025-11-20 11:45",46180,46300,46180,46300,91,+0.20%,16
"2025-11-20 11:30",46367,46378,46196,46209,-144.,-0.31%,35
"2025-11-20 11:15",46417,46417,46271,46353,-55.,-0.12%,63
"2025-11-20 11:00",46524,46539,46394,46408,-46.,-0.10%,27
"2025-11-20 10:45",46668,46714,46450,46454,-298.,-0.64%,21
"2025-11-20 10:30",46862,46862,46739,46752,-98.,-0.21%,16
"2025-11-20 10:15",46976,46976,46850,46850,-152.,-0.32%,7
"2025-11-20 10:00",47117,47117,47002,47002,-175.,-0.37%,5
"2025-11-20 09:45",47177,47177,47177,47177,-100.,-0.21%,1
"2025-11-20 09:30",47266,47291,47263,47277,2,0.00%,7
"2025-11-20 09:15",47203,47284,47203,47275,121,+0.26%,5
"2025-11-20 09:00",47247,47247,47153,47154,-73.,-0.15%,16
"2025-11-20 08:45",47130,47252,47130,47227,45,+0.10%,11
"2025-11-20 08:30",47079,47217,47079,47182,111,+0.24%,42
"2025-11-20 08:15",47071,47071,47071,47071,61,+0.13%,1
"2025-11-20 08:00",47037,47037,47010,47010,-13.,-0.03%,2
"2025-11-20 07:45",46968,47040,46968,47023,68,+0.14%,11
"2025-11-20 07:30",46935,46955,46922,46955,158,+0.34%,6
"2025-11-20 06:15",46797,46797,46797,46797,-33.,-0.07%,1
"2025-11-20 03:00",46820,46830,46820,46830,-39.,-0.08%,3
"2025-11-20 02:30",46869,46869,46869,46869,45,+0.10%,1
"2025-11-20 02:00",46824,46824,46824,46824,-76.,-0.16%,1
"2025-11-20 01:30",46900,46900,46900,46900,7,+0.01%,1
"2025-11-20 01:15",46893,46893,46893,46893,22,+0.05%,1
"2025-11-19 23:30",46871,46871,46871,46871,-24.,-0.05%,1
"2025-11-19 23:00",46895,46895,46895,46895,42,+0.09%,1
"2025-11-19 21:00",46847,46853,46847,46853,-6.,-0.01%,2
"2025-11-19 20:45",46838,46859,46838,46859,23,+0.05%,4
"2025-11-19 20:30",46834,46836,46834,46836,56,+0.12%,2
"2025-11-19 18:15",46780,46780,46780,46780,24,+0.05%,1
"2025-11-19 18:00",46756,46756,46756,46756,20,+0.04%,1
"2025-11-19 17:30",46736,46736,46736,46736,21,+0.04%,1
"2025-11-19 17:15",46715,46715,46715,46715,97,+0.21%,1
"2025-11-19 15:45",46643,46643,46618,46618,29,+0.06%,3
"2025-11-19 15:15",46589,46589,46589,46589,-5.,-0.01%,1
"2025-11-19 14:45",46579,46594,46542,46594,-11.,-0.02%,4
"2025-11-19 14:30",46650,46650,46605,46605,-16.,-0.03%,2
"2025-11-19 14:15",46535,46621,46535,46621,131,+0.28%,4
"2025-11-19 14:00",46473,46490,46473,46490,35,+0.08%,3
"2025-11-19 13:45",46352,46455,46352,46455,100,+0.22%,4
"2025-11-19 13:30",46394,46394,46355,46355,-154.,-0.33%,4
"2025-11-19 13:00",46566,46566,46509,46509,-46.,-0.10%,4
"2025-11-19 12:30",46573,46593,46555,46555,7,+0.02%,7
"2025-11-19 12:15",46548,46548,46548,46548,27,+0.06%,6
"2025-11-19 12:00",46521,46521,46521,46521,71,+0.15%,1
"2025-11-19 11:45",46444,46450,46432,46450,-43.,-0.09%,3
"2025-11-19 11:30",46348,46493,46345,46493,0,0.00%,14
"2025-11-19 11:00",46483,46493,46483,46493,96,+0.21%,3
"2025-11-19 10:45",46396,46397,46396,46397,-26.,-0.06%,3
"2025-11-19 10:30",46425,46425,46360,46423,30,+0.06%,6
"2025-11-19 10:15",46400,46400,46380,46393,-21.,-0.05%,4
"2025-11-19 10:00",46455,46467,46399,46414,-198.,-0.42%,13
"2025-11-19 09:30",46612,46612,46612,46612,12,+0.03%,2
"2025-11-19 09:15",46702,46702,46599,46600,-65.,-0.14%,5
"2025-11-19 09:00",46640,46665,46640,46665,65,+0.14%,3
"2025-11-19 08:45",46529,46600,46527,46600,96,+0.21%,7
"2025-11-19 08:30",46504,46504,46504,46504,-12.,-0.03%,1
"2025-11-19 08:15",46516,46516,46516,46516,-84.,-0.18%,1
"2025-11-19 07:15",46600,46600,46600,46600,-2.,0.00%,1
"2025-11-19 05:45",46602,46602,46602,46602,0,0.00%,1
"2025-11-19 04:45",46590,46602,46590,46602,3,+0.01%,2
"2025-11-19 04:30",46600,46600,46599,46599,37,+0.08%,2
"2025-11-19 03:30",46562,46562,46562,46562,27,+0.06%,1
"2025-11-19 02:00",46534,46535,46534,46535,29,+0.06%,2
"2025-11-19 00:00",46506,46506,46506,46506,62,+0.13%,1
"2025-11-18 23:30",46444,46444,46444,46444,-61.,-0.13%,1
"2025-11-18 22:45",46505,46505,46505,46505,29,+0.06%,1
"2025-11-18 22:30",46480,46480,46476,46476,-12.,-0.03%,2
"2025-11-18 22:00",46488,46488,46488,46488,-29.,-0.06%,1
"2025-11-18 21:45",46519,46519,46517,46517,-11.,-0.02%,2
"2025-11-18 21:30",46528,46528,46528,46528,-5.,-0.01%,1
"2025-11-18 21:15",46533,46533,46533,46533,-87.,-0.19%,1
"2025-11-18 20:30",46620,46620,46620,46620,70,+0.15%,1
"2025-11-18 19:00",46550,46550,46550,46550,-37.,-0.08%,1
"2025-11-18 17:30",46587,46587,46587,46587,1,0.00%,1
"2025-11-18 17:15",46586,46586,46586,46586,59,+0.13%,1
"2025-11-18 17:00",46530,46530,46527,46527,25,+0.05%,2
"2025-11-18 15:15",46502,46502,46502,46502,-29.,-0.06%,1
"2025-11-18 15:00",46531,46531,46531,46531,-18.,-0.04%,4
"2025-11-18 14:45",46548,46549,46548,46549,-179.,-0.38%,10
"2025-11-18 13:45",46728,46728,46728,46728,-16.,-0.03%,1
"2025-11-18 13:00",46744,46744,46744,46744,28,+0.06%,1
"2025-11-18 12:45",46724,46759,46716,46716,-37.,-0.08%,6
"2025-11-18 12:30",46750,46802,46750,46753,6,+0.01%,5
"2025-11-18 12:00",46739,46760,46739,46747,37,+0.08%,4
"2025-11-18 11:45",46629,46713,46629,46710,78,+0.17%,17
"2025-11-18 11:30",46400,46665,46362,46632,208,+0.45%,25
"2025-11-18 11:15",46524,46530,46424,46424,-76.,-0.16%,5
"2025-11-18 11:00",46590,46590,46500,46500,-78.,-0.17%,16
"2025-11-18 10:45",46644,46656,46578,46578,-38.,-0.08%,24
"2025-11-18 10:30",46635,46668,46609,46616,-13.,-0.03%,9
"2025-11-18 10:15",46523,46629,46523,46629,162,+0.35%,6
"2025-11-18 10:00",46389,46467,46360,46467,57,+0.12%,9
"2025-11-18 09:45",46445,46473,46410,46410,-72.,-0.15%,13
"2025-11-18 09:30",46558,46558,46421,46482,-20.,-0.04%,29
"2025-11-18 09:15",46467,46567,46423,46502,45,+0.10%,7
"2025-11-18 09:00",46500,46518,46418,46457,-58.,-0.12%,15
"2025-11-18 08:45",46650,46650,46515,46515,-158.,-0.34%,11
"2025-11-18 08:30",46608,46683,46500,46673,73,+0.16%,15
"2025-11-18 08:15",46600,46600,46600,46600,-87.,-0.19%,1
"2025-11-18 08:00",46687,46687,46687,46687,4,+0.01%,1
"2025-11-18 07:00",46683,46683,46683,46683,-14.,-0.03%,1
"2025-11-18 06:45",46688,46697,46672,46697,-5.,-0.01%,6
"2025-11-18 06:00",46756,46756,46702,46702,-98.,-0.21%,6
"2025-11-18 05:45",46800,46800,46800,46800,-54.,-0.12%,1
"2025-11-18 05:00",46854,46854,46854,46854,-14.,-0.03%,1
"2025-11-18 02:15",46868,46868,46868,46868,112,+0.24%,1
"2025-11-18 01:15",46756,46756,46756,46756,1,0.00%,1
"2025-11-18 01:00",46755,46755,46755,46755,-45.,-0.10%,1
"2025-11-17 22:15",46891,46891,46800,46800,-259.,-0.55%,4
"2025-11-17 20:30",47089,47089,47052,47059,-45.,-0.10%,5
"2025-11-17 19:30",47104,47104,47104,47104,71,+0.15%,1
"2025-11-17 18:30",47033,47033,47033,47033,-63.,-0.13%,1
"2025-11-17 18:00",47099,47099,47096,47096,4,+0.01%,2
"2025-11-17 17:00",47090,47092,47090,47092,8,+0.02%,2
"2025-11-17 15:15",47084,47084,47084,47084,43,+0.09%,1
"2025-11-17 14:45",47041,47041,47041,47041,78,+0.17%,2
"2025-11-17 14:30",46963,46963,46963,46963,-20.,-0.04%,1
"2025-11-17 14:15",46923,46983,46923,46983,55,+0.12%,3
"2025-11-17 14:00",46928,46928,46928,46928,-22.,-0.05%,1
"2025-11-17 13:45",47000,47000,46950,46950,-91.,-0.19%,2
"2025-11-17 13:30",47170,47177,47031,47041,-80.,-0.17%,7
"2025-11-17 13:15",47121,47121,47121,47121,-50.,-0.11%,1
"2025-11-17 13:00",47224,47224,47171,47171,-57.,-0.12%,2
"2025-11-17 12:45",47396,47396,47228,47228,-116.,-0.25%,11
"2025-11-17 12:30",47349,47349,47344,47344,-43.,-0.09%,3
"2025-11-17 12:15",47387,47387,47387,47387,-3.,-0.01%,1
"2025-11-17 12:00",47392,47392,47390,47390,-64.,-0.13%,2
"2025-11-17 11:45",47454,47454,47454,47454,-55.,-0.12%,1
"2025-11-17 10:30",47500,47509,47500,47509,44,+0.09%,19
"2025-11-17 10:15",47354,47465,47325,47465,85,+0.18%,6
"2025-11-17 10:00",47417,47417,47380,47380,-88.,-0.19%,6
"2025-11-17 09:30",47476,47476,47468,47468,-123.,-0.26%,2
"2025-11-17 09:15",47631,47631,47591,47591,29,+0.06%,3
"2025-11-17 08:45",47562,47562,47562,47562,-27.,-0.06%,1
"2025-11-17 08:30",47501,47633,47501,47589,72,+0.15%,4
"2025-11-17 08:00",47524,47535,47517,47517,-2.,0.00%,3
"2025-11-17 07:30",47519,47519,47519,47519,-72.,-0.15%,1
"2025-11-17 06:30",47591,47591,47591,47591,-8.,-0.02%,1
"2025-11-17 04:15",47605,47606,47599,47599,-44.,-0.09%,3
"2025-11-17 03:00",47643,47643,47643,47643,-73.,-0.15%,1
"2025-11-17 02:45",47716,47716,47716,47716,7,+0.01%,1
"2025-11-17 02:00",47709,47709,47709,47709,44,+0.09%,1
"2025-11-17 01:00",47665,47665,47665,47665,5,+0.01%,1
"2025-11-16 22:15",47660,47660,47660,47660,95,+0.20%,1
"2025-11-16 18:00",47588,47588,47565,47565,-8.,-0.02%,2
"2025-11-16 17:15",47573,47573,47573,47573,47,+0.10%,1
"2025-11-16 17:00",47602,47602,47495,47526,-117.,-0.25%,3
"2025-11-14 15:45",47643,47643,47643,47643,6,+0.01%,1
"2025-11-14 15:30",47637,47637,47637,47637,30,+0.06%,1
"2025-11-14 14:30",47602,47607,47602,47607,-111.,-0.23%,2
"2025-11-14 13:15",47718,47718,47718,47718,1,0.00%,1
"2025-11-14 13:00",47717,47717,47717,47717,92,+0.19%,1
"2025-11-14 12:45",47625,47625,47625,47625,-4.,-0.01%,1
"2025-11-14 12:30",47681,47681,47629,47629,-107.,-0.22%,5
"2025-11-14 12:00",47731,47736,47685,47736,-8.,-0.02%,7
"2025-11-14 11:45",47744,47744,47744,47744,-43.,-0.09%,1
"2025-11-14 11:30",47802,47802,47787,47787,14,+0.03%,2
"2025-11-14 11:00",47771,47773,47771,47773,93,+0.20%,2
"2025-11-14 10:45",47680,47680,47680,47680,-97.,-0.20%,1
"2025-11-14 10:30",47777,47777,47777,47777,29,+0.06%,1
"2025-11-14 10:15",47660,47748,47660,47748,133,+0.28%,11
"2025-11-14 10:00",47615,47615,47615,47615,68,+0.14%,1
"2025-11-14 09:45",47553,47553,47547,47547,-6.,-0.01%,2
"2025-11-14 09:30",47550,47577,47505,47553,13,+0.03%,6
"2025-11-14 09:15",47380,47540,47380,47540,183,+0.39%,8
"2025-11-14 09:00",47418,47418,47349,47357,-71.,-0.15%,7
"2025-11-14 08:45",47385,47455,47385,47428,28,+0.06%,5
"2025-11-14 08:30",47529,47529,47351,47400,-238.,-0.50%,77
"2025-11-14 08:00",47614,47646,47600,47638,93,+0.20%,11
"2025-11-14 07:45",47545,47545,47545,47545,11,+0.02%,1
"2025-11-14 07:30",47565,47565,47534,47534,-43.,-0.09%,7
"2025-11-14 07:15",47630,47630,47566,47577,-46.,-0.10%,9
"2025-11-14 07:00",47627,47645,47623,47623,-33.,-0.07%,13
"2025-11-14 06:45",47623,47656,47623,47656,-19.,-0.04%,2
"2025-11-14 06:30",47693,47693,47675,47675,-17.,-0.04%,4
"2025-11-14 06:15",47667,47696,47667,47692,22,+0.05%,5
"2025-11-14 05:45",47664,47670,47653,47670,-13.,-0.03%,6
"2025-11-14 05:30",47697,47712,47683,47683,-61.,-0.13%,9
"2025-11-14 05:00",47784,47784,47744,47744,-90.,-0.19%,5
"2025-11-14 04:45",47834,47834,47834,47834,-23.,-0.05%,1
"2025-11-14 04:00",47857,47857,47857,47857,10,+0.02%,1
"2025-11-14 03:30",47849,47849,47847,47847,-11.,-0.02%,2
"2025-11-14 02:45",47859,47859,47858,47858,44,+0.09%,2
"2025-11-14 02:30",47853,47863,47814,47814,11,+0.02%,3
"2025-11-14 02:15",47800,47803,47800,47803,-27.,-0.06%,6
"2025-11-14 01:15",47835,47835,47830,47830,-15.,-0.03%,3
"2025-11-14 01:00",47873,47873,47842,47845,-75.,-0.16%,5
"2025-11-14 00:45",47920,47920,47920,47920,46,+0.10%,1
"2025-11-14 00:30",47900,47900,47868,47874,-42.,-0.09%,28
"2025-11-14 00:15",47916,47916,47916,47916,-11.,-0.02%,8
"2025-11-13 22:45",47927,47927,47927,47927,-8.,-0.02%,2
"2025-11-13 22:30",47911,47935,47911,47935,-2.,0.00%,2
"2025-11-13 21:45",47937,47937,47937,47937,-30.,-0.06%,1
"2025-11-13 21:00",47967,47967,47967,47967,-7.,-0.01%,2
"2025-11-13 20:30",47970,47974,47970,47974,-37.,-0.08%,2
"2025-11-13 19:00",48011,48011,48011,48011,24,+0.05%,1
"2025-11-13 18:45",48015,48015,47987,47987,-24.,-0.05%,5
"2025-11-13 18:30",48011,48011,48011,48011,5,+0.01%,1
"2025-11-13 17:15",47978,48006,47978,48006,28,+0.06%,4
"2025-11-13 17:00",47978,47978,47978,47978,-2.,0.00%,1
"2025-11-13 15:00",47962,47980,47962,47980,79,+0.16%,5
"2025-11-13 14:45",47955,47955,47901,47901,-48.,-0.10%,4
"2025-11-13 14:30",47933,47949,47933,47949,43,+0.09%,2
"2025-11-13 14:15",47954,47954,47885,47906,-29.,-0.06%,9
"2025-11-13 14:00",47922,47935,47922,47935,-40.,-0.08%,3
"2025-11-13 13:45",48000,48000,47975,47975,-25.,-0.05%,2
"2025-11-13 13:30",48090,48102,48000,48000,-38.,-0.08%,8
"2025-11-13 13:00",48038,48038,48038,48038,-44.,-0.09%,1
"2025-11-13 12:45",48082,48082,48082,48082,2,0.00%,1
"2025-11-13 12:30",48138,48138,48080,48080,-83.,-0.17%,7
"2025-11-13 12:15",48193,48193,48163,48163,-65.,-0.13%,9
"2025-11-13 11:45",48258,48260,48228,48228,-129.,-0.27%,3
"2025-11-13 11:30",48357,48357,48357,48357,62,+0.13%,1
"2025-11-13 11:15",48301,48301,48291,48295,-21.,-0.04%,23
"2025-11-13 11:00",48258,48316,48258,48316,70,+0.15%,2
"2025-11-13 10:45",48264,48264,48246,48246,-54.,-0.11%,2
"2025-11-13 10:30",48397,48397,48300,48300,-20.,-0.04%,7
"2025-11-13 10:15",48332,48359,48312,48320,-37.,-0.08%,9
"2025-11-13 10:00",48398,48410,48357,48357,-66.,-0.14%,7
"2025-11-13 09:45",48482,48482,48402,48423,-71.,-0.15%,9
"2025-11-13 09:30",48550,48550,48494,48494,-191.,-0.39%,11
"2025-11-13 09:00",48692,48692,48685,48685,29,+0.06%,2
"2025-11-13 08:45",48616,48656,48616,48656,35,+0.07%,2
"2025-11-13 08:30",48646,48647,48621,48621,20,+0.04%,24
"2025-11-13 08:15",48601,48601,48601,48601,-22.,-0.05%,1
"2025-11-13 07:30",48648,48648,48623,48623,-23.,-0.05%,2
"2025-11-13 07:15",48696,48696,48645,48646,-53.,-0.11%,6
"2025-11-13 06:00",48699,48699,48699,48699,-21.,-0.04%,1
"2025-11-13 05:15",48722,48723,48720,48720,-40.,-0.08%,7
"2025-11-13 03:45",48760,48760,48760,48760,26,+0.05%,1
"2025-11-13 03:30",48744,48744,48734,48734,-9.,-0.02%,6
"2025-11-13 03:15",48743,48743,48743,48743,-41.,-0.08%,1
"2025-11-13 03:00",48811,48811,48784,48784,-54.,-0.11%,3
"2025-11-13 02:30",48838,48838,48838,48838,21,+0.04%,1
"2025-11-13 02:15",48818,48818,48817,48817,-43.,-0.09%,6
"2025-11-13 01:30",48860,48860,48860,48860,7,+0.01%,1
"2025-11-12 23:00",48853,48853,48853,48853,18,+0.04%,1
"2025-11-12 22:15",48835,48835,48835,48835,-18.,-0.04%,1
"2025-11-12 21:30",48853,48853,48853,48853,7,+0.01%,1
"2025-11-12 21:15",48846,48846,48846,48846,57,+0.12%,1
"2025-11-12 21:00",48789,48789,48789,48789,-39.,-0.08%,1
"2025-11-12 19:30",48828,48828,48828,48828,96,+0.20%,1
"2025-11-12 18:45",48732,48732,48732,48732,-46.,-0.09%,10
"2025-11-12 15:15",48787,48787,48778,48778,45,+0.09%,2
"2025-11-12 14:45",48802,48802,48733,48733,-53.,-0.11%,7
"2025-11-12 14:15",48786,48786,48786,48786,61,+0.13%,5
"2025-11-12 14:00",48726,48726,48725,48725,-54.,-0.11%,2
"2025-11-12 13:45",48757,48779,48757,48779,-29.,-0.06%,20
"2025-11-12 12:45",48808,48808,48808,48808,-46.,-0.09%,1
"2025-11-12 11:45",48854,48854,48854,48854,79,+0.16%,1
"2025-11-12 11:30",48777,48782,48775,48775,-6.,-0.01%,12
"2025-11-12 11:15",48785,48785,48780,48781,-16.,-0.03%,10
"2025-11-12 11:00",48797,48797,48797,48797,92,+0.19%,1
"2025-11-12 10:45",48705,48705,48705,48705,-29.,-0.06%,1
"2025-11-12 10:15",48734,48734,48734,48734,-35.,-0.07%,1
"2025-11-12 10:00",48769,48769,48769,48769,-32.,-0.07%,1
"2025-11-12 09:45",48787,48804,48785,48801,20,+0.04%,134
"2025-11-12 09:30",48777,48781,48777,48781,-79.,-0.16%,10
"2025-11-12 09:15",48860,48860,48860,48860,-1.,0.00%,2
"2025-11-12 09:00",48875,48877,48846,48861,-39.,-0.08%,9
"2025-11-12 08:45",48760,48900,48754,48900,122,+0.25%,53
"2025-11-12 08:30",48550,48781,48550,48778,245,+0.50%,52
"2025-11-12 08:15",48526,48534,48525,48533,20,+0.04%,5
"2025-11-12 06:45",48505,48513,48504,48513,8,+0.02%,4
"2025-11-12 06:30",48505,48505,48505,48505,-15.,-0.03%,1
"2025-11-12 06:15",48520,48520,48520,48520,9,+0.02%,1
"2025-11-12 06:00",48505,48511,48491,48511,60,+0.12%,8
"2025-11-12 00:45",48460,48460,48451,48451,13,+0.03%,3
"2025-11-11 19:45",48438,48438,48438,48438,39,+0.08%,4
"2025-11-11 18:00",48405,48405,48399,48399,-6.,-0.01%,8
"2025-11-11 17:45",48405,48405,48405,48405,-38.,-0.08%,1
"2025-11-11 15:00",48448,48448,48443,48443,-7.,-0.01%,2
"2025-11-11 14:45",48443,48450,48443,48450,43,+0.09%,4
"2025-11-11 14:15",48407,48407,48407,48407,-33.,-0.07%,1
"2025-11-11 14:00",48422,48440,48420,48440,39,+0.08%,10
"2025-11-11 13:45",48400,48401,48400,48401,0,0.00%,7
"2025-11-11 13:30",48400,48401,48400,48401,4,+0.01%,4
"2025-11-11 13:15",48370,48397,48370,48397,20,+0.04%,2
"2025-11-11 12:45",48377,48377,48377,48377,31,+0.06%,2
"2025-11-11 12:30",48342,48346,48342,48346,-9.,-0.02%,6
"2025-11-11 12:15",48358,48387,48355,48355,5,+0.01%,11
"2025-11-11 12:00",48295,48350,48295,48350,72,+0.15%,14
"2025-11-11 11:45",48230,48278,48230,48278,42,+0.09%,10
"2025-11-11 11:30",48223,48245,48223,48236,13,+0.03%,17
"2025-11-11 11:15",48173,48223,48173,48223,71,+0.15%,22
"2025-11-11 11:00",48154,48171,48152,48152,11,+0.02%,13
"2025-11-11 10:45",48104,48146,48100,48141,59,+0.12%,24
"2025-11-11 10:30",48067,48082,48067,48082,18,+0.04%,5
"2025-11-11 10:15",48043,48070,48043,48064,23,+0.05%,11
"2025-11-11 10:00",48005,48041,48005,48041,41,+0.09%,13
"2025-11-11 09:45",47997,48000,47997,48000,30,+0.06%,2
"2025-11-11 09:30",47996,47996,47970,47970,-27.,-0.06%,2
"2025-11-11 09:15",47920,48000,47920,47997,107,+0.22%,11
"2025-11-11 09:00",47915,47923,47868,47890,-71.,-0.15%,17
"2025-11-11 08:45",47931,47961,47903,47961,47,+0.10%,12
"2025-11-11 08:30",47892,47915,47875,47914,51,+0.11%,9
"2025-11-11 08:15",47888,47893,47863,47863,-2.,0.00%,17
"2025-11-11 07:15",47865,47865,47865,47865,15,+0.03%,1
"2025-11-11 06:45",47850,47850,47850,47850,19,+0.04%,1
"2025-11-11 05:00",47831,47831,47831,47831,47,+0.10%,1
"2025-11-11 02:45",47784,47784,47784,47784,-38.,-0.08%,2
"2025-11-11 02:00",47822,47822,47822,47822,-8.,-0.02%,1
"2025-11-10 23:00",47830,47830,47830,47830,-26.,-0.05%,1
"2025-11-10 20:45",47856,47856,47856,47856,-22.,-0.05%,1
"2025-11-10 15:15",47878,47878,47878,47878,45,+0.09%,3
"2025-11-10 14:45",47848,47868,47833,47833,-15.,-0.03%,12
"2025-11-10 14:30",47848,47848,47848,47848,8,+0.02%,3
"2025-11-10 14:15",47840,47840,47840,47840,-29.,-0.06%,2
"2025-11-10 13:45",47820,47869,47820,47869,68,+0.14%,2
"2025-11-10 13:30",47820,47820,47800,47801,-4.,-0.01%,5
"2025-11-10 13:15",47782,47805,47782,47805,28,+0.06%,4
"2025-11-10 13:00",47789,47807,47777,47777,59,+0.12%,9
"2025-11-10 12:15",47718,47718,47718,47718,11,+0.02%,3
"2025-11-10 12:00",47707,47707,47707,47707,7,+0.01%,1
"2025-11-10 11:45",47700,47700,47700,47700,105,+0.22%,1
"2025-11-10 11:30",47595,47595,47595,47595,46,+0.10%,1
"2025-11-10 11:15",47549,47549,47549,47549,1,0.00%,1
"2025-11-10 11:00",47548,47548,47548,47548,110,+0.23%,3
"2025-11-10 10:15",47460,47460,47438,47438,-22.,-0.05%,2
"2025-11-10 10:00",47460,47460,47460,47460,-30.,-0.06%,1
"2025-11-10 09:45",47490,47490,47490,47490,-78.,-0.16%,1
"2025-11-10 09:30",47588,47588,47568,47568,-22.,-0.05%,2
"2025-11-10 09:00",47590,47590,47590,47590,-9.,-0.02%,3
"2025-11-10 08:45",47710,47710,47599,47599,-178.,-0.37%,3
"2025-11-10 08:30",47700,47777,47700,47777,149,+0.31%,4
"2025-11-10 07:45",47625,47639,47625,47628,-8.,-0.02%,3
"2025-11-10 07:30",47636,47636,47636,47636,0,0.00%,1
"2025-11-10 07:15",47636,47636,47636,47636,0,0.00%,2
"2025-11-10 06:45",47636,47636,47636,47636,78,+0.16%,1
"2025-11-09 19:45",47525,47558,47525,47558,45,+0.09%,2
"2025-11-09 19:30",47515,47515,47513,47513,-48.,-0.10%,2
"2025-11-09 19:00",47561,47561,47561,47561,11,+0.02%,1
"2025-11-09 18:00",47550,47550,47550,47550,-99.,-0.21%,1
"2025-11-09 17:00",47599,47649,47599,47649,99,+0.21%,2
"2025-11-07 15:45",47550,47550,47550,47550,36,+0.08%,1
"2025-11-07 15:00",47461,47514,47461,47514,74,+0.16%,6
"2025-11-07 14:45",47404,47440,47383,47440,44,+0.09%,7
"2025-11-07 14:30",47382,47396,47371,47396,76,+0.16%,11
"2025-11-07 14:15",47320,47320,47320,47320,-43.,-0.09%,2
"2025-11-07 14:00",47384,47384,47363,47363,98,+0.21%,3
"2025-11-07 13:30",47250,47265,47250,47265,43,+0.09%,2
"2025-11-07 13:15",47222,47222,47222,47222,43,+0.09%,2
"2025-11-07 12:45",47179,47179,47179,47179,-12.,-0.03%,5
"2025-11-07 12:30",47191,47191,47191,47191,241,+0.51%,1
"2025-11-07 11:00",47010,47010,46950,46950,-60.,-0.13%,4
"2025-11-07 10:45",47002,47010,47000,47010,-87.,-0.18%,4
"2025-11-07 10:15",47097,47097,47097,47097,12,+0.03%,3
"2025-11-07 10:00",47115,47115,47085,47085,-75.,-0.16%,7
"2025-11-07 09:45",47207,47220,47160,47160,-89.,-0.19%,15
"2025-11-07 09:30",47290,47300,47240,47249,-4.,-0.01%,15
"2025-11-07 09:15",47316,47327,47247,47253,-42.,-0.09%,16
"2025-11-07 09:00",47287,47295,47190,47295,0,0.00%,11
"2025-11-07 08:45",47190,47295,47190,47295,104,+0.22%,9
"2025-11-07 08:30",47179,47191,47156,47191,-80.,-0.17%,3
"2025-11-07 07:30",47271,47271,47271,47271,62,+0.13%,1
"2025-11-07 07:00",47209,47209,47209,47209,-7.,-0.01%,1
"2025-11-07 06:45",47217,47217,47216,47216,-136.,-0.29%,2
"2025-11-07 05:00",47352,47352,47352,47352,-29.,-0.06%,1
"2025-11-07 04:30",47381,47381,47381,47381,-75.,-0.16%,2
"2025-11-07 03:15",47456,47456,47456,47456,97,+0.20%,1
"2025-11-06 21:45",47359,47359,47359,47359,-32.,-0.07%,1
"2025-11-06 21:30",47385,47391,47385,47391,-36.,-0.08%,2
"2025-11-06 20:00",47427,47427,47427,47427,0,0.00%,21
"2025-11-06 19:45",47427,47427,47427,47427,2,0.00%,6
"2025-11-06 19:30",47425,47425,47425,47425,-130.,-0.27%,2
"2025-11-06 13:30",47563,47563,47555,47555,64,+0.13%,2
"2025-11-06 13:00",47499,47500,47483,47491,18,+0.04%,4
"2025-11-06 12:45",47454,47473,47454,47473,62,+0.13%,2
"2025-11-06 12:30",47390,47411,47390,47411,41,+0.09%,5
"2025-11-06 12:15",47311,47370,47311,47370,97,+0.21%,3
"2025-11-06 12:00",47300,47300,47273,47273,-97.,-0.20%,2
"2025-11-06 11:45",47400,47400,47370,47370,91,+0.19%,3
"2025-11-06 11:15",47300,47300,47279,47279,-84.,-0.18%,2
"2025-11-06 11:00",47283,47363,47283,47363,1,0.00%,3
"2025-11-06 10:45",47295,47362,47295,47362,58,+0.12%,10
"2025-11-06 10:30",47353,47353,47300,47304,-44.,-0.09%,7
"2025-11-06 10:15",47418,47418,47325,47348,-65.,-0.14%,10
"2025-11-06 10:00",47413,47413,47413,47413,-31.,-0.07%,1
"2025-11-06 09:45",47435,47454,47435,47444,40,+0.08%,6
"2025-11-06 09:30",47404,47404,47404,47404,-216.,-0.45%,1
"2025-11-06 09:15",47620,47620,47620,47620,136,+0.29%,1
"2025-11-06 09:00",47509,47509,47480,47484,-131.,-0.28%,8
"2025-11-06 08:45",47719,47719,47615,47615,-76.,-0.16%,19
"2025-11-06 08:30",47780,47780,47691,47691,-7.,-0.01%,4
"2025-11-06 08:15",47698,47698,47698,47698,-81.,-0.17%,1
"2025-11-06 08:00",47779,47779,47779,47779,-56.,-0.12%,1
"2025-11-06 07:30",47835,47835,47835,47835,22,+0.05%,1
"2025-11-06 06:30",47813,47813,47813,47813,33,+0.07%,1
"2025-11-06 04:45",47780,47780,47780,47780,35,+0.07%,1
"2025-11-06 03:00",47745,47745,47745,47745,29,+0.06%,1
"2025-11-06 02:45",47716,47716,47716,47716,-84.,-0.18%,4
"2025-11-05 22:30",47800,47800,47800,47800,-14.,-0.03%,3
"2025-11-05 17:00",47814,47814,47814,47814,0,0.00%,2
"2025-11-05 14:45",47868,47868,47814,47814,-54.,-0.11%,3
"2025-11-05 14:15",47868,47868,47868,47868,-25.,-0.05%,1
"2025-11-05 12:30",47893,47893,47893,47893,-27.,-0.06%,1
"2025-11-05 11:30",47928,47928,47920,47920,68,+0.14%,6
"2025-11-05 11:15",47852,47852,47852,47852,34,+0.07%,1
"2025-11-05 11:00",47800,47818,47800,47818,170,+0.36%,2
"2025-11-05 10:30",47648,47648,47648,47648,5,+0.01%,1
"2025-11-05 09:30",47651,47668,47643,47643,-42.,-0.09%,3
"2025-11-05 09:15",47670,47689,47650,47685,-52.,-0.11%,9
"2025-11-05 09:00",47659,47737,47659,47737,7,+0.01%,6
"2025-11-05 08:45",47611,47752,47611,47730,170,+0.36%,7
"2025-11-05 08:30",47607,47607,47560,47560,-64.,-0.13%,6
"2025-11-05 08:15",47630,47630,47624,47624,-21.,-0.04%,2
"2025-11-05 08:00",47645,47645,47645,47645,83,+0.17%,1
"2025-11-05 06:15",47562,47562,47562,47562,-6.,-0.01%,1
"2025-11-05 05:30",47568,47568,47568,47568,-43.,-0.09%,1
"2025-11-05 02:15",47622,47622,47611,47611,-21.,-0.04%,4
"2025-11-05 01:15",47632,47632,47632,47632,59,+0.12%,1
"2025-11-04 21:30",47573,47573,47573,47573,18,+0.04%,1
"2025-11-04 21:15",47555,47557,47555,47555,105,+0.22%,5
"2025-11-04 20:15",47450,47450,47450,47450,-41.,-0.09%,1
"2025-11-04 20:00",47491,47491,47491,47491,16,+0.03%,1
"2025-11-04 19:15",47475,47475,47475,47475,-71.,-0.15%,1
"2025-11-04 13:15",47546,47546,47546,47546,-12.,-0.03%,1
"2025-11-04 13:00",47547,47558,47547,47558,13,+0.03%,2
"2025-11-04 12:45",47549,47549,47521,47545,34,+0.07%,3
"2025-11-04 12:30",47511,47511,47511,47511,-39.,-0.08%,1
"2025-11-04 11:30",47544,47550,47544,47550,-111.,-0.23%,2
"2025-11-04 09:45",47680,47680,47661,47661,-67.,-0.14%,2
"2025-11-04 09:15",47708,47734,47708,47728,71,+0.15%,3
"2025-11-04 09:00",47695,47695,47657,47657,66,+0.14%,9
"2025-11-04 08:45",47604,47620,47591,47591,71,+0.15%,8
"2025-11-04 08:30",47500,47520,47402,47520,-17.,-0.04%,10
"2025-11-04 08:00",47540,47540,47537,47537,-51.,-0.11%,5
"2025-11-04 07:45",47567,47588,47562,47588,28,+0.06%,6
"2025-11-04 07:00",47560,47560,47560,47560,-26.,-0.05%,1
"2025-11-04 06:45",47586,47586,47586,47586,36,+0.08%,1
"2025-11-04 06:30",47560,47560,47550,47550,40,+0.08%,3
"2025-11-04 04:45",47510,47510,47510,47510,95,+0.20%,1
"2025-11-04 04:15",47408,47415,47408,47415,29,+0.06%,5
"2025-11-04 03:45",47386,47386,47386,47386,-95.,-0.20%,1
"2025-11-04 02:15",47497,47526,47481,47481,-19.,-0.04%,10
"2025-11-04 02:00",47520,47520,47500,47500,-37.,-0.08%,2
"2025-11-04 01:30",47537,47537,47537,47537,-23.,-0.05%,1
"2025-11-04 00:45",47560,47560,47560,47560,-28.,-0.06%,10
"2025-11-04 00:30",47588,47588,47588,47588,-37.,-0.08%,1
"2025-11-03 23:30",47625,47625,47625,47625,-51.,-0.11%,1
"2025-11-03 23:00",47687,47692,47676,47676,-41.,-0.09%,6
"2025-11-03 20:45",47713,47717,47713,47717,-39.,-0.08%,2
"2025-11-03 20:15",47756,47756,47756,47756,-5.,-0.01%,1
"2025-11-03 18:15",47761,47761,47761,47761,-66.,-0.14%,1
"2025-11-03 17:00",47827,47827,47827,47827,2,0.00%,1
"2025-11-03 15:15",47836,47836,47825,47825,5,+0.01%,3
"2025-11-03 14:45",47820,47820,47820,47820,-10.,-0.02%,1
"2025-11-03 14:30",47830,47830,47830,47830,-35.,-0.07%,1
"2025-11-03 14:15",47865,47865,47865,47865,30,+0.06%,1
"2025-11-03 14:00",47835,47835,47835,47835,-20.,-0.04%,1
"2025-11-03 13:00",47855,47855,47855,47855,0,0.00%,1
"2025-11-03 10:00",47865,47865,47855,47855,55,+0.12%,2
"2025-11-03 09:45",47786,47800,47786,47800,149,+0.31%,2
"2025-11-03 09:30",47677,47677,47651,47651,-20.,-0.04%,2
"2025-11-03 09:15",47848,47848,47671,47671,-239.,-0.50%,9
"2025-11-03 09:00",47866,47915,47866,47910,-2.,0.00%,14
"2025-11-03 08:45",47914,47919,47889,47912,-132.,-0.27%,9
"2025-11-03 08:30",48044,48044,48044,48044,-76.,-0.16%,1
"2025-11-03 08:15",48120,48120,48120,48120,24,+0.05%,1
"2025-11-03 08:00",48074,48096,48074,48096,50,+0.10%,2
"2025-11-03 07:15",48046,48046,48046,48046,20,+0.04%,1
"2025-11-03 07:00",48026,48026,48026,48026,-119.,-0.25%,1
"2025-11-03 05:15",48145,48145,48145,48145,7,+0.01%,15
"2025-11-03 05:00",48138,48138,48138,48138,-22.,-0.05%,1
"2025-11-03 04:45",48160,48160,48160,48160,26,+0.05%,1
"2025-11-03 04:30",48134,48134,48134,48134,14,+0.03%,1
"2025-11-03 04:15",48120,48120,48120,48120,-92.,-0.19%,1
"2025-11-03 03:30",48212,48212,48212,48212,87,+0.18%,1
"2025-11-02 21:15",48172,48172,48125,48125,-57.,-0.12%,2
"2025-11-02 19:30",48228,48228,48182,48182,80,+0.17%,2
"2025-10-31 15:45",48102,48102,48102,48102,-95.,-0.20%,1
"2025-10-31 14:45",48197,48197,48197,48197,24,+0.05%,1
"2025-10-31 14:15",48173,48173,48173,48173,217,+0.45%,1
"2025-10-31 12:45",47960,47960,47956,47956,24,+0.05%,2
"2025-10-31 12:30",47927,47932,47927,47932,39,+0.08%,19
"2025-10-31 12:15",47900,47902,47893,47893,-29.,-0.06%,3
"2025-10-31 11:45",47922,47922,47922,47922,-120.,-0.25%,4
"2025-10-31 11:00",48042,48042,48042,48042,14,+0.03%,1
"2025-10-31 10:45",48051,48085,48028,48028,-7.,-0.01%,5
"2025-10-31 10:30",48035,48035,48035,48035,-131.,-0.27%,1
"2025-10-31 09:45",48166,48166,48166,48166,42,+0.09%,1
"2025-10-31 09:30",48124,48124,48124,48124,24,+0.05%,1
"2025-10-31 09:15",48100,48100,48100,48100,52,+0.11%,1
"2025-10-31 09:00",48048,48048,48048,48048,-72.,-0.15%,2
"2025-10-31 08:45",48112,48120,48112,48120,81,+0.17%,2
"2025-10-31 08:30",48050,48050,48039,48039,-71.,-0.15%,3
"2025-10-31 07:45",48110,48110,48110,48110,10,+0.02%,1
"2025-10-31 07:30",48100,48100,48100,48100,-68.,-0.14%,1
"2025-10-31 07:15",48168,48168,48168,48168,61,+0.13%,1
"2025-10-31 06:45",48107,48107,48107,48107,38,+0.08%,1
"2025-10-31 00:00",48069,48069,48069,48069,-46.,-0.10%,1
"2025-10-30 19:15",48115,48115,48115,48115,30,+0.06%,1
"2025-10-30 19:00",48085,48085,48085,48085,55,+0.11%,1
"2025-10-30 14:45",48042,48060,48030,48030,-30.,-0.06%,3
"2025-10-30 14:30",48128,48128,48060,48060,-57.,-0.12%,4
"2025-10-30 14:00",48134,48134,48117,48117,-151.,-0.31%,4
"2025-10-30 13:00",48262,48268,48262,48268,-57.,-0.12%,2
"2025-10-30 12:15",48325,48325,48325,48325,61,+0.13%,1
"2025-10-30 12:00",48264,48264,48264,48264,-153.,-0.32%,1
"2025-10-30 11:00",48417,48417,48417,48417,85,+0.18%,1
"2025-10-30 10:45",48332,48332,48332,48332,-20.,-0.04%,3
"2025-10-30 10:30",48454,48454,48352,48352,-122.,-0.25%,6
"2025-10-30 10:15",48537,48537,48474,48474,-65.,-0.13%,2
"2025-10-30 10:00",48500,48539,48500,48539,52,+0.11%,2
"2025-10-30 09:45",48487,48487,48487,48487,-31.,-0.06%,1
"2025-10-30 09:30",48467,48518,48455,48518,106,+0.22%,8
"2025-10-30 09:15",48394,48412,48394,48412,31,+0.06%,4
"2025-10-30 09:00",48367,48381,48331,48381,17,+0.04%,14
"2025-10-30 08:45",48192,48368,48192,48364,196,+0.41%,15
"2025-10-30 08:30",48025,48168,48025,48168,246,+0.51%,9
"2025-10-30 08:15",47922,47922,47922,47922,-78.,-0.16%,4
"2025-10-30 07:45",48000,48000,48000,48000,74,+0.15%,1
"2025-10-30 07:30",47926,47926,47926,47926,-21.,-0.04%,1
"2025-10-30 07:15",47947,47947,47947,47947,-63.,-0.13%,1
"2025-10-30 04:15",48010,48010,48010,48010,-263.,-0.54%,1
"2025-10-29 22:15",48273,48273,48273,48273,-18.,-0.04%,1
"2025-10-29 21:15",48289,48291,48289,48291,177,+0.37%,2
"2025-10-29 18:45",48112,48114,48112,48114,-24.,-0.05%,2
"2025-10-29 14:15",48138,48138,48138,48138,-92.,-0.19%,1
"2025-10-29 14:00",48222,48230,48205,48230,38,+0.08%,4
"2025-10-29 13:45",48064,48192,48064,48192,146,+0.30%,3
"2025-10-29 13:30",48217,48217,48000,48046,-360.,-0.74%,21
"2025-10-29 13:00",48407,48407,48406,48406,-44.,-0.09%,2
"2025-10-29 09:30",48450,48450,48450,48450,-22.,-0.05%,1
"2025-10-29 09:15",48472,48472,48472,48472,6,+0.01%,1
"2025-10-29 09:00",48522,48522,48450,48466,-84.,-0.17%,5
"2025-10-29 08:45",48475,48550,48475,48550,35,+0.07%,12
"2025-10-29 08:30",48445,48515,48445,48515,345,+0.72%,3
"2025-10-29 05:15",48170,48170,48170,48170,34,+0.07%,1
"2025-10-29 05:00",48136,48136,48136,48136,8,+0.02%,1
"2025-10-29 04:45",48128,48128,48128,48128,-113.,-0.23%,1
"2025-10-29 03:15",48241,48241,48241,48241,26,+0.05%,1
"2025-10-29 02:00",48216,48216,48215,48215,-3.,-0.01%,3
"2025-10-28 21:45",48202,48218,48202,48218,9,+0.02%,3
"2025-10-28 20:30",48209,48209,48209,48209,9,+0.02%,1
"2025-10-28 15:00",48200,48200,48200,48200,-192.,-0.40%,1
"2025-10-28 13:30",48392,48392,48392,48392,-82.,-0.17%,1
"2025-10-28 13:15",48452,48474,48449,48474,74,+0.15%,5
"2025-10-28 12:30",48400,48400,48400,48400,-23.,-0.05%,1
"2025-10-28 12:15",48423,48423,48423,48423,-51.,-0.11%,1
"2025-10-28 12:00",48474,48474,48474,48474,66,+0.14%,1
"2025-10-28 11:45",48408,48408,48408,48408,67,+0.14%,5
"2025-10-28 11:30",48354,48358,48341,48341,92,+0.19%,8
"2025-10-28 10:45",48229,48249,48224,48249,-102.,-0.21%,7
"2025-10-28 08:45",48307,48351,48307,48351,94,+0.19%,15
"2025-10-28 08:30",48369,48369,48257,48257,-113.,-0.23%,2
"2025-10-28 08:15",48370,48370,48370,48370,-20.,-0.04%,1
"2025-10-28 08:00",48350,48390,48350,48390,155,+0.32%,5
"2025-10-28 06:45",48239,48239,48235,48235,21,+0.04%,6
"2025-10-28 06:15",48208,48214,48208,48214,46,+0.10%,2
"2025-10-28 06:00",48138,48168,48138,48168,69,+0.14%,3
"2025-10-28 04:45",48099,48099,48099,48099,40,+0.08%,1
"2025-10-27 22:15",48059,48059,48059,48059,-51.,-0.11%,1
"2025-10-27 15:15",48110,48110,48110,48110,25,+0.05%,1
"2025-10-27 15:00",48091,48095,48085,48085,17,+0.04%,3
"2025-10-27 14:45",48072,48073,48068,48068,139,+0.29%,3
"2025-10-27 12:15",47929,47929,47929,47929,-45.,-0.09%,1
"2025-10-27 10:30",47974,47974,47974,47974,-8.,-0.02%,1
"2025-10-27 09:15",47982,47982,47982,47982,-66.,-0.14%,1
"2025-10-27 09:00",48030,48055,48030,48048,131,+0.27%,5
"2025-10-27 08:30",47975,47975,47917,47917,-44.,-0.09%,3
"2025-10-27 07:15",47966,47966,47961,47961,-54.,-0.11%,2
"2025-10-27 05:00",48015,48015,48015,48015,22,+0.05%,1
"2025-10-27 04:30",47993,47993,47993,47993,-78.,-0.16%,1
"2025-10-27 02:45",48071,48071,48071,48071,49,+0.10%,1
"2025-10-26 18:30",48022,48022,48022,48022,-4.,-0.01%,1
"2025-10-26 18:15",48026,48026,48026,48026,9,+0.02%,3
"2025-10-26 17:00",48017,48017,48017,48017,277,+0.58%,1
"2025-10-24 15:00",47740,47740,47740,47740,-7.,-0.01%,1
"2025-10-24 14:45",47747,47747,47747,47747,-82.,-0.17%,1
"2025-10-24 14:00",47829,47829,47829,47829,-11.,-0.02%,1
"2025-10-24 12:30",47839,47840,47839,47840,70,+0.15%,2
"2025-10-24 11:45",47770,47770,47770,47770,45,+0.09%,1
"2025-10-24 11:30",47725,47725,47725,47725,-104.,-0.22%,1
"2025-10-24 11:15",47829,47829,47829,47829,7,+0.01%,1
"2025-10-24 11:00",47822,47822,47822,47822,16,+0.03%,1
"2025-10-24 10:45",47806,47806,47806,47806,6,+0.01%,1
"2025-10-24 10:30",47780,47800,47780,47800,23,+0.05%,4
"2025-10-24 10:15",47740,47777,47738,47777,130,+0.27%,7
"2025-10-24 09:45",47670,47670,47634,47647,47,+0.10%,3
"2025-10-24 09:30",47606,47606,47600,47600,-58.,-0.12%,2
"2025-10-24 09:15",47658,47658,47658,47658,-42.,-0.09%,1
"2025-10-24 09:00",47674,47700,47674,47700,60,+0.13%,7
"2025-10-24 08:45",47660,47670,47640,47640,44,+0.09%,6
"2025-10-24 08:30",47491,47596,47491,47596,111,+0.23%,7
"2025-10-24 07:30",47388,47485,47388,47485,145,+0.31%,5
"2025-10-24 07:15",47342,47342,47340,47340,-29.,-0.06%,2
"2025-10-24 01:00",47369,47369,47369,47369,97,+0.21%,1
"2025-10-23 14:30",47272,47272,47272,47272,-50.,-0.11%,1
"2025-10-23 13:45",47323,47323,47322,47322,27,+0.06%,2
"2025-10-23 12:30",47303,47303,47295,47295,75,+0.16%,5
"2025-10-23 12:15",47220,47220,47220,47220,-5.,-0.01%,1
"2025-10-23 11:30",47212,47225,47212,47225,32,+0.07%,2
"2025-10-23 10:30",47193,47193,47193,47193,69,+0.15%,1
"2025-10-23 10:15",47124,47124,47124,47124,-28.,-0.06%,1
"2025-10-23 10:00",47152,47152,47152,47152,41,+0.09%,1
"2025-10-23 09:15",47111,47111,47111,47111,-4.,-0.01%,1
"2025-10-23 09:00",47115,47115,47115,47115,-80.,-0.17%,1
"2025-10-23 08:45",47205,47245,47180,47195,180,+0.38%,6
"2025-10-23 08:00",47060,47060,47015,47015,0,0.00%,2
"2025-10-23 07:30",47015,47015,47015,47015,-21.,-0.04%,2
"2025-10-23 06:45",47036,47036,47036,47036,-5.,-0.01%,1
"2025-10-23 06:30",47041,47041,47041,47041,-28.,-0.06%,1
"2025-10-23 06:15",47069,47069,47069,47069,45,+0.10%,1
"2025-10-23 05:00",47023,47024,47023,47024,-99.,-0.21%,2
"2025-10-22 21:15",47106,47123,47106,47123,34,+0.07%,4
"2025-10-22 20:30",47089,47089,47089,47089,-6.,-0.01%,1
"2025-10-22 13:45",47095,47095,47095,47095,1,0.00%,1
"2025-10-22 13:15",47000,47094,47000,47094,59,+0.13%,7
"2025-10-22 12:45",47035,47035,47035,47035,25,+0.05%,1
"2025-10-22 12:30",47109,47109,47010,47010,-90.,-0.19%,4
"2025-10-22 12:15",47171,47171,47090,47100,-155.,-0.33%,4
"2025-10-22 11:30",47257,47257,47060,47255,-31.,-0.07%,42
"2025-10-22 10:15",47289,47289,47286,47286,-95.,-0.20%,2
"2025-10-22 10:00",47381,47381,47381,47381,48,+0.10%,1
"2025-10-22 09:45",47300,47333,47285,47333,-16.,-0.03%,4
"2025-10-22 09:15",47347,47349,47335,47349,-7.,-0.01%,3
"2025-10-22 08:45",47438,47438,47356,47356,-27.,-0.06%,4
"2025-10-22 08:30",47429,47429,47383,47383,-85.,-0.18%,3
"2025-10-22 07:00",47468,47468,47468,47468,11,+0.02%,1
"2025-10-22 06:45",47457,47457,47457,47457,19,+0.04%,1
"2025-10-22 06:15",47438,47438,47438,47438,5,+0.01%,1
"2025-10-22 06:00",47433,47433,47433,47433,-33.,-0.07%,1
"2025-10-22 03:30",47460,47466,47460,47466,-9.,-0.02%,3
"2025-10-21 20:45",47475,47475,47475,47475,19,+0.04%,1
"2025-10-21 20:30",47456,47456,47456,47456,12,+0.03%,1
"2025-10-21 19:45",47452,47452,47444,47444,-46.,-0.10%,6
"2025-10-21 18:15",47490,47490,47490,47490,-9.,-0.02%,1
"2025-10-21 15:15",47499,47499,47499,47499,29,+0.06%,1
"2025-10-21 14:45",47535,47537,47470,47470,-33.,-0.07%,3
"2025-10-21 14:30",47512,47512,47503,47503,-12.,-0.03%,3
"2025-10-21 14:00",47515,47515,47515,47515,-74.,-0.16%,15
"2025-10-21 13:00",47589,47589,47589,47589,-21.,-0.04%,1
"2025-10-21 11:45",47610,47610,47610,47610,29,+0.06%,1
"2025-10-21 10:30",47581,47581,47581,47581,-51.,-0.11%,1
"2025-10-21 10:15",47662,47662,47632,47632,-24.,-0.05%,3
"2025-10-21 10:00",47610,47656,47608,47656,106,+0.22%,14
"2025-10-21 09:45",47550,47550,47550,47550,68,+0.14%,1
"2025-10-21 09:30",47410,47500,47410,47482,54,+0.11%,10
"2025-10-21 09:15",47440,47450,47428,47428,89,+0.19%,3
"2025-10-21 09:00",47320,47339,47320,47339,72,+0.15%,2
"2025-10-21 08:30",47285,47285,47267,47267,51,+0.11%,2
"2025-10-21 08:15",47216,47216,47216,47216,-9.,-0.02%,1
"2025-10-21 08:00",47225,47225,47225,47225,-41.,-0.09%,1
"2025-10-21 07:30",47266,47266,47266,47266,-4.,-0.01%,1
"2025-10-21 06:30",47277,47277,47270,47270,73,+0.15%,2
"2025-10-21 04:30",47197,47197,47197,47197,14,+0.03%,1
"2025-10-21 04:15",47183,47183,47183,47183,35,+0.07%,1
"2025-10-21 03:45",47171,47171,47148,47148,-15.,-0.03%,2
"2025-10-21 03:30",47163,47163,47163,47163,-8.,-0.02%,1
"2025-10-21 03:15",47170,47171,47156,47171,4,+0.01%,3
"2025-10-21 03:00",47167,47167,47167,47167,-14.,-0.03%,1
"2025-10-21 02:30",47181,47181,47181,47181,-3.,-0.01%,1
"2025-10-21 02:15",47171,47184,47169,47184,13,+0.03%,3
"2025-10-21 02:00",47156,47171,47156,47171,-20.,-0.04%,2
"2025-10-21 01:45",47191,47191,47191,47191,7,+0.01%,1
"2025-10-21 01:15",47184,47184,47184,47184,-7.,-0.01%,1
"2025-10-21 01:00",47187,47191,47187,47191,-23.,-0.05%,2
"2025-10-21 00:45",47214,47214,47214,47214,-25.,-0.05%,1
"2025-10-21 00:15",47239,47239,47239,47239,-33.,-0.07%,1
"2025-10-20 17:45",47272,47272,47272,47272,0,0.00%,1
"2025-10-20 14:45",47272,47272,47272,47272,2,0.00%,1
"2025-10-20 13:45",47250,47270,47250,47270,25,+0.05%,2
"2025-10-20 13:30",47245,47245,47245,47245,-30.,-0.06%,1
"2025-10-20 13:00",47275,47275,47275,47275,55,+0.12%,1
"2025-10-20 12:00",47188,47220,47188,47220,105,+0.22%,7
"2025-10-20 11:15",47115,47115,47115,47115,-44.,-0.09%,1
"2025-10-20 09:45",47159,47159,47159,47159,84,+0.18%,1
"2025-10-20 09:30",47047,47075,47047,47075,116,+0.25%,11
"2025-10-20 09:00",46959,46959,46959,46959,55,+0.12%,1
"2025-10-20 08:30",46904,46904,46904,46904,78,+0.17%,1
"2025-10-20 05:30",46826,46826,46826,46826,6,+0.01%,1
"2025-10-20 04:30",46820,46820,46820,46820,32,+0.07%,1
"2025-10-19 22:30",46788,46788,46788,46788,-13.,-0.03%,1
"2025-10-19 22:15",46801,46801,46801,46801,53,+0.11%,1
"2025-10-17 15:00",46748,46748,46748,46748,28,+0.06%,8
"2025-10-17 14:45",46720,46720,46720,46720,-91.,-0.19%,1
"2025-10-17 14:00",46811,46811,46811,46811,25,+0.05%,10
"2025-10-17 13:45",46786,46786,46786,46786,22,+0.05%,1
"2025-10-17 13:30",46764,46764,46764,46764,-12.,-0.03%,1
"2025-10-17 13:15",46757,46800,46757,46776,31,+0.07%,7
"2025-10-17 13:00",46710,46755,46710,46745,157,+0.34%,8
"2025-10-17 11:45",46630,46630,46588,46588,-76.,-0.16%,3
"2025-10-17 11:30",46664,46664,46664,46664,-28.,-0.06%,1
"2025-10-17 11:15",46746,46746,46692,46692,-54.,-0.12%,7
"2025-10-17 11:00",46696,46746,46696,46746,67,+0.14%,15
"2025-10-17 10:45",46625,46693,46625,46679,216,+0.46%,12
"2025-10-17 10:00",46463,46463,46463,46463,-64.,-0.14%,1
"2025-10-17 09:45",46527,46527,46527,46527,-31.,-0.07%,1
"2025-10-17 09:30",46592,46592,46558,46558,-62.,-0.13%,4
"2025-10-17 09:15",46734,46734,46620,46620,-102.,-0.22%,5
"2025-10-17 09:00",46519,46722,46519,46722,82,+0.18%,7
"2025-10-17 08:45",46506,46680,46506,46640,137,+0.29%,24
"2025-10-17 08:30",46565,46631,46503,46503,30,+0.06%,13
"2025-10-17 07:00",46473,46473,46473,46473,23,+0.05%,1
"2025-10-17 06:45",46450,46450,46450,46450,51,+0.11%,1
"2025-10-17 06:30",46399,46399,46399,46399,-43.,-0.09%,1
"2025-10-17 06:15",46463,46463,46442,46442,19,+0.04%,2
"2025-10-17 06:00",46339,46423,46336,46423,200,+0.43%,16
"2025-10-17 05:45",46223,46223,46223,46223,27,+0.06%,1
"2025-10-17 05:30",46176,46196,46164,46196,180,+0.39%,8
"2025-10-17 03:00",46016,46016,46016,46016,-3.,-0.01%,1
"2025-10-17 02:45",46019,46019,46019,46019,-87.,-0.19%,2
"2025-10-17 02:00",46106,46106,46106,46106,-124.,-0.27%,1
"2025-10-17 01:30",46230,46230,46230,46230,-77.,-0.17%,1
"2025-10-17 01:00",46307,46307,46307,46307,18,+0.04%,1
"2025-10-17 00:30",46289,46289,46289,46289,-45.,-0.10%,1
"2025-10-16 23:45",46334,46334,46334,46334,-2.,0.00%,1
"2025-10-16 22:45",46364,46364,46336,46336,-26.,-0.06%,2
"2025-10-16 22:30",46362,46362,46362,46362,-38.,-0.08%,1
"2025-10-16 17:45",46400,46400,46400,46400,-66.,-0.14%,1
"2025-10-16 15:45",46466,46466,46466,46466,-24.,-0.05%,1
"2025-10-16 14:45",46420,46490,46420,46490,112,+0.24%,2
"2025-10-16 14:30",46378,46378,46378,46378,-43.,-0.09%,1
"2025-10-16 14:15",46421,46421,46421,46421,-106.,-0.23%,1
"2025-10-16 13:30",46527,46527,46527,46527,151,+0.33%,1
"2025-10-16 13:15",46376,46376,46376,46376,2,0.00%,1
"2025-10-16 13:00",46474,46474,46374,46374,-127.,-0.27%,9
"2025-10-16 11:45",46501,46501,46501,46501,-53.,-0.11%,1
"2025-10-16 11:30",46554,46554,46554,46554,-330.,-0.70%,1
"2025-10-16 10:30",46777,46884,46777,46884,10,+0.02%,2
"2025-10-16 08:45",46910,46910,46874,46874,-58.,-0.12%,2
"2025-10-16 08:30",46932,46932,46932,46932,84,+0.18%,1
"2025-10-16 07:15",46848,46848,46848,46848,-7.,-0.01%,1
"2025-10-16 07:00",46855,46855,46855,46855,-103.,-0.22%,1
"2025-10-16 06:45",46958,46958,46958,46958,110,+0.23%,1
"2025-10-15 21:15",46842,46848,46842,46848,-24.,-0.05%,2
"2025-10-15 21:00",46865,46872,46865,46872,-54.,-0.12%,2
"2025-10-15 17:15",46926,46926,46926,46926,81,+0.17%,2
"2025-10-15 14:00",46845,46845,46845,46845,-40.,-0.09%,1
"2025-10-15 13:45",46885,46885,46885,46885,30,+0.06%,1
"2025-10-15 13:15",46858,46876,46855,46855,42,+0.09%,5
"2025-10-15 12:45",46813,46813,46813,46813,137,+0.29%,2
"2025-10-15 12:15",46625,46680,46600,46676,-14.,-0.03%,11
"2025-10-15 12:00",46813,46813,46690,46690,-201.,-0.43%,3
"2025-10-15 11:45",46890,46891,46890,46891,-25.,-0.05%,2
"2025-10-15 11:30",46916,46916,46916,46916,-16.,-0.03%,1
"2025-10-15 11:15",46932,46932,46932,46932,-9.,-0.02%,1
"2025-10-15 10:30",46941,46941,46941,46941,-309.,-0.65%,1
"2025-10-15 09:00",47229,47250,47228,47250,208,+0.44%,10
"2025-10-15 08:45",47110,47110,47042,47042,-51.,-0.11%,5
"2025-10-15 08:30",47093,47093,47093,47093,21,+0.04%,1
"2025-10-15 07:45",47072,47072,47072,47072,-3.,-0.01%,1
"2025-10-15 07:15",47100,47104,47075,47075,-20.,-0.04%,4
"2025-10-15 07:00",47091,47095,47091,47095,45,+0.10%,2
"2025-10-15 06:00",47050,47050,47050,47050,6,+0.01%,1
"2025-10-15 05:45",47044,47044,47044,47044,6,+0.01%,1
"2025-10-15 04:00",47038,47038,47038,47038,106,+0.23%,1
"2025-10-14 23:45",46932,46932,46932,46932,49,+0.10%,1
"2025-10-14 22:00",46901,46901,46883,46883,-29.,-0.06%,2
"2025-10-14 21:15",46899,46912,46899,46912,0,0.00%,2
"2025-10-14 21:00",46900,46912,46900,46912,74,+0.16%,4
"2025-10-14 19:30",46838,46838,46838,46838,67,+0.14%,1
"2025-10-14 14:30",46930,46930,46771,46771,-288.,-0.61%,14
"2025-10-14 14:00",47059,47059,47059,47059,55,+0.12%,4
"2025-10-14 13:30",47030,47030,46994,47004,-18.,-0.04%,4
"2025-10-14 13:00",47022,47022,47022,47022,-37.,-0.08%,1
"2025-10-14 12:45",47081,47081,47059,47059,10,+0.02%,2
"2025-10-14 12:30",46976,47049,46976,47049,48,+0.10%,4
"2025-10-14 12:15",46997,47011,46997,47001,128,+0.27%,7
"2025-10-14 12:00",46872,46873,46872,46873,-63.,-0.13%,3
"2025-10-14 11:45",46936,46936,46936,46936,47,+0.10%,1
"2025-10-14 11:30",46891,46891,46889,46889,9,+0.02%,2
"2025-10-14 11:15",46880,46880,46880,46880,104,+0.22%,2
"2025-10-14 11:00",46776,46776,46776,46776,-12.,-0.03%,1
"2025-10-14 10:45",46788,46788,46788,46788,113,+0.24%,5
"2025-10-14 10:30",46667,46675,46667,46675,145,+0.31%,7
"2025-10-14 09:30",46530,46530,46530,46530,92,+0.20%,1
"2025-10-14 09:15",46385,46446,46385,46438,144,+0.31%,4
"2025-10-14 09:00",46286,46318,46286,46294,44,+0.10%,8
"2025-10-14 08:45",46250,46250,46250,46250,186,+0.40%,1
"2025-10-14 08:30",46080,46080,46064,46064,-186.,-0.40%,5
"2025-10-14 08:15",46305,46305,46250,46250,-15.,-0.03%,3
"2025-10-14 07:30",46265,46265,46265,46265,-37.,-0.08%,1
"2025-10-14 07:00",46302,46302,46302,46302,-82.,-0.18%,1
"2025-10-14 06:15",46368,46441,46352,46384,27,+0.06%,14
"2025-10-14 06:00",46330,46357,46330,46357,66,+0.14%,2
"2025-10-14 05:30",46330,46330,46284,46291,-86.,-0.19%,3
"2025-10-14 05:15",46355,46377,46355,46377,-88.,-0.19%,2
"2025-10-14 04:00",46465,46465,46465,46465,34,+0.07%,1
"2025-10-14 03:30",46431,46431,46431,46431,57,+0.12%,1
"2025-10-14 03:00",46374,46374,46374,46374,68,+0.15%,1
"2025-10-14 02:30",46435,46435,46306,46306,-78.,-0.17%,12
"2025-10-14 02:00",46384,46384,46384,46384,-52.,-0.11%,1
"2025-10-14 01:45",46436,46436,46436,46436,-44.,-0.09%,1
"2025-10-14 01:30",46480,46480,46480,46480,40,+0.09%,1
"2025-10-14 00:45",46405,46440,46385,46440,33,+0.07%,3
"2025-10-14 00:30",46526,46526,46407,46407,-148.,-0.32%,3
"2025-10-13 23:30",46542,46555,46542,46555,7,+0.02%,2
"2025-10-13 23:15",46573,46573,46548,46548,-57.,-0.12%,2
"2025-10-13 23:00",46605,46605,46605,46605,-47.,-0.10%,1
"2025-10-13 22:15",46652,46652,46652,46652,37,+0.08%,1
"2025-10-13 15:15",46615,46615,46615,46615,2,0.00%,1
"2025-10-13 14:15",46613,46613,46613,46613,62,+0.13%,1
"2025-10-13 13:45",46551,46553,46551,46551,-89.,-0.19%,7
"2025-10-13 13:30",46640,46640,46640,46640,10,+0.02%,1
"2025-10-13 13:00",46630,46630,46630,46630,10,+0.02%,1
"2025-10-13 12:45",46590,46620,46590,46620,30,+0.06%,2
"2025-10-13 12:30",46590,46590,46590,46590,-57.,-0.12%,1
"2025-10-13 11:30",46647,46647,46647,46647,8,+0.02%,1
"2025-10-13 11:15",46639,46639,46639,46639,8,+0.02%,1
"2025-10-13 10:45",46631,46631,46631,46631,0,0.00%,1
"2025-10-13 10:30",46647,46673,46631,46631,-2.,0.00%,3
"2025-10-13 10:15",46560,46633,46560,46633,90,+0.19%,4
"2025-10-13 10:00",46444,46543,46432,46543,93,+0.20%,11
"2025-10-13 09:45",46490,46490,46450,46450,-100.,-0.21%,3
"2025-10-13 09:30",46469,46550,46469,46550,118,+0.25%,3
"2025-10-13 09:15",46524,46544,46412,46432,-50.,-0.11%,12
"2025-10-13 09:00",46487,46521,46482,46482,-76.,-0.16%,8
"2025-10-13 08:45",46481,46558,46420,46558,102,+0.22%,9
"2025-10-13 08:30",46502,46526,46450,46456,22,+0.05%,9
"2025-10-13 07:30",46440,46440,46434,46434,84,+0.18%,2
"2025-10-13 07:00",46350,46350,46350,46350,-20.,-0.04%,1
"2025-10-13 06:00",46370,46370,46370,46370,-100.,-0.22%,1
"2025-10-13 00:30",46470,46470,46470,46470,44,+0.09%,1
"2025-10-12 23:00",46426,46426,46426,46426,-43.,-0.09%,1
"2025-10-12 21:15",46469,46469,46469,46469,30,+0.06%,1
"2025-10-12 20:45",46439,46439,46439,46439,39,+0.08%,1
"2025-10-12 20:00",46400,46400,46400,46400,20,+0.04%,2
"2025-10-12 19:15",46400,46400,46380,46380,-3.,-0.01%,3
"2025-10-12 19:00",46386,46386,46383,46383,-38.,-0.08%,2
"2025-10-12 18:45",46395,46421,46395,46421,25,+0.05%,4
"2025-10-12 18:30",46378,46396,46364,46396,-42.,-0.09%,4
"2025-10-12 17:15",46415,46438,46415,46438,-27.,-0.06%,6
"2025-10-12 17:00",46465,46465,46465,46465,614,+1.34%,2
"2025-10-10 15:45",45851,45851,45851,45851,-261.,-0.57%,1
"2025-10-10 15:15",46112,46112,46112,46112,12,+0.03%,1
"2025-10-10 15:00",46100,46100,46100,46100,0,0.00%,10
"2025-10-10 14:45",46125,46125,46100,46100,31,+0.07%,20
"2025-10-10 14:30",46180,46180,46069,46069,-101.,-0.22%,16
"2025-10-10 14:15",46250,46250,46170,46170,-58.,-0.13%,12
"2025-10-10 14:00",46228,46228,46228,46228,-10.,-0.02%,5
"2025-10-10 13:45",46238,46238,46238,46238,-164.,-0.35%,10
"2025-10-10 12:30",46383,46402,46383,46402,81,+0.17%,2
"2025-10-10 12:15",46317,46324,46317,46321,22,+0.05%,6
"2025-10-10 12:00",46299,46299,46299,46299,-156.,-0.34%,1
"2025-10-10 11:30",46493,46525,46455,46455,-35.,-0.08%,7
"2025-10-10 10:45",46512,46530,46489,46490,-30.,-0.06%,4
"2025-10-10 10:30",46461,46520,46461,46520,16,+0.03%,19
"2025-10-10 10:15",46795,46795,46504,46504,-322.,-0.69%,68
"2025-10-10 10:00",46731,46826,46591,46826,5,+0.01%,71
"2025-10-10 09:45",46922,46922,46821,46821,-304.,-0.65%,8
"2025-10-10 09:15",47050,47125,47050,47125,3,+0.01%,2
"2025-10-10 09:00",47122,47122,47122,47122,27,+0.06%,5
"2025-10-10 08:45",47095,47095,47095,47095,-77.,-0.16%,1
"2025-10-10 08:30",47200,47200,47172,47172,75,+0.16%,2
"2025-10-10 08:15",47097,47097,47097,47097,222,+0.47%,1
"2025-10-09 13:00",46875,46875,46875,46875,-62.,-0.13%,1
"2025-10-09 12:45",46952,46952,46937,46937,7,+0.01%,2
"2025-10-09 12:00",46900,46930,46900,46930,-11.,-0.02%,2
"2025-10-09 11:45",46961,46961,46941,46941,-63.,-0.13%,2
"2025-10-09 11:15",46994,47004,46994,47004,-42.,-0.09%,6
"2025-10-09 10:45",47046,47046,47046,47046,66,+0.14%,1
"2025-10-09 10:30",46985,46985,46980,46980,15,+0.03%,5
"2025-10-09 09:45",46965,46965,46965,46965,-22.,-0.05%,1
"2025-10-09 09:30",46987,46987,46987,46987,-19.,-0.04%,1
"2025-10-09 09:15",47051,47051,47006,47006,-76.,-0.16%,4
"2025-10-09 08:45",47165,47165,47082,47082,-204.,-0.43%,18
"2025-10-09 08:30",47232,47286,47226,47286,72,+0.15%,7
"2025-10-09 01:45",47210,47214,47210,47214,-16.,-0.03%,2
"2025-10-09 01:15",47230,47230,47230,47230,-20.,-0.04%,1
"2025-10-09 01:00",47250,47250,47250,47250,17,+0.04%,1
"2025-10-09 00:45",47233,47233,47233,47233,-7.,-0.01%,1
"2025-10-09 00:30",47228,47241,47228,47240,47,+0.10%,4
"2025-10-08 23:15",47193,47193,47193,47193,11,+0.02%,2
"2025-10-08 23:00",47181,47182,47181,47182,25,+0.05%,2
"2025-10-08 22:30",47181,47181,47157,47157,-67.,-0.14%,2
"2025-10-08 22:00",47229,47229,47224,47224,3,+0.01%,2
"2025-10-08 21:00",47221,47221,47221,47221,-44.,-0.09%,1
"2025-10-08 20:00",47265,47265,47265,47265,38,+0.08%,1
"2025-10-08 14:30",47240,47240,47227,47227,-21.,-0.04%,2
"2025-10-08 14:15",47248,47248,47248,47248,-1.,0.00%,2
"2025-10-08 14:00",47248,47249,47248,47249,-70.,-0.15%,2
"2025-10-08 12:45",47319,47319,47319,47319,46,+0.10%,1
"2025-10-08 09:15",47273,47273,47273,47273,122,+0.26%,1
"2025-10-08 09:00",47143,47151,47143,47151,8,+0.02%,8
"2025-10-08 08:30",47260,47260,47143,47143,-221.,-0.47%,3
"2025-10-08 08:15",47364,47364,47364,47364,32,+0.07%,1
"2025-10-08 07:30",47332,47332,47332,47332,29,+0.06%,1
"2025-10-08 07:15",47303,47303,47303,47303,-13.,-0.03%,1
"2025-10-08 07:00",47316,47316,47316,47316,16,+0.03%,1
"2025-10-08 06:15",47300,47300,47300,47300,-30.,-0.06%,1
"2025-10-08 06:00",47330,47330,47330,47330,19,+0.04%,3
"2025-10-08 05:45",47311,47311,47311,47311,48,+0.10%,1
"2025-10-08 04:45",47263,47263,47263,47263,15,+0.03%,1
"2025-10-08 02:00",47248,47248,47248,47248,40,+0.08%,1
"2025-10-08 01:00",47208,47208,47208,47208,-10.,-0.02%,1
"2025-10-08 00:45",47218,47218,47218,47218,-2.,0.00%,1
"2025-10-07 19:45",47220,47220,47220,47220,19,+0.04%,1
"2025-10-07 19:15",47194,47201,47194,47201,-44.,-0.09%,2
"2025-10-07 15:30",47245,47245,47245,47245,47,+0.10%,1
"2025-10-07 14:45",47211,47224,47198,47198,59,+0.13%,3
"2025-10-07 13:15",47139,47139,47139,47139,-2.,0.00%,1
"2025-10-07 13:00",47115,47141,47115,47141,-1.,0.00%,4
"2025-10-07 12:30",47142,47142,47142,47142,-39.,-0.08%,1
"2025-10-07 12:15",47181,47181,47181,47181,-9.,-0.02%,1
"2025-10-07 12:00",47190,47190,47190,47190,35,+0.07%,1
"2025-10-07 11:45",47155,47155,47155,47155,-43.,-0.09%,1
"2025-10-07 11:30",47147,47198,47147,47198,90,+0.19%,5
"2025-10-07 11:00",47066,47108,47066,47108,-43.,-0.09%,4
"2025-10-07 10:45",47156,47156,47145,47151,-20.,-0.04%,5
"2025-10-07 10:30",47171,47171,47171,47171,-39.,-0.08%,6
"2025-10-07 10:00",47207,47222,47195,47210,-54.,-0.11%,8
"2025-10-07 09:45",47264,47264,47264,47264,11,+0.02%,1
"2025-10-07 09:30",47221,47257,47221,47253,27,+0.06%,7
"2025-10-07 09:15",47251,47251,47226,47226,-64.,-0.14%,2
"2025-10-07 09:00",47291,47291,47284,47290,-76.,-0.16%,7
"2025-10-07 08:45",47366,47366,47366,47366,-116.,-0.24%,1
"2025-10-07 08:30",47410,47482,47410,47482,83,+0.18%,3
"2025-10-07 08:00",47399,47399,47399,47399,45,+0.10%,1
"2025-10-07 05:30",47354,47354,47354,47354,24,+0.05%,1
"2025-10-07 05:15",47330,47330,47330,47330,82,+0.17%,2
"2025-10-07 04:45",47248,47248,47248,47248,-4.,-0.01%,1
"2025-10-07 00:30",47250,47252,47250,47252,-74.,-0.16%,3
"2025-10-06 12:30",47330,47330,47326,47326,55,+0.12%,5
"2025-10-06 11:00",47271,47271,47271,47271,-56.,-0.12%,1
"2025-10-06 10:15",47327,47327,47327,47327,63,+0.13%,1
"2025-10-06 09:45",47262,47264,47261,47264,89,+0.19%,4
"2025-10-06 09:15",47151,47175,47110,47175,38,+0.08%,5
"2025-10-06 09:00",47141,47141,47089,47137,-163.,-0.34%,21
"2025-10-06 08:45",47340,47340,47300,47300,-81.,-0.17%,2
"2025-10-06 08:30",47381,47381,47381,47381,-73.,-0.15%,1
"2025-10-03 13:30",47454,47454,47454,47454,-51.,-0.11%,1
"2025-10-03 13:15",47505,47505,47505,47505,-8.,-0.02%,1
"2025-10-03 12:45",47513,47513,47513,47513,-148.,-0.31%,1
"2025-10-03 11:30",47643,47661,47643,47661,26,+0.05%,3
"2025-10-03 11:15",47665,47665,47635,47635,18,+0.04%,4
"2025-10-03 11:00",47614,47631,47614,47617,43,+0.09%,5
"2025-10-03 10:45",47574,47574,47574,47574,91,+0.19%,1
"2025-10-03 10:30",47483,47483,47483,47483,-25.,-0.05%,1
"2025-10-03 10:00",47508,47508,47508,47508,-53.,-0.11%,1
"2025-10-03 09:45",47594,47594,47561,47561,-31.,-0.07%,2
"2025-10-03 09:30",47550,47595,47550,47592,101,+0.21%,7
"2025-10-03 09:15",47491,47491,47491,47491,105,+0.22%,1
"2025-10-03 08:45",47319,47419,47319,47386,76,+0.16%,15
"2025-10-03 08:30",47318,47328,47310,47310,70,+0.15%,15
"2025-10-03 00:45",47240,47240,47240,47240,-18.,-0.04%,1
"2025-10-02 23:45",47258,47258,47258,47258,14,+0.03%,1
"2025-10-02 22:45",47244,47244,47244,47244,85,+0.18%,1
"2025-10-02 15:45",47159,47159,47159,47159,-63.,-0.13%,1
"2025-10-02 13:30",47202,47222,47202,47222,72,+0.15%,2
"2025-10-02 13:00",47150,47150,47150,47150,28,+0.06%,1
"2025-10-02 12:45",47120,47125,47120,47122,81,+0.17%,3
"2025-10-02 11:45",47041,47041,47041,47041,86,+0.18%,1
"2025-10-02 10:00",46955,46955,46955,46955,-36.,-0.08%,1
"2025-10-02 09:45",46979,46995,46979,46991,-21.,-0.04%,4
"2025-10-02 09:30",47012,47012,47012,47012,4,+0.01%,2
"2025-10-02 09:15",47002,47008,47002,47008,-205.,-0.43%,3
"2025-10-02 08:45",47213,47213,47213,47213,45,+0.10%,1
"2025-10-02 08:30",47129,47168,47129,47168,94,+0.20%,2
"2025-10-02 07:15",47074,47074,47074,47074,26,+0.06%,1
"2025-10-01 15:30",47048,47048,47048,47048,-25.,-0.05%,1
"2025-10-01 15:00",47073,47073,47073,47073,-42.,-0.09%,1
"2025-10-01 14:15",47115,47115,47115,47115,0,0.00%,1
"2025-10-01 14:00",47115,47115,47115,47115,73,+0.16%,1
"2025-10-01 12:30",47042,47042,47042,47042,-7.,-0.01%,1
"2025-10-01 12:15",47049,47049,47049,47049,39,+0.08%,1
"2025-10-01 11:45",47010,47010,47010,47010,-41.,-0.09%,1
"2025-10-01 11:15",47051,47051,47051,47051,-85.,-0.18%,1
"2025-10-01 10:30",47130,47148,47130,47136,104,+0.22%,7
"2025-10-01 10:00",47032,47032,47032,47032,32,+0.07%,1
"2025-10-01 09:30",47018,47018,47000,47000,-2.,0.00%,2
"2025-10-01 09:00",47002,47002,47002,47002,33,+0.07%,1
"2025-10-01 08:45",47008,47008,46969,46969,-56.,-0.12%,6
"2025-10-01 08:30",47080,47080,47025,47025,115,+0.25%,2
"2025-10-01 08:15",46901,46910,46901,46910,4,+0.01%,10
"2025-10-01 07:15",46906,46906,46906,46906,135,+0.29%,1
"2025-10-01 01:45",46771,46771,46771,46771,-222.,-0.47%,1
"2025-09-30 19:00",46993,46993,46993,46993,-30.,-0.06%,1
"2025-09-30 15:00",47023,47023,47023,47023,96,+0.20%,1
"2025-09-30 13:30",46927,46927,46927,46927,21,+0.04%,1
"2025-09-30 13:00",46906,46906,46906,46906,53,+0.11%,1
"2025-09-30 12:00",46853,46853,46853,46853,-19.,-0.04%,1
"2025-09-30 11:45",46897,46897,46872,46872,-4.,-0.01%,2
"2025-09-30 11:15",46876,46876,46876,46876,38,+0.08%,1
"2025-09-30 10:00",46877,46877,46838,46838,-39.,-0.08%,2
"2025-09-30 09:45",46890,46890,46877,46877,-67.,-0.14%,7
"2025-09-30 09:15",46954,46954,46944,46944,-26.,-0.06%,2
"2025-09-30 08:45",46972,46972,46970,46970,-17.,-0.04%,3
"2025-09-29 14:45",46987,46987,46987,46987,67,+0.14%,1
"2025-09-29 13:15",46920,46920,46920,46920,44,+0.09%,1
"2025-09-29 09:00",46872,46909,46872,46876,-34.,-0.07%,9
"2025-09-29 08:45",46910,46910,46910,46910,-26.,-0.06%,1
"2025-09-29 08:30",46936,46936,46936,46936,-171.,-0.36%,1
"2025-09-29 07:45",47107,47107,47107,47107,27,+0.06%,1
"2025-09-29 07:00",47080,47080,47080,47080,65,+0.14%,1
"2025-09-29 00:45",47017,47017,47015,47015,-38.,-0.08%,2
"2025-09-29 00:15",47052,47053,47052,47053,56,+0.12%,2
"2025-09-28 20:30",47005,47005,46997,46997,9,+0.02%,2
"2025-09-28 19:30",46988,46988,46988,46988,19,+0.04%,1
"2025-09-28 17:45",46969,46969,46969,46969,19,+0.04%,1
"2025-09-26 15:15",46950,46950,46950,46950,38,+0.08%,1
"2025-09-26 14:30",46912,46912,46912,46912,-23.,-0.05%,2
"2025-09-26 13:00",46935,46935,46935,46935,20,+0.04%,1
"2025-09-26 11:45",46923,46923,46907,46915,54,+0.12%,4
"2025-09-26 11:15",46856,46861,46856,46861,64,+0.14%,2
"2025-09-26 10:45",46797,46797,46797,46797,41,+0.09%,1
"2025-09-26 10:15",46756,46756,46756,46756,-63.,-0.13%,1
"2025-09-26 09:15",46794,46819,46794,46819,-9.,-0.02%,2
"2025-09-26 09:00",47000,47023,46828,46828,-139.,-0.30%,9
"2025-09-26 08:45",46994,46994,46967,46967,25,+0.05%,32
"2025-09-26 08:30",46795,46942,46795,46942,83,+0.18%,3
"2025-09-26 07:30",46781,46859,46766,46859,188,+0.40%,7
"2025-09-26 06:15",46671,46671,46671,46671,-32.,-0.07%,1
"2025-09-26 03:45",46699,46703,46699,46703,6,+0.01%,2
"2025-09-26 02:15",46697,46697,46697,46697,-4.,-0.01%,1
"2025-09-26 01:45",46701,46701,46701,46701,-4.,-0.01%,1
"2025-09-26 01:15",46705,46705,46705,46705,63,+0.14%,1
"2025-09-25 14:45",46642,46642,46642,46642,49,+0.11%,2
"2025-09-25 14:30",46593,46593,46593,46593,-7.,-0.02%,1
"2025-09-25 14:15",46609,46609,46600,46600,-34.,-0.07%,2
"2025-09-25 13:45",46632,46634,46609,46634,36,+0.08%,8
"2025-09-25 13:30",46598,46598,46598,46598,3,+0.01%,2
"2025-09-25 13:15",46595,46595,46595,46595,139,+0.30%,2
"2025-09-25 13:00",46456,46456,46456,46456,-91.,-0.20%,1
"2025-09-25 12:45",46551,46551,46544,46547,-141.,-0.30%,5
"2025-09-25 12:00",46646,46693,46646,46688,-8.,-0.02%,6
"2025-09-25 11:45",46696,46696,46696,46696,-33.,-0.07%,1
"2025-09-25 11:15",46729,46729,46729,46729,17,+0.04%,1
"2025-09-25 10:30",46712,46712,46712,46712,79,+0.17%,1
"2025-09-25 10:15",46701,46701,46633,46633,-103.,-0.22%,4
"2025-09-25 10:00",46732,46736,46732,46736,-4.,-0.01%,3
"2025-09-25 09:15",46740,46740,46740,46740,92,+0.20%,1
"2025-09-25 09:00",46648,46648,46648,46648,16,+0.03%,1
"2025-09-25 08:45",46659,46659,46632,46632,-50.,-0.11%,8
"2025-09-25 08:30",46720,46720,46682,46682,32,+0.07%,2
"2025-09-25 08:00",46650,46650,46650,46650,-96.,-0.21%,1
"2025-09-25 06:30",46746,46746,46746,46746,-114.,-0.24%,1
"2025-09-24 20:45",46860,46860,46860,46860,61,+0.13%,1
"2025-09-24 15:00",46804,46804,46799,46799,-94.,-0.20%,20
"2025-09-24 12:15",46893,46893,46893,46893,-23.,-0.05%,1
"2025-09-24 10:30",46916,46916,46916,46916,-84.,-0.18%,1
"2025-09-24 08:45",47000,47000,47000,47000,-96.,-0.20%,1
"2025-09-24 08:30",47110,47120,47096,47096,90,+0.19%,22
"2025-09-23 15:45",47006,47006,47006,47006,60,+0.13%,1
"2025-09-23 12:45",46946,46946,46946,46946,-154.,-0.33%,1
"2025-09-23 11:45",47100,47100,47100,47100,-82.,-0.17%,1
"2025-09-23 10:45",47182,47182,47182,47182,-18.,-0.04%,1
"2025-09-23 10:30",47200,47200,47200,47200,-24.,-0.05%,1
"2025-09-23 10:15",47224,47224,47224,47224,-43.,-0.09%,2
"2025-09-23 10:00",47267,47267,47267,47267,-3.,-0.01%,1
"2025-09-23 09:30",47270,47270,47270,47270,-30.,-0.06%,1
"2025-09-23 09:15",47378,47378,47300,47300,-100.,-0.21%,8
"2025-09-23 09:00",47370,47400,47342,47400,80,+0.17%,10
"2025-09-23 08:45",47320,47320,47320,47320,21,+0.04%,1
"2025-09-23 08:30",47187,47299,47187,47299,224,+0.48%,3
"2025-09-22 13:15",47075,47075,47075,47075,7,+0.01%,1
"2025-09-22 12:15",47068,47068,47068,47068,111,+0.24%,1
"2025-09-22 09:45",46957,46957,46957,46957,157,+0.34%,1
"2025-09-22 08:45",46800,46800,46800,46800,-47.,-0.10%,1
"2025-09-22 07:15",46847,46847,46847,46847,-61.,-0.13%,1
"2025-09-21 22:00",46908,46908,46908,46908,1,0.00%,1
"2025-09-21 20:15",46907,46907,46907,46907,-57.,-0.12%,1
"2025-09-21 17:30",46964,46964,46964,46964,-58.,-0.12%,1
"2025-09-19 14:45",47022,47022,47022,47022,173,+0.37%,1
"2025-09-19 08:30",46849,46849,46849,46849,-165.,-0.35%,1
"2025-09-19 08:15",47014,47014,47014,47014,121,+0.26%,4
"2025-09-18 15:30",46893,46893,46893,46893,-10.,-0.02%,1
"2025-09-18 12:30",46903,46903,46903,46903,-79.,-0.17%,4
"2025-09-18 09:15",46983,46983,46981,46982,-1.,0.00%,6
"2025-09-18 03:00",46983,46983,46983,46983,242,+0.52%,1
"2025-09-17 15:00",46741,46741,46741,46741,75,+0.16%,1
"2025-09-17 13:30",46666,46666,46666,46666,-171.,-0.37%,6
"2025-09-17 13:00",46837,46837,46837,46837,171,+0.37%,1
"2025-09-17 11:45",46666,46666,46666,46666,-107.,-0.23%,19
"2025-09-17 10:00",46785,46785,46773,46773,107,+0.23%,18
"2025-09-17 09:15",46666,46666,46666,46666,-49.,-0.10%,25
"2025-09-17 09:00",46715,46715,46715,46715,-6.,-0.01%,1
"2025-09-17 08:45",46685,46738,46662,46721,235,+0.51%,56
"2025-09-17 03:00",46486,46486,46486,46486,-27.,-0.06%,1
"2025-09-17 02:00",46513,46513,46513,46513,-99.,-0.21%,1
"2025-09-15 14:45",46612,46612,46612,46612,62,+0.13%,5
"2025-09-15 10:30",46550,46550,46550,46550,-30.,-0.06%,2
"2025-09-15 09:15",46567,46580,46567,46580,-52.,-0.11%,5
"2025-09-12 09:45",46632,46632,46632,46632,0,0.00%,2
"2025-09-12 09:30",46632,46632,46632,46632,-168.,-0.36%,1
"2025-09-11 13:30",46800,46800,46800,46800,-28.,-0.06%,2
"2025-09-11 13:00",46828,46828,46828,46828,51,+0.11%,8
"2025-09-11 10:00",46777,46777,46777,46777,11,+0.02%,1
"2025-09-11 09:30",46766,46766,46766,46766,66,+0.14%,1
"2025-09-11 09:15",46700,46700,46700,46700,33,+0.07%,1
"2025-09-11 09:00",46641,46667,46641,46667,287,+0.62%,3
"2025-09-09 12:15",46380,46380,46380,46380,55,+0.12%,3
"2025-09-09 01:30",46325,46325,46325,46325,258,+0.56%,1
"2025-09-08 09:00",46067,46067,46067,46067,-51.,-0.11%,1
"2025-09-08 08:30",46118,46118,46118,46118,18,+0.04%,4
"2025-09-05 12:00",46100,46100,46100,46100,-400.,-0.86%,1
"2025-09-05 08:30",46500,46500,46500,46500,144,+0.31%,1
"2025-09-05 06:45",46376,46376,46354,46356,131,+0.28%,19
"2025-09-04 12:00",46225,46225,46225,46225,15,+0.03%,1
"2025-09-04 11:45",46210,46210,46210,46210,205,+0.45%,1
"2025-09-04 05:00",46005,46005,46005,46005,5,+0.01%,1
"2025-09-04 00:15",46000,46000,46000,46000,123,+0.27%,1
"2025-09-03 08:45",45877,45877,45877,45877,-123.,-0.27%,1
"2025-09-03 08:30",46000,46000,46000,46000,153,+0.33%,1
"2025-09-02 10:00",45847,45847,45847,45847,-41.,-0.09%,1
"2025-09-02 09:45",45888,45888,45888,45888,-79.,-0.17%,1
"2025-09-02 09:15",45967,45967,45967,45967,-33.,-0.07%,1
"2025-09-02 09:00",46000,46000,46000,46000,83,+0.18%,1
"2025-09-02 08:45",45877,45917,45877,45917,117,+0.26%,2
"2025-09-02 08:30",45820,45820,45800,45800,-117.,-0.25%,2
"2025-09-02 08:15",45917,45917,45917,45917,-83.,-0.18%,1
"2025-09-02 02:45",46000,46000,46000,46000,-300.,-0.65%,1
"2025-08-31 22:15",46300,46300,46300,46300,-57.,-0.12%,1
"2025-08-31 19:30",46357,46357,46357,46357,82,+0.18%,1
"2025-08-29 12:45",46275,46275,46275,46275,150,+0.33%,1
"2025-08-25 12:00",46125,46125,46125,46125,-225.,-0.49%,1
"2025-08-25 01:45",46350,46350,46350,46350,-100.,-0.22%,1
"2025-08-22 11:15",46376,46450,46376,46450,-117.,-0.25%,4
"2025-08-22 11:00",46567,46567,46567,46567,167,+0.36%,1
"2025-08-22 10:00",46400,46400,46400,46400,-60.,-0.13%,1
"2025-08-22 09:45",46460,46460,46460,46460,956,+2.10%,1
"2025-08-21 14:45",45504,45504,45504,45504,31,+0.07%,1
"2025-08-21 14:30",45473,45473,45473,45473,-127.,-0.28%,1
"2025-08-21 10:45",45600,45600,45600,45600,-25.,-0.05%,15
"2025-08-13 09:00",45625,45625,45625,45625,370,+0.82%,1
"2025-08-13 02:15",45255,45255,45255,45255,176,+0.39%,1
"2025-08-12 09:30",45079,45079,45079,45079,-177.,-0.39%,1
"2025-08-12 09:15",45257,45257,45256,45256,479,+1.07%,2
"2025-08-12 07:15",44777,44777,44777,44777,-122.,-0.27%,1
"2025-08-08 09:45",44899,44899,44899,44899,-101.,-0.22%,10
"2025-08-04 15:30",45000,45000,45000,45000,675,+1.52%,1
"2025-08-01 08:30",44325,44325,44325,44325,-780.,-1.73%,1
"2025-07-30 14:00",45105,45105,45105,45105,-364.,-0.80%,1
"2025-07-23 02:15",45469,45469,45469,45469,294,+0.65%,1
"2025-07-22 09:45",45175,45175,45175,45175,-233.,-0.51%,1
"2025-07-21 10:45",45408,45408,45408,45408,20,+0.04%,1
"2025-07-17 13:15",45388,45388,45388,45388,150,+0.33%,5
"2025-07-17 08:30",45238,45238,45238,45238,233,+0.52%,5
"2025-07-15 11:45",45005,45005,45005,45005,-295.,-0.65%,1
"2025-07-14 17:00",45300,45300,45300,45300,300,+0.67%,1
"2025-07-14 00:45",45000,45000,45000,45000,-368.,-0.81%,1
"2025-07-09 08:30",45368,45368,45368,45368,-400.,-0.87%,3
"2025-07-03 09:30",45768,45768,45768,45768,168,+0.37%,5
"2025-07-03 08:30",45600,45600,45600,45600,46,+0.10%,5
"2025-07-02 02:00",45554,45554,45554,45554,81,+0.18%,1
"2025-07-01 20:30",45473,45473,45473,45473,419,+0.93%,1
"2025-07-01 08:45",45054,45054,45054,45054,254,+0.57%,1
"2025-06-27 10:30",44800,44800,44800,44800,462,+1.04%,5
"2025-06-26 14:45",44338,44338,44338,44338,438,+1.00%,10
"2025-06-25 11:45",43900,43900,43900,43900,475,+1.09%,10
"2025-06-23 14:45",43425,43425,43425,43425,420,+0.98%,1
"2025-06-23 11:30",43005,43005,43005,43005,-195.,-0.45%,1
"2025-06-23 08:45",43200,43200,43200,43200,195,+0.45%,1
"2025-06-19 01:00",43005,43005,43005,43005,1117,+2.67%,1
"2025-04-14 08:15",41888,41888,41888,41888,-1508.,-3.47%,1
"Downloaded from Barchart.com as of 03-05-2026 06:01am CST"
