Time,Open,High,Low,Latest,Change,%Change,Volume
"2026-03-04 23:00",48673,48675,48586,48589,-85.,-0.17%,781
"2026-03-04 22:00",48600,48681,48589,48674,72,+0.15%,1831
"2026-03-04 21:00",48668,48684,48559,48602,-66.,-0.14%,2490
"2026-03-04 20:00",48663,48711,48622,48668,6,+0.01%,1432
"2026-03-04 19:00",48832,48834,48634,48662,-171.,-0.35%,3150
"2026-03-04 18:00",48802,48886,48789,48833,30,+0.06%,1940
"2026-03-04 17:00",48788,48826,48754,48803,-8.,-0.02%,1043
"2026-03-04 15:00",48781,48830,48745,48811,28,+0.06%,2834
"2026-03-04 14:00",48862,48887,48778,48783,-78.,-0.16%,10317
"2026-03-04 13:00",48826,48890,48810,48861,39,+0.08%,4144
"2026-03-04 12:00",48884,48903,48790,48822,-62.,-0.13%,5245
"2026-03-04 11:00",48860,48910,48773,48884,22,+0.05%,5559
"2026-03-04 10:00",48852,48916,48761,48862,7,+0.01%,11647
"2026-03-04 09:00",48567,48901,48535,48855,295,+0.61%,18515
"2026-03-04 08:00",48684,48814,48401,48560,-125.,-0.26%,22261
"2026-03-04 07:00",48534,48743,48529,48685,153,+0.32%,7237
"2026-03-04 06:00",48570,48628,48452,48532,-36.,-0.07%,5075
"2026-03-04 05:00",48647,48723,48568,48568,-80.,-0.16%,3981
"2026-03-04 04:00",48506,48676,48500,48648,140,+0.29%,6814
"2026-03-04 03:00",48379,48514,48337,48508,129,+0.27%,4776
"2026-03-04 02:00",48446,48470,48350,48379,-64.,-0.13%,5947
"2026-03-04 01:00",48366,48474,48305,48443,73,+0.15%,2857
"2026-03-04 00:00",48356,48406,48266,48370,10,+0.02%,1604
"2026-03-03 23:00",48395,48429,48325,48360,-28.,-0.06%,1098
"2026-03-03 22:00",48380,48426,48353,48388,7,+0.01%,1492
"2026-03-03 21:00",48391,48395,48291,48381,-17.,-0.04%,1619
"2026-03-03 20:00",48425,48456,48318,48398,-25.,-0.05%,2490
"2026-03-03 19:00",48509,48543,48354,48423,-85.,-0.18%,3463
"2026-03-03 18:00",48470,48594,48431,48508,42,+0.09%,3356
"2026-03-03 17:00",48475,48550,48436,48466,-23.,-0.05%,1533
"2026-03-03 15:00",48565,48573,48460,48489,-77.,-0.16%,2719
"2026-03-03 14:00",48673,48717,48499,48566,-107.,-0.22%,12723
"2026-03-03 13:00",48614,48755,48503,48673,61,+0.13%,12971
"2026-03-03 12:00",48361,48657,48356,48612,253,+0.52%,12112
"2026-03-03 11:00",48275,48406,48222,48359,84,+0.17%,11056
"2026-03-03 10:00",47860,48315,47821,48275,416,+0.87%,20935
"2026-03-03 09:00",47857,47956,47681,47859,-1.,0.00%,30005
"2026-03-03 08:00",48079,48197,47810,47860,-218.,-0.45%,31717
"2026-03-03 07:00",48282,48294,48018,48078,-204.,-0.42%,9917
"2026-03-03 06:00",48107,48313,48097,48282,172,+0.36%,7967
"2026-03-03 05:00",48094,48162,47951,48110,17,+0.04%,7894
"2026-03-03 04:00",48159,48189,48025,48093,-63.,-0.13%,8236
"2026-03-03 03:00",48152,48279,48136,48156,8,+0.02%,9071
"2026-03-03 02:00",48436,48442,48137,48148,-290.,-0.60%,10237
"2026-03-03 01:00",48526,48554,48416,48438,-88.,-0.18%,4398
"2026-03-03 00:00",48577,48609,48509,48526,-48.,-0.10%,2348
"2026-03-02 23:00",48597,48618,48547,48574,-21.,-0.04%,1996
"2026-03-02 22:00",48681,48701,48580,48595,-89.,-0.18%,1551
"2026-03-02 21:00",48700,48722,48647,48684,-12.,-0.02%,1538
"2026-03-02 20:00",48719,48730,48627,48696,-19.,-0.04%,2526
"2026-03-02 19:00",48820,48861,48715,48715,-104.,-0.21%,1755
"2026-03-02 18:00",48888,48904,48812,48819,-64.,-0.13%,1258
"2026-03-02 17:00",48928,48935,48853,48883,-44.,-0.09%,1177
"2026-03-02 15:00",48943,48956,48897,48927,-14.,-0.03%,2343
"2026-03-02 14:00",49057,49071,48811,48941,-118.,-0.24%,16702
"2026-03-02 13:00",48876,49121,48875,49059,180,+0.37%,7471
"2026-03-02 12:00",49006,49038,48877,48879,-128.,-0.26%,5508
"2026-03-02 11:00",48942,49046,48912,49007,64,+0.13%,5869
"2026-03-02 10:00",48855,49022,48725,48943,86,+0.18%,13473
"2026-03-02 09:00",48726,48972,48685,48857,131,+0.27%,19825
"2026-03-02 08:00",48463,48763,48411,48726,262,+0.54%,26613
"2026-03-02 07:00",48476,48582,48450,48464,-11.,-0.02%,4148
"2026-03-02 06:00",48483,48516,48410,48475,-12.,-0.02%,2499
"2026-03-02 05:00",48468,48559,48431,48487,26,+0.05%,2336
"2026-03-02 04:00",48432,48534,48430,48461,25,+0.05%,2460
"2026-03-02 03:00",48316,48458,48289,48436,118,+0.24%,3606
"2026-03-02 02:00",48259,48375,48166,48318,58,+0.12%,5784
"2026-03-02 01:00",48413,48425,48244,48260,-152.,-0.31%,4792
"2026-03-02 00:00",48514,48530,48341,48412,-98.,-0.20%,2763
"2026-03-01 23:00",48576,48594,48507,48510,-68.,-0.14%,958
"2026-03-01 22:00",48612,48660,48560,48578,-33.,-0.07%,1593
"2026-03-01 21:00",48646,48656,48593,48611,-38.,-0.08%,1121
"2026-03-01 20:00",48705,48730,48628,48649,-54.,-0.11%,1924
"2026-03-01 19:00",48515,48728,48515,48703,192,+0.40%,3702
"2026-03-01 18:00",48431,48520,48391,48511,85,+0.18%,3933
"2026-03-01 17:00",48451,48617,48414,48426,-483.,-0.99%,4310
"2026-02-27 15:00",49000,49000,48896,48909,-91.,-0.19%,4065
"2026-02-27 14:00",48802,49024,48802,49000,196,+0.40%,16011
"2026-02-27 13:00",48917,48943,48789,48804,-112.,-0.23%,6648
"2026-02-27 12:00",48867,48922,48826,48916,48,+0.10%,6703
"2026-02-27 11:00",48905,48990,48736,48868,-38.,-0.08%,11096
"2026-02-27 10:00",48938,49073,48894,48906,-30.,-0.06%,10262
"2026-02-27 09:00",48716,49003,48699,48936,216,+0.44%,17761
"2026-02-27 08:00",49032,49124,48710,48720,-314.,-0.64%,24996
"2026-02-27 07:00",49157,49180,48926,49034,-124.,-0.25%,8371
"2026-02-27 06:00",49185,49242,49139,49158,-27.,-0.05%,3453
"2026-02-27 05:00",49259,49263,49156,49185,-73.,-0.15%,3032
"2026-02-27 04:00",49327,49332,49232,49258,-71.,-0.14%,2364
"2026-02-27 03:00",49341,49396,49314,49329,-12.,-0.02%,2474
"2026-02-27 02:00",49326,49345,49280,49341,11,+0.02%,1375
"2026-02-27 01:00",49291,49337,49291,49330,44,+0.09%,1005
"2026-02-27 00:00",49294,49306,49250,49286,-8.,-0.02%,684
"2026-02-26 23:00",49291,49334,49291,49294,3,+0.01%,499
"2026-02-26 22:00",49286,49304,49277,49291,5,+0.01%,352
"2026-02-26 21:00",49288,49296,49260,49286,-1.,0.00%,418
"2026-02-26 20:00",49253,49287,49253,49287,38,+0.08%,737
"2026-02-26 19:00",49249,49266,49228,49249,3,+0.01%,1092
"2026-02-26 18:00",49259,49293,49205,49246,-13.,-0.03%,1813
"2026-02-26 17:00",49336,49336,49216,49259,-92.,-0.19%,2256
"2026-02-26 15:00",49539,49565,49343,49351,-188.,-0.38%,5622
"2026-02-26 14:00",49542,49599,49520,49539,-3.,-0.01%,9786
"2026-02-26 13:00",49471,49588,49461,49542,70,+0.14%,7099
"2026-02-26 12:00",49288,49552,49272,49472,184,+0.37%,10023
"2026-02-26 11:00",49376,49395,49261,49288,-88.,-0.18%,8628
"2026-02-26 10:00",49593,49605,49357,49376,-217.,-0.44%,12562
"2026-02-26 09:00",49661,49688,49269,49593,-67.,-0.13%,29404
"2026-02-26 08:00",49634,49872,49630,49660,25,+0.05%,25715
"2026-02-26 07:00",49588,49665,49588,49635,45,+0.09%,3142
"2026-02-26 06:00",49515,49612,49515,49590,76,+0.15%,2306
"2026-02-26 05:00",49477,49516,49474,49514,39,+0.08%,720
"2026-02-26 04:00",49476,49495,49458,49475,0,0.00%,948
"2026-02-26 03:00",49427,49505,49424,49475,49,+0.10%,2397
"2026-02-26 02:00",49412,49455,49399,49426,14,+0.03%,1911
"2026-02-26 01:00",49412,49435,49410,49412,1,0.00%,970
"2026-02-26 00:00",49425,49438,49402,49411,-13.,-0.03%,857
"2026-02-25 23:00",49444,49444,49412,49424,-19.,-0.04%,389
"2026-02-25 22:00",49453,49462,49441,49443,-13.,-0.03%,325
"2026-02-25 21:00",49455,49469,49445,49456,1,0.00%,343
"2026-02-25 20:00",49467,49472,49437,49455,-10.,-0.02%,400
"2026-02-25 19:00",49441,49472,49412,49465,24,+0.05%,851
"2026-02-25 18:00",49429,49464,49422,49441,11,+0.02%,799
"2026-02-25 17:00",49483,49530,49428,49430,-65.,-0.13%,1363
"2026-02-25 15:00",49533,49583,49473,49495,-36.,-0.07%,5596
"2026-02-25 14:00",49518,49565,49502,49531,13,+0.03%,7889
"2026-02-25 13:00",49490,49536,49467,49518,27,+0.05%,2910
"2026-02-25 12:00",49524,49542,49480,49491,-33.,-0.07%,3456
"2026-02-25 11:00",49465,49532,49418,49524,55,+0.11%,5127
"2026-02-25 10:00",49338,49490,49322,49469,130,+0.26%,8675
"2026-02-25 09:00",49332,49361,49240,49339,8,+0.02%,11848
"2026-02-25 08:00",49410,49492,49316,49331,-79.,-0.16%,22517
"2026-02-25 07:00",49380,49416,49364,49410,29,+0.06%,2193
"2026-02-25 06:00",49368,49399,49351,49381,12,+0.02%,2069
"2026-02-25 05:00",49292,49370,49286,49369,80,+0.16%,1370
"2026-02-25 04:00",49305,49321,49269,49289,-17.,-0.03%,860
"2026-02-25 03:00",49280,49310,49260,49306,30,+0.06%,815
"2026-02-25 02:00",49218,49300,49218,49276,59,+0.12%,1433
"2026-02-25 01:00",49229,49241,49209,49217,-11.,-0.02%,653
"2026-02-25 00:00",49220,49254,49210,49228,7,+0.01%,427
"2026-02-24 23:00",49231,49254,49214,49221,-9.,-0.02%,380
"2026-02-24 22:00",49246,49248,49208,49230,-16.,-0.03%,369
"2026-02-24 21:00",49275,49276,49124,49246,-29.,-0.06%,1661
"2026-02-24 20:00",49272,49290,49257,49275,0,0.00%,650
"2026-02-24 19:00",49241,49277,49234,49275,33,+0.07%,770
"2026-02-24 18:00",49224,49249,49197,49242,17,+0.03%,805
"2026-02-24 17:00",49206,49234,49187,49225,22,+0.04%,698
"2026-02-24 15:00",49234,49240,49199,49203,-29.,-0.06%,2012
"2026-02-24 14:00",49252,49297,49189,49232,-21.,-0.04%,8635
"2026-02-24 13:00",49300,49316,49215,49253,-48.,-0.10%,5093
"2026-02-24 12:00",49270,49343,49252,49301,30,+0.06%,4526
"2026-02-24 11:00",49199,49288,49197,49271,71,+0.14%,5298
"2026-02-24 10:00",49212,49289,49128,49200,-12.,-0.02%,7963
"2026-02-24 09:00",49091,49299,49002,49212,115,+0.23%,17437
"2026-02-24 08:00",49007,49311,48801,49097,89,+0.18%,34308
"2026-02-24 07:00",48910,49022,48886,49008,101,+0.21%,3578
"2026-02-24 06:00",48983,49009,48876,48907,-73.,-0.15%,3484
"2026-02-24 05:00",48920,49015,48920,48980,63,+0.13%,3254
"2026-02-24 04:00",48933,48949,48902,48917,-17.,-0.03%,797
"2026-02-24 03:00",48857,48937,48857,48934,77,+0.16%,2475
"2026-02-24 02:00",48921,48922,48823,48857,-62.,-0.13%,4304
"2026-02-24 01:00",48926,48957,48916,48919,-9.,-0.02%,1092
"2026-02-24 00:00",48910,48931,48887,48928,21,+0.04%,677
"2026-02-23 23:00",48934,48951,48895,48907,-28.,-0.06%,506
"2026-02-23 22:00",48922,48938,48913,48935,13,+0.03%,537
"2026-02-23 21:00",48920,48931,48914,48922,0,0.00%,498
"2026-02-23 20:00",48896,48932,48886,48922,30,+0.06%,892
"2026-02-23 19:00",48900,48904,48870,48892,-8.,-0.02%,927
"2026-02-23 18:00",48889,48910,48867,48900,11,+0.02%,1065
"2026-02-23 17:00",48903,48921,48877,48889,3,+0.01%,1058
"2026-02-23 15:00",48864,48893,48836,48886,23,+0.05%,3292
"2026-02-23 14:00",48862,48902,48775,48863,-2.,0.00%,16803
"2026-02-23 13:00",48923,48948,48800,48865,-58.,-0.12%,10882
"2026-02-23 12:00",48920,49063,48914,48923,3,+0.01%,9270
"2026-02-23 11:00",48938,48965,48813,48920,-19.,-0.04%,7927
"2026-02-23 10:00",48977,49007,48825,48939,-40.,-0.08%,16625
"2026-02-23 09:00",49276,49305,48942,48979,-298.,-0.60%,26301
"2026-02-23 08:00",49474,49765,49261,49277,-198.,-0.40%,25642
"2026-02-23 07:00",49404,49498,49383,49475,69,+0.14%,2193
"2026-02-23 06:00",49505,49527,49398,49406,-99.,-0.20%,1934
"2026-02-23 05:00",49548,49586,49483,49505,-40.,-0.08%,1159
"2026-02-23 04:00",49542,49573,49505,49545,3,+0.01%,1480
"2026-02-23 03:00",49479,49555,49479,49542,63,+0.13%,2133
"2026-02-23 02:00",49460,49484,49424,49479,18,+0.04%,1410
"2026-02-23 01:00",49404,49471,49401,49461,58,+0.12%,1511
"2026-02-23 00:00",49377,49408,49371,49403,24,+0.05%,659
"2026-02-22 23:00",49356,49380,49341,49379,23,+0.05%,570
"2026-02-22 22:00",49347,49369,49341,49356,7,+0.01%,608
"2026-02-22 21:00",49374,49383,49343,49349,-25.,-0.05%,893
"2026-02-22 20:00",49390,49411,49363,49374,-16.,-0.03%,1084
"2026-02-22 19:00",49422,49445,49386,49390,-36.,-0.07%,2303
"2026-02-22 18:00",49581,49581,49420,49426,-153.,-0.31%,1721
"2026-02-22 17:00",49642,49671,49538,49579,-101.,-0.20%,1561
"2026-02-20 15:00",49678,49719,49661,49680,1,0.00%,2372
"2026-02-20 14:00",49578,49686,49575,49679,101,+0.20%,8522
"2026-02-20 13:00",49650,49681,49544,49578,-74.,-0.15%,5450
"2026-02-20 12:00",49485,49675,49358,49652,165,+0.33%,16494
"2026-02-20 11:00",49555,49576,49265,49487,-67.,-0.14%,14132
"2026-02-20 10:00",49573,49598,49403,49554,-22.,-0.04%,10731
"2026-02-20 09:00",49416,49775,49368,49576,170,+0.34%,28201
"2026-02-20 08:00",49369,49412,49204,49406,36,+0.07%,24184
"2026-02-20 07:00",49393,49457,49312,49370,-23.,-0.05%,3859
"2026-02-20 06:00",49405,49424,49353,49393,-9.,-0.02%,2276
"2026-02-20 05:00",49460,49462,49391,49402,-59.,-0.12%,1826
"2026-02-20 04:00",49524,49538,49461,49461,-63.,-0.13%,1102
"2026-02-20 03:00",49559,49604,49517,49524,-36.,-0.07%,1695
"2026-02-20 02:00",49526,49568,49507,49560,34,+0.07%,1412
"2026-02-20 01:00",49545,49548,49507,49526,-20.,-0.04%,689
"2026-02-20 00:00",49551,49564,49534,49546,-3.,-0.01%,509
"2026-02-19 23:00",49520,49553,49518,49549,31,+0.06%,520
"2026-02-19 22:00",49503,49526,49502,49518,12,+0.02%,318
"2026-02-19 21:00",49512,49523,49500,49506,-6.,-0.01%,344
"2026-02-19 20:00",49499,49528,49485,49512,14,+0.03%,682
"2026-02-19 19:00",49492,49527,49489,49498,7,+0.01%,867
"2026-02-19 18:00",49467,49496,49442,49491,25,+0.05%,795
"2026-02-19 17:00",49432,49482,49427,49466,45,+0.09%,511
"2026-02-19 15:00",49461,49494,49420,49421,-41.,-0.08%,2366
"2026-02-19 14:00",49337,49465,49335,49462,128,+0.26%,8038
"2026-02-19 13:00",49403,49453,49289,49334,-71.,-0.14%,5713
"2026-02-19 12:00",49350,49415,49258,49405,51,+0.10%,6940
"2026-02-19 11:00",49441,49526,49330,49354,-85.,-0.17%,8608
"2026-02-19 10:00",49589,49602,49377,49439,-152.,-0.31%,8663
"2026-02-19 09:00",49546,49673,49452,49591,46,+0.09%,15639
"2026-02-19 08:00",49552,49624,49403,49545,-6.,-0.01%,20736
"2026-02-19 07:00",49612,49616,49520,49551,-60.,-0.12%,2936
"2026-02-19 06:00",49582,49637,49522,49611,28,+0.06%,2297
"2026-02-19 05:00",49543,49588,49524,49583,43,+0.09%,1361
"2026-02-19 04:00",49628,49628,49517,49540,-90.,-0.18%,2828
"2026-02-19 03:00",49676,49694,49585,49630,-36.,-0.07%,1989
"2026-02-19 02:00",49743,49786,49657,49666,-77.,-0.15%,1592
"2026-02-19 01:00",49768,49788,49739,49743,-22.,-0.04%,721
"2026-02-19 00:00",49737,49766,49723,49765,28,+0.06%,539
"2026-02-18 23:00",49697,49747,49678,49737,39,+0.08%,542
"2026-02-18 22:00",49724,49734,49696,49698,-25.,-0.05%,384
"2026-02-18 21:00",49737,49751,49705,49723,-13.,-0.03%,485
"2026-02-18 20:00",49726,49751,49712,49736,13,+0.03%,460
"2026-02-18 19:00",49681,49741,49675,49723,40,+0.08%,886
"2026-02-18 18:00",49717,49720,49676,49683,-32.,-0.06%,788
"2026-02-18 17:00",49697,49756,49681,49715,5,+0.01%,423
"2026-02-18 15:00",49727,49735,49690,49710,-17.,-0.03%,2334
"2026-02-18 14:00",49646,49790,49592,49727,83,+0.17%,10783
"2026-02-18 13:00",49757,49805,49596,49644,-119.,-0.24%,8520
"2026-02-18 12:00",49897,49930,49708,49763,-135.,-0.27%,7173
"2026-02-18 11:00",49864,49951,49844,49898,38,+0.08%,4024
"2026-02-18 10:00",49924,49954,49843,49860,-63.,-0.13%,5267
"2026-02-18 09:00",49819,49967,49813,49923,105,+0.21%,11959
"2026-02-18 08:00",49641,49872,49489,49818,178,+0.36%,21316
"2026-02-18 07:00",49708,49768,49623,49640,-65.,-0.13%,2977
"2026-02-18 06:00",49785,49805,49638,49705,-78.,-0.16%,3987
"2026-02-18 05:00",49862,49865,49773,49783,-79.,-0.16%,1375
"2026-02-18 04:00",49824,49874,49824,49862,35,+0.07%,1122
"2026-02-18 03:00",49812,49873,49802,49827,15,+0.03%,2443
"2026-02-18 02:00",49680,49818,49678,49812,133,+0.27%,2095
"2026-02-18 01:00",49656,49692,49644,49679,22,+0.04%,508
"2026-02-18 00:00",49653,49683,49643,49657,4,+0.01%,354
"2026-02-17 23:00",49649,49669,49641,49653,3,+0.01%,320
"2026-02-17 22:00",49624,49655,49617,49650,21,+0.04%,469
"2026-02-17 21:00",49586,49634,49570,49629,46,+0.09%,474
"2026-02-17 20:00",49588,49606,49572,49583,-3.,-0.01%,438
"2026-02-17 19:00",49559,49588,49551,49586,25,+0.05%,705
"2026-02-17 18:00",49543,49600,49542,49561,18,+0.04%,883
"2026-02-17 17:00",49619,49631,49542,49543,-81.,-0.16%,829
"2026-02-17 15:00",49623,49647,49588,49624,-1.,0.00%,2702
"2026-02-17 14:00",49662,49685,49558,49625,-35.,-0.07%,8378
"2026-02-17 13:00",49714,49733,49639,49660,-60.,-0.12%,5769
"2026-02-17 12:00",49536,49761,49449,49720,184,+0.37%,8508
"2026-02-17 11:00",49648,49658,49408,49536,-112.,-0.23%,9166
"2026-02-17 10:00",49404,49722,49388,49648,242,+0.49%,14222
"2026-02-17 09:00",49398,49485,49240,49406,6,+0.01%,19702
"2026-02-17 08:00",49480,49794,49390,49400,-80.,-0.16%,26444
"2026-02-17 07:00",49446,49590,49345,49480,34,+0.07%,6215
"2026-02-17 06:00",49536,49569,49430,49446,-92.,-0.19%,2222
"2026-02-17 05:00",49475,49551,49465,49538,61,+0.12%,1768
"2026-02-17 04:00",49582,49594,49474,49477,-101.,-0.20%,1107
"2026-02-17 03:00",49536,49591,49502,49578,43,+0.09%,1407
"2026-02-17 02:00",49473,49603,49468,49535,65,+0.13%,2448
"2026-02-17 01:00",49429,49477,49371,49470,39,+0.08%,1454
"2026-02-17 00:00",49378,49439,49378,49431,53,+0.11%,765
"2026-02-16 23:00",49427,49427,49359,49378,-49.,-0.10%,1002
"2026-02-16 22:00",49419,49439,49407,49427,8,+0.02%,389
"2026-02-16 21:00",49474,49475,49387,49419,-58.,-0.12%,1611
"2026-02-16 20:00",49438,49492,49400,49477,34,+0.07%,1688
"2026-02-16 19:00",49591,49615,49421,49443,-143.,-0.29%,2378
"2026-02-16 18:00",49664,49668,49581,49586,-75.,-0.15%,791
"2026-02-16 17:00",49606,49691,49605,49661,55,+0.11%,656
"2026-02-16 11:00",49613,49642,49588,49606,-6.,-0.01%,1704
"2026-02-16 10:00",49577,49665,49556,49612,35,+0.07%,3940
"2026-02-16 09:00",49705,49737,49571,49577,-129.,-0.26%,3410
"2026-02-16 08:00",49766,49771,49623,49706,-63.,-0.13%,4109
"2026-02-16 07:00",49750,49783,49725,49769,17,+0.03%,640
"2026-02-16 06:00",49774,49804,49743,49752,-22.,-0.04%,504
"2026-02-16 05:00",49772,49790,49740,49774,4,+0.01%,567
"2026-02-16 04:00",49800,49801,49756,49770,-30.,-0.06%,753
"2026-02-16 03:00",49756,49820,49749,49800,44,+0.09%,900
"2026-02-16 02:00",49704,49766,49677,49756,53,+0.11%,1155
"2026-02-16 01:00",49648,49705,49644,49703,53,+0.11%,537
"2026-02-16 00:00",49614,49655,49611,49650,34,+0.07%,243
"2026-02-15 23:00",49639,49648,49609,49616,-24.,-0.05%,254
"2026-02-15 22:00",49635,49664,49635,49640,4,+0.01%,187
"2026-02-15 21:00",49649,49649,49613,49636,-9.,-0.02%,268
"2026-02-15 20:00",49670,49681,49637,49645,-28.,-0.06%,317
"2026-02-15 19:00",49616,49675,49609,49673,59,+0.12%,439
"2026-02-15 18:00",49588,49621,49569,49614,20,+0.04%,722
"2026-02-15 17:00",49549,49624,49506,49594,68,+0.14%,999
"2026-02-13 15:00",49564,49588,49512,49526,-37.,-0.07%,2402
"2026-02-13 14:00",49557,49636,49427,49563,6,+0.01%,12976
"2026-02-13 13:00",49654,49740,49549,49557,-95.,-0.19%,6395
"2026-02-13 12:00",49732,49817,49630,49652,-80.,-0.16%,7375
"2026-02-13 11:00",49714,49793,49697,49732,20,+0.04%,8020
"2026-02-13 10:00",49565,49766,49542,49712,150,+0.30%,12231
"2026-02-13 09:00",49399,49685,49379,49562,165,+0.33%,21092
"2026-02-13 08:00",49542,49582,49155,49397,-146.,-0.29%,30730
"2026-02-13 07:00",49412,49592,49350,49543,132,+0.27%,9523
"2026-02-13 06:00",49382,49461,49356,49411,28,+0.06%,3086
"2026-02-13 05:00",49375,49383,49298,49383,11,+0.02%,3048
"2026-02-13 04:00",49421,49470,49369,49372,-53.,-0.11%,1700
"2026-02-13 03:00",49433,49482,49382,49425,-8.,-0.02%,1779
"2026-02-13 02:00",49448,49487,49358,49433,-14.,-0.03%,2777
"2026-02-13 01:00",49429,49477,49411,49447,20,+0.04%,1670
"2026-02-13 00:00",49432,49442,49358,49427,-1.,0.00%,1516
"2026-02-12 23:00",49495,49501,49412,49428,-69.,-0.14%,1336
"2026-02-12 22:00",49498,49543,49489,49497,0,0.00%,553
"2026-02-12 21:00",49548,49560,49491,49497,-50.,-0.10%,913
"2026-02-12 20:00",49528,49568,49528,49547,22,+0.04%,1063
"2026-02-12 19:00",49498,49563,49496,49525,28,+0.06%,2094
"2026-02-12 18:00",49544,49586,49471,49497,-49.,-0.10%,2483
"2026-02-12 17:00",49553,49573,49499,49546,-11.,-0.02%,2090
"2026-02-12 15:00",49525,49576,49495,49557,33,+0.07%,3630
"2026-02-12 14:00",49817,49868,49493,49524,-291.,-0.58%,15079
"2026-02-12 13:00",49684,49847,49644,49815,135,+0.27%,9833
"2026-02-12 12:00",49546,49738,49496,49680,134,+0.27%,11659
"2026-02-12 11:00",49688,49698,49540,49546,-143.,-0.29%,13993
"2026-02-12 10:00",50161,50172,49618,49689,-472.,-0.94%,26567
"2026-02-12 09:00",50399,50472,50154,50161,-238.,-0.47%,16289
"2026-02-12 08:00",50371,50521,50290,50399,29,+0.06%,23004
"2026-02-12 07:00",50324,50400,50274,50370,46,+0.09%,2812
"2026-02-12 06:00",50364,50366,50317,50324,-42.,-0.08%,1053
"2026-02-12 05:00",50347,50372,50341,50366,18,+0.04%,889
"2026-02-12 04:00",50383,50396,50328,50348,-36.,-0.07%,856
"2026-02-12 03:00",50335,50386,50335,50384,49,+0.10%,1319
"2026-02-12 02:00",50350,50364,50299,50335,-18.,-0.04%,1369
"2026-02-12 01:00",50314,50357,50312,50353,40,+0.08%,897
"2026-02-12 00:00",50351,50355,50298,50313,-36.,-0.07%,754
"2026-02-11 23:00",50352,50369,50336,50349,-1.,0.00%,488
"2026-02-11 22:00",50332,50376,50327,50350,19,+0.04%,846
"2026-02-11 21:00",50290,50333,50285,50331,39,+0.08%,635
"2026-02-11 20:00",50282,50294,50256,50292,12,+0.02%,573
"2026-02-11 19:00",50228,50301,50225,50280,51,+0.10%,1202
"2026-02-11 18:00",50184,50233,50168,50229,42,+0.08%,916
"2026-02-11 17:00",50216,50236,50161,50187,-14.,-0.03%,871
"2026-02-11 15:00",50201,50264,50185,50201,0,0.00%,3920
"2026-02-11 14:00",50202,50258,50171,50201,-7.,-0.01%,8357
"2026-02-11 13:00",50139,50270,50129,50208,67,+0.13%,5360
"2026-02-11 12:00",50211,50233,50098,50141,-74.,-0.15%,6096
"2026-02-11 11:00",50248,50318,50194,50215,-35.,-0.07%,6129
"2026-02-11 10:00",50062,50332,50029,50250,187,+0.37%,12167
"2026-02-11 09:00",50392,50414,49977,50063,-331.,-0.66%,29426
"2026-02-11 08:00",50536,50585,50364,50394,-143.,-0.28%,20713
"2026-02-11 07:00",50307,50552,50304,50537,229,+0.46%,7473
"2026-02-11 06:00",50304,50335,50298,50308,2,0.00%,1691
"2026-02-11 05:00",50339,50361,50303,50306,-33.,-0.07%,1894
"2026-02-11 04:00",50347,50348,50270,50339,-8.,-0.02%,1778
"2026-02-11 03:00",50362,50394,50346,50347,-18.,-0.04%,1702
"2026-02-11 02:00",50369,50387,50321,50365,-3.,-0.01%,1233
"2026-02-11 01:00",50378,50382,50354,50368,-9.,-0.02%,612
"2026-02-11 00:00",50376,50396,50366,50377,2,0.00%,434
"2026-02-10 23:00",50394,50407,50375,50375,-20.,-0.04%,378
"2026-02-10 22:00",50401,50420,50378,50395,-4.,-0.01%,363
"2026-02-10 21:00",50390,50405,50377,50399,8,+0.02%,390
"2026-02-10 20:00",50393,50404,50378,50391,-3.,-0.01%,584
"2026-02-10 19:00",50380,50406,50378,50394,14,+0.03%,534
"2026-02-10 18:00",50355,50383,50353,50380,25,+0.05%,489
"2026-02-10 17:00",50325,50362,50325,50355,23,+0.05%,587
"2026-02-10 15:00",50272,50334,50257,50332,59,+0.12%,2266
"2026-02-10 14:00",50345,50376,50242,50273,-74.,-0.15%,10791
"2026-02-10 13:00",50275,50348,50248,50347,74,+0.15%,5934
"2026-02-10 12:00",50453,50464,50203,50273,-178.,-0.35%,9664
"2026-02-10 11:00",50502,50536,50428,50451,-52.,-0.10%,5616
"2026-02-10 10:00",50457,50519,50332,50503,48,+0.10%,11673
"2026-02-10 09:00",50598,50598,50406,50455,-141.,-0.28%,15226
"2026-02-10 08:00",50201,50611,50200,50596,394,+0.78%,24442
"2026-02-10 07:00",50134,50215,50107,50202,67,+0.13%,3141
"2026-02-10 06:00",50243,50250,50133,50135,-109.,-0.22%,1862
"2026-02-10 05:00",50256,50265,50235,50244,-10.,-0.02%,1172
"2026-02-10 04:00",50254,50276,50248,50254,0,0.00%,1856
"2026-02-10 03:00",50245,50295,50233,50254,9,+0.02%,1750
"2026-02-10 02:00",50227,50256,50196,50245,18,+0.04%,1495
"2026-02-10 01:00",50193,50241,50191,50227,38,+0.08%,973
"2026-02-10 00:00",50228,50230,50174,50189,-38.,-0.08%,694
"2026-02-09 23:00",50239,50244,50205,50227,-11.,-0.02%,566
"2026-02-09 22:00",50224,50243,50224,50238,13,+0.03%,397
"2026-02-09 21:00",50210,50231,50190,50225,16,+0.03%,467
"2026-02-09 20:00",50222,50224,50192,50209,-13.,-0.03%,714
"2026-02-09 19:00",50191,50231,50187,50222,32,+0.06%,937
"2026-02-09 18:00",50177,50199,50165,50190,13,+0.03%,855
"2026-02-09 17:00",50197,50223,50164,50177,-20.,-0.04%,851
"2026-02-09 15:00",50207,50216,50185,50197,-9.,-0.02%,2110
"2026-02-09 14:00",50257,50283,50179,50206,-51.,-0.10%,10840
"2026-02-09 13:00",50198,50266,50188,50257,58,+0.12%,4290
"2026-02-09 12:00",50154,50229,50105,50199,49,+0.10%,6215
"2026-02-09 11:00",50211,50234,50148,50150,-63.,-0.13%,5336
"2026-02-09 10:00",50257,50267,50154,50213,-43.,-0.09%,8629
"2026-02-09 09:00",50011,50300,49996,50256,243,+0.49%,15408
"2026-02-09 08:00",50127,50150,49908,50013,-114.,-0.23%,24384
"2026-02-09 07:00",50172,50199,50118,50127,-46.,-0.09%,2543
"2026-02-09 06:00",50143,50177,50110,50173,32,+0.06%,1947
"2026-02-09 05:00",50168,50176,50138,50141,-28.,-0.06%,1157
"2026-02-09 04:00",50231,50232,50097,50169,-59.,-0.12%,2876
"2026-02-09 03:00",50277,50296,50215,50228,-48.,-0.10%,1462
"2026-02-09 02:00",50251,50323,50242,50276,27,+0.05%,1861
"2026-02-09 01:00",50261,50266,50226,50249,-10.,-0.02%,1435
"2026-02-09 00:00",50280,50288,50234,50259,-23.,-0.05%,1600
"2026-02-08 23:00",50282,50293,50266,50282,-1.,0.00%,635
"2026-02-08 22:00",50250,50287,50250,50283,32,+0.06%,424
"2026-02-08 21:00",50274,50279,50245,50251,-19.,-0.04%,854
"2026-02-08 20:00",50286,50321,50262,50270,-17.,-0.03%,872
"2026-02-08 19:00",50293,50313,50255,50287,-8.,-0.02%,1841
"2026-02-08 18:00",50300,50325,50268,50295,-9.,-0.02%,1833
"2026-02-08 17:00",50240,50339,50240,50304,103,+0.21%,1699
"2026-02-06 15:00",50189,50211,50165,50201,11,+0.02%,4309
"2026-02-06 14:00",50093,50263,50081,50190,96,+0.19%,16813
"2026-02-06 13:00",50033,50118,50031,50094,59,+0.12%,6723
"2026-02-06 12:00",50036,50086,50001,50035,-1.,0.00%,7785
"2026-02-06 11:00",49949,50069,49930,50036,88,+0.18%,10334
"2026-02-06 10:00",49814,49975,49799,49948,135,+0.27%,14209
"2026-02-06 09:00",49724,49906,49703,49813,92,+0.19%,27183
"2026-02-06 08:00",49256,49743,49247,49721,463,+0.94%,29034
"2026-02-06 07:00",49208,49291,49195,49258,53,+0.11%,3832
"2026-02-06 06:00",49268,49295,49191,49205,-65.,-0.13%,3082
"2026-02-06 05:00",49116,49281,49115,49270,155,+0.32%,3149
"2026-02-06 04:00",49075,49133,49043,49115,38,+0.08%,1558
"2026-02-06 03:00",48996,49124,48964,49077,79,+0.16%,4277
"2026-02-06 02:00",48973,49019,48915,48998,23,+0.05%,2812
"2026-02-06 01:00",48950,48976,48919,48975,24,+0.05%,1634
"2026-02-06 00:00",48953,48984,48941,48951,-1.,0.00%,1133
"2026-02-05 23:00",48876,48967,48841,48952,78,+0.16%,1215
"2026-02-05 22:00",48930,48930,48849,48874,-61.,-0.12%,718
"2026-02-05 21:00",48938,48953,48880,48935,-8.,-0.02%,1258
"2026-02-05 20:00",48922,48966,48897,48943,24,+0.05%,1879
"2026-02-05 19:00",48857,48922,48768,48919,61,+0.12%,3066
"2026-02-05 18:00",48802,48859,48703,48858,55,+0.11%,4256
"2026-02-05 17:00",48845,48902,48771,48803,-75.,-0.15%,2900
"2026-02-05 15:00",48984,49020,48848,48878,-106.,-0.22%,7673
"2026-02-05 14:00",49119,49190,48932,48984,-133.,-0.27%,11211
"2026-02-05 13:00",49040,49241,49022,49117,77,+0.16%,6117
"2026-02-05 12:00",49236,49275,49005,49040,-195.,-0.40%,6470
"2026-02-05 11:00",49241,49357,49129,49235,-9.,-0.02%,10930
"2026-02-05 10:00",49002,49249,48918,49244,238,+0.49%,16418
"2026-02-05 09:00",49299,49355,48924,49006,-296.,-0.60%,22962
"2026-02-05 08:00",49386,49451,49235,49302,-82.,-0.17%,25382
"2026-02-05 07:00",49448,49480,49383,49384,-65.,-0.13%,6040
"2026-02-05 06:00",49629,49690,49398,49449,-179.,-0.36%,8359
"2026-02-05 05:00",49516,49643,49504,49628,112,+0.23%,1789
"2026-02-05 04:00",49488,49570,49468,49516,21,+0.04%,1600
"2026-02-05 03:00",49450,49532,49411,49495,47,+0.10%,2454
"2026-02-05 02:00",49533,49588,49425,49448,-86.,-0.17%,2549
"2026-02-05 01:00",49545,49577,49529,49534,-11.,-0.02%,1183
"2026-02-05 00:00",49520,49552,49504,49545,28,+0.06%,730
"2026-02-04 23:00",49533,49537,49491,49517,-16.,-0.03%,914
"2026-02-04 22:00",49485,49544,49481,49533,57,+0.12%,1032
"2026-02-04 21:00",49514,49565,49467,49476,-36.,-0.07%,1359
"2026-02-04 20:00",49662,49669,49503,49512,-149.,-0.30%,2823
"2026-02-04 19:00",49572,49665,49571,49661,90,+0.18%,1202
"2026-02-04 18:00",49563,49601,49528,49571,8,+0.02%,1040
"2026-02-04 17:00",49524,49626,49524,49563,16,+0.03%,1135
"2026-02-04 15:00",49586,49712,49541,49547,-46.,-0.09%,4634
"2026-02-04 14:00",49678,49714,49563,49593,-86.,-0.17%,9649
"2026-02-04 13:00",49389,49690,49316,49679,287,+0.58%,11615
"2026-02-04 12:00",49384,49460,49215,49392,5,+0.01%,11707
"2026-02-04 11:00",49642,49682,49309,49387,-256.,-0.52%,14312
"2026-02-04 10:00",49705,49749,49515,49643,-61.,-0.12%,13966
"2026-02-04 09:00",49453,49758,49360,49704,248,+0.50%,19899
"2026-02-04 08:00",49429,49731,49387,49456,26,+0.05%,24542
"2026-02-04 07:00",49455,49532,49422,49430,-27.,-0.05%,3372
"2026-02-04 06:00",49531,49557,49434,49457,-71.,-0.14%,2403
"2026-02-04 05:00",49490,49544,49468,49528,39,+0.08%,1841
"2026-02-04 04:00",49442,49519,49424,49489,45,+0.09%,1718
"2026-02-04 03:00",49441,49458,49391,49444,1,0.00%,2446
"2026-02-04 02:00",49473,49507,49422,49443,-30.,-0.06%,2112
"2026-02-04 01:00",49465,49486,49459,49473,7,+0.01%,1085
"2026-02-04 00:00",49419,49484,49410,49466,48,+0.10%,1058
"2026-02-03 23:00",49403,49421,49389,49418,14,+0.03%,319
"2026-02-03 22:00",49409,49419,49397,49404,-5.,-0.01%,288
"2026-02-03 21:00",49392,49426,49380,49409,16,+0.03%,652
"2026-02-03 20:00",49368,49405,49368,49393,23,+0.05%,827
"2026-02-03 19:00",49366,49398,49356,49370,6,+0.01%,1054
"2026-02-03 18:00",49401,49404,49363,49364,-31.,-0.06%,856
"2026-02-03 17:00",49379,49412,49359,49395,29,+0.06%,1046
"2026-02-03 15:00",49341,49417,49293,49366,24,+0.05%,8554
"2026-02-03 14:00",49153,49388,49132,49342,184,+0.37%,15059
"2026-02-03 13:00",48987,49169,48934,49158,170,+0.35%,16247
"2026-02-03 12:00",49122,49199,48982,48988,-137.,-0.28%,15297
"2026-02-03 11:00",49410,49429,49121,49125,-286.,-0.58%,15902
"2026-02-03 10:00",49562,49590,49375,49411,-151.,-0.30%,11931
"2026-02-03 09:00",49542,49657,49469,49562,24,+0.05%,20586
"2026-02-03 08:00",49503,49767,49401,49538,35,+0.07%,29489
"2026-02-03 07:00",49538,49538,49490,49503,-37.,-0.07%,2165
"2026-02-03 06:00",49487,49556,49475,49540,53,+0.11%,1292
"2026-02-03 05:00",49495,49497,49453,49487,-7.,-0.01%,1630
"2026-02-03 04:00",49504,49531,49489,49494,-9.,-0.02%,703
"2026-02-03 03:00",49545,49555,49487,49503,-43.,-0.09%,1149
"2026-02-03 02:00",49559,49595,49536,49546,-16.,-0.03%,1406
"2026-02-03 01:00",49557,49574,49549,49562,4,+0.01%,837
"2026-02-03 00:00",49556,49580,49547,49558,3,+0.01%,657
"2026-02-02 23:00",49566,49566,49529,49555,-12.,-0.02%,503
"2026-02-02 22:00",49544,49568,49538,49567,23,+0.05%,400
"2026-02-02 21:00",49525,49554,49522,49544,17,+0.03%,485
"2026-02-02 20:00",49533,49539,49513,49527,-9.,-0.02%,676
"2026-02-02 19:00",49561,49562,49521,49536,-22.,-0.04%,957
"2026-02-02 18:00",49531,49567,49504,49558,27,+0.05%,1203
"2026-02-02 17:00",49481,49574,49474,49531,45,+0.09%,1010
"2026-02-02 15:00",49524,49540,49481,49486,-39.,-0.08%,3325
"2026-02-02 14:00",49535,49602,49489,49525,-9.,-0.02%,11701
"2026-02-02 13:00",49509,49594,49497,49534,24,+0.05%,6327
"2026-02-02 12:00",49512,49541,49439,49510,1,0.00%,4932
"2026-02-02 11:00",49458,49534,49454,49509,49,+0.10%,6659
"2026-02-02 10:00",49436,49499,49391,49460,23,+0.05%,8502
"2026-02-02 09:00",49186,49455,49136,49437,223,+0.45%,16375
"2026-02-02 08:00",49017,49318,48813,49214,198,+0.40%,26738
"2026-02-02 07:00",48958,49034,48907,49016,55,+0.11%,2402
"2026-02-02 06:00",48967,48991,48948,48961,-10.,-0.02%,1830
"2026-02-02 05:00",48873,48996,48872,48971,100,+0.20%,2328
"2026-02-02 04:00",48868,48909,48856,48871,4,+0.01%,1646
"2026-02-02 03:00",48813,48882,48779,48867,52,+0.11%,2654
"2026-02-02 02:00",48642,48821,48636,48815,175,+0.36%,3207
"2026-02-02 01:00",48554,48647,48528,48640,85,+0.18%,2906
"2026-02-02 00:00",48622,48639,48506,48555,-67.,-0.14%,2263
"2026-02-01 23:00",48648,48664,48599,48622,-25.,-0.05%,1514
"2026-02-01 22:00",48642,48666,48555,48647,3,+0.01%,2368
"2026-02-01 21:00",48768,48792,48629,48644,-126.,-0.26%,2257
"2026-02-01 20:00",48823,48851,48761,48770,-54.,-0.11%,1953
"2026-02-01 19:00",48998,49032,48816,48824,-173.,-0.35%,3478
"2026-02-01 18:00",48974,49040,48919,48997,25,+0.05%,1853
"2026-02-01 17:00",48864,48993,48759,48972,-8.,-0.02%,2438
"2026-01-30 15:00",49026,49054,48951,48980,-46.,-0.09%,3920
"2026-01-30 14:00",48905,49090,48891,49026,122,+0.25%,14441
"2026-01-30 13:00",48898,49025,48863,48904,6,+0.01%,11770
"2026-01-30 12:00",48682,48946,48571,48898,215,+0.44%,13314
"2026-01-30 11:00",48773,48815,48629,48683,-93.,-0.19%,10376
"2026-01-30 10:00",48924,48931,48703,48776,-147.,-0.30%,13694
"2026-01-30 09:00",48984,49105,48920,48923,-64.,-0.13%,16983
"2026-01-30 08:00",48901,49169,48895,48987,83,+0.17%,23289
"2026-01-30 07:00",48966,49014,48858,48904,-62.,-0.13%,3873
"2026-01-30 06:00",49037,49081,48937,48966,-72.,-0.15%,3495
"2026-01-30 05:00",48818,49047,48812,49038,222,+0.45%,3030
"2026-01-30 04:00",48749,48838,48744,48816,65,+0.13%,1727
"2026-01-30 03:00",48824,48863,48696,48751,-72.,-0.15%,3166
"2026-01-30 02:00",48772,48851,48747,48823,52,+0.11%,2817
"2026-01-30 01:00",48785,48857,48764,48771,-16.,-0.03%,2370
"2026-01-30 00:00",48937,48944,48778,48787,-151.,-0.31%,1801
"2026-01-29 23:00",48980,48997,48938,48938,-36.,-0.07%,704
"2026-01-29 22:00",48976,49003,48968,48974,-5.,-0.01%,604
"2026-01-29 21:00",48945,49004,48942,48979,39,+0.08%,1164
"2026-01-29 20:00",48963,48970,48896,48940,-20.,-0.04%,2083
"2026-01-29 19:00",49045,49055,48916,48960,-85.,-0.17%,1687
"2026-01-29 18:00",49094,49133,49035,49045,-50.,-0.10%,2006
"2026-01-29 17:00",49123,49127,48973,49095,-12.,-0.02%,1865
"2026-01-29 15:00",49157,49191,49100,49107,-51.,-0.10%,4543
"2026-01-29 14:00",49042,49203,49040,49158,117,+0.24%,11807
"2026-01-29 13:00",48992,49156,48970,49041,46,+0.09%,7326
"2026-01-29 12:00",48933,49097,48908,48995,59,+0.12%,7618
"2026-01-29 11:00",49041,49204,48931,48936,-105.,-0.21%,11217
"2026-01-29 10:00",48860,49076,48724,49041,183,+0.37%,16661
"2026-01-29 09:00",49108,49140,48798,48858,-241.,-0.49%,26001
"2026-01-29 08:00",49178,49442,49086,49099,-76.,-0.15%,29837
"2026-01-29 07:00",49198,49219,49165,49175,-22.,-0.04%,2284
"2026-01-29 06:00",49222,49246,49159,49197,-26.,-0.05%,3798
"2026-01-29 05:00",49160,49429,49129,49223,63,+0.13%,11597
"2026-01-29 04:00",49202,49228,49150,49160,-43.,-0.09%,1368
"2026-01-29 03:00",49212,49275,49200,49203,-8.,-0.02%,1819
"2026-01-29 02:00",49204,49228,49160,49211,4,+0.01%,2031
"2026-01-29 01:00",49155,49218,49146,49207,53,+0.11%,1070
"2026-01-29 00:00",49144,49178,49142,49154,11,+0.02%,544
"2026-01-28 23:00",49122,49151,49111,49143,21,+0.04%,542
"2026-01-28 22:00",49100,49126,49089,49122,22,+0.04%,394
"2026-01-28 21:00",49073,49108,49071,49100,26,+0.05%,493
"2026-01-28 20:00",49024,49091,49019,49074,49,+0.10%,1042
"2026-01-28 19:00",49045,49046,49000,49025,-18.,-0.04%,1039
"2026-01-28 18:00",49020,49044,48981,49043,23,+0.05%,1628
"2026-01-28 17:00",49134,49150,49013,49020,-105.,-0.21%,2122
"2026-01-28 15:00",49166,49220,48990,49125,-41.,-0.08%,9842
"2026-01-28 14:00",49087,49205,49075,49166,79,+0.16%,8551
"2026-01-28 13:00",49110,49277,49039,49087,-30.,-0.06%,13223
"2026-01-28 12:00",49143,49184,49087,49117,-26.,-0.05%,2726
"2026-01-28 11:00",49158,49231,49121,49143,-17.,-0.03%,4846
"2026-01-28 10:00",49135,49227,49133,49160,25,+0.05%,6731
"2026-01-28 09:00",49143,49205,49054,49135,-6.,-0.01%,11496
"2026-01-28 08:00",49115,49290,49088,49141,25,+0.05%,15794
"2026-01-28 07:00",49116,49161,49093,49116,0,0.00%,1903
"2026-01-28 06:00",49174,49193,49105,49116,-57.,-0.12%,2694
"2026-01-28 05:00",49196,49197,49162,49173,-23.,-0.05%,932
"2026-01-28 04:00",49177,49200,49166,49196,18,+0.04%,764
"2026-01-28 03:00",49130,49186,49130,49178,49,+0.10%,1354
"2026-01-28 02:00",49199,49213,49124,49129,-72.,-0.15%,1488
"2026-01-28 01:00",49175,49202,49162,49201,26,+0.05%,1190
"2026-01-28 00:00",49173,49226,49150,49175,2,0.00%,2338
"2026-01-27 23:00",49147,49179,49145,49173,28,+0.06%,368
"2026-01-27 22:00",49146,49150,49131,49145,-2.,0.00%,442
"2026-01-27 21:00",49154,49174,49146,49147,-8.,-0.02%,509
"2026-01-27 20:00",49151,49165,49140,49155,2,0.00%,416
"2026-01-27 19:00",49171,49172,49143,49153,-17.,-0.03%,527
"2026-01-27 18:00",49134,49190,49132,49170,37,+0.08%,920
"2026-01-27 17:00",49150,49150,49109,49133,3,+0.01%,396
"2026-01-27 15:00",49165,49167,49110,49130,-34.,-0.07%,2780
"2026-01-27 14:00",49131,49171,49112,49164,29,+0.06%,9258
"2026-01-27 13:00",49117,49158,49094,49135,16,+0.03%,4280
"2026-01-27 12:00",49071,49136,49007,49119,50,+0.10%,7262
"2026-01-27 11:00",49225,49227,49054,49069,-156.,-0.32%,9284
"2026-01-27 10:00",49177,49318,49155,49225,49,+0.10%,10950
"2026-01-27 09:00",49161,49180,49039,49176,20,+0.04%,15345
"2026-01-27 08:00",49233,49270,49089,49156,-77.,-0.16%,21668
"2026-01-27 07:00",49299,49333,49228,49233,-67.,-0.14%,4176
"2026-01-27 06:00",49412,49436,49288,49300,-112.,-0.23%,5319
"2026-01-27 05:00",49476,49492,49407,49412,-63.,-0.13%,2472
"2026-01-27 04:00",49509,49566,49473,49475,-34.,-0.07%,2725
"2026-01-27 03:00",49509,49532,49506,49509,-1.,0.00%,1281
"2026-01-27 02:00",49536,49544,49484,49510,-25.,-0.05%,1065
"2026-01-27 01:00",49516,49543,49513,49535,22,+0.04%,806
"2026-01-27 00:00",49533,49554,49513,49513,-19.,-0.04%,564
"2026-01-26 23:00",49516,49536,49500,49532,14,+0.03%,380
"2026-01-26 22:00",49500,49535,49500,49518,16,+0.03%,323
"2026-01-26 21:00",49489,49507,49482,49502,10,+0.02%,414
"2026-01-26 20:00",49437,49493,49437,49492,55,+0.11%,870
"2026-01-26 19:00",49414,49447,49404,49437,21,+0.04%,614
"2026-01-26 18:00",49403,49418,49380,49416,13,+0.03%,546
"2026-01-26 17:00",49421,49425,49357,49403,30,+0.06%,927
"2026-01-26 15:00",49560,49572,49373,49373,-188.,-0.38%,6285
"2026-01-26 14:00",49579,49644,49552,49561,-17.,-0.03%,10739
"2026-01-26 13:00",49521,49613,49514,49578,56,+0.11%,4974
"2026-01-26 12:00",49488,49619,49473,49522,35,+0.07%,7135
"2026-01-26 11:00",49389,49503,49382,49487,99,+0.20%,5076
"2026-01-26 10:00",49438,49444,49355,49388,-52.,-0.11%,7204
"2026-01-26 09:00",49401,49527,49388,49440,39,+0.08%,11368
"2026-01-26 08:00",49321,49483,49303,49401,78,+0.16%,17547
"2026-01-26 07:00",49265,49326,49237,49323,59,+0.12%,2690
"2026-01-26 06:00",49235,49277,49234,49264,25,+0.05%,907
"2026-01-26 05:00",49226,49280,49220,49239,15,+0.03%,1637
"2026-01-26 04:00",49191,49252,49189,49224,29,+0.06%,945
"2026-01-26 03:00",49280,49301,49159,49195,-87.,-0.18%,2543
"2026-01-26 02:00",49243,49286,49234,49282,40,+0.08%,1319
"2026-01-26 01:00",49192,49250,49184,49242,56,+0.11%,811
"2026-01-26 00:00",49176,49210,49174,49186,10,+0.02%,619
"2026-01-25 23:00",49135,49180,49128,49176,37,+0.08%,496
"2026-01-25 22:00",49142,49163,49123,49139,-2.,0.00%,334
"2026-01-25 21:00",49139,49172,49131,49141,4,+0.01%,517
"2026-01-25 20:00",49143,49168,49111,49137,-2.,0.00%,825
"2026-01-25 19:00",49152,49210,49123,49139,-12.,-0.02%,1963
"2026-01-25 18:00",49098,49188,49093,49151,56,+0.11%,1457
"2026-01-25 17:00",49036,49113,48850,49095,-85.,-0.17%,1742
"2026-01-23 15:00",49262,49263,49167,49180,-82.,-0.17%,2468
"2026-01-23 14:00",49258,49292,49209,49262,4,+0.01%,9396
"2026-01-23 13:00",49205,49305,49199,49258,54,+0.11%,6402
"2026-01-23 12:00",49148,49209,49119,49204,57,+0.12%,6848
"2026-01-23 11:00",49284,49346,49131,49147,-144.,-0.29%,7676
"2026-01-23 10:00",49325,49367,49246,49291,-34.,-0.07%,10688
"2026-01-23 09:00",49303,49358,49203,49325,21,+0.04%,13553
"2026-01-23 08:00",49323,49384,49170,49304,-18.,-0.04%,19812
"2026-01-23 07:00",49462,49467,49307,49322,-141.,-0.29%,4379
"2026-01-23 06:00",49444,49477,49415,49463,20,+0.04%,1578
"2026-01-23 05:00",49447,49486,49434,49443,-3.,-0.01%,2500
"2026-01-23 04:00",49456,49457,49422,49446,-12.,-0.02%,1114
"2026-01-23 03:00",49507,49530,49433,49458,-52.,-0.11%,1935
"2026-01-23 02:00",49581,49587,49491,49510,-74.,-0.15%,1734
"2026-01-23 01:00",49590,49605,49572,49584,-6.,-0.01%,986
"2026-01-23 00:00",49608,49620,49584,49590,-18.,-0.04%,407
"2026-01-22 23:00",49598,49610,49591,49608,10,+0.02%,372
"2026-01-22 22:00",49600,49601,49580,49598,-5.,-0.01%,397
"2026-01-22 21:00",49582,49607,49582,49603,21,+0.04%,290
"2026-01-22 20:00",49607,49608,49579,49582,-25.,-0.05%,444
"2026-01-22 19:00",49572,49608,49565,49607,35,+0.07%,1046
"2026-01-22 18:00",49526,49574,49510,49572,45,+0.09%,609
"2026-01-22 17:00",49506,49541,49488,49527,20,+0.04%,629
"2026-01-22 15:00",49562,49573,49486,49507,-56.,-0.11%,2769
"2026-01-22 14:00",49578,49644,49494,49563,-17.,-0.03%,11839
"2026-01-22 13:00",49679,49758,49579,49580,-101.,-0.20%,7113
"2026-01-22 12:00",49773,49780,49661,49681,-93.,-0.19%,7127
"2026-01-22 11:00",49665,49795,49642,49774,109,+0.22%,9556
"2026-01-22 10:00",49612,49727,49606,49665,54,+0.11%,8191
"2026-01-22 09:00",49524,49650,49432,49611,88,+0.18%,14957
"2026-01-22 08:00",49513,49764,49474,49523,8,+0.02%,27276
"2026-01-22 07:00",49411,49517,49404,49515,102,+0.21%,2961
"2026-01-22 06:00",49399,49431,49370,49413,14,+0.03%,2503
"2026-01-22 05:00",49465,49473,49386,49399,-66.,-0.13%,2176
"2026-01-22 04:00",49461,49468,49421,49465,6,+0.01%,1547
"2026-01-22 03:00",49416,49474,49415,49459,42,+0.08%,1460
"2026-01-22 02:00",49328,49440,49324,49417,90,+0.18%,3186
"2026-01-22 01:00",49304,49354,49267,49327,23,+0.05%,1359
"2026-01-22 00:00",49309,49323,49257,49304,-6.,-0.01%,1088
"2026-01-21 23:00",49355,49363,49305,49310,-44.,-0.09%,491
"2026-01-21 22:00",49373,49374,49348,49354,-19.,-0.04%,342
"2026-01-21 21:00",49368,49388,49365,49373,7,+0.01%,411
"2026-01-21 20:00",49367,49393,49351,49366,-2.,0.00%,526
"2026-01-21 19:00",49333,49373,49328,49368,33,+0.07%,778
"2026-01-21 18:00",49322,49345,49310,49335,16,+0.03%,772
"2026-01-21 17:00",49296,49350,49294,49319,38,+0.08%,621
"2026-01-21 15:00",49269,49314,49261,49281,11,+0.02%,2976
"2026-01-21 14:00",49454,49479,49223,49270,-184.,-0.37%,17192
"2026-01-21 13:00",48999,49482,48907,49454,457,+0.93%,19441
"2026-01-21 12:00",48932,49035,48803,48997,64,+0.13%,10000
"2026-01-21 11:00",48947,48982,48771,48933,-14.,-0.03%,12612
"2026-01-21 10:00",49149,49156,48944,48947,-203.,-0.41%,13195
"2026-01-21 09:00",48985,49205,48973,49150,164,+0.33%,20361
"2026-01-21 08:00",48542,48991,48530,48986,441,+0.91%,30000
"2026-01-21 07:00",48579,48589,48488,48545,-34.,-0.07%,4049
"2026-01-21 06:00",48555,48644,48527,48579,23,+0.05%,3257
"2026-01-21 05:00",48715,48721,48554,48556,-159.,-0.33%,4542
"2026-01-21 04:00",48685,48752,48671,48715,32,+0.07%,1296
"2026-01-21 03:00",48772,48784,48680,48683,-89.,-0.18%,1643
"2026-01-21 02:00",48766,48792,48751,48772,4,+0.01%,1035
"2026-01-21 01:00",48717,48791,48717,48768,50,+0.10%,1483
"2026-01-21 00:00",48750,48761,48716,48718,-35.,-0.07%,701
"2026-01-20 23:00",48761,48776,48732,48753,-9.,-0.02%,1364
"2026-01-20 22:00",48762,48779,48752,48762,5,+0.01%,351
"2026-01-20 21:00",48736,48787,48736,48757,20,+0.04%,791
"2026-01-20 20:00",48765,48776,48729,48737,-27.,-0.06%,579
"2026-01-20 19:00",48739,48779,48730,48764,28,+0.06%,927
"2026-01-20 18:00",48692,48747,48692,48736,48,+0.10%,753
"2026-01-20 17:00",48727,48751,48679,48688,-42.,-0.09%,786
"2026-01-20 15:00",48685,48745,48666,48730,46,+0.09%,2877
"2026-01-20 14:00",48654,48721,48611,48684,29,+0.06%,17937
"2026-01-20 13:00",48696,48735,48625,48655,-43.,-0.09%,9615
"2026-01-20 12:00",48861,48915,48659,48698,-165.,-0.34%,8418
"2026-01-20 11:00",49018,49055,48835,48863,-158.,-0.32%,9376
"2026-01-20 10:00",49048,49057,48892,49021,-27.,-0.06%,12716
"2026-01-20 09:00",48858,49095,48756,49048,190,+0.39%,19159
"2026-01-20 08:00",48823,48970,48783,48858,34,+0.07%,27855
"2026-01-20 07:00",48940,48960,48798,48824,-114.,-0.23%,7128
"2026-01-20 06:00",48914,48966,48862,48938,24,+0.05%,4255
"2026-01-20 05:00",48818,48928,48809,48914,94,+0.19%,2697
"2026-01-20 04:00",48718,48830,48689,48820,99,+0.20%,2096
"2026-01-20 03:00",48810,48832,48696,48721,-87.,-0.18%,3436
"2026-01-20 02:00",48932,48935,48763,48808,-122.,-0.25%,4615
"2026-01-20 01:00",48957,48966,48892,48930,-25.,-0.05%,2378
"2026-01-20 00:00",49097,49097,48886,48955,-142.,-0.29%,3598
"2026-01-19 23:00",49080,49114,49075,49097,18,+0.04%,809
"2026-01-19 22:00",49123,49125,49072,49079,-44.,-0.09%,401
"2026-01-19 21:00",49114,49130,49107,49123,11,+0.02%,328
"2026-01-19 20:00",49119,49121,49075,49112,-8.,-0.02%,962
"2026-01-19 19:00",49092,49147,49092,49120,28,+0.06%,1434
"2026-01-19 18:00",49121,49126,49059,49092,-35.,-0.07%,1504
"2026-01-19 17:00",49146,49179,49114,49127,-19.,-0.04%,455
"2026-01-19 11:00",49128,49164,49114,49146,14,+0.03%,1067
"2026-01-19 10:00",49116,49206,49092,49132,17,+0.03%,2510
"2026-01-19 09:00",49133,49149,49086,49115,-18.,-0.04%,2399
"2026-01-19 08:00",49184,49206,49069,49133,-55.,-0.11%,3142
"2026-01-19 07:00",49163,49211,49130,49188,24,+0.05%,984
"2026-01-19 06:00",49098,49222,49070,49164,61,+0.12%,2042
"2026-01-19 05:00",49071,49114,49054,49103,35,+0.07%,1128
"2026-01-19 04:00",49073,49143,49061,49068,-8.,-0.02%,1128
"2026-01-19 03:00",49233,49238,49052,49076,-156.,-0.32%,2056
"2026-01-19 02:00",49117,49252,49117,49232,118,+0.24%,1797
"2026-01-19 01:00",49176,49179,49097,49114,-60.,-0.12%,1666
"2026-01-19 00:00",49186,49218,49172,49174,-12.,-0.02%,590
"2026-01-18 23:00",49175,49199,49158,49186,11,+0.02%,494
"2026-01-18 22:00",49201,49201,49171,49175,-25.,-0.05%,274
"2026-01-18 21:00",49208,49209,49187,49200,-7.,-0.01%,436
"2026-01-18 20:00",49173,49214,49172,49207,33,+0.07%,571
"2026-01-18 19:00",49225,49247,49169,49174,-50.,-0.10%,989
"2026-01-18 18:00",49285,49286,49178,49224,-64.,-0.13%,2206
"2026-01-18 17:00",49310,49328,49160,49288,-266.,-0.54%,2352
"2026-01-16 15:00",49546,49560,49507,49554,8,+0.02%,2480
"2026-01-16 14:00",49608,49618,49514,49546,-62.,-0.12%,10640
"2026-01-16 13:00",49637,49715,49583,49608,-31.,-0.06%,7542
"2026-01-16 12:00",49595,49684,49584,49639,40,+0.08%,4399
"2026-01-16 11:00",49590,49627,49575,49599,5,+0.01%,5235
"2026-01-16 10:00",49544,49667,49533,49594,49,+0.10%,10278
"2026-01-16 09:00",49517,49606,49424,49545,25,+0.05%,16769
"2026-01-16 08:00",49643,49799,49511,49520,-125.,-0.25%,21823
"2026-01-16 07:00",49626,49669,49600,49645,18,+0.04%,2209
"2026-01-16 06:00",49637,49662,49607,49627,-11.,-0.02%,1935
"2026-01-16 05:00",49687,49711,49634,49638,-50.,-0.10%,1687
"2026-01-16 04:00",49684,49711,49683,49688,6,+0.01%,671
"2026-01-16 03:00",49694,49714,49677,49682,-12.,-0.02%,899
"2026-01-16 02:00",49712,49731,49687,49694,-18.,-0.04%,1124
"2026-01-16 01:00",49728,49737,49709,49712,-13.,-0.03%,1145
"2026-01-16 00:00",49729,49729,49714,49725,-2.,0.00%,323
"2026-01-15 23:00",49747,49748,49724,49727,-20.,-0.04%,1176
"2026-01-15 22:00",49725,49750,49719,49747,22,+0.04%,282
"2026-01-15 21:00",49708,49730,49706,49725,16,+0.03%,323
"2026-01-15 20:00",49674,49712,49665,49709,35,+0.07%,409
"2026-01-15 19:00",49675,49687,49645,49674,1,0.00%,650
"2026-01-15 18:00",49673,49682,49659,49673,-2.,0.00%,404
"2026-01-15 17:00",49653,49685,49645,49675,32,+0.06%,527
"2026-01-15 15:00",49650,49659,49626,49643,-8.,-0.02%,1962
"2026-01-15 14:00",49681,49701,49590,49651,-31.,-0.06%,10977
"2026-01-15 13:00",49756,49790,49665,49682,-75.,-0.15%,7089
"2026-01-15 12:00",49685,49792,49679,49757,70,+0.14%,5299
"2026-01-15 11:00",49730,49773,49686,49687,-43.,-0.09%,5995
"2026-01-15 10:00",49679,49770,49673,49730,49,+0.10%,10387
"2026-01-15 09:00",49530,49694,49528,49681,149,+0.30%,19759
"2026-01-15 08:00",49326,49594,49299,49532,207,+0.42%,23694
"2026-01-15 07:00",49371,49384,49288,49325,-48.,-0.10%,4870
"2026-01-15 06:00",49389,49508,49353,49373,-16.,-0.03%,8232
"2026-01-15 05:00",49412,49426,49381,49389,-22.,-0.04%,1522
"2026-01-15 04:00",49399,49418,49380,49411,11,+0.02%,1190
"2026-01-15 03:00",49345,49422,49333,49400,55,+0.11%,1891
"2026-01-15 02:00",49324,49347,49304,49345,20,+0.04%,1063
"2026-01-15 01:00",49342,49350,49310,49325,-17.,-0.03%,1146
"2026-01-15 00:00",49331,49385,49326,49342,8,+0.02%,1107
"2026-01-14 23:00",49301,49368,49300,49334,31,+0.06%,1501
"2026-01-14 22:00",49302,49311,49295,49303,3,+0.01%,371
"2026-01-14 21:00",49322,49337,49293,49300,-23.,-0.05%,1645
"2026-01-14 20:00",49333,49342,49310,49323,-10.,-0.02%,313
"2026-01-14 19:00",49289,49336,49270,49333,43,+0.09%,1933
"2026-01-14 18:00",49293,49299,49272,49290,-1.,0.00%,675
"2026-01-14 17:00",49277,49319,49253,49291,-13.,-0.03%,1711
"2026-01-14 15:00",49367,49388,49220,49304,-64.,-0.13%,4195
"2026-01-14 14:00",49239,49380,49196,49368,126,+0.26%,17460
"2026-01-14 13:00",49236,49260,49182,49242,6,+0.01%,5520
"2026-01-14 12:00",49133,49246,49115,49236,103,+0.21%,6615
"2026-01-14 11:00",49098,49184,49083,49133,35,+0.07%,9121
"2026-01-14 10:00",49157,49349,49057,49098,-58.,-0.12%,13822
"2026-01-14 09:00",49212,49364,49088,49156,-58.,-0.12%,23366
"2026-01-14 08:00",49240,49400,49201,49214,-25.,-0.05%,23624
"2026-01-14 07:00",49273,49291,49218,49239,-36.,-0.07%,2770
"2026-01-14 06:00",49248,49316,49210,49275,28,+0.06%,1795
"2026-01-14 05:00",49241,49264,49208,49247,6,+0.01%,2385
"2026-01-14 04:00",49329,49330,49228,49241,-90.,-0.18%,1927
"2026-01-14 03:00",49305,49343,49301,49331,24,+0.05%,1045
"2026-01-14 02:00",49289,49312,49279,49307,19,+0.04%,1151
"2026-01-14 01:00",49293,49305,49276,49288,-4.,-0.01%,790
"2026-01-14 00:00",49264,49292,49257,49292,27,+0.05%,1117
"2026-01-13 23:00",49277,49288,49257,49265,-11.,-0.02%,589
"2026-01-13 22:00",49322,49329,49271,49276,-47.,-0.10%,391
"2026-01-13 21:00",49319,49338,49304,49323,3,+0.01%,927
"2026-01-13 20:00",49307,49323,49292,49320,12,+0.02%,1283
"2026-01-13 19:00",49360,49363,49304,49308,-53.,-0.11%,829
"2026-01-13 18:00",49359,49381,49352,49361,0,0.00%,636
"2026-01-13 17:00",49372,49387,49356,49361,-25.,-0.05%,643
"2026-01-13 15:00",49404,49424,49377,49386,-17.,-0.03%,2638
"2026-01-13 14:00",49416,49418,49274,49403,-11.,-0.02%,11994
"2026-01-13 13:00",49462,49478,49383,49414,-45.,-0.09%,7734
"2026-01-13 12:00",49454,49516,49393,49459,4,+0.01%,7361
"2026-01-13 11:00",49505,49541,49439,49455,-50.,-0.10%,6564
"2026-01-13 10:00",49500,49556,49411,49505,1,0.00%,10447
"2026-01-13 09:00",49515,49619,49417,49504,-9.,-0.02%,20103
"2026-01-13 08:00",49765,49823,49477,49513,-254.,-0.51%,22349
"2026-01-13 07:00",49696,49901,49669,49767,72,+0.14%,5969
"2026-01-13 06:00",49796,49798,49694,49695,-102.,-0.20%,2491
"2026-01-13 05:00",49746,49830,49691,49797,53,+0.11%,5826
"2026-01-13 04:00",49749,49752,49716,49744,-5.,-0.01%,845
"2026-01-13 03:00",49760,49763,49734,49749,-13.,-0.03%,1197
"2026-01-13 02:00",49765,49767,49740,49762,-8.,-0.02%,811
"2026-01-13 01:00",49772,49779,49761,49770,-2.,0.00%,617
"2026-01-13 00:00",49781,49784,49759,49772,-10.,-0.02%,390
"2026-01-12 23:00",49799,49801,49770,49782,-15.,-0.03%,269
"2026-01-12 22:00",49784,49799,49782,49797,14,+0.03%,213
"2026-01-12 21:00",49787,49801,49781,49783,-3.,-0.01%,294
"2026-01-12 20:00",49764,49790,49759,49786,23,+0.05%,432
"2026-01-12 19:00",49739,49779,49728,49763,20,+0.04%,747
"2026-01-12 18:00",49749,49765,49735,49743,-9.,-0.02%,787
"2026-01-12 17:00",49764,49774,49732,49752,-10.,-0.02%,621
"2026-01-12 15:00",49807,49808,49748,49762,-46.,-0.09%,1936
"2026-01-12 14:00",49785,49855,49724,49808,24,+0.05%,9331
"2026-01-12 13:00",49753,49801,49716,49784,28,+0.06%,4689
"2026-01-12 12:00",49668,49763,49658,49756,88,+0.18%,4200
"2026-01-12 11:00",49645,49685,49604,49668,22,+0.04%,5140
"2026-01-12 10:00",49636,49713,49593,49646,11,+0.02%,8753
"2026-01-12 09:00",49547,49641,49413,49635,86,+0.17%,15411
"2026-01-12 08:00",49408,49566,49212,49549,141,+0.29%,24005
"2026-01-12 07:00",49392,49427,49368,49408,18,+0.04%,2596
"2026-01-12 06:00",49358,49408,49353,49390,34,+0.07%,2485
"2026-01-12 05:00",49352,49391,49292,49356,5,+0.01%,2695
"2026-01-12 04:00",49383,49383,49350,49351,-30.,-0.06%,1031
"2026-01-12 03:00",49422,49431,49340,49381,-45.,-0.09%,6926
"2026-01-12 02:00",49492,49512,49418,49426,-67.,-0.14%,1935
"2026-01-12 01:00",49498,49523,49466,49493,-6.,-0.01%,1046
"2026-01-12 00:00",49482,49513,49477,49499,16,+0.03%,930
"2026-01-11 23:00",49478,49495,49462,49483,4,+0.01%,765
"2026-01-11 22:00",49472,49492,49461,49479,6,+0.01%,379
"2026-01-11 21:00",49498,49502,49462,49473,-25.,-0.05%,582
"2026-01-11 20:00",49553,49553,49489,49498,-58.,-0.12%,960
"2026-01-11 19:00",49562,49578,49511,49556,-8.,-0.02%,2128
"2026-01-11 18:00",49662,49663,49540,49564,-94.,-0.19%,1872
"2026-01-11 17:00",49720,49733,49633,49658,-75.,-0.15%,1771
"2026-01-09 15:00",49726,49736,49706,49733,7,+0.01%,2126
"2026-01-09 14:00",49743,49775,49712,49726,-17.,-0.03%,7880
"2026-01-09 13:00",49704,49757,49694,49743,38,+0.08%,3214
"2026-01-09 12:00",49702,49759,49666,49705,3,+0.01%,4225
"2026-01-09 11:00",49750,49793,49701,49702,-49.,-0.10%,4736
"2026-01-09 10:00",49589,49777,49577,49751,161,+0.32%,8829
"2026-01-09 09:00",49592,49693,49408,49590,-1.,0.00%,17487
"2026-01-09 08:00",49642,49675,49443,49591,-52.,-0.10%,19619
"2026-01-09 07:00",49526,49675,49502,49643,117,+0.24%,3876
"2026-01-09 06:00",49487,49530,49480,49526,35,+0.07%,1120
"2026-01-09 05:00",49493,49510,49479,49491,-1.,0.00%,1027
"2026-01-09 04:00",49516,49520,49491,49492,-22.,-0.04%,591
"2026-01-09 03:00",49458,49516,49455,49514,54,+0.11%,1136
"2026-01-09 02:00",49488,49511,49451,49460,-27.,-0.05%,1111
"2026-01-09 01:00",49496,49498,49458,49487,-9.,-0.02%,595
"2026-01-09 00:00",49501,49509,49479,49496,1,0.00%,268
"2026-01-08 23:00",49501,49508,49476,49495,-5.,-0.01%,300
"2026-01-08 22:00",49498,49505,49486,49500,3,+0.01%,389
"2026-01-08 21:00",49496,49505,49487,49497,0,0.00%,460
"2026-01-08 20:00",49487,49514,49481,49497,11,+0.02%,550
"2026-01-08 19:00",49501,49510,49475,49486,-14.,-0.03%,933
"2026-01-08 18:00",49529,49544,49494,49500,-31.,-0.06%,718
"2026-01-08 17:00",49569,49591,49522,49531,-37.,-0.07%,592
"2026-01-08 15:00",49484,49603,49480,49568,82,+0.17%,2952
"2026-01-08 14:00",49468,49535,49453,49486,18,+0.04%,9813
"2026-01-08 13:00",49486,49525,49444,49468,-17.,-0.03%,5642
"2026-01-08 12:00",49552,49564,49473,49485,-66.,-0.13%,5531
"2026-01-08 11:00",49523,49586,49495,49551,27,+0.05%,6667
"2026-01-08 10:00",49453,49546,49386,49524,72,+0.15%,11375
"2026-01-08 09:00",49282,49458,49260,49452,167,+0.34%,16591
"2026-01-08 08:00",49060,49325,49001,49285,222,+0.45%,25002
"2026-01-08 07:00",49056,49101,49047,49063,6,+0.01%,2882
"2026-01-08 06:00",49066,49078,49032,49057,-11.,-0.02%,1919
"2026-01-08 05:00",49092,49110,49050,49068,-25.,-0.05%,1710
"2026-01-08 04:00",49096,49102,49066,49093,-3.,-0.01%,1028
"2026-01-08 03:00",49121,49141,49089,49096,-22.,-0.04%,1301
"2026-01-08 02:00",49111,49149,49111,49118,6,+0.01%,1536
"2026-01-08 01:00",49099,49137,49070,49112,14,+0.03%,2046
"2026-01-08 00:00",49110,49111,49064,49098,-13.,-0.03%,1220
"2026-01-07 23:00",49158,49163,49107,49111,-47.,-0.10%,614
"2026-01-07 22:00",49167,49175,49154,49158,-16.,-0.03%,392
"2026-01-07 21:00",49191,49193,49149,49174,-16.,-0.03%,1502
"2026-01-07 20:00",49252,49264,49183,49190,-63.,-0.13%,2252
"2026-01-07 19:00",49267,49267,49228,49253,-14.,-0.03%,666
"2026-01-07 18:00",49263,49272,49250,49267,8,+0.02%,545
"2026-01-07 17:00",49239,49267,49232,49259,27,+0.05%,1787
"2026-01-07 15:00",49242,49244,49182,49232,-10.,-0.02%,3793
"2026-01-07 14:00",49399,49403,49191,49242,-156.,-0.32%,14953
"2026-01-07 13:00",49475,49484,49373,49398,-78.,-0.16%,6093
"2026-01-07 12:00",49517,49517,49409,49476,-42.,-0.08%,6597
"2026-01-07 11:00",49617,49647,49501,49518,-97.,-0.20%,6467
"2026-01-07 10:00",49524,49624,49505,49615,90,+0.18%,7307
"2026-01-07 09:00",49616,49642,49446,49525,-95.,-0.19%,18930
"2026-01-07 08:00",49786,49876,49605,49620,-168.,-0.34%,19974
"2026-01-07 07:00",49764,49800,49743,49788,23,+0.05%,2839
"2026-01-07 06:00",49749,49767,49724,49765,17,+0.03%,1279
"2026-01-07 05:00",49746,49755,49734,49748,3,+0.01%,765
"2026-01-07 04:00",49742,49751,49718,49745,1,0.00%,811
"2026-01-07 03:00",49756,49788,49732,49744,-13.,-0.03%,2372
"2026-01-07 02:00",49755,49770,49744,49757,3,+0.01%,1099
"2026-01-07 01:00",49752,49773,49750,49754,3,+0.01%,676
"2026-01-07 00:00",49785,49794,49749,49751,-34.,-0.07%,597
"2026-01-06 23:00",49797,49808,49781,49785,-13.,-0.03%,518
"2026-01-06 22:00",49776,49805,49769,49798,22,+0.04%,486
"2026-01-06 21:00",49780,49793,49765,49776,-5.,-0.01%,1843
"2026-01-06 20:00",49776,49793,49764,49781,4,+0.01%,803
"2026-01-06 19:00",49747,49787,49739,49777,31,+0.06%,2844
"2026-01-06 18:00",49733,49755,49728,49746,14,+0.03%,643
"2026-01-06 17:00",49752,49759,49729,49732,-16.,-0.03%,617
"2026-01-06 15:00",49716,49756,49707,49748,32,+0.06%,2963
"2026-01-06 14:00",49713,49766,49708,49716,3,+0.01%,10740
"2026-01-06 13:00",49709,49749,49683,49713,6,+0.01%,5546
"2026-01-06 12:00",49659,49709,49633,49707,51,+0.10%,5585
"2026-01-06 11:00",49496,49670,49494,49656,158,+0.32%,7588
"2026-01-06 10:00",49357,49506,49340,49498,139,+0.28%,8913
"2026-01-06 09:00",49323,49443,49309,49359,37,+0.08%,15632
"2026-01-06 08:00",49182,49349,49139,49322,136,+0.28%,20057
"2026-01-06 07:00",49207,49214,49154,49186,-21.,-0.04%,2147
"2026-01-06 06:00",49132,49213,49128,49207,74,+0.15%,1341
"2026-01-06 05:00",49132,49161,49128,49133,2,0.00%,948
"2026-01-06 04:00",49106,49155,49096,49131,29,+0.06%,1032
"2026-01-06 03:00",49124,49159,49100,49102,-23.,-0.05%,1960
"2026-01-06 02:00",49232,49232,49103,49125,-107.,-0.22%,1920
"2026-01-06 01:00",49256,49256,49224,49232,-23.,-0.05%,668
"2026-01-06 00:00",49231,49270,49214,49255,26,+0.05%,1747
"2026-01-05 23:00",49247,49250,49225,49229,-16.,-0.03%,942
"2026-01-05 22:00",49255,49269,49239,49245,-10.,-0.02%,512
"2026-01-05 21:00",49258,49259,49247,49255,-3.,-0.01%,314
"2026-01-05 20:00",49252,49259,49242,49258,6,+0.01%,446
"2026-01-05 19:00",49213,49270,49209,49252,39,+0.08%,2253
"2026-01-05 18:00",49215,49228,49201,49213,-1.,0.00%,705
"2026-01-05 17:00",49225,49251,49210,49214,-6.,-0.01%,596
"2026-01-05 15:00",49237,49253,49216,49220,-16.,-0.03%,2604
"2026-01-05 14:00",49319,49359,49210,49236,-84.,-0.17%,12608
"2026-01-05 13:00",49445,49463,49300,49320,-126.,-0.25%,7334
"2026-01-05 12:00",49395,49459,49374,49446,52,+0.11%,6187
"2026-01-05 11:00",49369,49423,49347,49394,27,+0.05%,8242
"2026-01-05 10:00",49282,49376,49246,49367,87,+0.18%,10981
"2026-01-05 09:00",49156,49328,49125,49280,124,+0.25%,17351
"2026-01-05 08:00",48659,49200,48647,49156,497,+1.02%,26594
"2026-01-05 07:00",48620,48674,48556,48659,41,+0.08%,2417
"2026-01-05 06:00",48652,48667,48593,48618,-30.,-0.06%,1310
"2026-01-05 05:00",48629,48653,48617,48648,22,+0.05%,721
"2026-01-05 04:00",48631,48659,48622,48626,-3.,-0.01%,619
"2026-01-05 03:00",48664,48673,48608,48629,-31.,-0.06%,986
"2026-01-05 02:00",48650,48687,48632,48660,9,+0.02%,1720
"2026-01-05 01:00",48675,48686,48624,48651,-23.,-0.05%,805
"2026-01-05 00:00",48641,48678,48613,48674,34,+0.07%,725
"2026-01-04 23:00",48634,48642,48611,48640,6,+0.01%,479
"2026-01-04 22:00",48590,48641,48586,48634,43,+0.09%,487
"2026-01-04 21:00",48633,48636,48591,48591,-44.,-0.09%,482
"2026-01-04 20:00",48610,48644,48608,48635,29,+0.06%,624
"2026-01-04 19:00",48619,48640,48574,48606,-15.,-0.03%,1949
"2026-01-04 18:00",48613,48624,48582,48621,7,+0.01%,672
"2026-01-04 17:00",48653,48660,48581,48614,16,+0.03%,1029
"2026-01-02 15:00",48616,48633,48585,48598,-18.,-0.04%,2495
"2026-01-02 14:00",48614,48652,48522,48616,0,0.00%,10040
"2026-01-02 13:00",48399,48651,48383,48616,218,+0.45%,8992
"2026-01-02 12:00",48381,48431,48327,48398,15,+0.03%,4793
"2026-01-02 11:00",48358,48523,48352,48383,23,+0.05%,7409
"2026-01-02 10:00",48357,48506,48307,48360,5,+0.01%,12188
"2026-01-02 09:00",48338,48427,48140,48355,18,+0.04%,21004
"2026-01-02 08:00",48491,48508,48092,48337,-151.,-0.31%,20751
"2026-01-02 07:00",48521,48527,48464,48488,-33.,-0.07%,1483
"2026-01-02 06:00",48548,48569,48516,48521,-27.,-0.06%,1362
"2026-01-02 05:00",48529,48556,48517,48548,20,+0.04%,834
"2026-01-02 04:00",48521,48530,48489,48528,7,+0.01%,956
"2026-01-02 03:00",48452,48522,48450,48521,71,+0.15%,1421
"2026-01-02 02:00",48427,48463,48418,48450,24,+0.05%,1453
"2026-01-02 01:00",48458,48459,48425,48426,-34.,-0.07%,518
"2026-01-02 00:00",48468,48484,48459,48460,-7.,-0.01%,437
"2026-01-01 23:00",48449,48471,48446,48467,18,+0.04%,587
"2026-01-01 22:00",48467,48475,48448,48449,-17.,-0.04%,770
"2026-01-01 21:00",48440,48467,48437,48466,23,+0.05%,378
"2026-01-01 20:00",48422,48447,48413,48443,21,+0.04%,408
"2026-01-01 19:00",48408,48441,48408,48422,14,+0.03%,608
"2026-01-01 18:00",48407,48418,48385,48408,4,+0.01%,359
"2026-01-01 17:00",48373,48428,48355,48404,53,+0.11%,846
"2025-12-31 15:00",48338,48378,48338,48351,12,+0.02%,1742
"2025-12-31 14:00",48436,48440,48315,48339,-96.,-0.20%,9591
"2025-12-31 13:00",48550,48573,48430,48435,-114.,-0.23%,3647
"2025-12-31 12:00",48459,48560,48459,48549,89,+0.18%,2446
"2025-12-31 11:00",48513,48516,48442,48460,-54.,-0.11%,2793
"2025-12-31 10:00",48444,48527,48439,48514,67,+0.14%,3235
"2025-12-31 09:00",48567,48568,48440,48447,-120.,-0.25%,8108
"2025-12-31 08:00",48654,48677,48504,48567,-85.,-0.17%,8118
"2025-12-31 07:00",48618,48666,48608,48652,34,+0.07%,831
"2025-12-31 06:00",48583,48622,48574,48618,33,+0.07%,568
"2025-12-31 05:00",48570,48590,48564,48585,15,+0.03%,392
"2025-12-31 04:00",48578,48586,48563,48570,-6.,-0.01%,329
"2025-12-31 03:00",48575,48598,48570,48576,0,0.00%,479
"2025-12-31 02:00",48603,48608,48572,48576,-26.,-0.05%,507
"2025-12-31 01:00",48598,48616,48583,48602,2,0.00%,346
"2025-12-31 00:00",48602,48607,48586,48600,-1.,0.00%,345
"2025-12-30 23:00",48626,48630,48596,48601,-26.,-0.05%,406
"2025-12-30 22:00",48634,48644,48627,48627,-7.,-0.01%,244
"2025-12-30 21:00",48641,48650,48629,48634,-9.,-0.02%,284
"2025-12-30 20:00",48606,48647,48605,48643,36,+0.07%,453
"2025-12-30 19:00",48612,48621,48585,48607,-11.,-0.02%,716
"2025-12-30 18:00",48660,48663,48607,48618,-46.,-0.09%,367
"2025-12-30 17:00",48685,48693,48655,48664,-13.,-0.03%,239
"2025-12-30 15:00",48657,48688,48641,48677,21,+0.04%,1746
"2025-12-30 14:00",48666,48714,48641,48656,-10.,-0.02%,5615
"2025-12-30 13:00",48699,48706,48647,48666,-31.,-0.06%,2125
"2025-12-30 12:00",48682,48712,48660,48697,13,+0.03%,1756
"2025-12-30 11:00",48627,48692,48591,48684,55,+0.11%,3116
"2025-12-30 10:00",48647,48718,48624,48629,-18.,-0.04%,4507
"2025-12-30 09:00",48699,48712,48592,48647,-52.,-0.11%,6387
"2025-12-30 08:00",48736,48763,48573,48699,-38.,-0.08%,11150
"2025-12-30 07:00",48736,48754,48720,48737,1,0.00%,916
"2025-12-30 06:00",48751,48764,48727,48736,-14.,-0.03%,675
"2025-12-30 05:00",48738,48761,48706,48750,11,+0.02%,649
"2025-12-30 04:00",48753,48763,48736,48739,-13.,-0.03%,524
"2025-12-30 03:00",48755,48767,48739,48752,-4.,-0.01%,467
"2025-12-30 02:00",48697,48763,48694,48756,64,+0.13%,647
"2025-12-30 01:00",48738,48739,48685,48692,-48.,-0.10%,535
"2025-12-30 00:00",48755,48755,48729,48740,-15.,-0.03%,207
"2025-12-29 23:00",48756,48761,48737,48755,0,0.00%,189
"2025-12-29 22:00",48746,48768,48741,48755,8,+0.02%,184
"2025-12-29 21:00",48738,48767,48738,48747,10,+0.02%,171
"2025-12-29 20:00",48760,48762,48732,48737,-23.,-0.05%,213
"2025-12-29 19:00",48740,48762,48735,48760,18,+0.04%,241
"2025-12-29 18:00",48745,48765,48739,48742,-2.,0.00%,263
"2025-12-29 17:00",48763,48774,48737,48744,-17.,-0.03%,339
"2025-12-29 15:00",48756,48775,48731,48761,6,+0.01%,1449
"2025-12-29 14:00",48810,48842,48725,48755,-53.,-0.11%,5890
"2025-12-29 13:00",48753,48812,48711,48808,53,+0.11%,3166
"2025-12-29 12:00",48703,48808,48701,48755,49,+0.10%,3496
"2025-12-29 11:00",48744,48748,48665,48706,-36.,-0.07%,3144
"2025-12-29 10:00",48762,48781,48699,48742,-20.,-0.04%,4501
"2025-12-29 09:00",48841,48854,48731,48762,-81.,-0.17%,7091
"2025-12-29 08:00",48901,48987,48806,48843,-61.,-0.12%,12377
"2025-12-29 07:00",48946,48956,48873,48904,-43.,-0.09%,1526
"2025-12-29 06:00",49001,49002,48917,48947,-57.,-0.12%,1026
"2025-12-29 05:00",48996,49006,48983,49004,5,+0.01%,551
"2025-12-29 04:00",49006,49024,48995,48999,-7.,-0.01%,404
"2025-12-29 03:00",48960,49009,48960,49006,47,+0.10%,727
"2025-12-29 02:00",49004,49005,48947,48959,-45.,-0.09%,888
"2025-12-29 01:00",48990,49016,48977,49004,13,+0.03%,558
"2025-12-29 00:00",48988,49015,48983,48991,3,+0.01%,420
"2025-12-28 23:00",48997,48997,48979,48988,-10.,-0.02%,346
"2025-12-28 22:00",49018,49023,48997,48998,-18.,-0.04%,238
"2025-12-28 21:00",49000,49024,49000,49016,14,+0.03%,252
"2025-12-28 20:00",49009,49016,49001,49002,-7.,-0.01%,216
"2025-12-28 19:00",49039,49052,49006,49009,-32.,-0.07%,600
"2025-12-28 18:00",49018,49044,49007,49041,20,+0.04%,668
"2025-12-28 17:00",48998,49035,48991,49021,19,+0.04%,484
"2025-12-26 15:00",49002,49010,48981,49002,1,0.00%,1156
"2025-12-26 14:00",48926,49021,48925,49001,74,+0.15%,4558
"2025-12-26 13:00",48926,48957,48908,48927,0,0.00%,1902
"2025-12-26 12:00",48920,48953,48872,48927,10,+0.02%,2488
"2025-12-26 11:00",48945,48968,48899,48917,-26.,-0.05%,2424
"2025-12-26 10:00",48988,49001,48913,48943,-46.,-0.09%,2800
"2025-12-26 09:00",49018,49044,48941,48989,-28.,-0.06%,5026
"2025-12-26 08:00",48984,49069,48961,49017,34,+0.07%,8033
"2025-12-26 07:00",48976,49000,48959,48983,8,+0.02%,987
"2025-12-26 06:00",48934,48980,48934,48975,42,+0.09%,583
"2025-12-26 05:00",48976,48977,48917,48933,-39.,-0.08%,636
"2025-12-26 04:00",48976,48990,48969,48972,-5.,-0.01%,197
"2025-12-26 03:00",48980,48995,48969,48977,-6.,-0.01%,335
"2025-12-26 02:00",48971,48990,48952,48983,11,+0.02%,396
"2025-12-26 01:00",49003,49004,48970,48972,-30.,-0.06%,423
"2025-12-26 00:00",49003,49027,48999,49002,-1.,0.00%,292
"2025-12-25 23:00",49031,49034,48997,49003,-29.,-0.06%,213
"2025-12-25 22:00",49001,49038,48994,49032,32,+0.07%,283
"2025-12-25 21:00",49010,49017,48992,49000,-9.,-0.02%,231
"2025-12-25 20:00",49018,49022,48994,49009,-9.,-0.02%,275
"2025-12-25 19:00",49067,49070,49015,49018,-51.,-0.10%,471
"2025-12-25 18:00",49047,49073,49043,49069,21,+0.04%,286
"2025-12-25 17:00",49050,49086,49032,49048,23,+0.05%,350
"2025-12-24 12:00",49022,49050,49004,49025,3,+0.01%,822
"2025-12-24 11:00",49024,49084,49015,49022,-3.,-0.01%,4126
"2025-12-24 10:00",48948,49037,48944,49025,76,+0.16%,4100
"2025-12-24 09:00",48843,48956,48837,48949,104,+0.21%,4452
"2025-12-24 08:00",48753,48887,48681,48845,91,+0.19%,7399
"2025-12-24 07:00",48737,48763,48711,48754,17,+0.03%,811
"2025-12-24 06:00",48723,48738,48718,48737,15,+0.03%,594
"2025-12-24 05:00",48736,48738,48715,48722,-14.,-0.03%,304
"2025-12-24 04:00",48729,48742,48720,48736,6,+0.01%,228
"2025-12-24 03:00",48708,48735,48706,48730,19,+0.04%,410
"2025-12-24 02:00",48707,48721,48705,48711,5,+0.01%,437
"2025-12-24 01:00",48722,48724,48702,48706,-15.,-0.03%,302
"2025-12-24 00:00",48716,48723,48707,48721,3,+0.01%,234
"2025-12-23 23:00",48729,48734,48716,48718,-9.,-0.02%,280
"2025-12-23 22:00",48731,48738,48723,48727,-5.,-0.01%,192
"2025-12-23 21:00",48725,48737,48717,48732,6,+0.01%,160
"2025-12-23 20:00",48730,48734,48723,48726,-5.,-0.01%,252
"2025-12-23 19:00",48737,48751,48726,48731,-6.,-0.01%,333
"2025-12-23 18:00",48733,48749,48732,48737,4,+0.01%,380
"2025-12-23 17:00",48744,48744,48724,48733,1,0.00%,315
"2025-12-23 15:00",48757,48764,48726,48732,-25.,-0.05%,1677
"2025-12-23 14:00",48763,48790,48753,48757,-6.,-0.01%,5467
"2025-12-23 13:00",48805,48811,48761,48763,-41.,-0.08%,2393
"2025-12-23 12:00",48772,48854,48767,48804,32,+0.07%,3299
"2025-12-23 11:00",48756,48798,48738,48772,14,+0.03%,3055
"2025-12-23 10:00",48765,48781,48730,48758,-6.,-0.01%,3524
"2025-12-23 09:00",48669,48793,48640,48764,98,+0.20%,8390
"2025-12-23 08:00",48585,48703,48532,48666,79,+0.16%,11811
"2025-12-23 07:00",48657,48668,48578,48587,-72.,-0.15%,2448
"2025-12-23 06:00",48671,48685,48647,48659,-13.,-0.03%,1064
"2025-12-23 05:00",48686,48703,48672,48672,-14.,-0.03%,552
"2025-12-23 04:00",48716,48728,48684,48686,-30.,-0.06%,775
"2025-12-23 03:00",48676,48718,48676,48716,35,+0.07%,537
"2025-12-23 02:00",48661,48701,48657,48681,20,+0.04%,915
"2025-12-23 01:00",48655,48671,48653,48661,7,+0.01%,361
"2025-12-23 00:00",48652,48660,48648,48654,3,+0.01%,305
"2025-12-22 23:00",48648,48656,48637,48651,1,0.00%,368
"2025-12-22 22:00",48676,48677,48644,48650,-26.,-0.05%,442
"2025-12-22 21:00",48686,48690,48673,48676,-9.,-0.02%,238
"2025-12-22 20:00",48693,48712,48676,48685,-7.,-0.01%,319
"2025-12-22 19:00",48688,48703,48677,48692,4,+0.01%,364
"2025-12-22 18:00",48682,48690,48674,48688,4,+0.01%,279
"2025-12-22 17:00",48684,48698,48670,48684,6,+0.01%,310
"2025-12-22 15:00",48685,48699,48669,48678,-7.,-0.01%,1468
"2025-12-22 14:00",48718,48738,48677,48685,-34.,-0.07%,6744
"2025-12-22 13:00",48687,48724,48660,48719,31,+0.06%,2819
"2025-12-22 12:00",48776,48777,48681,48688,-86.,-0.18%,3274
"2025-12-22 11:00",48729,48787,48698,48774,45,+0.09%,4353
"2025-12-22 10:00",48650,48760,48645,48729,81,+0.17%,6097
"2025-12-22 09:00",48575,48708,48549,48648,73,+0.15%,8438
"2025-12-22 08:00",48524,48713,48511,48575,52,+0.11%,18575
"2025-12-22 07:00",48486,48526,48468,48523,36,+0.07%,1399
"2025-12-22 06:00",48484,48507,48473,48487,6,+0.01%,1324
"2025-12-22 05:00",48509,48515,48458,48481,-27.,-0.06%,9805
"2025-12-22 04:00",48508,48521,48502,48508,0,0.00%,371
"2025-12-22 03:00",48490,48520,48488,48508,16,+0.03%,660
"2025-12-22 02:00",48530,48544,48490,48492,-37.,-0.08%,871
"2025-12-22 01:00",48497,48537,48495,48529,35,+0.07%,735
"2025-12-22 00:00",48484,48498,48483,48494,9,+0.02%,298
"2025-12-21 23:00",48499,48510,48481,48485,-15.,-0.03%,376
"2025-12-21 22:00",48501,48511,48498,48500,2,0.00%,200
"2025-12-21 21:00",48518,48525,48496,48498,-19.,-0.04%,298
"2025-12-21 20:00",48509,48518,48498,48517,5,+0.01%,356
"2025-12-21 19:00",48503,48536,48501,48512,7,+0.01%,587
"2025-12-21 18:00",48559,48562,48500,48505,-53.,-0.11%,1130
"2025-12-21 17:00",48600,48600,48535,48558,68,+0.14%,527
"2025-12-19 15:00",48469,48514,48458,48490,20,+0.04%,2463
"2025-12-19 14:00",48547,48561,48426,48470,-79.,-0.16%,10078
"2025-12-19 13:00",48559,48597,48529,48549,-8.,-0.02%,3120
"2025-12-19 12:00",48576,48620,48552,48557,-21.,-0.04%,2759
"2025-12-19 11:00",48570,48615,48541,48578,9,+0.02%,4308
"2025-12-19 10:00",48546,48624,48526,48569,20,+0.04%,6414
"2025-12-19 09:00",48546,48634,48517,48549,-3.,-0.01%,9959
"2025-12-19 08:00",48295,48559,48280,48552,257,+0.53%,14768
"2025-12-19 07:00",48274,48338,48266,48295,24,+0.05%,2321
"2025-12-19 06:00",48311,48333,48261,48271,-33.,-0.07%,1325
"2025-12-19 05:00",48340,48343,48293,48304,-37.,-0.08%,1185
"2025-12-19 04:00",48372,48384,48332,48341,-33.,-0.07%,986
"2025-12-19 03:00",48328,48375,48310,48374,43,+0.09%,1113
"2025-12-19 02:00",48252,48349,48240,48331,77,+0.16%,1397
"2025-12-19 01:00",48177,48254,48175,48254,83,+0.17%,1180
"2025-12-19 00:00",48191,48204,48127,48171,-19.,-0.04%,900
"2025-12-18 23:00",48232,48236,48186,48190,-42.,-0.09%,635
"2025-12-18 22:00",48237,48251,48225,48232,-3.,-0.01%,293
"2025-12-18 21:00",48222,48258,48201,48235,14,+0.03%,811
"2025-12-18 20:00",48249,48259,48219,48221,-32.,-0.07%,640
"2025-12-18 19:00",48260,48264,48222,48253,-7.,-0.01%,701
"2025-12-18 18:00",48256,48268,48224,48260,3,+0.01%,934
"2025-12-18 17:00",48238,48257,48206,48257,3,+0.01%,760
"2025-12-18 15:00",48311,48320,48243,48254,-57.,-0.12%,2307
"2025-12-18 14:00",48283,48445,48277,48311,27,+0.06%,9738
"2025-12-18 13:00",48411,48422,48239,48284,-129.,-0.27%,6807
"2025-12-18 12:00",48417,48542,48370,48413,-4.,-0.01%,6217
"2025-12-18 11:00",48542,48549,48196,48417,-125.,-0.26%,17515
"2025-12-18 10:00",48659,48725,48529,48542,-118.,-0.24%,8476
"2025-12-18 09:00",48548,48728,48435,48660,114,+0.23%,15085
"2025-12-18 08:00",48440,48656,48379,48546,102,+0.21%,15214
"2025-12-18 07:00",48304,48518,48297,48444,140,+0.29%,5766
"2025-12-18 06:00",48367,48372,48293,48304,-65.,-0.13%,1634
"2025-12-18 05:00",48301,48380,48294,48369,69,+0.14%,1138
"2025-12-18 04:00",48302,48319,48291,48300,-1.,0.00%,902
"2025-12-18 03:00",48239,48304,48232,48301,60,+0.12%,1084
"2025-12-18 02:00",48212,48247,48192,48241,28,+0.06%,1153
"2025-12-18 01:00",48192,48220,48190,48213,21,+0.04%,702
"2025-12-18 00:00",48187,48204,48171,48192,7,+0.01%,395
"2025-12-17 23:00",48209,48213,48174,48185,-31.,-0.06%,999
"2025-12-17 22:00",48182,48219,48169,48216,40,+0.08%,432
"2025-12-17 21:00",48225,48225,48146,48176,-48.,-0.10%,1507
"2025-12-17 20:00",48233,48276,48213,48224,3,+0.01%,685
"2025-12-17 19:00",48276,48279,48216,48221,-52.,-0.11%,790
"2025-12-17 18:00",48233,48276,48208,48273,44,+0.09%,1354
"2025-12-17 17:00",48258,48292,48220,48229,-43.,-0.09%,692
"2025-12-17 15:00",48231,48304,48231,48272,41,+0.09%,3201
"2025-12-17 14:00",48323,48338,48207,48231,-96.,-0.20%,9702
"2025-12-17 13:00",48272,48332,48242,48327,55,+0.11%,4921
"2025-12-17 12:00",48346,48411,48234,48272,-74.,-0.15%,6744
"2025-12-17 11:00",48394,48442,48303,48346,-46.,-0.10%,9280
"2025-12-17 10:00",48371,48453,48305,48392,15,+0.03%,11594
"2025-12-17 09:00",48711,48749,48344,48377,-335.,-0.69%,15551
"2025-12-17 08:00",48593,48734,48521,48712,120,+0.25%,14228
"2025-12-17 07:00",48588,48629,48547,48592,6,+0.01%,4804
"2025-12-17 06:00",48579,48596,48562,48586,9,+0.02%,823
"2025-12-17 05:00",48594,48595,48559,48577,-18.,-0.04%,1053
"2025-12-17 04:00",48560,48596,48556,48595,32,+0.07%,786
"2025-12-17 03:00",48516,48574,48493,48563,45,+0.09%,1130
"2025-12-17 02:00",48483,48543,48458,48518,34,+0.07%,1232
"2025-12-17 01:00",48475,48520,48460,48484,9,+0.02%,1085
"2025-12-17 00:00",48455,48495,48453,48475,20,+0.04%,468
"2025-12-16 23:00",48418,48455,48405,48455,37,+0.08%,853
"2025-12-16 22:00",48440,48462,48413,48418,-23.,-0.05%,343
"2025-12-16 21:00",48457,48468,48433,48441,-17.,-0.04%,322
"2025-12-16 20:00",48474,48476,48427,48458,-14.,-0.03%,574
"2025-12-16 19:00",48398,48474,48398,48472,73,+0.15%,2643
"2025-12-16 18:00",48423,48423,48362,48399,-28.,-0.06%,1664
"2025-12-16 17:00",48456,48479,48420,48427,-17.,-0.04%,1679
"2025-12-16 15:00",48475,48492,48436,48444,-31.,-0.06%,3416
"2025-12-16 14:00",48422,48594,48415,48475,51,+0.11%,9526
"2025-12-16 13:00",48486,48486,48332,48424,-66.,-0.14%,8371
"2025-12-16 12:00",48369,48551,48313,48490,120,+0.25%,9020
"2025-12-16 11:00",48557,48607,48359,48370,-187.,-0.39%,8819
"2025-12-16 10:00",48663,48676,48504,48557,-103.,-0.21%,8876
"2025-12-16 09:00",48756,48788,48492,48660,-96.,-0.20%,15690
"2025-12-16 08:00",48798,48848,48653,48756,-40.,-0.08%,15111
"2025-12-16 07:00",48815,48917,48772,48796,-22.,-0.05%,3222
"2025-12-16 06:00",48809,48842,48801,48818,11,+0.02%,954
"2025-12-16 05:00",48760,48814,48753,48807,47,+0.10%,670
"2025-12-16 04:00",48679,48782,48670,48760,80,+0.16%,936
"2025-12-16 03:00",48756,48758,48668,48680,-74.,-0.15%,1306
"2025-12-16 02:00",48687,48757,48683,48754,66,+0.14%,1061
"2025-12-16 01:00",48687,48700,48642,48688,5,+0.01%,685
"2025-12-16 00:00",48652,48687,48645,48683,34,+0.07%,519
"2025-12-15 23:00",48725,48729,48644,48649,-77.,-0.16%,646
"2025-12-15 22:00",48713,48733,48688,48726,10,+0.02%,406
"2025-12-15 21:00",48699,48726,48662,48716,16,+0.03%,762
"2025-12-15 20:00",48698,48725,48673,48700,0,0.00%,648
"2025-12-15 19:00",48785,48816,48659,48700,-84.,-0.17%,1610
"2025-12-15 18:00",48818,48836,48770,48784,-35.,-0.07%,1454
"2025-12-15 17:00",48853,48864,48790,48819,-26.,-0.05%,943
"2025-12-15 15:00",48828,48856,48808,48845,19,+0.04%,1831
"2025-12-15 14:00",48846,48867,48795,48826,-22.,-0.05%,7260
"2025-12-15 13:00",48766,48854,48740,48848,81,+0.17%,3124
"2025-12-15 12:00",48749,48795,48678,48767,19,+0.04%,4001
"2025-12-15 11:00",48750,48817,48675,48748,-1.,0.00%,4573
"2025-12-15 10:00",48806,48893,48706,48749,-56.,-0.11%,7285
"2025-12-15 09:00",48886,48922,48724,48805,-83.,-0.17%,12000
"2025-12-15 08:00",49111,49134,48887,48888,-223.,-0.45%,10571
"2025-12-15 07:00",49090,49117,49069,49111,19,+0.04%,908
"2025-12-15 06:00",49102,49112,49060,49092,-9.,-0.02%,1043
"2025-12-15 05:00",49110,49114,49083,49101,-6.,-0.01%,588
"2025-12-15 04:00",49080,49109,49073,49107,28,+0.06%,611
"2025-12-15 03:00",49043,49086,49031,49079,34,+0.07%,779
"2025-12-15 02:00",48993,49066,48972,49045,53,+0.11%,941
"2025-12-15 01:00",49006,49022,48980,48992,-13.,-0.03%,517
"2025-12-15 00:00",49009,49016,48976,49005,-12.,-0.02%,438
"2025-12-14 23:00",49026,49034,49012,49017,-9.,-0.02%,317
"2025-12-14 22:00",48995,49033,48976,49026,31,+0.06%,171
"2025-12-14 21:00",48985,49000,48974,48995,10,+0.02%,233
"2025-12-14 20:00",48986,49010,48974,48985,-3.,-0.01%,251
"2025-12-14 19:00",48973,48989,48941,48988,14,+0.03%,509
"2025-12-14 18:00",48918,48982,48910,48974,52,+0.11%,509
"2025-12-14 17:00",48849,48928,48836,48922,14,+0.03%,577
"2025-12-12 15:00",48865,48917,48860,48908,45,+0.09%,749
"2025-12-12 14:00",48898,48940,48778,48863,-35.,-0.07%,2040
"2025-12-12 13:00",48926,48926,48842,48898,-29.,-0.06%,941
"2025-12-12 12:00",48950,49009,48906,48927,-18.,-0.04%,1064
"2025-12-12 11:00",48833,48978,48822,48945,112,+0.23%,1275
"2025-12-12 10:00",48929,48987,48738,48833,-101.,-0.21%,2676
"2025-12-12 09:00",49219,49260,48917,48934,-291.,-0.59%,2999
"2025-12-12 08:00",49249,49294,49158,49225,-21.,-0.04%,2266
"2025-12-12 07:00",49212,49248,49205,49246,31,+0.06%,97
"2025-12-12 06:00",49181,49226,49174,49215,15,+0.03%,177
"2025-12-12 05:00",49236,49257,49180,49200,-25.,-0.05%,113
"2025-12-12 04:00",49249,49249,49207,49225,-4.,-0.01%,23
"2025-12-12 03:00",49267,49276,49205,49229,-43.,-0.09%,89
"2025-12-12 02:00",49238,49299,49226,49272,33,+0.07%,139
"2025-12-12 01:00",49226,49250,49221,49239,14,+0.03%,76
"2025-12-12 00:00",49250,49259,49225,49225,-30.,-0.06%,17
"2025-12-11 23:00",49223,49255,49222,49255,31,+0.06%,30
"2025-12-11 22:00",49233,49234,49211,49224,-5.,-0.01%,17
"2025-12-11 21:00",49228,49246,49218,49229,4,+0.01%,22
"2025-12-11 20:00",49225,49245,49218,49225,-3.,-0.01%,69
"2025-12-11 19:00",49181,49232,49178,49228,52,+0.11%,91
"2025-12-11 18:00",49171,49199,49153,49176,-12.,-0.02%,42
"2025-12-11 17:00",49246,49250,49179,49188,-1.,0.00%,71
"2025-12-11 15:00",49130,49204,49130,49189,58,+0.12%,170
"2025-12-11 14:00",49156,49171,49106,49131,-24.,-0.05%,496
"2025-12-11 13:00",49088,49161,49070,49155,74,+0.15%,547
"2025-12-11 12:00",49070,49121,49054,49081,33,+0.07%,344
"2025-12-11 11:00",49012,49143,49012,49048,46,+0.09%,616
"2025-12-11 10:00",48949,49080,48906,49002,47,+0.10%,636
"2025-12-11 09:00",48652,48964,48633,48955,276,+0.57%,851
"2025-12-11 08:00",48477,48838,48472,48679,211,+0.44%,1007
"2025-12-11 07:00",48494,48505,48455,48468,-12.,-0.02%,37
"2025-12-11 06:00",48439,48514,48439,48480,45,+0.09%,64
"2025-12-11 05:00",48384,48435,48384,48435,85,+0.18%,30
"2025-12-11 04:00",48365,48370,48350,48350,-2.,0.00%,10
"2025-12-11 03:00",48312,48363,48312,48352,72,+0.15%,56
"2025-12-11 02:00",48275,48280,48237,48280,-13.,-0.03%,10
"2025-12-11 01:00",48272,48306,48233,48293,20,+0.04%,33
"2025-12-11 00:00",48247,48280,48238,48273,31,+0.06%,50
"2025-12-10 23:00",48253,48255,48227,48242,-34.,-0.07%,17
"2025-12-10 22:00",48269,48296,48269,48276,4,+0.01%,12
"2025-12-10 21:00",48363,48364,48223,48272,-111.,-0.23%,127
"2025-12-10 20:00",48450,48450,48379,48383,-96.,-0.20%,84
"2025-12-10 19:00",48468,48484,48467,48479,6,+0.01%,16
"2025-12-10 18:00",48507,48507,48473,48473,-36.,-0.07%,7
"2025-12-10 17:00",48521,48521,48509,48509,-11.,-0.02%,8
"2025-12-10 15:00",48481,48520,48478,48520,40,+0.08%,19
"2025-12-10 14:00",48520,48606,48452,48480,-40.,-0.08%,222
"2025-12-10 13:00",48191,48520,48169,48520,396,+0.82%,430
"2025-12-10 12:00",48211,48211,48103,48124,-61.,-0.13%,32
"2025-12-10 11:00",48185,48197,48139,48185,-24.,-0.05%,26
"2025-12-10 10:00",48068,48235,48062,48209,112,+0.23%,67
"2025-12-10 09:00",48071,48153,48017,48097,20,+0.04%,118
"2025-12-10 08:00",47947,48088,47870,48077,106,+0.22%,129
"2025-12-10 07:00",47950,48023,47934,47971,50,+0.10%,12
"2025-12-10 06:00",47935,47937,47921,47921,-18.,-0.04%,5
"2025-12-10 05:00",47921,47960,47918,47939,20,+0.04%,66
"2025-12-10 04:00",47988,47992,47885,47919,-69.,-0.14%,46
"2025-12-10 03:00",47965,47988,47958,47988,-26.,-0.05%,3
"2025-12-10 02:00",48001,48014,47990,48014,39,+0.08%,12
"2025-12-10 01:00",48005,48005,47975,47975,-21.,-0.04%,3
"2025-12-10 00:00",48002,48004,47996,47996,24,+0.05%,4
"2025-12-09 23:00",47972,47972,47972,47972,-24.,-0.05%,1
"2025-12-09 22:00",48000,48013,47996,47996,30,+0.06%,21
"2025-12-09 21:00",47974,47974,47957,47966,0,0.00%,6
"2025-12-09 20:00",47980,47980,47966,47966,-5.,-0.01%,3
"2025-12-09 19:00",47952,47980,47952,47971,-4.,-0.01%,5
"2025-12-09 18:00",47953,47975,47953,47975,17,+0.04%,3
"2025-12-09 17:00",47946,47971,47946,47958,20,+0.04%,6
"2025-12-09 15:00",47978,47984,47938,47938,-33.,-0.07%,26
"2025-12-09 14:00",48042,48042,47950,47971,-64.,-0.13%,27
"2025-12-09 13:00",48047,48063,47998,48035,-8.,-0.02%,15
"2025-12-09 12:00",48082,48085,47969,48043,-33.,-0.07%,31
"2025-12-09 11:00",48267,48267,48017,48076,-201.,-0.42%,53
"2025-12-09 10:00",48286,48328,48271,48277,57,+0.12%,14
"2025-12-09 09:00",48325,48325,48220,48220,-142.,-0.29%,18
"2025-12-09 08:00",48102,48362,48092,48362,255,+0.53%,133
"2025-12-09 07:00",48158,48158,48107,48107,-51.,-0.11%,4
"2025-12-09 06:00",48177,48191,48150,48158,-47.,-0.10%,5
"2025-12-09 05:00",48205,48205,48205,48205,20,+0.04%,1
"2025-12-09 04:00",48142,48185,48078,48185,23,+0.05%,52
"2025-12-09 03:00",48158,48186,48158,48162,6,+0.01%,3
"2025-12-09 02:00",48171,48171,48156,48156,-13.,-0.03%,2
"2025-12-09 01:00",48180,48180,48169,48169,14,+0.03%,5
"2025-12-08 23:00",48144,48155,48144,48155,-3.,-0.01%,5
"2025-12-08 20:00",48148,48158,48148,48158,22,+0.05%,3
"2025-12-08 19:00",48150,48152,48136,48136,-19.,-0.04%,7
"2025-12-08 18:00",48165,48166,48155,48155,16,+0.03%,6
"2025-12-08 17:00",48139,48139,48139,48139,-29.,-0.06%,1
"2025-12-08 15:00",48156,48168,48132,48168,13,+0.03%,14
"2025-12-08 14:00",48098,48155,48091,48155,81,+0.17%,18
"2025-12-08 13:00",48057,48110,48049,48074,22,+0.05%,11
"2025-12-08 12:00",48178,48178,48021,48052,-131.,-0.27%,47
"2025-12-08 11:00",48130,48186,48104,48183,15,+0.03%,21
"2025-12-08 10:00",48170,48226,48158,48168,-8.,-0.02%,32
"2025-12-08 09:00",48311,48311,48176,48176,-147.,-0.30%,25
"2025-12-08 08:00",48407,48412,48186,48323,-55.,-0.11%,51
"2025-12-08 07:00",48385,48388,48378,48378,6,+0.01%,7
"2025-12-08 06:00",48384,48384,48372,48372,4,+0.01%,3
"2025-12-08 04:00",48369,48369,48368,48368,0,0.00%,2
"2025-12-08 03:00",48356,48368,48356,48368,35,+0.07%,5
"2025-12-08 02:00",48355,48367,48333,48333,-44.,-0.09%,10
"2025-12-08 01:00",48370,48377,48370,48377,19,+0.04%,8
"2025-12-08 00:00",48368,48368,48358,48358,-21.,-0.04%,2
"2025-12-07 23:00",48368,48379,48368,48379,11,+0.02%,5
"2025-12-07 21:00",48368,48368,48368,48368,23,+0.05%,1
"2025-12-07 20:00",48346,48346,48345,48345,-5.,-0.01%,2
"2025-12-07 18:00",48323,48350,48317,48350,3,+0.01%,14
"2025-12-07 17:00",48370,48370,48347,48347,-20.,-0.04%,5
"2025-12-05 15:00",48342,48370,48342,48367,64,+0.13%,12
"2025-12-05 14:00",48398,48398,48303,48303,-126.,-0.26%,10
"2025-12-05 13:00",48423,48429,48390,48429,-7.,-0.01%,16
"2025-12-05 12:00",48414,48450,48368,48436,86,+0.18%,16
"2025-12-05 11:00",48344,48350,48276,48350,-3.,-0.01%,39
"2025-12-05 10:00",48415,48415,48288,48353,-61.,-0.13%,60
"2025-12-05 09:00",48451,48536,48400,48414,-21.,-0.04%,92
"2025-12-05 08:00",48221,48452,48221,48435,218,+0.45%,90
"2025-12-05 07:00",48320,48320,48175,48217,-92.,-0.19%,62
"2025-12-05 06:00",48331,48335,48309,48309,-17.,-0.04%,4
"2025-12-05 05:00",48281,48326,48281,48326,77,+0.16%,9
"2025-12-05 04:00",48249,48249,48249,48249,-10.,-0.02%,1
"2025-12-05 03:00",48249,48259,48249,48259,-51.,-0.11%,2
"2025-12-05 02:00",48291,48321,48291,48310,15,+0.03%,3
"2025-12-05 01:00",48290,48295,48290,48295,1,0.00%,2
"2025-12-05 00:00",48282,48294,48282,48294,-3.,-0.01%,7
"2025-12-04 23:00",48297,48297,48297,48297,-3.,-0.01%,1
"2025-12-04 21:00",48300,48300,48300,48300,-33.,-0.07%,1
"2025-12-04 20:00",48298,48333,48296,48333,35,+0.07%,3
"2025-12-04 19:00",48298,48298,48298,48298,25,+0.05%,1
"2025-12-04 18:00",48260,48273,48239,48273,23,+0.05%,3
"2025-12-04 17:00",48250,48250,48250,48250,-40.,-0.08%,1
"2025-12-04 15:00",48274,48290,48274,48290,27,+0.06%,7
"2025-12-04 14:00",48212,48263,48197,48263,27,+0.06%,9
"2025-12-04 13:00",48220,48263,48120,48236,-64.,-0.13%,29
"2025-12-04 12:00",48303,48345,48300,48300,-10.,-0.02%,5
"2025-12-04 11:00",48230,48310,48197,48310,31,+0.06%,33
"2025-12-04 10:00",48269,48290,48220,48279,-20.,-0.04%,44
"2025-12-04 09:00",48227,48360,48227,48299,47,+0.10%,59
"2025-12-04 08:00",48338,48472,48210,48252,-81.,-0.17%,97
"2025-12-04 07:00",48336,48336,48333,48333,-27.,-0.06%,3
"2025-12-04 06:00",48366,48366,48360,48360,15,+0.03%,6
"2025-12-04 04:00",48365,48365,48345,48345,-20.,-0.04%,3
"2025-12-04 03:00",48320,48365,48320,48365,45,+0.09%,3
"2025-12-04 02:00",48326,48349,48313,48320,-54.,-0.11%,5
"2025-12-04 01:00",48374,48374,48374,48374,15,+0.03%,1
"2025-12-04 00:00",48360,48360,48347,48359,-1.,0.00%,4
"2025-12-03 23:00",48360,48360,48360,48360,0,0.00%,1
"2025-12-03 22:00",48350,48360,48350,48360,-1.,0.00%,2
"2025-12-03 20:00",48340,48362,48340,48361,-2.,0.00%,6
"2025-12-03 19:00",48360,48368,48360,48363,37,+0.08%,9
"2025-12-03 18:00",48373,48373,48325,48326,-34.,-0.07%,8
"2025-12-03 17:00",48344,48360,48344,48360,-32.,-0.07%,2
"2025-12-03 15:00",48309,48428,48284,48392,83,+0.17%,95
"2025-12-03 14:00",48369,48379,48297,48309,-34.,-0.07%,47
"2025-12-03 13:00",48310,48353,48309,48343,58,+0.12%,38
"2025-12-03 12:00",48248,48323,48223,48285,47,+0.10%,68
"2025-12-03 11:00",48091,48262,48091,48238,162,+0.34%,90
"2025-12-03 10:00",48109,48190,48070,48076,-5.,-0.01%,42
"2025-12-03 09:00",47958,48123,47958,48081,137,+0.29%,65
"2025-12-03 08:00",47938,48000,47796,47944,-33.,-0.07%,137
"2025-12-03 07:00",48006,48006,47972,47977,39,+0.08%,13
"2025-12-03 06:00",47938,47938,47938,47938,-45.,-0.09%,1
"2025-12-03 05:00",47950,47983,47950,47983,-17.,-0.04%,2
"2025-12-03 04:00",48000,48000,48000,48000,2,0.00%,3
"2025-12-03 03:00",47970,47998,47970,47998,0,0.00%,5
"2025-12-03 02:00",47971,47998,47960,47998,13,+0.03%,3
"2025-12-03 01:00",47997,47997,47972,47985,8,+0.02%,3
"2025-12-03 00:00",47977,47977,47977,47977,-13.,-0.03%,1
"2025-12-02 23:00",47990,47990,47990,47990,-20.,-0.04%,1
"2025-12-02 21:00",48000,48010,48000,48010,42,+0.09%,2
"2025-12-02 20:00",47970,47980,47968,47968,-2.,0.00%,3
"2025-12-02 19:00",47970,47970,47970,47970,11,+0.02%,3
"2025-12-02 18:00",47913,47960,47901,47959,33,+0.07%,11
"2025-12-02 17:00",47926,47926,47926,47926,39,+0.08%,1
"2025-12-02 15:00",47887,47887,47887,47887,-62.,-0.13%,1
"2025-12-02 14:00",47976,48008,47946,47949,6,+0.01%,16
"2025-12-02 13:00",47886,47943,47882,47943,196,+0.41%,8
"2025-12-02 12:00",47776,47844,47739,47747,-129.,-0.27%,12
"2025-12-02 11:00",47865,47975,47865,47876,18,+0.04%,10
"2025-12-02 10:00",47962,47991,47755,47858,-116.,-0.24%,35
"2025-12-02 09:00",47837,47974,47765,47974,149,+0.31%,35
"2025-12-02 08:00",47844,47844,47700,47825,1,0.00%,46
"2025-12-02 07:00",47749,47824,47749,47824,77,+0.16%,7
"2025-12-02 06:00",47747,47747,47747,47747,-38.,-0.08%,1
"2025-12-02 05:00",47785,47785,47785,47785,0,0.00%,1
"2025-12-02 04:00",47753,47785,47753,47785,54,+0.11%,2
"2025-12-02 03:00",47718,47734,47710,47731,20,+0.04%,4
"2025-12-02 02:00",47643,47711,47643,47711,25,+0.05%,9
"2025-12-02 01:00",47670,47686,47670,47686,18,+0.04%,7
"2025-12-02 00:00",47659,47670,47638,47668,19,+0.04%,12
"2025-12-01 22:00",47675,47678,47649,47649,3,+0.01%,32
"2025-12-01 21:00",47690,47690,47631,47646,-20.,-0.04%,12
"2025-12-01 20:00",47683,47685,47666,47666,-43.,-0.09%,4
"2025-12-01 19:00",47709,47709,47709,47709,39,+0.08%,12
"2025-12-01 18:00",47686,47686,47670,47670,-11.,-0.02%,5
"2025-12-01 17:00",47681,47681,47681,47681,-28.,-0.06%,1
"2025-12-01 15:00",47696,47709,47696,47709,14,+0.03%,3
"2025-12-01 14:00",47762,47800,47690,47695,-52.,-0.11%,11
"2025-12-01 13:00",47893,47903,47747,47747,-203.,-0.42%,10
"2025-12-01 12:00",47921,47965,47921,47950,25,+0.05%,13
"2025-12-01 11:00",47900,47925,47895,47925,-3.,-0.01%,6
"2025-12-01 10:00",47836,47928,47836,47928,30,+0.06%,22
"2025-12-01 09:00",48041,48041,47750,47898,-146.,-0.30%,42
"2025-12-01 08:00",47894,48044,47825,48044,153,+0.32%,44
"2025-12-01 07:00",47891,47891,47891,47891,8,+0.02%,1
"2025-12-01 06:00",47875,47883,47860,47883,24,+0.05%,6
"2025-12-01 03:00",47932,47941,47859,47859,-51.,-0.11%,9
"2025-12-01 02:00",47877,47920,47877,47910,52,+0.11%,6
"2025-12-01 01:00",47844,47858,47825,47858,4,+0.01%,4
"2025-12-01 00:00",47854,47861,47854,47854,-11.,-0.02%,4
"2025-11-30 23:00",47833,47865,47826,47865,-8.,-0.02%,11
"2025-11-30 22:00",47885,47886,47873,47873,-30.,-0.06%,7
"2025-11-30 21:00",47903,47908,47903,47903,-9.,-0.02%,3
"2025-11-30 20:00",47926,47934,47912,47912,-59.,-0.12%,8
"2025-11-30 19:00",47977,47977,47915,47971,-8.,-0.02%,7
"2025-11-30 18:00",48086,48086,47979,47979,-91.,-0.19%,3
"2025-11-30 17:00",48070,48070,48070,48070,-43.,-0.09%,1
"2025-11-28 11:00",48125,48135,48060,48113,-23.,-0.05%,7
"2025-11-28 10:00",48108,48157,48073,48136,32,+0.07%,34
"2025-11-28 09:00",47981,48109,47980,48104,175,+0.37%,34
"2025-11-28 08:00",47929,47929,47929,47929,30,+0.06%,1
"2025-11-27 19:00",47910,47910,47899,47899,-16.,-0.03%,2
"2025-11-27 17:00",47875,47915,47875,47915,40,+0.08%,2
"2025-11-27 08:00",47875,47875,47875,47875,-8.,-0.02%,2
"2025-11-27 02:00",47883,47883,47883,47883,23,+0.05%,1
"2025-11-27 01:00",47860,47860,47860,47860,13,+0.03%,2
"2025-11-27 00:00",47858,47858,47847,47847,-30.,-0.06%,7
"2025-11-26 22:00",47866,47877,47866,47877,-1.,0.00%,2
"2025-11-26 20:00",47879,47881,47875,47878,41,+0.09%,4
"2025-11-26 17:00",47837,47837,47837,47837,-25.,-0.05%,1
"2025-11-26 15:00",47861,47868,47861,47862,-3.,-0.01%,5
"2025-11-26 14:00",47919,47919,47865,47865,-49.,-0.10%,12
"2025-11-26 13:00",47903,47950,47903,47914,24,+0.05%,11
"2025-11-26 12:00",47965,47965,47874,47890,-82.,-0.17%,12
"2025-11-26 11:00",47946,47974,47921,47972,22,+0.05%,13
"2025-11-26 10:00",47838,47951,47838,47950,115,+0.24%,75
"2025-11-26 09:00",47694,47842,47660,47835,137,+0.29%,31
"2025-11-26 08:00",47637,47817,47637,47698,86,+0.18%,63
"2025-11-26 07:00",47564,47616,47562,47612,32,+0.07%,22
"2025-11-26 06:00",47579,47580,47556,47580,-25.,-0.05%,5
"2025-11-26 05:00",47605,47606,47605,47605,-27.,-0.06%,4
"2025-11-26 02:00",47632,47632,47632,47632,-21.,-0.04%,2
"2025-11-26 01:00",47644,47678,47644,47653,14,+0.03%,11
"2025-11-26 00:00",47639,47639,47639,47639,13,+0.03%,1
"2025-11-25 23:00",47626,47626,47626,47626,-4.,-0.01%,3
"2025-11-25 21:00",47629,47630,47629,47630,25,+0.05%,2
"2025-11-25 20:00",47605,47605,47605,47605,-9.,-0.02%,1
"2025-11-25 19:00",47604,47626,47604,47614,48,+0.10%,26
"2025-11-25 18:00",47587,47587,47566,47566,1,0.00%,2
"2025-11-25 17:00",47550,47565,47550,47565,15,+0.03%,3
"2025-11-25 15:00",47562,47562,47550,47550,-30.,-0.06%,4
"2025-11-25 14:00",47488,47594,47488,47580,82,+0.17%,58
"2025-11-25 13:00",47420,47498,47414,47498,78,+0.16%,41
"2025-11-25 12:00",47401,47437,47401,47420,10,+0.02%,11
"2025-11-25 11:00",47303,47446,47303,47410,118,+0.25%,74
"2025-11-25 10:00",47178,47295,47177,47292,92,+0.19%,30
"2025-11-25 09:00",46988,47265,46907,47200,220,+0.47%,59
"2025-11-25 08:00",46876,47197,46800,46980,92,+0.20%,62
"2025-11-25 07:00",46886,46888,46886,46888,-23.,-0.05%,2
"2025-11-25 06:00",46827,46911,46827,46911,143,+0.31%,7
"2025-11-25 03:00",46830,46830,46768,46768,-8.,-0.02%,2
"2025-11-25 02:00",46808,46808,46776,46776,-48.,-0.10%,3
"2025-11-24 20:00",46824,46824,46824,46824,24,+0.05%,1
"2025-11-24 19:00",46800,46800,46800,46800,-36.,-0.08%,16
"2025-11-24 18:00",46838,46838,46836,46836,-25.,-0.05%,3
"2025-11-24 17:00",46869,46869,46861,46861,-24.,-0.05%,2
"2025-11-24 15:00",46873,46885,46873,46885,13,+0.03%,2
"2025-11-24 14:00",46880,46911,46872,46872,13,+0.03%,5
"2025-11-24 13:00",46991,46992,46859,46859,-98.,-0.21%,5
"2025-11-24 12:00",46948,46983,46948,46957,35,+0.07%,5
"2025-11-24 11:00",46860,46923,46840,46922,-1.,0.00%,11
"2025-11-24 10:00",46989,47006,46923,46923,-17.,-0.04%,4
"2025-11-24 09:00",46742,46940,46715,46940,240,+0.51%,45
"2025-11-24 08:00",46766,46766,46595,46700,-53.,-0.11%,15
"2025-11-24 07:00",46753,46753,46753,46753,45,+0.10%,1
"2025-11-24 06:00",46695,46708,46695,46708,10,+0.02%,4
"2025-11-24 05:00",46653,46698,46621,46698,88,+0.19%,6
"2025-11-24 04:00",46611,46611,46609,46610,-5.,-0.01%,3
"2025-11-24 03:00",46586,46615,46579,46615,-235.,-0.50%,4
"2025-11-24 02:00",46849,46850,46849,46850,100,+0.21%,2
"2025-11-24 01:00",46744,46750,46744,46750,-10.,-0.02%,2
"2025-11-23 22:00",46760,46760,46760,46760,-37.,-0.08%,1
"2025-11-23 20:00",46749,46797,46748,46797,30,+0.06%,4
"2025-11-23 19:00",46767,46767,46767,46767,-83.,-0.18%,1
"2025-11-23 17:00",46847,46850,46847,46850,131,+0.28%,5
"2025-11-21 15:00",46719,46719,46719,46719,8,+0.02%,1
"2025-11-21 14:00",46829,46829,46649,46711,-137.,-0.29%,10
"2025-11-21 13:00",46943,46988,46848,46848,-88.,-0.19%,36
"2025-11-21 12:00",46738,47000,46667,46936,130,+0.28%,10
"2025-11-21 11:00",46838,46903,46806,46806,11,+0.02%,25
"2025-11-21 10:00",46291,46795,46290,46795,367,+0.79%,21
"2025-11-21 09:00",46308,46509,46291,46428,112,+0.24%,27
"2025-11-21 08:00",46426,46426,46217,46316,-127.,-0.27%,39
"2025-11-21 07:00",46455,46455,46405,46443,-57.,-0.12%,16
"2025-11-21 06:00",46289,46500,46225,46500,191,+0.41%,55
"2025-11-21 05:00",46373,46396,46309,46309,-31.,-0.07%,6
"2025-11-21 04:00",46266,46340,46217,46340,-5.,-0.01%,14
"2025-11-21 03:00",46388,46388,46304,46345,12,+0.03%,4
"2025-11-21 02:00",46225,46333,46218,46333,-22.,-0.05%,4
"2025-11-21 00:00",46355,46355,46355,46355,19,+0.04%,1
"2025-11-20 23:00",46336,46336,46336,46336,1,0.00%,1
"2025-11-20 22:00",46355,46355,46310,46335,-53.,-0.11%,6
"2025-11-20 21:00",46393,46430,46388,46388,-5.,-0.01%,3
"2025-11-20 20:00",46388,46393,46368,46393,60,+0.13%,10
"2025-11-20 18:00",46273,46335,46273,46333,78,+0.17%,4
"2025-11-20 17:00",46255,46255,46155,46255,57,+0.12%,9
"2025-11-20 15:00",46155,46208,46155,46198,-2.,0.00%,6
"2025-11-20 14:00",46390,46390,46200,46200,-228.,-0.49%,3
"2025-11-20 13:00",46325,46428,46325,46428,205,+0.44%,16
"2025-11-20 12:00",46310,46568,46209,46223,-77.,-0.17%,68
"2025-11-20 11:00",46524,46539,46180,46300,-154.,-0.33%,141
"2025-11-20 10:00",47117,47117,46450,46454,-723.,-1.53%,49
"2025-11-20 09:00",47247,47291,47153,47177,-50.,-0.11%,29
"2025-11-20 08:00",47037,47252,47010,47227,204,+0.43%,56
"2025-11-20 07:00",46935,47040,46922,47023,226,+0.48%,17
"2025-11-20 06:00",46797,46797,46797,46797,-33.,-0.07%,1
"2025-11-20 03:00",46820,46830,46820,46830,-39.,-0.08%,3
"2025-11-20 02:00",46824,46869,46824,46869,-31.,-0.07%,2
"2025-11-20 01:00",46893,46900,46893,46900,29,+0.06%,2
"2025-11-19 23:00",46895,46895,46871,46871,18,+0.04%,2
"2025-11-19 21:00",46847,46853,46847,46853,-6.,-0.01%,2
"2025-11-19 20:00",46834,46859,46834,46859,79,+0.17%,6
"2025-11-19 18:00",46756,46780,46756,46780,44,+0.09%,2
"2025-11-19 17:00",46715,46736,46715,46736,118,+0.25%,2
"2025-11-19 15:00",46589,46643,46589,46618,24,+0.05%,4
"2025-11-19 14:00",46473,46650,46473,46594,139,+0.30%,13
"2025-11-19 13:00",46566,46566,46352,46455,-100.,-0.21%,12
"2025-11-19 12:00",46521,46593,46521,46555,105,+0.23%,14
"2025-11-19 11:00",46483,46493,46345,46450,53,+0.11%,20
"2025-11-19 10:00",46455,46467,46360,46397,-215.,-0.46%,26
"2025-11-19 09:00",46640,46702,46599,46612,12,+0.03%,10
"2025-11-19 08:00",46516,46600,46504,46600,0,0.00%,9
"2025-11-19 07:00",46600,46600,46600,46600,-2.,0.00%,1
"2025-11-19 05:00",46602,46602,46602,46602,0,0.00%,1
"2025-11-19 04:00",46600,46602,46590,46602,40,+0.09%,4
"2025-11-19 03:00",46562,46562,46562,46562,27,+0.06%,1
"2025-11-19 02:00",46534,46535,46534,46535,29,+0.06%,2
"2025-11-19 00:00",46506,46506,46506,46506,62,+0.13%,1
"2025-11-18 23:00",46444,46444,46444,46444,-61.,-0.13%,1
"2025-11-18 22:00",46488,46505,46476,46505,-12.,-0.03%,4
"2025-11-18 21:00",46533,46533,46517,46517,-103.,-0.22%,4
"2025-11-18 20:00",46620,46620,46620,46620,70,+0.15%,1
"2025-11-18 19:00",46550,46550,46550,46550,-37.,-0.08%,1
"2025-11-18 17:00",46530,46587,46527,46587,85,+0.18%,4
"2025-11-18 15:00",46531,46531,46502,46502,-47.,-0.10%,5
"2025-11-18 14:00",46548,46549,46548,46549,-179.,-0.38%,10
"2025-11-18 13:00",46744,46744,46728,46728,12,+0.03%,2
"2025-11-18 12:00",46739,46802,46716,46716,6,+0.01%,15
"2025-11-18 11:00",46590,46713,46362,46710,132,+0.28%,63
"2025-11-18 10:00",46389,46668,46360,46578,168,+0.36%,48
"2025-11-18 09:00",46500,46567,46410,46410,-105.,-0.23%,64
"2025-11-18 08:00",46687,46687,46500,46515,-168.,-0.36%,28
"2025-11-18 07:00",46683,46683,46683,46683,-14.,-0.03%,1
"2025-11-18 06:00",46756,46756,46672,46697,-103.,-0.22%,12
"2025-11-18 05:00",46854,46854,46800,46800,-68.,-0.15%,2
"2025-11-18 02:00",46868,46868,46868,46868,112,+0.24%,1
"2025-11-18 01:00",46755,46756,46755,46756,-44.,-0.09%,2
"2025-11-17 22:00",46891,46891,46800,46800,-259.,-0.55%,4
"2025-11-17 20:00",47089,47089,47052,47059,-45.,-0.10%,5
"2025-11-17 19:00",47104,47104,47104,47104,71,+0.15%,1
"2025-11-17 18:00",47099,47099,47033,47033,-59.,-0.13%,3
"2025-11-17 17:00",47090,47092,47090,47092,8,+0.02%,2
"2025-11-17 15:00",47084,47084,47084,47084,43,+0.09%,1
"2025-11-17 14:00",46928,47041,46923,47041,91,+0.19%,7
"2025-11-17 13:00",47224,47224,46950,46950,-278.,-0.59%,12
"2025-11-17 12:00",47392,47396,47228,47228,-226.,-0.48%,17
"2025-11-17 11:00",47454,47454,47454,47454,-55.,-0.12%,1
"2025-11-17 10:00",47417,47509,47325,47509,41,+0.09%,31
"2025-11-17 09:00",47631,47631,47468,47468,-94.,-0.20%,5
"2025-11-17 08:00",47524,47633,47501,47562,43,+0.09%,8
"2025-11-17 07:00",47519,47519,47519,47519,-72.,-0.15%,1
"2025-11-17 06:00",47591,47591,47591,47591,-8.,-0.02%,1
"2025-11-17 04:00",47605,47606,47599,47599,-44.,-0.09%,3
"2025-11-17 03:00",47643,47643,47643,47643,-73.,-0.15%,1
"2025-11-17 02:00",47709,47716,47709,47716,51,+0.11%,2
"2025-11-17 01:00",47665,47665,47665,47665,5,+0.01%,1
"2025-11-16 22:00",47660,47660,47660,47660,95,+0.20%,1
"2025-11-16 18:00",47588,47588,47565,47565,-8.,-0.02%,2
"2025-11-16 17:00",47602,47602,47495,47573,-70.,-0.15%,4
"2025-11-14 15:00",47637,47643,47637,47643,36,+0.08%,2
"2025-11-14 14:00",47602,47607,47602,47607,-111.,-0.23%,2
"2025-11-14 13:00",47717,47718,47717,47718,93,+0.20%,2
"2025-11-14 12:00",47731,47736,47625,47625,-119.,-0.25%,13
"2025-11-14 11:00",47771,47802,47744,47744,64,+0.13%,5
"2025-11-14 10:00",47615,47777,47615,47680,133,+0.28%,14
"2025-11-14 09:00",47418,47577,47349,47547,119,+0.25%,23
"2025-11-14 08:00",47614,47646,47351,47428,-117.,-0.25%,93
"2025-11-14 07:00",47627,47645,47534,47545,-111.,-0.23%,30
"2025-11-14 06:00",47667,47696,47623,47656,-14.,-0.03%,11
"2025-11-14 05:00",47784,47784,47653,47670,-164.,-0.34%,20
"2025-11-14 04:00",47857,47857,47834,47834,-13.,-0.03%,2
"2025-11-14 03:00",47849,47849,47847,47847,-11.,-0.02%,2
"2025-11-14 02:00",47800,47863,47800,47858,28,+0.06%,11
"2025-11-14 01:00",47873,47873,47830,47830,-90.,-0.19%,8
"2025-11-14 00:00",47916,47920,47868,47920,-7.,-0.01%,37
"2025-11-13 22:00",47911,47935,47911,47927,-10.,-0.02%,4
"2025-11-13 21:00",47967,47967,47937,47937,-37.,-0.08%,3
"2025-11-13 20:00",47970,47974,47970,47974,-37.,-0.08%,2
"2025-11-13 19:00",48011,48011,48011,48011,24,+0.05%,1
"2025-11-13 18:00",48011,48015,47987,47987,-19.,-0.04%,6
"2025-11-13 17:00",47978,48006,47978,48006,26,+0.05%,5
"2025-11-13 15:00",47962,47980,47962,47980,79,+0.16%,5
"2025-11-13 14:00",47922,47955,47885,47901,-74.,-0.15%,18
"2025-11-13 13:00",48038,48102,47975,47975,-107.,-0.22%,11
"2025-11-13 12:00",48193,48193,48080,48082,-146.,-0.30%,17
"2025-11-13 11:00",48258,48357,48228,48228,-18.,-0.04%,29
"2025-11-13 10:00",48398,48410,48246,48246,-177.,-0.37%,25
"2025-11-13 09:00",48692,48692,48402,48423,-233.,-0.48%,22
"2025-11-13 08:00",48601,48656,48601,48656,33,+0.07%,27
"2025-11-13 07:00",48696,48696,48623,48623,-76.,-0.16%,8
"2025-11-13 06:00",48699,48699,48699,48699,-21.,-0.04%,1
"2025-11-13 05:00",48722,48723,48720,48720,-40.,-0.08%,7
"2025-11-13 03:00",48811,48811,48734,48760,-78.,-0.16%,11
"2025-11-13 02:00",48818,48838,48817,48838,-22.,-0.05%,7
"2025-11-13 01:00",48860,48860,48860,48860,7,+0.01%,1
"2025-11-12 23:00",48853,48853,48853,48853,18,+0.04%,1
"2025-11-12 22:00",48835,48835,48835,48835,-18.,-0.04%,1
"2025-11-12 21:00",48789,48853,48789,48853,25,+0.05%,3
"2025-11-12 19:00",48828,48828,48828,48828,96,+0.20%,1
"2025-11-12 18:00",48732,48732,48732,48732,-46.,-0.09%,10
"2025-11-12 15:00",48787,48787,48778,48778,45,+0.09%,2
"2025-11-12 14:00",48726,48802,48725,48733,-46.,-0.09%,14
"2025-11-12 13:00",48757,48779,48757,48779,-29.,-0.06%,20
"2025-11-12 12:00",48808,48808,48808,48808,-46.,-0.09%,1
"2025-11-12 11:00",48797,48854,48775,48854,149,+0.31%,24
"2025-11-12 10:00",48769,48769,48705,48705,-96.,-0.20%,3
"2025-11-12 09:00",48875,48877,48777,48801,-99.,-0.20%,155
"2025-11-12 08:00",48526,48900,48525,48900,387,+0.80%,110
"2025-11-12 06:00",48505,48520,48491,48513,62,+0.13%,14
"2025-11-12 00:00",48460,48460,48451,48451,13,+0.03%,3
"2025-11-11 19:00",48438,48438,48438,48438,39,+0.08%,4
"2025-11-11 18:00",48405,48405,48399,48399,-6.,-0.01%,8
"2025-11-11 17:00",48405,48405,48405,48405,-38.,-0.08%,1
"2025-11-11 15:00",48448,48448,48443,48443,-7.,-0.01%,2
"2025-11-11 14:00",48422,48450,48407,48450,49,+0.10%,15
"2025-11-11 13:00",48370,48401,48370,48401,24,+0.05%,13
"2025-11-11 12:00",48295,48387,48295,48377,99,+0.21%,33
"2025-11-11 11:00",48154,48278,48152,48278,137,+0.28%,62
"2025-11-11 10:00",48005,48146,48005,48141,141,+0.29%,53
"2025-11-11 09:00",47915,48000,47868,48000,39,+0.08%,32
"2025-11-11 08:00",47888,47961,47863,47961,96,+0.20%,38
"2025-11-11 07:00",47865,47865,47865,47865,15,+0.03%,1
"2025-11-11 06:00",47850,47850,47850,47850,19,+0.04%,1
"2025-11-11 05:00",47831,47831,47831,47831,47,+0.10%,1
"2025-11-11 02:00",47822,47822,47784,47784,-46.,-0.10%,3
"2025-11-10 23:00",47830,47830,47830,47830,-26.,-0.05%,1
"2025-11-10 20:00",47856,47856,47856,47856,-22.,-0.05%,1
"2025-11-10 15:00",47878,47878,47878,47878,45,+0.09%,3
"2025-11-10 14:00",47840,47868,47833,47833,-36.,-0.08%,17
"2025-11-10 13:00",47789,47869,47777,47869,151,+0.32%,20
"2025-11-10 12:00",47707,47718,47707,47718,18,+0.04%,4
"2025-11-10 11:00",47548,47700,47548,47700,262,+0.55%,6
"2025-11-10 10:00",47460,47460,47438,47438,-52.,-0.11%,3
"2025-11-10 09:00",47590,47590,47490,47490,-109.,-0.23%,6
"2025-11-10 08:00",47700,47777,47599,47599,-29.,-0.06%,7
"2025-11-10 07:00",47636,47639,47625,47628,-8.,-0.02%,6
"2025-11-10 06:00",47636,47636,47636,47636,78,+0.16%,1
"2025-11-09 19:00",47561,47561,47513,47558,8,+0.02%,5
"2025-11-09 18:00",47550,47550,47550,47550,-99.,-0.21%,1
"2025-11-09 17:00",47599,47649,47599,47649,99,+0.21%,2
"2025-11-07 15:00",47461,47550,47461,47550,110,+0.23%,7
"2025-11-07 14:00",47384,47440,47320,47440,175,+0.37%,23
"2025-11-07 13:00",47222,47265,47222,47265,86,+0.18%,4
"2025-11-07 12:00",47191,47191,47179,47179,229,+0.49%,6
"2025-11-07 11:00",47010,47010,46950,46950,-60.,-0.13%,4
"2025-11-07 10:00",47115,47115,47000,47010,-150.,-0.32%,14
"2025-11-07 09:00",47287,47327,47160,47160,-135.,-0.29%,57
"2025-11-07 08:00",47179,47295,47156,47295,24,+0.05%,12
"2025-11-07 07:00",47209,47271,47209,47271,55,+0.12%,2
"2025-11-07 06:00",47217,47217,47216,47216,-136.,-0.29%,2
"2025-11-07 05:00",47352,47352,47352,47352,-29.,-0.06%,1
"2025-11-07 04:00",47381,47381,47381,47381,-75.,-0.16%,2
"2025-11-07 03:00",47456,47456,47456,47456,97,+0.20%,1
"2025-11-06 21:00",47385,47391,47359,47359,-68.,-0.14%,3
"2025-11-06 20:00",47427,47427,47427,47427,0,0.00%,21
"2025-11-06 19:00",47425,47427,47425,47427,-128.,-0.27%,8
"2025-11-06 13:00",47499,47563,47483,47555,82,+0.17%,6
"2025-11-06 12:00",47300,47473,47273,47473,103,+0.22%,12
"2025-11-06 11:00",47283,47400,47279,47370,8,+0.02%,8
"2025-11-06 10:00",47413,47418,47295,47362,-82.,-0.17%,28
"2025-11-06 09:00",47509,47620,47404,47444,-171.,-0.36%,16
"2025-11-06 08:00",47779,47780,47615,47615,-220.,-0.46%,25
"2025-11-06 07:00",47835,47835,47835,47835,22,+0.05%,1
"2025-11-06 06:00",47813,47813,47813,47813,33,+0.07%,1
"2025-11-06 04:00",47780,47780,47780,47780,35,+0.07%,1
"2025-11-06 03:00",47745,47745,47745,47745,29,+0.06%,1
"2025-11-06 02:00",47716,47716,47716,47716,-84.,-0.18%,4
"2025-11-05 22:00",47800,47800,47800,47800,-14.,-0.03%,3
"2025-11-05 17:00",47814,47814,47814,47814,0,0.00%,2
"2025-11-05 14:00",47868,47868,47814,47814,-79.,-0.16%,4
"2025-11-05 12:00",47893,47893,47893,47893,-27.,-0.06%,1
"2025-11-05 11:00",47800,47928,47800,47920,272,+0.57%,9
"2025-11-05 10:00",47648,47648,47648,47648,5,+0.01%,1
"2025-11-05 09:00",47659,47737,47643,47643,-87.,-0.18%,18
"2025-11-05 08:00",47645,47752,47560,47730,168,+0.35%,16
"2025-11-05 06:00",47562,47562,47562,47562,-6.,-0.01%,1
"2025-11-05 05:00",47568,47568,47568,47568,-43.,-0.09%,1
"2025-11-05 02:00",47622,47622,47611,47611,-21.,-0.04%,4
"2025-11-05 01:00",47632,47632,47632,47632,59,+0.12%,1
"2025-11-04 21:00",47555,47573,47555,47573,123,+0.26%,6
"2025-11-04 20:00",47491,47491,47450,47450,-25.,-0.05%,2
"2025-11-04 19:00",47475,47475,47475,47475,-71.,-0.15%,1
"2025-11-04 13:00",47547,47558,47546,47546,1,0.00%,3
"2025-11-04 12:00",47511,47549,47511,47545,-5.,-0.01%,4
"2025-11-04 11:00",47544,47550,47544,47550,-111.,-0.23%,2
"2025-11-04 09:00",47695,47734,47657,47661,70,+0.15%,14
"2025-11-04 08:00",47540,47620,47402,47591,3,+0.01%,23
"2025-11-04 07:00",47560,47588,47560,47588,2,0.00%,7
"2025-11-04 06:00",47560,47586,47550,47586,76,+0.16%,4
"2025-11-04 04:00",47408,47510,47408,47510,124,+0.26%,6
"2025-11-04 03:00",47386,47386,47386,47386,-95.,-0.20%,1
"2025-11-04 02:00",47520,47526,47481,47481,-56.,-0.12%,12
"2025-11-04 01:00",47537,47537,47537,47537,-23.,-0.05%,1
"2025-11-04 00:00",47588,47588,47560,47560,-65.,-0.14%,11
"2025-11-03 23:00",47687,47692,47625,47625,-92.,-0.19%,7
"2025-11-03 20:00",47756,47756,47713,47717,-44.,-0.09%,3
"2025-11-03 18:00",47761,47761,47761,47761,-66.,-0.14%,1
"2025-11-03 17:00",47827,47827,47827,47827,2,0.00%,1
"2025-11-03 15:00",47836,47836,47825,47825,5,+0.01%,3
"2025-11-03 14:00",47835,47865,47820,47820,-35.,-0.07%,4
"2025-11-03 13:00",47855,47855,47855,47855,0,0.00%,1
"2025-11-03 10:00",47865,47865,47855,47855,55,+0.12%,2
"2025-11-03 09:00",47866,47915,47651,47800,-112.,-0.23%,27
"2025-11-03 08:00",48074,48120,47889,47912,-134.,-0.28%,13
"2025-11-03 07:00",48026,48046,48026,48046,-99.,-0.21%,2
"2025-11-03 05:00",48138,48145,48138,48145,-15.,-0.03%,16
"2025-11-03 04:00",48120,48160,48120,48160,-52.,-0.11%,3
"2025-11-03 03:00",48212,48212,48212,48212,87,+0.18%,1
"2025-11-02 21:00",48172,48172,48125,48125,-57.,-0.12%,2
"2025-11-02 19:00",48228,48228,48182,48182,80,+0.17%,2
"2025-10-31 15:00",48102,48102,48102,48102,-95.,-0.20%,1
"2025-10-31 14:00",48173,48197,48173,48197,241,+0.50%,2
"2025-10-31 12:00",47900,47960,47893,47956,34,+0.07%,24
"2025-10-31 11:00",48042,48042,47922,47922,-106.,-0.22%,5
"2025-10-31 10:00",48035,48085,48028,48028,-138.,-0.29%,6
"2025-10-31 09:00",48048,48166,48048,48166,46,+0.10%,5
"2025-10-31 08:00",48050,48120,48039,48120,10,+0.02%,5
"2025-10-31 07:00",48168,48168,48100,48110,3,+0.01%,3
"2025-10-31 06:00",48107,48107,48107,48107,38,+0.08%,1
"2025-10-31 00:00",48069,48069,48069,48069,-46.,-0.10%,1
"2025-10-30 19:00",48085,48115,48085,48115,85,+0.18%,2
"2025-10-30 14:00",48134,48134,48030,48030,-238.,-0.49%,11
"2025-10-30 13:00",48262,48268,48262,48268,-57.,-0.12%,2
"2025-10-30 12:00",48264,48325,48264,48325,-92.,-0.19%,2
"2025-10-30 11:00",48417,48417,48417,48417,85,+0.18%,1
"2025-10-30 10:00",48500,48539,48332,48332,-155.,-0.32%,13
"2025-10-30 09:00",48367,48518,48331,48487,123,+0.25%,27
"2025-10-30 08:00",47922,48368,47922,48364,364,+0.76%,28
"2025-10-30 07:00",47947,48000,47926,48000,-10.,-0.02%,3
"2025-10-30 04:00",48010,48010,48010,48010,-263.,-0.54%,1
"2025-10-29 22:00",48273,48273,48273,48273,-18.,-0.04%,1
"2025-10-29 21:00",48289,48291,48289,48291,177,+0.37%,2
"2025-10-29 18:00",48112,48114,48112,48114,-24.,-0.05%,2
"2025-10-29 14:00",48222,48230,48138,48138,-54.,-0.11%,5
"2025-10-29 13:00",48407,48407,48000,48192,-258.,-0.53%,26
"2025-10-29 09:00",48522,48522,48450,48450,-100.,-0.21%,7
"2025-10-29 08:00",48445,48550,48445,48550,380,+0.79%,15
"2025-10-29 05:00",48136,48170,48136,48170,42,+0.09%,2
"2025-10-29 04:00",48128,48128,48128,48128,-113.,-0.23%,1
"2025-10-29 03:00",48241,48241,48241,48241,26,+0.05%,1
"2025-10-29 02:00",48216,48216,48215,48215,-3.,-0.01%,3
"2025-10-28 21:00",48202,48218,48202,48218,9,+0.02%,3
"2025-10-28 20:00",48209,48209,48209,48209,9,+0.02%,1
"2025-10-28 15:00",48200,48200,48200,48200,-192.,-0.40%,1
"2025-10-28 13:00",48452,48474,48392,48392,-8.,-0.02%,6
"2025-10-28 12:00",48474,48474,48400,48400,-8.,-0.02%,3
"2025-10-28 11:00",48354,48408,48341,48408,159,+0.33%,13
"2025-10-28 10:00",48229,48249,48224,48249,-102.,-0.21%,7
"2025-10-28 08:00",48350,48390,48257,48351,116,+0.24%,23
"2025-10-28 06:00",48138,48239,48138,48235,136,+0.28%,11
"2025-10-28 04:00",48099,48099,48099,48099,40,+0.08%,1
"2025-10-27 22:00",48059,48059,48059,48059,-51.,-0.11%,1
"2025-10-27 15:00",48091,48110,48085,48110,42,+0.09%,4
"2025-10-27 14:00",48072,48073,48068,48068,139,+0.29%,3
"2025-10-27 12:00",47929,47929,47929,47929,-45.,-0.09%,1
"2025-10-27 10:00",47974,47974,47974,47974,-8.,-0.02%,1
"2025-10-27 09:00",48030,48055,47982,47982,65,+0.14%,6
"2025-10-27 08:00",47975,47975,47917,47917,-44.,-0.09%,3
"2025-10-27 07:00",47966,47966,47961,47961,-54.,-0.11%,2
"2025-10-27 05:00",48015,48015,48015,48015,22,+0.05%,1
"2025-10-27 04:00",47993,47993,47993,47993,-78.,-0.16%,1
"2025-10-27 02:00",48071,48071,48071,48071,49,+0.10%,1
"2025-10-26 18:00",48026,48026,48022,48022,5,+0.01%,4
"2025-10-26 17:00",48017,48017,48017,48017,277,+0.58%,1
"2025-10-24 15:00",47740,47740,47740,47740,-7.,-0.01%,1
"2025-10-24 14:00",47829,47829,47747,47747,-93.,-0.19%,2
"2025-10-24 12:00",47839,47840,47839,47840,70,+0.15%,2
"2025-10-24 11:00",47822,47829,47725,47770,-36.,-0.08%,4
"2025-10-24 10:00",47740,47806,47738,47806,159,+0.33%,12
"2025-10-24 09:00",47674,47700,47600,47647,7,+0.01%,13
"2025-10-24 08:00",47491,47670,47491,47640,155,+0.33%,13
"2025-10-24 07:00",47342,47485,47340,47485,116,+0.24%,7
"2025-10-24 01:00",47369,47369,47369,47369,97,+0.21%,1
"2025-10-23 14:00",47272,47272,47272,47272,-50.,-0.11%,1
"2025-10-23 13:00",47323,47323,47322,47322,27,+0.06%,2
"2025-10-23 12:00",47220,47303,47220,47295,70,+0.15%,6
"2025-10-23 11:00",47212,47225,47212,47225,32,+0.07%,2
"2025-10-23 10:00",47152,47193,47124,47193,82,+0.17%,3
"2025-10-23 09:00",47115,47115,47111,47111,-84.,-0.18%,2
"2025-10-23 08:00",47060,47245,47015,47195,180,+0.38%,8
"2025-10-23 07:00",47015,47015,47015,47015,-21.,-0.04%,2
"2025-10-23 06:00",47069,47069,47036,47036,12,+0.03%,3
"2025-10-23 05:00",47023,47024,47023,47024,-99.,-0.21%,2
"2025-10-22 21:00",47106,47123,47106,47123,34,+0.07%,4
"2025-10-22 20:00",47089,47089,47089,47089,-6.,-0.01%,1
"2025-10-22 13:00",47000,47095,47000,47095,60,+0.13%,8
"2025-10-22 12:00",47171,47171,47010,47035,-220.,-0.47%,9
"2025-10-22 11:00",47257,47257,47060,47255,-31.,-0.07%,42
"2025-10-22 10:00",47381,47381,47286,47286,-47.,-0.10%,3
"2025-10-22 09:00",47347,47349,47285,47333,-23.,-0.05%,7
"2025-10-22 08:00",47429,47438,47356,47356,-112.,-0.24%,7
"2025-10-22 07:00",47468,47468,47468,47468,11,+0.02%,1
"2025-10-22 06:00",47433,47457,47433,47457,-9.,-0.02%,3
"2025-10-22 03:00",47460,47466,47460,47466,-9.,-0.02%,3
"2025-10-21 20:00",47456,47475,47456,47475,31,+0.07%,2
"2025-10-21 19:00",47452,47452,47444,47444,-46.,-0.10%,6
"2025-10-21 18:00",47490,47490,47490,47490,-9.,-0.02%,1
"2025-10-21 15:00",47499,47499,47499,47499,29,+0.06%,1
"2025-10-21 14:00",47515,47537,47470,47470,-119.,-0.25%,21
"2025-10-21 13:00",47589,47589,47589,47589,-21.,-0.04%,1
"2025-10-21 11:00",47610,47610,47610,47610,29,+0.06%,1
"2025-10-21 10:00",47610,47662,47581,47581,31,+0.07%,18
"2025-10-21 09:00",47320,47550,47320,47550,283,+0.60%,16
"2025-10-21 08:00",47225,47285,47216,47267,1,0.00%,4
"2025-10-21 07:00",47266,47266,47266,47266,-4.,-0.01%,1
"2025-10-21 06:00",47277,47277,47270,47270,73,+0.15%,2
"2025-10-21 04:00",47183,47197,47183,47197,49,+0.10%,2
"2025-10-21 03:00",47167,47171,47148,47148,-33.,-0.07%,7
"2025-10-21 02:00",47156,47184,47156,47181,-10.,-0.02%,6
"2025-10-21 01:00",47187,47191,47184,47191,-23.,-0.05%,4
"2025-10-21 00:00",47239,47239,47214,47214,-58.,-0.12%,2
"2025-10-20 17:00",47272,47272,47272,47272,0,0.00%,1
"2025-10-20 14:00",47272,47272,47272,47272,2,0.00%,1
"2025-10-20 13:00",47275,47275,47245,47270,50,+0.11%,4
"2025-10-20 12:00",47188,47220,47188,47220,105,+0.22%,7
"2025-10-20 11:00",47115,47115,47115,47115,-44.,-0.09%,1
"2025-10-20 09:00",46959,47159,46959,47159,255,+0.54%,13
"2025-10-20 08:00",46904,46904,46904,46904,78,+0.17%,1
"2025-10-20 05:00",46826,46826,46826,46826,6,+0.01%,1
"2025-10-20 04:00",46820,46820,46820,46820,32,+0.07%,1
"2025-10-19 22:00",46801,46801,46788,46788,40,+0.09%,2
"2025-10-17 15:00",46748,46748,46748,46748,28,+0.06%,8
"2025-10-17 14:00",46811,46811,46720,46720,-66.,-0.14%,11
"2025-10-17 13:00",46710,46800,46710,46786,198,+0.43%,17
"2025-10-17 11:00",46696,46746,46588,46588,-91.,-0.19%,26
"2025-10-17 10:00",46463,46693,46463,46679,152,+0.33%,13
"2025-10-17 09:00",46519,46734,46519,46527,-113.,-0.24%,17
"2025-10-17 08:00",46565,46680,46503,46640,167,+0.36%,37
"2025-10-17 07:00",46473,46473,46473,46473,23,+0.05%,1
"2025-10-17 06:00",46339,46463,46336,46450,227,+0.49%,20
"2025-10-17 05:00",46176,46223,46164,46223,207,+0.45%,9
"2025-10-17 03:00",46016,46016,46016,46016,-3.,-0.01%,1
"2025-10-17 02:00",46106,46106,46019,46019,-211.,-0.46%,3
"2025-10-17 01:00",46307,46307,46230,46230,-59.,-0.13%,2
"2025-10-17 00:00",46289,46289,46289,46289,-45.,-0.10%,1
"2025-10-16 23:00",46334,46334,46334,46334,-2.,0.00%,1
"2025-10-16 22:00",46362,46364,46336,46336,-64.,-0.14%,3
"2025-10-16 17:00",46400,46400,46400,46400,-66.,-0.14%,1
"2025-10-16 15:00",46466,46466,46466,46466,-24.,-0.05%,1
"2025-10-16 14:00",46421,46490,46378,46490,-37.,-0.08%,4
"2025-10-16 13:00",46474,46527,46374,46527,26,+0.06%,11
"2025-10-16 11:00",46554,46554,46501,46501,-383.,-0.82%,2
"2025-10-16 10:00",46777,46884,46777,46884,10,+0.02%,2
"2025-10-16 08:00",46932,46932,46874,46874,26,+0.06%,3
"2025-10-16 07:00",46855,46855,46848,46848,-110.,-0.23%,2
"2025-10-16 06:00",46958,46958,46958,46958,110,+0.23%,1
"2025-10-15 21:00",46865,46872,46842,46848,-78.,-0.17%,4
"2025-10-15 17:00",46926,46926,46926,46926,81,+0.17%,2
"2025-10-15 14:00",46845,46845,46845,46845,-40.,-0.09%,1
"2025-10-15 13:00",46858,46885,46855,46885,72,+0.15%,6
"2025-10-15 12:00",46813,46813,46600,46813,-78.,-0.17%,16
"2025-10-15 11:00",46932,46932,46890,46891,-50.,-0.11%,4
"2025-10-15 10:00",46941,46941,46941,46941,-309.,-0.65%,1
"2025-10-15 09:00",47229,47250,47228,47250,208,+0.44%,10
"2025-10-15 08:00",47093,47110,47042,47042,-30.,-0.06%,6
"2025-10-15 07:00",47091,47104,47072,47072,22,+0.05%,7
"2025-10-15 06:00",47050,47050,47050,47050,6,+0.01%,1
"2025-10-15 05:00",47044,47044,47044,47044,6,+0.01%,1
"2025-10-15 04:00",47038,47038,47038,47038,106,+0.23%,1
"2025-10-14 23:00",46932,46932,46932,46932,49,+0.10%,1
"2025-10-14 22:00",46901,46901,46883,46883,-29.,-0.06%,2
"2025-10-14 21:00",46900,46912,46899,46912,74,+0.16%,6
"2025-10-14 19:00",46838,46838,46838,46838,67,+0.14%,1
"2025-10-14 14:00",47059,47059,46771,46771,-233.,-0.50%,18
"2025-10-14 13:00",47022,47030,46994,47004,-55.,-0.12%,5
"2025-10-14 12:00",46872,47081,46872,47059,123,+0.26%,16
"2025-10-14 11:00",46776,46936,46776,46936,148,+0.32%,6
"2025-10-14 10:00",46667,46788,46667,46788,258,+0.55%,12
"2025-10-14 09:00",46286,46530,46286,46530,280,+0.61%,13
"2025-10-14 08:00",46305,46305,46064,46250,-15.,-0.03%,9
"2025-10-14 07:00",46302,46302,46265,46265,-119.,-0.26%,2
"2025-10-14 06:00",46330,46441,46330,46384,93,+0.20%,16
"2025-10-14 05:00",46355,46377,46284,46291,-174.,-0.37%,5
"2025-10-14 04:00",46465,46465,46465,46465,34,+0.07%,1
"2025-10-14 03:00",46374,46431,46374,46431,125,+0.27%,2
"2025-10-14 02:00",46384,46435,46306,46306,-130.,-0.28%,13
"2025-10-14 01:00",46480,46480,46436,46436,-4.,-0.01%,2
"2025-10-14 00:00",46526,46526,46385,46440,-115.,-0.25%,6
"2025-10-13 23:00",46605,46605,46542,46555,-97.,-0.21%,5
"2025-10-13 22:00",46652,46652,46652,46652,37,+0.08%,1
"2025-10-13 15:00",46615,46615,46615,46615,2,0.00%,1
"2025-10-13 14:00",46613,46613,46613,46613,62,+0.13%,1
"2025-10-13 13:00",46630,46640,46551,46551,-69.,-0.15%,9
"2025-10-13 12:00",46590,46620,46590,46620,-27.,-0.06%,3
"2025-10-13 11:00",46639,46647,46639,46647,16,+0.03%,2
"2025-10-13 10:00",46444,46673,46432,46631,181,+0.39%,19
"2025-10-13 09:00",46487,46550,46412,46450,-108.,-0.23%,26
"2025-10-13 08:00",46502,46558,46420,46558,124,+0.27%,18
"2025-10-13 07:00",46350,46440,46350,46434,64,+0.14%,3
"2025-10-13 06:00",46370,46370,46370,46370,-100.,-0.22%,1
"2025-10-13 00:00",46470,46470,46470,46470,44,+0.09%,1
"2025-10-12 23:00",46426,46426,46426,46426,-43.,-0.09%,1
"2025-10-12 21:00",46469,46469,46469,46469,30,+0.06%,1
"2025-10-12 20:00",46400,46439,46400,46439,59,+0.13%,3
"2025-10-12 19:00",46386,46400,46380,46380,-41.,-0.09%,5
"2025-10-12 18:00",46378,46421,46364,46421,-17.,-0.04%,8
"2025-10-12 17:00",46465,46465,46415,46438,587,+1.28%,8
"2025-10-10 15:00",46100,46112,45851,45851,-249.,-0.54%,12
"2025-10-10 14:00",46228,46250,46069,46100,-138.,-0.30%,53
"2025-10-10 13:00",46238,46238,46238,46238,-164.,-0.35%,10
"2025-10-10 12:00",46299,46402,46299,46402,-53.,-0.11%,9
"2025-10-10 11:00",46493,46525,46455,46455,-35.,-0.08%,7
"2025-10-10 10:00",46731,46826,46461,46490,-331.,-0.71%,162
"2025-10-10 09:00",47122,47125,46821,46821,-274.,-0.58%,15
"2025-10-10 08:00",47097,47200,47095,47095,220,+0.47%,4
"2025-10-09 13:00",46875,46875,46875,46875,-62.,-0.13%,1
"2025-10-09 12:00",46900,46952,46900,46937,-4.,-0.01%,4
"2025-10-09 11:00",46994,47004,46941,46941,-105.,-0.22%,8
"2025-10-09 10:00",46985,47046,46980,47046,81,+0.17%,6
"2025-10-09 09:00",47051,47051,46965,46965,-117.,-0.25%,6
"2025-10-09 08:00",47232,47286,47082,47082,-132.,-0.28%,25
"2025-10-09 01:00",47250,47250,47210,47214,-19.,-0.04%,4
"2025-10-09 00:00",47228,47241,47228,47233,40,+0.08%,5
"2025-10-08 23:00",47181,47193,47181,47193,36,+0.08%,4
"2025-10-08 22:00",47229,47229,47157,47157,-64.,-0.14%,4
"2025-10-08 21:00",47221,47221,47221,47221,-44.,-0.09%,1
"2025-10-08 20:00",47265,47265,47265,47265,38,+0.08%,1
"2025-10-08 14:00",47248,47249,47227,47227,-92.,-0.19%,6
"2025-10-08 12:00",47319,47319,47319,47319,46,+0.10%,1
"2025-10-08 09:00",47143,47273,47143,47273,130,+0.28%,9
"2025-10-08 08:00",47364,47364,47143,47143,-189.,-0.40%,4
"2025-10-08 07:00",47316,47332,47303,47332,32,+0.07%,3
"2025-10-08 06:00",47330,47330,47300,47300,-11.,-0.02%,4
"2025-10-08 05:00",47311,47311,47311,47311,48,+0.10%,1
"2025-10-08 04:00",47263,47263,47263,47263,15,+0.03%,1
"2025-10-08 02:00",47248,47248,47248,47248,40,+0.08%,1
"2025-10-08 01:00",47208,47208,47208,47208,-10.,-0.02%,1
"2025-10-08 00:00",47218,47218,47218,47218,-2.,0.00%,1
"2025-10-07 19:00",47194,47220,47194,47220,-25.,-0.05%,3
"2025-10-07 15:00",47245,47245,47245,47245,47,+0.10%,1
"2025-10-07 14:00",47211,47224,47198,47198,59,+0.13%,3
"2025-10-07 13:00",47115,47141,47115,47139,-3.,-0.01%,5
"2025-10-07 12:00",47190,47190,47142,47142,-13.,-0.03%,3
"2025-10-07 11:00",47066,47198,47066,47155,4,+0.01%,10
"2025-10-07 10:00",47207,47222,47145,47151,-113.,-0.24%,19
"2025-10-07 09:00",47291,47291,47221,47264,-102.,-0.22%,17
"2025-10-07 08:00",47399,47482,47366,47366,12,+0.03%,5
"2025-10-07 05:00",47330,47354,47330,47354,106,+0.22%,3
"2025-10-07 04:00",47248,47248,47248,47248,-4.,-0.01%,1
"2025-10-07 00:00",47250,47252,47250,47252,-74.,-0.16%,3
"2025-10-06 12:00",47330,47330,47326,47326,55,+0.12%,5
"2025-10-06 11:00",47271,47271,47271,47271,-56.,-0.12%,1
"2025-10-06 10:00",47327,47327,47327,47327,63,+0.13%,1
"2025-10-06 09:00",47141,47264,47089,47264,-36.,-0.08%,30
"2025-10-06 08:00",47381,47381,47300,47300,-154.,-0.32%,3
"2025-10-03 13:00",47505,47505,47454,47454,-59.,-0.12%,2
"2025-10-03 12:00",47513,47513,47513,47513,-148.,-0.31%,1
"2025-10-03 11:00",47614,47665,47614,47661,87,+0.18%,12
"2025-10-03 10:00",47508,47574,47483,47574,13,+0.03%,3
"2025-10-03 09:00",47491,47595,47491,47561,175,+0.37%,10
"2025-10-03 08:00",47318,47419,47310,47386,146,+0.31%,30
"2025-10-03 00:00",47240,47240,47240,47240,-18.,-0.04%,1
"2025-10-02 23:00",47258,47258,47258,47258,14,+0.03%,1
"2025-10-02 22:00",47244,47244,47244,47244,85,+0.18%,1
"2025-10-02 15:00",47159,47159,47159,47159,-63.,-0.13%,1
"2025-10-02 13:00",47150,47222,47150,47222,100,+0.21%,3
"2025-10-02 12:00",47120,47125,47120,47122,81,+0.17%,3
"2025-10-02 11:00",47041,47041,47041,47041,86,+0.18%,1
"2025-10-02 10:00",46955,46955,46955,46955,-36.,-0.08%,1
"2025-10-02 09:00",47002,47012,46979,46991,-222.,-0.47%,9
"2025-10-02 08:00",47129,47213,47129,47213,139,+0.30%,3
"2025-10-02 07:00",47074,47074,47074,47074,26,+0.06%,1
"2025-10-01 15:00",47073,47073,47048,47048,-67.,-0.14%,2
"2025-10-01 14:00",47115,47115,47115,47115,73,+0.16%,2
"2025-10-01 12:00",47049,47049,47042,47042,32,+0.07%,2
"2025-10-01 11:00",47051,47051,47010,47010,-126.,-0.27%,2
"2025-10-01 10:00",47032,47148,47032,47136,136,+0.29%,8
"2025-10-01 09:00",47002,47018,47000,47000,31,+0.07%,3
"2025-10-01 08:00",46901,47080,46901,46969,63,+0.13%,18
"2025-10-01 07:00",46906,46906,46906,46906,135,+0.29%,1
"2025-10-01 01:00",46771,46771,46771,46771,-222.,-0.47%,1
"2025-09-30 19:00",46993,46993,46993,46993,-30.,-0.06%,1
"2025-09-30 15:00",47023,47023,47023,47023,96,+0.20%,1
"2025-09-30 13:00",46906,46927,46906,46927,74,+0.16%,2
"2025-09-30 12:00",46853,46853,46853,46853,-19.,-0.04%,1
"2025-09-30 11:00",46876,46897,46872,46872,34,+0.07%,3
"2025-09-30 10:00",46877,46877,46838,46838,-39.,-0.08%,2
"2025-09-30 09:00",46954,46954,46877,46877,-93.,-0.20%,9
"2025-09-30 08:00",46972,46972,46970,46970,-17.,-0.04%,3
"2025-09-29 14:00",46987,46987,46987,46987,67,+0.14%,1
"2025-09-29 13:00",46920,46920,46920,46920,44,+0.09%,1
"2025-09-29 09:00",46872,46909,46872,46876,-34.,-0.07%,9
"2025-09-29 08:00",46936,46936,46910,46910,-197.,-0.42%,2
"2025-09-29 07:00",47080,47107,47080,47107,92,+0.20%,2
"2025-09-29 00:00",47052,47053,47015,47015,18,+0.04%,4
"2025-09-28 20:00",47005,47005,46997,46997,9,+0.02%,2
"2025-09-28 19:00",46988,46988,46988,46988,19,+0.04%,1
"2025-09-28 17:00",46969,46969,46969,46969,19,+0.04%,1
"2025-09-26 15:00",46950,46950,46950,46950,38,+0.08%,1
"2025-09-26 14:00",46912,46912,46912,46912,-23.,-0.05%,2
"2025-09-26 13:00",46935,46935,46935,46935,20,+0.04%,1
"2025-09-26 11:00",46856,46923,46856,46915,118,+0.25%,6
"2025-09-26 10:00",46756,46797,46756,46797,-22.,-0.05%,2
"2025-09-26 09:00",47000,47023,46794,46819,-148.,-0.32%,11
"2025-09-26 08:00",46795,46994,46795,46967,108,+0.23%,35
"2025-09-26 07:00",46781,46859,46766,46859,188,+0.40%,7
"2025-09-26 06:00",46671,46671,46671,46671,-32.,-0.07%,1
"2025-09-26 03:00",46699,46703,46699,46703,6,+0.01%,2
"2025-09-26 02:00",46697,46697,46697,46697,-4.,-0.01%,1
"2025-09-26 01:00",46705,46705,46701,46701,59,+0.13%,2
"2025-09-25 14:00",46609,46642,46593,46642,8,+0.02%,5
"2025-09-25 13:00",46456,46634,46456,46634,87,+0.19%,13
"2025-09-25 12:00",46646,46693,46544,46547,-149.,-0.32%,11
"2025-09-25 11:00",46729,46729,46696,46696,-16.,-0.03%,2
"2025-09-25 10:00",46732,46736,46633,46712,-28.,-0.06%,8
"2025-09-25 09:00",46648,46740,46648,46740,108,+0.23%,2
"2025-09-25 08:00",46650,46720,46632,46632,-114.,-0.24%,11
"2025-09-25 06:00",46746,46746,46746,46746,-114.,-0.24%,1
"2025-09-24 20:00",46860,46860,46860,46860,61,+0.13%,1
"2025-09-24 15:00",46804,46804,46799,46799,-94.,-0.20%,20
"2025-09-24 12:00",46893,46893,46893,46893,-23.,-0.05%,1
"2025-09-24 10:00",46916,46916,46916,46916,-84.,-0.18%,1
"2025-09-24 08:00",47110,47120,47000,47000,-6.,-0.01%,23
"2025-09-23 15:00",47006,47006,47006,47006,60,+0.13%,1
"2025-09-23 12:00",46946,46946,46946,46946,-154.,-0.33%,1
"2025-09-23 11:00",47100,47100,47100,47100,-82.,-0.17%,1
"2025-09-23 10:00",47267,47267,47182,47182,-88.,-0.19%,5
"2025-09-23 09:00",47370,47400,47270,47270,-50.,-0.11%,19
"2025-09-23 08:00",47187,47320,47187,47320,245,+0.52%,4
"2025-09-22 13:00",47075,47075,47075,47075,7,+0.01%,1
"2025-09-22 12:00",47068,47068,47068,47068,111,+0.24%,1
"2025-09-22 09:00",46957,46957,46957,46957,157,+0.34%,1
"2025-09-22 08:00",46800,46800,46800,46800,-47.,-0.10%,1
"2025-09-22 07:00",46847,46847,46847,46847,-61.,-0.13%,1
"2025-09-21 22:00",46908,46908,46908,46908,1,0.00%,1
"2025-09-21 20:00",46907,46907,46907,46907,-57.,-0.12%,1
"2025-09-21 17:00",46964,46964,46964,46964,-58.,-0.12%,1
"2025-09-19 14:00",47022,47022,47022,47022,173,+0.37%,1
"2025-09-19 08:00",47014,47014,46849,46849,-44.,-0.09%,5
"2025-09-18 15:00",46893,46893,46893,46893,-10.,-0.02%,1
"2025-09-18 12:00",46903,46903,46903,46903,-79.,-0.17%,4
"2025-09-18 09:00",46983,46983,46981,46982,-1.,0.00%,6
"2025-09-18 03:00",46983,46983,46983,46983,242,+0.52%,1
"2025-09-17 15:00",46741,46741,46741,46741,75,+0.16%,1
"2025-09-17 13:00",46837,46837,46666,46666,0,0.00%,7
"2025-09-17 11:00",46666,46666,46666,46666,-107.,-0.23%,19
"2025-09-17 10:00",46785,46785,46773,46773,107,+0.23%,18
"2025-09-17 09:00",46715,46715,46666,46666,-55.,-0.12%,26
"2025-09-17 08:00",46685,46738,46662,46721,235,+0.51%,56
"2025-09-17 03:00",46486,46486,46486,46486,-27.,-0.06%,1
"2025-09-17 02:00",46513,46513,46513,46513,-99.,-0.21%,1
"2025-09-15 14:00",46612,46612,46612,46612,62,+0.13%,5
"2025-09-15 10:00",46550,46550,46550,46550,-30.,-0.06%,2
"2025-09-15 09:00",46567,46580,46567,46580,-52.,-0.11%,5
"2025-09-12 09:00",46632,46632,46632,46632,-168.,-0.36%,3
"2025-09-11 13:00",46828,46828,46800,46800,23,+0.05%,10
"2025-09-11 10:00",46777,46777,46777,46777,11,+0.02%,1
"2025-09-11 09:00",46641,46766,46641,46766,386,+0.83%,5
"2025-09-09 12:00",46380,46380,46380,46380,55,+0.12%,3
"2025-09-09 01:00",46325,46325,46325,46325,258,+0.56%,1
"2025-09-08 09:00",46067,46067,46067,46067,-51.,-0.11%,1
"2025-09-08 08:00",46118,46118,46118,46118,18,+0.04%,4
"2025-09-05 12:00",46100,46100,46100,46100,-400.,-0.86%,1
"2025-09-05 08:00",46500,46500,46500,46500,144,+0.31%,1
"2025-09-05 06:00",46376,46376,46354,46356,131,+0.28%,19
"2025-09-04 12:00",46225,46225,46225,46225,15,+0.03%,1
"2025-09-04 11:00",46210,46210,46210,46210,205,+0.45%,1
"2025-09-04 05:00",46005,46005,46005,46005,5,+0.01%,1
"2025-09-04 00:00",46000,46000,46000,46000,123,+0.27%,1
"2025-09-03 08:00",46000,46000,45877,45877,30,+0.07%,2
"2025-09-02 10:00",45847,45847,45847,45847,-41.,-0.09%,1
"2025-09-02 09:00",46000,46000,45888,45888,-29.,-0.06%,3
"2025-09-02 08:00",45917,45917,45800,45917,-83.,-0.18%,5
"2025-09-02 02:00",46000,46000,46000,46000,-300.,-0.65%,1
"2025-08-31 22:00",46300,46300,46300,46300,-57.,-0.12%,1
"2025-08-31 19:00",46357,46357,46357,46357,82,+0.18%,1
"2025-08-29 12:00",46275,46275,46275,46275,150,+0.33%,1
"2025-08-25 12:00",46125,46125,46125,46125,-225.,-0.49%,1
"2025-08-25 01:00",46350,46350,46350,46350,-100.,-0.22%,1
"2025-08-22 11:00",46567,46567,46376,46450,50,+0.11%,5
"2025-08-22 10:00",46400,46400,46400,46400,-60.,-0.13%,1
"2025-08-22 09:00",46460,46460,46460,46460,956,+2.10%,1
"2025-08-21 14:00",45473,45504,45473,45504,-96.,-0.21%,2
"2025-08-21 10:00",45600,45600,45600,45600,-25.,-0.05%,15
"2025-08-13 09:00",45625,45625,45625,45625,370,+0.82%,1
"2025-08-13 02:00",45255,45255,45255,45255,176,+0.39%,1
"2025-08-12 09:00",45257,45257,45079,45079,302,+0.67%,3
"2025-08-12 07:00",44777,44777,44777,44777,-122.,-0.27%,1
"2025-08-08 09:00",44899,44899,44899,44899,-101.,-0.22%,10
"2025-08-04 15:00",45000,45000,45000,45000,675,+1.52%,1
"2025-08-01 08:00",44325,44325,44325,44325,-780.,-1.73%,1
"2025-07-30 14:00",45105,45105,45105,45105,-364.,-0.80%,1
"2025-07-23 02:00",45469,45469,45469,45469,294,+0.65%,1
"2025-07-22 09:00",45175,45175,45175,45175,-233.,-0.51%,1
"2025-07-21 10:00",45408,45408,45408,45408,20,+0.04%,1
"2025-07-17 13:00",45388,45388,45388,45388,150,+0.33%,5
"2025-07-17 08:00",45238,45238,45238,45238,233,+0.52%,5
"2025-07-15 11:00",45005,45005,45005,45005,-295.,-0.65%,1
"2025-07-14 17:00",45300,45300,45300,45300,300,+0.67%,1
"2025-07-14 00:00",45000,45000,45000,45000,-368.,-0.81%,1
"2025-07-09 08:00",45368,45368,45368,45368,-400.,-0.87%,3
"2025-07-03 09:00",45768,45768,45768,45768,168,+0.37%,5
"2025-07-03 08:00",45600,45600,45600,45600,46,+0.10%,5
"2025-07-02 02:00",45554,45554,45554,45554,81,+0.18%,1
"2025-07-01 20:00",45473,45473,45473,45473,419,+0.93%,1
"2025-07-01 08:00",45054,45054,45054,45054,254,+0.57%,1
"2025-06-27 10:00",44800,44800,44800,44800,462,+1.04%,5
"2025-06-26 14:00",44338,44338,44338,44338,438,+1.00%,10
"2025-06-25 11:00",43900,43900,43900,43900,475,+1.09%,10
"2025-06-23 14:00",43425,43425,43425,43425,420,+0.98%,1
"2025-06-23 11:00",43005,43005,43005,43005,-195.,-0.45%,1
"2025-06-23 08:00",43200,43200,43200,43200,195,+0.45%,1
"2025-06-19 01:00",43005,43005,43005,43005,1117,+2.67%,1
"2025-04-14 08:00",41888,41888,41888,41888,-1508.,-3.47%,1
"Downloaded from Barchart.com as of 03-05-2026 06:00am CST"
