Time,Open,High,Low,Latest,Change,%Change,Volume
"2026-03-04 23:30",48641,48645,48586,48589,-51.,-0.10%,454
"2026-03-04 23:00",48673,48675,48635,48640,-34.,-0.07%,327
"2026-03-04 22:30",48664,48681,48638,48674,12,+0.02%,628
"2026-03-04 22:00",48600,48664,48589,48662,60,+0.12%,1203
"2026-03-04 21:30",48605,48641,48559,48602,1,0.00%,1494
"2026-03-04 21:00",48668,48684,48592,48601,-67.,-0.14%,996
"2026-03-04 20:30",48643,48711,48622,48668,25,+0.05%,865
"2026-03-04 20:00",48663,48685,48632,48643,-19.,-0.04%,567
"2026-03-04 19:30",48733,48751,48634,48662,-73.,-0.15%,1508
"2026-03-04 19:00",48832,48834,48716,48735,-98.,-0.20%,1642
"2026-03-04 18:30",48853,48872,48826,48833,-20.,-0.04%,877
"2026-03-04 18:00",48802,48886,48789,48853,50,+0.10%,1063
"2026-03-04 17:30",48789,48826,48780,48803,12,+0.02%,387
"2026-03-04 17:00",48788,48818,48754,48791,-20.,-0.04%,656
"2026-03-04 15:30",48802,48830,48788,48811,11,+0.02%,456
"2026-03-04 15:00",48781,48825,48745,48800,17,+0.03%,2378
"2026-03-04 14:30",48858,48887,48778,48783,-77.,-0.16%,7360
"2026-03-04 14:00",48862,48883,48807,48860,-1.,0.00%,2957
"2026-03-04 13:30",48820,48890,48819,48861,43,+0.09%,2272
"2026-03-04 13:00",48826,48865,48810,48818,-4.,-0.01%,1872
"2026-03-04 12:30",48836,48874,48809,48822,-10.,-0.02%,2821
"2026-03-04 12:00",48884,48903,48790,48832,-52.,-0.11%,2424
"2026-03-04 11:30",48835,48901,48773,48884,51,+0.10%,2720
"2026-03-04 11:00",48860,48910,48830,48833,-29.,-0.06%,2839
"2026-03-04 10:30",48840,48916,48811,48862,23,+0.05%,4846
"2026-03-04 10:00",48852,48910,48761,48839,-16.,-0.03%,6801
"2026-03-04 09:30",48867,48890,48712,48855,-8.,-0.02%,7325
"2026-03-04 09:00",48567,48901,48535,48863,303,+0.62%,11190
"2026-03-04 08:30",48660,48814,48401,48560,-101.,-0.21%,19540
"2026-03-04 08:00",48684,48753,48646,48661,-24.,-0.05%,2721
"2026-03-04 07:30",48676,48728,48654,48685,8,+0.02%,2840
"2026-03-04 07:00",48534,48743,48529,48677,145,+0.30%,4397
"2026-03-04 06:30",48467,48552,48452,48532,68,+0.14%,2277
"2026-03-04 06:00",48570,48628,48457,48464,-104.,-0.21%,2798
"2026-03-04 05:30",48670,48674,48568,48568,-101.,-0.21%,1758
"2026-03-04 05:00",48647,48723,48645,48669,21,+0.04%,2223
"2026-03-04 04:30",48569,48666,48569,48648,80,+0.16%,1442
"2026-03-04 04:00",48506,48676,48500,48568,60,+0.12%,5372
"2026-03-04 03:30",48428,48514,48417,48508,80,+0.17%,2302
"2026-03-04 03:00",48379,48444,48337,48428,49,+0.10%,2474
"2026-03-04 02:30",48374,48445,48360,48379,7,+0.01%,2126
"2026-03-04 02:00",48446,48470,48350,48372,-71.,-0.15%,3821
"2026-03-04 01:30",48402,48474,48395,48443,40,+0.08%,1483
"2026-03-04 01:00",48366,48428,48305,48403,33,+0.07%,1374
"2026-03-04 00:30",48348,48406,48344,48370,24,+0.05%,700
"2026-03-04 00:00",48356,48358,48266,48346,-14.,-0.03%,904
"2026-03-03 23:30",48352,48429,48335,48360,8,+0.02%,526
"2026-03-03 23:00",48395,48424,48325,48352,-36.,-0.07%,572
"2026-03-03 22:30",48382,48412,48353,48388,0,0.00%,453
"2026-03-03 22:00",48380,48426,48366,48388,7,+0.01%,1039
"2026-03-03 21:30",48334,48381,48291,48381,44,+0.09%,952
"2026-03-03 21:00",48391,48395,48310,48337,-61.,-0.13%,667
"2026-03-03 20:30",48375,48418,48318,48398,26,+0.05%,710
"2026-03-03 20:00",48425,48456,48339,48372,-51.,-0.11%,1780
"2026-03-03 19:30",48373,48457,48354,48423,49,+0.10%,1538
"2026-03-03 19:00",48509,48543,48354,48374,-134.,-0.28%,1925
"2026-03-03 18:30",48539,48540,48435,48508,-31.,-0.06%,1579
"2026-03-03 18:00",48470,48594,48431,48539,73,+0.15%,1777
"2026-03-03 17:30",48473,48505,48456,48466,-7.,-0.01%,452
"2026-03-03 17:00",48475,48550,48436,48473,-16.,-0.03%,1081
"2026-03-03 15:30",48509,48515,48460,48489,-15.,-0.03%,869
"2026-03-03 15:00",48565,48573,48502,48504,-62.,-0.13%,1850
"2026-03-03 14:30",48638,48652,48499,48566,-75.,-0.15%,8404
"2026-03-03 14:00",48673,48717,48584,48641,-32.,-0.07%,4319
"2026-03-03 13:30",48586,48755,48503,48673,86,+0.18%,8294
"2026-03-03 13:00",48614,48655,48515,48587,-25.,-0.05%,4677
"2026-03-03 12:30",48502,48657,48495,48612,111,+0.23%,6967
"2026-03-03 12:00",48361,48550,48356,48501,142,+0.29%,5145
"2026-03-03 11:30",48356,48406,48235,48359,4,+0.01%,5316
"2026-03-03 11:00",48275,48378,48222,48355,80,+0.17%,5740
"2026-03-03 10:30",48115,48315,48034,48275,155,+0.32%,10100
"2026-03-03 10:00",47860,48158,47821,48120,261,+0.55%,10835
"2026-03-03 09:30",47703,47874,47703,47859,154,+0.32%,13536
"2026-03-03 09:00",47857,47956,47681,47705,-155.,-0.32%,16469
"2026-03-03 08:30",48026,48197,47810,47860,-165.,-0.34%,26126
"2026-03-03 08:00",48079,48084,47960,48025,-53.,-0.11%,5591
"2026-03-03 07:30",48215,48220,48018,48078,-136.,-0.28%,6854
"2026-03-03 07:00",48282,48294,48196,48214,-68.,-0.14%,3063
"2026-03-03 06:30",48257,48313,48213,48282,25,+0.05%,3444
"2026-03-03 06:00",48107,48290,48097,48257,147,+0.31%,4523
"2026-03-03 05:30",48078,48162,48078,48110,33,+0.07%,3005
"2026-03-03 05:00",48094,48131,47951,48077,-16.,-0.03%,4889
"2026-03-03 04:30",48103,48169,48025,48093,-11.,-0.02%,5054
"2026-03-03 04:00",48159,48189,48083,48104,-52.,-0.11%,3182
"2026-03-03 03:30",48248,48279,48136,48156,-94.,-0.19%,4313
"2026-03-03 03:00",48152,48278,48152,48250,102,+0.21%,4758
"2026-03-03 02:30",48241,48270,48137,48148,-96.,-0.20%,5325
"2026-03-03 02:00",48436,48442,48238,48244,-194.,-0.40%,4912
"2026-03-03 01:30",48441,48471,48417,48438,-2.,0.00%,1795
"2026-03-03 01:00",48526,48554,48416,48440,-86.,-0.18%,2603
"2026-03-03 00:30",48592,48593,48509,48526,-69.,-0.14%,1165
"2026-03-03 00:00",48577,48609,48551,48595,21,+0.04%,1183
"2026-03-02 23:30",48610,48611,48547,48574,-37.,-0.08%,1226
"2026-03-02 23:00",48597,48618,48577,48611,16,+0.03%,770
"2026-03-02 22:30",48627,48644,48580,48595,-33.,-0.07%,784
"2026-03-02 22:00",48681,48701,48610,48628,-56.,-0.12%,767
"2026-03-02 21:30",48660,48722,48647,48684,28,+0.06%,934
"2026-03-02 21:00",48700,48717,48653,48656,-40.,-0.08%,604
"2026-03-02 20:30",48667,48727,48662,48696,29,+0.06%,853
"2026-03-02 20:00",48719,48730,48627,48667,-48.,-0.10%,1673
"2026-03-02 19:30",48800,48810,48715,48715,-87.,-0.18%,896
"2026-03-02 19:00",48820,48861,48786,48802,-17.,-0.03%,859
"2026-03-02 18:30",48845,48851,48812,48819,-23.,-0.05%,459
"2026-03-02 18:00",48888,48904,48827,48842,-41.,-0.08%,799
"2026-03-02 17:30",48869,48897,48853,48883,15,+0.03%,482
"2026-03-02 17:00",48928,48935,48854,48868,-59.,-0.12%,695
"2026-03-02 15:30",48915,48932,48897,48927,11,+0.02%,574
"2026-03-02 15:00",48943,48956,48905,48916,-25.,-0.05%,1769
"2026-03-02 14:30",48886,48992,48876,48941,57,+0.12%,8957
"2026-03-02 14:00",49057,49071,48811,48884,-175.,-0.36%,7745
"2026-03-02 13:30",49084,49121,49045,49059,-23.,-0.05%,2913
"2026-03-02 13:00",48876,49086,48875,49082,203,+0.42%,4558
"2026-03-02 12:30",49000,49004,48877,48879,-119.,-0.24%,2905
"2026-03-02 12:00",49006,49038,48932,48998,-9.,-0.02%,2603
"2026-03-02 11:30",48960,49029,48944,49007,46,+0.09%,2593
"2026-03-02 11:00",48942,49046,48912,48961,18,+0.04%,3276
"2026-03-02 10:30",48753,49022,48725,48943,190,+0.39%,7349
"2026-03-02 10:00",48855,48967,48747,48753,-104.,-0.21%,6124
"2026-03-02 09:30",48838,48870,48711,48857,17,+0.03%,7138
"2026-03-02 09:00",48726,48972,48685,48840,114,+0.23%,12687
"2026-03-02 08:30",48451,48763,48432,48726,274,+0.57%,23177
"2026-03-02 08:00",48463,48484,48411,48452,-12.,-0.02%,3436
"2026-03-02 07:30",48517,48532,48450,48464,-53.,-0.11%,2166
"2026-03-02 07:00",48476,48582,48456,48517,42,+0.09%,1982
"2026-03-02 06:30",48439,48483,48417,48475,36,+0.07%,1006
"2026-03-02 06:00",48483,48516,48410,48439,-48.,-0.10%,1493
"2026-03-02 05:30",48481,48559,48458,48487,8,+0.02%,1537
"2026-03-02 05:00",48468,48508,48431,48479,18,+0.04%,799
"2026-03-02 04:30",48461,48519,48453,48461,2,0.00%,874
"2026-03-02 04:00",48432,48534,48430,48459,23,+0.05%,1586
"2026-03-02 03:30",48422,48458,48390,48436,24,+0.05%,1395
"2026-03-02 03:00",48316,48448,48289,48412,94,+0.19%,2211
"2026-03-02 02:30",48174,48375,48169,48318,144,+0.30%,2585
"2026-03-02 02:00",48259,48312,48166,48174,-86.,-0.18%,3199
"2026-03-02 01:30",48354,48379,48244,48260,-98.,-0.20%,1933
"2026-03-02 01:00",48413,48425,48278,48358,-54.,-0.11%,2859
"2026-03-02 00:30",48518,48521,48341,48412,-105.,-0.22%,1952
"2026-03-02 00:00",48514,48530,48453,48517,7,+0.01%,811
"2026-03-01 23:30",48568,48580,48507,48510,-53.,-0.11%,462
"2026-03-01 23:00",48576,48594,48555,48563,-15.,-0.03%,496
"2026-03-01 22:30",48630,48660,48574,48578,-52.,-0.11%,590
"2026-03-01 22:00",48612,48638,48560,48630,19,+0.04%,1003
"2026-03-01 21:30",48633,48633,48593,48611,-19.,-0.04%,554
"2026-03-01 21:00",48646,48656,48611,48630,-19.,-0.04%,567
"2026-03-01 20:30",48642,48688,48628,48649,9,+0.02%,774
"2026-03-01 20:00",48705,48730,48632,48640,-63.,-0.13%,1150
"2026-03-01 19:30",48663,48728,48652,48703,40,+0.08%,1364
"2026-03-01 19:00",48515,48687,48515,48663,152,+0.31%,2338
"2026-03-01 18:30",48426,48520,48396,48511,89,+0.18%,1487
"2026-03-01 18:00",48431,48499,48391,48422,-4.,-0.01%,2446
"2026-03-01 17:30",48484,48500,48421,48426,-61.,-0.13%,1298
"2026-03-01 17:00",48451,48617,48414,48487,-422.,-0.86%,3012
"2026-02-27 15:30",48929,48937,48896,48909,-19.,-0.04%,972
"2026-02-27 15:00",49000,49000,48924,48928,-72.,-0.15%,3093
"2026-02-27 14:30",48951,49024,48900,49000,48,+0.10%,11237
"2026-02-27 14:00",48802,48997,48802,48952,148,+0.30%,4774
"2026-02-27 13:30",48823,48868,48789,48804,-18.,-0.04%,3392
"2026-02-27 13:00",48917,48943,48815,48822,-94.,-0.19%,3256
"2026-02-27 12:30",48866,48922,48839,48916,45,+0.09%,2952
"2026-02-27 12:00",48867,48907,48826,48871,3,+0.01%,3751
"2026-02-27 11:30",48761,48871,48736,48868,105,+0.22%,5929
"2026-02-27 11:00",48905,48990,48761,48763,-143.,-0.29%,5167
"2026-02-27 10:30",49031,49073,48894,48906,-123.,-0.25%,5331
"2026-02-27 10:00",48938,49058,48920,49029,93,+0.19%,4931
"2026-02-27 09:30",48857,49003,48826,48936,75,+0.15%,6416
"2026-02-27 09:00",48716,48942,48699,48861,141,+0.29%,11345
"2026-02-27 08:30",48990,49124,48710,48720,-272.,-0.56%,21728
"2026-02-27 08:00",49032,49036,48972,48992,-42.,-0.09%,3268
"2026-02-27 07:30",49044,49046,48926,49034,-14.,-0.03%,5185
"2026-02-27 07:00",49157,49180,49032,49048,-110.,-0.22%,3186
"2026-02-27 06:30",49229,49242,49139,49158,-74.,-0.15%,1861
"2026-02-27 06:00",49185,49242,49152,49232,47,+0.10%,1592
"2026-02-27 05:30",49237,49250,49156,49185,-52.,-0.11%,1310
"2026-02-27 05:00",49259,49263,49205,49237,-21.,-0.04%,1722
"2026-02-27 04:30",49283,49300,49236,49258,-20.,-0.04%,1249
"2026-02-27 04:00",49327,49332,49232,49278,-51.,-0.10%,1115
"2026-02-27 03:30",49372,49373,49314,49329,-42.,-0.09%,1073
"2026-02-27 03:00",49341,49396,49336,49371,30,+0.06%,1401
"2026-02-27 02:30",49327,49345,49304,49341,15,+0.03%,469
"2026-02-27 02:00",49326,49344,49280,49326,-4.,-0.01%,906
"2026-02-27 01:30",49331,49336,49319,49330,-4.,-0.01%,324
"2026-02-27 01:00",49291,49337,49291,49334,48,+0.10%,681
"2026-02-27 00:30",49272,49301,49268,49286,17,+0.03%,308
"2026-02-27 00:00",49294,49306,49250,49269,-25.,-0.05%,376
"2026-02-26 23:30",49325,49334,49292,49294,-33.,-0.07%,217
"2026-02-26 23:00",49291,49330,49291,49327,36,+0.07%,282
"2026-02-26 22:30",49285,49304,49284,49291,4,+0.01%,167
"2026-02-26 22:00",49286,49296,49277,49287,1,0.00%,185
"2026-02-26 21:30",49277,49293,49260,49286,12,+0.02%,140
"2026-02-26 21:00",49288,49296,49270,49274,-13.,-0.03%,278
"2026-02-26 20:30",49282,49287,49253,49287,7,+0.01%,305
"2026-02-26 20:00",49253,49285,49253,49280,31,+0.06%,432
"2026-02-26 19:30",49246,49260,49228,49249,2,0.00%,466
"2026-02-26 19:00",49249,49266,49230,49247,1,0.00%,626
"2026-02-26 18:30",49265,49270,49205,49246,-17.,-0.03%,1009
"2026-02-26 18:00",49259,49293,49243,49263,4,+0.01%,804
"2026-02-26 17:30",49288,49293,49234,49259,-27.,-0.05%,885
"2026-02-26 17:00",49336,49336,49216,49286,-65.,-0.13%,1371
"2026-02-26 15:30",49476,49481,49343,49351,-124.,-0.25%,1951
"2026-02-26 15:00",49539,49565,49472,49475,-64.,-0.13%,3671
"2026-02-26 14:30",49544,49576,49520,49539,-6.,-0.01%,6850
"2026-02-26 14:00",49542,49599,49529,49545,3,+0.01%,2936
"2026-02-26 13:30",49517,49588,49508,49542,26,+0.05%,2674
"2026-02-26 13:00",49471,49577,49461,49516,44,+0.09%,4425
"2026-02-26 12:30",49350,49552,49345,49472,117,+0.24%,5988
"2026-02-26 12:00",49288,49372,49272,49355,67,+0.14%,4035
"2026-02-26 11:30",49333,49382,49261,49288,-50.,-0.10%,4316
"2026-02-26 11:00",49376,49395,49317,49338,-38.,-0.08%,4312
"2026-02-26 10:30",49545,49561,49357,49376,-169.,-0.34%,6521
"2026-02-26 10:00",49593,49605,49519,49545,-48.,-0.10%,6041
"2026-02-26 09:30",49316,49612,49285,49593,276,+0.56%,12437
"2026-02-26 09:00",49661,49688,49269,49317,-343.,-0.69%,16967
"2026-02-26 08:30",49749,49872,49646,49660,-88.,-0.18%,22815
"2026-02-26 08:00",49634,49752,49630,49748,113,+0.23%,2900
"2026-02-26 07:30",49645,49662,49616,49635,-10.,-0.02%,1049
"2026-02-26 07:00",49588,49665,49588,49645,55,+0.11%,2093
"2026-02-26 06:30",49569,49612,49553,49590,24,+0.05%,1363
"2026-02-26 06:00",49515,49571,49515,49566,52,+0.11%,943
"2026-02-26 05:30",49497,49516,49492,49514,17,+0.03%,423
"2026-02-26 05:00",49477,49498,49474,49497,22,+0.04%,297
"2026-02-26 04:30",49473,49495,49469,49475,3,+0.01%,490
"2026-02-26 04:00",49476,49476,49458,49472,-3.,-0.01%,458
"2026-02-26 03:30",49457,49505,49452,49475,17,+0.03%,1444
"2026-02-26 03:00",49427,49462,49424,49458,32,+0.06%,953
"2026-02-26 02:30",49441,49444,49410,49426,-11.,-0.02%,380
"2026-02-26 02:00",49412,49455,49399,49437,25,+0.05%,1531
"2026-02-26 01:30",49416,49434,49410,49412,-5.,-0.01%,436
"2026-02-26 01:00",49412,49435,49411,49417,6,+0.01%,534
"2026-02-26 00:30",49416,49438,49402,49411,-6.,-0.01%,547
"2026-02-26 00:00",49425,49433,49414,49417,-7.,-0.01%,310
"2026-02-25 23:30",49419,49428,49412,49424,5,+0.01%,158
"2026-02-25 23:00",49444,49444,49413,49419,-24.,-0.05%,231
"2026-02-25 22:30",49446,49451,49443,49443,-2.,0.00%,111
"2026-02-25 22:00",49453,49462,49441,49445,-11.,-0.02%,214
"2026-02-25 21:30",49449,49469,49449,49456,6,+0.01%,168
"2026-02-25 21:00",49455,49459,49445,49450,-5.,-0.01%,175
"2026-02-25 20:30",49446,49457,49437,49455,9,+0.02%,178
"2026-02-25 20:00",49467,49472,49437,49446,-19.,-0.04%,222
"2026-02-25 19:30",49422,49472,49412,49465,43,+0.09%,391
"2026-02-25 19:00",49441,49450,49418,49422,-19.,-0.04%,460
"2026-02-25 18:30",49457,49462,49440,49441,-17.,-0.03%,283
"2026-02-25 18:00",49429,49464,49422,49458,28,+0.06%,516
"2026-02-25 17:30",49496,49498,49428,49430,-66.,-0.13%,921
"2026-02-25 17:00",49483,49530,49483,49496,1,0.00%,442
"2026-02-25 15:30",49513,49579,49473,49495,-20.,-0.04%,2680
"2026-02-25 15:00",49533,49583,49491,49515,-16.,-0.03%,2916
"2026-02-25 14:30",49509,49565,49502,49531,21,+0.04%,6009
"2026-02-25 14:00",49518,49547,49504,49510,-8.,-0.02%,1880
"2026-02-25 13:30",49477,49536,49477,49518,41,+0.08%,1504
"2026-02-25 13:00",49490,49511,49467,49477,-14.,-0.03%,1406
"2026-02-25 12:30",49501,49520,49480,49491,-11.,-0.02%,1286
"2026-02-25 12:00",49524,49542,49489,49502,-22.,-0.04%,2170
"2026-02-25 11:30",49450,49532,49440,49524,76,+0.15%,2682
"2026-02-25 11:00",49465,49482,49418,49448,-21.,-0.04%,2445
"2026-02-25 10:30",49409,49490,49393,49469,62,+0.13%,3952
"2026-02-25 10:00",49338,49432,49322,49407,68,+0.14%,4723
"2026-02-25 09:30",49295,49356,49240,49339,43,+0.09%,4946
"2026-02-25 09:00",49332,49361,49263,49296,-35.,-0.07%,6902
"2026-02-25 08:30",49416,49482,49316,49331,-87.,-0.18%,18740
"2026-02-25 08:00",49410,49492,49397,49418,8,+0.02%,3777
"2026-02-25 07:30",49387,49416,49364,49410,23,+0.05%,1351
"2026-02-25 07:00",49380,49407,49376,49387,6,+0.01%,842
"2026-02-25 06:30",49373,49399,49360,49381,8,+0.02%,1029
"2026-02-25 06:00",49368,49397,49351,49373,4,+0.01%,1040
"2026-02-25 05:30",49308,49370,49308,49369,63,+0.13%,1066
"2026-02-25 05:00",49292,49310,49286,49306,17,+0.03%,304
"2026-02-25 04:30",49293,49321,49285,49289,-6.,-0.01%,386
"2026-02-25 04:00",49305,49307,49269,49295,-11.,-0.02%,474
"2026-02-25 03:30",49288,49310,49286,49306,17,+0.03%,406
"2026-02-25 03:00",49280,49297,49260,49289,13,+0.03%,409
"2026-02-25 02:30",49284,49300,49265,49276,-6.,-0.01%,451
"2026-02-25 02:00",49218,49294,49218,49282,65,+0.13%,982
"2026-02-25 01:30",49228,49228,49209,49217,-12.,-0.02%,298
"2026-02-25 01:00",49229,49241,49217,49229,1,0.00%,355
"2026-02-25 00:30",49231,49247,49224,49228,-6.,-0.01%,226
"2026-02-25 00:00",49220,49254,49210,49234,13,+0.03%,201
"2026-02-24 23:30",49223,49237,49214,49221,-2.,0.00%,222
"2026-02-24 23:00",49231,49254,49221,49223,-7.,-0.01%,158
"2026-02-24 22:30",49238,49248,49230,49230,-4.,-0.01%,161
"2026-02-24 22:00",49246,49246,49208,49234,-12.,-0.02%,208
"2026-02-24 21:30",49214,49259,49124,49246,30,+0.06%,1192
"2026-02-24 21:00",49275,49276,49209,49216,-59.,-0.12%,469
"2026-02-24 20:30",49278,49290,49261,49275,0,0.00%,297
"2026-02-24 20:00",49272,49281,49257,49275,0,0.00%,353
"2026-02-24 19:30",49253,49277,49246,49275,23,+0.05%,301
"2026-02-24 19:00",49241,49264,49234,49252,10,+0.02%,469
"2026-02-24 18:30",49205,49249,49197,49242,39,+0.08%,434
"2026-02-24 18:00",49224,49226,49200,49203,-22.,-0.04%,371
"2026-02-24 17:30",49219,49234,49205,49225,5,+0.01%,345
"2026-02-24 17:00",49206,49223,49187,49220,17,+0.03%,353
"2026-02-24 15:30",49216,49223,49199,49203,-12.,-0.02%,578
"2026-02-24 15:00",49234,49240,49214,49215,-17.,-0.03%,1434
"2026-02-24 14:30",49195,49297,49194,49232,35,+0.07%,6625
"2026-02-24 14:00",49252,49265,49189,49197,-56.,-0.11%,2010
"2026-02-24 13:30",49242,49285,49215,49253,13,+0.03%,2351
"2026-02-24 13:00",49300,49316,49220,49240,-61.,-0.12%,2742
"2026-02-24 12:30",49260,49343,49256,49301,42,+0.09%,2425
"2026-02-24 12:00",49270,49320,49252,49259,-12.,-0.02%,2101
"2026-02-24 11:30",49269,49282,49231,49271,3,+0.01%,2132
"2026-02-24 11:00",49199,49288,49197,49268,68,+0.14%,3166
"2026-02-24 10:30",49215,49215,49128,49200,-15.,-0.03%,3872
"2026-02-24 10:00",49212,49289,49195,49215,3,+0.01%,4091
"2026-02-24 09:30",49290,49299,49193,49212,-80.,-0.16%,5939
"2026-02-24 09:00",49091,49298,49002,49292,195,+0.40%,11498
"2026-02-24 08:30",48899,49311,48801,49097,200,+0.41%,31009
"2026-02-24 08:00",49007,49009,48879,48897,-111.,-0.23%,3299
"2026-02-24 07:30",48946,49022,48916,49008,59,+0.12%,1818
"2026-02-24 07:00",48910,48949,48886,48949,42,+0.09%,1760
"2026-02-24 06:30",48953,48963,48876,48907,-46.,-0.09%,1894
"2026-02-24 06:00",48983,49009,48953,48953,-27.,-0.06%,1590
"2026-02-24 05:30",48972,48984,48958,48980,9,+0.02%,561
"2026-02-24 05:00",48920,49015,48920,48971,54,+0.11%,2693
"2026-02-24 04:30",48925,48927,48902,48917,-5.,-0.01%,342
"2026-02-24 04:00",48933,48949,48913,48922,-12.,-0.02%,455
"2026-02-24 03:30",48901,48937,48868,48934,36,+0.07%,854
"2026-02-24 03:00",48857,48931,48857,48898,41,+0.08%,1621
"2026-02-24 02:30",48892,48912,48823,48857,-32.,-0.07%,1972
"2026-02-24 02:00",48921,48922,48848,48889,-30.,-0.06%,2332
"2026-02-24 01:30",48947,48954,48916,48919,-28.,-0.06%,412
"2026-02-24 01:00",48926,48957,48922,48947,19,+0.04%,680
"2026-02-24 00:30",48899,48931,48888,48928,29,+0.06%,324
"2026-02-24 00:00",48910,48914,48887,48899,-8.,-0.02%,353
"2026-02-23 23:30",48926,48929,48895,48907,-24.,-0.05%,232
"2026-02-23 23:00",48934,48951,48923,48931,-4.,-0.01%,274
"2026-02-23 22:30",48926,48938,48913,48935,9,+0.02%,208
"2026-02-23 22:00",48922,48933,48914,48926,4,+0.01%,329
"2026-02-23 21:30",48919,48928,48914,48922,0,0.00%,192
"2026-02-23 21:00",48920,48931,48915,48922,0,0.00%,306
"2026-02-23 20:30",48927,48932,48913,48922,-7.,-0.01%,409
"2026-02-23 20:00",48896,48932,48886,48929,37,+0.08%,483
"2026-02-23 19:30",48891,48900,48870,48892,1,0.00%,411
"2026-02-23 19:00",48900,48904,48872,48891,-9.,-0.02%,516
"2026-02-23 18:30",48879,48910,48867,48900,25,+0.05%,417
"2026-02-23 18:00",48889,48907,48867,48875,-14.,-0.03%,648
"2026-02-23 17:30",48899,48921,48888,48889,-9.,-0.02%,447
"2026-02-23 17:00",48903,48921,48877,48898,12,+0.02%,611
"2026-02-23 15:30",48883,48893,48873,48886,5,+0.01%,688
"2026-02-23 15:00",48864,48888,48836,48881,18,+0.04%,2604
"2026-02-23 14:30",48851,48902,48775,48863,13,+0.03%,11209
"2026-02-23 14:00",48862,48887,48801,48850,-15.,-0.03%,5594
"2026-02-23 13:30",48830,48882,48800,48865,37,+0.08%,4821
"2026-02-23 13:00",48923,48948,48821,48828,-95.,-0.19%,6061
"2026-02-23 12:30",49046,49063,48919,48923,-124.,-0.25%,4728
"2026-02-23 12:00",48920,49049,48914,49047,127,+0.26%,4542
"2026-02-23 11:30",48868,48941,48813,48920,49,+0.10%,4555
"2026-02-23 11:00",48938,48965,48866,48871,-68.,-0.14%,3372
"2026-02-23 10:30",48976,49007,48921,48939,-37.,-0.08%,5370
"2026-02-23 10:00",48977,48990,48825,48976,-3.,-0.01%,11255
"2026-02-23 09:30",49014,49055,48942,48979,-39.,-0.08%,9351
"2026-02-23 09:00",49276,49305,48963,49018,-259.,-0.53%,16950
"2026-02-23 08:30",49510,49765,49261,49277,-234.,-0.47%,23415
"2026-02-23 08:00",49474,49520,49472,49511,36,+0.07%,2227
"2026-02-23 07:30",49448,49498,49436,49475,28,+0.06%,1195
"2026-02-23 07:00",49404,49460,49383,49447,41,+0.08%,998
"2026-02-23 06:30",49444,49447,49398,49406,-38.,-0.08%,1051
"2026-02-23 06:00",49505,49527,49437,49444,-61.,-0.12%,883
"2026-02-23 05:30",49547,49553,49483,49505,-41.,-0.08%,659
"2026-02-23 05:00",49548,49586,49536,49546,1,0.00%,500
"2026-02-23 04:30",49543,49566,49537,49545,2,0.00%,377
"2026-02-23 04:00",49542,49573,49505,49543,1,0.00%,1103
"2026-02-23 03:30",49530,49555,49500,49542,13,+0.03%,1033
"2026-02-23 03:00",49479,49541,49479,49529,50,+0.10%,1100
"2026-02-23 02:30",49457,49484,49424,49479,23,+0.05%,653
"2026-02-23 02:00",49460,49479,49443,49456,-5.,-0.01%,757
"2026-02-23 01:30",49446,49471,49433,49461,15,+0.03%,478
"2026-02-23 01:00",49404,49460,49401,49446,43,+0.09%,1033
"2026-02-23 00:30",49377,49408,49374,49403,26,+0.05%,376
"2026-02-23 00:00",49377,49387,49371,49377,-2.,0.00%,283
"2026-02-22 23:30",49359,49380,49356,49379,21,+0.04%,313
"2026-02-22 23:00",49356,49359,49341,49358,2,0.00%,257
"2026-02-22 22:30",49358,49362,49342,49356,-2.,0.00%,267
"2026-02-22 22:00",49347,49369,49341,49358,9,+0.02%,341
"2026-02-22 21:30",49359,49362,49344,49349,-11.,-0.02%,332
"2026-02-22 21:00",49374,49383,49343,49360,-14.,-0.03%,561
"2026-02-22 20:30",49387,49393,49369,49374,-18.,-0.04%,349
"2026-02-22 20:00",49390,49411,49363,49392,2,0.00%,735
"2026-02-22 19:30",49427,49434,49386,49390,-38.,-0.08%,659
"2026-02-22 19:00",49422,49445,49398,49428,2,0.00%,1644
"2026-02-22 18:30",49484,49493,49420,49426,-57.,-0.12%,763
"2026-02-22 18:00",49581,49581,49467,49483,-96.,-0.19%,958
"2026-02-22 17:30",49579,49589,49538,49579,-2.,0.00%,961
"2026-02-22 17:00",49642,49671,49570,49581,-99.,-0.20%,600
"2026-02-20 15:30",49678,49688,49666,49680,0,0.00%,386
"2026-02-20 15:00",49678,49719,49661,49680,1,0.00%,1986
"2026-02-20 14:30",49631,49686,49605,49679,45,+0.09%,5742
"2026-02-20 14:00",49578,49669,49575,49634,56,+0.11%,2780
"2026-02-20 13:30",49605,49633,49544,49578,-27.,-0.05%,2444
"2026-02-20 13:00",49650,49681,49558,49605,-47.,-0.09%,3006
"2026-02-20 12:30",49416,49675,49370,49652,239,+0.48%,10680
"2026-02-20 12:00",49485,49506,49358,49413,-74.,-0.15%,5814
"2026-02-20 11:30",49315,49507,49299,49487,173,+0.35%,6225
"2026-02-20 11:00",49555,49576,49265,49314,-240.,-0.48%,7907
"2026-02-20 10:30",49424,49598,49403,49554,129,+0.26%,5460
"2026-02-20 10:00",49573,49597,49425,49425,-151.,-0.30%,5271
"2026-02-20 09:30",49568,49608,49449,49576,8,+0.02%,8550
"2026-02-20 09:00",49416,49775,49368,49568,162,+0.33%,19651
"2026-02-20 08:30",49322,49412,49204,49406,83,+0.17%,21036
"2026-02-20 08:00",49369,49384,49287,49323,-47.,-0.10%,3148
"2026-02-20 07:30",49453,49457,49312,49370,-76.,-0.15%,2834
"2026-02-20 07:00",49393,49454,49385,49446,53,+0.11%,1025
"2026-02-20 06:30",49377,49399,49353,49393,15,+0.03%,1191
"2026-02-20 06:00",49405,49424,49364,49378,-24.,-0.05%,1085
"2026-02-20 05:30",49435,49453,49394,49402,-32.,-0.06%,634
"2026-02-20 05:00",49460,49462,49391,49434,-27.,-0.05%,1192
"2026-02-20 04:30",49516,49519,49461,49461,-52.,-0.11%,711
"2026-02-20 04:00",49524,49538,49508,49513,-11.,-0.02%,391
"2026-02-20 03:30",49570,49572,49517,49524,-47.,-0.09%,665
"2026-02-20 03:00",49559,49604,49558,49571,11,+0.02%,1030
"2026-02-20 02:30",49544,49568,49512,49560,19,+0.04%,562
"2026-02-20 02:00",49526,49543,49507,49541,15,+0.03%,850
"2026-02-20 01:30",49527,49539,49507,49526,-3.,-0.01%,316
"2026-02-20 01:00",49545,49548,49529,49529,-17.,-0.03%,373
"2026-02-20 00:30",49552,49557,49534,49546,-7.,-0.01%,204
"2026-02-20 00:00",49551,49564,49543,49553,4,+0.01%,305
"2026-02-19 23:30",49541,49553,49528,49549,10,+0.02%,253
"2026-02-19 23:00",49520,49540,49518,49539,21,+0.04%,267
"2026-02-19 22:30",49521,49524,49516,49518,-1.,0.00%,127
"2026-02-19 22:00",49503,49526,49502,49519,13,+0.03%,191
"2026-02-19 21:30",49509,49513,49500,49506,-4.,-0.01%,173
"2026-02-19 21:00",49512,49523,49508,49510,-2.,0.00%,171
"2026-02-19 20:30",49492,49512,49485,49512,21,+0.04%,251
"2026-02-19 20:00",49499,49528,49488,49491,-7.,-0.01%,431
"2026-02-19 19:30",49510,49510,49489,49498,-13.,-0.03%,369
"2026-02-19 19:00",49492,49527,49489,49511,20,+0.04%,498
"2026-02-19 18:30",49471,49496,49471,49491,21,+0.04%,333
"2026-02-19 18:00",49467,49480,49442,49470,4,+0.01%,462
"2026-02-19 17:30",49462,49482,49458,49466,4,+0.01%,221
"2026-02-19 17:00",49432,49468,49427,49462,41,+0.08%,290
"2026-02-19 15:30",49466,49466,49420,49421,-46.,-0.09%,391
"2026-02-19 15:00",49461,49494,49432,49467,5,+0.01%,1975
"2026-02-19 14:30",49393,49465,49384,49462,70,+0.14%,5311
"2026-02-19 14:00",49337,49429,49335,49392,58,+0.12%,2727
"2026-02-19 13:30",49400,49408,49289,49334,-64.,-0.13%,3130
"2026-02-19 13:00",49403,49453,49380,49398,-7.,-0.01%,2583
"2026-02-19 12:30",49301,49415,49279,49405,103,+0.21%,2887
"2026-02-19 12:00",49350,49384,49258,49302,-52.,-0.11%,4053
"2026-02-19 11:30",49467,49489,49330,49354,-116.,-0.23%,3979
"2026-02-19 11:00",49441,49526,49353,49470,31,+0.06%,4629
"2026-02-19 10:30",49462,49542,49377,49439,-21.,-0.04%,4800
"2026-02-19 10:00",49589,49602,49453,49460,-131.,-0.26%,3863
"2026-02-19 09:30",49528,49673,49512,49591,61,+0.12%,6500
"2026-02-19 09:00",49546,49625,49452,49530,-15.,-0.03%,9139
"2026-02-19 08:30",49577,49624,49403,49545,-32.,-0.06%,18778
"2026-02-19 08:00",49552,49579,49520,49577,26,+0.05%,1958
"2026-02-19 07:30",49562,49602,49520,49551,-5.,-0.01%,1685
"2026-02-19 07:00",49612,49616,49541,49556,-55.,-0.11%,1251
"2026-02-19 06:30",49615,49637,49593,49611,-5.,-0.01%,753
"2026-02-19 06:00",49582,49633,49522,49616,33,+0.07%,1544
"2026-02-19 05:30",49572,49588,49544,49583,12,+0.02%,545
"2026-02-19 05:00",49543,49581,49524,49571,31,+0.06%,816
"2026-02-19 04:30",49533,49560,49520,49540,9,+0.02%,712
"2026-02-19 04:00",49628,49628,49517,49531,-99.,-0.20%,2116
"2026-02-19 03:30",49659,49673,49585,49630,-29.,-0.06%,1206
"2026-02-19 03:00",49676,49694,49652,49659,-7.,-0.01%,783
"2026-02-19 02:30",49771,49781,49657,49666,-102.,-0.20%,745
"2026-02-19 02:00",49743,49786,49728,49768,25,+0.05%,847
"2026-02-19 01:30",49777,49788,49739,49743,-35.,-0.07%,364
"2026-02-19 01:00",49768,49785,49747,49778,13,+0.03%,357
"2026-02-19 00:30",49736,49766,49736,49765,30,+0.06%,381
"2026-02-19 00:00",49737,49746,49723,49735,-2.,0.00%,158
"2026-02-18 23:30",49716,49747,49716,49737,22,+0.04%,284
"2026-02-18 23:00",49697,49716,49678,49715,17,+0.03%,258
"2026-02-18 22:30",49712,49722,49696,49698,-15.,-0.03%,186
"2026-02-18 22:00",49724,49734,49710,49713,-10.,-0.02%,198
"2026-02-18 21:30",49745,49751,49705,49723,-23.,-0.05%,307
"2026-02-18 21:00",49737,49749,49730,49746,10,+0.02%,178
"2026-02-18 20:30",49742,49751,49728,49736,-4.,-0.01%,203
"2026-02-18 20:00",49726,49742,49712,49740,17,+0.03%,257
"2026-02-18 19:30",49716,49726,49689,49723,9,+0.02%,404
"2026-02-18 19:00",49681,49741,49675,49714,31,+0.06%,482
"2026-02-18 18:30",49682,49700,49676,49683,1,0.00%,446
"2026-02-18 18:00",49717,49720,49679,49682,-33.,-0.07%,342
"2026-02-18 17:30",49735,49744,49711,49715,-20.,-0.04%,209
"2026-02-18 17:00",49697,49756,49681,49735,25,+0.05%,214
"2026-02-18 15:30",49713,49720,49690,49710,-4.,-0.01%,638
"2026-02-18 15:00",49727,49735,49703,49714,-13.,-0.03%,1696
"2026-02-18 14:30",49608,49790,49604,49727,118,+0.24%,7357
"2026-02-18 14:00",49646,49689,49592,49609,-35.,-0.07%,3426
"2026-02-18 13:30",49740,49754,49596,49644,-97.,-0.20%,5000
"2026-02-18 13:00",49757,49805,49685,49741,-22.,-0.04%,3520
"2026-02-18 12:30",49839,49864,49708,49763,-75.,-0.15%,4288
"2026-02-18 12:00",49897,49930,49807,49838,-60.,-0.12%,2885
"2026-02-18 11:30",49906,49920,49867,49898,-9.,-0.02%,1619
"2026-02-18 11:00",49864,49951,49844,49907,47,+0.09%,2405
"2026-02-18 10:30",49879,49901,49843,49860,-21.,-0.04%,2391
"2026-02-18 10:00",49924,49954,49854,49881,-42.,-0.08%,2876
"2026-02-18 09:30",49882,49952,49860,49923,41,+0.08%,4193
"2026-02-18 09:00",49819,49967,49813,49882,64,+0.13%,7766
"2026-02-18 08:30",49712,49872,49489,49818,106,+0.21%,18764
"2026-02-18 08:00",49641,49718,49631,49712,72,+0.15%,2552
"2026-02-18 07:30",49749,49768,49623,49640,-105.,-0.21%,1961
"2026-02-18 07:00",49708,49750,49692,49745,40,+0.08%,1016
"2026-02-18 06:30",49722,49724,49638,49705,-19.,-0.04%,1767
"2026-02-18 06:00",49785,49805,49721,49724,-59.,-0.12%,2220
"2026-02-18 05:30",49820,49823,49773,49783,-37.,-0.07%,798
"2026-02-18 05:00",49862,49865,49819,49820,-42.,-0.08%,577
"2026-02-18 04:30",49868,49871,49841,49862,-6.,-0.01%,578
"2026-02-18 04:00",49824,49874,49824,49868,41,+0.08%,544
"2026-02-18 03:30",49839,49873,49825,49827,-12.,-0.02%,1136
"2026-02-18 03:00",49812,49849,49802,49839,27,+0.05%,1307
"2026-02-18 02:30",49741,49818,49741,49812,69,+0.14%,942
"2026-02-18 02:00",49680,49768,49678,49743,64,+0.13%,1153
"2026-02-18 01:30",49668,49692,49664,49679,11,+0.02%,285
"2026-02-18 01:00",49656,49668,49644,49668,11,+0.02%,223
"2026-02-18 00:30",49663,49683,49643,49657,-3.,-0.01%,159
"2026-02-18 00:00",49653,49668,49643,49660,7,+0.01%,195
"2026-02-17 23:30",49655,49669,49646,49653,-1.,0.00%,104
"2026-02-17 23:00",49649,49664,49641,49654,4,+0.01%,216
"2026-02-17 22:30",49633,49655,49633,49650,15,+0.03%,283
"2026-02-17 22:00",49624,49639,49617,49635,6,+0.01%,186
"2026-02-17 21:30",49580,49634,49580,49629,49,+0.10%,289
"2026-02-17 21:00",49586,49602,49570,49580,-3.,-0.01%,185
"2026-02-17 20:30",49582,49601,49580,49583,3,+0.01%,192
"2026-02-17 20:00",49588,49606,49572,49580,-6.,-0.01%,246
"2026-02-17 19:30",49564,49588,49557,49586,19,+0.04%,257
"2026-02-17 19:00",49559,49586,49551,49567,6,+0.01%,448
"2026-02-17 18:30",49575,49587,49550,49561,-7.,-0.01%,484
"2026-02-17 18:00",49543,49600,49542,49568,25,+0.05%,399
"2026-02-17 17:30",49601,49606,49542,49543,-53.,-0.11%,410
"2026-02-17 17:00",49619,49631,49563,49596,-28.,-0.06%,419
"2026-02-17 15:30",49634,49635,49606,49624,-11.,-0.02%,546
"2026-02-17 15:00",49623,49647,49588,49635,10,+0.02%,2156
"2026-02-17 14:30",49626,49652,49558,49625,-3.,-0.01%,6144
"2026-02-17 14:00",49662,49685,49615,49628,-32.,-0.06%,2234
"2026-02-17 13:30",49682,49723,49639,49660,-21.,-0.04%,2451
"2026-02-17 13:00",49714,49733,49660,49681,-39.,-0.08%,3318
"2026-02-17 12:30",49595,49761,49567,49720,129,+0.26%,4284
"2026-02-17 12:00",49536,49602,49449,49591,55,+0.11%,4224
"2026-02-17 11:30",49618,49635,49408,49536,-81.,-0.16%,5355
"2026-02-17 11:00",49648,49658,49517,49617,-31.,-0.06%,3811
"2026-02-17 10:30",49612,49695,49554,49648,34,+0.07%,5312
"2026-02-17 10:00",49404,49722,49388,49614,208,+0.42%,8910
"2026-02-17 09:30",49343,49407,49240,49406,61,+0.12%,7792
"2026-02-17 09:00",49398,49485,49298,49345,-55.,-0.11%,11910
"2026-02-17 08:30",49568,49794,49390,49400,-169.,-0.34%,23942
"2026-02-17 08:00",49480,49569,49479,49569,89,+0.18%,2502
"2026-02-17 07:30",49506,49590,49443,49480,-19.,-0.04%,3528
"2026-02-17 07:00",49446,49517,49345,49499,53,+0.11%,2687
"2026-02-17 06:30",49495,49495,49430,49446,-48.,-0.10%,1245
"2026-02-17 06:00",49536,49569,49491,49494,-44.,-0.09%,977
"2026-02-17 05:30",49510,49551,49490,49538,27,+0.05%,1056
"2026-02-17 05:00",49475,49511,49465,49511,34,+0.07%,712
"2026-02-17 04:30",49548,49549,49474,49477,-71.,-0.14%,737
"2026-02-17 04:00",49582,49594,49543,49548,-30.,-0.06%,370
"2026-02-17 03:30",49542,49591,49541,49578,40,+0.08%,511
"2026-02-17 03:00",49536,49559,49502,49538,3,+0.01%,896
"2026-02-17 02:30",49556,49565,49508,49535,-23.,-0.05%,825
"2026-02-17 02:00",49473,49603,49468,49558,88,+0.18%,1623
"2026-02-17 01:30",49387,49477,49375,49470,87,+0.18%,905
"2026-02-17 01:00",49429,49433,49371,49383,-48.,-0.10%,549
"2026-02-17 00:30",49425,49439,49407,49431,10,+0.02%,316
"2026-02-17 00:00",49378,49438,49378,49421,43,+0.09%,449
"2026-02-16 23:30",49408,49410,49359,49378,-29.,-0.06%,581
"2026-02-16 23:00",49427,49427,49370,49407,-20.,-0.04%,421
"2026-02-16 22:30",49431,49431,49407,49427,-9.,-0.02%,173
"2026-02-16 22:00",49419,49439,49413,49436,17,+0.03%,216
"2026-02-16 21:30",49430,49432,49387,49419,-19.,-0.04%,744
"2026-02-16 21:00",49474,49475,49416,49438,-39.,-0.08%,867
"2026-02-16 20:30",49472,49492,49457,49477,7,+0.01%,517
"2026-02-16 20:00",49438,49477,49400,49470,27,+0.05%,1171
"2026-02-16 19:30",49556,49574,49421,49443,-111.,-0.22%,1637
"2026-02-16 19:00",49591,49615,49549,49554,-32.,-0.06%,741
"2026-02-16 18:30",49638,49645,49581,49586,-57.,-0.11%,385
"2026-02-16 18:00",49664,49668,49619,49643,-18.,-0.04%,406
"2026-02-16 17:30",49672,49691,49653,49661,-9.,-0.02%,313
"2026-02-16 17:00",49606,49679,49605,49670,64,+0.13%,343
"2026-02-16 11:30",49618,49642,49588,49606,-12.,-0.02%,922
"2026-02-16 11:00",49613,49628,49592,49618,6,+0.01%,782
"2026-02-16 10:30",49627,49649,49579,49612,-15.,-0.03%,1751
"2026-02-16 10:00",49577,49665,49556,49627,50,+0.10%,2189
"2026-02-16 09:30",49631,49645,49571,49577,-57.,-0.11%,1909
"2026-02-16 09:00",49705,49737,49632,49634,-72.,-0.14%,1501
"2026-02-16 08:30",49692,49726,49623,49706,13,+0.03%,2885
"2026-02-16 08:00",49766,49771,49684,49693,-76.,-0.15%,1224
"2026-02-16 07:30",49765,49783,49755,49769,0,0.00%,296
"2026-02-16 07:00",49750,49769,49725,49769,17,+0.03%,344
"2026-02-16 06:30",49798,49798,49743,49752,-44.,-0.09%,251
"2026-02-16 06:00",49774,49804,49757,49796,22,+0.04%,253
"2026-02-16 05:30",49787,49788,49764,49774,-10.,-0.02%,178
"2026-02-16 05:00",49772,49790,49740,49784,14,+0.03%,389
"2026-02-16 04:30",49768,49792,49756,49770,-2.,0.00%,417
"2026-02-16 04:00",49800,49801,49763,49772,-28.,-0.06%,336
"2026-02-16 03:30",49813,49817,49794,49800,-15.,-0.03%,319
"2026-02-16 03:00",49756,49820,49749,49815,59,+0.12%,581
"2026-02-16 02:30",49723,49764,49699,49756,33,+0.07%,372
"2026-02-16 02:00",49704,49766,49677,49723,20,+0.04%,783
"2026-02-16 01:30",49673,49705,49671,49703,29,+0.06%,242
"2026-02-16 01:00",49648,49682,49644,49674,24,+0.05%,295
"2026-02-16 00:30",49634,49655,49621,49650,11,+0.02%,123
"2026-02-16 00:00",49614,49640,49611,49639,23,+0.05%,120
"2026-02-15 23:30",49645,49645,49609,49616,-31.,-0.06%,140
"2026-02-15 23:00",49639,49648,49629,49647,7,+0.01%,114
"2026-02-15 22:30",49654,49658,49636,49640,-15.,-0.03%,86
"2026-02-15 22:00",49635,49664,49635,49655,19,+0.04%,101
"2026-02-15 21:30",49622,49637,49613,49636,12,+0.02%,136
"2026-02-15 21:00",49649,49649,49622,49624,-21.,-0.04%,132
"2026-02-15 20:30",49648,49656,49642,49645,1,0.00%,101
"2026-02-15 20:00",49670,49681,49637,49644,-29.,-0.06%,216
"2026-02-15 19:30",49628,49675,49622,49673,44,+0.09%,159
"2026-02-15 19:00",49616,49646,49609,49629,15,+0.03%,280
"2026-02-15 18:30",49606,49621,49597,49614,8,+0.02%,232
"2026-02-15 18:00",49588,49612,49569,49606,12,+0.02%,490
"2026-02-15 17:30",49583,49596,49538,49594,19,+0.04%,404
"2026-02-15 17:00",49549,49624,49506,49575,49,+0.10%,595
"2026-02-13 15:30",49540,49548,49512,49526,-12.,-0.02%,483
"2026-02-13 15:00",49564,49588,49528,49538,-25.,-0.05%,1919
"2026-02-13 14:30",49470,49586,49427,49563,91,+0.18%,8933
"2026-02-13 14:00",49557,49636,49452,49472,-85.,-0.17%,4043
"2026-02-13 13:30",49660,49696,49549,49557,-103.,-0.21%,3659
"2026-02-13 13:00",49654,49740,49635,49660,8,+0.02%,2736
"2026-02-13 12:30",49747,49779,49630,49652,-93.,-0.19%,3165
"2026-02-13 12:00",49732,49817,49665,49745,13,+0.03%,4210
"2026-02-13 11:30",49719,49778,49712,49732,16,+0.03%,3504
"2026-02-13 11:00",49714,49793,49697,49716,4,+0.01%,4516
"2026-02-13 10:30",49667,49766,49606,49712,45,+0.09%,5518
"2026-02-13 10:00",49565,49698,49542,49667,105,+0.21%,6713
"2026-02-13 09:30",49573,49685,49475,49562,-11.,-0.02%,8554
"2026-02-13 09:00",49399,49606,49379,49573,176,+0.36%,12538
"2026-02-13 08:30",49544,49552,49155,49397,-149.,-0.30%,27517
"2026-02-13 08:00",49542,49582,49486,49546,3,+0.01%,3213
"2026-02-13 07:30",49438,49592,49438,49543,88,+0.18%,6363
"2026-02-13 07:00",49412,49462,49350,49455,44,+0.09%,3160
"2026-02-13 06:30",49409,49461,49381,49411,1,0.00%,1665
"2026-02-13 06:00",49382,49420,49356,49410,27,+0.05%,1421
"2026-02-13 05:30",49342,49383,49298,49383,37,+0.07%,1604
"2026-02-13 05:00",49375,49382,49323,49346,-26.,-0.05%,1444
"2026-02-13 04:30",49450,49454,49369,49372,-77.,-0.16%,1060
"2026-02-13 04:00",49421,49470,49414,49449,24,+0.05%,640
"2026-02-13 03:30",49462,49470,49417,49425,-37.,-0.07%,725
"2026-02-13 03:00",49433,49482,49382,49462,29,+0.06%,1054
"2026-02-13 02:30",49443,49477,49415,49433,-11.,-0.02%,907
"2026-02-13 02:00",49448,49487,49358,49444,-3.,-0.01%,1870
"2026-02-13 01:30",49447,49456,49411,49447,-4.,-0.01%,744
"2026-02-13 01:00",49429,49477,49429,49451,24,+0.05%,926
"2026-02-13 00:30",49392,49437,49358,49427,37,+0.07%,884
"2026-02-13 00:00",49432,49442,49374,49390,-38.,-0.08%,632
"2026-02-12 23:30",49425,49444,49412,49428,5,+0.01%,709
"2026-02-12 23:00",49495,49501,49419,49423,-74.,-0.15%,627
"2026-02-12 22:30",49528,49530,49491,49497,-33.,-0.07%,215
"2026-02-12 22:00",49498,49543,49489,49530,33,+0.07%,338
"2026-02-12 21:30",49536,49556,49491,49497,-38.,-0.08%,445
"2026-02-12 21:00",49548,49560,49527,49535,-12.,-0.02%,468
"2026-02-12 20:30",49546,49568,49544,49547,1,0.00%,382
"2026-02-12 20:00",49528,49564,49528,49546,21,+0.04%,681
"2026-02-12 19:30",49547,49563,49511,49525,-23.,-0.05%,788
"2026-02-12 19:00",49498,49558,49496,49548,51,+0.10%,1306
"2026-02-12 18:30",49515,49522,49471,49497,-22.,-0.04%,1116
"2026-02-12 18:00",49544,49586,49510,49519,-27.,-0.05%,1367
"2026-02-12 17:30",49563,49569,49499,49546,-15.,-0.03%,1162
"2026-02-12 17:00",49553,49573,49511,49561,4,+0.01%,928
"2026-02-12 15:30",49547,49576,49540,49557,9,+0.02%,929
"2026-02-12 15:00",49525,49548,49495,49548,24,+0.05%,2701
"2026-02-12 14:30",49719,49729,49493,49524,-194.,-0.39%,10707
"2026-02-12 14:00",49817,49868,49715,49718,-97.,-0.19%,4372
"2026-02-12 13:30",49709,49847,49706,49815,104,+0.21%,5047
"2026-02-12 13:00",49684,49784,49644,49711,31,+0.06%,4786
"2026-02-12 12:30",49553,49738,49530,49680,127,+0.26%,5331
"2026-02-12 12:00",49546,49620,49496,49553,7,+0.01%,6328
"2026-02-12 11:30",49598,49698,49540,49546,-50.,-0.10%,5924
"2026-02-12 11:00",49688,49698,49577,49596,-93.,-0.19%,8069
"2026-02-12 10:30",49683,49783,49618,49689,6,+0.01%,11915
"2026-02-12 10:00",50161,50172,49683,49683,-478.,-0.95%,14652
"2026-02-12 09:30",50368,50391,50154,50161,-206.,-0.41%,7980
"2026-02-12 09:00",50399,50472,50331,50367,-32.,-0.06%,8309
"2026-02-12 08:30",50380,50521,50351,50399,17,+0.03%,20111
"2026-02-12 08:00",50371,50382,50290,50382,12,+0.02%,2893
"2026-02-12 07:30",50315,50400,50304,50370,54,+0.11%,1663
"2026-02-12 07:00",50324,50324,50274,50316,-8.,-0.02%,1149
"2026-02-12 06:30",50345,50358,50317,50324,-22.,-0.04%,539
"2026-02-12 06:00",50364,50366,50334,50346,-20.,-0.04%,514
"2026-02-12 05:30",50361,50372,50341,50366,1,0.00%,347
"2026-02-12 05:00",50347,50371,50342,50365,17,+0.03%,542
"2026-02-12 04:30",50339,50349,50328,50348,10,+0.02%,253
"2026-02-12 04:00",50383,50396,50328,50338,-46.,-0.09%,603
"2026-02-12 03:30",50355,50386,50351,50384,29,+0.06%,732
"2026-02-12 03:00",50335,50360,50335,50355,20,+0.04%,587
"2026-02-12 02:30",50320,50350,50299,50335,13,+0.03%,576
"2026-02-12 02:00",50350,50364,50314,50322,-31.,-0.06%,793
"2026-02-12 01:30",50344,50357,50332,50353,9,+0.02%,330
"2026-02-12 01:00",50314,50351,50312,50344,31,+0.06%,567
"2026-02-12 00:30",50343,50353,50298,50313,-26.,-0.05%,483
"2026-02-12 00:00",50351,50355,50331,50339,-10.,-0.02%,271
"2026-02-11 23:30",50353,50356,50336,50349,-6.,-0.01%,326
"2026-02-11 23:00",50352,50369,50352,50355,5,+0.01%,162
"2026-02-11 22:30",50370,50372,50347,50350,-22.,-0.04%,291
"2026-02-11 22:00",50332,50376,50327,50372,41,+0.08%,555
"2026-02-11 21:30",50316,50333,50315,50331,15,+0.03%,284
"2026-02-11 21:00",50290,50316,50285,50316,24,+0.05%,351
"2026-02-11 20:30",50259,50294,50257,50292,33,+0.07%,281
"2026-02-11 20:00",50282,50289,50256,50259,-21.,-0.04%,292
"2026-02-11 19:30",50263,50301,50254,50280,14,+0.03%,650
"2026-02-11 19:00",50228,50268,50225,50266,37,+0.07%,552
"2026-02-11 18:30",50190,50233,50189,50229,43,+0.09%,495
"2026-02-11 18:00",50184,50204,50168,50186,-1.,0.00%,421
"2026-02-11 17:30",50190,50196,50161,50187,-3.,-0.01%,425
"2026-02-11 17:00",50216,50236,50181,50190,-11.,-0.02%,446
"2026-02-11 15:30",50208,50224,50197,50201,-10.,-0.02%,784
"2026-02-11 15:00",50201,50264,50185,50211,10,+0.02%,3136
"2026-02-11 14:30",50205,50248,50171,50201,-5.,-0.01%,6420
"2026-02-11 14:00",50202,50258,50199,50206,-2.,0.00%,1937
"2026-02-11 13:30",50234,50254,50182,50208,-26.,-0.05%,2119
"2026-02-11 13:00",50139,50270,50129,50234,93,+0.19%,3241
"2026-02-11 12:30",50193,50209,50106,50141,-56.,-0.11%,2630
"2026-02-11 12:00",50211,50233,50098,50197,-18.,-0.04%,3466
"2026-02-11 11:30",50281,50310,50200,50215,-65.,-0.13%,2588
"2026-02-11 11:00",50248,50318,50194,50280,30,+0.06%,3541
"2026-02-11 10:30",50161,50332,50139,50250,89,+0.18%,4580
"2026-02-11 10:00",50062,50264,50029,50161,98,+0.20%,7587
"2026-02-11 09:30",50094,50116,49977,50063,-29.,-0.06%,11902
"2026-02-11 09:00",50392,50414,50028,50092,-302.,-0.60%,17524
"2026-02-11 08:30",50496,50585,50364,50394,-102.,-0.20%,17743
"2026-02-11 08:00",50536,50547,50474,50496,-41.,-0.08%,2970
"2026-02-11 07:30",50362,50552,50347,50537,181,+0.36%,6658
"2026-02-11 07:00",50307,50362,50304,50356,48,+0.10%,815
"2026-02-11 06:30",50319,50335,50298,50308,-11.,-0.02%,621
"2026-02-11 06:00",50304,50334,50300,50319,13,+0.03%,1070
"2026-02-11 05:30",50360,50361,50303,50306,-55.,-0.11%,1079
"2026-02-11 05:00",50339,50361,50319,50361,22,+0.04%,815
"2026-02-11 04:30",50316,50339,50301,50339,25,+0.05%,458
"2026-02-11 04:00",50347,50348,50270,50314,-33.,-0.07%,1320
"2026-02-11 03:30",50388,50391,50346,50347,-41.,-0.08%,887
"2026-02-11 03:00",50362,50394,50353,50388,23,+0.05%,815
"2026-02-11 02:30",50351,50387,50351,50365,16,+0.03%,447
"2026-02-11 02:00",50369,50378,50321,50349,-19.,-0.04%,786
"2026-02-11 01:30",50378,50380,50361,50368,-12.,-0.02%,248
"2026-02-11 01:00",50378,50382,50354,50380,3,+0.01%,364
"2026-02-11 00:30",50374,50387,50372,50377,4,+0.01%,197
"2026-02-11 00:00",50376,50396,50366,50373,-2.,0.00%,237
"2026-02-10 23:30",50384,50388,50375,50375,-9.,-0.02%,190
"2026-02-10 23:00",50394,50407,50384,50384,-11.,-0.02%,188
"2026-02-10 22:30",50404,50404,50378,50395,-9.,-0.02%,182
"2026-02-10 22:00",50401,50420,50400,50404,5,+0.01%,181
"2026-02-10 21:30",50393,50405,50383,50399,6,+0.01%,223
"2026-02-10 21:00",50390,50395,50377,50393,2,0.00%,167
"2026-02-10 20:30",50384,50394,50379,50391,8,+0.02%,199
"2026-02-10 20:00",50393,50404,50378,50383,-11.,-0.02%,385
"2026-02-10 19:30",50381,50406,50380,50394,11,+0.02%,266
"2026-02-10 19:00",50380,50393,50378,50383,3,+0.01%,268
"2026-02-10 18:30",50363,50383,50362,50380,18,+0.04%,226
"2026-02-10 18:00",50355,50370,50353,50362,7,+0.01%,263
"2026-02-10 17:30",50345,50356,50342,50355,6,+0.01%,209
"2026-02-10 17:00",50325,50362,50325,50349,17,+0.03%,378
"2026-02-10 15:30",50303,50334,50303,50332,29,+0.06%,588
"2026-02-10 15:00",50272,50322,50257,50303,30,+0.06%,1678
"2026-02-10 14:30",50334,50347,50242,50273,-60.,-0.12%,7948
"2026-02-10 14:00",50345,50376,50328,50333,-14.,-0.03%,2843
"2026-02-10 13:30",50325,50348,50301,50347,24,+0.05%,2579
"2026-02-10 13:00",50275,50324,50248,50323,50,+0.10%,3355
"2026-02-10 12:30",50280,50312,50203,50273,-11.,-0.02%,5477
"2026-02-10 12:00",50453,50464,50277,50284,-167.,-0.33%,4187
"2026-02-10 11:30",50488,50490,50442,50451,-35.,-0.07%,1986
"2026-02-10 11:00",50502,50536,50428,50486,-17.,-0.03%,3630
"2026-02-10 10:30",50424,50519,50409,50503,76,+0.15%,4948
"2026-02-10 10:00",50457,50461,50332,50427,-28.,-0.06%,6725
"2026-02-10 09:30",50501,50543,50406,50455,-49.,-0.10%,5656
"2026-02-10 09:00",50598,50598,50435,50504,-92.,-0.18%,9570
"2026-02-10 08:30",50313,50611,50296,50596,284,+0.56%,21650
"2026-02-10 08:00",50201,50315,50200,50312,110,+0.22%,2792
"2026-02-10 07:30",50177,50215,50151,50202,18,+0.04%,1587
"2026-02-10 07:00",50134,50184,50107,50184,49,+0.10%,1554
"2026-02-10 06:30",50232,50239,50133,50135,-97.,-0.19%,1155
"2026-02-10 06:00",50243,50250,50214,50232,-12.,-0.02%,707
"2026-02-10 05:30",50251,50258,50235,50244,-5.,-0.01%,576
"2026-02-10 05:00",50256,50265,50235,50249,-5.,-0.01%,596
"2026-02-10 04:30",50262,50275,50248,50254,-9.,-0.02%,805
"2026-02-10 04:00",50254,50276,50248,50263,9,+0.02%,1051
"2026-02-10 03:30",50289,50295,50248,50254,-39.,-0.08%,727
"2026-02-10 03:00",50245,50293,50233,50293,48,+0.10%,1023
"2026-02-10 02:30",50216,50256,50214,50245,28,+0.06%,640
"2026-02-10 02:00",50227,50239,50196,50217,-10.,-0.02%,855
"2026-02-10 01:30",50222,50230,50217,50227,5,+0.01%,299
"2026-02-10 01:00",50193,50241,50191,50222,33,+0.07%,674
"2026-02-10 00:30",50193,50196,50174,50189,-3.,-0.01%,327
"2026-02-10 00:00",50228,50230,50192,50192,-35.,-0.07%,367
"2026-02-09 23:30",50210,50244,50205,50227,16,+0.03%,346
"2026-02-09 23:00",50239,50243,50207,50211,-27.,-0.05%,220
"2026-02-09 22:30",50234,50240,50231,50238,4,+0.01%,181
"2026-02-09 22:00",50224,50243,50224,50234,9,+0.02%,216
"2026-02-09 21:30",50208,50231,50207,50225,17,+0.03%,188
"2026-02-09 21:00",50210,50215,50190,50208,-1.,0.00%,279
"2026-02-09 20:30",50217,50220,50192,50209,-9.,-0.02%,365
"2026-02-09 20:00",50222,50224,50205,50218,-4.,-0.01%,349
"2026-02-09 19:30",50202,50231,50192,50222,17,+0.03%,417
"2026-02-09 19:00",50191,50220,50187,50205,15,+0.03%,520
"2026-02-09 18:30",50179,50199,50168,50190,11,+0.02%,356
"2026-02-09 18:00",50177,50189,50165,50179,2,0.00%,499
"2026-02-09 17:30",50193,50206,50164,50177,-16.,-0.03%,432
"2026-02-09 17:00",50197,50223,50182,50193,-4.,-0.01%,419
"2026-02-09 15:30",50194,50213,50189,50197,1,0.00%,268
"2026-02-09 15:00",50207,50216,50185,50196,-10.,-0.02%,1842
"2026-02-09 14:30",50218,50261,50179,50206,-13.,-0.03%,7739
"2026-02-09 14:00",50257,50283,50201,50219,-38.,-0.08%,3101
"2026-02-09 13:30",50249,50262,50232,50257,11,+0.02%,2056
"2026-02-09 13:00",50198,50266,50188,50246,47,+0.09%,2234
"2026-02-09 12:30",50165,50229,50155,50199,35,+0.07%,2431
"2026-02-09 12:00",50154,50193,50105,50164,14,+0.03%,3784
"2026-02-09 11:30",50188,50220,50149,50150,-38.,-0.08%,2223
"2026-02-09 11:00",50211,50234,50148,50188,-25.,-0.05%,3113
"2026-02-09 10:30",50175,50226,50154,50213,38,+0.08%,4185
"2026-02-09 10:00",50257,50267,50162,50175,-81.,-0.16%,4444
"2026-02-09 09:30",50167,50300,50166,50256,89,+0.18%,6563
"2026-02-09 09:00",50011,50191,49996,50167,154,+0.31%,8845
"2026-02-09 08:30",50091,50150,49908,50013,-80.,-0.16%,21661
"2026-02-09 08:00",50127,50132,50063,50093,-34.,-0.07%,2723
"2026-02-09 07:30",50171,50176,50118,50127,-43.,-0.09%,1288
"2026-02-09 07:00",50172,50199,50166,50170,-3.,-0.01%,1255
"2026-02-09 06:30",50168,50177,50134,50173,3,+0.01%,845
"2026-02-09 06:00",50143,50174,50110,50170,29,+0.06%,1102
"2026-02-09 05:30",50171,50173,50140,50141,-26.,-0.05%,517
"2026-02-09 05:00",50168,50176,50138,50167,-2.,0.00%,640
"2026-02-09 04:30",50171,50173,50097,50169,0,0.00%,1762
"2026-02-09 04:00",50231,50232,50167,50169,-59.,-0.12%,1114
"2026-02-09 03:30",50277,50280,50215,50228,-48.,-0.10%,770
"2026-02-09 03:00",50277,50296,50259,50276,0,0.00%,692
"2026-02-09 02:30",50291,50306,50264,50276,-14.,-0.03%,516
"2026-02-09 02:00",50251,50323,50242,50290,41,+0.08%,1345
"2026-02-09 01:30",50236,50266,50226,50249,11,+0.02%,717
"2026-02-09 01:00",50261,50264,50234,50238,-21.,-0.04%,718
"2026-02-09 00:30",50261,50288,50252,50259,-1.,0.00%,400
"2026-02-09 00:00",50280,50288,50234,50260,-22.,-0.04%,1200
"2026-02-08 23:30",50282,50293,50267,50282,4,+0.01%,347
"2026-02-08 23:00",50282,50287,50266,50278,-5.,-0.01%,288
"2026-02-08 22:30",50272,50287,50260,50283,11,+0.02%,216
"2026-02-08 22:00",50250,50277,50250,50272,21,+0.04%,208
"2026-02-08 21:30",50252,50278,50245,50251,-3.,-0.01%,436
"2026-02-08 21:00",50274,50279,50253,50254,-16.,-0.03%,418
"2026-02-08 20:30",50273,50309,50267,50270,-3.,-0.01%,412
"2026-02-08 20:00",50286,50321,50262,50273,-14.,-0.03%,460
"2026-02-08 19:30",50291,50313,50276,50287,-4.,-0.01%,576
"2026-02-08 19:00",50293,50310,50255,50291,-4.,-0.01%,1265
"2026-02-08 18:30",50289,50318,50272,50295,5,+0.01%,549
"2026-02-08 18:00",50300,50325,50268,50290,-14.,-0.03%,1284
"2026-02-08 17:30",50302,50338,50284,50304,6,+0.01%,733
"2026-02-08 17:00",50240,50339,50240,50298,97,+0.19%,966
"2026-02-06 15:30",50187,50210,50174,50201,14,+0.03%,960
"2026-02-06 15:00",50189,50211,50165,50187,-3.,-0.01%,3349
"2026-02-06 14:30",50111,50263,50102,50190,78,+0.16%,13019
"2026-02-06 14:00",50093,50137,50081,50112,18,+0.04%,3794
"2026-02-06 13:30",50100,50118,50057,50094,-6.,-0.01%,3677
"2026-02-06 13:00",50033,50104,50031,50100,65,+0.13%,3046
"2026-02-06 12:30",50027,50086,50025,50035,8,+0.02%,3717
"2026-02-06 12:00",50036,50065,50001,50027,-9.,-0.02%,4068
"2026-02-06 11:30",49965,50069,49930,50036,71,+0.14%,4908
"2026-02-06 11:00",49949,49997,49930,49965,17,+0.03%,5426
"2026-02-06 10:30",49858,49975,49855,49948,89,+0.18%,6866
"2026-02-06 10:00",49814,49914,49799,49859,46,+0.09%,7343
"2026-02-06 09:30",49799,49906,49726,49813,16,+0.03%,11036
"2026-02-06 09:00",49724,49867,49703,49797,76,+0.15%,16147
"2026-02-06 08:30",49321,49743,49294,49721,399,+0.81%,26342
"2026-02-06 08:00",49256,49322,49247,49322,64,+0.13%,2692
"2026-02-06 07:30",49264,49287,49201,49258,-5.,-0.01%,2270
"2026-02-06 07:00",49208,49291,49195,49263,58,+0.12%,1562
"2026-02-06 06:30",49245,49270,49191,49205,-40.,-0.08%,1051
"2026-02-06 06:00",49268,49295,49221,49245,-25.,-0.05%,2031
"2026-02-06 05:30",49202,49281,49196,49270,71,+0.14%,1786
"2026-02-06 05:00",49116,49217,49115,49199,84,+0.17%,1363
"2026-02-06 04:30",49057,49133,49054,49115,58,+0.12%,687
"2026-02-06 04:00",49075,49092,49043,49057,-20.,-0.04%,871
"2026-02-06 03:30",49034,49124,49034,49077,41,+0.08%,2212
"2026-02-06 03:00",48996,49053,48964,49036,38,+0.08%,2065
"2026-02-06 02:30",48955,49019,48941,48998,43,+0.09%,1232
"2026-02-06 02:00",48973,49019,48915,48955,-20.,-0.04%,1580
"2026-02-06 01:30",48957,48976,48943,48975,21,+0.04%,528
"2026-02-06 01:00",48950,48964,48919,48954,3,+0.01%,1106
"2026-02-06 00:30",48962,48984,48941,48951,-13.,-0.03%,547
"2026-02-06 00:00",48953,48980,48950,48964,12,+0.02%,586
"2026-02-05 23:30",48871,48967,48871,48952,78,+0.16%,863
"2026-02-05 23:00",48876,48882,48841,48874,0,0.00%,352
"2026-02-05 22:30",48900,48900,48849,48874,-28.,-0.06%,543
"2026-02-05 22:00",48930,48930,48898,48902,-33.,-0.07%,175
"2026-02-05 21:30",48924,48953,48880,48935,8,+0.02%,589
"2026-02-05 21:00",48938,48952,48895,48927,-16.,-0.03%,669
"2026-02-05 20:30",48960,48966,48897,48943,-20.,-0.04%,650
"2026-02-05 20:00",48922,48964,48918,48963,44,+0.09%,1229
"2026-02-05 19:30",48807,48922,48805,48919,120,+0.25%,1265
"2026-02-05 19:00",48857,48881,48768,48799,-59.,-0.12%,1801
"2026-02-05 18:30",48802,48859,48801,48858,55,+0.11%,1432
"2026-02-05 18:00",48802,48818,48703,48803,0,0.00%,2824
"2026-02-05 17:30",48857,48863,48771,48803,-52.,-0.11%,1421
"2026-02-05 17:00",48845,48902,48809,48855,-23.,-0.05%,1479
"2026-02-05 15:30",48894,48901,48848,48878,-16.,-0.03%,2171
"2026-02-05 15:00",48984,49020,48864,48894,-90.,-0.18%,5502
"2026-02-05 14:30",49033,49054,48932,48984,-48.,-0.10%,8162
"2026-02-05 14:00",49119,49190,49011,49032,-85.,-0.17%,3049
"2026-02-05 13:30",49197,49197,49077,49117,-82.,-0.17%,2716
"2026-02-05 13:00",49040,49241,49022,49199,159,+0.32%,3401
"2026-02-05 12:30",49102,49159,49005,49040,-63.,-0.13%,2979
"2026-02-05 12:00",49236,49275,49084,49103,-132.,-0.27%,3491
"2026-02-05 11:30",49310,49357,49223,49235,-74.,-0.15%,5059
"2026-02-05 11:00",49241,49324,49129,49309,65,+0.13%,5871
"2026-02-05 10:30",49105,49249,49074,49244,140,+0.29%,8120
"2026-02-05 10:00",49002,49146,48918,49104,98,+0.20%,8298
"2026-02-05 09:30",48988,49044,48924,49006,19,+0.04%,9660
"2026-02-05 09:00",49299,49355,48964,48987,-315.,-0.64%,13302
"2026-02-05 08:30",49350,49443,49235,49302,-53.,-0.11%,20109
"2026-02-05 08:00",49386,49451,49328,49355,-29.,-0.06%,5273
"2026-02-05 07:30",49449,49480,49383,49384,-63.,-0.13%,3591
"2026-02-05 07:00",49448,49458,49400,49447,-2.,0.00%,2449
"2026-02-05 06:30",49480,49496,49398,49449,-32.,-0.06%,5533
"2026-02-05 06:00",49629,49690,49476,49481,-147.,-0.30%,2826
"2026-02-05 05:30",49568,49643,49556,49628,58,+0.12%,1043
"2026-02-05 05:00",49516,49577,49504,49570,54,+0.11%,746
"2026-02-05 04:30",49564,49569,49499,49516,-49.,-0.10%,699
"2026-02-05 04:00",49488,49570,49468,49565,70,+0.14%,901
"2026-02-05 03:30",49498,49532,49447,49495,-3.,-0.01%,882
"2026-02-05 03:00",49450,49499,49411,49498,50,+0.10%,1572
"2026-02-05 02:30",49547,49569,49425,49448,-103.,-0.21%,1460
"2026-02-05 02:00",49533,49588,49527,49551,17,+0.03%,1089
"2026-02-05 01:30",49567,49577,49529,49534,-34.,-0.07%,542
"2026-02-05 01:00",49545,49574,49535,49568,23,+0.05%,641
"2026-02-05 00:30",49521,49552,49515,49545,19,+0.04%,364
"2026-02-05 00:00",49520,49545,49504,49526,9,+0.02%,366
"2026-02-04 23:30",49516,49537,49503,49517,1,0.00%,440
"2026-02-04 23:00",49533,49536,49491,49516,-17.,-0.03%,474
"2026-02-04 22:30",49509,49544,49498,49533,29,+0.06%,523
"2026-02-04 22:00",49485,49511,49481,49504,28,+0.06%,509
"2026-02-04 21:30",49554,49558,49467,49476,-79.,-0.16%,644
"2026-02-04 21:00",49514,49565,49502,49555,43,+0.09%,715
"2026-02-04 20:30",49587,49616,49503,49512,-79.,-0.16%,1137
"2026-02-04 20:00",49662,49669,49532,49591,-70.,-0.14%,1686
"2026-02-04 19:30",49610,49665,49605,49661,53,+0.11%,575
"2026-02-04 19:00",49572,49614,49571,49608,37,+0.07%,627
"2026-02-04 18:30",49597,49601,49570,49571,-26.,-0.05%,429
"2026-02-04 18:00",49563,49600,49528,49597,34,+0.07%,611
"2026-02-04 17:30",49602,49622,49548,49563,-36.,-0.07%,449
"2026-02-04 17:00",49524,49626,49524,49599,52,+0.10%,686
"2026-02-04 15:30",49613,49622,49541,49547,-68.,-0.14%,1586
"2026-02-04 15:00",49586,49712,49567,49615,22,+0.04%,3048
"2026-02-04 14:30",49651,49714,49563,49593,-59.,-0.12%,5715
"2026-02-04 14:00",49678,49710,49638,49652,-27.,-0.05%,3934
"2026-02-04 13:30",49450,49690,49447,49679,229,+0.46%,7362
"2026-02-04 13:00",49389,49459,49316,49450,58,+0.12%,4253
"2026-02-04 12:30",49372,49460,49264,49392,20,+0.04%,6089
"2026-02-04 12:00",49384,49396,49215,49372,-15.,-0.03%,5618
"2026-02-04 11:30",49471,49537,49309,49387,-88.,-0.18%,7364
"2026-02-04 11:00",49642,49682,49439,49475,-168.,-0.34%,6948
"2026-02-04 10:30",49741,49748,49515,49643,-98.,-0.20%,6947
"2026-02-04 10:00",49705,49749,49569,49741,37,+0.07%,7019
"2026-02-04 09:30",49716,49758,49552,49704,-10.,-0.02%,8409
"2026-02-04 09:00",49453,49747,49360,49714,258,+0.52%,11490
"2026-02-04 08:30",49499,49731,49426,49456,-45.,-0.09%,21345
"2026-02-04 08:00",49429,49504,49387,49501,71,+0.14%,3197
"2026-02-04 07:30",49486,49532,49429,49430,-51.,-0.10%,2167
"2026-02-04 07:00",49455,49497,49422,49481,24,+0.05%,1205
"2026-02-04 06:30",49458,49484,49434,49457,0,0.00%,890
"2026-02-04 06:00",49531,49557,49440,49457,-71.,-0.14%,1513
"2026-02-04 05:30",49489,49544,49474,49528,39,+0.08%,1381
"2026-02-04 05:00",49490,49498,49468,49489,0,0.00%,460
"2026-02-04 04:30",49490,49519,49476,49489,2,0.00%,676
"2026-02-04 04:00",49442,49492,49424,49487,43,+0.09%,1042
"2026-02-04 03:30",49408,49447,49397,49444,34,+0.07%,1251
"2026-02-04 03:00",49441,49458,49391,49410,-33.,-0.07%,1195
"2026-02-04 02:30",49429,49465,49422,49443,12,+0.02%,820
"2026-02-04 02:00",49473,49507,49429,49431,-42.,-0.08%,1292
"2026-02-04 01:30",49473,49485,49459,49473,-3.,-0.01%,513
"2026-02-04 01:00",49465,49486,49460,49476,10,+0.02%,572
"2026-02-04 00:30",49427,49484,49423,49466,37,+0.07%,591
"2026-02-04 00:00",49419,49445,49410,49429,11,+0.02%,467
"2026-02-03 23:30",49406,49421,49389,49418,12,+0.02%,224
"2026-02-03 23:00",49403,49411,49398,49406,2,0.00%,95
"2026-02-03 22:30",49402,49415,49399,49404,2,0.00%,135
"2026-02-03 22:00",49409,49419,49397,49402,-7.,-0.01%,153
"2026-02-03 21:30",49400,49426,49390,49409,12,+0.02%,308
"2026-02-03 21:00",49392,49410,49380,49397,4,+0.01%,344
"2026-02-03 20:30",49380,49398,49371,49393,10,+0.02%,268
"2026-02-03 20:00",49368,49405,49368,49383,13,+0.03%,559
"2026-02-03 19:30",49384,49389,49356,49370,-16.,-0.03%,411
"2026-02-03 19:00",49366,49398,49365,49386,22,+0.04%,643
"2026-02-03 18:30",49376,49391,49363,49364,-6.,-0.01%,395
"2026-02-03 18:00",49401,49404,49364,49370,-25.,-0.05%,461
"2026-02-03 17:30",49370,49401,49359,49395,29,+0.06%,282
"2026-02-03 17:00",49379,49412,49361,49366,0,0.00%,764
"2026-02-03 15:30",49370,49388,49338,49366,-5.,-0.01%,1183
"2026-02-03 15:00",49341,49417,49293,49371,29,+0.06%,7371
"2026-02-03 14:30",49249,49388,49246,49342,93,+0.19%,9840
"2026-02-03 14:00",49153,49255,49132,49249,91,+0.19%,5219
"2026-02-03 13:30",49069,49169,49041,49158,91,+0.19%,6979
"2026-02-03 13:00",48987,49131,48934,49067,79,+0.16%,9268
"2026-02-03 12:30",49053,49092,48982,48988,-67.,-0.14%,6264
"2026-02-03 12:00",49122,49199,49050,49055,-70.,-0.14%,9033
"2026-02-03 11:30",49285,49288,49121,49125,-159.,-0.32%,8288
"2026-02-03 11:00",49410,49429,49273,49284,-127.,-0.26%,7614
"2026-02-03 10:30",49476,49495,49375,49411,-62.,-0.13%,6661
"2026-02-03 10:00",49562,49590,49470,49473,-89.,-0.18%,5270
"2026-02-03 09:30",49592,49627,49469,49562,-29.,-0.06%,8383
"2026-02-03 09:00",49542,49657,49496,49591,53,+0.11%,12203
"2026-02-03 08:30",49425,49767,49420,49538,113,+0.23%,25933
"2026-02-03 08:00",49503,49505,49401,49425,-78.,-0.16%,3556
"2026-02-03 07:30",49529,49538,49490,49503,-26.,-0.05%,968
"2026-02-03 07:00",49538,49538,49498,49529,-11.,-0.02%,1197
"2026-02-03 06:30",49530,49556,49528,49540,10,+0.02%,583
"2026-02-03 06:00",49487,49530,49475,49530,43,+0.09%,709
"2026-02-03 05:30",49483,49490,49453,49487,2,0.00%,1151
"2026-02-03 05:00",49495,49497,49468,49485,-9.,-0.02%,479
"2026-02-03 04:30",49516,49519,49489,49494,-25.,-0.05%,355
"2026-02-03 04:00",49504,49531,49504,49519,16,+0.03%,348
"2026-02-03 03:30",49529,49533,49487,49503,-27.,-0.05%,672
"2026-02-03 03:00",49545,49555,49530,49530,-16.,-0.03%,477
"2026-02-03 02:30",49568,49571,49536,49546,-22.,-0.04%,466
"2026-02-03 02:00",49559,49595,49540,49568,6,+0.01%,940
"2026-02-03 01:30",49556,49571,49549,49562,7,+0.01%,397
"2026-02-03 01:00",49557,49574,49550,49555,-3.,-0.01%,440
"2026-02-03 00:30",49560,49578,49554,49558,-3.,-0.01%,306
"2026-02-03 00:00",49556,49580,49547,49561,6,+0.01%,351
"2026-02-02 23:30",49542,49562,49537,49555,14,+0.03%,227
"2026-02-02 23:00",49566,49566,49529,49541,-26.,-0.05%,276
"2026-02-02 22:30",49544,49568,49544,49567,23,+0.05%,225
"2026-02-02 22:00",49544,49561,49538,49544,0,0.00%,175
"2026-02-02 21:30",49544,49554,49539,49544,-3.,-0.01%,226
"2026-02-02 21:00",49525,49553,49522,49547,20,+0.04%,259
"2026-02-02 20:30",49517,49535,49513,49527,9,+0.02%,329
"2026-02-02 20:00",49533,49539,49516,49518,-18.,-0.04%,347
"2026-02-02 19:30",49542,49542,49521,49536,-7.,-0.01%,363
"2026-02-02 19:00",49561,49562,49538,49543,-15.,-0.03%,594
"2026-02-02 18:30",49555,49564,49544,49558,3,+0.01%,473
"2026-02-02 18:00",49531,49567,49504,49555,24,+0.05%,730
"2026-02-02 17:30",49542,49574,49529,49531,-10.,-0.02%,413
"2026-02-02 17:00",49481,49562,49474,49541,55,+0.11%,597
"2026-02-02 15:30",49518,49522,49481,49486,-33.,-0.07%,702
"2026-02-02 15:00",49524,49540,49498,49519,-6.,-0.01%,2623
"2026-02-02 14:30",49530,49562,49498,49525,-5.,-0.01%,7142
"2026-02-02 14:00",49535,49602,49489,49530,-4.,-0.01%,4559
"2026-02-02 13:30",49544,49594,49505,49534,-11.,-0.02%,4010
"2026-02-02 13:00",49509,49555,49497,49545,35,+0.07%,2317
"2026-02-02 12:30",49456,49541,49451,49510,53,+0.11%,2434
"2026-02-02 12:00",49512,49534,49439,49457,-52.,-0.11%,2498
"2026-02-02 11:30",49494,49534,49471,49509,19,+0.04%,2900
"2026-02-02 11:00",49458,49519,49454,49490,30,+0.06%,3759
"2026-02-02 10:30",49459,49466,49397,49460,1,0.00%,3108
"2026-02-02 10:00",49436,49499,49391,49459,22,+0.04%,5394
"2026-02-02 09:30",49329,49455,49320,49437,106,+0.21%,6198
"2026-02-02 09:00",49186,49370,49136,49331,117,+0.24%,10177
"2026-02-02 08:30",49001,49318,48813,49214,212,+0.43%,24054
"2026-02-02 08:00",49017,49038,48987,49002,-14.,-0.03%,2684
"2026-02-02 07:30",48958,49034,48952,49016,57,+0.12%,1328
"2026-02-02 07:00",48958,48979,48907,48959,-2.,0.00%,1074
"2026-02-02 06:30",48960,48991,48955,48961,3,+0.01%,795
"2026-02-02 06:00",48967,48991,48948,48958,-13.,-0.03%,1035
"2026-02-02 05:30",48973,48996,48937,48971,-3.,-0.01%,1367
"2026-02-02 05:00",48873,48975,48872,48974,103,+0.21%,961
"2026-02-02 04:30",48892,48909,48856,48871,-20.,-0.04%,723
"2026-02-02 04:00",48868,48900,48865,48891,24,+0.05%,923
"2026-02-02 03:30",48850,48881,48834,48867,15,+0.03%,898
"2026-02-02 03:00",48813,48882,48779,48852,37,+0.08%,1756
"2026-02-02 02:30",48700,48821,48698,48815,118,+0.24%,1448
"2026-02-02 02:00",48642,48735,48636,48697,57,+0.12%,1759
"2026-02-02 01:30",48606,48647,48602,48640,36,+0.07%,1081
"2026-02-02 01:00",48554,48606,48528,48604,49,+0.10%,1825
"2026-02-02 00:30",48568,48577,48506,48555,-17.,-0.03%,1181
"2026-02-02 00:00",48622,48639,48540,48572,-50.,-0.10%,1082
"2026-02-01 23:30",48625,48647,48599,48622,1,0.00%,860
"2026-02-01 23:00",48648,48664,48620,48621,-26.,-0.05%,654
"2026-02-01 22:30",48623,48666,48622,48647,23,+0.05%,668
"2026-02-01 22:00",48642,48648,48555,48624,-20.,-0.04%,1700
"2026-02-01 21:30",48732,48739,48629,48644,-86.,-0.18%,1341
"2026-02-01 21:00",48768,48792,48718,48730,-40.,-0.08%,916
"2026-02-01 20:30",48822,48833,48761,48770,-44.,-0.09%,804
"2026-02-01 20:00",48823,48851,48796,48814,-10.,-0.02%,1149
"2026-02-01 19:30",48944,48951,48816,48824,-121.,-0.25%,1555
"2026-02-01 19:00",48998,49032,48920,48945,-52.,-0.11%,1923
"2026-02-01 18:30",48988,49040,48972,48997,10,+0.02%,646
"2026-02-01 18:00",48974,49008,48919,48987,15,+0.03%,1207
"2026-02-01 17:30",48900,48993,48888,48972,74,+0.15%,1074
"2026-02-01 17:00",48864,48920,48759,48898,-82.,-0.17%,1364
"2026-01-30 15:30",48998,49000,48951,48980,-19.,-0.04%,1045
"2026-01-30 15:00",49026,49054,48970,48999,-27.,-0.06%,2875
"2026-01-30 14:30",48950,49090,48942,49026,79,+0.16%,10069
"2026-01-30 14:00",48905,48975,48891,48947,43,+0.09%,4372
"2026-01-30 13:30",48913,49018,48863,48904,-9.,-0.02%,5565
"2026-01-30 13:00",48898,49025,48896,48913,15,+0.03%,6205
"2026-01-30 12:30",48734,48946,48623,48898,167,+0.34%,7310
"2026-01-30 12:00",48682,48781,48571,48731,48,+0.10%,6004
"2026-01-30 11:30",48770,48815,48680,48683,-92.,-0.19%,4172
"2026-01-30 11:00",48773,48788,48629,48775,-1.,0.00%,6204
"2026-01-30 10:30",48740,48822,48720,48776,36,+0.07%,5160
"2026-01-30 10:00",48924,48931,48703,48740,-183.,-0.37%,8534
"2026-01-30 09:30",48968,49085,48920,48923,-46.,-0.09%,7913
"2026-01-30 09:00",48984,49105,48948,48969,-18.,-0.04%,9070
"2026-01-30 08:30",49032,49169,48948,48987,-45.,-0.09%,19907
"2026-01-30 08:00",48901,49044,48895,49032,128,+0.26%,3382
"2026-01-30 07:30",48959,48962,48858,48904,-55.,-0.11%,2386
"2026-01-30 07:00",48966,49014,48935,48959,-7.,-0.01%,1487
"2026-01-30 06:30",48984,49002,48937,48966,-18.,-0.04%,1205
"2026-01-30 06:00",49037,49081,48978,48984,-54.,-0.11%,2290
"2026-01-30 05:30",48912,49047,48911,49038,126,+0.26%,1933
"2026-01-30 05:00",48818,48916,48812,48912,96,+0.20%,1097
"2026-01-30 04:30",48790,48838,48790,48816,23,+0.05%,848
"2026-01-30 04:00",48749,48798,48744,48793,42,+0.09%,879
"2026-01-30 03:30",48806,48811,48696,48751,-53.,-0.11%,1870
"2026-01-30 03:00",48824,48863,48785,48804,-19.,-0.04%,1296
"2026-01-30 02:30",48808,48851,48753,48823,15,+0.03%,1019
"2026-01-30 02:00",48772,48834,48747,48808,37,+0.08%,1798
"2026-01-30 01:30",48822,48837,48764,48771,-51.,-0.10%,1055
"2026-01-30 01:00",48785,48857,48784,48822,35,+0.07%,1315
"2026-01-30 00:30",48854,48876,48778,48787,-66.,-0.14%,1030
"2026-01-30 00:00",48937,48944,48831,48853,-85.,-0.17%,771
"2026-01-29 23:30",48977,48979,48938,48938,-39.,-0.08%,408
"2026-01-29 23:00",48980,48997,48962,48977,3,+0.01%,296
"2026-01-29 22:30",48991,49003,48968,48974,-19.,-0.04%,319
"2026-01-29 22:00",48976,49003,48972,48993,14,+0.03%,285
"2026-01-29 21:30",48969,49004,48966,48979,11,+0.02%,476
"2026-01-29 21:00",48945,48986,48942,48968,28,+0.06%,688
"2026-01-29 20:30",48921,48944,48900,48940,18,+0.04%,665
"2026-01-29 20:00",48963,48970,48896,48922,-38.,-0.08%,1418
"2026-01-29 19:30",48999,49006,48916,48960,-39.,-0.08%,923
"2026-01-29 19:00",49045,49055,48991,48999,-46.,-0.09%,764
"2026-01-29 18:30",49064,49133,49035,49045,-18.,-0.04%,1160
"2026-01-29 18:00",49094,49101,49044,49063,-32.,-0.07%,846
"2026-01-29 17:30",49060,49117,49060,49095,34,+0.07%,560
"2026-01-29 17:00",49123,49127,48973,49061,-46.,-0.09%,1305
"2026-01-29 15:30",49132,49171,49100,49107,-22.,-0.04%,1673
"2026-01-29 15:00",49157,49191,49114,49129,-29.,-0.06%,2870
"2026-01-29 14:30",49066,49203,49064,49158,93,+0.19%,8728
"2026-01-29 14:00",49042,49124,49040,49065,24,+0.05%,3079
"2026-01-29 13:30",49133,49156,49034,49041,-92.,-0.19%,3728
"2026-01-29 13:00",48992,49139,48970,49133,138,+0.28%,3598
"2026-01-29 12:30",49051,49090,48985,48995,-60.,-0.12%,3133
"2026-01-29 12:00",48933,49097,48908,49055,119,+0.24%,4485
"2026-01-29 11:30",49142,49172,48931,48936,-209.,-0.43%,5359
"2026-01-29 11:00",49041,49204,49030,49145,104,+0.21%,5858
"2026-01-29 10:30",48968,49076,48965,49041,72,+0.15%,5585
"2026-01-29 10:00",48860,49039,48724,48969,111,+0.23%,11076
"2026-01-29 09:30",48957,48983,48798,48858,-100.,-0.20%,12672
"2026-01-29 09:00",49108,49140,48951,48958,-141.,-0.29%,13329
"2026-01-29 08:30",49153,49442,49086,49099,-53.,-0.11%,26484
"2026-01-29 08:00",49178,49181,49090,49152,-23.,-0.05%,3353
"2026-01-29 07:30",49191,49216,49165,49175,-22.,-0.04%,1097
"2026-01-29 07:00",49198,49219,49167,49197,0,0.00%,1187
"2026-01-29 06:30",49239,49246,49166,49197,-40.,-0.08%,1213
"2026-01-29 06:00",49222,49241,49159,49237,14,+0.03%,2585
"2026-01-29 05:30",49170,49429,49170,49223,54,+0.11%,9884
"2026-01-29 05:00",49160,49207,49129,49169,9,+0.02%,1713
"2026-01-29 04:30",49216,49220,49150,49160,-56.,-0.11%,644
"2026-01-29 04:00",49202,49228,49200,49216,13,+0.03%,724
"2026-01-29 03:30",49228,49275,49200,49203,-22.,-0.04%,1138
"2026-01-29 03:00",49212,49254,49212,49225,14,+0.03%,681
"2026-01-29 02:30",49216,49228,49197,49211,-4.,-0.01%,634
"2026-01-29 02:00",49204,49227,49160,49215,8,+0.02%,1397
"2026-01-29 01:30",49169,49218,49166,49207,38,+0.08%,690
"2026-01-29 01:00",49155,49169,49146,49169,15,+0.03%,380
"2026-01-29 00:30",49162,49170,49142,49154,-9.,-0.02%,261
"2026-01-29 00:00",49144,49178,49142,49163,20,+0.04%,283
"2026-01-28 23:30",49133,49151,49127,49143,12,+0.02%,286
"2026-01-28 23:00",49122,49133,49111,49131,9,+0.02%,256
"2026-01-28 22:30",49103,49126,49103,49122,24,+0.05%,216
"2026-01-28 22:00",49100,49113,49089,49098,-2.,0.00%,178
"2026-01-28 21:30",49089,49108,49085,49100,11,+0.02%,200
"2026-01-28 21:00",49073,49098,49071,49089,15,+0.03%,293
"2026-01-28 20:30",49084,49091,49062,49074,-11.,-0.02%,464
"2026-01-28 20:00",49024,49089,49019,49085,60,+0.12%,578
"2026-01-28 19:30",49023,49034,49006,49025,1,0.00%,373
"2026-01-28 19:00",49045,49046,49000,49024,-19.,-0.04%,666
"2026-01-28 18:30",49039,49043,49009,49043,5,+0.01%,502
"2026-01-28 18:00",49020,49044,48981,49038,18,+0.04%,1126
"2026-01-28 17:30",49053,49090,49015,49020,-34.,-0.07%,1000
"2026-01-28 17:00",49134,49150,49013,49054,-71.,-0.14%,1122
"2026-01-28 15:30",49200,49204,49098,49125,-75.,-0.15%,1479
"2026-01-28 15:00",49166,49220,48990,49200,34,+0.07%,8363
"2026-01-28 14:30",49123,49193,49075,49166,42,+0.09%,5797
"2026-01-28 14:00",49087,49205,49080,49124,37,+0.08%,2754
"2026-01-28 13:30",49066,49277,49039,49087,18,+0.04%,9962
"2026-01-28 13:00",49110,49183,49055,49069,-48.,-0.10%,3261
"2026-01-28 12:30",49171,49180,49087,49117,-52.,-0.11%,1457
"2026-01-28 12:00",49143,49184,49132,49169,26,+0.05%,1269
"2026-01-28 11:30",49176,49194,49121,49143,-34.,-0.07%,2225
"2026-01-28 11:00",49158,49231,49156,49177,17,+0.03%,2621
"2026-01-28 10:30",49223,49225,49140,49160,-62.,-0.13%,3472
"2026-01-28 10:00",49135,49227,49133,49222,87,+0.18%,3259
"2026-01-28 09:30",49154,49205,49133,49135,-16.,-0.03%,4326
"2026-01-28 09:00",49143,49182,49054,49151,10,+0.02%,7170
"2026-01-28 08:30",49182,49290,49113,49141,-40.,-0.08%,13283
"2026-01-28 08:00",49115,49184,49088,49181,65,+0.13%,2511
"2026-01-28 07:30",49144,49153,49093,49116,-28.,-0.06%,914
"2026-01-28 07:00",49116,49161,49115,49144,28,+0.06%,989
"2026-01-28 06:30",49120,49144,49105,49116,-4.,-0.01%,766
"2026-01-28 06:00",49174,49193,49112,49120,-53.,-0.11%,1928
"2026-01-28 05:30",49182,49186,49171,49173,-9.,-0.02%,369
"2026-01-28 05:00",49196,49197,49162,49182,-14.,-0.03%,563
"2026-01-28 04:30",49179,49200,49174,49196,16,+0.03%,364
"2026-01-28 04:00",49177,49189,49166,49180,2,0.00%,400
"2026-01-28 03:30",49147,49186,49146,49178,32,+0.07%,553
"2026-01-28 03:00",49130,49159,49130,49146,17,+0.03%,801
"2026-01-28 02:30",49176,49180,49124,49129,-47.,-0.10%,848
"2026-01-28 02:00",49199,49213,49162,49176,-25.,-0.05%,640
"2026-01-28 01:30",49180,49202,49166,49201,21,+0.04%,594
"2026-01-28 01:00",49175,49185,49162,49180,5,+0.01%,596
"2026-01-28 00:30",49175,49197,49170,49175,-2.,0.00%,713
"2026-01-28 00:00",49173,49226,49150,49177,4,+0.01%,1625
"2026-01-27 23:30",49152,49179,49147,49173,20,+0.04%,218
"2026-01-27 23:00",49147,49161,49145,49153,8,+0.02%,150
"2026-01-27 22:30",49132,49147,49131,49145,12,+0.02%,144
"2026-01-27 22:00",49146,49150,49132,49133,-14.,-0.03%,298
"2026-01-27 21:30",49160,49174,49146,49147,-11.,-0.02%,256
"2026-01-27 21:00",49154,49168,49154,49158,3,+0.01%,253
"2026-01-27 20:30",49142,49165,49140,49155,13,+0.03%,168
"2026-01-27 20:00",49151,49163,49141,49142,-11.,-0.02%,248
"2026-01-27 19:30",49157,49158,49143,49153,-4.,-0.01%,166
"2026-01-27 19:00",49171,49172,49147,49157,-13.,-0.03%,361
"2026-01-27 18:30",49154,49190,49153,49170,15,+0.03%,572
"2026-01-27 18:00",49134,49165,49132,49155,22,+0.04%,348
"2026-01-27 17:30",49139,49140,49127,49133,-5.,-0.01%,106
"2026-01-27 17:00",49150,49150,49109,49138,8,+0.02%,290
"2026-01-27 15:30",49127,49154,49125,49130,2,0.00%,631
"2026-01-27 15:00",49165,49167,49110,49128,-36.,-0.07%,2149
"2026-01-27 14:30",49123,49170,49112,49164,42,+0.09%,7151
"2026-01-27 14:00",49131,49171,49114,49122,-13.,-0.03%,2107
"2026-01-27 13:30",49143,49158,49121,49135,-7.,-0.01%,1976
"2026-01-27 13:00",49117,49148,49094,49142,23,+0.05%,2304
"2026-01-27 12:30",49082,49136,49074,49119,39,+0.08%,2957
"2026-01-27 12:00",49071,49085,49007,49080,11,+0.02%,4305
"2026-01-27 11:30",49123,49130,49054,49069,-53.,-0.11%,3529
"2026-01-27 11:00",49225,49227,49061,49122,-103.,-0.21%,5755
"2026-01-27 10:30",49254,49318,49218,49225,-28.,-0.06%,4838
"2026-01-27 10:00",49177,49267,49155,49253,77,+0.16%,6112
"2026-01-27 09:30",49052,49180,49039,49176,124,+0.25%,7220
"2026-01-27 09:00",49161,49178,49040,49052,-104.,-0.21%,8125
"2026-01-27 08:30",49216,49270,49089,49156,-62.,-0.13%,17969
"2026-01-27 08:00",49233,49248,49180,49218,-15.,-0.03%,3699
"2026-01-27 07:30",49293,49309,49228,49233,-63.,-0.13%,2388
"2026-01-27 07:00",49299,49333,49280,49296,-4.,-0.01%,1788
"2026-01-27 06:30",49308,49369,49288,49300,-8.,-0.02%,3186
"2026-01-27 06:00",49412,49436,49303,49308,-104.,-0.21%,2133
"2026-01-27 05:30",49456,49465,49407,49412,-43.,-0.09%,922
"2026-01-27 05:00",49476,49492,49444,49455,-20.,-0.04%,1550
"2026-01-27 04:30",49521,49566,49473,49475,-45.,-0.09%,2324
"2026-01-27 04:00",49509,49538,49504,49520,11,+0.02%,401
"2026-01-27 03:30",49512,49532,49506,49509,-1.,0.00%,663
"2026-01-27 03:00",49509,49529,49506,49510,0,0.00%,618
"2026-01-27 02:30",49513,49519,49484,49510,-1.,0.00%,477
"2026-01-27 02:00",49536,49544,49508,49511,-24.,-0.05%,588
"2026-01-27 01:30",49535,49543,49513,49535,-1.,0.00%,367
"2026-01-27 01:00",49516,49537,49516,49536,23,+0.05%,439
"2026-01-27 00:30",49534,49539,49513,49513,-25.,-0.05%,257
"2026-01-27 00:00",49533,49554,49529,49538,6,+0.01%,307
"2026-01-26 23:30",49513,49536,49510,49532,22,+0.04%,220
"2026-01-26 23:00",49516,49517,49500,49510,-8.,-0.02%,160
"2026-01-26 22:30",49521,49522,49517,49518,0,0.00%,79
"2026-01-26 22:00",49500,49535,49500,49518,16,+0.03%,244
"2026-01-26 21:30",49494,49507,49494,49502,8,+0.02%,165
"2026-01-26 21:00",49489,49499,49482,49494,2,0.00%,249
"2026-01-26 20:30",49471,49493,49463,49492,21,+0.04%,378
"2026-01-26 20:00",49437,49476,49437,49471,34,+0.07%,492
"2026-01-26 19:30",49423,49447,49420,49437,12,+0.02%,261
"2026-01-26 19:00",49414,49427,49404,49425,9,+0.02%,353
"2026-01-26 18:30",49402,49418,49397,49416,12,+0.02%,264
"2026-01-26 18:00",49403,49410,49380,49404,1,0.00%,282
"2026-01-26 17:30",49386,49405,49381,49403,18,+0.04%,239
"2026-01-26 17:00",49421,49425,49357,49385,12,+0.02%,688
"2026-01-26 15:30",49439,49442,49373,49373,-69.,-0.14%,781
"2026-01-26 15:00",49560,49572,49377,49442,-119.,-0.24%,5504
"2026-01-26 14:30",49602,49632,49552,49561,-42.,-0.08%,7353
"2026-01-26 14:00",49579,49644,49563,49603,25,+0.05%,3386
"2026-01-26 13:30",49578,49613,49570,49578,1,0.00%,2623
"2026-01-26 13:00",49521,49581,49514,49577,55,+0.11%,2351
"2026-01-26 12:30",49594,49619,49510,49522,-72.,-0.15%,4016
"2026-01-26 12:00",49488,49598,49473,49594,107,+0.22%,3119
"2026-01-26 11:30",49455,49503,49442,49487,32,+0.06%,2703
"2026-01-26 11:00",49389,49470,49382,49455,67,+0.14%,2373
"2026-01-26 10:30",49428,49431,49379,49388,-39.,-0.08%,2593
"2026-01-26 10:00",49438,49444,49355,49427,-13.,-0.03%,4611
"2026-01-26 09:30",49434,49502,49411,49440,4,+0.01%,4414
"2026-01-26 09:00",49401,49527,49388,49436,35,+0.07%,6954
"2026-01-26 08:30",49346,49483,49303,49401,56,+0.11%,15410
"2026-01-26 08:00",49321,49352,49308,49345,22,+0.04%,2137
"2026-01-26 07:30",49262,49326,49237,49323,60,+0.12%,1301
"2026-01-26 07:00",49265,49305,49246,49263,-1.,0.00%,1389
"2026-01-26 06:30",49256,49272,49246,49264,8,+0.02%,386
"2026-01-26 06:00",49235,49277,49234,49256,17,+0.03%,521
"2026-01-26 05:30",49251,49280,49220,49239,-12.,-0.02%,1201
"2026-01-26 05:00",49226,49260,49225,49251,27,+0.05%,436
"2026-01-26 04:30",49221,49252,49215,49224,2,0.00%,381
"2026-01-26 04:00",49191,49230,49189,49222,27,+0.05%,564
"2026-01-26 03:30",49291,49292,49159,49195,-96.,-0.19%,1424
"2026-01-26 03:00",49280,49301,49253,49291,9,+0.02%,1119
"2026-01-26 02:30",49264,49286,49258,49282,15,+0.03%,650
"2026-01-26 02:00",49243,49279,49234,49267,25,+0.05%,669
"2026-01-26 01:30",49217,49250,49206,49242,24,+0.05%,502
"2026-01-26 01:00",49192,49220,49184,49218,32,+0.07%,309
"2026-01-26 00:30",49201,49208,49174,49186,-14.,-0.03%,331
"2026-01-26 00:00",49176,49210,49176,49200,24,+0.05%,288
"2026-01-25 23:30",49154,49180,49153,49176,18,+0.04%,247
"2026-01-25 23:00",49135,49166,49128,49158,19,+0.04%,249
"2026-01-25 22:30",49159,49163,49123,49139,-19.,-0.04%,140
"2026-01-25 22:00",49142,49158,49130,49158,17,+0.03%,194
"2026-01-25 21:30",49143,49151,49131,49141,0,0.00%,174
"2026-01-25 21:00",49139,49172,49134,49141,4,+0.01%,343
"2026-01-25 20:30",49157,49158,49111,49137,-22.,-0.04%,432
"2026-01-25 20:00",49143,49168,49139,49159,20,+0.04%,393
"2026-01-25 19:30",49149,49157,49123,49139,-12.,-0.02%,608
"2026-01-25 19:00",49152,49210,49142,49151,0,0.00%,1355
"2026-01-25 18:30",49179,49182,49137,49151,-28.,-0.06%,561
"2026-01-25 18:00",49098,49188,49093,49179,84,+0.17%,896
"2026-01-25 17:30",49063,49113,49019,49095,32,+0.07%,715
"2026-01-25 17:00",49036,49074,48850,49063,-117.,-0.24%,1027
"2026-01-23 15:30",49168,49188,49167,49180,10,+0.02%,410
"2026-01-23 15:00",49262,49263,49169,49170,-92.,-0.19%,2058
"2026-01-23 14:30",49236,49292,49219,49262,29,+0.06%,6825
"2026-01-23 14:00",49258,49268,49209,49233,-25.,-0.05%,2571
"2026-01-23 13:30",49259,49288,49200,49258,-1.,0.00%,2722
"2026-01-23 13:00",49205,49305,49199,49259,55,+0.11%,3680
"2026-01-23 12:30",49181,49209,49146,49204,25,+0.05%,2670
"2026-01-23 12:00",49148,49194,49119,49179,32,+0.07%,4178
"2026-01-23 11:30",49337,49340,49131,49147,-188.,-0.38%,5082
"2026-01-23 11:00",49284,49346,49273,49335,44,+0.09%,2594
"2026-01-23 10:30",49301,49343,49246,49291,-6.,-0.01%,5801
"2026-01-23 10:00",49325,49367,49289,49297,-28.,-0.06%,4887
"2026-01-23 09:30",49254,49358,49251,49325,70,+0.14%,5008
"2026-01-23 09:00",49303,49341,49203,49255,-49.,-0.10%,8545
"2026-01-23 08:30",49353,49384,49170,49304,-49.,-0.10%,16986
"2026-01-23 08:00",49323,49356,49288,49353,31,+0.06%,2826
"2026-01-23 07:30",49347,49362,49307,49322,-23.,-0.05%,2236
"2026-01-23 07:00",49462,49467,49345,49345,-118.,-0.24%,2143
"2026-01-23 06:30",49450,49477,49415,49463,11,+0.02%,779
"2026-01-23 06:00",49444,49475,49442,49452,9,+0.02%,799
"2026-01-23 05:30",49471,49484,49434,49443,-28.,-0.06%,810
"2026-01-23 05:00",49447,49486,49437,49471,25,+0.05%,1690
"2026-01-23 04:30",49434,49446,49422,49446,12,+0.02%,480
"2026-01-23 04:00",49456,49457,49428,49434,-24.,-0.05%,634
"2026-01-23 03:30",49507,49509,49433,49458,-52.,-0.11%,1183
"2026-01-23 03:00",49507,49530,49493,49510,0,0.00%,752
"2026-01-23 02:30",49551,49554,49491,49510,-37.,-0.07%,971
"2026-01-23 02:00",49581,49587,49539,49547,-37.,-0.07%,763
"2026-01-23 01:30",49590,49594,49572,49584,-7.,-0.01%,589
"2026-01-23 01:00",49590,49605,49578,49591,1,0.00%,397
"2026-01-23 00:30",49609,49614,49584,49590,-19.,-0.04%,213
"2026-01-23 00:00",49608,49620,49606,49609,1,0.00%,194
"2026-01-22 23:30",49603,49610,49599,49608,5,+0.01%,192
"2026-01-22 23:00",49598,49610,49591,49603,5,+0.01%,180
"2026-01-22 22:30",49591,49601,49582,49598,6,+0.01%,164
"2026-01-22 22:00",49600,49601,49580,49592,-11.,-0.02%,233
"2026-01-22 21:30",49602,49607,49591,49603,-3.,-0.01%,150
"2026-01-22 21:00",49582,49606,49582,49606,24,+0.05%,140
"2026-01-22 20:30",49596,49597,49579,49582,-17.,-0.03%,176
"2026-01-22 20:00",49607,49608,49586,49599,-8.,-0.02%,268
"2026-01-22 19:30",49576,49608,49574,49607,30,+0.06%,332
"2026-01-22 19:00",49572,49598,49565,49577,5,+0.01%,714
"2026-01-22 18:30",49548,49574,49546,49572,25,+0.05%,244
"2026-01-22 18:00",49526,49553,49510,49547,20,+0.04%,365
"2026-01-22 17:30",49530,49541,49515,49527,-1.,0.00%,202
"2026-01-22 17:00",49506,49537,49488,49528,21,+0.04%,427
"2026-01-22 15:30",49556,49556,49486,49507,-48.,-0.10%,633
"2026-01-22 15:00",49562,49573,49539,49555,-8.,-0.02%,2136
"2026-01-22 14:30",49539,49572,49494,49563,23,+0.05%,8051
"2026-01-22 14:00",49578,49644,49538,49540,-40.,-0.08%,3788
"2026-01-22 13:30",49718,49730,49579,49580,-141.,-0.28%,3922
"2026-01-22 13:00",49679,49758,49679,49721,40,+0.08%,3191
"2026-01-22 12:30",49681,49724,49661,49681,-1.,0.00%,2764
"2026-01-22 12:00",49773,49780,49675,49682,-92.,-0.18%,4363
"2026-01-22 11:30",49723,49795,49723,49774,54,+0.11%,3811
"2026-01-22 11:00",49665,49742,49642,49720,55,+0.11%,5745
"2026-01-22 10:30",49669,49727,49662,49665,-5.,-0.01%,3657
"2026-01-22 10:00",49612,49688,49606,49670,59,+0.12%,4534
"2026-01-22 09:30",49570,49650,49541,49611,42,+0.08%,5756
"2026-01-22 09:00",49524,49584,49432,49569,46,+0.09%,9201
"2026-01-22 08:30",49538,49764,49474,49523,-12.,-0.02%,24386
"2026-01-22 08:00",49513,49541,49489,49535,20,+0.04%,2890
"2026-01-22 07:30",49456,49517,49426,49515,61,+0.12%,1793
"2026-01-22 07:00",49411,49456,49404,49454,41,+0.08%,1168
"2026-01-22 06:30",49394,49431,49385,49413,21,+0.04%,828
"2026-01-22 06:00",49399,49421,49370,49392,-7.,-0.01%,1675
"2026-01-22 05:30",49415,49445,49386,49399,-16.,-0.03%,1135
"2026-01-22 05:00",49465,49473,49400,49415,-50.,-0.10%,1041
"2026-01-22 04:30",49443,49468,49443,49465,24,+0.05%,403
"2026-01-22 04:00",49461,49465,49421,49441,-18.,-0.04%,1144
"2026-01-22 03:30",49443,49474,49439,49459,18,+0.04%,493
"2026-01-22 03:00",49416,49469,49415,49441,24,+0.05%,967
"2026-01-22 02:30",49388,49440,49377,49417,27,+0.05%,1447
"2026-01-22 02:00",49328,49403,49324,49390,63,+0.13%,1739
"2026-01-22 01:30",49298,49354,49298,49327,29,+0.06%,756
"2026-01-22 01:00",49304,49318,49267,49298,-6.,-0.01%,603
"2026-01-22 00:30",49260,49311,49259,49304,44,+0.09%,574
"2026-01-22 00:00",49309,49323,49257,49260,-50.,-0.10%,514
"2026-01-21 23:30",49348,49348,49305,49310,-39.,-0.08%,345
"2026-01-21 23:00",49355,49363,49346,49349,-5.,-0.01%,146
"2026-01-21 22:30",49363,49363,49348,49354,-8.,-0.02%,136
"2026-01-21 22:00",49373,49374,49352,49362,-11.,-0.02%,206
"2026-01-21 21:30",49376,49380,49367,49373,-2.,0.00%,219
"2026-01-21 21:00",49368,49388,49365,49375,9,+0.02%,192
"2026-01-21 20:30",49365,49368,49351,49366,0,0.00%,194
"2026-01-21 20:00",49367,49393,49362,49366,-2.,0.00%,332
"2026-01-21 19:30",49355,49373,49340,49368,11,+0.02%,321
"2026-01-21 19:00",49333,49362,49328,49357,22,+0.04%,457
"2026-01-21 18:30",49338,49342,49314,49335,0,0.00%,353
"2026-01-21 18:00",49322,49345,49310,49335,16,+0.03%,419
"2026-01-21 17:30",49340,49340,49303,49319,-26.,-0.05%,245
"2026-01-21 17:00",49296,49350,49294,49345,64,+0.13%,376
"2026-01-21 15:30",49297,49300,49261,49281,-14.,-0.03%,510
"2026-01-21 15:00",49269,49314,49263,49295,25,+0.05%,2466
"2026-01-21 14:30",49252,49299,49223,49270,14,+0.03%,9258
"2026-01-21 14:00",49454,49479,49249,49256,-198.,-0.40%,7934
"2026-01-21 13:30",49239,49482,49222,49454,218,+0.44%,13276
"2026-01-21 13:00",48999,49277,48907,49236,239,+0.49%,6165
"2026-01-21 12:30",48968,49035,48919,48997,29,+0.06%,4686
"2026-01-21 12:00",48932,48984,48803,48968,35,+0.07%,5314
"2026-01-21 11:30",48912,48962,48841,48933,18,+0.04%,5015
"2026-01-21 11:00",48947,48982,48771,48915,-32.,-0.07%,7597
"2026-01-21 10:30",49138,49140,48944,48947,-190.,-0.39%,8000
"2026-01-21 10:00",49149,49156,49083,49137,-13.,-0.03%,5195
"2026-01-21 09:30",49080,49205,49072,49150,68,+0.14%,8655
"2026-01-21 09:00",48985,49118,48973,49082,96,+0.20%,11706
"2026-01-21 08:30",48756,48991,48744,48986,229,+0.47%,19821
"2026-01-21 08:00",48542,48824,48530,48757,212,+0.44%,10179
"2026-01-21 07:30",48517,48574,48488,48545,25,+0.05%,2712
"2026-01-21 07:00",48579,48589,48518,48520,-59.,-0.12%,1337
"2026-01-21 06:30",48607,48608,48527,48579,-30.,-0.06%,1341
"2026-01-21 06:00",48555,48644,48555,48609,53,+0.11%,1916
"2026-01-21 05:30",48688,48688,48554,48556,-128.,-0.26%,3041
"2026-01-21 05:00",48715,48721,48676,48684,-31.,-0.06%,1501
"2026-01-21 04:30",48734,48752,48713,48715,-19.,-0.04%,543
"2026-01-21 04:00",48685,48737,48671,48734,51,+0.10%,753
"2026-01-21 03:30",48759,48760,48680,48683,-79.,-0.16%,1122
"2026-01-21 03:00",48772,48784,48759,48762,-10.,-0.02%,521
"2026-01-21 02:30",48777,48792,48765,48772,-4.,-0.01%,380
"2026-01-21 02:00",48766,48792,48751,48776,8,+0.02%,655
"2026-01-21 01:30",48774,48791,48761,48768,-7.,-0.01%,881
"2026-01-21 01:00",48717,48777,48717,48775,57,+0.12%,602
"2026-01-21 00:30",48747,48761,48716,48718,-24.,-0.05%,417
"2026-01-21 00:00",48750,48760,48739,48742,-11.,-0.02%,284
"2026-01-20 23:30",48763,48769,48750,48753,-10.,-0.02%,275
"2026-01-20 23:00",48761,48776,48732,48763,1,0.00%,1089
"2026-01-20 22:30",48771,48772,48762,48762,-11.,-0.02%,106
"2026-01-20 22:00",48762,48779,48752,48773,16,+0.03%,245
"2026-01-20 21:30",48786,48787,48755,48757,-28.,-0.06%,310
"2026-01-20 21:00",48736,48787,48736,48785,48,+0.10%,481
"2026-01-20 20:30",48747,48753,48729,48737,-11.,-0.02%,288
"2026-01-20 20:00",48765,48776,48747,48748,-16.,-0.03%,291
"2026-01-20 19:30",48759,48779,48751,48764,5,+0.01%,339
"2026-01-20 19:00",48739,48771,48730,48759,23,+0.05%,588
"2026-01-20 18:30",48730,48747,48724,48736,7,+0.01%,350
"2026-01-20 18:00",48692,48732,48692,48729,41,+0.08%,403
"2026-01-20 17:30",48723,48735,48679,48688,-34.,-0.07%,419
"2026-01-20 17:00",48727,48751,48719,48722,-8.,-0.02%,367
"2026-01-20 15:30",48735,48737,48707,48730,-6.,-0.01%,595
"2026-01-20 15:00",48685,48745,48666,48736,52,+0.11%,2282
"2026-01-20 14:30",48698,48714,48615,48684,-13.,-0.03%,10881
"2026-01-20 14:00",48654,48721,48611,48697,42,+0.09%,7056
"2026-01-20 13:30",48693,48705,48625,48655,-39.,-0.08%,5171
"2026-01-20 13:00",48696,48735,48660,48694,-4.,-0.01%,4444
"2026-01-20 12:30",48859,48872,48659,48698,-163.,-0.33%,5796
"2026-01-20 12:00",48861,48915,48850,48861,-2.,0.00%,2622
"2026-01-20 11:30",48947,48952,48835,48863,-86.,-0.18%,5373
"2026-01-20 11:00",49018,49055,48928,48949,-72.,-0.15%,4003
"2026-01-20 10:30",48976,49035,48927,49021,44,+0.09%,5588
"2026-01-20 10:00",49048,49057,48892,48977,-71.,-0.14%,7128
"2026-01-20 09:30",49034,49095,48991,49048,10,+0.02%,8104
"2026-01-20 09:00",48858,49062,48756,49038,180,+0.37%,11055
"2026-01-20 08:30",48807,48970,48783,48858,53,+0.11%,23776
"2026-01-20 08:00",48823,48848,48784,48805,-19.,-0.04%,4079
"2026-01-20 07:30",48894,48901,48798,48824,-71.,-0.15%,4973
"2026-01-20 07:00",48940,48960,48891,48895,-43.,-0.09%,2155
"2026-01-20 06:30",48890,48966,48869,48938,45,+0.09%,2077
"2026-01-20 06:00",48914,48914,48862,48893,-21.,-0.04%,2178
"2026-01-20 05:30",48852,48928,48852,48914,61,+0.12%,1576
"2026-01-20 05:00",48818,48882,48809,48853,33,+0.07%,1121
"2026-01-20 04:30",48817,48830,48790,48820,3,+0.01%,921
"2026-01-20 04:00",48718,48824,48689,48817,96,+0.20%,1175
"2026-01-20 03:30",48748,48766,48696,48721,-27.,-0.06%,1830
"2026-01-20 03:00",48810,48832,48745,48748,-60.,-0.12%,1606
"2026-01-20 02:30",48845,48845,48763,48808,-39.,-0.08%,2168
"2026-01-20 02:00",48932,48935,48826,48847,-83.,-0.17%,2447
"2026-01-20 01:30",48926,48939,48892,48930,3,+0.01%,1121
"2026-01-20 01:00",48957,48966,48893,48927,-28.,-0.06%,1257
"2026-01-20 00:30",48958,48972,48886,48955,-5.,-0.01%,2253
"2026-01-20 00:00",49097,49097,48951,48960,-137.,-0.28%,1345
"2026-01-19 23:30",49105,49114,49088,49097,-7.,-0.01%,315
"2026-01-19 23:00",49080,49111,49075,49104,25,+0.05%,494
"2026-01-19 22:30",49101,49109,49072,49079,-22.,-0.04%,244
"2026-01-19 22:00",49123,49125,49097,49101,-22.,-0.04%,157
"2026-01-19 21:30",49125,49130,49120,49123,-1.,0.00%,178
"2026-01-19 21:00",49114,49127,49107,49124,12,+0.02%,150
"2026-01-19 20:30",49084,49121,49084,49112,26,+0.05%,542
"2026-01-19 20:00",49119,49120,49075,49086,-34.,-0.07%,420
"2026-01-19 19:30",49124,49144,49113,49120,-6.,-0.01%,268
"2026-01-19 19:00",49092,49147,49092,49126,34,+0.07%,1166
"2026-01-19 18:30",49076,49112,49059,49092,15,+0.03%,747
"2026-01-19 18:00",49121,49126,49069,49077,-50.,-0.10%,757
"2026-01-19 17:30",49148,49148,49114,49127,-18.,-0.04%,313
"2026-01-19 17:00",49146,49179,49127,49145,-1.,0.00%,142
"2026-01-19 11:30",49164,49164,49134,49146,-16.,-0.03%,598
"2026-01-19 11:00",49128,49163,49114,49162,30,+0.06%,469
"2026-01-19 10:30",49103,49141,49103,49132,27,+0.05%,807
"2026-01-19 10:00",49116,49206,49092,49105,-10.,-0.02%,1703
"2026-01-19 09:30",49128,49133,49086,49115,-14.,-0.03%,1244
"2026-01-19 09:00",49133,49149,49116,49129,-4.,-0.01%,1155
"2026-01-19 08:30",49129,49151,49069,49133,3,+0.01%,2459
"2026-01-19 08:00",49184,49206,49115,49130,-58.,-0.12%,683
"2026-01-19 07:30",49143,49211,49140,49188,44,+0.09%,423
"2026-01-19 07:00",49163,49195,49130,49144,-20.,-0.04%,561
"2026-01-19 06:30",49122,49222,49122,49164,44,+0.09%,1194
"2026-01-19 06:00",49098,49127,49070,49120,17,+0.03%,848
"2026-01-19 05:30",49092,49114,49072,49103,13,+0.03%,468
"2026-01-19 05:00",49071,49104,49054,49090,22,+0.04%,660
"2026-01-19 04:30",49130,49130,49061,49068,-62.,-0.13%,517
"2026-01-19 04:00",49073,49143,49069,49130,54,+0.11%,611
"2026-01-19 03:30",49131,49138,49052,49076,-54.,-0.11%,910
"2026-01-19 03:00",49233,49238,49091,49130,-102.,-0.21%,1146
"2026-01-19 02:30",49208,49252,49201,49232,24,+0.05%,433
"2026-01-19 02:00",49117,49245,49117,49208,94,+0.19%,1364
"2026-01-19 01:30",49153,49157,49097,49114,-39.,-0.08%,687
"2026-01-19 01:00",49176,49179,49118,49153,-21.,-0.04%,979
"2026-01-19 00:30",49194,49218,49172,49174,-20.,-0.04%,444
"2026-01-19 00:00",49186,49200,49181,49194,8,+0.02%,146
"2026-01-18 23:30",49194,49199,49179,49186,-9.,-0.02%,185
"2026-01-18 23:00",49175,49196,49158,49195,20,+0.04%,309
"2026-01-18 22:30",49188,49191,49171,49175,-10.,-0.02%,131
"2026-01-18 22:00",49201,49201,49179,49185,-15.,-0.03%,143
"2026-01-18 21:30",49199,49207,49190,49200,6,+0.01%,168
"2026-01-18 21:00",49208,49209,49187,49194,-13.,-0.03%,268
"2026-01-18 20:30",49209,49214,49196,49207,-2.,0.00%,198
"2026-01-18 20:00",49173,49214,49172,49209,35,+0.07%,373
"2026-01-18 19:30",49217,49223,49169,49174,-43.,-0.09%,511
"2026-01-18 19:00",49225,49247,49196,49217,-7.,-0.01%,478
"2026-01-18 18:30",49210,49236,49203,49224,11,+0.02%,667
"2026-01-18 18:00",49285,49286,49178,49213,-75.,-0.15%,1539
"2026-01-18 17:30",49279,49297,49229,49288,8,+0.02%,451
"2026-01-18 17:00",49310,49328,49160,49280,-274.,-0.55%,1901
"2026-01-16 15:30",49537,49557,49535,49554,12,+0.02%,407
"2026-01-16 15:00",49546,49560,49507,49542,-4.,-0.01%,2073
"2026-01-16 14:30",49554,49601,49514,49546,-9.,-0.02%,8348
"2026-01-16 14:00",49608,49618,49555,49555,-53.,-0.11%,2292
"2026-01-16 13:30",49588,49662,49586,49608,21,+0.04%,3145
"2026-01-16 13:00",49637,49715,49583,49587,-52.,-0.10%,4397
"2026-01-16 12:30",49661,49676,49623,49639,-24.,-0.05%,1705
"2026-01-16 12:00",49595,49684,49584,49663,64,+0.13%,2694
"2026-01-16 11:30",49585,49624,49575,49599,11,+0.02%,2805
"2026-01-16 11:00",49590,49627,49575,49588,-6.,-0.01%,2430
"2026-01-16 10:30",49616,49667,49563,49594,-21.,-0.04%,4485
"2026-01-16 10:00",49544,49636,49533,49615,70,+0.14%,5793
"2026-01-16 09:30",49556,49569,49424,49545,-12.,-0.02%,8452
"2026-01-16 09:00",49517,49606,49486,49557,37,+0.07%,8317
"2026-01-16 08:30",49642,49799,49511,49520,-123.,-0.25%,18661
"2026-01-16 08:00",49643,49675,49628,49643,-2.,0.00%,3162
"2026-01-16 07:30",49656,49669,49628,49645,-8.,-0.02%,895
"2026-01-16 07:00",49626,49656,49600,49653,26,+0.05%,1314
"2026-01-16 06:30",49632,49660,49607,49627,-3.,-0.01%,1252
"2026-01-16 06:00",49637,49662,49615,49630,-8.,-0.02%,683
"2026-01-16 05:30",49681,49688,49634,49638,-42.,-0.08%,886
"2026-01-16 05:00",49687,49711,49666,49680,-8.,-0.02%,801
"2026-01-16 04:30",49705,49711,49683,49688,-15.,-0.03%,362
"2026-01-16 04:00",49684,49706,49683,49703,21,+0.04%,309
"2026-01-16 03:30",49713,49713,49677,49682,-30.,-0.06%,460
"2026-01-16 03:00",49694,49714,49687,49712,18,+0.04%,439
"2026-01-16 02:30",49704,49706,49687,49694,-11.,-0.02%,493
"2026-01-16 02:00",49712,49731,49697,49705,-7.,-0.01%,631
"2026-01-16 01:30",49724,49735,49709,49712,-14.,-0.03%,954
"2026-01-16 01:00",49728,49737,49721,49726,1,0.00%,191
"2026-01-16 00:30",49718,49729,49714,49725,11,+0.02%,189
"2026-01-16 00:00",49729,49729,49714,49714,-13.,-0.03%,134
"2026-01-15 23:30",49741,49747,49724,49727,-13.,-0.03%,1027
"2026-01-15 23:00",49747,49748,49730,49740,-7.,-0.01%,149
"2026-01-15 22:30",49738,49747,49733,49747,8,+0.02%,85
"2026-01-15 22:00",49725,49750,49719,49739,14,+0.03%,197
"2026-01-15 21:30",49718,49730,49717,49725,7,+0.01%,146
"2026-01-15 21:00",49708,49727,49706,49718,9,+0.02%,177
"2026-01-15 20:30",49694,49712,49694,49709,14,+0.03%,193
"2026-01-15 20:00",49674,49695,49665,49695,21,+0.04%,216
"2026-01-15 19:30",49662,49681,49662,49674,9,+0.02%,222
"2026-01-15 19:00",49675,49687,49645,49665,-8.,-0.02%,428
"2026-01-15 18:30",49671,49676,49665,49673,4,+0.01%,167
"2026-01-15 18:00",49673,49682,49659,49669,-6.,-0.01%,237
"2026-01-15 17:30",49681,49685,49660,49675,-5.,-0.01%,222
"2026-01-15 17:00",49653,49684,49645,49680,37,+0.07%,305
"2026-01-15 15:30",49641,49652,49631,49643,5,+0.01%,360
"2026-01-15 15:00",49650,49659,49626,49638,-13.,-0.03%,1602
"2026-01-15 14:30",49614,49666,49590,49651,39,+0.08%,7481
"2026-01-15 14:00",49681,49701,49596,49612,-70.,-0.14%,3496
"2026-01-15 13:30",49729,49739,49665,49682,-46.,-0.09%,3855
"2026-01-15 13:00",49756,49790,49721,49728,-29.,-0.06%,3234
"2026-01-15 12:30",49752,49792,49742,49757,4,+0.01%,2597
"2026-01-15 12:00",49685,49760,49679,49753,66,+0.13%,2702
"2026-01-15 11:30",49706,49770,49686,49687,-18.,-0.04%,3037
"2026-01-15 11:00",49730,49773,49700,49705,-25.,-0.05%,2958
"2026-01-15 10:30",49750,49770,49727,49730,-22.,-0.04%,4003
"2026-01-15 10:00",49679,49764,49673,49752,71,+0.14%,6384
"2026-01-15 09:30",49665,49691,49572,49681,17,+0.03%,8464
"2026-01-15 09:00",49530,49694,49528,49664,132,+0.27%,11295
"2026-01-15 08:30",49437,49594,49422,49532,95,+0.19%,20612
"2026-01-15 08:00",49326,49438,49299,49437,112,+0.23%,3082
"2026-01-15 07:30",49319,49349,49288,49325,1,0.00%,2423
"2026-01-15 07:00",49371,49384,49307,49324,-49.,-0.10%,2447
"2026-01-15 06:30",49425,49465,49353,49373,-51.,-0.10%,3013
"2026-01-15 06:00",49389,49508,49372,49424,35,+0.07%,5219
"2026-01-15 05:30",49416,49421,49381,49389,-27.,-0.05%,760
"2026-01-15 05:00",49412,49426,49401,49416,5,+0.01%,762
"2026-01-15 04:30",49397,49418,49394,49411,17,+0.03%,486
"2026-01-15 04:00",49399,49406,49380,49394,-6.,-0.01%,704
"2026-01-15 03:30",49388,49422,49388,49400,14,+0.03%,986
"2026-01-15 03:00",49345,49392,49333,49386,41,+0.08%,905
"2026-01-15 02:30",49317,49347,49314,49345,30,+0.06%,370
"2026-01-15 02:00",49324,49341,49304,49315,-10.,-0.02%,693
"2026-01-15 01:30",49324,49335,49311,49325,-2.,0.00%,588
"2026-01-15 01:00",49342,49350,49310,49327,-15.,-0.03%,558
"2026-01-15 00:30",49343,49362,49331,49342,0,0.00%,381
"2026-01-15 00:00",49331,49385,49326,49342,8,+0.02%,726
"2026-01-14 23:30",49337,49368,49323,49334,-4.,-0.01%,1189
"2026-01-14 23:00",49301,49340,49300,49338,35,+0.07%,312
"2026-01-14 22:30",49305,49310,49297,49303,-3.,-0.01%,159
"2026-01-14 22:00",49302,49311,49295,49306,6,+0.01%,212
"2026-01-14 21:30",49305,49313,49293,49300,-6.,-0.01%,228
"2026-01-14 21:00",49322,49337,49301,49306,-17.,-0.03%,1417
"2026-01-14 20:30",49321,49329,49310,49323,1,0.00%,126
"2026-01-14 20:00",49333,49342,49319,49322,-11.,-0.02%,187
"2026-01-14 19:30",49305,49336,49270,49333,23,+0.05%,513
"2026-01-14 19:00",49289,49327,49288,49310,20,+0.04%,1420
"2026-01-14 18:30",49281,49294,49278,49290,11,+0.02%,282
"2026-01-14 18:00",49293,49299,49272,49279,-12.,-0.02%,393
"2026-01-14 17:30",49302,49305,49271,49291,-8.,-0.02%,1238
"2026-01-14 17:00",49277,49319,49253,49299,-5.,-0.01%,473
"2026-01-14 15:30",49320,49337,49220,49304,-18.,-0.04%,1541
"2026-01-14 15:00",49367,49388,49314,49322,-46.,-0.09%,2654
"2026-01-14 14:30",49322,49380,49242,49368,45,+0.09%,10091
"2026-01-14 14:00",49239,49323,49196,49323,81,+0.16%,7369
"2026-01-14 13:30",49235,49260,49182,49242,9,+0.02%,2542
"2026-01-14 13:00",49236,49259,49209,49233,-3.,-0.01%,2978
"2026-01-14 12:30",49199,49246,49127,49236,38,+0.08%,3518
"2026-01-14 12:00",49133,49202,49115,49198,65,+0.13%,3097
"2026-01-14 11:30",49139,49184,49083,49133,-9.,-0.02%,3928
"2026-01-14 11:00",49098,49171,49085,49142,44,+0.09%,5193
"2026-01-14 10:30",49311,49349,49057,49098,-214.,-0.43%,7924
"2026-01-14 10:00",49157,49317,49102,49312,156,+0.32%,5898
"2026-01-14 09:30",49197,49214,49088,49156,-41.,-0.08%,9675
"2026-01-14 09:00",49212,49364,49150,49197,-17.,-0.03%,13691
"2026-01-14 08:30",49278,49400,49201,49214,-63.,-0.13%,21005
"2026-01-14 08:00",49240,49286,49214,49277,38,+0.08%,2619
"2026-01-14 07:30",49287,49291,49218,49239,-46.,-0.09%,1301
"2026-01-14 07:00",49273,49288,49246,49285,10,+0.02%,1469
"2026-01-14 06:30",49295,49316,49267,49275,-21.,-0.04%,617
"2026-01-14 06:00",49248,49297,49210,49296,49,+0.10%,1178
"2026-01-14 05:30",49256,49264,49230,49247,-9.,-0.02%,1492
"2026-01-14 05:00",49241,49263,49208,49256,15,+0.03%,893
"2026-01-14 04:30",49267,49287,49228,49241,-31.,-0.06%,1190
"2026-01-14 04:00",49329,49330,49259,49272,-59.,-0.12%,737
"2026-01-14 03:30",49335,49343,49317,49331,-2.,0.00%,582
"2026-01-14 03:00",49305,49338,49301,49333,26,+0.05%,463
"2026-01-14 02:30",49306,49308,49279,49307,2,0.00%,457
"2026-01-14 02:00",49289,49312,49287,49305,17,+0.03%,694
"2026-01-14 01:30",49287,49294,49276,49288,1,0.00%,367
"2026-01-14 01:00",49293,49305,49279,49287,-5.,-0.01%,423
"2026-01-14 00:30",49261,49292,49259,49292,34,+0.07%,377
"2026-01-14 00:00",49264,49274,49257,49258,-7.,-0.01%,740
"2026-01-13 23:30",49280,49282,49257,49265,-14.,-0.03%,350
"2026-01-13 23:00",49277,49288,49268,49279,3,+0.01%,239
"2026-01-13 22:30",49297,49301,49271,49276,-23.,-0.05%,225
"2026-01-13 22:00",49322,49329,49298,49299,-24.,-0.05%,166
"2026-01-13 21:30",49333,49338,49304,49323,-9.,-0.02%,703
"2026-01-13 21:00",49319,49338,49318,49332,12,+0.02%,224
"2026-01-13 20:30",49311,49323,49304,49320,10,+0.02%,751
"2026-01-13 20:00",49307,49315,49292,49310,2,0.00%,532
"2026-01-13 19:30",49345,49349,49304,49308,-38.,-0.08%,490
"2026-01-13 19:00",49360,49363,49335,49346,-15.,-0.03%,339
"2026-01-13 18:30",49373,49374,49360,49361,-10.,-0.02%,246
"2026-01-13 18:00",49359,49381,49352,49371,10,+0.02%,390
"2026-01-13 17:30",49361,49377,49356,49361,-1.,0.00%,154
"2026-01-13 17:00",49372,49387,49360,49362,-24.,-0.05%,489
"2026-01-13 15:30",49389,49396,49377,49386,-3.,-0.01%,452
"2026-01-13 15:00",49404,49424,49382,49389,-14.,-0.03%,2186
"2026-01-13 14:30",49332,49418,49274,49403,70,+0.14%,8141
"2026-01-13 14:00",49416,49416,49320,49333,-81.,-0.16%,3853
"2026-01-13 13:30",49445,49467,49383,49414,-32.,-0.06%,2837
"2026-01-13 13:00",49462,49478,49389,49446,-13.,-0.03%,4897
"2026-01-13 12:30",49446,49516,49428,49459,14,+0.03%,2855
"2026-01-13 12:00",49454,49459,49393,49445,-10.,-0.02%,4506
"2026-01-13 11:30",49507,49521,49439,49455,-55.,-0.11%,3254
"2026-01-13 11:00",49505,49541,49474,49510,5,+0.01%,3310
"2026-01-13 10:30",49496,49538,49455,49505,6,+0.01%,4153
"2026-01-13 10:00",49500,49556,49411,49499,-5.,-0.01%,6294
"2026-01-13 09:30",49463,49619,49455,49504,41,+0.08%,9875
"2026-01-13 09:00",49515,49541,49417,49463,-50.,-0.10%,10228
"2026-01-13 08:30",49771,49813,49477,49513,-259.,-0.52%,19008
"2026-01-13 08:00",49765,49823,49753,49772,5,+0.01%,3341
"2026-01-13 07:30",49695,49901,49669,49767,79,+0.16%,4775
"2026-01-13 07:00",49696,49715,49674,49688,-7.,-0.01%,1194
"2026-01-13 06:30",49746,49762,49694,49695,-51.,-0.10%,1105
"2026-01-13 06:00",49796,49798,49740,49746,-51.,-0.10%,1386
"2026-01-13 05:30",49743,49830,49691,49797,54,+0.11%,5590
"2026-01-13 05:00",49746,49748,49736,49743,-1.,0.00%,236
"2026-01-13 04:30",49737,49749,49730,49744,7,+0.01%,303
"2026-01-13 04:00",49749,49752,49716,49737,-12.,-0.02%,542
"2026-01-13 03:30",49749,49762,49734,49749,1,0.00%,582
"2026-01-13 03:00",49760,49763,49744,49748,-14.,-0.03%,615
"2026-01-13 02:30",49755,49762,49740,49762,8,+0.02%,305
"2026-01-13 02:00",49765,49767,49746,49754,-16.,-0.03%,506
"2026-01-13 01:30",49776,49776,49761,49770,-6.,-0.01%,270
"2026-01-13 01:00",49772,49779,49761,49776,4,+0.01%,347
"2026-01-13 00:30",49766,49783,49759,49772,8,+0.02%,258
"2026-01-13 00:00",49781,49784,49764,49764,-18.,-0.04%,132
"2026-01-12 23:30",49784,49785,49770,49782,-1.,0.00%,138
"2026-01-12 23:00",49799,49801,49779,49783,-14.,-0.03%,131
"2026-01-12 22:30",49794,49799,49782,49797,4,+0.01%,104
"2026-01-12 22:00",49784,49799,49782,49793,10,+0.02%,109
"2026-01-12 21:30",49793,49794,49781,49783,-11.,-0.02%,133
"2026-01-12 21:00",49787,49801,49785,49794,8,+0.02%,161
"2026-01-12 20:30",49777,49790,49771,49786,7,+0.01%,208
"2026-01-12 20:00",49764,49785,49759,49779,16,+0.03%,224
"2026-01-12 19:30",49744,49779,49737,49763,21,+0.04%,428
"2026-01-12 19:00",49739,49748,49728,49742,-1.,0.00%,319
"2026-01-12 18:30",49743,49754,49735,49743,0,0.00%,414
"2026-01-12 18:00",49749,49765,49738,49743,-9.,-0.02%,373
"2026-01-12 17:30",49759,49770,49750,49752,-8.,-0.02%,216
"2026-01-12 17:00",49764,49774,49732,49760,-2.,0.00%,405
"2026-01-12 15:30",49789,49796,49748,49762,-28.,-0.06%,590
"2026-01-12 15:00",49807,49808,49779,49790,-18.,-0.04%,1346
"2026-01-12 14:30",49755,49855,49753,49808,52,+0.10%,6579
"2026-01-12 14:00",49785,49806,49724,49756,-28.,-0.06%,2752
"2026-01-12 13:30",49732,49801,49725,49784,50,+0.10%,2776
"2026-01-12 13:00",49753,49764,49716,49734,-22.,-0.04%,1913
"2026-01-12 12:30",49739,49763,49725,49756,18,+0.04%,1654
"2026-01-12 12:00",49668,49745,49658,49738,70,+0.14%,2546
"2026-01-12 11:30",49641,49685,49604,49668,27,+0.05%,2142
"2026-01-12 11:00",49645,49674,49605,49641,-5.,-0.01%,2998
"2026-01-12 10:30",49639,49713,49630,49646,8,+0.02%,3981
"2026-01-12 10:00",49636,49658,49593,49638,3,+0.01%,4772
"2026-01-12 09:30",49463,49641,49460,49635,172,+0.35%,7319
"2026-01-12 09:00",49547,49559,49413,49463,-86.,-0.17%,8092
"2026-01-12 08:30",49449,49566,49212,49549,99,+0.20%,21119
"2026-01-12 08:00",49408,49461,49394,49450,42,+0.09%,2886
"2026-01-12 07:30",49421,49427,49384,49408,-13.,-0.03%,1227
"2026-01-12 07:00",49392,49426,49368,49421,31,+0.06%,1369
"2026-01-12 06:30",49375,49408,49362,49390,15,+0.03%,1212
"2026-01-12 06:00",49358,49385,49353,49375,19,+0.04%,1273
"2026-01-12 05:30",49381,49388,49345,49356,-24.,-0.05%,638
"2026-01-12 05:00",49352,49391,49292,49380,29,+0.06%,2057
"2026-01-12 04:30",49359,49378,49351,49351,-10.,-0.02%,534
"2026-01-12 04:00",49383,49383,49350,49361,-20.,-0.04%,497
"2026-01-12 03:30",49343,49389,49340,49381,38,+0.08%,710
"2026-01-12 03:00",49422,49431,49340,49343,-83.,-0.17%,6216
"2026-01-12 02:30",49439,49444,49418,49426,-14.,-0.03%,941
"2026-01-12 02:00",49492,49512,49437,49440,-53.,-0.11%,994
"2026-01-12 01:30",49491,49493,49466,49493,2,0.00%,483
"2026-01-12 01:00",49498,49523,49483,49491,-8.,-0.02%,563
"2026-01-12 00:30",49499,49513,49493,49499,1,0.00%,459
"2026-01-12 00:00",49482,49506,49477,49498,15,+0.03%,471
"2026-01-11 23:30",49471,49486,49470,49483,9,+0.02%,331
"2026-01-11 23:00",49478,49495,49462,49474,-5.,-0.01%,434
"2026-01-11 22:30",49482,49492,49478,49479,0,0.00%,155
"2026-01-11 22:00",49472,49487,49461,49479,6,+0.01%,224
"2026-01-11 21:30",49490,49495,49462,49473,-16.,-0.03%,308
"2026-01-11 21:00",49498,49502,49487,49489,-9.,-0.02%,274
"2026-01-11 20:30",49514,49521,49489,49498,-15.,-0.03%,444
"2026-01-11 20:00",49553,49553,49508,49513,-43.,-0.09%,516
"2026-01-11 19:30",49542,49578,49515,49556,14,+0.03%,752
"2026-01-11 19:00",49562,49566,49511,49542,-22.,-0.04%,1376
"2026-01-11 18:30",49642,49642,49540,49564,-80.,-0.16%,1347
"2026-01-11 18:00",49662,49663,49630,49644,-14.,-0.03%,525
"2026-01-11 17:30",49687,49690,49658,49658,-24.,-0.05%,694
"2026-01-11 17:00",49720,49733,49633,49682,-51.,-0.10%,1077
"2026-01-09 15:30",49714,49736,49706,49733,19,+0.04%,542
"2026-01-09 15:00",49726,49732,49712,49714,-12.,-0.02%,1584
"2026-01-09 14:30",49758,49775,49719,49726,-32.,-0.06%,6036
"2026-01-09 14:00",49743,49760,49712,49758,15,+0.03%,1844
"2026-01-09 13:30",49742,49757,49716,49743,2,0.00%,1568
"2026-01-09 13:00",49704,49743,49694,49741,36,+0.07%,1646
"2026-01-09 12:30",49694,49759,49693,49705,13,+0.03%,2224
"2026-01-09 12:00",49702,49723,49666,49692,-10.,-0.02%,2001
"2026-01-09 11:30",49774,49793,49701,49702,-76.,-0.15%,2163
"2026-01-09 11:00",49750,49787,49738,49778,27,+0.05%,2573
"2026-01-09 10:30",49668,49777,49626,49751,82,+0.17%,3778
"2026-01-09 10:00",49589,49730,49577,49669,79,+0.16%,5051
"2026-01-09 09:30",49664,49681,49533,49590,-74.,-0.15%,5214
"2026-01-09 09:00",49592,49693,49408,49664,73,+0.15%,12273
"2026-01-09 08:30",49504,49675,49443,49591,87,+0.18%,16193
"2026-01-09 08:00",49642,49645,49473,49504,-139.,-0.28%,3426
"2026-01-09 07:30",49570,49675,49502,49643,74,+0.15%,2462
"2026-01-09 07:00",49526,49584,49520,49569,43,+0.09%,1414
"2026-01-09 06:30",49491,49530,49483,49526,35,+0.07%,655
"2026-01-09 06:00",49487,49507,49480,49491,0,0.00%,465
"2026-01-09 05:30",49497,49510,49486,49491,-6.,-0.01%,528
"2026-01-09 05:00",49493,49500,49479,49497,5,+0.01%,499
"2026-01-09 04:30",49507,49507,49491,49492,-14.,-0.03%,253
"2026-01-09 04:00",49516,49520,49493,49506,-8.,-0.02%,338
"2026-01-09 03:30",49480,49516,49480,49514,34,+0.07%,598
"2026-01-09 03:00",49458,49483,49455,49480,20,+0.04%,538
"2026-01-09 02:30",49481,49487,49451,49460,-20.,-0.04%,594
"2026-01-09 02:00",49488,49511,49479,49480,-7.,-0.01%,517
"2026-01-09 01:30",49466,49491,49462,49487,23,+0.05%,265
"2026-01-09 01:00",49496,49498,49458,49464,-32.,-0.06%,330
"2026-01-09 00:30",49486,49509,49486,49496,11,+0.02%,143
"2026-01-09 00:00",49501,49503,49479,49485,-10.,-0.02%,125
"2026-01-08 23:30",49498,49498,49476,49495,-1.,0.00%,171
"2026-01-08 23:00",49501,49508,49491,49496,-4.,-0.01%,129
"2026-01-08 22:30",49496,49505,49492,49500,7,+0.01%,173
"2026-01-08 22:00",49498,49502,49486,49493,-4.,-0.01%,216
"2026-01-08 21:30",49494,49504,49488,49497,2,0.00%,238
"2026-01-08 21:00",49496,49505,49487,49495,-2.,0.00%,222
"2026-01-08 20:30",49497,49514,49492,49497,-4.,-0.01%,270
"2026-01-08 20:00",49487,49503,49481,49501,15,+0.03%,280
"2026-01-08 19:30",49484,49492,49475,49486,4,+0.01%,269
"2026-01-08 19:00",49501,49510,49480,49482,-18.,-0.04%,664
"2026-01-08 18:30",49531,49538,49494,49500,-31.,-0.06%,411
"2026-01-08 18:00",49529,49544,49519,49531,0,0.00%,307
"2026-01-08 17:30",49556,49558,49522,49531,-26.,-0.05%,256
"2026-01-08 17:00",49569,49591,49557,49557,-11.,-0.02%,336
"2026-01-08 15:30",49545,49603,49545,49568,21,+0.04%,1010
"2026-01-08 15:00",49484,49547,49480,49547,61,+0.12%,1942
"2026-01-08 14:30",49509,49535,49480,49486,-24.,-0.05%,7330
"2026-01-08 14:00",49468,49511,49453,49510,42,+0.08%,2483
"2026-01-08 13:30",49494,49524,49448,49468,-27.,-0.05%,2409
"2026-01-08 13:00",49486,49525,49444,49495,10,+0.02%,3233
"2026-01-08 12:30",49502,49539,49474,49485,-21.,-0.04%,2059
"2026-01-08 12:00",49552,49564,49473,49506,-45.,-0.09%,3472
"2026-01-08 11:30",49511,49586,49511,49551,41,+0.08%,3087
"2026-01-08 11:00",49523,49557,49495,49510,-14.,-0.03%,3580
"2026-01-08 10:30",49491,49546,49463,49524,32,+0.06%,5495
"2026-01-08 10:00",49453,49498,49386,49492,40,+0.08%,5880
"2026-01-08 09:30",49373,49458,49331,49452,79,+0.16%,7295
"2026-01-08 09:00",49282,49432,49260,49373,88,+0.18%,9296
"2026-01-08 08:30",49018,49325,49013,49285,266,+0.54%,20905
"2026-01-08 08:00",49060,49066,49001,49019,-44.,-0.09%,4097
"2026-01-08 07:30",49092,49101,49047,49063,-25.,-0.05%,1683
"2026-01-08 07:00",49056,49091,49050,49088,31,+0.06%,1199
"2026-01-08 06:30",49068,49069,49032,49057,-12.,-0.02%,725
"2026-01-08 06:00",49066,49078,49037,49069,1,0.00%,1194
"2026-01-08 05:30",49102,49105,49050,49068,-33.,-0.07%,1335
"2026-01-08 05:00",49092,49110,49088,49101,8,+0.02%,375
"2026-01-08 04:30",49074,49102,49073,49093,20,+0.04%,482
"2026-01-08 04:00",49096,49097,49066,49073,-23.,-0.05%,546
"2026-01-08 03:30",49116,49119,49089,49096,-21.,-0.04%,815
"2026-01-08 03:00",49121,49141,49113,49117,-1.,0.00%,486
"2026-01-08 02:30",49143,49149,49114,49118,-25.,-0.05%,642
"2026-01-08 02:00",49111,49145,49111,49143,31,+0.06%,894
"2026-01-08 01:30",49102,49128,49096,49112,8,+0.02%,626
"2026-01-08 01:00",49099,49137,49070,49104,6,+0.01%,1420
"2026-01-08 00:30",49068,49103,49064,49098,33,+0.07%,466
"2026-01-08 00:00",49110,49111,49065,49065,-46.,-0.09%,754
"2026-01-07 23:30",49142,49143,49107,49111,-32.,-0.07%,355
"2026-01-07 23:00",49158,49163,49136,49143,-15.,-0.03%,259
"2026-01-07 22:30",49164,49167,49157,49158,-6.,-0.01%,140
"2026-01-07 22:00",49167,49175,49154,49164,-10.,-0.02%,252
"2026-01-07 21:30",49163,49180,49159,49174,9,+0.02%,517
"2026-01-07 21:00",49191,49193,49149,49165,-25.,-0.05%,985
"2026-01-07 20:30",49217,49225,49183,49190,-28.,-0.06%,1238
"2026-01-07 20:00",49252,49264,49217,49218,-35.,-0.07%,1014
"2026-01-07 19:30",49245,49255,49228,49253,9,+0.02%,272
"2026-01-07 19:00",49267,49267,49232,49244,-23.,-0.05%,394
"2026-01-07 18:30",49252,49271,49250,49267,16,+0.03%,241
"2026-01-07 18:00",49263,49272,49250,49251,-8.,-0.02%,304
"2026-01-07 17:30",49250,49267,49232,49259,10,+0.02%,1118
"2026-01-07 17:00",49239,49264,49239,49249,17,+0.03%,669
"2026-01-07 15:30",49197,49244,49192,49232,33,+0.07%,1159
"2026-01-07 15:00",49242,49243,49182,49199,-43.,-0.09%,2634
"2026-01-07 14:30",49285,49286,49191,49242,-44.,-0.09%,9697
"2026-01-07 14:00",49399,49403,49277,49286,-112.,-0.23%,5256
"2026-01-07 13:30",49395,49441,49388,49398,4,+0.01%,2452
"2026-01-07 13:00",49475,49484,49373,49394,-82.,-0.17%,3641
"2026-01-07 12:30",49433,49476,49409,49476,43,+0.09%,3239
"2026-01-07 12:00",49517,49517,49427,49433,-85.,-0.17%,3358
"2026-01-07 11:30",49619,49625,49501,49518,-106.,-0.21%,3651
"2026-01-07 11:00",49617,49647,49602,49624,9,+0.02%,2816
"2026-01-07 10:30",49550,49624,49527,49615,65,+0.13%,3808
"2026-01-07 10:00",49524,49561,49505,49550,25,+0.05%,3499
"2026-01-07 09:30",49473,49549,49446,49525,50,+0.10%,8506
"2026-01-07 09:00",49616,49642,49466,49475,-145.,-0.29%,10424
"2026-01-07 08:30",49816,49876,49605,49620,-197.,-0.40%,16798
"2026-01-07 08:00",49786,49822,49771,49817,29,+0.06%,3176
"2026-01-07 07:30",49774,49800,49770,49788,14,+0.03%,1840
"2026-01-07 07:00",49764,49777,49743,49774,9,+0.02%,999
"2026-01-07 06:30",49744,49767,49724,49765,19,+0.04%,918
"2026-01-07 06:00",49749,49756,49739,49746,-2.,0.00%,361
"2026-01-07 05:30",49740,49751,49734,49748,7,+0.01%,361
"2026-01-07 05:00",49746,49755,49740,49741,-4.,-0.01%,404
"2026-01-07 04:30",49722,49747,49718,49745,24,+0.05%,361
"2026-01-07 04:00",49742,49751,49721,49721,-23.,-0.05%,450
"2026-01-07 03:30",49758,49763,49732,49744,-16.,-0.03%,714
"2026-01-07 03:00",49756,49788,49747,49760,3,+0.01%,1658
"2026-01-07 02:30",49754,49766,49744,49757,2,0.00%,462
"2026-01-07 02:00",49755,49770,49749,49755,1,0.00%,637
"2026-01-07 01:30",49767,49772,49752,49754,-14.,-0.03%,361
"2026-01-07 01:00",49752,49773,49750,49768,17,+0.03%,315
"2026-01-07 00:30",49780,49785,49749,49751,-27.,-0.05%,333
"2026-01-07 00:00",49785,49794,49777,49778,-7.,-0.01%,264
"2026-01-06 23:30",49804,49806,49781,49785,-21.,-0.04%,294
"2026-01-06 23:00",49797,49808,49792,49806,8,+0.02%,224
"2026-01-06 22:30",49787,49805,49785,49798,11,+0.02%,265
"2026-01-06 22:00",49776,49791,49769,49787,11,+0.02%,221
"2026-01-06 21:30",49779,49786,49770,49776,-3.,-0.01%,638
"2026-01-06 21:00",49780,49793,49765,49779,-2.,0.00%,1205
"2026-01-06 20:30",49770,49793,49764,49781,11,+0.02%,206
"2026-01-06 20:00",49776,49788,49768,49770,-7.,-0.01%,597
"2026-01-06 19:30",49752,49787,49740,49777,25,+0.05%,2519
"2026-01-06 19:00",49747,49754,49739,49752,6,+0.01%,325
"2026-01-06 18:30",49746,49755,49738,49746,-1.,0.00%,292
"2026-01-06 18:00",49733,49749,49728,49747,15,+0.03%,351
"2026-01-06 17:30",49748,49748,49729,49732,-14.,-0.03%,307
"2026-01-06 17:00",49752,49759,49729,49746,-2.,0.00%,310
"2026-01-06 15:30",49755,49756,49743,49748,-6.,-0.01%,507
"2026-01-06 15:00",49716,49756,49707,49754,38,+0.08%,2456
"2026-01-06 14:30",49749,49766,49710,49716,-34.,-0.07%,7953
"2026-01-06 14:00",49713,49761,49708,49750,37,+0.07%,2787
"2026-01-06 13:30",49700,49725,49683,49713,14,+0.03%,2407
"2026-01-06 13:00",49709,49749,49699,49699,-8.,-0.02%,3139
"2026-01-06 12:30",49673,49709,49663,49707,34,+0.07%,2726
"2026-01-06 12:00",49659,49685,49633,49673,17,+0.03%,2859
"2026-01-06 11:30",49604,49670,49599,49656,55,+0.11%,3433
"2026-01-06 11:00",49496,49610,49494,49601,103,+0.21%,4155
"2026-01-06 10:30",49465,49506,49422,49498,34,+0.07%,3947
"2026-01-06 10:00",49357,49471,49340,49464,105,+0.21%,4966
"2026-01-06 09:30",49431,49443,49312,49359,-74.,-0.15%,7950
"2026-01-06 09:00",49323,49443,49309,49433,111,+0.23%,7682
"2026-01-06 08:30",49179,49349,49139,49322,144,+0.29%,17486
"2026-01-06 08:00",49182,49190,49149,49178,-8.,-0.02%,2571
"2026-01-06 07:30",49177,49214,49154,49186,9,+0.02%,1332
"2026-01-06 07:00",49207,49211,49168,49177,-30.,-0.06%,815
"2026-01-06 06:30",49164,49213,49148,49207,43,+0.09%,826
"2026-01-06 06:00",49132,49164,49128,49164,31,+0.06%,515
"2026-01-06 05:30",49148,49154,49132,49133,-15.,-0.03%,517
"2026-01-06 05:00",49132,49161,49128,49148,17,+0.03%,431
"2026-01-06 04:30",49138,49155,49131,49131,-9.,-0.02%,430
"2026-01-06 04:00",49106,49144,49096,49140,38,+0.08%,602
"2026-01-06 03:30",49141,49146,49102,49102,-41.,-0.08%,999
"2026-01-06 03:00",49124,49159,49100,49143,18,+0.04%,961
"2026-01-06 02:30",49135,49139,49103,49125,-11.,-0.02%,865
"2026-01-06 02:00",49232,49232,49135,49136,-96.,-0.19%,1055
"2026-01-06 01:30",49237,49243,49224,49232,-5.,-0.01%,298
"2026-01-06 01:00",49256,49256,49231,49237,-18.,-0.04%,370
"2026-01-06 00:30",49242,49270,49242,49255,12,+0.02%,758
"2026-01-06 00:00",49231,49245,49214,49243,14,+0.03%,989
"2026-01-05 23:30",49249,49250,49225,49229,-19.,-0.04%,771
"2026-01-05 23:00",49247,49250,49241,49248,3,+0.01%,171
"2026-01-05 22:30",49256,49260,49239,49245,-11.,-0.02%,211
"2026-01-05 22:00",49255,49269,49255,49256,1,0.00%,301
"2026-01-05 21:30",49250,49257,49247,49255,2,0.00%,138
"2026-01-05 21:00",49258,49259,49247,49253,-5.,-0.01%,176
"2026-01-05 20:30",49256,49259,49247,49258,1,0.00%,188
"2026-01-05 20:00",49252,49258,49242,49257,5,+0.01%,258
"2026-01-05 19:30",49249,49270,49230,49252,4,+0.01%,1732
"2026-01-05 19:00",49213,49250,49209,49248,35,+0.07%,521
"2026-01-05 18:30",49222,49222,49204,49213,-7.,-0.01%,285
"2026-01-05 18:00",49215,49228,49201,49220,6,+0.01%,420
"2026-01-05 17:30",49244,49244,49210,49214,-26.,-0.05%,366
"2026-01-05 17:00",49225,49251,49221,49240,20,+0.04%,230
"2026-01-05 15:30",49248,49248,49216,49220,-27.,-0.05%,664
"2026-01-05 15:00",49237,49253,49218,49247,11,+0.02%,1940
"2026-01-05 14:30",49302,49318,49210,49236,-69.,-0.14%,8949
"2026-01-05 14:00",49319,49359,49277,49305,-15.,-0.03%,3659
"2026-01-05 13:30",49412,49421,49300,49320,-93.,-0.19%,4355
"2026-01-05 13:00",49445,49463,49406,49413,-33.,-0.07%,2979
"2026-01-05 12:30",49413,49459,49410,49446,32,+0.06%,2644
"2026-01-05 12:00",49395,49432,49374,49414,20,+0.04%,3543
"2026-01-05 11:30",49358,49423,49358,49394,41,+0.08%,3111
"2026-01-05 11:00",49369,49410,49347,49353,-14.,-0.03%,5131
"2026-01-05 10:30",49304,49376,49266,49367,62,+0.13%,4942
"2026-01-05 10:00",49282,49353,49246,49305,25,+0.05%,6039
"2026-01-05 09:30",49307,49328,49245,49280,-26.,-0.05%,6956
"2026-01-05 09:00",49156,49308,49125,49306,150,+0.31%,10395
"2026-01-05 08:30",48686,49200,48669,49156,472,+0.97%,22471
"2026-01-05 08:00",48659,48725,48647,48684,25,+0.05%,4123
"2026-01-05 07:30",48575,48674,48571,48659,83,+0.17%,1284
"2026-01-05 07:00",48620,48623,48556,48576,-42.,-0.09%,1133
"2026-01-05 06:30",48613,48630,48593,48618,5,+0.01%,681
"2026-01-05 06:00",48652,48667,48605,48613,-35.,-0.07%,629
"2026-01-05 05:30",48633,48653,48627,48648,15,+0.03%,429
"2026-01-05 05:00",48629,48649,48617,48633,7,+0.01%,292
"2026-01-05 04:30",48630,48633,48622,48626,-4.,-0.01%,278
"2026-01-05 04:00",48631,48659,48628,48630,1,0.00%,341
"2026-01-05 03:30",48618,48653,48608,48629,8,+0.02%,380
"2026-01-05 03:00",48664,48673,48618,48621,-39.,-0.08%,606
"2026-01-05 02:30",48664,48687,48658,48660,-6.,-0.01%,475
"2026-01-05 02:00",48650,48683,48632,48666,15,+0.03%,1245
"2026-01-05 01:30",48629,48654,48624,48651,22,+0.05%,390
"2026-01-05 01:00",48675,48686,48626,48629,-45.,-0.09%,415
"2026-01-05 00:30",48620,48678,48613,48674,55,+0.11%,463
"2026-01-05 00:00",48641,48649,48618,48619,-21.,-0.04%,262
"2026-01-04 23:30",48629,48642,48627,48640,8,+0.02%,215
"2026-01-04 23:00",48634,48636,48611,48632,-2.,0.00%,264
"2026-01-04 22:30",48605,48641,48603,48634,31,+0.06%,271
"2026-01-04 22:00",48590,48610,48586,48603,12,+0.02%,216
"2026-01-04 21:30",48616,48617,48591,48591,-27.,-0.06%,268
"2026-01-04 21:00",48633,48636,48616,48618,-17.,-0.03%,214
"2026-01-04 20:30",48622,48644,48617,48635,13,+0.03%,219
"2026-01-04 20:00",48610,48629,48608,48622,16,+0.03%,405
"2026-01-04 19:30",48595,48621,48580,48606,9,+0.02%,710
"2026-01-04 19:00",48619,48640,48574,48597,-24.,-0.05%,1239
"2026-01-04 18:30",48622,48624,48594,48621,1,0.00%,246
"2026-01-04 18:00",48613,48623,48582,48620,6,+0.01%,426
"2026-01-04 17:30",48618,48620,48581,48614,-7.,-0.01%,411
"2026-01-04 17:00",48653,48660,48588,48621,23,+0.05%,618
"2026-01-02 15:30",48620,48620,48585,48598,-21.,-0.04%,492
"2026-01-02 15:00",48616,48633,48594,48619,3,+0.01%,2003
"2026-01-02 14:30",48595,48627,48522,48616,19,+0.04%,7268
"2026-01-02 14:00",48614,48652,48584,48597,-19.,-0.04%,2772
"2026-01-02 13:30",48577,48651,48574,48616,39,+0.08%,4442
"2026-01-02 13:00",48399,48585,48383,48577,179,+0.37%,4550
"2026-01-02 12:30",48382,48416,48327,48398,19,+0.04%,2397
"2026-01-02 12:00",48381,48431,48339,48379,-4.,-0.01%,2396
"2026-01-02 11:30",48480,48523,48364,48383,-99.,-0.20%,3147
"2026-01-02 11:00",48358,48502,48352,48482,122,+0.25%,4262
"2026-01-02 10:30",48444,48481,48307,48360,-86.,-0.18%,5619
"2026-01-02 10:00",48357,48506,48328,48446,91,+0.19%,6569
"2026-01-02 09:30",48216,48427,48198,48355,137,+0.28%,9529
"2026-01-02 09:00",48338,48406,48140,48218,-119.,-0.25%,11475
"2026-01-02 08:30",48457,48461,48092,48337,-117.,-0.24%,19207
"2026-01-02 08:00",48491,48508,48453,48454,-34.,-0.07%,1544
"2026-01-02 07:30",48497,48502,48464,48488,-10.,-0.02%,798
"2026-01-02 07:00",48521,48527,48497,48498,-23.,-0.05%,685
"2026-01-02 06:30",48525,48539,48516,48521,-5.,-0.01%,666
"2026-01-02 06:00",48548,48569,48522,48526,-22.,-0.05%,696
"2026-01-02 05:30",48520,48556,48520,48548,28,+0.06%,422
"2026-01-02 05:00",48529,48543,48517,48520,-8.,-0.02%,412
"2026-01-02 04:30",48504,48530,48489,48528,25,+0.05%,513
"2026-01-02 04:00",48521,48530,48499,48503,-18.,-0.04%,443
"2026-01-02 03:30",48500,48522,48492,48521,19,+0.04%,494
"2026-01-02 03:00",48452,48503,48450,48502,52,+0.11%,927
"2026-01-02 02:30",48432,48463,48423,48450,18,+0.04%,642
"2026-01-02 02:00",48427,48448,48418,48432,6,+0.01%,811
"2026-01-02 01:30",48438,48440,48425,48426,-14.,-0.03%,192
"2026-01-02 01:00",48458,48459,48426,48440,-20.,-0.04%,326
"2026-01-02 00:30",48478,48479,48459,48460,-17.,-0.04%,140
"2026-01-02 00:00",48468,48484,48468,48477,10,+0.02%,297
"2026-01-01 23:30",48459,48471,48457,48467,8,+0.02%,340
"2026-01-01 23:00",48449,48461,48446,48459,10,+0.02%,247
"2026-01-01 22:30",48463,48470,48448,48449,-14.,-0.03%,470
"2026-01-01 22:00",48467,48475,48459,48463,-3.,-0.01%,300
"2026-01-01 21:30",48451,48467,48445,48466,16,+0.03%,221
"2026-01-01 21:00",48440,48453,48437,48450,7,+0.01%,157
"2026-01-01 20:30",48435,48447,48430,48443,9,+0.02%,182
"2026-01-01 20:00",48422,48438,48413,48434,12,+0.02%,226
"2026-01-01 19:30",48425,48434,48420,48422,-4.,-0.01%,177
"2026-01-01 19:00",48408,48441,48408,48426,18,+0.04%,431
"2026-01-01 18:30",48417,48418,48395,48408,-10.,-0.02%,98
"2026-01-01 18:00",48407,48418,48385,48418,14,+0.03%,261
"2026-01-01 17:30",48407,48428,48400,48404,-4.,-0.01%,190
"2026-01-01 17:00",48373,48419,48355,48408,57,+0.12%,656
"2025-12-31 15:30",48363,48364,48342,48351,-13.,-0.03%,300
"2025-12-31 15:00",48338,48378,48338,48364,25,+0.05%,1442
"2025-12-31 14:30",48366,48438,48315,48339,-26.,-0.05%,6421
"2025-12-31 14:00",48436,48440,48351,48365,-70.,-0.14%,3170
"2025-12-31 13:30",48497,48504,48430,48435,-63.,-0.13%,2179
"2025-12-31 13:00",48550,48573,48494,48498,-51.,-0.11%,1468
"2025-12-31 12:30",48504,48560,48500,48549,45,+0.09%,1484
"2025-12-31 12:00",48459,48505,48459,48504,44,+0.09%,962
"2025-12-31 11:30",48473,48505,48453,48460,-12.,-0.02%,1091
"2025-12-31 11:00",48513,48516,48442,48472,-42.,-0.09%,1702
"2025-12-31 10:30",48497,48527,48476,48514,17,+0.04%,1262
"2025-12-31 10:00",48444,48508,48439,48497,50,+0.10%,1973
"2025-12-31 09:30",48498,48528,48440,48447,-53.,-0.11%,3970
"2025-12-31 09:00",48567,48568,48471,48500,-67.,-0.14%,4138
"2025-12-31 08:30",48649,48665,48504,48567,-82.,-0.17%,7391
"2025-12-31 08:00",48654,48677,48648,48649,-3.,-0.01%,727
"2025-12-31 07:30",48614,48666,48610,48652,34,+0.07%,577
"2025-12-31 07:00",48618,48624,48608,48618,0,0.00%,254
"2025-12-31 06:30",48611,48622,48609,48618,9,+0.02%,248
"2025-12-31 06:00",48583,48614,48574,48609,24,+0.05%,320
"2025-12-31 05:30",48580,48585,48574,48585,6,+0.01%,176
"2025-12-31 05:00",48570,48590,48564,48579,9,+0.02%,216
"2025-12-31 04:30",48580,48586,48570,48570,-9.,-0.02%,115
"2025-12-31 04:00",48578,48580,48563,48579,3,+0.01%,214
"2025-12-31 03:30",48589,48598,48575,48576,-12.,-0.02%,202
"2025-12-31 03:00",48575,48597,48570,48588,12,+0.02%,277
"2025-12-31 02:30",48589,48591,48572,48576,-10.,-0.02%,281
"2025-12-31 02:00",48603,48608,48586,48586,-16.,-0.03%,226
"2025-12-31 01:30",48606,48616,48595,48602,-5.,-0.01%,150
"2025-12-31 01:00",48598,48609,48583,48607,7,+0.01%,196
"2025-12-31 00:30",48590,48601,48590,48600,9,+0.02%,111
"2025-12-31 00:00",48602,48607,48586,48591,-10.,-0.02%,234
"2025-12-30 23:30",48621,48626,48596,48601,-22.,-0.05%,257
"2025-12-30 23:00",48626,48630,48617,48623,-4.,-0.01%,149
"2025-12-30 22:30",48640,48643,48627,48627,-13.,-0.03%,97
"2025-12-30 22:00",48634,48644,48632,48640,6,+0.01%,147
"2025-12-30 21:30",48634,48642,48629,48634,-2.,0.00%,116
"2025-12-30 21:00",48641,48650,48635,48636,-7.,-0.01%,168
"2025-12-30 20:30",48623,48647,48623,48643,19,+0.04%,233
"2025-12-30 20:00",48606,48626,48605,48624,17,+0.03%,220
"2025-12-30 19:30",48613,48619,48600,48607,-6.,-0.01%,197
"2025-12-30 19:00",48612,48621,48585,48613,-5.,-0.01%,519
"2025-12-30 18:30",48652,48652,48607,48618,-35.,-0.07%,261
"2025-12-30 18:00",48660,48663,48646,48653,-11.,-0.02%,106
"2025-12-30 17:30",48665,48675,48655,48664,-3.,-0.01%,108
"2025-12-30 17:00",48685,48693,48660,48667,-10.,-0.02%,131
"2025-12-30 15:30",48675,48688,48672,48677,3,+0.01%,292
"2025-12-30 15:00",48657,48675,48641,48674,18,+0.04%,1454
"2025-12-30 14:30",48689,48714,48641,48656,-32.,-0.07%,4386
"2025-12-30 14:00",48666,48694,48648,48688,22,+0.05%,1229
"2025-12-30 13:30",48686,48699,48647,48666,-19.,-0.04%,1074
"2025-12-30 13:00",48699,48706,48673,48685,-12.,-0.02%,1051
"2025-12-30 12:30",48692,48712,48681,48697,3,+0.01%,778
"2025-12-30 12:00",48682,48697,48660,48694,10,+0.02%,978
"2025-12-30 11:30",48644,48692,48644,48684,42,+0.09%,1505
"2025-12-30 11:00",48627,48646,48591,48642,13,+0.03%,1611
"2025-12-30 10:30",48701,48709,48624,48629,-73.,-0.15%,1813
"2025-12-30 10:00",48647,48718,48645,48702,55,+0.11%,2694
"2025-12-30 09:30",48637,48662,48592,48647,11,+0.02%,2709
"2025-12-30 09:00",48699,48712,48622,48636,-63.,-0.13%,3678
"2025-12-30 08:30",48757,48763,48573,48699,-58.,-0.12%,10089
"2025-12-30 08:00",48736,48757,48728,48757,20,+0.04%,1061
"2025-12-30 07:30",48732,48744,48722,48737,1,0.00%,431
"2025-12-30 07:00",48736,48754,48720,48736,0,0.00%,485
"2025-12-30 06:30",48740,48754,48727,48736,-6.,-0.01%,377
"2025-12-30 06:00",48751,48764,48741,48742,-8.,-0.02%,298
"2025-12-30 05:30",48716,48761,48713,48750,34,+0.07%,306
"2025-12-30 05:00",48738,48739,48706,48716,-23.,-0.05%,343
"2025-12-30 04:30",48760,48761,48736,48739,-23.,-0.05%,280
"2025-12-30 04:00",48753,48763,48747,48762,10,+0.02%,244
"2025-12-30 03:30",48753,48758,48739,48752,0,0.00%,179
"2025-12-30 03:00",48755,48767,48748,48752,-4.,-0.01%,288
"2025-12-30 02:30",48734,48763,48731,48756,20,+0.04%,324
"2025-12-30 02:00",48697,48744,48694,48736,44,+0.09%,323
"2025-12-30 01:30",48710,48710,48685,48692,-18.,-0.04%,239
"2025-12-30 01:00",48738,48739,48703,48710,-30.,-0.06%,296
"2025-12-30 00:30",48730,48746,48730,48740,10,+0.02%,64
"2025-12-30 00:00",48755,48755,48729,48730,-25.,-0.05%,143
"2025-12-29 23:30",48750,48761,48737,48755,2,0.00%,112
"2025-12-29 23:00",48756,48760,48747,48753,-2.,0.00%,77
"2025-12-29 22:30",48753,48760,48753,48755,3,+0.01%,39
"2025-12-29 22:00",48746,48768,48741,48752,5,+0.01%,145
"2025-12-29 21:30",48751,48767,48747,48747,-2.,0.00%,95
"2025-12-29 21:00",48738,48753,48738,48749,12,+0.02%,76
"2025-12-29 20:30",48740,48743,48732,48737,1,0.00%,75
"2025-12-29 20:00",48760,48762,48736,48736,-24.,-0.05%,138
"2025-12-29 19:30",48748,48761,48747,48760,10,+0.02%,85
"2025-12-29 19:00",48740,48762,48735,48750,8,+0.02%,156
"2025-12-29 18:30",48763,48765,48739,48742,-21.,-0.04%,163
"2025-12-29 18:00",48745,48763,48743,48763,19,+0.04%,100
"2025-12-29 17:30",48740,48762,48740,48744,5,+0.01%,191
"2025-12-29 17:00",48763,48774,48737,48739,-22.,-0.05%,148
"2025-12-29 15:30",48772,48772,48754,48761,-11.,-0.02%,377
"2025-12-29 15:00",48756,48775,48731,48772,17,+0.03%,1072
"2025-12-29 14:30",48817,48828,48725,48755,-60.,-0.12%,4649
"2025-12-29 14:00",48810,48842,48804,48815,7,+0.01%,1241
"2025-12-29 13:30",48771,48812,48768,48808,38,+0.08%,1596
"2025-12-29 13:00",48753,48772,48711,48770,15,+0.03%,1570
"2025-12-29 12:30",48765,48808,48753,48755,-6.,-0.01%,1783
"2025-12-29 12:00",48703,48770,48701,48761,55,+0.11%,1713
"2025-12-29 11:30",48686,48713,48665,48706,20,+0.04%,1675
"2025-12-29 11:00",48744,48748,48676,48686,-56.,-0.11%,1469
"2025-12-29 10:30",48739,48772,48699,48742,2,0.00%,2240
"2025-12-29 10:00",48762,48781,48725,48740,-22.,-0.05%,2261
"2025-12-29 09:30",48786,48807,48731,48762,-23.,-0.05%,3319
"2025-12-29 09:00",48841,48854,48778,48785,-58.,-0.12%,3772
"2025-12-29 08:30",48878,48987,48806,48843,-36.,-0.07%,9910
"2025-12-29 08:00",48901,48901,48829,48879,-25.,-0.05%,2467
"2025-12-29 07:30",48940,48948,48873,48904,-37.,-0.08%,1025
"2025-12-29 07:00",48946,48956,48924,48941,-6.,-0.01%,501
"2025-12-29 06:30",48974,48975,48917,48947,-28.,-0.06%,754
"2025-12-29 06:00",49001,49002,48974,48975,-29.,-0.06%,272
"2025-12-29 05:30",48989,49006,48986,49004,13,+0.03%,327
"2025-12-29 05:00",48996,49004,48983,48991,-8.,-0.02%,224
"2025-12-29 04:30",49016,49016,48995,48999,-16.,-0.03%,172
"2025-12-29 04:00",49006,49024,48998,49015,9,+0.02%,232
"2025-12-29 03:30",48990,49009,48986,49006,11,+0.02%,295
"2025-12-29 03:00",48960,48997,48960,48995,36,+0.07%,432
"2025-12-29 02:30",48982,48986,48947,48959,-21.,-0.04%,348
"2025-12-29 02:00",49004,49005,48966,48980,-24.,-0.05%,540
"2025-12-29 01:30",49013,49016,49004,49004,-7.,-0.01%,187
"2025-12-29 01:00",48990,49011,48977,49011,20,+0.04%,371
"2025-12-29 00:30",49009,49012,48984,48991,-18.,-0.04%,163
"2025-12-29 00:00",48988,49015,48983,49009,21,+0.04%,257
"2025-12-28 23:30",48993,48996,48982,48988,-1.,0.00%,133
"2025-12-28 23:00",48997,48997,48979,48989,-9.,-0.02%,213
"2025-12-28 22:30",49014,49021,48997,48998,-14.,-0.03%,129
"2025-12-28 22:00",49018,49023,49012,49012,-4.,-0.01%,109
"2025-12-28 21:30",49011,49024,49007,49016,8,+0.02%,135
"2025-12-28 21:00",49000,49012,49000,49008,6,+0.01%,117
"2025-12-28 20:30",49007,49015,49001,49002,-5.,-0.01%,111
"2025-12-28 20:00",49009,49016,49005,49007,-2.,0.00%,105
"2025-12-28 19:30",49018,49030,49006,49009,-13.,-0.03%,259
"2025-12-28 19:00",49039,49052,49018,49022,-19.,-0.04%,341
"2025-12-28 18:30",49019,49044,49015,49041,23,+0.05%,351
"2025-12-28 18:00",49018,49026,49007,49018,-3.,-0.01%,317
"2025-12-28 17:30",49017,49035,49016,49021,3,+0.01%,191
"2025-12-28 17:00",48998,49033,48991,49018,16,+0.03%,293
"2025-12-26 15:30",48999,49010,48992,49002,2,0.00%,350
"2025-12-26 15:00",49002,49010,48981,49000,-1.,0.00%,806
"2025-12-26 14:30",48962,49021,48960,49001,38,+0.08%,3649
"2025-12-26 14:00",48926,48964,48925,48963,36,+0.07%,909
"2025-12-26 13:30",48921,48957,48920,48927,7,+0.01%,914
"2025-12-26 13:00",48926,48944,48908,48920,-7.,-0.01%,988
"2025-12-26 12:30",48901,48953,48898,48927,25,+0.05%,1059
"2025-12-26 12:00",48920,48940,48872,48902,-15.,-0.03%,1429
"2025-12-26 11:30",48966,48968,48899,48917,-49.,-0.10%,1126
"2025-12-26 11:00",48945,48967,48908,48966,23,+0.05%,1298
"2025-12-26 10:30",48969,48979,48913,48943,-26.,-0.05%,1319
"2025-12-26 10:00",48988,49001,48921,48969,-20.,-0.04%,1481
"2025-12-26 09:30",49011,49044,48961,48989,-20.,-0.04%,2422
"2025-12-26 09:00",49018,49022,48941,49009,-8.,-0.02%,2604
"2025-12-26 08:30",48989,49069,48961,49017,26,+0.05%,6915
"2025-12-26 08:00",48984,49012,48974,48991,8,+0.02%,1118
"2025-12-26 07:30",48977,49000,48977,48983,4,+0.01%,451
"2025-12-26 07:00",48976,48994,48959,48979,4,+0.01%,536
"2025-12-26 06:30",48968,48980,48961,48975,9,+0.02%,263
"2025-12-26 06:00",48934,48968,48934,48966,33,+0.07%,320
"2025-12-26 05:30",48959,48959,48917,48933,-27.,-0.06%,492
"2025-12-26 05:00",48976,48977,48959,48960,-12.,-0.02%,144
"2025-12-26 04:30",48988,48988,48969,48972,-15.,-0.03%,90
"2025-12-26 04:00",48976,48990,48976,48987,10,+0.02%,107
"2025-12-26 03:30",48980,48981,48969,48977,-6.,-0.01%,119
"2025-12-26 03:00",48980,48995,48972,48983,0,0.00%,216
"2025-12-26 02:30",48963,48990,48960,48983,18,+0.04%,212
"2025-12-26 02:00",48971,48979,48952,48965,-7.,-0.01%,184
"2025-12-26 01:30",48981,48986,48970,48972,-10.,-0.02%,163
"2025-12-26 01:00",49003,49004,48976,48982,-20.,-0.04%,260
"2025-12-26 00:30",49024,49024,49000,49002,-21.,-0.04%,129
"2025-12-26 00:00",49003,49027,48999,49023,20,+0.04%,163
"2025-12-25 23:30",49025,49025,48997,49003,-24.,-0.05%,116
"2025-12-25 23:00",49031,49034,49025,49027,-5.,-0.01%,97
"2025-12-25 22:30",49019,49038,49019,49032,13,+0.03%,142
"2025-12-25 22:00",49001,49020,48994,49019,19,+0.04%,141
"2025-12-25 21:30",48996,49003,48992,49000,4,+0.01%,110
"2025-12-25 21:00",49010,49017,48995,48996,-13.,-0.03%,121
"2025-12-25 20:30",48999,49013,48994,49009,8,+0.02%,130
"2025-12-25 20:00",49018,49022,48998,49001,-17.,-0.03%,145
"2025-12-25 19:30",49037,49044,49015,49018,-20.,-0.04%,200
"2025-12-25 19:00",49067,49070,49034,49038,-31.,-0.06%,271
"2025-12-25 18:30",49068,49070,49062,49069,4,+0.01%,109
"2025-12-25 18:00",49047,49073,49043,49065,17,+0.03%,177
"2025-12-25 17:30",49044,49052,49035,49048,5,+0.01%,96
"2025-12-25 17:00",49050,49086,49032,49043,18,+0.04%,254
"2025-12-24 12:00",49022,49050,49004,49025,3,+0.01%,822
"2025-12-24 11:30",49051,49084,49015,49022,-28.,-0.06%,2794
"2025-12-24 11:00",49024,49056,49021,49050,25,+0.05%,1332
"2025-12-24 10:30",48999,49037,48994,49025,27,+0.06%,1988
"2025-12-24 10:00",48948,49004,48944,48998,49,+0.10%,2112
"2025-12-24 09:30",48929,48956,48910,48949,17,+0.03%,1979
"2025-12-24 09:00",48843,48933,48837,48932,87,+0.18%,2473
"2025-12-24 08:30",48746,48887,48681,48845,98,+0.20%,6558
"2025-12-24 08:00",48753,48771,48739,48747,-7.,-0.01%,841
"2025-12-24 07:30",48737,48763,48735,48754,22,+0.05%,405
"2025-12-24 07:00",48737,48740,48711,48732,-5.,-0.01%,406
"2025-12-24 06:30",48727,48737,48718,48737,12,+0.02%,224
"2025-12-24 06:00",48723,48738,48719,48725,3,+0.01%,370
"2025-12-24 05:30",48734,48736,48715,48722,-13.,-0.03%,227
"2025-12-24 05:00",48736,48738,48730,48735,-1.,0.00%,77
"2025-12-24 04:30",48731,48742,48728,48736,4,+0.01%,104
"2025-12-24 04:00",48729,48732,48720,48732,2,0.00%,124
"2025-12-24 03:30",48727,48735,48725,48730,1,0.00%,132
"2025-12-24 03:00",48708,48735,48706,48729,18,+0.04%,278
"2025-12-24 02:30",48713,48717,48708,48711,-3.,-0.01%,181
"2025-12-24 02:00",48707,48721,48705,48714,8,+0.02%,256
"2025-12-24 01:30",48703,48712,48703,48706,2,0.00%,118
"2025-12-24 01:00",48722,48724,48702,48704,-17.,-0.03%,184
"2025-12-24 00:30",48712,48723,48707,48721,7,+0.01%,101
"2025-12-24 00:00",48716,48717,48709,48714,-4.,-0.01%,133
"2025-12-23 23:30",48726,48734,48716,48718,-10.,-0.02%,185
"2025-12-23 23:00",48729,48734,48723,48728,1,0.00%,95
"2025-12-23 22:30",48731,48732,48723,48727,-3.,-0.01%,120
"2025-12-23 22:00",48731,48738,48727,48730,-2.,0.00%,72
"2025-12-23 21:30",48733,48737,48728,48732,0,0.00%,86
"2025-12-23 21:00",48725,48732,48717,48732,6,+0.01%,74
"2025-12-23 20:30",48725,48734,48723,48726,0,0.00%,123
"2025-12-23 20:00",48730,48732,48723,48726,-5.,-0.01%,129
"2025-12-23 19:30",48738,48746,48726,48731,-11.,-0.02%,160
"2025-12-23 19:00",48737,48751,48729,48742,5,+0.01%,173
"2025-12-23 18:30",48736,48745,48732,48737,1,0.00%,160
"2025-12-23 18:00",48733,48749,48733,48736,3,+0.01%,220
"2025-12-23 17:30",48731,48737,48729,48733,1,0.00%,143
"2025-12-23 17:00",48744,48744,48724,48732,0,0.00%,172
"2025-12-23 15:30",48734,48746,48726,48732,-1.,0.00%,308
"2025-12-23 15:00",48757,48764,48730,48733,-24.,-0.05%,1369
"2025-12-23 14:30",48764,48790,48753,48757,-11.,-0.02%,4240
"2025-12-23 14:00",48763,48789,48758,48768,5,+0.01%,1227
"2025-12-23 13:30",48795,48804,48761,48763,-32.,-0.07%,1183
"2025-12-23 13:00",48805,48811,48787,48795,-9.,-0.02%,1210
"2025-12-23 12:30",48840,48854,48801,48804,-34.,-0.07%,1246
"2025-12-23 12:00",48772,48849,48767,48838,66,+0.14%,2053
"2025-12-23 11:30",48774,48792,48761,48772,-2.,0.00%,1293
"2025-12-23 11:00",48756,48798,48738,48774,16,+0.03%,1762
"2025-12-23 10:30",48732,48774,48731,48758,27,+0.06%,1246
"2025-12-23 10:00",48765,48781,48730,48731,-33.,-0.07%,2278
"2025-12-23 09:30",48695,48793,48692,48764,70,+0.14%,3875
"2025-12-23 09:00",48669,48733,48640,48694,28,+0.06%,4515
"2025-12-23 08:30",48556,48703,48552,48666,110,+0.23%,9727
"2025-12-23 08:00",48585,48599,48532,48556,-31.,-0.06%,2084
"2025-12-23 07:30",48652,48668,48578,48587,-73.,-0.15%,1819
"2025-12-23 07:00",48657,48666,48639,48660,1,0.00%,629
"2025-12-23 06:30",48654,48667,48647,48659,4,+0.01%,382
"2025-12-23 06:00",48671,48685,48647,48655,-17.,-0.03%,682
"2025-12-23 05:30",48686,48692,48672,48672,-14.,-0.03%,217
"2025-12-23 05:00",48686,48703,48678,48686,0,0.00%,335
"2025-12-23 04:30",48706,48707,48684,48686,-20.,-0.04%,378
"2025-12-23 04:00",48716,48728,48698,48706,-10.,-0.02%,397
"2025-12-23 03:30",48704,48718,48704,48716,10,+0.02%,214
"2025-12-23 03:00",48676,48710,48676,48706,25,+0.05%,323
"2025-12-23 02:30",48691,48695,48674,48681,-3.,-0.01%,209
"2025-12-23 02:00",48661,48701,48657,48684,23,+0.05%,706
"2025-12-23 01:30",48663,48671,48654,48661,-2.,0.00%,153
"2025-12-23 01:00",48655,48667,48653,48663,9,+0.02%,208
"2025-12-23 00:30",48658,48658,48649,48654,-3.,-0.01%,97
"2025-12-23 00:00",48652,48660,48648,48657,6,+0.01%,208
"2025-12-22 23:30",48646,48656,48642,48651,5,+0.01%,164
"2025-12-22 23:00",48648,48651,48637,48646,-4.,-0.01%,204
"2025-12-22 22:30",48666,48667,48644,48650,-17.,-0.03%,325
"2025-12-22 22:00",48676,48677,48663,48667,-9.,-0.02%,117
"2025-12-22 21:30",48678,48681,48673,48676,-3.,-0.01%,122
"2025-12-22 21:00",48686,48690,48677,48679,-6.,-0.01%,116
"2025-12-22 20:30",48694,48699,48676,48685,-8.,-0.02%,126
"2025-12-22 20:00",48693,48712,48687,48693,1,0.00%,193
"2025-12-22 19:30",48687,48703,48677,48692,2,0.00%,182
"2025-12-22 19:00",48688,48696,48679,48690,2,0.00%,182
"2025-12-22 18:30",48679,48688,48675,48688,8,+0.02%,116
"2025-12-22 18:00",48682,48690,48674,48680,-4.,-0.01%,163
"2025-12-22 17:30",48684,48695,48676,48684,-4.,-0.01%,137
"2025-12-22 17:00",48684,48698,48670,48688,10,+0.02%,173
"2025-12-22 15:30",48678,48686,48669,48678,0,0.00%,313
"2025-12-22 15:00",48685,48699,48673,48678,-7.,-0.01%,1155
"2025-12-22 14:30",48716,48719,48677,48685,-26.,-0.05%,4549
"2025-12-22 14:00",48718,48738,48693,48711,-8.,-0.02%,2195
"2025-12-22 13:30",48704,48724,48701,48719,15,+0.03%,1361
"2025-12-22 13:00",48687,48705,48660,48704,16,+0.03%,1458
"2025-12-22 12:30",48717,48731,48681,48688,-28.,-0.06%,1353
"2025-12-22 12:00",48776,48777,48696,48716,-58.,-0.12%,1921
"2025-12-22 11:30",48713,48787,48707,48774,61,+0.13%,2337
"2025-12-22 11:00",48729,48754,48698,48713,-16.,-0.03%,2016
"2025-12-22 10:30",48707,48736,48682,48729,24,+0.05%,2556
"2025-12-22 10:00",48650,48760,48645,48705,57,+0.12%,3541
"2025-12-22 09:30",48656,48708,48592,48648,-8.,-0.02%,4247
"2025-12-22 09:00",48575,48662,48549,48656,81,+0.17%,4191
"2025-12-22 08:30",48526,48713,48525,48575,50,+0.10%,11560
"2025-12-22 08:00",48524,48564,48511,48525,2,0.00%,7015
"2025-12-22 07:30",48491,48526,48473,48523,31,+0.06%,719
"2025-12-22 07:00",48486,48502,48468,48492,5,+0.01%,680
"2025-12-22 06:30",48487,48495,48473,48487,0,0.00%,653
"2025-12-22 06:00",48484,48507,48474,48487,6,+0.01%,671
"2025-12-22 05:30",48480,48489,48458,48481,0,0.00%,5414
"2025-12-22 05:00",48509,48515,48473,48481,-27.,-0.06%,4391
"2025-12-22 04:30",48511,48514,48502,48508,-4.,-0.01%,204
"2025-12-22 04:00",48508,48521,48506,48512,4,+0.01%,167
"2025-12-22 03:30",48511,48514,48503,48508,-4.,-0.01%,180
"2025-12-22 03:00",48490,48520,48488,48512,20,+0.04%,480
"2025-12-22 02:30",48537,48539,48490,48492,-44.,-0.09%,411
"2025-12-22 02:00",48530,48544,48513,48536,7,+0.01%,460
"2025-12-22 01:30",48521,48537,48521,48529,9,+0.02%,302
"2025-12-22 01:00",48497,48530,48495,48520,26,+0.05%,433
"2025-12-22 00:30",48490,48498,48483,48494,3,+0.01%,163
"2025-12-22 00:00",48484,48493,48483,48491,6,+0.01%,135
"2025-12-21 23:30",48484,48493,48481,48485,1,0.00%,159
"2025-12-21 23:00",48499,48510,48483,48484,-16.,-0.03%,217
"2025-12-21 22:30",48507,48507,48498,48500,-6.,-0.01%,84
"2025-12-21 22:00",48501,48511,48500,48506,8,+0.02%,116
"2025-12-21 21:30",48506,48512,48496,48498,-9.,-0.02%,132
"2025-12-21 21:00",48518,48525,48507,48507,-10.,-0.02%,166
"2025-12-21 20:30",48510,48518,48506,48517,7,+0.01%,179
"2025-12-21 20:00",48509,48517,48498,48510,-2.,0.00%,177
"2025-12-21 19:30",48526,48536,48510,48512,-11.,-0.02%,187
"2025-12-21 19:00",48503,48536,48501,48523,18,+0.04%,400
"2025-12-21 18:30",48518,48532,48500,48505,-10.,-0.02%,468
"2025-12-21 18:00",48559,48562,48511,48515,-43.,-0.09%,662
"2025-12-21 17:30",48544,48567,48543,48558,14,+0.03%,205
"2025-12-21 17:00",48600,48600,48535,48544,54,+0.11%,322
"2025-12-19 15:30",48480,48514,48476,48490,8,+0.02%,692
"2025-12-19 15:00",48469,48498,48458,48482,12,+0.02%,1771
"2025-12-19 14:30",48482,48507,48426,48470,-14.,-0.03%,7853
"2025-12-19 14:00",48547,48561,48481,48484,-65.,-0.13%,2225
"2025-12-19 13:30",48575,48597,48538,48549,-27.,-0.06%,1444
"2025-12-19 13:00",48559,48592,48529,48576,19,+0.04%,1676
"2025-12-19 12:30",48611,48619,48552,48557,-50.,-0.10%,1297
"2025-12-19 12:00",48576,48620,48561,48607,29,+0.06%,1462
"2025-12-19 11:30",48594,48611,48552,48578,-16.,-0.03%,1957
"2025-12-19 11:00",48570,48615,48541,48594,25,+0.05%,2351
"2025-12-19 10:30",48603,48624,48540,48569,-36.,-0.07%,2766
"2025-12-19 10:00",48546,48608,48526,48605,56,+0.12%,3648
"2025-12-19 09:30",48567,48620,48530,48549,-22.,-0.05%,3529
"2025-12-19 09:00",48546,48634,48517,48571,19,+0.04%,6430
"2025-12-19 08:30",48404,48559,48383,48552,148,+0.31%,11337
"2025-12-19 08:00",48295,48414,48280,48404,109,+0.23%,3431
"2025-12-19 07:30",48304,48338,48292,48295,-9.,-0.02%,1452
"2025-12-19 07:00",48274,48304,48266,48304,33,+0.07%,869
"2025-12-19 06:30",48329,48333,48261,48271,-55.,-0.11%,619
"2025-12-19 06:00",48311,48331,48284,48326,22,+0.05%,706
"2025-12-19 05:30",48318,48337,48301,48304,-13.,-0.03%,572
"2025-12-19 05:00",48340,48343,48293,48317,-24.,-0.05%,613
"2025-12-19 04:30",48361,48371,48333,48341,-25.,-0.05%,526
"2025-12-19 04:00",48372,48384,48332,48366,-8.,-0.02%,460
"2025-12-19 03:30",48356,48375,48352,48374,18,+0.04%,460
"2025-12-19 03:00",48328,48361,48310,48356,25,+0.05%,653
"2025-12-19 02:30",48276,48349,48276,48331,54,+0.11%,591
"2025-12-19 02:00",48252,48311,48240,48277,23,+0.05%,806
"2025-12-19 01:30",48222,48254,48205,48254,31,+0.06%,487
"2025-12-19 01:00",48177,48235,48175,48223,52,+0.11%,693
"2025-12-19 00:30",48178,48184,48127,48171,-8.,-0.02%,513
"2025-12-19 00:00",48191,48204,48173,48179,-11.,-0.02%,387
"2025-12-18 23:30",48214,48222,48186,48190,-21.,-0.04%,321
"2025-12-18 23:00",48232,48236,48203,48211,-21.,-0.04%,314
"2025-12-18 22:30",48240,48245,48225,48232,-8.,-0.02%,98
"2025-12-18 22:00",48237,48251,48230,48240,5,+0.01%,195
"2025-12-18 21:30",48234,48246,48220,48235,2,0.00%,302
"2025-12-18 21:00",48222,48258,48201,48233,12,+0.02%,509
"2025-12-18 20:30",48244,48255,48219,48221,-22.,-0.05%,308
"2025-12-18 20:00",48249,48259,48228,48243,-10.,-0.02%,332
"2025-12-18 19:30",48245,48264,48222,48253,5,+0.01%,433
"2025-12-18 19:00",48260,48260,48223,48248,-12.,-0.02%,268
"2025-12-18 18:30",48246,48268,48227,48260,15,+0.03%,329
"2025-12-18 18:00",48256,48261,48224,48245,-12.,-0.02%,605
"2025-12-18 17:30",48221,48257,48215,48257,40,+0.08%,354
"2025-12-18 17:00",48238,48252,48206,48217,-37.,-0.08%,406
"2025-12-18 15:30",48267,48271,48243,48254,-14.,-0.03%,572
"2025-12-18 15:00",48311,48320,48260,48268,-43.,-0.09%,1735
"2025-12-18 14:30",48387,48445,48304,48311,-76.,-0.16%,6386
"2025-12-18 14:00",48283,48398,48277,48387,103,+0.21%,3352
"2025-12-18 13:30",48357,48373,48239,48284,-72.,-0.15%,3365
"2025-12-18 13:00",48411,48422,48325,48356,-57.,-0.12%,3442
"2025-12-18 12:30",48475,48542,48396,48413,-55.,-0.11%,2987
"2025-12-18 12:00",48417,48485,48370,48468,51,+0.11%,3230
"2025-12-18 11:30",48270,48492,48232,48417,144,+0.30%,7591
"2025-12-18 11:00",48542,48549,48196,48273,-269.,-0.55%,9924
"2025-12-18 10:30",48655,48706,48529,48542,-108.,-0.22%,4035
"2025-12-18 10:00",48659,48725,48623,48650,-10.,-0.02%,4441
"2025-12-18 09:30",48581,48728,48547,48660,81,+0.17%,7618
"2025-12-18 09:00",48548,48614,48435,48579,33,+0.07%,7467
"2025-12-18 08:30",48475,48656,48379,48546,73,+0.15%,13058
"2025-12-18 08:00",48440,48509,48440,48473,29,+0.06%,2156
"2025-12-18 07:30",48364,48518,48364,48444,82,+0.17%,4422
"2025-12-18 07:00",48304,48369,48297,48362,58,+0.12%,1344
"2025-12-18 06:30",48331,48338,48293,48304,-26.,-0.05%,797
"2025-12-18 06:00",48367,48372,48325,48330,-39.,-0.08%,837
"2025-12-18 05:30",48329,48380,48328,48369,39,+0.08%,666
"2025-12-18 05:00",48301,48337,48294,48330,30,+0.06%,472
"2025-12-18 04:30",48304,48319,48291,48300,-4.,-0.01%,393
"2025-12-18 04:00",48302,48319,48295,48304,3,+0.01%,509
"2025-12-18 03:30",48260,48304,48260,48301,44,+0.09%,504
"2025-12-18 03:00",48239,48263,48232,48257,16,+0.03%,580
"2025-12-18 02:30",48203,48247,48199,48241,41,+0.09%,464
"2025-12-18 02:00",48212,48242,48192,48200,-13.,-0.03%,689
"2025-12-18 01:30",48201,48220,48195,48213,11,+0.02%,285
"2025-12-18 01:00",48192,48219,48190,48202,10,+0.02%,417
"2025-12-18 00:30",48193,48204,48171,48192,-5.,-0.01%,233
"2025-12-18 00:00",48187,48201,48180,48197,12,+0.02%,162
"2025-12-17 23:30",48192,48210,48176,48185,-5.,-0.01%,777
"2025-12-17 23:00",48209,48213,48174,48190,-26.,-0.05%,222
"2025-12-17 22:30",48190,48219,48190,48216,26,+0.05%,204
"2025-12-17 22:00",48182,48203,48169,48190,14,+0.03%,228
"2025-12-17 21:30",48164,48198,48155,48176,14,+0.03%,1009
"2025-12-17 21:00",48225,48225,48146,48162,-62.,-0.13%,498
"2025-12-17 20:30",48237,48251,48218,48224,-15.,-0.03%,173
"2025-12-17 20:00",48233,48276,48213,48239,18,+0.04%,512
"2025-12-17 19:30",48256,48259,48216,48221,-38.,-0.08%,363
"2025-12-17 19:00",48276,48279,48237,48259,-14.,-0.03%,427
"2025-12-17 18:30",48242,48276,48222,48273,39,+0.08%,369
"2025-12-17 18:00",48233,48268,48208,48234,5,+0.01%,985
"2025-12-17 17:30",48266,48292,48220,48229,-31.,-0.06%,447
"2025-12-17 17:00",48258,48276,48237,48260,-12.,-0.02%,245
"2025-12-17 15:30",48282,48304,48261,48272,-10.,-0.02%,850
"2025-12-17 15:00",48231,48296,48231,48282,51,+0.11%,2351
"2025-12-17 14:30",48278,48304,48207,48231,-47.,-0.10%,7156
"2025-12-17 14:00",48323,48338,48259,48278,-49.,-0.10%,2546
"2025-12-17 13:30",48297,48332,48273,48327,31,+0.06%,2372
"2025-12-17 13:00",48272,48311,48242,48296,24,+0.05%,2549
"2025-12-17 12:30",48286,48318,48234,48272,-17.,-0.04%,3317
"2025-12-17 12:00",48346,48411,48281,48289,-57.,-0.12%,3427
"2025-12-17 11:30",48363,48427,48303,48346,-20.,-0.04%,4122
"2025-12-17 11:00",48394,48442,48312,48366,-26.,-0.05%,5158
"2025-12-17 10:30",48382,48410,48305,48392,8,+0.02%,4646
"2025-12-17 10:00",48371,48453,48324,48384,7,+0.01%,6948
"2025-12-17 09:30",48636,48653,48344,48377,-260.,-0.53%,8608
"2025-12-17 09:00",48711,48749,48602,48637,-75.,-0.15%,6943
"2025-12-17 08:30",48558,48734,48521,48712,157,+0.32%,12692
"2025-12-17 08:00",48593,48615,48537,48555,-37.,-0.08%,1536
"2025-12-17 07:30",48608,48629,48572,48592,-19.,-0.04%,1760
"2025-12-17 07:00",48588,48626,48547,48611,25,+0.05%,3044
"2025-12-17 06:30",48567,48596,48562,48586,20,+0.04%,413
"2025-12-17 06:00",48579,48588,48564,48566,-11.,-0.02%,410
"2025-12-17 05:30",48570,48587,48559,48577,5,+0.01%,505
"2025-12-17 05:00",48594,48595,48559,48572,-23.,-0.05%,548
"2025-12-17 04:30",48581,48596,48568,48595,14,+0.03%,371
"2025-12-17 04:00",48560,48592,48556,48581,18,+0.04%,415
"2025-12-17 03:30",48531,48574,48528,48563,32,+0.07%,473
"2025-12-17 03:00",48516,48548,48493,48531,13,+0.03%,657
"2025-12-17 02:30",48513,48543,48498,48518,2,0.00%,574
"2025-12-17 02:00",48483,48519,48458,48516,32,+0.07%,658
"2025-12-17 01:30",48486,48501,48460,48484,-3.,-0.01%,470
"2025-12-17 01:00",48475,48520,48471,48487,12,+0.02%,615
"2025-12-17 00:30",48479,48487,48468,48475,-4.,-0.01%,189
"2025-12-17 00:00",48455,48495,48453,48479,24,+0.05%,279
"2025-12-16 23:30",48416,48455,48416,48455,40,+0.08%,285
"2025-12-16 23:00",48418,48434,48405,48415,-3.,-0.01%,568
"2025-12-16 22:30",48426,48428,48413,48418,-4.,-0.01%,198
"2025-12-16 22:00",48440,48462,48416,48422,-19.,-0.04%,145
"2025-12-16 21:30",48462,48466,48433,48441,-24.,-0.05%,187
"2025-12-16 21:00",48457,48468,48447,48465,7,+0.01%,135
"2025-12-16 20:30",48456,48466,48437,48458,2,0.00%,182
"2025-12-16 20:00",48474,48476,48427,48456,-16.,-0.03%,392
"2025-12-16 19:30",48436,48474,48411,48472,35,+0.07%,931
"2025-12-16 19:00",48398,48469,48398,48437,38,+0.08%,1712
"2025-12-16 18:30",48407,48421,48381,48399,-8.,-0.02%,723
"2025-12-16 18:00",48423,48423,48362,48407,-20.,-0.04%,941
"2025-12-16 17:30",48454,48479,48422,48427,-27.,-0.06%,1254
"2025-12-16 17:00",48456,48474,48420,48454,10,+0.02%,425
"2025-12-16 15:30",48453,48466,48439,48444,-11.,-0.02%,508
"2025-12-16 15:00",48475,48492,48436,48455,-20.,-0.04%,2908
"2025-12-16 14:30",48518,48594,48471,48475,-45.,-0.09%,6905
"2025-12-16 14:00",48422,48525,48415,48520,96,+0.20%,2621
"2025-12-16 13:30",48408,48477,48403,48424,14,+0.03%,4291
"2025-12-16 13:00",48486,48486,48332,48410,-80.,-0.16%,4080
"2025-12-16 12:30",48369,48551,48368,48490,122,+0.25%,4202
"2025-12-16 12:00",48369,48393,48313,48368,-2.,0.00%,4818
"2025-12-16 11:30",48502,48550,48359,48370,-135.,-0.28%,4781
"2025-12-16 11:00",48557,48607,48476,48505,-52.,-0.11%,4038
"2025-12-16 10:30",48558,48610,48504,48557,-2.,0.00%,4305
"2025-12-16 10:00",48663,48676,48538,48559,-101.,-0.21%,4571
"2025-12-16 09:30",48564,48709,48552,48660,94,+0.19%,7124
"2025-12-16 09:00",48756,48788,48492,48566,-190.,-0.39%,8566
"2025-12-16 08:30",48748,48848,48653,48756,8,+0.02%,13014
"2025-12-16 08:00",48798,48828,48726,48748,-48.,-0.10%,2097
"2025-12-16 07:30",48823,48917,48772,48796,5,+0.01%,2245
"2025-12-16 07:00",48815,48830,48791,48791,-27.,-0.06%,977
"2025-12-16 06:30",48818,48842,48815,48818,-1.,0.00%,503
"2025-12-16 06:00",48809,48833,48801,48819,12,+0.02%,451
"2025-12-16 05:30",48770,48814,48761,48807,41,+0.08%,455
"2025-12-16 05:00",48760,48772,48753,48766,6,+0.01%,215
"2025-12-16 04:30",48749,48782,48734,48760,13,+0.03%,468
"2025-12-16 04:00",48679,48754,48670,48747,67,+0.14%,468
"2025-12-16 03:30",48733,48746,48668,48680,-51.,-0.10%,593
"2025-12-16 03:00",48756,48758,48728,48731,-23.,-0.05%,713
"2025-12-16 02:30",48726,48757,48712,48754,26,+0.05%,482
"2025-12-16 02:00",48687,48737,48683,48728,40,+0.08%,579
"2025-12-16 01:30",48688,48698,48642,48688,-9.,-0.02%,450
"2025-12-16 01:00",48687,48700,48677,48697,14,+0.03%,235
"2025-12-16 00:30",48668,48687,48655,48683,15,+0.03%,218
"2025-12-16 00:00",48652,48679,48645,48668,19,+0.04%,301
"2025-12-15 23:30",48698,48698,48644,48649,-51.,-0.10%,446
"2025-12-15 23:00",48725,48729,48699,48700,-26.,-0.05%,200
"2025-12-15 22:30",48706,48733,48704,48726,23,+0.05%,158
"2025-12-15 22:00",48713,48718,48688,48703,-13.,-0.03%,248
"2025-12-15 21:30",48687,48726,48662,48716,29,+0.06%,324
"2025-12-15 21:00",48699,48713,48671,48687,-13.,-0.03%,438
"2025-12-15 20:30",48712,48714,48673,48700,-10.,-0.02%,253
"2025-12-15 20:00",48698,48725,48680,48710,10,+0.02%,395
"2025-12-15 19:30",48802,48812,48659,48700,-103.,-0.21%,1326
"2025-12-15 19:00",48785,48816,48772,48803,19,+0.04%,284
"2025-12-15 18:30",48822,48833,48778,48784,-38.,-0.08%,671
"2025-12-15 18:00",48818,48836,48770,48822,3,+0.01%,783
"2025-12-15 17:30",48838,48843,48790,48819,-16.,-0.03%,642
"2025-12-15 17:00",48853,48864,48828,48835,-10.,-0.02%,301
"2025-12-15 15:30",48813,48848,48813,48845,30,+0.06%,298
"2025-12-15 15:00",48828,48856,48808,48815,-11.,-0.02%,1533
"2025-12-15 14:30",48833,48867,48795,48826,-6.,-0.01%,5671
"2025-12-15 14:00",48846,48853,48802,48832,-16.,-0.03%,1589
"2025-12-15 13:30",48780,48854,48762,48848,68,+0.14%,1652
"2025-12-15 13:00",48766,48805,48740,48780,13,+0.03%,1472
"2025-12-15 12:30",48718,48794,48688,48767,51,+0.10%,1988
"2025-12-15 12:00",48749,48795,48678,48716,-32.,-0.07%,2013
"2025-12-15 11:30",48744,48817,48675,48748,3,+0.01%,2593
"2025-12-15 11:00",48750,48799,48708,48745,-4.,-0.01%,1980
"2025-12-15 10:30",48873,48883,48706,48749,-123.,-0.25%,3956
"2025-12-15 10:00",48806,48893,48767,48872,67,+0.14%,3329
"2025-12-15 09:30",48761,48880,48750,48805,44,+0.09%,5237
"2025-12-15 09:00",48886,48922,48724,48761,-127.,-0.26%,6763
"2025-12-15 08:30",49084,49101,48887,48888,-198.,-0.40%,9332
"2025-12-15 08:00",49111,49134,49084,49086,-25.,-0.05%,1239
"2025-12-15 07:30",49081,49117,49081,49111,22,+0.04%,461
"2025-12-15 07:00",49090,49098,49069,49089,-3.,-0.01%,447
"2025-12-15 06:30",49067,49112,49066,49092,28,+0.06%,501
"2025-12-15 06:00",49102,49104,49060,49064,-37.,-0.08%,542
"2025-12-15 05:30",49089,49114,49083,49101,13,+0.03%,392
"2025-12-15 05:00",49110,49110,49086,49088,-19.,-0.04%,196
"2025-12-15 04:30",49082,49109,49075,49107,24,+0.05%,309
"2025-12-15 04:00",49080,49097,49073,49083,4,+0.01%,302
"2025-12-15 03:30",49060,49086,49052,49079,20,+0.04%,304
"2025-12-15 03:00",49043,49076,49031,49059,14,+0.03%,475
"2025-12-15 02:30",49010,49066,49010,49045,28,+0.06%,570
"2025-12-15 02:00",48993,49020,48972,49017,25,+0.05%,371
"2025-12-15 01:30",48990,49006,48980,48992,5,+0.01%,287
"2025-12-15 01:00",49006,49022,48984,48987,-18.,-0.04%,230
"2025-12-15 00:30",48996,49015,48976,49005,8,+0.02%,229
"2025-12-15 00:00",49009,49016,48990,48997,-20.,-0.04%,209
"2025-12-14 23:30",49021,49034,49016,49017,-2.,0.00%,138
"2025-12-14 23:00",49026,49032,49012,49019,-7.,-0.01%,179
"2025-12-14 22:30",49005,49033,49001,49026,20,+0.04%,81
"2025-12-14 22:00",48995,49010,48976,49006,11,+0.02%,90
"2025-12-14 21:30",48991,49000,48990,48995,0,0.00%,105
"2025-12-14 21:00",48985,48995,48974,48995,10,+0.02%,128
"2025-12-14 20:30",49001,49010,48974,48985,-14.,-0.03%,108
"2025-12-14 20:00",48986,49000,48978,48999,11,+0.02%,143
"2025-12-14 19:30",48955,48989,48950,48988,31,+0.06%,238
"2025-12-14 19:00",48973,48979,48941,48957,-17.,-0.03%,271
"2025-12-14 18:30",48961,48982,48961,48974,13,+0.03%,199
"2025-12-14 18:00",48918,48962,48910,48961,39,+0.08%,310
"2025-12-14 17:30",48900,48928,48895,48922,25,+0.05%,240
"2025-12-14 17:00",48849,48918,48836,48897,-11.,-0.02%,337
"2025-12-12 15:30",48903,48917,48898,48908,3,+0.01%,55
"2025-12-12 15:00",48865,48915,48860,48905,42,+0.09%,694
"2025-12-12 14:30",48855,48894,48778,48863,1,0.00%,1608
"2025-12-12 14:00",48898,48940,48834,48862,-36.,-0.07%,432
"2025-12-12 13:30",48865,48916,48862,48898,34,+0.07%,471
"2025-12-12 13:00",48926,48926,48842,48864,-63.,-0.13%,470
"2025-12-12 12:30",48960,48974,48906,48927,-36.,-0.07%,321
"2025-12-12 12:00",48950,49009,48920,48963,18,+0.04%,743
"2025-12-12 11:30",48872,48969,48843,48945,70,+0.14%,547
"2025-12-12 11:00",48833,48978,48822,48875,42,+0.09%,728
"2025-12-12 10:30",48872,48873,48738,48833,-48.,-0.10%,1082
"2025-12-12 10:00",48929,48987,48795,48881,-53.,-0.11%,1594
"2025-12-12 09:30",49076,49208,48917,48934,-149.,-0.30%,1590
"2025-12-12 09:00",49219,49260,49069,49083,-142.,-0.29%,1409
"2025-12-12 08:30",49201,49294,49158,49225,28,+0.06%,2175
"2025-12-12 08:00",49249,49249,49197,49197,-49.,-0.10%,91
"2025-12-12 07:30",49220,49248,49212,49246,25,+0.05%,70
"2025-12-12 07:00",49212,49237,49205,49221,6,+0.01%,27
"2025-12-12 06:30",49219,49223,49195,49215,-8.,-0.02%,73
"2025-12-12 06:00",49181,49226,49174,49223,23,+0.05%,104
"2025-12-12 05:30",49226,49230,49180,49200,-32.,-0.06%,26
"2025-12-12 05:00",49236,49257,49224,49232,7,+0.01%,87
"2025-12-12 04:30",49207,49225,49207,49225,-18.,-0.04%,14
"2025-12-12 04:00",49249,49249,49243,49243,14,+0.03%,9
"2025-12-12 03:30",49238,49238,49205,49229,-18.,-0.04%,37
"2025-12-12 03:00",49267,49276,49246,49247,-25.,-0.05%,52
"2025-12-12 02:30",49293,49299,49270,49272,9,+0.02%,45
"2025-12-12 02:00",49238,49266,49226,49263,24,+0.05%,94
"2025-12-12 01:30",49239,49250,49235,49239,1,0.00%,35
"2025-12-12 01:00",49226,49238,49221,49238,13,+0.03%,41
"2025-12-12 00:30",49244,49244,49225,49225,-27.,-0.05%,10
"2025-12-12 00:00",49250,49259,49250,49252,-3.,-0.01%,7
"2025-12-11 23:30",49240,49255,49231,49255,21,+0.04%,12
"2025-12-11 23:00",49223,49237,49222,49234,10,+0.02%,18
"2025-12-11 22:30",49211,49224,49211,49224,10,+0.02%,2
"2025-12-11 22:00",49233,49234,49214,49214,-15.,-0.03%,15
"2025-12-11 21:30",49218,49246,49218,49229,6,+0.01%,5
"2025-12-11 21:00",49228,49231,49223,49223,-2.,0.00%,17
"2025-12-11 20:30",49232,49243,49225,49225,0,0.00%,10
"2025-12-11 20:00",49225,49245,49218,49225,-3.,-0.01%,59
"2025-12-11 19:30",49203,49232,49194,49228,19,+0.04%,65
"2025-12-11 19:00",49181,49220,49178,49209,33,+0.07%,26
"2025-12-11 18:30",49193,49199,49176,49176,4,+0.01%,24
"2025-12-11 18:00",49171,49177,49153,49172,-16.,-0.03%,18
"2025-12-11 17:30",49192,49200,49185,49188,7,+0.01%,34
"2025-12-11 17:00",49246,49250,49179,49181,-8.,-0.02%,37
"2025-12-11 15:30",49172,49204,49160,49189,20,+0.04%,49
"2025-12-11 15:00",49130,49188,49130,49169,38,+0.08%,121
"2025-12-11 14:30",49140,49160,49106,49131,-5.,-0.01%,360
"2025-12-11 14:00",49156,49171,49123,49136,-19.,-0.04%,136
"2025-12-11 13:30",49113,49161,49104,49155,45,+0.09%,249
"2025-12-11 13:00",49088,49119,49070,49110,29,+0.06%,298
"2025-12-11 12:30",49087,49113,49054,49081,-13.,-0.03%,121
"2025-12-11 12:00",49070,49121,49070,49094,46,+0.09%,223
"2025-12-11 11:30",49120,49127,49030,49048,-57.,-0.12%,305
"2025-12-11 11:00",49012,49143,49012,49105,103,+0.21%,311
"2025-12-11 10:30",48954,49080,48938,49002,74,+0.15%,317
"2025-12-11 10:00",48949,49007,48906,48928,-27.,-0.06%,319
"2025-12-11 09:30",48879,48964,48830,48955,72,+0.15%,380
"2025-12-11 09:00",48652,48915,48633,48883,204,+0.42%,471
"2025-12-11 08:30",48547,48838,48529,48679,129,+0.27%,923
"2025-12-11 08:00",48477,48550,48472,48550,82,+0.17%,84
"2025-12-11 07:30",48478,48487,48455,48468,5,+0.01%,28
"2025-12-11 07:00",48494,48505,48463,48463,-17.,-0.04%,9
"2025-12-11 06:30",48497,48514,48480,48480,-6.,-0.01%,48
"2025-12-11 06:00",48439,48488,48439,48486,51,+0.11%,16
"2025-12-11 05:30",48404,48435,48392,48435,46,+0.10%,27
"2025-12-11 05:00",48384,48389,48384,48389,39,+0.08%,3
"2025-12-11 04:30",48370,48370,48350,48350,-15.,-0.03%,4
"2025-12-11 04:00",48365,48365,48365,48365,13,+0.03%,6
"2025-12-11 03:30",48320,48363,48320,48352,15,+0.03%,15
"2025-12-11 03:00",48312,48345,48312,48337,57,+0.12%,41
"2025-12-11 02:30",48237,48280,48237,48280,31,+0.06%,4
"2025-12-11 02:00",48275,48275,48240,48249,-44.,-0.09%,6
"2025-12-11 01:30",48297,48306,48291,48293,12,+0.02%,10
"2025-12-11 01:00",48272,48281,48233,48281,8,+0.02%,23
"2025-12-11 00:30",48248,48280,48248,48273,35,+0.07%,47
"2025-12-11 00:00",48247,48247,48238,48238,-4.,-0.01%,3
"2025-12-10 23:30",48235,48242,48227,48242,7,+0.01%,7
"2025-12-10 23:00",48253,48255,48235,48235,-41.,-0.08%,10
"2025-12-10 22:30",48276,48276,48276,48276,1,0.00%,1
"2025-12-10 22:00",48269,48296,48269,48275,3,+0.01%,11
"2025-12-10 21:30",48270,48281,48263,48272,-4.,-0.01%,11
"2025-12-10 21:00",48363,48364,48223,48276,-107.,-0.22%,116
"2025-12-10 20:30",48412,48417,48379,48383,-24.,-0.05%,55
"2025-12-10 20:00",48450,48450,48406,48407,-72.,-0.15%,29
"2025-12-10 19:30",48475,48479,48467,48479,-5.,-0.01%,7
"2025-12-10 19:00",48468,48484,48468,48484,11,+0.02%,9
"2025-12-10 18:30",48490,48490,48473,48473,-29.,-0.06%,3
"2025-12-10 18:00",48507,48507,48492,48502,-7.,-0.01%,4
"2025-12-10 17:30",48510,48513,48509,48509,-12.,-0.02%,7
"2025-12-10 17:00",48521,48521,48521,48521,1,0.00%,1
"2025-12-10 15:30",48514,48520,48514,48520,20,+0.04%,2
"2025-12-10 15:00",48481,48500,48478,48500,20,+0.04%,17
"2025-12-10 14:30",48566,48606,48463,48480,-66.,-0.14%,77
"2025-12-10 14:00",48520,48600,48452,48546,26,+0.05%,145
"2025-12-10 13:30",48244,48520,48202,48520,317,+0.66%,328
"2025-12-10 13:00",48191,48310,48169,48203,79,+0.16%,102
"2025-12-10 12:30",48150,48151,48103,48124,-28.,-0.06%,23
"2025-12-10 12:00",48211,48211,48151,48152,-33.,-0.07%,9
"2025-12-10 11:30",48159,48197,48139,48185,5,+0.01%,18
"2025-12-10 11:00",48185,48185,48160,48180,-29.,-0.06%,8
"2025-12-10 10:30",48216,48223,48189,48209,-26.,-0.05%,9
"2025-12-10 10:00",48068,48235,48062,48235,138,+0.29%,58
"2025-12-10 09:30",48064,48153,48017,48097,4,+0.01%,89
"2025-12-10 09:00",48071,48146,48071,48093,16,+0.03%,29
"2025-12-10 08:30",47948,48088,47870,48077,136,+0.28%,121
"2025-12-10 08:00",47947,47947,47921,47941,-30.,-0.06%,8
"2025-12-10 07:30",48023,48023,47971,47971,-33.,-0.07%,7
"2025-12-10 07:00",47950,48004,47934,48004,83,+0.17%,5
"2025-12-10 06:00",47935,47937,47921,47921,-18.,-0.04%,5
"2025-12-10 05:00",47921,47960,47918,47939,20,+0.04%,66
"2025-12-10 04:30",47887,47935,47885,47919,18,+0.04%,22
"2025-12-10 04:00",47988,47992,47901,47901,-87.,-0.18%,24
"2025-12-10 03:30",47988,47988,47988,47988,30,+0.06%,1
"2025-12-10 03:00",47965,47965,47958,47958,-56.,-0.12%,2
"2025-12-10 02:00",48001,48014,47990,48014,39,+0.08%,12
"2025-12-10 01:30",48005,48005,47975,47975,-21.,-0.04%,3
"2025-12-10 00:30",48001,48001,47996,47996,-8.,-0.02%,2
"2025-12-10 00:00",48002,48004,48002,48004,32,+0.07%,2
"2025-12-09 23:00",47972,47972,47972,47972,-24.,-0.05%,1
"2025-12-09 22:30",48000,48013,47996,47996,30,+0.06%,21
"2025-12-09 21:30",47957,47966,47957,47966,-8.,-0.02%,5
"2025-12-09 21:00",47974,47974,47974,47974,8,+0.02%,1
"2025-12-09 20:30",47966,47966,47966,47966,-14.,-0.03%,1
"2025-12-09 20:00",47980,47980,47980,47980,9,+0.02%,2
"2025-12-09 19:30",47971,47971,47971,47971,-9.,-0.02%,1
"2025-12-09 19:00",47952,47980,47952,47980,5,+0.01%,4
"2025-12-09 18:00",47953,47975,47953,47975,17,+0.04%,3
"2025-12-09 17:30",47962,47962,47958,47958,-13.,-0.03%,3
"2025-12-09 17:00",47946,47971,47946,47971,33,+0.07%,3
"2025-12-09 15:30",47945,47945,47938,47938,-10.,-0.02%,2
"2025-12-09 15:00",47978,47984,47948,47948,-23.,-0.05%,24
"2025-12-09 14:30",47993,48018,47950,47971,-52.,-0.11%,22
"2025-12-09 14:00",48042,48042,48022,48023,-12.,-0.02%,5
"2025-12-09 13:30",47998,48038,47998,48035,20,+0.04%,5
"2025-12-09 13:00",48047,48063,48015,48015,-28.,-0.06%,10
"2025-12-09 12:30",48043,48050,47969,48043,-30.,-0.06%,19
"2025-12-09 12:00",48082,48085,48038,48073,-3.,-0.01%,12
"2025-12-09 11:30",48180,48194,48017,48076,-108.,-0.22%,40
"2025-12-09 11:00",48267,48267,48173,48184,-93.,-0.19%,13
"2025-12-09 10:30",48285,48313,48277,48277,-41.,-0.08%,5
"2025-12-09 10:00",48286,48328,48271,48318,98,+0.20%,9
"2025-12-09 09:30",48264,48264,48220,48220,-9.,-0.02%,2
"2025-12-09 09:00",48325,48325,48225,48229,-133.,-0.28%,16
"2025-12-09 08:30",48152,48362,48152,48362,224,+0.47%,100
"2025-12-09 08:00",48102,48138,48092,48138,31,+0.06%,33
"2025-12-09 07:30",48133,48133,48107,48107,-51.,-0.11%,3
"2025-12-09 07:00",48158,48158,48158,48158,0,0.00%,1
"2025-12-09 06:30",48150,48158,48150,48158,-21.,-0.04%,2
"2025-12-09 06:00",48177,48191,48177,48179,-26.,-0.05%,3
"2025-12-09 05:30",48205,48205,48205,48205,20,+0.04%,1
"2025-12-09 04:30",48142,48185,48078,48185,23,+0.05%,52
"2025-12-09 03:30",48186,48186,48162,48162,4,+0.01%,2
"2025-12-09 03:00",48158,48158,48158,48158,2,0.00%,1
"2025-12-09 02:30",48156,48156,48156,48156,-15.,-0.03%,1
"2025-12-09 02:00",48171,48171,48171,48171,2,0.00%,1
"2025-12-09 01:00",48180,48180,48169,48169,14,+0.03%,5
"2025-12-08 23:30",48155,48155,48155,48155,5,+0.01%,1
"2025-12-08 23:00",48144,48150,48144,48150,-8.,-0.02%,4
"2025-12-08 20:00",48148,48158,48148,48158,22,+0.05%,3
"2025-12-08 19:30",48152,48152,48136,48136,-14.,-0.03%,6
"2025-12-08 19:00",48150,48150,48150,48150,-5.,-0.01%,1
"2025-12-08 18:30",48156,48156,48155,48155,-11.,-0.02%,3
"2025-12-08 18:00",48165,48166,48161,48166,27,+0.06%,3
"2025-12-08 17:00",48139,48139,48139,48139,-29.,-0.06%,1
"2025-12-08 15:00",48156,48168,48132,48168,13,+0.03%,14
"2025-12-08 14:30",48100,48155,48091,48155,44,+0.09%,14
"2025-12-08 14:00",48098,48113,48098,48111,37,+0.08%,4
"2025-12-08 13:30",48110,48110,48074,48074,-19.,-0.04%,3
"2025-12-08 13:00",48057,48093,48049,48093,41,+0.09%,8
"2025-12-08 12:30",48061,48094,48021,48052,-13.,-0.03%,30
"2025-12-08 12:00",48178,48178,48065,48065,-118.,-0.24%,17
"2025-12-08 11:30",48139,48186,48132,48183,52,+0.11%,12
"2025-12-08 11:00",48130,48131,48104,48131,-37.,-0.08%,9
"2025-12-08 10:30",48203,48216,48158,48168,-58.,-0.12%,21
"2025-12-08 10:00",48170,48226,48169,48226,50,+0.10%,11
"2025-12-08 09:30",48260,48288,48176,48176,-48.,-0.10%,6
"2025-12-08 09:00",48311,48311,48216,48224,-99.,-0.20%,19
"2025-12-08 08:30",48325,48332,48186,48323,-88.,-0.18%,44
"2025-12-08 08:00",48407,48412,48407,48411,33,+0.07%,7
"2025-12-08 07:30",48378,48378,48378,48378,-10.,-0.02%,3
"2025-12-08 07:00",48385,48388,48385,48388,16,+0.03%,4
"2025-12-08 06:00",48384,48384,48372,48372,4,+0.01%,3
"2025-12-08 04:30",48369,48369,48368,48368,0,0.00%,2
"2025-12-08 03:30",48366,48368,48366,48368,2,0.00%,3
"2025-12-08 03:00",48356,48366,48356,48366,33,+0.07%,2
"2025-12-08 02:30",48342,48342,48333,48333,-34.,-0.07%,2
"2025-12-08 02:00",48355,48367,48355,48367,-10.,-0.02%,8
"2025-12-08 01:30",48377,48377,48377,48377,7,+0.01%,2
"2025-12-08 01:00",48370,48370,48370,48370,12,+0.02%,6
"2025-12-08 00:30",48358,48358,48358,48358,-10.,-0.02%,1
"2025-12-08 00:00",48368,48368,48368,48368,-11.,-0.02%,1
"2025-12-07 23:30",48375,48379,48375,48379,0,0.00%,2
"2025-12-07 23:00",48368,48379,48368,48379,11,+0.02%,3
"2025-12-07 21:00",48368,48368,48368,48368,23,+0.05%,1
"2025-12-07 20:30",48345,48345,48345,48345,-1.,0.00%,1
"2025-12-07 20:00",48346,48346,48346,48346,-4.,-0.01%,1
"2025-12-07 18:30",48342,48350,48333,48350,33,+0.07%,12
"2025-12-07 18:00",48323,48323,48317,48317,-30.,-0.06%,2
"2025-12-07 17:30",48370,48370,48347,48347,-20.,-0.04%,5
"2025-12-05 15:30",48367,48367,48367,48367,-3.,-0.01%,1
"2025-12-05 15:00",48342,48370,48342,48370,67,+0.14%,11
"2025-12-05 14:30",48363,48363,48303,48303,-95.,-0.20%,9
"2025-12-05 14:00",48398,48398,48398,48398,-31.,-0.06%,1
"2025-12-05 13:30",48398,48429,48392,48429,39,+0.08%,12
"2025-12-05 13:00",48423,48423,48390,48390,-46.,-0.09%,4
"2025-12-05 12:30",48450,48450,48424,48436,-2.,0.00%,6
"2025-12-05 12:00",48414,48438,48368,48438,88,+0.18%,10
"2025-12-05 11:30",48313,48350,48276,48350,32,+0.07%,14
"2025-12-05 11:00",48344,48346,48299,48318,-35.,-0.07%,25
"2025-12-05 10:30",48342,48363,48288,48353,-45.,-0.09%,42
"2025-12-05 10:00",48415,48415,48357,48398,-16.,-0.03%,18
"2025-12-05 09:30",48481,48481,48400,48414,-74.,-0.15%,21
"2025-12-05 09:00",48451,48536,48445,48488,53,+0.11%,71
"2025-12-05 08:30",48320,48452,48294,48435,149,+0.31%,46
"2025-12-05 08:00",48221,48303,48221,48286,69,+0.14%,44
"2025-12-05 07:30",48277,48277,48175,48217,-103.,-0.21%,61
"2025-12-05 07:00",48320,48320,48320,48320,11,+0.02%,1
"2025-12-05 06:00",48331,48335,48309,48309,-17.,-0.04%,4
"2025-12-05 05:30",48317,48326,48317,48326,45,+0.09%,8
"2025-12-05 05:00",48281,48281,48281,48281,32,+0.07%,1
"2025-12-05 04:00",48249,48249,48249,48249,-10.,-0.02%,1
"2025-12-05 03:30",48249,48259,48249,48259,-51.,-0.11%,2
"2025-12-05 02:00",48291,48321,48291,48310,15,+0.03%,3
"2025-12-05 01:30",48295,48295,48295,48295,5,+0.01%,1
"2025-12-05 01:00",48290,48290,48290,48290,-4.,-0.01%,1
"2025-12-05 00:30",48282,48294,48282,48294,-3.,-0.01%,7
"2025-12-04 23:00",48297,48297,48297,48297,-3.,-0.01%,1
"2025-12-04 21:00",48300,48300,48300,48300,-33.,-0.07%,1
"2025-12-04 20:00",48298,48333,48296,48333,35,+0.07%,3
"2025-12-04 19:30",48298,48298,48298,48298,25,+0.05%,1
"2025-12-04 18:30",48273,48273,48273,48273,34,+0.07%,1
"2025-12-04 18:00",48260,48260,48239,48239,-11.,-0.02%,2
"2025-12-04 17:30",48250,48250,48250,48250,-40.,-0.08%,1
"2025-12-04 15:00",48274,48290,48274,48290,27,+0.06%,7
"2025-12-04 14:30",48203,48263,48203,48263,66,+0.14%,6
"2025-12-04 14:00",48212,48212,48197,48197,-39.,-0.08%,3
"2025-12-04 13:30",48196,48263,48196,48236,50,+0.10%,8
"2025-12-04 13:00",48220,48220,48120,48186,-114.,-0.24%,21
"2025-12-04 12:30",48300,48300,48300,48300,-45.,-0.09%,1
"2025-12-04 12:00",48303,48345,48303,48345,35,+0.07%,4
"2025-12-04 11:30",48268,48310,48268,48310,42,+0.09%,11
"2025-12-04 11:00",48230,48268,48197,48268,-11.,-0.02%,22
"2025-12-04 10:30",48240,48290,48220,48279,20,+0.04%,34
"2025-12-04 10:00",48269,48269,48250,48259,-40.,-0.08%,10
"2025-12-04 09:30",48332,48360,48280,48299,-25.,-0.05%,30
"2025-12-04 09:00",48227,48334,48227,48324,72,+0.15%,29
"2025-12-04 08:30",48356,48472,48210,48252,-95.,-0.20%,89
"2025-12-04 08:00",48338,48360,48338,48347,14,+0.03%,8
"2025-12-04 07:30",48333,48333,48333,48333,-2.,0.00%,1
"2025-12-04 07:00",48336,48336,48335,48335,-25.,-0.05%,2
"2025-12-04 06:30",48360,48360,48360,48360,-6.,-0.01%,5
"2025-12-04 06:00",48366,48366,48366,48366,21,+0.04%,1
"2025-12-04 04:30",48345,48345,48345,48345,-20.,-0.04%,1
"2025-12-04 04:00",48365,48365,48365,48365,0,0.00%,2
"2025-12-04 03:30",48364,48365,48364,48365,45,+0.09%,2
"2025-12-04 03:00",48320,48320,48320,48320,0,0.00%,1
"2025-12-04 02:30",48348,48349,48320,48320,7,+0.01%,3
"2025-12-04 02:00",48326,48326,48313,48313,-61.,-0.13%,2
"2025-12-04 01:00",48374,48374,48374,48374,15,+0.03%,1
"2025-12-04 00:30",48359,48359,48359,48359,12,+0.02%,1
"2025-12-04 00:00",48360,48360,48347,48347,-13.,-0.03%,3
"2025-12-03 23:30",48360,48360,48360,48360,0,0.00%,1
"2025-12-03 22:30",48360,48360,48360,48360,10,+0.02%,1
"2025-12-03 22:00",48350,48350,48350,48350,-11.,-0.02%,1
"2025-12-03 20:30",48359,48362,48358,48361,21,+0.04%,5
"2025-12-03 20:00",48340,48340,48340,48340,-23.,-0.05%,1
"2025-12-03 19:30",48363,48363,48363,48363,-2.,0.00%,1
"2025-12-03 19:00",48360,48368,48360,48365,39,+0.08%,8
"2025-12-03 18:30",48362,48362,48325,48326,-47.,-0.10%,6
"2025-12-03 18:00",48373,48373,48373,48373,13,+0.03%,2
"2025-12-03 17:30",48344,48360,48344,48360,-32.,-0.07%,2
"2025-12-03 15:30",48392,48392,48392,48392,6,+0.01%,1
"2025-12-03 15:00",48309,48428,48284,48386,77,+0.16%,94
"2025-12-03 14:30",48342,48361,48297,48309,-26.,-0.05%,29
"2025-12-03 14:00",48369,48379,48318,48335,-8.,-0.02%,18
"2025-12-03 13:30",48345,48353,48336,48343,-6.,-0.01%,11
"2025-12-03 13:00",48310,48349,48309,48349,64,+0.13%,27
"2025-12-03 12:30",48268,48323,48265,48285,34,+0.07%,44
"2025-12-03 12:00",48248,48268,48223,48251,13,+0.03%,24
"2025-12-03 11:30",48221,48262,48215,48238,33,+0.07%,43
"2025-12-03 11:00",48091,48222,48091,48205,129,+0.27%,47
"2025-12-03 10:30",48100,48190,48076,48076,-26.,-0.05%,22
"2025-12-03 10:00",48109,48146,48070,48102,21,+0.04%,20
"2025-12-03 09:30",48060,48123,48037,48081,40,+0.08%,34
"2025-12-03 09:00",47958,48064,47958,48041,97,+0.20%,31
"2025-12-03 08:30",47865,48000,47853,47944,118,+0.25%,74
"2025-12-03 08:00",47938,47944,47796,47826,-151.,-0.31%,63
"2025-12-03 07:00",48006,48006,47972,47977,39,+0.08%,13
"2025-12-03 06:00",47938,47938,47938,47938,-45.,-0.09%,1
"2025-12-03 05:30",47983,47983,47983,47983,33,+0.07%,1
"2025-12-03 05:00",47950,47950,47950,47950,-50.,-0.10%,1
"2025-12-03 04:00",48000,48000,48000,48000,2,0.00%,3
"2025-12-03 03:30",47988,47998,47988,47998,28,+0.06%,4
"2025-12-03 03:00",47970,47970,47970,47970,-28.,-0.06%,1
"2025-12-03 02:30",47998,47998,47998,47998,38,+0.08%,1
"2025-12-03 02:00",47971,47971,47960,47960,-25.,-0.05%,2
"2025-12-03 01:30",47997,47997,47972,47985,8,+0.02%,3
"2025-12-03 00:00",47977,47977,47977,47977,-13.,-0.03%,1
"2025-12-02 23:30",47990,47990,47990,47990,-20.,-0.04%,1
"2025-12-02 21:30",48010,48010,48010,48010,10,+0.02%,1
"2025-12-02 21:00",48000,48000,48000,48000,32,+0.07%,1
"2025-12-02 20:30",47968,47968,47968,47968,-12.,-0.03%,1
"2025-12-02 20:00",47970,47980,47970,47980,10,+0.02%,2
"2025-12-02 19:30",47970,47970,47970,47970,11,+0.02%,3
"2025-12-02 18:30",47960,47960,47959,47959,58,+0.12%,2
"2025-12-02 18:00",47913,47913,47901,47901,-25.,-0.05%,9
"2025-12-02 17:00",47926,47926,47926,47926,39,+0.08%,1
"2025-12-02 15:00",47887,47887,47887,47887,-62.,-0.13%,1
"2025-12-02 14:30",47990,48008,47946,47949,-26.,-0.05%,13
"2025-12-02 14:00",47976,47976,47969,47975,32,+0.07%,3
"2025-12-02 13:30",47882,47943,47882,47943,57,+0.12%,7
"2025-12-02 13:00",47886,47886,47886,47886,139,+0.29%,1
"2025-12-02 12:30",47739,47747,47739,47747,-26.,-0.05%,2
"2025-12-02 12:00",47776,47844,47773,47773,-103.,-0.22%,10
"2025-12-02 11:30",47975,47975,47876,47876,1,0.00%,6
"2025-12-02 11:00",47865,47875,47865,47875,17,+0.04%,4
"2025-12-02 10:30",47763,47858,47763,47858,88,+0.18%,7
"2025-12-02 10:00",47962,47991,47755,47770,-204.,-0.43%,28
"2025-12-02 09:30",47775,47974,47765,47974,194,+0.41%,19
"2025-12-02 09:00",47837,47921,47780,47780,-45.,-0.09%,16
"2025-12-02 08:30",47829,47829,47700,47825,44,+0.09%,42
"2025-12-02 08:00",47844,47844,47781,47781,-43.,-0.09%,4
"2025-12-02 07:30",47783,47824,47783,47824,75,+0.16%,6
"2025-12-02 07:00",47749,47749,47749,47749,2,0.00%,1
"2025-12-02 06:00",47747,47747,47747,47747,-38.,-0.08%,1
"2025-12-02 05:00",47785,47785,47785,47785,0,0.00%,1
"2025-12-02 04:30",47753,47785,47753,47785,54,+0.11%,2
"2025-12-02 03:30",47731,47731,47731,47731,-3.,-0.01%,1
"2025-12-02 03:00",47718,47734,47710,47734,23,+0.05%,3
"2025-12-02 02:30",47702,47711,47690,47711,66,+0.14%,4
"2025-12-02 02:00",47643,47645,47643,47645,-41.,-0.09%,5
"2025-12-02 01:00",47670,47686,47670,47686,18,+0.04%,7
"2025-12-02 00:30",47645,47670,47643,47668,30,+0.06%,7
"2025-12-02 00:00",47659,47662,47638,47638,-11.,-0.02%,5
"2025-12-01 22:30",47675,47678,47649,47649,3,+0.01%,32
"2025-12-01 21:30",47646,47646,47646,47646,6,+0.01%,1
"2025-12-01 21:00",47690,47690,47631,47640,-26.,-0.05%,11
"2025-12-01 20:30",47672,47672,47666,47666,-19.,-0.04%,2
"2025-12-01 20:00",47683,47685,47683,47685,-24.,-0.05%,2
"2025-12-01 19:00",47709,47709,47709,47709,39,+0.08%,12
"2025-12-01 18:00",47686,47686,47670,47670,-11.,-0.02%,5
"2025-12-01 17:00",47681,47681,47681,47681,-28.,-0.06%,1
"2025-12-01 15:30",47709,47709,47709,47709,2,0.00%,1
"2025-12-01 15:00",47696,47707,47696,47707,12,+0.03%,2
"2025-12-01 14:30",47784,47800,47690,47695,-100.,-0.21%,8
"2025-12-01 14:00",47762,47795,47762,47795,48,+0.10%,3
"2025-12-01 13:30",47784,47784,47747,47747,-42.,-0.09%,3
"2025-12-01 13:00",47893,47903,47789,47789,-161.,-0.34%,7
"2025-12-01 12:30",47965,47965,47941,47950,-4.,-0.01%,8
"2025-12-01 12:00",47921,47954,47921,47954,29,+0.06%,5
"2025-12-01 11:30",47895,47925,47895,47925,23,+0.05%,2
"2025-12-01 11:00",47900,47902,47900,47902,-26.,-0.05%,4
"2025-12-01 10:30",47906,47928,47902,47928,28,+0.06%,13
"2025-12-01 10:00",47836,47905,47836,47900,2,0.00%,9
"2025-12-01 09:30",47774,47898,47750,47898,84,+0.18%,27
"2025-12-01 09:00",48041,48041,47814,47814,-230.,-0.48%,15
"2025-12-01 08:30",47872,48044,47872,48044,219,+0.46%,38
"2025-12-01 08:00",47894,47900,47825,47825,-66.,-0.14%,6
"2025-12-01 07:00",47891,47891,47891,47891,8,+0.02%,1
"2025-12-01 06:30",47875,47883,47860,47883,24,+0.05%,6
"2025-12-01 03:30",47888,47888,47859,47859,-66.,-0.14%,4
"2025-12-01 03:00",47932,47941,47925,47925,15,+0.03%,5
"2025-12-01 02:30",47920,47920,47910,47910,33,+0.07%,3
"2025-12-01 02:00",47877,47877,47877,47877,19,+0.04%,3
"2025-12-01 01:30",47858,47858,47858,47858,33,+0.07%,1
"2025-12-01 01:00",47844,47844,47825,47825,-29.,-0.06%,3
"2025-12-01 00:30",47861,47861,47854,47854,0,0.00%,3
"2025-12-01 00:00",47854,47854,47854,47854,-11.,-0.02%,1
"2025-11-30 23:30",47843,47865,47839,47865,22,+0.05%,7
"2025-11-30 23:00",47833,47843,47826,47843,-30.,-0.06%,4
"2025-11-30 22:30",47873,47873,47873,47873,-8.,-0.02%,1
"2025-11-30 22:00",47885,47886,47877,47881,-22.,-0.05%,6
"2025-11-30 21:00",47903,47908,47903,47903,-9.,-0.02%,3
"2025-11-30 20:30",47934,47934,47912,47912,-11.,-0.02%,3
"2025-11-30 20:00",47926,47929,47921,47923,-48.,-0.10%,5
"2025-11-30 19:30",47972,47972,47971,47971,56,+0.12%,2
"2025-11-30 19:00",47977,47977,47915,47915,-64.,-0.13%,5
"2025-11-30 18:30",47987,47987,47979,47979,-107.,-0.22%,2
"2025-11-30 18:00",48086,48086,48086,48086,16,+0.03%,1
"2025-11-30 17:30",48070,48070,48070,48070,-43.,-0.09%,1
"2025-11-28 11:30",48085,48113,48080,48113,53,+0.11%,3
"2025-11-28 11:00",48125,48135,48060,48060,-76.,-0.16%,4
"2025-11-28 10:30",48118,48157,48118,48136,50,+0.10%,17
"2025-11-28 10:00",48108,48118,48073,48086,-18.,-0.04%,17
"2025-11-28 09:30",48104,48109,48090,48104,42,+0.09%,10
"2025-11-28 09:00",47981,48086,47980,48062,133,+0.28%,24
"2025-11-28 08:30",47929,47929,47929,47929,30,+0.06%,1
"2025-11-27 19:30",47899,47899,47899,47899,-11.,-0.02%,1
"2025-11-27 19:00",47910,47910,47910,47910,-5.,-0.01%,1
"2025-11-27 17:30",47915,47915,47915,47915,40,+0.08%,1
"2025-11-27 17:00",47875,47875,47875,47875,0,0.00%,1
"2025-11-27 08:00",47875,47875,47875,47875,-8.,-0.02%,2
"2025-11-27 02:30",47883,47883,47883,47883,23,+0.05%,1
"2025-11-27 01:30",47860,47860,47860,47860,13,+0.03%,2
"2025-11-27 00:30",47847,47847,47847,47847,-11.,-0.02%,1
"2025-11-27 00:00",47858,47858,47858,47858,-19.,-0.04%,6
"2025-11-26 22:30",47877,47877,47877,47877,11,+0.02%,1
"2025-11-26 22:00",47866,47866,47866,47866,-12.,-0.03%,1
"2025-11-26 20:30",47879,47881,47875,47878,41,+0.09%,4
"2025-11-26 17:00",47837,47837,47837,47837,-25.,-0.05%,1
"2025-11-26 15:00",47861,47868,47861,47862,-3.,-0.01%,5
"2025-11-26 14:30",47871,47871,47865,47865,-20.,-0.04%,5
"2025-11-26 14:00",47919,47919,47885,47885,-29.,-0.06%,7
"2025-11-26 13:30",47930,47934,47913,47914,-36.,-0.08%,7
"2025-11-26 13:00",47903,47950,47903,47950,60,+0.13%,4
"2025-11-26 12:30",47911,47911,47890,47890,-54.,-0.11%,2
"2025-11-26 12:00",47965,47965,47874,47944,-28.,-0.06%,10
"2025-11-26 11:30",47931,47972,47931,47972,51,+0.11%,5
"2025-11-26 11:00",47946,47974,47921,47921,-29.,-0.06%,8
"2025-11-26 10:30",47917,47951,47897,47950,56,+0.12%,39
"2025-11-26 10:00",47838,47895,47838,47894,59,+0.12%,36
"2025-11-26 09:30",47753,47842,47751,47835,97,+0.20%,13
"2025-11-26 09:00",47694,47741,47660,47738,40,+0.08%,18
"2025-11-26 08:30",47653,47817,47653,47698,41,+0.09%,53
"2025-11-26 08:00",47637,47657,47637,47657,45,+0.09%,10
"2025-11-26 07:30",47612,47612,47612,47612,-4.,-0.01%,2
"2025-11-26 07:00",47564,47616,47562,47616,36,+0.08%,20
"2025-11-26 06:30",47556,47580,47556,47580,0,0.00%,3
"2025-11-26 06:00",47579,47580,47579,47580,-25.,-0.05%,2
"2025-11-26 05:00",47605,47606,47605,47605,-27.,-0.06%,4
"2025-11-26 02:00",47632,47632,47632,47632,-21.,-0.04%,2
"2025-11-26 01:30",47672,47678,47653,47653,-2.,0.00%,9
"2025-11-26 01:00",47644,47655,47644,47655,16,+0.03%,2
"2025-11-26 00:30",47639,47639,47639,47639,13,+0.03%,1
"2025-11-25 23:00",47626,47626,47626,47626,-4.,-0.01%,3
"2025-11-25 21:00",47629,47630,47629,47630,25,+0.05%,2
"2025-11-25 20:30",47605,47605,47605,47605,-9.,-0.02%,1
"2025-11-25 19:30",47604,47626,47604,47614,48,+0.10%,26
"2025-11-25 18:30",47587,47587,47566,47566,1,0.00%,2
"2025-11-25 17:30",47565,47565,47565,47565,10,+0.02%,1
"2025-11-25 17:00",47550,47555,47550,47555,5,+0.01%,2
"2025-11-25 15:30",47550,47550,47550,47550,-10.,-0.02%,2
"2025-11-25 15:00",47562,47562,47560,47560,-20.,-0.04%,2
"2025-11-25 14:30",47544,47594,47539,47580,49,+0.10%,35
"2025-11-25 14:00",47488,47531,47488,47531,33,+0.07%,23
"2025-11-25 13:30",47434,47498,47434,47498,77,+0.16%,35
"2025-11-25 13:00",47420,47421,47414,47421,1,0.00%,6
"2025-11-25 12:30",47420,47420,47420,47420,9,+0.02%,1
"2025-11-25 12:00",47401,47437,47401,47411,1,0.00%,10
"2025-11-25 11:30",47413,47446,47410,47410,1,0.00%,14
"2025-11-25 11:00",47303,47412,47303,47409,117,+0.25%,60
"2025-11-25 10:30",47226,47295,47218,47292,42,+0.09%,21
"2025-11-25 10:00",47178,47250,47177,47250,50,+0.11%,9
"2025-11-25 09:30",47083,47265,47080,47200,180,+0.38%,30
"2025-11-25 09:00",46988,47095,46907,47020,40,+0.09%,29
"2025-11-25 08:30",46993,47197,46800,46980,56,+0.12%,58
"2025-11-25 08:00",46876,46924,46870,46924,36,+0.08%,4
"2025-11-25 07:30",46886,46888,46886,46888,-23.,-0.05%,2
"2025-11-25 06:30",46911,46911,46911,46911,76,+0.16%,1
"2025-11-25 06:00",46827,46853,46827,46835,67,+0.14%,6
"2025-11-25 03:30",46768,46768,46768,46768,-62.,-0.13%,1
"2025-11-25 03:00",46830,46830,46830,46830,54,+0.12%,1
"2025-11-25 02:30",46808,46808,46776,46776,-48.,-0.10%,3
"2025-11-24 20:00",46824,46824,46824,46824,24,+0.05%,1
"2025-11-24 19:30",46800,46800,46800,46800,-36.,-0.08%,16
"2025-11-24 18:00",46838,46838,46836,46836,-25.,-0.05%,3
"2025-11-24 17:30",46869,46869,46861,46861,-24.,-0.05%,2
"2025-11-24 15:00",46873,46885,46873,46885,13,+0.03%,2
"2025-11-24 14:30",46872,46872,46872,46872,-31.,-0.07%,1
"2025-11-24 14:00",46880,46911,46880,46903,44,+0.09%,4
"2025-11-24 13:30",46859,46859,46859,46859,-133.,-0.28%,1
"2025-11-24 13:00",46991,46992,46991,46992,35,+0.07%,4
"2025-11-24 12:30",46957,46957,46957,46957,-26.,-0.06%,1
"2025-11-24 12:00",46948,46983,46948,46983,61,+0.13%,4
"2025-11-24 11:30",46880,46923,46880,46922,54,+0.12%,6
"2025-11-24 11:00",46860,46868,46840,46868,-55.,-0.12%,5
"2025-11-24 10:30",46923,46923,46923,46923,-59.,-0.13%,1
"2025-11-24 10:00",46989,47006,46982,46982,42,+0.09%,3
"2025-11-24 09:30",46873,46940,46869,46940,160,+0.34%,30
"2025-11-24 09:00",46742,46780,46715,46780,80,+0.17%,15
"2025-11-24 08:30",46766,46766,46595,46700,-53.,-0.11%,15
"2025-11-24 07:30",46753,46753,46753,46753,45,+0.10%,1
"2025-11-24 06:00",46695,46708,46695,46708,10,+0.02%,4
"2025-11-24 05:30",46698,46698,46698,46698,42,+0.09%,1
"2025-11-24 05:00",46653,46656,46621,46656,46,+0.10%,5
"2025-11-24 04:30",46611,46611,46609,46610,-5.,-0.01%,3
"2025-11-24 03:30",46586,46615,46579,46615,-235.,-0.50%,4
"2025-11-24 02:30",46850,46850,46850,46850,1,0.00%,1
"2025-11-24 02:00",46849,46849,46849,46849,99,+0.21%,1
"2025-11-24 01:00",46744,46750,46744,46750,-10.,-0.02%,2
"2025-11-23 22:00",46760,46760,46760,46760,-37.,-0.08%,1
"2025-11-23 20:00",46749,46797,46748,46797,30,+0.06%,4
"2025-11-23 19:00",46767,46767,46767,46767,-83.,-0.18%,1
"2025-11-23 17:00",46847,46850,46847,46850,131,+0.28%,5
"2025-11-21 15:00",46719,46719,46719,46719,8,+0.02%,1
"2025-11-21 14:30",46649,46763,46649,46711,-118.,-0.25%,8
"2025-11-21 14:00",46829,46829,46829,46829,-19.,-0.04%,2
"2025-11-21 13:30",46900,46900,46848,46848,-140.,-0.30%,8
"2025-11-21 13:00",46943,46988,46916,46988,52,+0.11%,28
"2025-11-21 12:30",46790,47000,46790,46936,269,+0.58%,8
"2025-11-21 12:00",46738,46738,46667,46667,-139.,-0.30%,2
"2025-11-21 11:30",46893,46900,46806,46806,-97.,-0.21%,3
"2025-11-21 11:00",46838,46903,46812,46903,108,+0.23%,22
"2025-11-21 10:30",46587,46795,46587,46795,344,+0.74%,12
"2025-11-21 10:00",46291,46451,46290,46451,23,+0.05%,9
"2025-11-21 09:30",46401,46428,46291,46428,-81.,-0.17%,16
"2025-11-21 09:00",46308,46509,46308,46509,193,+0.42%,11
"2025-11-21 08:30",46320,46418,46217,46316,-59.,-0.13%,33
"2025-11-21 08:00",46426,46426,46370,46375,-68.,-0.15%,6
"2025-11-21 07:30",46408,46445,46405,46443,-2.,0.00%,5
"2025-11-21 07:00",46455,46455,46420,46445,-55.,-0.12%,11
"2025-11-21 06:30",46225,46500,46225,46500,232,+0.50%,44
"2025-11-21 06:00",46289,46296,46268,46268,-41.,-0.09%,11
"2025-11-21 05:30",46330,46330,46309,46309,-87.,-0.19%,2
"2025-11-21 05:00",46373,46396,46373,46396,56,+0.12%,4
"2025-11-21 04:30",46307,46340,46307,46340,122,+0.26%,4
"2025-11-21 04:00",46266,46272,46217,46218,-127.,-0.27%,10
"2025-11-21 03:30",46304,46345,46304,46345,10,+0.02%,2
"2025-11-21 03:00",46388,46388,46335,46335,2,0.00%,2
"2025-11-21 02:00",46225,46333,46218,46333,-22.,-0.05%,4
"2025-11-21 00:00",46355,46355,46355,46355,19,+0.04%,1
"2025-11-20 23:30",46336,46336,46336,46336,1,0.00%,1
"2025-11-20 22:30",46310,46335,46310,46335,0,0.00%,2
"2025-11-20 22:00",46355,46355,46332,46335,-53.,-0.11%,4
"2025-11-20 21:30",46430,46430,46388,46388,-5.,-0.01%,2
"2025-11-20 21:00",46393,46393,46393,46393,0,0.00%,1
"2025-11-20 20:30",46393,46393,46393,46393,10,+0.02%,4
"2025-11-20 20:00",46388,46388,46368,46383,50,+0.11%,6
"2025-11-20 18:00",46273,46335,46273,46333,78,+0.17%,4
"2025-11-20 17:00",46255,46255,46155,46255,57,+0.12%,9
"2025-11-20 15:30",46208,46208,46198,46198,11,+0.02%,4
"2025-11-20 15:00",46155,46187,46155,46187,-13.,-0.03%,2
"2025-11-20 14:30",46200,46200,46200,46200,-170.,-0.37%,1
"2025-11-20 14:00",46390,46390,46370,46370,-58.,-0.12%,2
"2025-11-20 13:30",46361,46428,46361,46428,20,+0.04%,2
"2025-11-20 13:00",46325,46408,46325,46408,185,+0.40%,14
"2025-11-20 12:30",46422,46422,46209,46223,-233.,-0.50%,11
"2025-11-20 12:00",46310,46568,46301,46456,156,+0.34%,57
"2025-11-20 11:30",46367,46378,46180,46300,-53.,-0.11%,51
"2025-11-20 11:00",46524,46539,46271,46353,-101.,-0.22%,90
"2025-11-20 10:30",46862,46862,46450,46454,-396.,-0.85%,37
"2025-11-20 10:00",47117,47117,46850,46850,-327.,-0.69%,12
"2025-11-20 09:30",47266,47291,47177,47177,-98.,-0.21%,8
"2025-11-20 09:00",47247,47284,47153,47275,48,+0.10%,21
"2025-11-20 08:30",47079,47252,47079,47227,156,+0.33%,53
"2025-11-20 08:00",47037,47071,47010,47071,48,+0.10%,3
"2025-11-20 07:30",46935,47040,46922,47023,226,+0.48%,17
"2025-11-20 06:00",46797,46797,46797,46797,-33.,-0.07%,1
"2025-11-20 03:00",46820,46830,46820,46830,-39.,-0.08%,3
"2025-11-20 02:30",46869,46869,46869,46869,45,+0.10%,1
"2025-11-20 02:00",46824,46824,46824,46824,-76.,-0.16%,1
"2025-11-20 01:30",46900,46900,46900,46900,7,+0.01%,1
"2025-11-20 01:00",46893,46893,46893,46893,22,+0.05%,1
"2025-11-19 23:30",46871,46871,46871,46871,-24.,-0.05%,1
"2025-11-19 23:00",46895,46895,46895,46895,42,+0.09%,1
"2025-11-19 21:00",46847,46853,46847,46853,-6.,-0.01%,2
"2025-11-19 20:30",46834,46859,46834,46859,79,+0.17%,6
"2025-11-19 18:00",46756,46780,46756,46780,44,+0.09%,2
"2025-11-19 17:30",46736,46736,46736,46736,21,+0.04%,1
"2025-11-19 17:00",46715,46715,46715,46715,97,+0.21%,1
"2025-11-19 15:30",46643,46643,46618,46618,29,+0.06%,3
"2025-11-19 15:00",46589,46589,46589,46589,-5.,-0.01%,1
"2025-11-19 14:30",46650,46650,46542,46594,-27.,-0.06%,6
"2025-11-19 14:00",46473,46621,46473,46621,166,+0.36%,7
"2025-11-19 13:30",46394,46455,46352,46455,-54.,-0.12%,8
"2025-11-19 13:00",46566,46566,46509,46509,-46.,-0.10%,4
"2025-11-19 12:30",46573,46593,46555,46555,7,+0.02%,7
"2025-11-19 12:00",46521,46548,46521,46548,98,+0.21%,7
"2025-11-19 11:30",46348,46493,46345,46450,-43.,-0.09%,17
"2025-11-19 11:00",46483,46493,46483,46493,96,+0.21%,3
"2025-11-19 10:30",46425,46425,46360,46397,4,+0.01%,9
"2025-11-19 10:00",46455,46467,46380,46393,-219.,-0.47%,17
"2025-11-19 09:30",46612,46612,46612,46612,12,+0.03%,2
"2025-11-19 09:00",46640,46702,46599,46600,0,0.00%,8
"2025-11-19 08:30",46504,46600,46504,46600,84,+0.18%,8
"2025-11-19 08:00",46516,46516,46516,46516,-84.,-0.18%,1
"2025-11-19 07:00",46600,46600,46600,46600,-2.,0.00%,1
"2025-11-19 05:30",46602,46602,46602,46602,0,0.00%,1
"2025-11-19 04:30",46600,46602,46590,46602,40,+0.09%,4
"2025-11-19 03:30",46562,46562,46562,46562,27,+0.06%,1
"2025-11-19 02:00",46534,46535,46534,46535,29,+0.06%,2
"2025-11-19 00:00",46506,46506,46506,46506,62,+0.13%,1
"2025-11-18 23:30",46444,46444,46444,46444,-61.,-0.13%,1
"2025-11-18 22:30",46480,46505,46476,46505,17,+0.04%,3
"2025-11-18 22:00",46488,46488,46488,46488,-29.,-0.06%,1
"2025-11-18 21:30",46528,46528,46517,46517,-16.,-0.03%,3
"2025-11-18 21:00",46533,46533,46533,46533,-87.,-0.19%,1
"2025-11-18 20:30",46620,46620,46620,46620,70,+0.15%,1
"2025-11-18 19:00",46550,46550,46550,46550,-37.,-0.08%,1
"2025-11-18 17:30",46587,46587,46587,46587,1,0.00%,1
"2025-11-18 17:00",46530,46586,46527,46586,84,+0.18%,3
"2025-11-18 15:00",46531,46531,46502,46502,-47.,-0.10%,5
"2025-11-18 14:30",46548,46549,46548,46549,-179.,-0.38%,10
"2025-11-18 13:30",46728,46728,46728,46728,-16.,-0.03%,1
"2025-11-18 13:00",46744,46744,46744,46744,28,+0.06%,1
"2025-11-18 12:30",46750,46802,46716,46716,-31.,-0.07%,11
"2025-11-18 12:00",46739,46760,46739,46747,37,+0.08%,4
"2025-11-18 11:30",46400,46713,46362,46710,286,+0.62%,42
"2025-11-18 11:00",46590,46590,46424,46424,-154.,-0.33%,21
"2025-11-18 10:30",46635,46668,46578,46578,-51.,-0.11%,33
"2025-11-18 10:00",46389,46629,46360,46629,219,+0.47%,15
"2025-11-18 09:30",46558,46558,46410,46410,-92.,-0.20%,42
"2025-11-18 09:00",46500,46567,46418,46502,-13.,-0.03%,22
"2025-11-18 08:30",46608,46683,46500,46515,-85.,-0.18%,26
"2025-11-18 08:00",46687,46687,46600,46600,-83.,-0.18%,2
"2025-11-18 07:00",46683,46683,46683,46683,-14.,-0.03%,1
"2025-11-18 06:30",46688,46697,46672,46697,-5.,-0.01%,6
"2025-11-18 06:00",46756,46756,46702,46702,-98.,-0.21%,6
"2025-11-18 05:30",46800,46800,46800,46800,-54.,-0.12%,1
"2025-11-18 05:00",46854,46854,46854,46854,-14.,-0.03%,1
"2025-11-18 02:00",46868,46868,46868,46868,112,+0.24%,1
"2025-11-18 01:00",46755,46756,46755,46756,-44.,-0.09%,2
"2025-11-17 22:00",46891,46891,46800,46800,-259.,-0.55%,4
"2025-11-17 20:30",47089,47089,47052,47059,-45.,-0.10%,5
"2025-11-17 19:30",47104,47104,47104,47104,71,+0.15%,1
"2025-11-17 18:30",47033,47033,47033,47033,-63.,-0.13%,1
"2025-11-17 18:00",47099,47099,47096,47096,4,+0.01%,2
"2025-11-17 17:00",47090,47092,47090,47092,8,+0.02%,2
"2025-11-17 15:00",47084,47084,47084,47084,43,+0.09%,1
"2025-11-17 14:30",46963,47041,46963,47041,58,+0.12%,3
"2025-11-17 14:00",46928,46983,46923,46983,33,+0.07%,4
"2025-11-17 13:30",47170,47177,46950,46950,-171.,-0.36%,9
"2025-11-17 13:00",47224,47224,47121,47121,-107.,-0.23%,3
"2025-11-17 12:30",47349,47396,47228,47228,-159.,-0.34%,14
"2025-11-17 12:00",47392,47392,47387,47387,-67.,-0.14%,3
"2025-11-17 11:30",47454,47454,47454,47454,-55.,-0.12%,1
"2025-11-17 10:30",47500,47509,47500,47509,44,+0.09%,19
"2025-11-17 10:00",47417,47465,47325,47465,-3.,-0.01%,12
"2025-11-17 09:30",47476,47476,47468,47468,-123.,-0.26%,2
"2025-11-17 09:00",47631,47631,47591,47591,29,+0.06%,3
"2025-11-17 08:30",47501,47633,47501,47562,45,+0.09%,5
"2025-11-17 08:00",47524,47535,47517,47517,-2.,0.00%,3
"2025-11-17 07:30",47519,47519,47519,47519,-72.,-0.15%,1
"2025-11-17 06:30",47591,47591,47591,47591,-8.,-0.02%,1
"2025-11-17 04:00",47605,47606,47599,47599,-44.,-0.09%,3
"2025-11-17 03:00",47643,47643,47643,47643,-73.,-0.15%,1
"2025-11-17 02:30",47716,47716,47716,47716,7,+0.01%,1
"2025-11-17 02:00",47709,47709,47709,47709,44,+0.09%,1
"2025-11-17 01:00",47665,47665,47665,47665,5,+0.01%,1
"2025-11-16 22:00",47660,47660,47660,47660,95,+0.20%,1
"2025-11-16 18:00",47588,47588,47565,47565,-8.,-0.02%,2
"2025-11-16 17:00",47602,47602,47495,47573,-70.,-0.15%,4
"2025-11-14 15:30",47637,47643,47637,47643,36,+0.08%,2
"2025-11-14 14:30",47602,47607,47602,47607,-111.,-0.23%,2
"2025-11-14 13:00",47717,47718,47717,47718,93,+0.20%,2
"2025-11-14 12:30",47681,47681,47625,47625,-111.,-0.23%,6
"2025-11-14 12:00",47731,47736,47685,47736,-8.,-0.02%,7
"2025-11-14 11:30",47802,47802,47744,47744,-29.,-0.06%,3
"2025-11-14 11:00",47771,47773,47771,47773,93,+0.20%,2
"2025-11-14 10:30",47777,47777,47680,47680,-68.,-0.14%,2
"2025-11-14 10:00",47615,47748,47615,47748,201,+0.42%,12
"2025-11-14 09:30",47550,47577,47505,47547,7,+0.01%,8
"2025-11-14 09:00",47418,47540,47349,47540,112,+0.24%,15
"2025-11-14 08:30",47529,47529,47351,47428,-210.,-0.44%,82
"2025-11-14 08:00",47614,47646,47600,47638,93,+0.20%,11
"2025-11-14 07:30",47565,47565,47534,47545,-32.,-0.07%,8
"2025-11-14 07:00",47627,47645,47566,47577,-79.,-0.17%,22
"2025-11-14 06:30",47693,47693,47623,47656,-36.,-0.08%,6
"2025-11-14 06:00",47667,47696,47667,47692,22,+0.05%,5
"2025-11-14 05:30",47697,47712,47653,47670,-74.,-0.15%,15
"2025-11-14 05:00",47784,47784,47744,47744,-90.,-0.19%,5
"2025-11-14 04:30",47834,47834,47834,47834,-23.,-0.05%,1
"2025-11-14 04:00",47857,47857,47857,47857,10,+0.02%,1
"2025-11-14 03:30",47849,47849,47847,47847,-11.,-0.02%,2
"2025-11-14 02:30",47853,47863,47814,47858,55,+0.12%,5
"2025-11-14 02:00",47800,47803,47800,47803,-27.,-0.06%,6
"2025-11-14 01:00",47873,47873,47830,47830,-90.,-0.19%,8
"2025-11-14 00:30",47900,47920,47868,47920,4,+0.01%,29
"2025-11-14 00:00",47916,47916,47916,47916,-11.,-0.02%,8
"2025-11-13 22:30",47911,47935,47911,47927,-10.,-0.02%,4
"2025-11-13 21:30",47937,47937,47937,47937,-30.,-0.06%,1
"2025-11-13 21:00",47967,47967,47967,47967,-7.,-0.01%,2
"2025-11-13 20:30",47970,47974,47970,47974,-37.,-0.08%,2
"2025-11-13 19:00",48011,48011,48011,48011,24,+0.05%,1
"2025-11-13 18:30",48011,48015,47987,47987,-19.,-0.04%,6
"2025-11-13 17:00",47978,48006,47978,48006,26,+0.05%,5
"2025-11-13 15:00",47962,47980,47962,47980,79,+0.16%,5
"2025-11-13 14:30",47933,47955,47901,47901,-5.,-0.01%,6
"2025-11-13 14:00",47922,47954,47885,47906,-69.,-0.14%,12
"2025-11-13 13:30",48090,48102,47975,47975,-63.,-0.13%,10
"2025-11-13 13:00",48038,48038,48038,48038,-44.,-0.09%,1
"2025-11-13 12:30",48138,48138,48080,48082,-81.,-0.17%,8
"2025-11-13 12:00",48193,48193,48163,48163,-65.,-0.13%,9
"2025-11-13 11:30",48357,48357,48228,48228,-67.,-0.14%,4
"2025-11-13 11:00",48258,48316,48258,48295,49,+0.10%,25
"2025-11-13 10:30",48397,48397,48246,48246,-74.,-0.15%,9
"2025-11-13 10:00",48398,48410,48312,48320,-103.,-0.21%,16
"2025-11-13 09:30",48550,48550,48402,48423,-262.,-0.54%,20
"2025-11-13 09:00",48692,48692,48685,48685,29,+0.06%,2
"2025-11-13 08:30",48646,48656,48616,48656,55,+0.11%,26
"2025-11-13 08:00",48601,48601,48601,48601,-22.,-0.05%,1
"2025-11-13 07:30",48648,48648,48623,48623,-23.,-0.05%,2
"2025-11-13 07:00",48696,48696,48645,48646,-53.,-0.11%,6
"2025-11-13 06:00",48699,48699,48699,48699,-21.,-0.04%,1
"2025-11-13 05:00",48722,48723,48720,48720,-40.,-0.08%,7
"2025-11-13 03:30",48744,48760,48734,48760,17,+0.03%,7
"2025-11-13 03:00",48811,48811,48743,48743,-95.,-0.19%,4
"2025-11-13 02:30",48838,48838,48838,48838,21,+0.04%,1
"2025-11-13 02:00",48818,48818,48817,48817,-43.,-0.09%,6
"2025-11-13 01:30",48860,48860,48860,48860,7,+0.01%,1
"2025-11-12 23:00",48853,48853,48853,48853,18,+0.04%,1
"2025-11-12 22:00",48835,48835,48835,48835,-18.,-0.04%,1
"2025-11-12 21:30",48853,48853,48853,48853,7,+0.01%,1
"2025-11-12 21:00",48789,48846,48789,48846,18,+0.04%,2
"2025-11-12 19:30",48828,48828,48828,48828,96,+0.20%,1
"2025-11-12 18:30",48732,48732,48732,48732,-46.,-0.09%,10
"2025-11-12 15:00",48787,48787,48778,48778,45,+0.09%,2
"2025-11-12 14:30",48802,48802,48733,48733,-53.,-0.11%,7
"2025-11-12 14:00",48726,48786,48725,48786,7,+0.01%,7
"2025-11-12 13:30",48757,48779,48757,48779,-29.,-0.06%,20
"2025-11-12 12:30",48808,48808,48808,48808,-46.,-0.09%,1
"2025-11-12 11:30",48777,48854,48775,48854,73,+0.15%,13
"2025-11-12 11:00",48797,48797,48780,48781,76,+0.16%,11
"2025-11-12 10:30",48705,48705,48705,48705,-29.,-0.06%,1
"2025-11-12 10:00",48769,48769,48734,48734,-67.,-0.14%,2
"2025-11-12 09:30",48777,48804,48777,48801,-59.,-0.12%,144
"2025-11-12 09:00",48875,48877,48846,48860,-40.,-0.08%,11
"2025-11-12 08:30",48550,48900,48550,48900,367,+0.76%,105
"2025-11-12 08:00",48526,48534,48525,48533,20,+0.04%,5
"2025-11-12 06:30",48505,48513,48504,48513,-7.,-0.01%,5
"2025-11-12 06:00",48505,48520,48491,48520,69,+0.14%,9
"2025-11-12 00:30",48460,48460,48451,48451,13,+0.03%,3
"2025-11-11 19:30",48438,48438,48438,48438,39,+0.08%,4
"2025-11-11 18:00",48405,48405,48399,48399,-6.,-0.01%,8
"2025-11-11 17:30",48405,48405,48405,48405,-38.,-0.08%,1
"2025-11-11 15:00",48448,48448,48443,48443,-7.,-0.01%,2
"2025-11-11 14:30",48443,48450,48443,48450,43,+0.09%,4
"2025-11-11 14:00",48422,48440,48407,48407,6,+0.01%,11
"2025-11-11 13:30",48400,48401,48400,48401,4,+0.01%,11
"2025-11-11 13:00",48370,48397,48370,48397,20,+0.04%,2
"2025-11-11 12:30",48342,48377,48342,48377,22,+0.05%,8
"2025-11-11 12:00",48295,48387,48295,48355,77,+0.16%,25
"2025-11-11 11:30",48223,48278,48223,48278,55,+0.11%,27
"2025-11-11 11:00",48154,48223,48152,48223,82,+0.17%,35
"2025-11-11 10:30",48067,48146,48067,48141,77,+0.16%,29
"2025-11-11 10:00",48005,48070,48005,48064,64,+0.13%,24
"2025-11-11 09:30",47996,48000,47970,48000,3,+0.01%,4
"2025-11-11 09:00",47915,48000,47868,47997,36,+0.08%,28
"2025-11-11 08:30",47892,47961,47875,47961,98,+0.20%,21
"2025-11-11 08:00",47888,47893,47863,47863,-2.,0.00%,17
"2025-11-11 07:00",47865,47865,47865,47865,15,+0.03%,1
"2025-11-11 06:30",47850,47850,47850,47850,19,+0.04%,1
"2025-11-11 05:00",47831,47831,47831,47831,47,+0.10%,1
"2025-11-11 02:30",47784,47784,47784,47784,-38.,-0.08%,2
"2025-11-11 02:00",47822,47822,47822,47822,-8.,-0.02%,1
"2025-11-10 23:00",47830,47830,47830,47830,-26.,-0.05%,1
"2025-11-10 20:30",47856,47856,47856,47856,-22.,-0.05%,1
"2025-11-10 15:00",47878,47878,47878,47878,45,+0.09%,3
"2025-11-10 14:30",47848,47868,47833,47833,-7.,-0.01%,15
"2025-11-10 14:00",47840,47840,47840,47840,-29.,-0.06%,2
"2025-11-10 13:30",47820,47869,47800,47869,64,+0.13%,7
"2025-11-10 13:00",47789,47807,47777,47805,87,+0.18%,13
"2025-11-10 12:00",47707,47718,47707,47718,18,+0.04%,4
"2025-11-10 11:30",47595,47700,47595,47700,151,+0.32%,2
"2025-11-10 11:00",47548,47549,47548,47549,111,+0.23%,4
"2025-11-10 10:00",47460,47460,47438,47438,-52.,-0.11%,3
"2025-11-10 09:30",47588,47588,47490,47490,-100.,-0.21%,3
"2025-11-10 09:00",47590,47590,47590,47590,-9.,-0.02%,3
"2025-11-10 08:30",47700,47777,47599,47599,-29.,-0.06%,7
"2025-11-10 07:30",47636,47639,47625,47628,-8.,-0.02%,4
"2025-11-10 07:00",47636,47636,47636,47636,0,0.00%,2
"2025-11-10 06:30",47636,47636,47636,47636,78,+0.16%,1
"2025-11-09 19:30",47515,47558,47513,47558,-3.,-0.01%,4
"2025-11-09 19:00",47561,47561,47561,47561,11,+0.02%,1
"2025-11-09 18:00",47550,47550,47550,47550,-99.,-0.21%,1
"2025-11-09 17:00",47599,47649,47599,47649,99,+0.21%,2
"2025-11-07 15:30",47550,47550,47550,47550,36,+0.08%,1
"2025-11-07 15:00",47461,47514,47461,47514,74,+0.16%,6
"2025-11-07 14:30",47382,47440,47371,47440,120,+0.25%,18
"2025-11-07 14:00",47384,47384,47320,47320,55,+0.12%,5
"2025-11-07 13:30",47250,47265,47250,47265,43,+0.09%,2
"2025-11-07 13:00",47222,47222,47222,47222,43,+0.09%,2
"2025-11-07 12:30",47191,47191,47179,47179,229,+0.49%,6
"2025-11-07 11:00",47010,47010,46950,46950,-60.,-0.13%,4
"2025-11-07 10:30",47002,47010,47000,47010,-87.,-0.18%,4
"2025-11-07 10:00",47115,47115,47085,47097,-63.,-0.13%,10
"2025-11-07 09:30",47290,47300,47160,47160,-93.,-0.20%,30
"2025-11-07 09:00",47287,47327,47190,47253,-42.,-0.09%,27
"2025-11-07 08:30",47179,47295,47156,47295,24,+0.05%,12
"2025-11-07 07:30",47271,47271,47271,47271,62,+0.13%,1
"2025-11-07 07:00",47209,47209,47209,47209,-7.,-0.01%,1
"2025-11-07 06:30",47217,47217,47216,47216,-136.,-0.29%,2
"2025-11-07 05:00",47352,47352,47352,47352,-29.,-0.06%,1
"2025-11-07 04:30",47381,47381,47381,47381,-75.,-0.16%,2
"2025-11-07 03:00",47456,47456,47456,47456,97,+0.20%,1
"2025-11-06 21:30",47385,47391,47359,47359,-68.,-0.14%,3
"2025-11-06 20:00",47427,47427,47427,47427,0,0.00%,21
"2025-11-06 19:30",47425,47427,47425,47427,-128.,-0.27%,8
"2025-11-06 13:30",47563,47563,47555,47555,64,+0.13%,2
"2025-11-06 13:00",47499,47500,47483,47491,18,+0.04%,4
"2025-11-06 12:30",47390,47473,47390,47473,103,+0.22%,7
"2025-11-06 12:00",47300,47370,47273,47370,0,0.00%,5
"2025-11-06 11:30",47400,47400,47370,47370,91,+0.19%,3
"2025-11-06 11:00",47283,47363,47279,47279,-83.,-0.18%,5
"2025-11-06 10:30",47353,47362,47295,47362,14,+0.03%,17
"2025-11-06 10:00",47413,47418,47325,47348,-96.,-0.20%,11
"2025-11-06 09:30",47404,47454,47404,47444,-176.,-0.37%,7
"2025-11-06 09:00",47509,47620,47480,47620,5,+0.01%,9
"2025-11-06 08:30",47780,47780,47615,47615,-83.,-0.17%,23
"2025-11-06 08:00",47779,47779,47698,47698,-137.,-0.29%,2
"2025-11-06 07:30",47835,47835,47835,47835,22,+0.05%,1
"2025-11-06 06:30",47813,47813,47813,47813,33,+0.07%,1
"2025-11-06 04:30",47780,47780,47780,47780,35,+0.07%,1
"2025-11-06 03:00",47745,47745,47745,47745,29,+0.06%,1
"2025-11-06 02:30",47716,47716,47716,47716,-84.,-0.18%,4
"2025-11-05 22:30",47800,47800,47800,47800,-14.,-0.03%,3
"2025-11-05 17:00",47814,47814,47814,47814,0,0.00%,2
"2025-11-05 14:30",47868,47868,47814,47814,-54.,-0.11%,3
"2025-11-05 14:00",47868,47868,47868,47868,-25.,-0.05%,1
"2025-11-05 12:30",47893,47893,47893,47893,-27.,-0.06%,1
"2025-11-05 11:30",47928,47928,47920,47920,68,+0.14%,6
"2025-11-05 11:00",47800,47852,47800,47852,204,+0.43%,3
"2025-11-05 10:30",47648,47648,47648,47648,5,+0.01%,1
"2025-11-05 09:30",47651,47668,47643,47643,-42.,-0.09%,3
"2025-11-05 09:00",47659,47737,47650,47685,-45.,-0.09%,15
"2025-11-05 08:30",47607,47752,47560,47730,106,+0.22%,13
"2025-11-05 08:00",47645,47645,47624,47624,62,+0.13%,3
"2025-11-05 06:00",47562,47562,47562,47562,-6.,-0.01%,1
"2025-11-05 05:30",47568,47568,47568,47568,-43.,-0.09%,1
"2025-11-05 02:00",47622,47622,47611,47611,-21.,-0.04%,4
"2025-11-05 01:00",47632,47632,47632,47632,59,+0.12%,1
"2025-11-04 21:30",47573,47573,47573,47573,18,+0.04%,1
"2025-11-04 21:00",47555,47557,47555,47555,105,+0.22%,5
"2025-11-04 20:00",47491,47491,47450,47450,-25.,-0.05%,2
"2025-11-04 19:00",47475,47475,47475,47475,-71.,-0.15%,1
"2025-11-04 13:00",47547,47558,47546,47546,1,0.00%,3
"2025-11-04 12:30",47511,47549,47511,47545,-5.,-0.01%,4
"2025-11-04 11:30",47544,47550,47544,47550,-111.,-0.23%,2
"2025-11-04 09:30",47680,47680,47661,47661,-67.,-0.14%,2
"2025-11-04 09:00",47695,47734,47657,47728,137,+0.29%,12
"2025-11-04 08:30",47500,47620,47402,47591,54,+0.11%,18
"2025-11-04 08:00",47540,47540,47537,47537,-51.,-0.11%,5
"2025-11-04 07:30",47567,47588,47562,47588,28,+0.06%,6
"2025-11-04 07:00",47560,47560,47560,47560,-26.,-0.05%,1
"2025-11-04 06:30",47560,47586,47550,47586,76,+0.16%,4
"2025-11-04 04:30",47510,47510,47510,47510,95,+0.20%,1
"2025-11-04 04:00",47408,47415,47408,47415,29,+0.06%,5
"2025-11-04 03:30",47386,47386,47386,47386,-95.,-0.20%,1
"2025-11-04 02:00",47520,47526,47481,47481,-56.,-0.12%,12
"2025-11-04 01:30",47537,47537,47537,47537,-23.,-0.05%,1
"2025-11-04 00:30",47588,47588,47560,47560,-65.,-0.14%,11
"2025-11-03 23:30",47625,47625,47625,47625,-51.,-0.11%,1
"2025-11-03 23:00",47687,47692,47676,47676,-41.,-0.09%,6
"2025-11-03 20:30",47713,47717,47713,47717,-39.,-0.08%,2
"2025-11-03 20:00",47756,47756,47756,47756,-5.,-0.01%,1
"2025-11-03 18:00",47761,47761,47761,47761,-66.,-0.14%,1
"2025-11-03 17:00",47827,47827,47827,47827,2,0.00%,1
"2025-11-03 15:00",47836,47836,47825,47825,5,+0.01%,3
"2025-11-03 14:30",47830,47830,47820,47820,-45.,-0.09%,2
"2025-11-03 14:00",47835,47865,47835,47865,10,+0.02%,2
"2025-11-03 13:00",47855,47855,47855,47855,0,0.00%,1
"2025-11-03 10:00",47865,47865,47855,47855,55,+0.12%,2
"2025-11-03 09:30",47677,47800,47651,47800,129,+0.27%,4
"2025-11-03 09:00",47866,47915,47671,47671,-241.,-0.50%,23
"2025-11-03 08:30",48044,48044,47889,47912,-208.,-0.43%,10
"2025-11-03 08:00",48074,48120,48074,48120,74,+0.15%,3
"2025-11-03 07:00",48026,48046,48026,48046,-99.,-0.21%,2
"2025-11-03 05:00",48138,48145,48138,48145,-15.,-0.03%,16
"2025-11-03 04:30",48134,48160,48134,48160,40,+0.08%,2
"2025-11-03 04:00",48120,48120,48120,48120,-92.,-0.19%,1
"2025-11-03 03:30",48212,48212,48212,48212,87,+0.18%,1
"2025-11-02 21:00",48172,48172,48125,48125,-57.,-0.12%,2
"2025-11-02 19:30",48228,48228,48182,48182,80,+0.17%,2
"2025-10-31 15:30",48102,48102,48102,48102,-95.,-0.20%,1
"2025-10-31 14:30",48197,48197,48197,48197,24,+0.05%,1
"2025-10-31 14:00",48173,48173,48173,48173,217,+0.45%,1
"2025-10-31 12:30",47927,47960,47927,47956,63,+0.13%,21
"2025-10-31 12:00",47900,47902,47893,47893,-29.,-0.06%,3
"2025-10-31 11:30",47922,47922,47922,47922,-120.,-0.25%,4
"2025-10-31 11:00",48042,48042,48042,48042,14,+0.03%,1
"2025-10-31 10:30",48035,48085,48028,48028,-138.,-0.29%,6
"2025-10-31 09:30",48124,48166,48124,48166,66,+0.14%,2
"2025-10-31 09:00",48048,48100,48048,48100,-20.,-0.04%,3
"2025-10-31 08:30",48050,48120,48039,48120,10,+0.02%,5
"2025-10-31 07:30",48100,48110,48100,48110,-58.,-0.12%,2
"2025-10-31 07:00",48168,48168,48168,48168,61,+0.13%,1
"2025-10-31 06:30",48107,48107,48107,48107,38,+0.08%,1
"2025-10-31 00:00",48069,48069,48069,48069,-46.,-0.10%,1
"2025-10-30 19:00",48085,48115,48085,48115,85,+0.18%,2
"2025-10-30 14:30",48128,48128,48030,48030,-87.,-0.18%,7
"2025-10-30 14:00",48134,48134,48117,48117,-151.,-0.31%,4
"2025-10-30 13:00",48262,48268,48262,48268,-57.,-0.12%,2
"2025-10-30 12:00",48264,48325,48264,48325,-92.,-0.19%,2
"2025-10-30 11:00",48417,48417,48417,48417,85,+0.18%,1
"2025-10-30 10:30",48454,48454,48332,48332,-142.,-0.29%,9
"2025-10-30 10:00",48500,48539,48474,48474,-13.,-0.03%,4
"2025-10-30 09:30",48467,48518,48455,48487,75,+0.15%,9
"2025-10-30 09:00",48367,48412,48331,48412,48,+0.10%,18
"2025-10-30 08:30",48025,48368,48025,48364,442,+0.92%,24
"2025-10-30 08:00",47922,47922,47922,47922,-78.,-0.16%,4
"2025-10-30 07:30",47926,48000,47926,48000,53,+0.11%,2
"2025-10-30 07:00",47947,47947,47947,47947,-63.,-0.13%,1
"2025-10-30 04:00",48010,48010,48010,48010,-263.,-0.54%,1
"2025-10-29 22:00",48273,48273,48273,48273,-18.,-0.04%,1
"2025-10-29 21:00",48289,48291,48289,48291,177,+0.37%,2
"2025-10-29 18:30",48112,48114,48112,48114,-24.,-0.05%,2
"2025-10-29 14:00",48222,48230,48138,48138,-54.,-0.11%,5
"2025-10-29 13:30",48217,48217,48000,48192,-214.,-0.44%,24
"2025-10-29 13:00",48407,48407,48406,48406,-44.,-0.09%,2
"2025-10-29 09:30",48450,48450,48450,48450,-22.,-0.05%,1
"2025-10-29 09:00",48522,48522,48450,48472,-78.,-0.16%,6
"2025-10-29 08:30",48445,48550,48445,48550,380,+0.79%,15
"2025-10-29 05:00",48136,48170,48136,48170,42,+0.09%,2
"2025-10-29 04:30",48128,48128,48128,48128,-113.,-0.23%,1
"2025-10-29 03:00",48241,48241,48241,48241,26,+0.05%,1
"2025-10-29 02:00",48216,48216,48215,48215,-3.,-0.01%,3
"2025-10-28 21:30",48202,48218,48202,48218,9,+0.02%,3
"2025-10-28 20:30",48209,48209,48209,48209,9,+0.02%,1
"2025-10-28 15:00",48200,48200,48200,48200,-192.,-0.40%,1
"2025-10-28 13:30",48392,48392,48392,48392,-82.,-0.17%,1
"2025-10-28 13:00",48452,48474,48449,48474,74,+0.15%,5
"2025-10-28 12:30",48400,48400,48400,48400,-23.,-0.05%,1
"2025-10-28 12:00",48474,48474,48423,48423,15,+0.03%,2
"2025-10-28 11:30",48354,48408,48341,48408,159,+0.33%,13
"2025-10-28 10:30",48229,48249,48224,48249,-102.,-0.21%,7
"2025-10-28 08:30",48369,48369,48257,48351,-19.,-0.04%,17
"2025-10-28 08:00",48350,48390,48350,48370,135,+0.28%,6
"2025-10-28 06:30",48239,48239,48235,48235,21,+0.04%,6
"2025-10-28 06:00",48138,48214,48138,48214,115,+0.24%,5
"2025-10-28 04:30",48099,48099,48099,48099,40,+0.08%,1
"2025-10-27 22:00",48059,48059,48059,48059,-51.,-0.11%,1
"2025-10-27 15:00",48091,48110,48085,48110,42,+0.09%,4
"2025-10-27 14:30",48072,48073,48068,48068,139,+0.29%,3
"2025-10-27 12:00",47929,47929,47929,47929,-45.,-0.09%,1
"2025-10-27 10:30",47974,47974,47974,47974,-8.,-0.02%,1
"2025-10-27 09:00",48030,48055,47982,47982,65,+0.14%,6
"2025-10-27 08:30",47975,47975,47917,47917,-44.,-0.09%,3
"2025-10-27 07:00",47966,47966,47961,47961,-54.,-0.11%,2
"2025-10-27 05:00",48015,48015,48015,48015,22,+0.05%,1
"2025-10-27 04:30",47993,47993,47993,47993,-78.,-0.16%,1
"2025-10-27 02:30",48071,48071,48071,48071,49,+0.10%,1
"2025-10-26 18:30",48022,48022,48022,48022,-4.,-0.01%,1
"2025-10-26 18:00",48026,48026,48026,48026,9,+0.02%,3
"2025-10-26 17:00",48017,48017,48017,48017,277,+0.58%,1
"2025-10-24 15:00",47740,47740,47740,47740,-7.,-0.01%,1
"2025-10-24 14:30",47747,47747,47747,47747,-82.,-0.17%,1
"2025-10-24 14:00",47829,47829,47829,47829,-11.,-0.02%,1
"2025-10-24 12:30",47839,47840,47839,47840,70,+0.15%,2
"2025-10-24 11:30",47725,47770,47725,47770,-59.,-0.12%,2
"2025-10-24 11:00",47822,47829,47822,47829,23,+0.05%,2
"2025-10-24 10:30",47780,47806,47780,47806,29,+0.06%,5
"2025-10-24 10:00",47740,47777,47738,47777,130,+0.27%,7
"2025-10-24 09:30",47606,47670,47600,47647,-11.,-0.02%,5
"2025-10-24 09:00",47674,47700,47658,47658,18,+0.04%,8
"2025-10-24 08:30",47491,47670,47491,47640,155,+0.33%,13
"2025-10-24 07:30",47388,47485,47388,47485,145,+0.31%,5
"2025-10-24 07:00",47342,47342,47340,47340,-29.,-0.06%,2
"2025-10-24 01:00",47369,47369,47369,47369,97,+0.21%,1
"2025-10-23 14:30",47272,47272,47272,47272,-50.,-0.11%,1
"2025-10-23 13:30",47323,47323,47322,47322,27,+0.06%,2
"2025-10-23 12:30",47303,47303,47295,47295,75,+0.16%,5
"2025-10-23 12:00",47220,47220,47220,47220,-5.,-0.01%,1
"2025-10-23 11:30",47212,47225,47212,47225,32,+0.07%,2
"2025-10-23 10:30",47193,47193,47193,47193,69,+0.15%,1
"2025-10-23 10:00",47152,47152,47124,47124,13,+0.03%,2
"2025-10-23 09:00",47115,47115,47111,47111,-84.,-0.18%,2
"2025-10-23 08:30",47205,47245,47180,47195,180,+0.38%,6
"2025-10-23 08:00",47060,47060,47015,47015,0,0.00%,2
"2025-10-23 07:30",47015,47015,47015,47015,-21.,-0.04%,2
"2025-10-23 06:30",47041,47041,47036,47036,-33.,-0.07%,2
"2025-10-23 06:00",47069,47069,47069,47069,45,+0.10%,1
"2025-10-23 05:00",47023,47024,47023,47024,-99.,-0.21%,2
"2025-10-22 21:00",47106,47123,47106,47123,34,+0.07%,4
"2025-10-22 20:30",47089,47089,47089,47089,-6.,-0.01%,1
"2025-10-22 13:30",47095,47095,47095,47095,1,0.00%,1
"2025-10-22 13:00",47000,47094,47000,47094,59,+0.13%,7
"2025-10-22 12:30",47109,47109,47010,47035,-65.,-0.14%,5
"2025-10-22 12:00",47171,47171,47090,47100,-155.,-0.33%,4
"2025-10-22 11:30",47257,47257,47060,47255,-31.,-0.07%,42
"2025-10-22 10:00",47381,47381,47286,47286,-47.,-0.10%,3
"2025-10-22 09:30",47300,47333,47285,47333,-16.,-0.03%,4
"2025-10-22 09:00",47347,47349,47335,47349,-7.,-0.01%,3
"2025-10-22 08:30",47429,47438,47356,47356,-112.,-0.24%,7
"2025-10-22 07:00",47468,47468,47468,47468,11,+0.02%,1
"2025-10-22 06:30",47457,47457,47457,47457,19,+0.04%,1
"2025-10-22 06:00",47433,47438,47433,47438,-28.,-0.06%,2
"2025-10-22 03:30",47460,47466,47460,47466,-9.,-0.02%,3
"2025-10-21 20:30",47456,47475,47456,47475,31,+0.07%,2
"2025-10-21 19:30",47452,47452,47444,47444,-46.,-0.10%,6
"2025-10-21 18:00",47490,47490,47490,47490,-9.,-0.02%,1
"2025-10-21 15:00",47499,47499,47499,47499,29,+0.06%,1
"2025-10-21 14:30",47512,47537,47470,47470,-45.,-0.09%,6
"2025-10-21 14:00",47515,47515,47515,47515,-74.,-0.16%,15
"2025-10-21 13:00",47589,47589,47589,47589,-21.,-0.04%,1
"2025-10-21 11:30",47610,47610,47610,47610,29,+0.06%,1
"2025-10-21 10:30",47581,47581,47581,47581,-51.,-0.11%,1
"2025-10-21 10:00",47610,47662,47608,47632,82,+0.17%,17
"2025-10-21 09:30",47410,47550,47410,47550,122,+0.26%,11
"2025-10-21 09:00",47320,47450,47320,47428,161,+0.34%,5
"2025-10-21 08:30",47285,47285,47267,47267,51,+0.11%,2
"2025-10-21 08:00",47225,47225,47216,47216,-50.,-0.11%,2
"2025-10-21 07:30",47266,47266,47266,47266,-4.,-0.01%,1
"2025-10-21 06:30",47277,47277,47270,47270,73,+0.15%,2
"2025-10-21 04:30",47197,47197,47197,47197,14,+0.03%,1
"2025-10-21 04:00",47183,47183,47183,47183,35,+0.07%,1
"2025-10-21 03:30",47163,47171,47148,47148,-23.,-0.05%,3
"2025-10-21 03:00",47167,47171,47156,47171,-10.,-0.02%,4
"2025-10-21 02:30",47181,47181,47181,47181,-3.,-0.01%,1
"2025-10-21 02:00",47156,47184,47156,47184,-7.,-0.01%,5
"2025-10-21 01:30",47191,47191,47191,47191,7,+0.01%,1
"2025-10-21 01:00",47187,47191,47184,47184,-30.,-0.06%,3
"2025-10-21 00:30",47214,47214,47214,47214,-25.,-0.05%,1
"2025-10-21 00:00",47239,47239,47239,47239,-33.,-0.07%,1
"2025-10-20 17:30",47272,47272,47272,47272,0,0.00%,1
"2025-10-20 14:30",47272,47272,47272,47272,2,0.00%,1
"2025-10-20 13:30",47245,47270,47245,47270,-5.,-0.01%,3
"2025-10-20 13:00",47275,47275,47275,47275,55,+0.12%,1
"2025-10-20 12:00",47188,47220,47188,47220,105,+0.22%,7
"2025-10-20 11:00",47115,47115,47115,47115,-44.,-0.09%,1
"2025-10-20 09:30",47047,47159,47047,47159,200,+0.43%,12
"2025-10-20 09:00",46959,46959,46959,46959,55,+0.12%,1
"2025-10-20 08:30",46904,46904,46904,46904,78,+0.17%,1
"2025-10-20 05:30",46826,46826,46826,46826,6,+0.01%,1
"2025-10-20 04:30",46820,46820,46820,46820,32,+0.07%,1
"2025-10-19 22:30",46788,46788,46788,46788,-13.,-0.03%,1
"2025-10-19 22:00",46801,46801,46801,46801,53,+0.11%,1
"2025-10-17 15:00",46748,46748,46748,46748,28,+0.06%,8
"2025-10-17 14:30",46720,46720,46720,46720,-91.,-0.19%,1
"2025-10-17 14:00",46811,46811,46811,46811,25,+0.05%,10
"2025-10-17 13:30",46764,46786,46764,46786,10,+0.02%,2
"2025-10-17 13:00",46710,46800,46710,46776,188,+0.40%,15
"2025-10-17 11:30",46664,46664,46588,46588,-104.,-0.22%,4
"2025-10-17 11:00",46696,46746,46692,46692,13,+0.03%,22
"2025-10-17 10:30",46625,46693,46625,46679,216,+0.46%,12
"2025-10-17 10:00",46463,46463,46463,46463,-64.,-0.14%,1
"2025-10-17 09:30",46592,46592,46527,46527,-93.,-0.20%,5
"2025-10-17 09:00",46519,46734,46519,46620,-20.,-0.04%,12
"2025-10-17 08:30",46565,46680,46503,46640,167,+0.36%,37
"2025-10-17 07:00",46473,46473,46473,46473,23,+0.05%,1
"2025-10-17 06:30",46399,46450,46399,46450,8,+0.02%,2
"2025-10-17 06:00",46339,46463,46336,46442,219,+0.47%,18
"2025-10-17 05:30",46176,46223,46164,46223,207,+0.45%,9
"2025-10-17 03:00",46016,46016,46016,46016,-3.,-0.01%,1
"2025-10-17 02:30",46019,46019,46019,46019,-87.,-0.19%,2
"2025-10-17 02:00",46106,46106,46106,46106,-124.,-0.27%,1
"2025-10-17 01:30",46230,46230,46230,46230,-77.,-0.17%,1
"2025-10-17 01:00",46307,46307,46307,46307,18,+0.04%,1
"2025-10-17 00:30",46289,46289,46289,46289,-45.,-0.10%,1
"2025-10-16 23:30",46334,46334,46334,46334,-2.,0.00%,1
"2025-10-16 22:30",46362,46364,46336,46336,-64.,-0.14%,3
"2025-10-16 17:30",46400,46400,46400,46400,-66.,-0.14%,1
"2025-10-16 15:30",46466,46466,46466,46466,-24.,-0.05%,1
"2025-10-16 14:30",46378,46490,46378,46490,69,+0.15%,3
"2025-10-16 14:00",46421,46421,46421,46421,-106.,-0.23%,1
"2025-10-16 13:30",46527,46527,46527,46527,151,+0.33%,1
"2025-10-16 13:00",46474,46474,46374,46376,-125.,-0.27%,10
"2025-10-16 11:30",46554,46554,46501,46501,-383.,-0.82%,2
"2025-10-16 10:30",46777,46884,46777,46884,10,+0.02%,2
"2025-10-16 08:30",46932,46932,46874,46874,26,+0.06%,3
"2025-10-16 07:00",46855,46855,46848,46848,-110.,-0.23%,2
"2025-10-16 06:30",46958,46958,46958,46958,110,+0.23%,1
"2025-10-15 21:00",46865,46872,46842,46848,-78.,-0.17%,4
"2025-10-15 17:00",46926,46926,46926,46926,81,+0.17%,2
"2025-10-15 14:00",46845,46845,46845,46845,-40.,-0.09%,1
"2025-10-15 13:30",46885,46885,46885,46885,30,+0.06%,1
"2025-10-15 13:00",46858,46876,46855,46855,42,+0.09%,5
"2025-10-15 12:30",46813,46813,46813,46813,137,+0.29%,2
"2025-10-15 12:00",46813,46813,46600,46676,-215.,-0.46%,14
"2025-10-15 11:30",46916,46916,46890,46891,-41.,-0.09%,3
"2025-10-15 11:00",46932,46932,46932,46932,-9.,-0.02%,1
"2025-10-15 10:30",46941,46941,46941,46941,-309.,-0.65%,1
"2025-10-15 09:00",47229,47250,47228,47250,208,+0.44%,10
"2025-10-15 08:30",47093,47110,47042,47042,-30.,-0.06%,6
"2025-10-15 07:30",47072,47072,47072,47072,-3.,-0.01%,1
"2025-10-15 07:00",47091,47104,47075,47075,25,+0.05%,6
"2025-10-15 06:00",47050,47050,47050,47050,6,+0.01%,1
"2025-10-15 05:30",47044,47044,47044,47044,6,+0.01%,1
"2025-10-15 04:00",47038,47038,47038,47038,106,+0.23%,1
"2025-10-14 23:30",46932,46932,46932,46932,49,+0.10%,1
"2025-10-14 22:00",46901,46901,46883,46883,-29.,-0.06%,2
"2025-10-14 21:00",46900,46912,46899,46912,74,+0.16%,6
"2025-10-14 19:30",46838,46838,46838,46838,67,+0.14%,1
"2025-10-14 14:30",46930,46930,46771,46771,-288.,-0.61%,14
"2025-10-14 14:00",47059,47059,47059,47059,55,+0.12%,4
"2025-10-14 13:30",47030,47030,46994,47004,-18.,-0.04%,4
"2025-10-14 13:00",47022,47022,47022,47022,-37.,-0.08%,1
"2025-10-14 12:30",46976,47081,46976,47059,58,+0.12%,6
"2025-10-14 12:00",46872,47011,46872,47001,65,+0.14%,10
"2025-10-14 11:30",46891,46936,46889,46936,56,+0.12%,3
"2025-10-14 11:00",46776,46880,46776,46880,92,+0.20%,3
"2025-10-14 10:30",46667,46788,46667,46788,258,+0.55%,12
"2025-10-14 09:30",46530,46530,46530,46530,92,+0.20%,1
"2025-10-14 09:00",46286,46446,46286,46438,188,+0.41%,12
"2025-10-14 08:30",46080,46250,46064,46250,0,0.00%,6
"2025-10-14 08:00",46305,46305,46250,46250,-15.,-0.03%,3
"2025-10-14 07:30",46265,46265,46265,46265,-37.,-0.08%,1
"2025-10-14 07:00",46302,46302,46302,46302,-82.,-0.18%,1
"2025-10-14 06:00",46330,46441,46330,46384,93,+0.20%,16
"2025-10-14 05:30",46330,46330,46284,46291,-86.,-0.19%,3
"2025-10-14 05:00",46355,46377,46355,46377,-88.,-0.19%,2
"2025-10-14 04:00",46465,46465,46465,46465,34,+0.07%,1
"2025-10-14 03:30",46431,46431,46431,46431,57,+0.12%,1
"2025-10-14 03:00",46374,46374,46374,46374,68,+0.15%,1
"2025-10-14 02:30",46435,46435,46306,46306,-78.,-0.17%,12
"2025-10-14 02:00",46384,46384,46384,46384,-52.,-0.11%,1
"2025-10-14 01:30",46480,46480,46436,46436,-4.,-0.01%,2
"2025-10-14 00:30",46526,46526,46385,46440,-115.,-0.25%,6
"2025-10-13 23:30",46542,46555,46542,46555,7,+0.02%,2
"2025-10-13 23:00",46605,46605,46548,46548,-104.,-0.22%,3
"2025-10-13 22:00",46652,46652,46652,46652,37,+0.08%,1
"2025-10-13 15:00",46615,46615,46615,46615,2,0.00%,1
"2025-10-13 14:00",46613,46613,46613,46613,62,+0.13%,1
"2025-10-13 13:30",46640,46640,46551,46551,-79.,-0.17%,8
"2025-10-13 13:00",46630,46630,46630,46630,10,+0.02%,1
"2025-10-13 12:30",46590,46620,46590,46620,-27.,-0.06%,3
"2025-10-13 11:30",46647,46647,46647,46647,8,+0.02%,1
"2025-10-13 11:00",46639,46639,46639,46639,8,+0.02%,1
"2025-10-13 10:30",46647,46673,46631,46631,-2.,0.00%,4
"2025-10-13 10:00",46444,46633,46432,46633,183,+0.39%,15
"2025-10-13 09:30",46469,46550,46450,46450,18,+0.04%,6
"2025-10-13 09:00",46487,46544,46412,46432,-126.,-0.27%,20
"2025-10-13 08:30",46502,46558,46420,46558,124,+0.27%,18
"2025-10-13 07:30",46440,46440,46434,46434,84,+0.18%,2
"2025-10-13 07:00",46350,46350,46350,46350,-20.,-0.04%,1
"2025-10-13 06:00",46370,46370,46370,46370,-100.,-0.22%,1
"2025-10-13 00:30",46470,46470,46470,46470,44,+0.09%,1
"2025-10-12 23:00",46426,46426,46426,46426,-43.,-0.09%,1
"2025-10-12 21:00",46469,46469,46469,46469,30,+0.06%,1
"2025-10-12 20:30",46439,46439,46439,46439,39,+0.08%,1
"2025-10-12 20:00",46400,46400,46400,46400,20,+0.04%,2
"2025-10-12 19:00",46386,46400,46380,46380,-41.,-0.09%,5
"2025-10-12 18:30",46378,46421,46364,46421,-17.,-0.04%,8
"2025-10-12 17:00",46465,46465,46415,46438,587,+1.28%,8
"2025-10-10 15:30",45851,45851,45851,45851,-261.,-0.57%,1
"2025-10-10 15:00",46100,46112,46100,46112,12,+0.03%,11
"2025-10-10 14:30",46180,46180,46069,46100,-70.,-0.15%,36
"2025-10-10 14:00",46228,46250,46170,46170,-68.,-0.15%,17
"2025-10-10 13:30",46238,46238,46238,46238,-164.,-0.35%,10
"2025-10-10 12:30",46383,46402,46383,46402,81,+0.17%,2
"2025-10-10 12:00",46299,46324,46299,46321,-134.,-0.29%,7
"2025-10-10 11:30",46493,46525,46455,46455,-35.,-0.08%,7
"2025-10-10 10:30",46461,46530,46461,46490,-14.,-0.03%,23
"2025-10-10 10:00",46731,46826,46504,46504,-317.,-0.68%,139
"2025-10-10 09:30",46922,46922,46821,46821,-304.,-0.65%,8
"2025-10-10 09:00",47122,47125,47050,47125,30,+0.06%,7
"2025-10-10 08:30",47200,47200,47095,47095,-2.,0.00%,3
"2025-10-10 08:00",47097,47097,47097,47097,222,+0.47%,1
"2025-10-09 13:00",46875,46875,46875,46875,-62.,-0.13%,1
"2025-10-09 12:30",46952,46952,46937,46937,7,+0.01%,2
"2025-10-09 12:00",46900,46930,46900,46930,-11.,-0.02%,2
"2025-10-09 11:30",46961,46961,46941,46941,-63.,-0.13%,2
"2025-10-09 11:00",46994,47004,46994,47004,-42.,-0.09%,6
"2025-10-09 10:30",46985,47046,46980,47046,81,+0.17%,6
"2025-10-09 09:30",46987,46987,46965,46965,-41.,-0.09%,2
"2025-10-09 09:00",47051,47051,47006,47006,-76.,-0.16%,4
"2025-10-09 08:30",47232,47286,47082,47082,-132.,-0.28%,25
"2025-10-09 01:30",47210,47214,47210,47214,-16.,-0.03%,2
"2025-10-09 01:00",47250,47250,47230,47230,-3.,-0.01%,2
"2025-10-09 00:30",47228,47241,47228,47233,40,+0.08%,5
"2025-10-08 23:00",47181,47193,47181,47193,36,+0.08%,4
"2025-10-08 22:30",47181,47181,47157,47157,-67.,-0.14%,2
"2025-10-08 22:00",47229,47229,47224,47224,3,+0.01%,2
"2025-10-08 21:00",47221,47221,47221,47221,-44.,-0.09%,1
"2025-10-08 20:00",47265,47265,47265,47265,38,+0.08%,1
"2025-10-08 14:30",47240,47240,47227,47227,-21.,-0.04%,2
"2025-10-08 14:00",47248,47249,47248,47248,-71.,-0.15%,4
"2025-10-08 12:30",47319,47319,47319,47319,46,+0.10%,1
"2025-10-08 09:00",47143,47273,47143,47273,130,+0.28%,9
"2025-10-08 08:30",47260,47260,47143,47143,-221.,-0.47%,3
"2025-10-08 08:00",47364,47364,47364,47364,32,+0.07%,1
"2025-10-08 07:30",47332,47332,47332,47332,29,+0.06%,1
"2025-10-08 07:00",47316,47316,47303,47303,3,+0.01%,2
"2025-10-08 06:00",47330,47330,47300,47300,-11.,-0.02%,4
"2025-10-08 05:30",47311,47311,47311,47311,48,+0.10%,1
"2025-10-08 04:30",47263,47263,47263,47263,15,+0.03%,1
"2025-10-08 02:00",47248,47248,47248,47248,40,+0.08%,1
"2025-10-08 01:00",47208,47208,47208,47208,-10.,-0.02%,1
"2025-10-08 00:30",47218,47218,47218,47218,-2.,0.00%,1
"2025-10-07 19:30",47220,47220,47220,47220,19,+0.04%,1
"2025-10-07 19:00",47194,47201,47194,47201,-44.,-0.09%,2
"2025-10-07 15:30",47245,47245,47245,47245,47,+0.10%,1
"2025-10-07 14:30",47211,47224,47198,47198,59,+0.13%,3
"2025-10-07 13:00",47115,47141,47115,47139,-3.,-0.01%,5
"2025-10-07 12:30",47142,47142,47142,47142,-39.,-0.08%,1
"2025-10-07 12:00",47190,47190,47181,47181,26,+0.06%,2
"2025-10-07 11:30",47147,47198,47147,47155,47,+0.10%,6
"2025-10-07 11:00",47066,47108,47066,47108,-43.,-0.09%,4
"2025-10-07 10:30",47171,47171,47145,47151,-59.,-0.12%,11
"2025-10-07 10:00",47207,47222,47195,47210,-54.,-0.11%,8
"2025-10-07 09:30",47221,47264,47221,47264,38,+0.08%,8
"2025-10-07 09:00",47291,47291,47226,47226,-140.,-0.30%,9
"2025-10-07 08:30",47410,47482,47366,47366,-33.,-0.07%,4
"2025-10-07 08:00",47399,47399,47399,47399,45,+0.10%,1
"2025-10-07 05:30",47354,47354,47354,47354,24,+0.05%,1
"2025-10-07 05:00",47330,47330,47330,47330,82,+0.17%,2
"2025-10-07 04:30",47248,47248,47248,47248,-4.,-0.01%,1
"2025-10-07 00:30",47250,47252,47250,47252,-74.,-0.16%,3
"2025-10-06 12:30",47330,47330,47326,47326,55,+0.12%,5
"2025-10-06 11:00",47271,47271,47271,47271,-56.,-0.12%,1
"2025-10-06 10:00",47327,47327,47327,47327,63,+0.13%,1
"2025-10-06 09:30",47262,47264,47261,47264,89,+0.19%,4
"2025-10-06 09:00",47141,47175,47089,47175,-125.,-0.26%,26
"2025-10-06 08:30",47381,47381,47300,47300,-154.,-0.32%,3
"2025-10-03 13:30",47454,47454,47454,47454,-51.,-0.11%,1
"2025-10-03 13:00",47505,47505,47505,47505,-8.,-0.02%,1
"2025-10-03 12:30",47513,47513,47513,47513,-148.,-0.31%,1
"2025-10-03 11:30",47643,47661,47643,47661,26,+0.05%,3
"2025-10-03 11:00",47614,47665,47614,47635,61,+0.13%,9
"2025-10-03 10:30",47483,47574,47483,47574,66,+0.14%,2
"2025-10-03 10:00",47508,47508,47508,47508,-53.,-0.11%,1
"2025-10-03 09:30",47550,47595,47550,47561,70,+0.15%,9
"2025-10-03 09:00",47491,47491,47491,47491,105,+0.22%,1
"2025-10-03 08:30",47318,47419,47310,47386,146,+0.31%,30
"2025-10-03 00:30",47240,47240,47240,47240,-18.,-0.04%,1
"2025-10-02 23:30",47258,47258,47258,47258,14,+0.03%,1
"2025-10-02 22:30",47244,47244,47244,47244,85,+0.18%,1
"2025-10-02 15:30",47159,47159,47159,47159,-63.,-0.13%,1
"2025-10-02 13:30",47202,47222,47202,47222,72,+0.15%,2
"2025-10-02 13:00",47150,47150,47150,47150,28,+0.06%,1
"2025-10-02 12:30",47120,47125,47120,47122,81,+0.17%,3
"2025-10-02 11:30",47041,47041,47041,47041,86,+0.18%,1
"2025-10-02 10:00",46955,46955,46955,46955,-36.,-0.08%,1
"2025-10-02 09:30",47012,47012,46979,46991,-17.,-0.04%,6
"2025-10-02 09:00",47002,47008,47002,47008,-205.,-0.43%,3
"2025-10-02 08:30",47129,47213,47129,47213,139,+0.30%,3
"2025-10-02 07:00",47074,47074,47074,47074,26,+0.06%,1
"2025-10-01 15:30",47048,47048,47048,47048,-25.,-0.05%,1
"2025-10-01 15:00",47073,47073,47073,47073,-42.,-0.09%,1
"2025-10-01 14:00",47115,47115,47115,47115,73,+0.16%,2
"2025-10-01 12:30",47042,47042,47042,47042,-7.,-0.01%,1
"2025-10-01 12:00",47049,47049,47049,47049,39,+0.08%,1
"2025-10-01 11:30",47010,47010,47010,47010,-41.,-0.09%,1
"2025-10-01 11:00",47051,47051,47051,47051,-85.,-0.18%,1
"2025-10-01 10:30",47130,47148,47130,47136,104,+0.22%,7
"2025-10-01 10:00",47032,47032,47032,47032,32,+0.07%,1
"2025-10-01 09:30",47018,47018,47000,47000,-2.,0.00%,2
"2025-10-01 09:00",47002,47002,47002,47002,33,+0.07%,1
"2025-10-01 08:30",47080,47080,46969,46969,59,+0.13%,8
"2025-10-01 08:00",46901,46910,46901,46910,4,+0.01%,10
"2025-10-01 07:00",46906,46906,46906,46906,135,+0.29%,1
"2025-10-01 01:30",46771,46771,46771,46771,-222.,-0.47%,1
"2025-09-30 19:00",46993,46993,46993,46993,-30.,-0.06%,1
"2025-09-30 15:00",47023,47023,47023,47023,96,+0.20%,1
"2025-09-30 13:30",46927,46927,46927,46927,21,+0.04%,1
"2025-09-30 13:00",46906,46906,46906,46906,53,+0.11%,1
"2025-09-30 12:00",46853,46853,46853,46853,-19.,-0.04%,1
"2025-09-30 11:30",46897,46897,46872,46872,-4.,-0.01%,2
"2025-09-30 11:00",46876,46876,46876,46876,38,+0.08%,1
"2025-09-30 10:00",46877,46877,46838,46838,-39.,-0.08%,2
"2025-09-30 09:30",46890,46890,46877,46877,-67.,-0.14%,7
"2025-09-30 09:00",46954,46954,46944,46944,-26.,-0.06%,2
"2025-09-30 08:30",46972,46972,46970,46970,-17.,-0.04%,3
"2025-09-29 14:30",46987,46987,46987,46987,67,+0.14%,1
"2025-09-29 13:00",46920,46920,46920,46920,44,+0.09%,1
"2025-09-29 09:00",46872,46909,46872,46876,-34.,-0.07%,9
"2025-09-29 08:30",46936,46936,46910,46910,-197.,-0.42%,2
"2025-09-29 07:30",47107,47107,47107,47107,27,+0.06%,1
"2025-09-29 07:00",47080,47080,47080,47080,65,+0.14%,1
"2025-09-29 00:30",47017,47017,47015,47015,-38.,-0.08%,2
"2025-09-29 00:00",47052,47053,47052,47053,56,+0.12%,2
"2025-09-28 20:30",47005,47005,46997,46997,9,+0.02%,2
"2025-09-28 19:30",46988,46988,46988,46988,19,+0.04%,1
"2025-09-28 17:30",46969,46969,46969,46969,19,+0.04%,1
"2025-09-26 15:00",46950,46950,46950,46950,38,+0.08%,1
"2025-09-26 14:30",46912,46912,46912,46912,-23.,-0.05%,2
"2025-09-26 13:00",46935,46935,46935,46935,20,+0.04%,1
"2025-09-26 11:30",46923,46923,46907,46915,54,+0.12%,4
"2025-09-26 11:00",46856,46861,46856,46861,64,+0.14%,2
"2025-09-26 10:30",46797,46797,46797,46797,41,+0.09%,1
"2025-09-26 10:00",46756,46756,46756,46756,-63.,-0.13%,1
"2025-09-26 09:00",47000,47023,46794,46819,-148.,-0.32%,11
"2025-09-26 08:30",46795,46994,46795,46967,108,+0.23%,35
"2025-09-26 07:30",46781,46859,46766,46859,188,+0.40%,7
"2025-09-26 06:00",46671,46671,46671,46671,-32.,-0.07%,1
"2025-09-26 03:30",46699,46703,46699,46703,6,+0.01%,2
"2025-09-26 02:00",46697,46697,46697,46697,-4.,-0.01%,1
"2025-09-26 01:30",46701,46701,46701,46701,-4.,-0.01%,1
"2025-09-26 01:00",46705,46705,46705,46705,63,+0.14%,1
"2025-09-25 14:30",46593,46642,46593,46642,42,+0.09%,3
"2025-09-25 14:00",46609,46609,46600,46600,-34.,-0.07%,2
"2025-09-25 13:30",46598,46634,46598,46634,39,+0.08%,10
"2025-09-25 13:00",46456,46595,46456,46595,48,+0.10%,3
"2025-09-25 12:30",46551,46551,46544,46547,-141.,-0.30%,5
"2025-09-25 12:00",46646,46693,46646,46688,-8.,-0.02%,6
"2025-09-25 11:30",46696,46696,46696,46696,-33.,-0.07%,1
"2025-09-25 11:00",46729,46729,46729,46729,17,+0.04%,1
"2025-09-25 10:30",46712,46712,46712,46712,79,+0.17%,1
"2025-09-25 10:00",46732,46736,46633,46633,-107.,-0.23%,7
"2025-09-25 09:00",46648,46740,46648,46740,108,+0.23%,2
"2025-09-25 08:30",46720,46720,46632,46632,-18.,-0.04%,10
"2025-09-25 08:00",46650,46650,46650,46650,-96.,-0.21%,1
"2025-09-25 06:30",46746,46746,46746,46746,-114.,-0.24%,1
"2025-09-24 20:30",46860,46860,46860,46860,61,+0.13%,1
"2025-09-24 15:00",46804,46804,46799,46799,-94.,-0.20%,20
"2025-09-24 12:00",46893,46893,46893,46893,-23.,-0.05%,1
"2025-09-24 10:30",46916,46916,46916,46916,-84.,-0.18%,1
"2025-09-24 08:30",47110,47120,47000,47000,-6.,-0.01%,23
"2025-09-23 15:30",47006,47006,47006,47006,60,+0.13%,1
"2025-09-23 12:30",46946,46946,46946,46946,-154.,-0.33%,1
"2025-09-23 11:30",47100,47100,47100,47100,-82.,-0.17%,1
"2025-09-23 10:30",47200,47200,47182,47182,-42.,-0.09%,2
"2025-09-23 10:00",47267,47267,47224,47224,-46.,-0.10%,3
"2025-09-23 09:30",47270,47270,47270,47270,-30.,-0.06%,1
"2025-09-23 09:00",47370,47400,47300,47300,-20.,-0.04%,18
"2025-09-23 08:30",47187,47320,47187,47320,245,+0.52%,4
"2025-09-22 13:00",47075,47075,47075,47075,7,+0.01%,1
"2025-09-22 12:00",47068,47068,47068,47068,111,+0.24%,1
"2025-09-22 09:30",46957,46957,46957,46957,157,+0.34%,1
"2025-09-22 08:30",46800,46800,46800,46800,-47.,-0.10%,1
"2025-09-22 07:00",46847,46847,46847,46847,-61.,-0.13%,1
"2025-09-21 22:00",46908,46908,46908,46908,1,0.00%,1
"2025-09-21 20:00",46907,46907,46907,46907,-57.,-0.12%,1
"2025-09-21 17:30",46964,46964,46964,46964,-58.,-0.12%,1
"2025-09-19 14:30",47022,47022,47022,47022,173,+0.37%,1
"2025-09-19 08:30",46849,46849,46849,46849,-165.,-0.35%,1
"2025-09-19 08:00",47014,47014,47014,47014,121,+0.26%,4
"2025-09-18 15:30",46893,46893,46893,46893,-10.,-0.02%,1
"2025-09-18 12:30",46903,46903,46903,46903,-79.,-0.17%,4
"2025-09-18 09:00",46983,46983,46981,46982,-1.,0.00%,6
"2025-09-18 03:00",46983,46983,46983,46983,242,+0.52%,1
"2025-09-17 15:00",46741,46741,46741,46741,75,+0.16%,1
"2025-09-17 13:30",46666,46666,46666,46666,-171.,-0.37%,6
"2025-09-17 13:00",46837,46837,46837,46837,171,+0.37%,1
"2025-09-17 11:30",46666,46666,46666,46666,-107.,-0.23%,19
"2025-09-17 10:00",46785,46785,46773,46773,107,+0.23%,18
"2025-09-17 09:00",46715,46715,46666,46666,-55.,-0.12%,26
"2025-09-17 08:30",46685,46738,46662,46721,235,+0.51%,56
"2025-09-17 03:00",46486,46486,46486,46486,-27.,-0.06%,1
"2025-09-17 02:00",46513,46513,46513,46513,-99.,-0.21%,1
"2025-09-15 14:30",46612,46612,46612,46612,62,+0.13%,5
"2025-09-15 10:30",46550,46550,46550,46550,-30.,-0.06%,2
"2025-09-15 09:00",46567,46580,46567,46580,-52.,-0.11%,5
"2025-09-12 09:30",46632,46632,46632,46632,-168.,-0.36%,3
"2025-09-11 13:30",46800,46800,46800,46800,-28.,-0.06%,2
"2025-09-11 13:00",46828,46828,46828,46828,51,+0.11%,8
"2025-09-11 10:00",46777,46777,46777,46777,11,+0.02%,1
"2025-09-11 09:30",46766,46766,46766,46766,66,+0.14%,1
"2025-09-11 09:00",46641,46700,46641,46700,320,+0.69%,4
"2025-09-09 12:00",46380,46380,46380,46380,55,+0.12%,3
"2025-09-09 01:30",46325,46325,46325,46325,258,+0.56%,1
"2025-09-08 09:00",46067,46067,46067,46067,-51.,-0.11%,1
"2025-09-08 08:30",46118,46118,46118,46118,18,+0.04%,4
"2025-09-05 12:00",46100,46100,46100,46100,-400.,-0.86%,1
"2025-09-05 08:30",46500,46500,46500,46500,144,+0.31%,1
"2025-09-05 06:30",46376,46376,46354,46356,131,+0.28%,19
"2025-09-04 12:00",46225,46225,46225,46225,15,+0.03%,1
"2025-09-04 11:30",46210,46210,46210,46210,205,+0.45%,1
"2025-09-04 05:00",46005,46005,46005,46005,5,+0.01%,1
"2025-09-04 00:00",46000,46000,46000,46000,123,+0.27%,1
"2025-09-03 08:30",46000,46000,45877,45877,30,+0.07%,2
"2025-09-02 10:00",45847,45847,45847,45847,-41.,-0.09%,1
"2025-09-02 09:30",45888,45888,45888,45888,-79.,-0.17%,1
"2025-09-02 09:00",46000,46000,45967,45967,50,+0.11%,2
"2025-09-02 08:30",45820,45917,45800,45917,0,0.00%,4
"2025-09-02 08:00",45917,45917,45917,45917,-83.,-0.18%,1
"2025-09-02 02:30",46000,46000,46000,46000,-300.,-0.65%,1
"2025-08-31 22:00",46300,46300,46300,46300,-57.,-0.12%,1
"2025-08-31 19:30",46357,46357,46357,46357,82,+0.18%,1
"2025-08-29 12:30",46275,46275,46275,46275,150,+0.33%,1
"2025-08-25 12:00",46125,46125,46125,46125,-225.,-0.49%,1
"2025-08-25 01:30",46350,46350,46350,46350,-100.,-0.22%,1
"2025-08-22 11:00",46567,46567,46376,46450,50,+0.11%,5
"2025-08-22 10:00",46400,46400,46400,46400,-60.,-0.13%,1
"2025-08-22 09:30",46460,46460,46460,46460,956,+2.10%,1
"2025-08-21 14:30",45473,45504,45473,45504,-96.,-0.21%,2
"2025-08-21 10:30",45600,45600,45600,45600,-25.,-0.05%,15
"2025-08-13 09:00",45625,45625,45625,45625,370,+0.82%,1
"2025-08-13 02:00",45255,45255,45255,45255,176,+0.39%,1
"2025-08-12 09:30",45079,45079,45079,45079,-177.,-0.39%,1
"2025-08-12 09:00",45257,45257,45256,45256,479,+1.07%,2
"2025-08-12 07:00",44777,44777,44777,44777,-122.,-0.27%,1
"2025-08-08 09:30",44899,44899,44899,44899,-101.,-0.22%,10
"2025-08-04 15:30",45000,45000,45000,45000,675,+1.52%,1
"2025-08-01 08:30",44325,44325,44325,44325,-780.,-1.73%,1
"2025-07-30 14:00",45105,45105,45105,45105,-364.,-0.80%,1
"2025-07-23 02:00",45469,45469,45469,45469,294,+0.65%,1
"2025-07-22 09:30",45175,45175,45175,45175,-233.,-0.51%,1
"2025-07-21 10:30",45408,45408,45408,45408,20,+0.04%,1
"2025-07-17 13:00",45388,45388,45388,45388,150,+0.33%,5
"2025-07-17 08:30",45238,45238,45238,45238,233,+0.52%,5
"2025-07-15 11:30",45005,45005,45005,45005,-295.,-0.65%,1
"2025-07-14 17:00",45300,45300,45300,45300,300,+0.67%,1
"2025-07-14 00:30",45000,45000,45000,45000,-368.,-0.81%,1
"2025-07-09 08:30",45368,45368,45368,45368,-400.,-0.87%,3
"2025-07-03 09:30",45768,45768,45768,45768,168,+0.37%,5
"2025-07-03 08:30",45600,45600,45600,45600,46,+0.10%,5
"2025-07-02 02:00",45554,45554,45554,45554,81,+0.18%,1
"2025-07-01 20:30",45473,45473,45473,45473,419,+0.93%,1
"2025-07-01 08:30",45054,45054,45054,45054,254,+0.57%,1
"2025-06-27 10:30",44800,44800,44800,44800,462,+1.04%,5
"2025-06-26 14:30",44338,44338,44338,44338,438,+1.00%,10
"2025-06-25 11:30",43900,43900,43900,43900,475,+1.09%,10
"2025-06-23 14:30",43425,43425,43425,43425,420,+0.98%,1
"2025-06-23 11:30",43005,43005,43005,43005,-195.,-0.45%,1
"2025-06-23 08:30",43200,43200,43200,43200,195,+0.45%,1
"2025-06-19 01:00",43005,43005,43005,43005,1117,+2.67%,1
"2025-04-14 08:00",41888,41888,41888,41888,-1508.,-3.47%,1
"Downloaded from Barchart.com as of 03-05-2026 06:00am CST"
